tree
version=v4
num_class=3
num_tree_per_iteration=3
label_index=0
max_feature_idx=14
objective=multiclass num_class:3
feature_names=Column_0 Column_1 Column_2 Column_3 Column_4 Column_5 Column_6 Column_7 Column_8 Column_9 Column_10 Column_11 Column_12 Column_13 Column_14
feature_infos=[0.0023429850116372108:0.97225707769393921] [0.010098043829202652:0.9727407693862915] [0.0031697128433734179:0.98247754573822021] [0.0079705333337187767:0.94766497611999512] [0.014120115898549557:0.92862617969512939] [0.012869371101260185:0.95848721265792847] [0.026366731151938438:0.86619460582733154] [0.033245272934436798:0.85943704843521118] [0.01936548575758934:0.89950621128082275] [0.049470413476228714:0.80809301137924194] [0.034294024109840393:0.80787575244903564] [0.055234130471944809:0.80906844139099121] [0.07838808000087738:0.79596757888793945] [0.036955855786800385:0.7153899073600769] [0.089891009032726288:0.74296152591705322]
tree_sizes=886 899 882 908 907 909 910 915 914 910 915 913 911 913 906 914 910 912 911 914 913 916 910 906 911 915 911 911 908 912 910 914 913 911 913 906 910 910 914 910 910 912 910 912 913 912 907 916 910 917 918 915 912 914 915 916 916 908 920 915 914 918 918 907 917 920 916 919 922 921 920 916 916 919 915 922 923 913 922 920 919 919 917 917 922 915 920 916 923 919 917 917 923 921 925 918 922 926 921 921 920 919 921 922 924 927 928 922 929 929 922 923 929 924 927 929 925 923 930 924 922 923 928 928 923 926 928 927 918 919 925 927 929 927 919 927 926 924 922 929 923 924 923 923

Tree=0
num_leaves=7
num_cat=0
split_feature=0 0 0 13 4 7
split_gain=18281.9 2937.59 2567.14 933.739 899.421 451.164
threshold=0.47496134042739874 0.29270988702774053 0.69757536053657543 0.26920221745967871 0.25380764901638037 0.18485227227211001
decision_type=2 2 2 2 2 2
left_child=1 4 5 -3 -1 -2
right_child=2 3 -4 -5 -6 -7
leaf_value=-1.7009209037982413 -1.6408035294736205 -1.6744837847202019 -1.6119053103773742 -1.6982507137448 -1.7181736597421617 -1.6641418434911424
leaf_weight=10161.959091156721 2908.6587527543306 6702.6789229363203 4469.5781701058149 10777.412463963032 29436.635074988008 7188.6934920251369
leaf_count=45142 12921 29775 19855 47876 130765 31934
internal_value=-1.69345 -1.70621 -1.64345 -1.68914 -1.71375 -1.65742
internal_weight=71645.6 57078.7 14566.9 17480.1 39598.6 10097.4
internal_count=318268 253558 64710 77651 175907 44855
is_linear=0
shrinkage=1


Tree=1
num_leaves=7
num_cat=0
split_feature=1 1 4 1 13 1
split_gain=28861.4 3162.32 2969.5 779.862 632.508 387.83
threshold=0.30443945527076727 0.17700649797916415 0.39171877503395086 0.092812445014715209 0.33052019774913793 0.63116282224655162
decision_type=2 2 2 2 2 2
left_child=1 3 4 -1 -2 -4
right_child=2 -3 5 -5 -6 -7
leaf_value=-0.48541127563640518 -0.42195844458294701 -0.44374072975326484 -0.39992162829446604 -0.46466208099104922 -0.40786589939399748 -0.38941179306494839
leaf_weight=6798.9937555789948 17014.792399406433 20410.556176900864 16480.959057211876 13560.656508207321 14964.980964660645 18780.548838973045
leaf_count=20034 50136 60142 48563 39958 44096 55339
internal_value=-0.424456 -0.457649 -0.40433 -0.471591 -0.415364 -0.394324
internal_weight=108011 40770.2 67241.3 20359.7 31979.8 35261.5
internal_count=318268 120134 198134 59992 94232 103902
is_linear=0
shrinkage=1


Tree=2
num_leaves=7
num_cat=0
split_feature=2 2 2 4 4 2
split_gain=18772.7 3119.33 2973.43 1044.47 983.972 570.493
threshold=0.47562047839164739 0.76477015018463146 0.25898602604866033 0.23768982291221621 0.2485054284334183 0.61886966228485119
decision_type=2 2 2 2 2 2
left_child=2 5 4 -4 -1 -2
right_child=1 -3 3 -5 -6 -7
leaf_value=-1.8263569509322353 -1.7866789040940871 -1.7144637076078979 -1.7982890114732371 -1.8244372333853107 -1.845781885620762 -1.761159242662065
leaf_weight=8583.1874176114798 5597.3679327964783 2578.3568380773067 5679.0233657509089 11660.43655179441 27112.861813008785 3597.5225286930799
leaf_count=42151 27488 12662 27889 57263 133148 17667
internal_value=-1.82018 -1.76307 -1.83286 -1.81587 -1.84111 -1.77669
internal_weight=64808.8 11773.2 53035.5 17339.5 35696 9194.89
internal_count=318268 57817 260451 85152 175299 45155
is_linear=0
shrinkage=1


Tree=3
num_leaves=7
num_cat=0
split_feature=0 0 9 4 7 0
split_gain=16135.8 2927.64 1873.94 617.548 545.088 541.809
threshold=0.41540257632732397 0.65444999933242809 0.32366628944873815 0.41540111601352697 0.21752292662858966 0.8291863501071931
decision_type=2 2 2 2 2 2
left_child=2 4 -1 -4 -2 -3
right_child=1 5 3 -5 -6 -7
leaf_value=-0.02135773320783884 0.039603905736873057 0.058398016589036018 0.0046651164893475412 -0.016630795539168068 0.018245608051461512 0.092806273869231681
leaf_weight=34744.705714195967 4463.3412337899208 4750.6382248401642 12456.241230666637 4684.4638299047947 9032.8379511088133 1507.0278829187155
leaf_count=157086 19086 19855 55141 21369 39538 6193
internal_value=-4.18743e-05 0.0384161 -0.0146836 -0.00115494 0.025309 0.0666845
internal_weight=71639.3 19753.8 51885.4 17140.7 13496.2 6257.67
internal_count=318268 84672 233596 76510 58624 26048
is_linear=0
shrinkage=0.05


Tree=4
num_leaves=7
num_cat=0
split_feature=1 4 4 1 1 12
split_gain=25511.9 3066.9 2397.7 570.264 517.544 500.236
threshold=0.31753993034362799 0.15551832318305972 0.39871875941753393 0.081251800060272231 0.23527671396732333 0.37515959143638616
decision_type=2 2 2 2 2 2
left_child=1 3 5 -1 -3 -2
right_child=2 4 -4 -5 -6 -7
leaf_value=-0.058682161783344067 0.0137646035999726 -0.02538759414675636 0.029327343398031242 -0.039258038602720077 -0.010857858078797163 -0.00075380133646955113
leaf_weight=5197.8265255987644 22967.45545783639 11771.035643666983 33407.12694299221 13839.126659244299 12785.901183873415 7999.4875401854515
leaf_count=14879 68142 34171 100075 39959 37407 23635
internal_value=3.5823e-05 -0.0294991 0.0200368 -0.0445616 -0.0178225 0.0100142
internal_weight=107968 43593.9 64374.1 19037 24556.9 30966.9
internal_count=318268 126416 191852 54838 71578 91777
is_linear=0
shrinkage=0.05


Tree=5
num_leaves=7
num_cat=0
split_feature=2 2 2 4 4 2
split_gain=16398.3 2940.24 2012.28 906.54 760.851 669.736
threshold=0.42972128093242651 0.69500404596328746 0.25898602604866033 0.26841160655021673 0.23768982291221621 0.82295492291450512
decision_type=2 2 2 2 2 2
left_child=2 -2 3 -1 -4 -3
right_child=1 5 4 -5 -6 -7
leaf_value=-0.007421385615411333 0.031402781282256556 0.06465462928557332 0.018345693940108307 -0.025364203491034371 -0.0060463963568824315 0.10453384829358857
leaf_weight=9765.7007637470961 10526.41843546927 2770.2266729474068 4662.5775148719549 25217.468510940671 10170.835416376591 1698.2058886289597
leaf_count=47928 50113 12647 22354 127371 50299 7556
internal_value=-1.33915e-05 0.0458282 -0.0138118 -0.0203554 0.00162075 0.0798105
internal_weight=64811.4 14994.9 49816.6 34983.2 14833.4 4468.43
internal_count=318268 70316 247952 175299 72653 20203
is_linear=0
shrinkage=0.05


Tree=6
num_leaves=7
num_cat=0
split_feature=0 0 9 4 7 0
split_gain=14304.9 2350.47 1760.65 615.358 448.78 445.766
threshold=0.41540257632732397 0.66259133815765392 0.31273707747459417 0.27185951173305517 0.21752292662858966 0.25101673603057867
decision_type=2 2 2 2 2 2
left_child=2 4 5 -4 -2 -1
right_child=1 -3 3 -5 -6 -7
leaf_value=-0.024787464035759165 0.036427689723266675 0.060684093894152663 0.0077238648890058 -0.010282998839127805 0.017590004969138939 -0.01121645022245866
leaf_weight=23886.086181253195 4785.1554348021746 6315.1847163885832 8619.3083788305521 10553.970192909241 9319.0278081148863 8103.8368315696716
leaf_count=110600 19699 24788 37579 48301 40185 37116
internal_value=-4.83178e-05 0.0353324 -0.0141689 -0.00218805 0.0239811 -0.0213496
internal_weight=71582.6 20419.4 51163.2 19173.3 14104.2 31989.9
internal_count=318268 84672 233596 85880 59884 147716
is_linear=0
shrinkage=0.05


Tree=7
num_leaves=7
num_cat=0
split_feature=1 1 1 13 1 13
split_gain=22689.9 2856.38 1978.77 577.803 564.818 430.099
threshold=0.3252433985471726 0.17700649797916415 0.49811832606792456 0.28115114569664007 0.092812445014715209 0.23112351447343829
decision_type=2 2 2 2 2 2
left_child=1 4 3 -2 -1 -3
right_child=2 5 -4 -5 -6 -7
leaf_value=-0.051673252153462371 -0.0022143170800314953 -0.023708360740683523 0.02767617936251044 0.014064156038793818 -0.034415995379042545 -0.0099345288632963821
leaf_weight=7152.1088055968285 7397.0981846153736 9065.6982770562172 34287.448491901159 20722.169185817242 14066.700195789337 15120.39011195302
leaf_count=20034 21869 26144 104248 62064 39958 43951
internal_value=4.7925e-05 -0.0268438 0.0196134 0.00978192 -0.0402328 -0.0150974
internal_weight=107812 45404.9 62406.7 28119.3 21218.8 24186.1
internal_count=318268 130087 188181 83933 59992 70095
is_linear=0
shrinkage=0.05


Tree=8
num_leaves=7
num_cat=0
split_feature=2 2 2 4 4 2
split_gain=14421.1 2310.37 1905.86 860.596 685.847 534.894
threshold=0.42972128093242651 0.68370521068573009 0.23241368681192401 0.2485054284334183 0.26841160655021673 0.82295492291450512
decision_type=2 2 2 2 2 2
left_child=2 -2 4 -4 -1 -3
right_child=1 5 3 -5 -6 -7
leaf_value=-0.0090030799469795562 0.028462749468400956 0.057181840218542494 0.014972263953758745 -0.0081612873702341816 -0.025500772883981379 0.09086968055026956
leaf_weight=8779.6232391893864 10557.026679679751 3222.1425160467625 6044.8640380948782 12003.349948778749 22302.871744737029 1857.6432883888483
leaf_count=43073 48860 13900 28637 60358 115884 7556
internal_value=-2.63729e-05 0.0417945 -0.0133367 -0.000413198 -0.0208408 0.0695013
internal_weight=64767.5 15636.8 49130.7 18048.2 31082.5 5079.79
internal_count=318268 70316 247952 88995 158957 21456
is_linear=0
shrinkage=0.05


Tree=9
num_leaves=7
num_cat=0
split_feature=0 3 9 7 0 0
split_gain=12751.1 2206.27 1433.42 490.761 459.173 362.653
threshold=0.3936069011688233 0.59052810072898876 0.31273707747459417 0.27655789256095892 0.8291863501071931 0.25101673603057867
decision_type=2 2 2 2 2 2
left_child=2 -2 5 -4 -3 -1
right_child=1 4 3 -5 -6 -7
leaf_value=-0.024176241705607383 0.01896481520917696 0.045225744719040298 0.0058185855429858735 -0.010848219675156451 0.074265202920018439 -0.011452058824648918
leaf_weight=23332.599971085787 14636.049456134439 6607.0817656517029 8076.3608173578978 9747.410255536437 1714.4923550188541 7368.1345816403627
leaf_count=110600 61394 25651 35070 45150 6193 34210
internal_value=-4.91962e-05 0.0306524 -0.0145746 -0.00329611 0.0512087 -0.0211225
internal_weight=71482.1 22957.6 48524.5 17823.8 8321.57 30700.7
internal_count=318268 93238 225030 80220 31844 144810
is_linear=0
shrinkage=0.05


Tree=10
num_leaves=7
num_cat=0
split_feature=1 4 4 13 4 1
split_gain=20175.8 2501.46 1925.23 601.595 449.546 445.149
threshold=0.3252433985471726 0.15551832318305972 0.43859118223190313 0.35215660929679876 0.098094858229160323 0.23527671396732333
decision_type=2 2 2 2 2 2
left_child=1 4 3 -2 -1 -3
right_child=2 5 -4 -5 -6 -7
leaf_value=-0.048387339733837208 0.0053441615386829533 -0.021997821129743907 0.029140417899797114 0.018358493685942372 -0.032733706182172917 -0.0089195432871074561
leaf_weight=7272.0935233533382 19619.482706069946 12037.542382150888 25830.196881115437 16221.60036021471 12419.610512256622 14160.291983932257
leaf_count=20101 58788 34171 80142 49251 34785 41030
internal_value=5.42612e-05 -0.0250497 0.0187341 0.0112344 -0.0385146 -0.0149288
internal_weight=107561 45889.5 61671.3 35841.1 19691.7 26197.8
internal_count=318268 130087 188181 108039 54886 75201
is_linear=0
shrinkage=0.05


Tree=11
num_leaves=7
num_cat=0
split_feature=2 2 4 2 2 2
split_gain=12777.4 2137.64 1493.55 714.174 637.43 470.56
threshold=0.40558539330959326 0.66412118077278148 0.25745978951454168 0.25898602604866033 0.17755447328090671 0.83999913930892955
decision_type=2 2 2 2 2 2
left_child=2 -2 4 -4 -1 -3
right_child=1 5 3 -5 -6 -7
leaf_value=-0.012051740607207824 0.023717924124234332 0.051717922927370874 -0.023864970617598097 -0.0069256722549911783 0.0093877161921990179 0.08305228721271922
leaf_weight=6211.7018169015646 11815.234576478601 4316.6963304281235 24494.916917040944 8341.2181108742952 7846.0233626663685 1658.4908446967602
leaf_count=30458 53866 17729 130573 42201 37189 6252
internal_value=-3.58624e-05 0.0360433 -0.0137234 -0.019562 -8.57591e-05 0.0604152
internal_weight=64684.3 17790.4 46893.9 32836.1 14057.7 5975.19
internal_count=318268 77847 240421 172774 67647 23981
is_linear=0
shrinkage=0.05


Tree=12
num_leaves=7
num_cat=0
split_feature=0 0 9 4 7 0
split_gain=11399.7 1861.14 1345.43 434.414 393.597 352.677
threshold=0.3936069011688233 0.64692348241806041 0.31273707747459417 0.43859118223190313 0.21752292662858966 0.25101673603057867
decision_type=2 2 2 2 2 2
left_child=2 4 5 -4 -2 -1
right_child=1 -3 3 -5 -6 -7
leaf_value=-0.02356881757287416 0.030045929646409054 0.048899696284246071 0.001311567639995397 -0.016845831005729225 0.013310138183098964 -0.010920676555868382
leaf_weight=22791.351162970066 5218.0169205069542 7553.6348287314177 13394.898598253727 4368.3779450207949 10752.766429319978 7269.28274063766
leaf_count=110600 20410 27293 58982 21238 45535 34210
internal_value=-4.62505e-05 0.0284501 -0.0140635 -0.00315373 0.0187781 -0.0205102
internal_weight=71348.3 23524.4 47823.9 17763.3 15970.8 30060.6
internal_count=318268 93238 225030 80220 65945 144810
is_linear=0
shrinkage=0.05


Tree=13
num_leaves=7
num_cat=0
split_feature=1 4 4 13 4 1
split_gain=18014.8 2202.13 1790.05 455.249 396.331 394.102
threshold=0.3252433985471726 0.15551832318305972 0.39871875941753393 0.3360444456338883 0.098094858229160323 0.24608794599771502
decision_type=2 2 2 2 2 2
left_child=1 4 3 -2 -1 -3
right_child=2 5 -4 -5 -6 -7
leaf_value=-0.045215387535202052 0.0031626197516045583 -0.019816852497534572 0.026130708616286875 0.015679663910698943 -0.030605719812606826 -0.0075773154920866564
leaf_weight=7365.594016879797 15632.159305214882 13793.019496202469 31754.511604964733 13570.080135643482 12554.651882469654 12571.050839185715
leaf_count=20101 46768 38896 100003 41410 34785 36305
internal_value=5.69685e-05 -0.0234609 0.017914 0.0089792 -0.0360077 -0.0139807
internal_weight=107241 46284.3 60956.8 29202.2 19920.2 26364.1
internal_count=318268 130087 188181 88178 54886 75201
is_linear=0
shrinkage=0.05


Tree=14
num_leaves=7
num_cat=0
split_feature=2 2 4 2 2 2
split_gain=11347.9 1866.22 1317.36 609.189 543.849 510.73
threshold=0.39450432360172277 0.61886966228485119 0.2665908038616181 0.19515921175479892 0.17755447328090671 0.8081016242504121
decision_type=2 2 2 2 2 2
left_child=2 -2 4 -4 -1 -3
right_child=1 5 3 -5 -6 -7
leaf_value=-0.01206863651885756 0.019336366475270782 0.042457246964271417 -0.02557203401513311 -0.01136596992283254 0.0073537991037501129 0.070061344149524599
leaf_weight=6483.2732909023762 11354.662845015526 5333.3662759512663 17662.683255493641 13176.011746168137 8116.2398115992546 2443.2949262559414
leaf_count=32025 51277 21551 97250 69139 38248 8778
internal_value=-4.35107e-05 0.0322601 -0.0136446 -0.0195024 -0.00127121 0.05113
internal_weight=64569.5 19131.3 45438.2 30838.7 14599.5 7776.66
internal_count=318268 81606 236662 166389 70273 30329
is_linear=0
shrinkage=0.05


Tree=15
num_leaves=7
num_cat=0
split_feature=0 3 3 13 0 4
split_gain=10177.8 1610.33 1276.73 693.675 339.116 281.222
threshold=0.39051276445388799 0.58513137698173534 0.25209981203079229 0.27056637406349188 0.8291863501071931 0.27726717293262487
decision_type=2 2 2 2 2 2
left_child=2 -2 5 -4 -3 -1
right_child=1 4 3 -5 -6 -7
leaf_value=-0.013878039337127014 0.016124512112680314 0.037763765887966656 0.0053786097822148904 -0.012260686708270527 0.061488212768234657 -0.025680699744688062
leaf_weight=7380.4648331701756 15086.985670045018 7351.5036881417036 9087.5361689329147 14413.905346691608 1894.3897901177406 15962.654967963696
leaf_count=33702 61531 26752 39959 69403 6255 80634
internal_value=-3.97768e-05 0.0261939 -0.0136666 -0.00543992 0.0426247 -0.021949
internal_weight=71177.4 24332.9 46844.6 23501.4 9245.89 23343.1
internal_count=318236 94538 223698 109362 33007 114336
is_linear=0
shrinkage=0.05


Tree=16
num_leaves=7
num_cat=0
split_feature=1 1 4 13 7 13
split_gain=16145.5 2191.31 1491.02 487.651 433.679 375.646
threshold=0.33822761476039892 0.17700649797916415 0.43859118223190313 0.34310060739517217 0.1585098281502724 0.23112351447343829
decision_type=2 2 2 2 2 2
left_child=1 4 3 -2 -1 -3
right_child=2 5 -4 -5 -6 -7
leaf_value=-0.039455713881438592 0.0050807578843559131 -0.019403946945402196 0.027114005732339019 0.017186480967547026 -0.025379080001641258 -0.0070769190746503285
leaf_weight=11705.387676209211 17217.084878981113 9712.0292450487614 24845.535048037767 16096.341807544231 10274.052050679922 16994.578186959028
leaf_count=31834 52041 27357 80038 49900 28204 48862
internal_value=6.05168e-05 -0.0211829 0.0178438 0.01093 -0.0328757 -0.0115597
internal_weight=106845 48686 58159 33313.4 21979.4 26706.6
internal_count=318236 136257 181979 101941 60038 76219
is_linear=0
shrinkage=0.05


Tree=17
num_leaves=7
num_cat=0
split_feature=2 2 7 2 2 2
split_gain=10065.8 1705.99 1186.46 512.389 474.714 420.17
threshold=0.38395814597606664 0.61886966228485119 0.32725958526134497 0.18862066417932513 0.19515921175479892 0.85725012421607982
decision_type=2 2 2 2 2 2
left_child=2 -2 3 -1 -4 -3
right_child=1 5 4 -5 -6 -7
leaf_value=-0.012392791926895052 0.01726106165115638 0.041433144674304936 -0.025415006652474273 0.0051504621357605458 -0.011986316893547538 0.070975906110637144
leaf_weight=7804.5347154140472 12344.446179255843 6607.7550580203533 16178.432641103864 8918.3047552555799 11094.184485465288 1471.5833361148834
leaf_count=39861 55116 25285 91197 42894 58936 4947
internal_value=-5.64224e-05 0.0289518 -0.0135228 -0.00303696 -0.0199524 0.0468141
internal_weight=64419.2 20423.8 43995.5 16722.8 27272.6 8079.34
internal_count=318236 85348 232888 82755 150133 30232
is_linear=0
shrinkage=0.05


Tree=18
num_leaves=7
num_cat=0
split_feature=3 0 3 1 6 7
split_gain=9174.12 1395.17 1193.71 635.313 419.744 277.05
threshold=0.41650195419788366 0.55930724740028392 0.24841790646314624 0.34865020215511328 0.61976405978202831 0.19149855524301532
decision_type=2 2 2 2 2 2
left_child=2 5 -1 -4 -3 -2
right_child=1 4 3 -5 -6 -7
leaf_value=-0.021539660184921344 0.02561073796623782 0.030853421323917718 0.0051259507965098145 -0.011770766578685185 0.051742218735647827 0.0085508781651259975
leaf_weight=22346.883589074016 3172.8660746365786 8912.3130781799555 8897.4042819738388 14845.380408734083 3293.6683192849159 9521.5802395045757
leaf_count=111927 12198 32174 37853 72423 10909 40752
internal_value=-3.38605e-05 0.0244202 -0.0132454 -0.00543887 0.0364901 0.0128148
internal_weight=70990.1 24900.4 46089.7 23742.8 12206 12694.4
internal_count=318236 96033 222203 110276 43083 52950
is_linear=0
shrinkage=0.05


Tree=19
num_leaves=7
num_cat=0
split_feature=1 4 4 13 4 1
split_gain=14454.8 1966.74 1375.23 451.763 389.691 322.403
threshold=0.33822761476039892 0.16319815814495089 0.43859118223190313 0.37956811487674719 0.098094858229160323 0.24608794599771502
decision_type=2 2 2 2 2 2
left_child=1 4 3 -2 -1 -3
right_child=2 5 -4 -5 -6 -7
leaf_value=-0.040238630873300665 0.0058251037670553497 -0.016767957452715171 0.026086126172338742 0.01783832187312815 -0.026206026969576787 -0.005793154410000452
leaf_weight=7505.3062995672226 20403.973420470953 12397.598469674587 24356.515846967697 12694.956078052521 14517.087594479322 14540.184883892536
leaf_count=20173 62110 34529 80038 39831 39656 41899
internal_value=5.75549e-05 -0.019905 0.0170685 0.0104327 -0.0309884 -0.0108441
internal_weight=106416 48960.2 57455.4 33098.9 22022.4 26937.8
internal_count=318236 136257 181979 101941 59829 76428
is_linear=0
shrinkage=0.05


Tree=20
num_leaves=7
num_cat=0
split_feature=2 2 2 4 4 2
split_gain=8992.62 1435.34 1116.6 638.363 380.08 293.477
threshold=0.38395814597606664 0.66412118077278148 0.19192286580801013 0.24674468487501147 0.26841160655021673 0.53156718611717235
decision_type=2 2 2 2 2 2
left_child=2 5 4 -4 -1 -2
right_child=1 -3 3 -5 -6 -7
leaf_value=-0.01075619666643589 0.012330359708543459 0.045796391216478924 0.0088393331082043704 -0.010411060361917693 -0.024676771946565052 0.027290774925296992
leaf_weight=7014.0141363590956 8958.5652127861977 6776.1946258544922 6265.1776520013809 13775.496482744813 16295.396959334612 5169.9106824547052
leaf_count=35079 40071 23928 28648 74096 95065 21349
internal_value=-5.79098e-05 0.0268781 -0.0130473 -0.00439294 -0.0204879 0.0178047
internal_weight=64254.8 20904.7 43350.1 20040.7 23309.4 14128.5
internal_count=318236 85348 232888 102744 130144 61420
is_linear=0
shrinkage=0.05


Tree=21
num_leaves=7
num_cat=0
split_feature=3 3 3 1 1 9
split_gain=8243.17 1172.91 1133.3 557.795 266.098 246.109
threshold=0.41650195419788366 0.60779303312301647 0.24841790646314624 0.36877271533012396 0.29430960118770605 0.21401726454496386
decision_type=2 2 2 2 2 2
left_child=2 4 5 -4 -2 -1
right_child=1 -3 3 -5 -6 -7
leaf_value=-0.027703620783767653 0.021087439299866617 0.037951540047826506 0.0039008358995579044 -0.011686557547359795 0.0084842100410601282 -0.016788666153171688
leaf_weight=8360.9581810981035 8928.3520226329565 8514.5992881655693 9874.0196429789066 13706.531291812658 7888.3705677390099 13508.394944801927
leaf_count=43897 33311 28535 42137 68139 34187 68030
internal_value=-2.45426e-05 0.0228312 -0.0127631 -0.00515956 0.0151755 -0.0209616
internal_weight=70781.2 25331.3 45449.9 23580.6 16816.7 21869.4
internal_count=318236 96033 222203 110276 67498 111927
is_linear=0
shrinkage=0.05


Tree=22
num_leaves=7
num_cat=0
split_feature=4 4 4 4 4 4
split_gain=12527.4 1717.44 1451.49 333.936 270.502 257.278
threshold=0.27014735341072088 0.15551832318305972 0.41540111601352697 0.08031520247459413 0.59849396347999584 0.21567744761705401
decision_type=2 2 2 2 2 2
left_child=1 3 -2 -1 -4 -3
right_child=2 5 4 -5 -6 -7
leaf_value=-0.0423770395178929 0.0081746161689946212 -0.015333930295585958 0.020563259231126119 -0.026595876977677721 0.031163805598469409 -0.0056284383153519446
leaf_weight=4223.9290904402733 30653.745388507843 14315.480190336704 18541.460270136595 16242.038684129715 8909.9261958897114 13055.424757868052
leaf_count=11291 94003 39889 61320 43948 30189 37596
internal_value=5.24774e-05 -0.0188968 0.0156531 -0.0298529 0.0240039 -0.0107046
internal_weight=105942 47836.9 58105.1 20466 27451.4 27370.9
internal_count=318236 132724 185512 55239 91509 77485
is_linear=0
shrinkage=0.05


Tree=23
num_leaves=7
num_cat=0
split_feature=2 2 7 2 2 2
split_gain=8083.78 1413.7 918.915 429.387 386.609 362
threshold=0.35741943120956426 0.56425315141677868 0.32725958526134497 0.8081016242504121 0.108248557895422 0.19515921175479892
decision_type=2 2 2 2 2 2
left_child=2 -2 4 -3 -1 -4
right_child=1 3 5 -5 -6 -7
leaf_value=-0.017688172450305101 0.011979787055664921 0.030802458452620213 -0.024255765009878257 0.053675126313423444 0.00055220621727744502 -0.011958589672984028
leaf_weight=3864.9755715429783 12591.133923619986 8043.0241459161043 15284.316564172506 2754.6488007307053 11695.701139166951 9835.929807677865
leaf_count=20160 56313 30277 91197 8771 57529 53989
internal_value=-5.96602e-05 0.0233633 -0.0135263 0.0366376 -0.00397836 -0.0194408
internal_weight=64069.7 23388.8 40680.9 10797.7 15560.7 25120.2
internal_count=318236 95361 222875 39048 77689 145186
is_linear=0
shrinkage=0.05


Tree=24
num_leaves=7
num_cat=0
split_feature=0 0 9 6 7 9
split_gain=7439.19 1330.12 916.5 324.275 304.043 265.744
threshold=0.35431058704853063 0.55930724740028392 0.29996512830257421 0.61976405978202831 0.31003953516483312 0.40637555718421942
decision_type=2 2 2 2 2 2
left_child=2 5 -1 -3 -4 -2
right_child=1 3 4 -5 -6 -7
leaf_value=-0.019869045238056878 0.0050357633803876142 0.026502795047189845 0.0015538661761853867 0.044368820729812103 -0.011841310407790063 0.018299426608178165
leaf_weight=24367.20249094069 10412.201379433274 9366.452687472105 9010.1456578224897 3484.6926489174366 7995.2683055996895 5925.5082915276289
leaf_count=127588 44493 32417 39317 10909 40527 22985
internal_value=-1.5749e-05 0.0193127 -0.0136522 0.0313473 -0.00474401 0.00984635
internal_weight=70561.5 29188.9 41372.6 12851.1 17005.4 16337.7
internal_count=318236 110804 207432 43326 79844 67478
is_linear=0
shrinkage=0.05


Tree=25
num_leaves=7
num_cat=0
split_feature=1 1 1 13 7 13
split_gain=11633.5 1583.56 1165.38 556.904 346.761 284.398
threshold=0.33822761476039892 0.17700649797916415 0.56500756740570079 0.34310060739517217 0.1585098281502724 0.25370216369628912
decision_type=2 2 2 2 2 2
left_child=1 4 3 -2 -1 -3
right_child=2 5 -4 -5 -6 -7
leaf_value=-0.033358712646653639 0.0025601332559094629 -0.015109849042494686 0.024304118102845804 0.015561099579358953 -0.020868059182872881 -0.0048156311764273423
leaf_weight=11878.40343105793 15123.657659173012 12358.317351520061 22889.115202248096 18089.093059241772 10440.186118632555 14678.055482119322
leaf_count=31834 46115 34337 77843 58021 28204 41882
internal_value=4.71609e-05 -0.0176584 0.0156234 0.00964102 -0.0275158 -0.00952111
internal_weight=105457 49355 56101.9 33212.8 22318.6 27036.4
internal_count=318236 136257 181979 104136 60038 76219
is_linear=0
shrinkage=0.05


Tree=26
num_leaves=7
num_cat=0
split_feature=2 2 7 2 2 2
split_gain=7269.51 1228.35 837.519 355.928 343.854 333.746
threshold=0.3543302863836289 0.58633017539978038 0.32725958526134497 0.108248557895422 0.17755447328090671 0.82295492291450512
decision_type=2 2 2 2 2 2
left_child=2 -2 3 -1 -4 -3
right_child=1 5 4 -5 -6 -7
leaf_value=-0.017284891268285297 0.011983119897530148 0.02972220309513797 -0.024346345228012666 0.00032784080839620082 -0.012435090871803797 0.050843702584119493
leaf_weight=3812.5727305561304 13888.139795288444 7686.5281015485525 13307.588342756033 11583.564593479037 11123.541374400258 2471.6882984042168
leaf_count=20160 61258 27777 81856 56927 62696 7562
internal_value=-6.04655e-05 0.0216479 -0.0131673 -0.00403363 -0.0189231 0.0348615
internal_weight=63873.6 24046.4 39827.3 15396.1 24431.1 10158.2
internal_count=318236 96597 221639 77087 144552 35339
is_linear=0
shrinkage=0.05


Tree=27
num_leaves=7
num_cat=0
split_feature=3 0 0 7 3 12
split_gain=6703.35 1047.77 868.375 471.648 282.585 229.594
threshold=0.41650195419788366 0.17305606603622439 0.55930724740028392 0.3119786679744721 0.6771589219570161 0.25768537819385534
decision_type=2 2 2 2 2 2
left_child=1 5 -2 -3 -4 -1
right_child=2 3 4 -5 -6 -7
leaf_value=-0.027043997973317746 0.010970282716051275 0.0041978523882601369 0.023343986803263082 -0.0101918160290377 0.038431745717330192 -0.016012358834981217
leaf_weight=7963.2281859070063 13016.743532001972 8892.8236677497625 7965.3591042160988 15833.416464939713 5084.3526985347271 11568.18887552619
leaf_count=44024 52950 37855 27422 80355 15661 59969
internal_value=-6.98026e-06 -0.011854 0.0201079 -0.00501655 0.0292224 -0.0205101
internal_weight=70324.1 44257.7 26066.5 24726.2 13049.7 19531.4
internal_count=318236 222203 96033 118210 43083 103993
is_linear=0
shrinkage=0.05


Tree=28
num_leaves=7
num_cat=0
split_feature=1 4 4 13 1 4
split_gain=10424 1426 1105.16 384.898 342.08 238.717
threshold=0.33822761476039892 0.14368768036365512 0.44390590488910681 0.38874772191047674 0.24608794599771502 0.08031520247459413
decision_type=2 2 2 2 2 2
left_child=1 5 3 -2 -3 -1
right_child=2 4 -4 -5 -6 -7
leaf_value=-0.038361806910206624 0.0051164230766576413 -0.015218888751774262 0.023550541636967293 0.016340123860472722 -0.0048265787506229854 -0.024748593680777198
leaf_weight=4228.4366212189198 21259.239102959633 16714.065864503384 22257.385443776846 11922.401922166348 15047.451359629631 13507.780139684677
leaf_count=11291 65766 45747 77586 38627 42981 36238
internal_value=4.05198e-05 -0.0166373 0.014931 0.00914918 -0.0102954 -0.0279941
internal_weight=104937 49497.7 55439 33181.6 31761.5 17736.2
internal_count=318236 136257 181979 104393 88728 47529
is_linear=0
shrinkage=0.05


Tree=29
num_leaves=7
num_cat=0
split_feature=2 2 7 2 2 2
split_gain=6552.82 1198.98 745.364 356.093 320.377 296.107
threshold=0.33611190319061285 0.54404988884925853 0.298091471195221 0.77886009216308605 0.17755447328090671 0.08938856422901155
decision_type=2 2 2 2 2 2
left_child=2 -2 5 -3 -4 -1
right_child=1 3 4 -5 -6 -7
leaf_value=-0.018414283722190863 0.0091084978190811971 0.025019306002503097 -0.023350391130742627 0.043562898587237192 -0.012064194602330986 0.00069608563961153901
leaf_weight=2558.2518632560968 13688.297920837998 8546.124267667532 13942.59869594872 3713.9965437352657 11453.088653966784 9760.6988385170698
leaf_count=13570 61403 31391 87609 11387 65109 47767
internal_value=-5.90787e-05 0.0192802 -0.0133649 0.0306368 -0.0182605 -0.00327253
internal_weight=63663.1 25948.4 37714.6 12260.1 25395.7 12319
internal_count=318236 104181 214055 42778 152718 61337
is_linear=0
shrinkage=0.05


Tree=30
num_leaves=7
num_cat=0
split_feature=3 3 0 13 0 7
split_gain=6127.24 1104.56 735.249 485.308 257.938 184.317
threshold=0.3809181153774262 0.54233232140541088 0.1611064746975899 0.26784980297088629 0.81317052245140087 0.19359323382377627
decision_type=2 2 2 2 2 2
left_child=2 5 -1 -4 -3 -2
right_child=1 4 3 -5 -6 -7
leaf_value=-0.020639840896770064 0.017804052064472539 0.024066659360606736 0.0039950700004806215 -0.01205255489144739 0.041703116111015966 0.0055308607654970011
leaf_weight=17647.930674225092 3966.5673172175884 11010.068625181913 6953.588298201561 14609.807885423303 2554.0899032652378 13370.863244384527
leaf_count=96295 14393 37258 30081 75915 7467 56995
internal_value=5.00124e-05 0.0167002 -0.0130716 -0.00687765 0.0273876 0.0083388
internal_weight=70112.9 30901.6 39211.3 21563.4 13564.2 17337.4
internal_count=318404 116113 202291 105996 44725 71388
is_linear=0
shrinkage=0.05


Tree=31
num_leaves=7
num_cat=0
split_feature=1 1 4 7 9 13
split_gain=9355.59 1398.17 952.403 397.33 356.355 215.414
threshold=0.3459510356187821 0.1982301473617554 0.44924367964267736 0.16063205152750018 0.32244315743446356 0.25370216369628912
decision_type=2 2 2 2 2 2
left_child=1 3 4 -1 -2 -3
right_child=2 5 -4 -5 -6 -7
leaf_value=-0.029639284488811347 0.013191716329664559 -0.012338113505549572 0.022882498285402904 -0.017295463062693167 0.0022817767442130893 -0.0028884702765825934
leaf_weight=12886.358060836792 20668.286610841751 10322.633644044399 21143.286728203297 13193.94684445858 11734.126912295818 14505.825222760439
leaf_count=34485 66746 28607 75273 35575 36199 41519
internal_value=3.67311e-05 -0.0153097 0.0146274 -0.0233946 0.00924082 -0.00681724
internal_weight=104454 50908.8 53545.7 26080.3 32402.4 24828.5
internal_count=318404 140186 178218 70060 102945 70126
is_linear=0
shrinkage=0.05


Tree=32
num_leaves=7
num_cat=0
split_feature=2 2 4 2 2 2
split_gain=5839.48 1087.08 663.486 304.995 274.374 257.894
threshold=0.32453112304210668 0.54404988884925853 0.27552896738052374 0.8081016242504121 0.10504150390625001 0.17005207389593127
decision_type=2 2 2 2 2 2
left_child=2 -2 4 -3 -1 -4
right_child=1 3 5 -5 -6 -7
leaf_value=-0.016263777421505293 0.0081699726119693721 0.023831322786669849 -0.023213378419329023 0.042153841526101764 0.00040178526474208675 -0.012734969632225141
leaf_weight=3367.2168982923031 14775.135118231177 9521.1172290891409 12381.163042411208 2982.7667387723923 9265.4687840044498 11169.403941348195
leaf_count=17732 66409 33948 81053 8781 44710 65771
internal_value=-0.00011571 0.0173521 -0.0132849 0.0282021 -0.00404039 -0.0182437
internal_weight=63462.3 27279 36183.3 12503.9 12632.7 23550.6
internal_count=318404 109138 209266 42729 62442 146824
is_linear=0
shrinkage=0.05


Tree=33
num_leaves=7
num_cat=0
split_feature=0 3 9 0 0 9
split_gain=5556.74 896.412 814.269 341.759 216.342 139.839
threshold=0.35431058704853063 0.54704865813255321 0.24505966156721118 0.1611064746975899 0.81317052245140087 0.40637555718421942
decision_type=2 2 2 2 2 2
left_child=2 5 -1 -4 -3 -2
right_child=1 4 3 -5 -6 -7
leaf_value=-0.021756244997287212 0.0053754049423218129 0.022795290947013658 -0.015095483953712022 -0.0027564719500857136 0.038880176612845811 0.015023107467813067
leaf_weight=14359.19855388999 11283.747242897749 10678.223315954208 8397.9836618453264 16914.490603610873 2599.3482971191406 5629.9871668219566
leaf_count=81389 47219 35308 45216 80891 7467 20914
internal_value=5.60061e-05 0.0162203 -0.0122455 -0.00685022 0.0259442 0.00858679
internal_weight=69863 30191.3 39671.7 25312.5 13277.6 16913.7
internal_count=318404 110908 207496 126107 42775 68133
is_linear=0
shrinkage=0.05


Tree=34
num_leaves=7
num_cat=0
split_feature=1 4 1 13 1 4
split_gain=8390.95 1287.11 860.648 487.59 305.948 206.788
threshold=0.34865020215511328 0.14368768036365512 0.61725172400474559 0.33735989034175878 0.24608794599771502 0.08031520247459413
decision_type=2 2 2 2 2 2
left_child=1 5 3 -2 -3 -1
right_child=2 4 -4 -5 -6 -7
leaf_value=-0.034946043062775926 0.0029236674587240726 -0.01334516285213453 0.023368415170237345 0.014751167630171378 -0.0038136428493213341 -0.022229946971898534
leaf_weight=4184.365681797266 15270.347521781921 16865.749390542507 16932.591996848583 20294.75784188509 16810.526840686798 13550.452965497971
leaf_count=11229 47519 45869 61595 67825 48119 36248
internal_value=2.9509e-05 -0.0143284 0.0140902 0.00967287 -0.00858722 -0.0252302
internal_weight=103909 51411.1 52497.7 35565.1 33676.3 17734.8
internal_count=318404 141465 176939 115344 93988 47477
is_linear=0
shrinkage=0.05


Tree=35
num_leaves=7
num_cat=0
split_feature=5 1 7 5 1 5
split_gain=4777.69 782.54 733.276 361.403 258.03 241.017
threshold=0.41121183335781103 0.23527671396732333 0.34843459725379949 0.20792186260223391 0.078377779573202147 0.23286317288875583
decision_type=2 2 2 2 2 2
left_child=2 4 3 -1 -2 -4
right_child=1 -3 5 -5 -6 -7
leaf_value=-0.01335385825482319 0.040111803995708267 0.007566967479292361 -0.022309013057858634 0.001906560257795053 0.022406824254223051 -0.01183564398042009
leaf_weight=5777.6358938664198 2559.567817106843 10549.291731923819 10437.203587681055 11810.550168037415 10499.12912543118 11596.010648518801
leaf_count=31626 7681 47443 69552 56993 36555 68554
internal_value=-0.000110376 0.0176952 -0.0107196 -0.00310642 0.0258771 -0.0167969
internal_weight=63229.4 23608 39621.4 17588.2 13058.7 22033.2
internal_count=318404 91679 226725 88619 44236 138106
is_linear=0
shrinkage=0.05


Tree=36
num_leaves=7
num_cat=0
split_feature=3 3 3 8 3 9
split_gain=5034.8 829.054 666.358 370.274 202.197 155.449
threshold=0.3809181153774262 0.54233232140541088 0.21868991851806643 0.31818543374538427 0.72550055384635936 0.19729971885681155
decision_type=2 2 2 2 2 2
left_child=2 -2 5 -4 -3 -1
right_child=1 4 3 -5 -6 -7
leaf_value=-0.02689268071078257 0.0076175697018258191 0.020498921087693626 -0.013005250634682251 -3.6702950646633186e-05 0.034432648847705034 -0.016439346821981945
leaf_weight=5298.758902952075 17502.690566152334 10511.05151809752 10965.551789015532 11050.858413293958 3460.9269971400499 10816.028117954731
leaf_count=31572 71388 34737 60033 50373 9988 60313
internal_value=6.66675e-05 0.0148679 -0.0121507 -0.00649585 0.0239504 -0.0198765
internal_weight=69605.9 31474.7 38131.2 22016.4 13972 16114.8
internal_count=318404 116113 202291 110406 44725 91885
is_linear=0
shrinkage=0.05


Tree=37
num_leaves=7
num_cat=0
split_feature=1 1 1 13 7 13
split_gain=7549.86 1279.9 730.58 452.598 373.567 207.139
threshold=0.36124788224697119 0.203365333378315 0.63582515716552745 0.36353458464145666 0.16063205152750018 0.25370216369628912
decision_type=2 2 2 2 2 2
left_child=1 4 3 -2 -1 -3
right_child=2 5 -4 -5 -6 -7
leaf_value=-0.026785006479857272 0.0042523342055751706 -0.010712516063874807 0.023163513990711929 0.015669321047423919 -0.015018960248838529 -0.0016522867472580324
leaf_weight=13012.738027364016 17209.209991306067 10391.842374444008 15171.760974466801 17515.870773822069 14007.99576702714 16054.425772339106
leaf_count=34883 54480 28760 56526 59786 37658 46311
internal_value=2.21675e-05 -0.013032 0.0140104 0.0100112 -0.0206853 -0.00521243
internal_weight=103364 53467 49896.8 34725.1 27020.7 26446.3
internal_count=318404 147612 170792 114266 72541 75071
is_linear=0
shrinkage=0.05


Tree=38
num_leaves=7
num_cat=0
split_feature=2 2 13 2 2 2
split_gain=4822.54 864.495 570.178 243.474 237.707 209.523
threshold=0.31368309259414678 0.54404988884925853 0.24650610238313678 0.85725012421607982 0.17005207389593127 0.10659445449709894
decision_type=2 2 2 2 2 2
left_child=2 -2 5 -3 -4 -1
right_child=1 3 4 -5 -6 -7
leaf_value=-0.014660289721264165 0.0071475349413594293 0.021829698832485978 -0.021832117199471077 0.041815226815104911 -0.011796810504167301 0.0012112855389436548
leaf_weight=2857.4955616891384 15899.923842445016 11157.901937231421 12544.143534168601 1764.9736882150173 11142.500499844551 7636.0609655231237
leaf_count=16325 71406 37786 83773 4943 65962 38209
internal_value=-0.000110023 0.0149542 -0.0128131 0.0245593 -0.0171114 -0.0031107
internal_weight=63003 28822.8 34180.2 12922.9 23686.6 10493.6
internal_count=318404 114135 204269 42729 149735 54534
is_linear=0
shrinkage=0.05


Tree=39
num_leaves=7
num_cat=0
split_feature=0 0 9 13 6 9
split_gain=4575.24 771.361 697.115 277.471 210.729 159.933
threshold=0.33609560132026678 0.53732094168663036 0.24505966156721118 0.26784980297088629 0.61976405978202831 0.41187781095504766
decision_type=2 2 2 2 2 2
left_child=2 5 -1 -4 -3 -2
right_child=1 4 3 -5 -6 -7
leaf_value=-0.021112412768142463 0.0031501931690323445 0.018475739723013224 -0.0011262953570417473 -0.012046771664150843 0.032005621497609542 0.013438586954211691
leaf_weight=13416.796445116401 11733.346392348409 11484.756069973111 11184.283255308867 12119.990240052342 3840.2017290443182 5570.6964374780655
leaf_count=79680 50566 37404 52054 66872 11070 20758
internal_value=7.29271e-05 0.0136971 -0.012033 -0.00680577 0.0218661 0.00646234
internal_weight=69350.1 32629 36721.1 23304.3 15325 17304
internal_count=318404 119798 198606 118926 48474 71324
is_linear=0
shrinkage=0.05


Tree=40
num_leaves=7
num_cat=0
split_feature=1 4 1 13 1 4
split_gain=6797.39 1043.55 768.929 340.925 239.734 198.041
threshold=0.3459510356187821 0.14368768036365512 0.55438679456710827 0.29879102110862737 0.2622340470552445 0.6201646924018861
decision_type=2 2 2 2 2 2
left_child=1 -1 3 -2 -3 -4
right_child=2 4 5 -5 -6 -7
leaf_value=-0.022741045670185967 -0.00043900755854072121 -0.011284857933359647 0.016707790989089633 0.011134236736941939 -0.0026833483750885808 0.02697926802312587
leaf_weight=17691.42617931962 9218.152124941349 19548.172255694866 15197.57072198391 20547.639737606049 13832.994150578976 6789.1667630970478
leaf_count=47471 28117 53129 55330 68334 39586 26437
internal_value=1.73247e-05 -0.0129235 0.0127882 0.00755012 -0.00772043 0.0198795
internal_weight=102825 51072.6 51752.5 29765.8 33381.2 21986.7
internal_count=318404 140186 178218 96451 92715 81767
is_linear=0
shrinkage=0.05


Tree=41
num_leaves=7
num_cat=0
split_feature=2 2 13 2 2 2
split_gain=4352.92 748.809 532.122 229.506 227.039 193.594
threshold=0.31368309259414678 0.53790515661239635 0.24650610238313678 0.17005207389593127 0.8081016242504121 0.10659445449709894
decision_type=2 2 2 2 2 2
left_child=2 -2 5 -4 -3 -1
right_child=1 4 3 -5 -6 -7
leaf_value=-0.014197106883427086 0.0066296452886329812 0.019141075554522494 -0.021283873619053841 -0.011325333543953818 0.034534267017297546 0.0011409595236109499
leaf_weight=2814.8170395642519 15673.560864150524 10307.392512649298 12223.81377248466 10984.49047896266 3120.6699087917805 7644.1806838214397
leaf_count=16325 70178 35176 83773 65962 8781 38209
internal_value=-0.000108954 0.0140533 -0.0123507 -0.0165705 0.0227184 -0.00298696
internal_weight=62768.9 29101.6 33667.3 23208.3 13428.1 10459
internal_count=318404 114135 204269 149735 43957 54534
is_linear=0
shrinkage=0.05


Tree=42
num_leaves=7
num_cat=0
split_feature=3 3 0 13 0 7
split_gain=4140.37 646.346 611.321 412.599 168.027 117.378
threshold=0.3788170218467713 0.54233232140541088 0.12380485609173776 0.26784980297088629 0.8291863501071931 0.19359323382377627
decision_type=2 2 2 2 2 2
left_child=2 5 -1 -4 -3 -2
right_child=1 4 3 -5 -6 -7
leaf_value=-0.020531000572366554 0.01418190178442854 0.018753158873702984 0.0022026059142502105 -0.011467288197644835 0.03364184932668348 0.0046152650372957675
leaf_weight=12188.274849936366 4180.3638312965631 12050.763019219041 8342.1582657247782 16316.665268927813 2248.5751039683819 13761.125204801559
leaf_count=72939 14568 38527 36902 91136 6198 58134
internal_value=7.9058e-05 0.0131645 -0.0113705 -0.00684272 0.0210944 0.00684429
internal_weight=69087.9 32240.8 36847.1 24658.8 14299.3 17941.5
internal_count=318404 117427 200977 128038 44725 72702
is_linear=0
shrinkage=0.05


Tree=43
num_leaves=7
num_cat=0
split_feature=1 7 1 13 4 1
split_gain=6112.71 1089.35 624.359 385.692 259.851 218.522
threshold=0.3637364953756333 0.21107399463653567 0.63582515716552745 0.36353458464145666 0.098094858229160323 0.23265986889600757
decision_type=2 2 2 2 2 2
left_child=1 4 3 -2 -1 -3
right_child=2 5 -4 -5 -6 -7
leaf_value=-0.027378192904182704 0.0038224341616807304 -0.0105548214769815 0.021572327903641483 0.014502306239839495 -0.016066023152865788 -0.0017871272104164103
leaf_weight=7290.2577925622463 16830.043718338013 11634.922797739506 14555.318744629622 16985.623156905174 16718.735216200352 18259.763437271118
leaf_count=19750 53730 31406 56526 59336 45020 52636
internal_value=9.97145e-06 -0.0115694 0.0129138 0.00918694 -0.0195009 -0.00519949
internal_weight=102275 53903.7 48371 33815.7 24009 29894.7
internal_count=318404 148812 169592 113066 64770 84042
is_linear=0
shrinkage=0.05


Tree=44
num_leaves=7
num_cat=0
split_feature=2 2 13 2 2 2
split_gain=3931.47 650.613 499.147 211.09 210.644 187.938
threshold=0.31368309259414678 0.53790515661239635 0.25370216369628912 0.17005207389593127 0.89654198288917553 0.10659445449709894
decision_type=2 2 2 2 2 2
left_child=2 -2 5 -4 -3 -1
right_child=1 4 3 -5 -6 -7
leaf_value=-0.014027250043506721 0.0063071030596396948 0.019574976054386826 -0.020880864505951606 -0.011103892133199735 0.044562909198702878 0.00072213389103618626
leaf_weight=2945.7023026049137 15752.756226852536 12699.620710074902 11602.030146628618 10532.642681717873 903.38502815365791 8094.8654197007418
leaf_count=17451 70178 41495 81753 64311 2462 40754
internal_value=-0.000103657 0.0132242 -0.0118971 -0.0162286 0.0212344 -0.00321311
internal_weight=62531 29355.8 33175.2 22134.7 13603 11040.6
internal_count=318404 114135 204269 146064 43957 58205
is_linear=0
shrinkage=0.05


Tree=45
num_leaves=7
num_cat=0
split_feature=3 3 0 13 6 9
split_gain=3793.41 570.384 561.337 360.146 158.639 133.289
threshold=0.37671408057212835 0.1626926586031914 0.53732094168663036 0.36524850130081182 0.61976405978202831 0.41187781095504766
decision_type=2 2 2 2 2 2
left_child=1 -1 5 -3 -4 -2
right_child=2 3 4 -5 -6 -7
leaf_value=-0.02174095449192473 0.0026453061664718229 -0.0030390899291237272 0.016314075712871867 -0.015127580790094082 0.027923213267867349 0.01169107621683565
leaf_weight=9372.391684949398 10534.525758624077 17062.390520006418 11633.362652972341 9643.7287894487381 3939.1548031270504 6638.6230920255184
leaf_count=57845 45318 84003 37069 57709 11122 25279
internal_value=5.45731e-05 -0.0111287 0.012376 -0.00740431 0.0192507 0.00614213
internal_weight=68824.2 36078.5 32745.7 26706.1 15572.5 17173.1
internal_count=318345 199557 118788 141712 48191 70597
is_linear=0
shrinkage=0.05


Tree=46
num_leaves=7
num_cat=0
split_feature=1 1 4 7 13 7
split_gain=5469.9 968.057 617.035 250.765 242.821 152.96
threshold=0.30192807316780096 0.49811832606792456 0.13371665775775912 0.41417984664440161 0.28115114569664007 0.08193481341004373
decision_type=2 2 2 2 2 2
left_child=2 4 5 -3 -2 -1
right_child=1 3 -4 -5 -6 -7
leaf_value=-0.033269749587422376 -0.0029390417122897123 0.010332884268325638 -0.0089477259149450886 0.02033775785785015 0.0068577926826861764 -0.019293554983598929
leaf_weight=2306.037418961525 9002.1902558505535 9570.3012209534645 28499.27802169323 18123.415401652455 21267.249406099319 12958.938732475042
leaf_count=6294 26503 33871 77721 70341 68706 34909
internal_value=5.0311e-05 0.0101248 -0.0132928 0.0168803 0.0039442 -0.0214049
internal_weight=101727 57963.2 43764.3 27693.7 30269.4 15265
internal_count=318345 199421 118924 104212 95209 41203
is_linear=0
shrinkage=0.05


Tree=47
num_leaves=7
num_cat=0
split_feature=2 2 13 2 2 2
split_gain=3591.73 580.728 456.211 183.069 180.443 175.887
threshold=0.31104516983032232 0.55747056007385265 0.27724537253379827 0.1790328919887543 0.08938856422901155 0.85725012421607982
decision_type=2 2 2 2 2 2
left_child=2 -2 4 -4 -1 -3
right_child=1 5 3 -5 -6 -7
leaf_value=-0.015777284713324069 0.0063397481909079657 0.018031957042950447 -0.020782260888645682 -0.010990560310990501 -0.0013699343068036959 0.034769601613994228
leaf_weight=2757.0410406887531 17085.053306624293 10945.71426320076 10959.590443089604 8457.0052000433207 10263.635226234794 1832.3442379534245
leaf_count=17055 75229 35294 79502 52554 53730 4981
internal_value=-0.000142438 0.0123697 -0.0116616 -0.0165174 -0.00442059 0.0204321
internal_weight=62300.4 29863.1 32437.3 19416.6 13020.7 12778.1
internal_count=318345 115504 202841 132056 70785 40275
is_linear=0
shrinkage=0.05


Tree=48
num_leaves=7
num_cat=0
split_feature=0 3 12 0 7 0
split_gain=3464.53 680.256 516.29 169.741 164.909 111.665
threshold=0.29714661836624151 0.50404998660087597 0.2954875528812409 0.71704617142677318 0.31579695641994482 0.07335901260375978
decision_type=2 2 2 2 2 2
left_child=2 -2 5 -3 -4 -1
right_child=1 3 4 -5 -6 -7
leaf_value=-0.02517545683625871 0.003884811527526566 0.013818759692209024 -0.0013503069393381467 0.024065310669390296 -0.011376100882975483 -0.015960582614290501
leaf_weight=4964.9497420191765 19614.71317538619 11630.143973007798 8523.8713388890028 6194.5004210472107 7905.5369557440281 9731.178927719593
leaf_count=32269 83630 39016 39482 17424 46778 59746
internal_value=6.17228e-05 0.0103096 -0.012265 0.0173797 -0.00617454 -0.0190737
internal_weight=68564.9 37439.4 31125.5 17824.6 16429.4 14696.1
internal_count=318345 140070 178275 56440 86260 92015
is_linear=0
shrinkage=0.05


Tree=49
num_leaves=7
num_cat=0
split_feature=1 1 1 13 7 13
split_gain=4922.72 954.807 498.896 325.434 290.482 147.73
threshold=0.37639534473419195 0.203365333378315 0.63582515716552745 0.36524850130081182 0.16063205152750018 0.24194829165935519
decision_type=2 2 2 2 2 2
left_child=1 4 3 -2 -1 -3
right_child=2 5 -4 -5 -6 -7
leaf_value=-0.02208969255911953 0.0036633630207236964 -0.0086038692898030376 0.020153386880736798 0.013856106444773496 -0.011690139377583343 -0.0010489949037398162
leaf_weight=12874.873620033264 15567.517829179764 9746.8068317770958 13967.673716872931 15757.925294727087 14034.043391764164 19251.333532750607
leaf_count=34901 50281 26775 56420 56506 37640 55822
internal_value=4.30055e-05 -0.00988277 0.0122948 0.00879071 -0.0166659 -0.00358833
internal_weight=101200 55907.1 45293.1 31325.4 26908.9 28998.1
internal_count=318345 155138 163207 106787 72541 82597
is_linear=0
shrinkage=0.05


Tree=50
num_leaves=7
num_cat=0
split_feature=2 2 13 2 2 2
split_gain=3245.46 509.661 426.074 177.911 169.458 134.316
threshold=0.31104516983032232 0.66412118077278148 0.27724537253379827 0.17309694737195971 0.081068541854619994 0.47562047839164739
decision_type=2 2 2 2 2 2
left_child=2 5 4 -4 -1 -2
right_child=1 -3 3 -5 -6 -7
leaf_value=-0.016356251349068655 0.0043371684778621983 0.022336868693698667 -0.020480409487622923 -0.010784418033225095 -0.0015365747026188613 0.012256420527962858
leaf_weight=2358.0471909865737 12655.200123459101 8140.8601128757 10211.802098080516 8814.9631526321173 10600.668021440506 9280.8849763274193
leaf_count=14840 57744 23873 76148 55908 55945 33887
internal_value=-0.000138315 0.0116528 -0.0112258 -0.0159883 -0.00423325 0.00768771
internal_weight=62062.4 30076.9 31985.5 19026.8 12958.7 21936.1
internal_count=318345 115504 202841 132056 70785 91631
is_linear=0
shrinkage=0.05


Tree=51
num_leaves=7
num_cat=0
split_feature=3 3 9 13 6 9
split_gain=3161.97 624.803 384.53 186.048 156.503 100.986
threshold=0.33583280444145208 0.50404998660087597 0.21401726454496386 0.23880843073129657 0.61042651534080516 0.40637555718421942
decision_type=2 2 2 2 2 2
left_child=2 5 -1 -4 -3 -2
right_child=1 4 3 -5 -6 -7
leaf_value=-0.021236059560310508 0.0012347387408274417 0.013523609876199877 -0.0021712833072415039 -0.011985574802494821 0.02410708636787947 0.0089312280850301125
leaf_weight=8392.6325052678585 14327.814247101545 13402.89663349092 7363.3960946649313 14029.216096848249 4724.313653871417 6066.6256655305624
leaf_count=55043 64285 43666 35228 82995 13517 23611
internal_value=6.81604e-05 0.00952759 -0.0121658 -0.00860747 0.0162819 0.00352417
internal_weight=68306.9 38521.7 29785.2 21392.6 18127.2 20394.4
internal_count=318345 145079 173266 118223 57183 87896
is_linear=0
shrinkage=0.05


Tree=52
num_leaves=7
num_cat=0
split_feature=1 1 7 4 13 7
split_gain=4429.66 860.844 488.248 238.18 203.337 135.811
threshold=0.29430960118770605 0.48964157700538641 0.16063205152750018 0.59849396347999584 0.28115114569664007 0.08193481341004373
decision_type=2 2 2 2 2 2
left_child=2 4 5 -3 -2 -1
right_child=1 3 -4 -5 -6 -7
leaf_value=-0.030889740416693491 -0.0029833851838584561 0.012623419436795309 -0.0083934377158087579 0.023230082279291422 0.0058843558008756765 -0.017609641805121076
leaf_weight=2286.19651517272 9347.7331326603889 20852.682731837034 27943.815746665001 7093.2269538938999 20957.694131016731 12191.954901784658
leaf_count=6323 27324 77725 75923 30226 67808 33016
internal_value=3.55844e-05 0.00898594 -0.0122545 0.0153156 0.00314909 -0.0197067
internal_weight=100673 58251.3 42422 27945.9 30305.4 14478.2
internal_count=318345 203083 115262 107951 95132 39339
is_linear=0
shrinkage=0.05


Tree=53
num_leaves=7
num_cat=0
split_feature=2 2 13 2 2 2
split_gain=2932.17 445.798 399.316 201.21 149.977 116.981
threshold=0.31104516983032232 0.66412118077278148 0.30618758499622351 0.08938856422901155 0.17309694737195971 0.47562047839164739
decision_type=2 2 2 2 2 2
left_child=2 5 3 -1 -4 -2
right_child=1 -3 4 -5 -6 -7
leaf_value=-0.016158892555883764 0.0041515875295989532 0.020923754818852513 -0.02093545727177375 -0.002252707930549447 -0.011172327706176408 0.011517919216202932
leaf_weight=3288.5870601832867 12692.431292310357 8216.4347730875015 8485.0531934201717 12444.570698447526 7333.128835760057 9367.1318930387497
leaf_count=21613 57744 23873 65556 67756 47916 33887
internal_value=-0.000133246 0.0109824 -0.0107996 -0.00515942 -0.0164094 0.00727955
internal_weight=61827.3 30276 31551.3 15733.2 15818.2 22059.6
internal_count=318345 115504 202841 89369 113472 91631
is_linear=0
shrinkage=0.05


Tree=54
num_leaves=7
num_cat=0
split_feature=3 3 3 8 0 9
split_gain=2874.3 550.215 372.295 290.698 141.292 90.2766
threshold=0.33583280444145208 0.50404998660087597 0.1626926586031914 0.31818543374538427 0.71704617142677318 0.41187781095504766
decision_type=2 2 2 2 2 2
left_child=2 5 -1 -4 -3 -2
right_child=1 4 3 -5 -6 -7
leaf_value=-0.020327111813978588 0.0013321436269474567 0.012151257853057174 -0.014637046136425755 -0.0026847170714638757 0.021412132352155264 0.0087599220155225692
leaf_weight=8798.1192005723715 14769.461714699864 11984.443217232823 9213.543391764164 11358.852613478899 6275.1996861100197 5657.7149897962809
leaf_count=57845 66045 39759 58808 56613 17424 21851
internal_value=7.39514e-05 0.00902704 -0.0117191 -0.00803768 0.0153339 0.00338942
internal_weight=68057.3 38686.8 29370.5 20572.4 18259.6 20427.2
internal_count=318345 145079 173266 115421 57183 87896
is_linear=0
shrinkage=0.05


Tree=55
num_leaves=7
num_cat=0
split_feature=1 1 1 13 7 13
split_gain=3998.02 791.977 431.323 296.882 204.526 161.556
threshold=0.37639534473419195 0.17700649797916415 0.6453847885131837 0.36524850130081182 0.12088298052549364 0.24194829165935519
decision_type=2 2 2 2 2 2
left_child=1 4 3 -2 -1 -3
right_child=2 5 -4 -5 -6 -7
leaf_value=-0.023418272300485307 0.0032546194340505978 -0.00852289617708114 0.018980413865353943 0.012960270162226589 -0.013010311669227415 -0.0013671088445781827
leaf_weight=6819.326712667942 15790.900150626898 12598.723218291998 12802.496294826269 15725.50150129199 15333.861059933901 21093.916115134954
leaf_count=18797 51552 34317 53938 57717 41260 60764
internal_value=2.78176e-05 -0.00887104 0.0112412 0.00809737 -0.0162142 -0.00404288
internal_weight=100165 55845.8 44318.9 31516.4 22153.2 33692.6
internal_count=318345 155138 163207 109269 60057 95081
is_linear=0
shrinkage=0.05


Tree=56
num_leaves=7
num_cat=0
split_feature=2 2 13 2 2 9
split_gain=2659.82 456.456 366.322 172.235 158.387 121.534
threshold=0.28837035596370703 0.53156718611717235 0.30618758499622351 0.087789773941040053 0.85725012421607982 0.33626745641231542
decision_type=2 2 2 2 2 2
left_child=2 5 3 -1 -3 -2
right_child=1 4 -4 -5 -6 -7
leaf_value=-0.015840434952581785 0.00088011638145912602 0.014292879731543057 -0.016716050266390652 -0.0026061845301152487 0.029934216961465372 0.0091821045882913375
leaf_weight=3141.7045935019851 10443.592946350574 12631.602312758565 14593.030544877052 11304.344608068466 1856.3543324768543 7628.2798838913441
leaf_count=21044 50390 40234 107856 62641 4981 31199
internal_value=-0.000126939 0.00968512 -0.0111286 -0.00548435 0.016297 0.00438445
internal_weight=61598.9 32559.8 29039.1 14446 14488 18071.9
internal_count=318345 126804 191541 83685 45215 81589
is_linear=0
shrinkage=0.05


Tree=57
num_leaves=7
num_cat=0
split_feature=0 9 3 7 2 9
split_gain=2629.65 476.889 452.136 149.06 132.653 84.6804
threshold=0.29714661836624151 0.24234043061733249 0.50404998660087597 0.25815926492214208 0.063745189458131804 0.40280231833457952
decision_type=2 2 2 2 2 2
left_child=1 -1 5 -3 -4 -2
right_child=2 3 4 -5 -6 -7
leaf_value=-0.019395799168418978 0.0015520317850131211 -0.00026654371372741761 0.0226697666567796 -0.0095106258162718435 0.012276668217483185 0.0088936941997530775
leaf_weight=10805.02454636246 14252.763052687049 6733.8123977482319 3909.0374449491501 12375.178039327264 14307.44095531106 5421.7453593313694
leaf_count=73117 63673 30562 11588 74596 44852 19957
internal_value=8.17363e-05 -0.0110003 0.00883072 -0.00625311 0.0145069 0.00357519
internal_weight=67805 29914 37891 19109 18216.5 19674.5
internal_count=318345 178275 140070 105158 56440 83630
is_linear=0
shrinkage=0.05


Tree=58
num_leaves=7
num_cat=0
split_feature=1 1 4 4 12 12
split_gain=3597.23 830.65 342.281 284.268 245.696 115.378
threshold=0.39899381995201116 0.23527671396732333 0.59849396347999584 0.098094858229160323 0.28793452680110937 0.40081398189067846
decision_type=2 2 2 2 2 2
left_child=1 3 4 -1 -2 -3
right_child=2 5 -4 -5 -6 -7
leaf_value=-0.021957663251915616 0.014057976623071894 0.00054483476219820072 0.021781836845754025 -0.010705809969763317 0.0054796783037392473 -0.0069939245543434508
leaf_weight=7233.4247456490993 15601.602300867438 20246.171155542135 6785.0250304341316 25062.284514546394 17951.339055657387 6773.2613092958927
leaf_count=20170 59007 59869 30267 67357 62702 18973
internal_value=2.00978e-05 -0.00781389 0.0115396 -0.0132259 0.00946846 -0.00134499
internal_weight=99653.1 59315.1 40338 32295.7 33552.9 27019.4
internal_count=318345 166369 151976 87527 121709 78842
is_linear=0
shrinkage=0.05


Tree=59
num_leaves=7
num_cat=0
split_feature=2 2 13 2 2 2
split_gain=2408.42 397.674 344.996 161.467 147.675 109.85
threshold=0.28837035596370703 0.52566540241241466 0.30618758499622351 0.08938856422901155 0.89654198288917553 0.14639136940240863
decision_type=2 2 2 2 2 2
left_child=2 -2 3 -1 -3 -4
right_child=1 4 5 -5 -6 -7
leaf_value=-0.015185072053876335 0.0040987392746825724 0.013877042330983204 -0.021095520859435862 -0.0024051502916370478 0.034359259955748747 -0.012277878966705562
leaf_weight=3173.2869647666812 17798.562985062599 13981.362897053361 6368.5427771508694 11176.24934092164 939.13400292396545 7930.4941069856286
leaf_count=21613 80367 43930 51857 62072 2507 55999
internal_value=-0.000122947 0.00914573 -0.0107085 -0.00523133 0.0151662 -0.0162051
internal_weight=61367.6 32719.1 28648.6 14349.5 14920.5 14299
internal_count=318345 126804 191541 83685 46437 107856
is_linear=0
shrinkage=0.05


Tree=60
num_leaves=7
num_cat=0
split_feature=3 3 9 3 6 7
split_gain=2366.56 438.623 339.375 156.524 130.12 71.5274
threshold=0.33048301935195928 0.49381126463413244 0.21252640336751941 0.16499470174312594 0.61976405978202831 0.19793237745761874
decision_type=2 2 2 2 2 2
left_child=2 5 -1 -4 -3 -2
right_child=1 4 3 -5 -6 -7
leaf_value=-0.020083206680004243 0.0084403526487334159 0.011058837235984687 -0.016013166057231076 -0.0053840649316147559 0.020846030638802335 0.0011773234585113204
leaf_weight=7637.0621190592647 4315.0437014549971 15114.503884702921 4435.6550130322576 15805.008792907 4380.1396875679493 15809.384302675724
leaf_count=53550 15181 48584 29020 86923 12302 72467
internal_value=5.91116e-05 0.00791262 -0.0111021 -0.00771339 0.0132579 0.00273465
internal_weight=67496.8 39619.1 27877.7 20240.7 19494.6 20124.4
internal_count=318027 148534 169493 115943 60886 87648
is_linear=0
shrinkage=0.05


Tree=61
num_leaves=7
num_cat=0
split_feature=1 7 1 9 4 1
split_gain=3291.53 666.51 398.738 252.843 190.492 118.064
threshold=0.36877271533012396 0.21107399463653567 0.65536275506019603 0.33380278944969183 0.085697915405035033 0.23527671396732333
decision_type=2 2 2 2 2 2
left_child=1 4 3 -2 -1 -3
right_child=2 5 -4 -5 -6 -7
leaf_value=-0.023405397309843159 0.010009724228681882 -0.007300852745670855 0.017950877573577915 0.00035864620444298073 -0.01230872046720669 -0.00093786269559694335
leaf_weight=4854.4896514713764 23292.539826139808 11956.945862531662 11686.283963575959 9576.5930366367102 19022.412194848061 18678.201330631971
leaf_count=13749 84411 32162 51301 31091 51412 53901
internal_value=-6.2692e-05 -0.00830232 0.0100182 0.00719783 -0.0145648 -0.00342135
internal_weight=99067.5 54512 44555.4 32869.1 23876.9 30635.1
internal_count=318027 151224 166803 115502 65161 86063
is_linear=0
shrinkage=0.05


Tree=62
num_leaves=7
num_cat=0
split_feature=2 2 13 2 2 2
split_gain=2215.54 394.687 334.471 172.866 132.7 87.7034
threshold=0.27199417352676397 0.75191712379455578 0.22961226850748065 0.43404786288738256 0.13629823923110965 0.10659445449709894
decision_type=2 2 2 2 2 2
left_child=2 3 5 -2 -4 -1
right_child=1 -3 4 -5 -6 -7
leaf_value=-0.010181519758894527 0.0020804722213873801 0.021313096971940115 -0.019145658465949261 0.0097718010694524196 -0.01072834496062851 0.0017083968121479156
leaf_weight=2199.0122554898262 13656.967256993055 5061.0592464506626 8081.6814509630203 15708.084091365337 11131.970093421638 5262.7437034770846
leaf_count=13790 66417 13962 64815 55119 77166 26758
internal_value=3.63477e-05 0.00841733 -0.0107798 0.00619475 -0.0142689 -0.00179561
internal_weight=61101.5 34426.1 26675.4 29365.1 19213.7 7461.76
internal_count=318027 135498 182529 121536 141981 40548
is_linear=0
shrinkage=0.05


Tree=63
num_leaves=7
num_cat=0
split_feature=0 9 3 0 2 9
split_gain=2171.13 423.088 358.39 168.13 126.484 69.7694
threshold=0.29047828912734991 0.21252640336751941 0.49381126463413244 0.07335901260375978 0.037614218890666969 0.40280231833457952
decision_type=2 2 2 2 2 2
left_child=1 -1 5 -3 -4 -2
right_child=2 3 4 -5 -6 -7
leaf_value=-0.020992855836807021 0.001150913668762011 -0.018190053438164412 0.026015600957444207 -0.0051641974193460446 0.011340642836509054 0.007964289662939163
leaf_weight=7114.7970638498664 14298.387235760689 2861.1878457888961 1600.1006146520376 18461.857251934707 17828.900409385562 5096.6385983377695
leaf_count=51474 64733 19721 4650 103282 55415 18752
internal_value=6.12582e-05 -0.0104349 0.00774948 -0.00691204 0.0125492 0.00294134
internal_weight=67261.9 28437.8 38824 21323 19429 19395
internal_count=318027 174477 143550 123003 60065 83485
is_linear=0
shrinkage=0.05


Tree=64
num_leaves=7
num_cat=0
split_feature=4 1 4 4 1 13
split_gain=2972.49 619.691 384.207 230.086 114.445 86.2457
threshold=0.2485054284334183 0.44471219182014471 0.10726721212267877 0.59849396347999584 0.203365333378315 0.098548036068677916
decision_type=2 2 2 2 2 2
left_child=2 -2 5 -3 -4 -1
right_child=1 3 4 -5 -6 -7
leaf_value=-0.028303201246011839 0.0014054239041279412 0.0099544497356393973 -0.010372397041402926 0.020514719616011239 -0.0045591008911874528 -0.016518639620267596
leaf_weight=1991.9092546105385 23596.535766273737 25639.917374759912 17201.787977695465 6456.92267370224 16671.520117938519 7039.1134000122547
leaf_count=5652 72778 97493 46197 30113 46114 19680
internal_value=-6.31713e-05 0.00755667 -0.00995435 0.0120789 -0.00751125 -0.0191179
internal_weight=98597.7 55693.4 42904.3 32096.8 33873.3 9031.02
internal_count=318027 200384 117643 127606 92311 25332
is_linear=0
shrinkage=0.05


Tree=65
num_leaves=7
num_cat=0
split_feature=2 2 13 1 2 2
split_gain=2013.16 347.019 313.865 150.312 126.034 83.0658
threshold=0.27199417352676397 0.75191712379455578 0.23112351447343829 0.29163080453872686 0.14639136940240863 0.10659445449709894
decision_type=2 2 2 2 2 2
left_child=2 3 5 -2 -4 -1
right_child=1 -3 4 -5 -6 -7
leaf_value=-0.0099208640197566145 0.0090835185258754132 0.02003639316620066 -0.018230121745120079 0.0018971083348735453 -0.010020309010566261 0.0016125953159662251
leaf_weight=2207.1806573048234 16375.97700189054 5083.1658512353897 8739.2250184342265 13094.486362501979 10051.585952557623 5333.6462444141507
leaf_count=14014 57235 13962 71514 64301 69855 27146
internal_value=3.46258e-05 0.00797142 -0.0103804 0.00589041 -0.0138385 -0.00176322
internal_weight=60885.3 34553.6 26331.6 29470.5 18790.8 7540.83
internal_count=318027 135498 182529 121536 141369 41160
is_linear=0
shrinkage=0.05


Tree=66
num_leaves=7
num_cat=0
split_feature=0 9 3 13 2 9
split_gain=1972.55 406.517 314.855 159.729 116.319 62.9712
threshold=0.29047828912734991 0.21252640336751941 0.49381126463413244 0.25944706797599798 0.037614218890666969 0.40280231833457952
decision_type=2 2 2 2 2 2
left_child=1 -1 5 -3 -4 -2
right_child=2 3 4 -5 -6 -7
leaf_value=-0.02051539401259295 0.0011406797386371238 -0.0016541479787294184 0.024719939046723007 -0.010415791565157387 0.01068035198077244 0.0076028783914718727
leaf_weight=6955.3925120681524 14297.008329376578 9253.056458555162 1607.6698296964169 11880.877770021558 17919.441434830427 5119.8130663782358
leaf_count=51474 64733 46384 4650 76619 55415 18752
internal_value=6.88282e-05 -0.0100304 0.00735316 -0.00657969 0.0118362 0.00284463
internal_weight=67033.3 28089.3 38943.9 21133.9 19527.1 19416.8
internal_count=318027 174477 143550 123003 60065 83485
is_linear=0
shrinkage=0.05


Tree=67
num_leaves=7
num_cat=0
split_feature=4 4 4 4 9 12
split_gain=2669.96 520.651 356.258 137.065 130.368 108.746
threshold=0.2485054284334183 0.43331493437290197 0.10726721212267877 0.62794217467308056 0.33380278944969183 0.41086865961551672
decision_type=2 2 2 2 2 2
left_child=2 4 -1 -3 -2 -4
right_child=1 3 5 -5 -6 -7
leaf_value=-0.018290303183220943 0.0058879053887326473 0.011290043289607969 -0.0048305598360992548 0.020809395783721929 -0.00039159937913703222 -0.010644120468016485
leaf_weight=8974.6672407090664 23536.667457401752 13805.316540718079 20731.924846202135 5207.8941333293915 12738.80204950273 13143.693468809128
leaf_count=25332 78793 57615 56783 25042 38934 35528
internal_value=-6.49113e-05 0.00719549 -0.00943283 0.0138975 0.00368274 -0.00708621
internal_weight=98139 55288.7 42850.3 19013.2 36275.5 33875.6
internal_count=318027 200384 117643 82657 117727 92311
is_linear=0
shrinkage=0.05


Tree=68
num_leaves=7
num_cat=0
split_feature=2 2 13 2 2 9
split_gain=1825.39 308.569 297.462 134.349 130.713 100.968
threshold=0.27199417352676397 0.49147866666316992 0.31351397931575781 0.07250183075666429 0.77886009216308605 0.33626745641231542
decision_type=2 2 2 2 2 2
left_child=2 5 3 -1 -3 -2
right_child=1 4 -4 -5 -6 -7
leaf_value=-0.015877597758037126 -0.00045055913809092694 0.0098164342082824804 -0.015662346782108511 -0.0027157663489932966 0.019967495631963206 0.0072274972968568961
leaf_weight=2334.6359107419848 9944.6035218834877 13022.342130854726 12228.156603641808 11436.432217180729 4192.1910718381405 7519.2529171407223
leaf_count=16915 50369 42720 98654 66960 11374 31035
internal_value=2.89489e-05 0.00753799 -0.00998679 -0.00494712 0.0122885 0.00285531
internal_weight=60677.6 34678.4 25999.2 13771.1 17214.5 17463.9
internal_count=318027 135498 182529 83875 54094 81404
is_linear=0
shrinkage=0.05


Tree=69
num_leaves=7
num_cat=0
split_feature=3 0 0 13 2 9
split_gain=1793.99 298.905 291.931 244.568 117.498 88.5219
threshold=0.33048301935195928 0.07335901260375978 0.49719183146953588 0.36875253915786749 0.039884334430098541 0.41572362184524542
decision_type=2 2 2 2 2 2
left_child=1 -1 5 -3 -4 -2
right_child=2 3 4 -5 -6 -7
leaf_value=-0.020215999614152571 0.00050234990378570852 -0.0032776424673368956 0.023990884817923858 -0.014505439239027924 0.010024480073485869 0.0076145014601796783
leaf_weight=5584.4021310061216 14396.035089626908 13815.340512610972 1646.7343509942293 7473.9563697725534 17611.043953940272 6285.2670145481825
leaf_count=41506 66231 74806 4600 53181 53718 23985
internal_value=6.81031e-05 -0.00992007 0.00678882 -0.00721934 0.0112187 0.00266381
internal_weight=66812.8 26873.7 39939.1 21289.3 19257.8 20681.3
internal_count=318027 169493 148534 127987 58318 90216
is_linear=0
shrinkage=0.05


Tree=70
num_leaves=7
num_cat=0
split_feature=1 1 4 9 13 13
split_gain=2422.55 586.399 265.626 193.364 151.666 149.736
threshold=0.39899381995201116 0.1611677631735802 0.59849396347999584 0.25789584219455725 0.11468783766031267 0.24194829165935519
decision_type=2 2 2 2 2 2
left_child=1 4 3 -2 -1 -3
right_child=2 5 -4 -5 -6 -7
leaf_value=-0.023068385141954841 0.01214486708543067 -0.0069298415121059513 0.019160578504643852 0.004387674878812536 -0.011549563796269702 -0.00062001252030376164
leaf_weight=3502.7047803997993 14508.846865981817 15119.326973229647 6176.853056922555 18000.261012151837 15517.914219498634 24864.899615377188
leaf_count=10009 57304 41089 30122 64395 42591 72517
internal_value=-6.83645e-05 -0.00644384 0.00965568 0.00784972 -0.0136708 -0.00300596
internal_weight=97690.8 59004.8 38686 32509.1 19020.6 39984.2
internal_count=318027 166206 151821 121699 52600 113606
is_linear=0
shrinkage=0.05


Tree=71
num_leaves=7
num_cat=0
split_feature=5 13 1 5 5 5
split_gain=1430.8 307.443 262.978 156.968 99.648 94.9364
threshold=0.35926678776741033 0.23112351447343829 0.13075911998748782 0.154765360057354 0.43543799221515661 0.15274231880903247
decision_type=2 2 2 2 2 2
left_child=1 5 -2 -3 -4 -1
right_child=2 3 4 -5 -6 -7
leaf_value=-0.010285606663483961 0.015536137478784039 -0.01942191424190521 9.0978502276469435e-05 -0.0089256475602828896 0.0070595168888968945 0.002648322596080277
leaf_weight=1789.3792650476098 7613.276831060648 4589.7535418868065 7502.3682972639799 15905.093501463532 16223.994145691395 6850.1123518720269
leaf_count=11433 22302 39606 37391 112664 60792 33839
internal_value=3.51958e-05 -0.00794144 0.00745053 -0.0112763 0.00485604 -3.05046e-05
internal_weight=60474 29134.3 31339.6 20494.8 23726.4 8639.49
internal_count=318027 197542 120485 152270 98183 45272
is_linear=0
shrinkage=0.05


Tree=72
num_leaves=7
num_cat=0
split_feature=0 9 3 0 2 9
split_gain=1636.44 374.839 245.944 142.775 99.2474 49.4112
threshold=0.28823663294315344 0.21252640336751941 0.49381126463413244 0.097775287926197066 0.063745189458131804 0.40280231833457952
decision_type=2 2 2 2 2 2
left_child=1 -1 5 -3 -4 -2
right_child=2 3 4 -5 -6 -7
leaf_value=-0.019682770188800446 0.001129036524657823 -0.014135512754610131 0.017547866588295043 -0.0038844660395794522 0.008740378949672915 0.006808132386850841
leaf_weight=6642.1544498354197 14461.800523974001 4291.5623284131289 4017.8577272891998 16289.30668669194 15685.953981414437 5209.8597112745047
leaf_count=51289 65741 30204 11721 91763 48375 18934
internal_value=7.10022e-05 -0.00935512 0.00658794 -0.00602203 0.0105363 0.00263309
internal_weight=66598.5 27223 39375.5 20580.9 19703.8 19671.7
internal_count=318027 173256 144771 121967 60096 84675
is_linear=0
shrinkage=0.05


Tree=73
num_leaves=7
num_cat=0
split_feature=1 1 7 12 7 13
split_gain=2186.91 451.15 307.204 177.339 129.004 119.171
threshold=0.29430960118770605 0.49811832606792456 0.18485227227211001 0.27003093063831335 0.08193481341004373 0.28115114569664007
decision_type=2 2 2 2 2 2
left_child=2 5 4 -3 -1 -2
right_child=1 3 -4 -5 -6 -7
leaf_value=-0.024980154802552199 -0.002170943552625587 0.016430440450665999 -0.0049405400244461216 0.0078287381530475365 -0.012011790087479612 0.0045417809236551962
leaf_weight=2179.6363001465797 9608.6501578390598 10556.473574444652 23906.445855528116 13858.212489873171 15955.160214096308 21197.944715768099
leaf_count=6375 28064 47243 64947 56877 43917 70604
internal_value=-7.04488e-05 0.00647135 -0.00866312 0.011548 -0.0135705 0.00244807
internal_weight=97262.5 55221.3 42041.2 24414.7 18134.8 30806.6
internal_count=318027 202788 115239 104120 50292 98668
is_linear=0
shrinkage=0.05


Tree=74
num_leaves=7
num_cat=0
split_feature=5 13 1 5 1 5
split_gain=1296.72 275.78 237.892 143.316 112.938 89.3505
threshold=0.35539971292018896 0.31351397931575781 0.26502265036106115 0.13383469730615619 0.057648431509733207 0.154765360057354
decision_type=2 2 2 2 2 2
left_child=1 3 4 -1 -2 -3
right_child=2 5 -4 -5 -6 -7
leaf_value=-0.014092735276556689 0.024263712998206687 -0.020663815350083777 0.0018885456496583787 -0.00099610318288851632 0.0095139627653882952 -0.010809995876299166
leaf_weight=2499.7531779706478 1404.6298895031214 2969.2724282741547 13421.286401167512 12709.273844219744 17065.346884280443 10214.557742811739
leaf_count=18168 3874 27481 64487 71231 54558 78228
internal_value=3.52231e-05 -0.00773659 0.00695449 -0.00314866 0.0106357 -0.0130293
internal_weight=60284.1 28392.9 31891.3 15209 18470 13183.8
internal_count=318027 195108 122919 89399 58432 105709
is_linear=0
shrinkage=0.05


Tree=75
num_leaves=7
num_cat=0
split_feature=3 0 3 13 0 12
split_gain=1493.47 269.517 230.265 215.557 96.8444 44.7368
threshold=0.33048301935195928 0.071292854845523848 0.49381126463413244 0.36875253915786749 0.84419396519660961 0.39135316014289862
decision_type=2 2 2 2 2 2
left_child=1 -1 5 -3 -4 -2
right_child=2 3 4 -5 -6 -7
leaf_value=-0.019322853560306073 0.00059135559169278408 -0.0029346355017167963 0.0088957964620218662 -0.013557744269886783 0.020801869091133924 0.0054326153153063817
leaf_weight=5182.8886211439967 12439.128445580602 13842.356688559055 18125.773226290941 7290.252364821732 1885.6399612426758 7741.7258288562298
leaf_count=40300 57590 75814 56039 53615 5049 30111
internal_value=0.000154447 -0.00910528 0.00621716 -0.00659936 0.0100177 0.00244855
internal_weight=66507.8 26315.5 40192.3 21132.6 20011.4 20180.9
internal_count=318518 169729 148789 129429 61088 87701
is_linear=0
shrinkage=0.05


Tree=76
num_leaves=7
num_cat=0
split_feature=1 1 4 13 12 12
split_gain=1973.39 498.508 230.056 181.854 171.652 90.7676
threshold=0.39899381995201116 0.203365333378315 0.59849396347999584 0.11468783766031267 0.29224993288517004 0.41086865961551672
decision_type=2 2 2 2 2 2
left_child=1 3 4 -1 -2 -3
right_child=2 5 -4 -5 -6 -7
leaf_value=-0.021229796191393983 0.010990747335686363 -0.00017635351808464278 0.017825582969532856 -0.0092384143386333422 0.0036654662585375005 -0.0063542131148041888
leaf_weight=3672.6442649662495 15172.613709211349 24737.813246995211 5961.5188110917807 22727.189370036125 16910.514551952481 7826.6910644769669
leaf_count=10617 61049 72175 30264 62137 60744 21532
internal_value=-7.23326e-05 -0.00580059 0.00880573 -0.0109066 0.00712971 -0.00166117
internal_weight=97009 58964.3 38044.6 26399.8 32083.1 32564.5
internal_count=318518 166461 152057 72754 121793 93707
is_linear=0
shrinkage=0.05


Tree=77
num_leaves=7
num_cat=0
split_feature=2 13 1 2 2 2
split_gain=1431.51 247.547 227.97 117.903 97.208 96.3739
threshold=0.25898602604866033 0.31732065975666052 0.17700649797916415 0.07250183075666429 0.89654198288917553 0.42972128093242651
decision_type=2 2 2 2 2 2
left_child=1 3 4 -1 -2 -4
right_child=2 -3 5 -5 -6 -7
leaf_value=-0.015258580054591429 0.010406925370181192 -0.015137358422514027 0.00030462376077061779 -0.0027522839027165798 0.02721901175138235 0.0067011333844941056
leaf_weight=2280.5720306634903 11678.125697508454 10821.65659801662 12497.607962734997 10852.268921650946 928.13673758506775 11135.379273340106
leaf_count=17353 35885 92855 64457 65245 2501 40222
internal_value=-5.40759e-05 -0.009538 0.00621489 -0.00492405 0.0116447 0.00331853
internal_weight=60193.7 23954.5 36239.2 13132.8 12606.3 23633
internal_count=318518 175453 143065 82598 38386 104679
is_linear=0
shrinkage=0.05


Tree=78
num_leaves=7
num_cat=0
split_feature=0 12 3 13 6 0
split_gain=1369.39 301.945 235.784 110.266 108.394 52.8993
threshold=0.26184813678264623 0.26158282160758978 0.44127108156681066 0.23880843073129657 0.58796775341033947 0.038917327299714095
decision_type=2 2 2 2 2 2
left_child=1 5 -2 -3 -4 -1
right_child=2 3 4 -5 -6 -7
leaf_value=-0.025404009593459117 0.00091551840410342112 -0.0007360460838838806 0.0067336679385196626 -0.0090656704325592259 0.014347405491294785 -0.01540433817393725
leaf_weight=1705.8350712135434 16658.063175275922 6828.6456977948546 19585.578983485699 9501.1756995096803 6140.1704749763012 5886.4655905589461
leaf_count=14455 77712 34794 65055 63508 17234 45760
internal_value=0.000151663 -0.00941275 0.00554997 -0.00558247 0.0085509 -0.0176511
internal_weight=66305.9 23922.1 42383.8 16329.8 25725.7 7592.3
internal_count=318518 158517 160001 98302 82289 60215
is_linear=0
shrinkage=0.05


Tree=79
num_leaves=7
num_cat=0
split_feature=1 7 4 12 7 1
split_gain=1770.64 456.039 215.683 157.796 141.581 97.9609
threshold=0.39647087454795843 0.19149855524301532 0.6201646924018861 0.29224993288517004 0.08193481341004373 0.2622340470552445
decision_type=2 2 2 2 2 2
left_child=1 4 3 -2 -1 -3
right_child=2 5 -4 -5 -6 -7
leaf_value=-0.023787580744880271 0.010511840044389015 -0.0049419132926734133 0.017926673347543675 0.0035872155689415305 -0.010137006912402409 0.00013877184977149792
leaf_weight=2118.527581512928 15528.099680498242 18210.213005244732 5062.0471912920475 17497.519193992019 18374.403105825186 19806.480353325605
leaf_count=6316 63437 49206 26472 63414 50781 58892
internal_value=-7.41105e-05 -0.00553586 0.00831613 0.00684306 -0.0115482 -0.00229491
internal_weight=96597.3 58509.6 38087.7 33025.6 20492.9 38016.7
internal_count=318518 165195 153323 126851 57097 108098
is_linear=0
shrinkage=0.05


Tree=80
num_leaves=7
num_cat=0
split_feature=2 13 2 2 2 2
split_gain=1306.18 233.03 202.561 110.608 94.8833 60.9376
threshold=0.25898602604866033 0.31732065975666052 0.75191712379455578 0.07250183075666429 0.40558539330959326 0.14639136940240863
decision_type=2 2 2 2 2 2
left_child=1 3 4 -1 -2 -3
right_child=2 5 -4 -5 -6 -7
leaf_value=-0.014814426031059711 0.0011067450838022589 -0.018637140249243317 0.015106748037323738 -0.002613356110952909 0.0067085392947827116 -0.011057408507293679
leaf_weight=2242.7087413817644 12883.837666034698 5079.9413879513741 5139.5105715692043 10815.024694614112 18290.716177597642 5547.2474965080619
leaf_count=17353 65053 48266 13979 65245 64033 44589
internal_value=-4.82893e-05 -0.00918313 0.00590968 -0.00470893 0.00439343 -0.0146806
internal_weight=59999 23684.9 36314.1 13057.7 31174.6 10627.2
internal_count=318518 175453 143065 82598 129086 92855
is_linear=0
shrinkage=0.05


Tree=81
num_leaves=7
num_cat=0
split_feature=0 9 2 9 13 0
split_gain=1244.83 298.623 220.088 121.957 119.381 57.118
threshold=0.26184813678264623 0.20800537616014483 0.10504150390625001 0.41187781095504766 0.23880843073129657 0.88182061910629284
decision_type=2 2 2 2 2 2
left_child=1 -1 5 -4 -3 -2
right_child=2 4 3 -5 -6 -7
leaf_value=-0.019194610129176667 0.010620088657619556 -0.00079932945487485056 0.0008305245856256102 0.0070596390926546508 -0.0091447900702279761 0.023478142838680622
leaf_weight=5546.9908633157611 8720.4874720275402 6963.8413163423538 19718.607739910483 13063.310909479856 11140.837624318898 958.64529165625572
leaf_count=45974 29331 35717 86795 41294 76826 2581
internal_value=0.00014822 -0.00904458 0.0052688 0.00331277 -0.00593477 0.0118936
internal_weight=66112.7 23651.7 42461.1 32781.9 18104.7 9679.13
internal_count=318518 158517 160001 128089 112543 31912
is_linear=0
shrinkage=0.05


Tree=82
num_leaves=7
num_cat=0
split_feature=4 4 4 7 4 0
split_gain=1577.22 295.881 284.279 109.233 95.8584 92.7813
threshold=0.26841160655021673 0.13371665775775912 0.44924367964267736 0.08193481341004373 0.66940033435821544 0.43249930441379553
decision_type=2 2 2 2 2 2
left_child=1 3 5 -1 -4 -2
right_child=2 -3 4 -5 -6 -7
leaf_value=-0.02309057774365186 0.0048684229876607083 -0.0039327002449398999 0.0096622560793382176 -0.010725164096447998 0.019036624492659384 -0.0018932763153340776
leaf_weight=2082.5885477364063 26657.442708536983 32763.117945984006 12404.846032306552 12539.925466120243 3495.4184617996216 6265.7313431352377
leaf_count=6278 92466 90202 56374 35225 18932 19041
internal_value=-7.39196e-05 -0.00657221 0.006233 -0.0124863 0.0117231 0.00358158
internal_weight=96209.1 47385.6 48823.4 14622.5 15900.3 32923.2
internal_count=318518 131705 186813 41503 75306 111507
is_linear=0
shrinkage=0.05


Tree=83
num_leaves=7
num_cat=0
split_feature=2 13 1 2 2 2
split_gain=1189.46 219.483 180.477 104.243 85.0445 70.0286
threshold=0.25898602604866033 0.31732065975666052 0.13075911998748782 0.069115519523620619 0.42972128093242651 0.92143428325653087
decision_type=2 2 2 2 2 2
left_child=1 3 5 -1 -4 -2
right_child=2 -3 4 -5 -6 -7
leaf_value=-0.014844475476982727 0.011011735042697222 -0.014230665921558361 0.00085922209312747132 -0.0025540785775835539 0.0063527845157327987 0.030845774289411976
leaf_weight=2048.456416927278 7691.4395344853401 10440.283128842711 13536.665874071419 10935.064749836922 14690.307111158967 472.3657186627388
leaf_count=16141 22707 92855 68476 66457 50595 1287
internal_value=-4.49308e-05 -0.0088333 0.00561191 -0.00449318 0.00371826 0.0121594
internal_weight=59814.6 23423.8 36390.8 12983.5 28227 8163.81
internal_count=318518 175453 143065 82598 119071 23994
is_linear=0
shrinkage=0.05


Tree=84
num_leaves=7
num_cat=0
split_feature=0 12 2 13 13 0
split_gain=1130.51 275.415 200.747 102.376 93.1051 56.829
threshold=0.26184813678264623 0.26158282160758978 0.11722511425614358 0.33325797319412237 0.23880843073129657 0.88182061910629284
decision_type=2 2 2 2 2 2
left_child=1 -1 5 -4 -3 -2
right_child=2 4 3 -5 -6 -7
leaf_value=-0.016736593461046816 0.0096124467251089262 -0.00058510109505850001 0.0045818076646943233 -0.0020331218691084429 -0.0082841217843173231 0.022353553605183606
leaf_weight=7302.0576446652412 10436.742355436087 6804.4728806763887 23339.392902702093 7805.1593418493867 9285.3993792980909 955.28278467059135
leaf_count=60215 35626 34794 82105 39689 63508 2581
internal_value=0.000146069 -0.00868309 0.00500145 0.00292404 -0.00502817 0.0106809
internal_weight=65928.5 23391.9 42536.6 31144.6 16089.9 11392
internal_count=318518 158517 160001 121794 98302 38207
is_linear=0
shrinkage=0.05


Tree=85
num_leaves=7
num_cat=0
split_feature=1 7 1 13 1 1
split_gain=1440.78 408.799 173.047 139.497 124.53 89.0456
threshold=0.40902425348758703 0.18933090567588809 0.8021131455898286 0.33735989034175878 0.075336553156375899 0.2622340470552445
decision_type=2 2 2 2 2 2
left_child=1 4 3 -2 -1 -3
right_child=2 5 -4 -5 -6 -7
leaf_value=-0.018749768275301761 0.002916726054822372 -0.0044198073369539105 0.017430371400559651 0.0096257853841374696 -0.0087050485102307795 0.00030108579141939918
leaf_weight=3807.5932656526566 14000.408365994692 18520.760861158371 4205.9623978883028 17348.627451449633 16272.02707734704 21682.20118778944
leaf_count=11587 50988 50059 22647 73356 44758 65123
internal_value=-7.54324e-05 -0.00478364 0.00790721 0.00662953 -0.0106098 -0.00187374
internal_weight=95837.6 60282.6 35555 31349 20079.6 40203
internal_count=318518 171527 146991 124344 56345 115182
is_linear=0
shrinkage=0.05


Tree=86
num_leaves=7
num_cat=0
split_feature=2 13 2 2 13 2
split_gain=1085.42 207.205 163.128 97.7029 80.7728 59.179
threshold=0.25898602604866033 0.31732065975666052 0.75191712379455578 0.048255776986479766 0.10773291438817979 0.14639136940240863
decision_type=2 2 2 2 2 2
left_child=1 3 4 -1 -2 -3
right_child=2 5 -4 -5 -6 -7
leaf_value=-0.018515370630774582 0.015853988551616498 -0.01779097226003851 0.013589025465113959 -0.0029550599503771419 0.0034392602161918404 -0.010189682623888471
leaf_weight=1103.0486131832004 1370.130201458931 4878.4424044638872 5145.2009424567223 11808.533152848482 29943.382251754403 5389.1487422287464
leaf_count=8959 4380 48266 13979 73639 124706 44589
internal_value=-4.02571e-05 -0.00850005 0.00533819 -0.00428439 0.00398247 -0.0138013
internal_weight=59637.9 23179.2 36458.7 12911.6 31313.5 10267.6
internal_count=318518 175453 143065 82598 129086 92855
is_linear=0
shrinkage=0.05


Tree=87
num_leaves=7
num_cat=0
split_feature=3 0 13 6 0 0
split_gain=1036.2 232.54 168.257 150.033 64.3646 38.0032
threshold=0.33048301935195928 0.065165810286998763 0.36875253915786749 0.58796775341033947 0.3936069011688233 0.023257335647940639
decision_type=2 2 2 2 2 2
left_child=1 5 -3 4 -2 -1
right_child=3 2 -4 -5 -6 -7
leaf_value=-0.027744423518262024 0.00079863183271905815 -0.0024459234826544043 -0.011947404632534403 0.012246596479576178 0.0053712612135404895 -0.016010366375360123
leaf_weight=861.67605266720057 11683.533970840275 13971.08567289263 6990.8900988772511 6229.6638524979353 22547.847183644772 3463.8181315138936
leaf_count=7696 55819 78624 54570 17551 75419 28839
internal_value=0.000147144 -0.00779275 -0.0056147 0.00510944 0.00381057 -0.0183479
internal_weight=65748.5 25287.5 20962 40461 34231.4 4325.49
internal_count=318518 169729 133194 148789 131238 36535
is_linear=0
shrinkage=0.05


Tree=88
num_leaves=7
num_cat=0
split_feature=1 1 1 12 13 0
split_gain=1297.58 307.261 235.722 150.084 98.6678 71.451
threshold=0.29163080453872686 0.63116282224655162 0.092812445014715209 0.37039452791213995 0.19626607745885852 0.055525638163089759
decision_type=2 2 2 2 2 2
left_child=2 3 -1 -2 -4 -3
right_child=1 5 4 -5 -6 -7
leaf_value=-0.015287961130764405 0.0048904487024244749 0.018441462066300509 -0.0083987859364688718 -0.001748914194750836 -0.0029299171049081488 0.0097532305952221128
leaf_weight=6757.5561298727989 30882.192030742764 3330.6162676662207 13581.466863721609 11750.45785908401 20999.745117247105 8173.8901780694723
leaf_count=20181 110238 18058 37027 36371 56985 39658
internal_value=-7.62925e-05 0.00501727 -0.0067468 0.0030605 -0.00507777 0.0122685
internal_weight=95475.9 54137.2 41338.8 42632.6 34581.2 11504.5
internal_count=318518 204325 114193 146609 94012 57716
is_linear=0
shrinkage=0.05


Tree=89
num_leaves=7
num_cat=0
split_feature=2 1 13 2 2 2
split_gain=989.404 173.62 170.729 98.2366 82.5896 62.5137
threshold=0.23241368681192401 0.13075911998748782 0.31732065975666052 0.40558539330959326 0.048255776986479766 0.92143428325653087
decision_type=2 2 2 2 2 2
left_child=2 5 4 -3 -1 -2
right_child=1 3 -4 -5 -6 -7
leaf_value=-0.018047510327485663 0.0099407620633062774 -0.00015477551631021941 -0.014120919763726751 0.0055103803082426194 -0.0035132867363394868 0.028769972351260831
leaf_weight=1080.4673983752728 7912.5923564583063 14327.377179197967 9012.210550121963 16424.683783754706 10248.565066516399 466.81567656993866
leaf_count=8959 23459 77079 84533 57641 65560 1287
internal_value=-4.01932e-05 0.00460949 -0.00898503 0.00287099 -0.00489944 0.0109897
internal_weight=59472.7 39131.5 20341.2 30752.1 11329 8379.41
internal_count=318518 159466 159052 134720 74519 24746
is_linear=0
shrinkage=0.05


Tree=90
num_leaves=7
num_cat=0
split_feature=3 9 3 3 0 0
split_gain=947.554 209.604 149.824 88.9787 67.1836 54.8718
threshold=0.31228122115135198 0.20800537616014483 0.4545560628175736 0.16499470174312594 0.71704617142677318 0.22793147712945941
decision_type=2 2 2 2 2 2
left_child=1 5 -2 -3 -4 -1
right_child=2 3 4 -5 -6 -7
leaf_value=-0.018592174748830497 0.001044745278627596 -0.011842181559451787 0.005484106032870687 -0.0033656287985466497 0.011435525331051553 -0.004978341102331002
leaf_weight=4776.8391756042838 18129.791138954461 4059.1353003010154 18204.488189786673 13046.374011144042 6412.3219765424728 875.88095160573721
leaf_count=42165 83745 30771 59981 77793 17364 6500
internal_value=0.000106162 -0.00813554 0.00449403 -0.00537711 0.00703436 -0.0164827
internal_weight=65504.8 22758.2 42746.6 17105.5 24616.8 5652.72
internal_count=318319 157229 161090 108564 77345 48665
is_linear=0
shrinkage=0.05


Tree=91
num_leaves=7
num_cat=0
split_feature=1 7 12 7 4 1
split_gain=1175.48 352.04 151.514 115.765 99.2281 68.9786
threshold=0.40902425348758703 0.19149855524301532 0.27469983696937567 0.08193481341004373 0.55622753500938427 0.54085135459899913
decision_type=2 2 2 2 2 2
left_child=1 3 5 -1 -4 -2
right_child=2 -3 4 -5 -6 -7
leaf_value=-0.02092860825433647 0.0072673347264540543 -0.0015689626328196532 0.0027796462634747561 -0.0083965505109820076 0.011718936641992878 0.014197933226650361
leaf_weight=2049.8002265393734 6449.1575099676847 39755.573247343302 16620.363497003913 18246.170966297388 3817.3347813785076 8098.4445700794458
leaf_count=6345 25198 114044 60944 50938 19898 40952
internal_value=-5.99365e-05 -0.00430429 0.00722541 -0.00966223 0.00444932 0.0111255
internal_weight=95036.8 60051.5 34985.3 20296 20437.7 14547.6
internal_count=318319 171327 146992 57283 80842 66150
is_linear=0
shrinkage=0.05


Tree=92
num_leaves=7
num_cat=0
split_feature=2 4 2 13 7 2
split_gain=886.912 164.474 149.956 87.8031 85.4108 84.8828
threshold=0.23241368681192401 0.20062107592821124 0.49147866666316992 0.48078571259975439 0.21752292662858966 0.89654198288917553
decision_type=2 2 2 2 2 2
left_child=1 -1 4 -3 -2 -4
right_child=2 3 5 -5 -6 -7
leaf_value=-0.00063325843514623376 0.006597890351378189 -0.0095818461391661523 0.0069860276572012332 -0.020470312130433998 -0.00040875959149149307 0.022788850810372387
leaf_weight=4948.292562738061 6056.0520853996277 13019.585607126355 16713.387896507978 2158.4079086109996 15434.147409856319 895.26559764146805
leaf_count=27037 23433 110796 51428 21272 81883 2470
internal_value=-2.12397e-05 -0.00854944 0.00436869 -0.0111303 0.00156575 0.00778948
internal_weight=59225.1 20126.3 39098.9 15178 21490.2 17608.7
internal_count=318319 159105 159214 132068 105316 53898
is_linear=0
shrinkage=0.05


Tree=93
num_leaves=7
num_cat=0
split_feature=3 9 2 9 3 0
split_gain=862.58 197.9 137.461 88.0574 82.8733 53.1187
threshold=0.31228122115135198 0.20800537616014483 0.11722511425614358 0.41187781095504766 0.16499470174312594 0.22793147712945941
decision_type=2 2 2 2 2 2
left_child=1 5 -2 -4 -3 -1
right_child=2 4 3 -5 -6 -7
leaf_value=-0.018122382909921877 0.0087939740695634327 -0.011422536279156084 0.00024604782473266606 0.0056797862370815966 -0.0031937286708231573 -0.0046547716290177696
leaf_weight=4673.5963255390525 12092.385118752718 4002.3701369315386 17970.660804092884 12743.221706703305 12991.037939839065 868.16648247092962
leaf_count=42165 42481 30771 78119 40490 77793 6500
internal_value=0.000110124 -0.00780757 0.00427836 0.00250051 -0.00513182 -0.0160126
internal_weight=65341.4 22535.2 42806.3 30713.9 16993.4 5541.76
internal_count=318319 157229 161090 118609 108564 48665
is_linear=0
shrinkage=0.05


Tree=94
num_leaves=7
num_cat=0
split_feature=1 1 1 12 13 13
split_gain=1062.25 243.79 195.129 113.211 100.899 89.2643
threshold=0.29163080453872686 0.5476096272468568 0.095706474035978331 0.25520344078540808 0.27594190835952764 0.19781593978405002
decision_type=2 2 2 2 2 2
left_child=2 4 -1 -3 -2 -4
right_child=1 3 5 -5 -6 -7
leaf_value=-0.013652338685982144 -0.0018983475519042177 0.014762655862970989 -0.0077057796315067803 0.0063952157370037793 0.0039213850673745177 -0.0024663400910395327
leaf_weight=7091.6475438773632 10512.40742175281 6322.3181207180023 13432.613038003445 11210.132921427488 25546.797152608633 20589.859061598778
leaf_count=21380 31014 32875 36691 51471 89024 55864
internal_value=-6.18745e-05 0.00457624 -0.00610758 0.00941257 0.00222475 -0.00453495
internal_weight=94705.8 53591.7 41114.1 17532.5 36059.2 34022.5
internal_count=318319 204384 113935 84346 120038 92555
is_linear=0
shrinkage=0.05


Tree=95
num_leaves=7
num_cat=0
split_feature=2 1 13 2 2 7
split_gain=808.031 159.855 138.403 92.5393 75.8086 75.0213
threshold=0.21044220030307773 0.17700649797916415 0.31351397931575781 0.37697017192840582 0.048255776986479766 0.08193481341004373
decision_type=2 2 2 2 2 2
left_child=2 5 4 -3 -1 -2
right_child=1 3 -4 -5 -6 -7
leaf_value=-0.017789028449817022 0.018510245146792382 -0.0013804637018595229 -0.013851259432174259 0.0043744723802241993 -0.003427582508378036 0.0069176829214621571
leaf_weight=1028.3100775554776 1582.515543743968 13279.108755640686 7986.5377024039626 14738.08262167871 8635.2840517833829 11816.94176055491
leaf_count=8730 4731 77900 78541 55410 56711 36296
internal_value=-2.26147e-05 0.00379506 -0.00898092 0.00164685 -0.00495579 0.0082868
internal_weight=59066.8 41416.6 17650.1 28017.2 9663.59 13399.5
internal_count=318319 174337 143982 133310 65441 41027
is_linear=0
shrinkage=0.05


Tree=96
num_leaves=7
num_cat=0
split_feature=3 9 2 13 9 0
split_gain=787.24 186.894 125.533 80.5004 78.4637 51.3996
threshold=0.31228122115135198 0.20800537616014483 0.11722511425614358 0.26498275995254522 0.41187781095504766 0.23203302174806598
decision_type=2 2 2 2 2 2
left_child=1 5 -2 -3 -4 -1
right_child=2 3 4 -5 -6 -7
leaf_value=-0.017606441934461602 0.0083897555038840305 -0.0010341224562737852 0.00024996493040101533 -0.0079827765981815429 0.0053756735194767282 -0.0040092691564912698
leaf_weight=4620.2635408788919 12115.220783889294 7484.4971818327904 17963.825146570802 9406.5593961179256 12776.441753983498 818.09394209831953
leaf_count=42534 42481 40126 78119 68438 40490 6131
internal_value=0.000112899 -0.00749938 0.0040792 -0.0049038 0.00238034 -0.015561
internal_weight=65184.9 22329.4 42855.5 16891.1 30740.3 5438.36
internal_count=318319 157229 161090 108564 118609 48665
is_linear=0
shrinkage=0.05


Tree=97
num_leaves=7
num_cat=0
split_feature=1 1 1 12 13 13
split_gain=959.027 229.869 177.284 128.458 91.5611 65.7961
threshold=0.28620199859142309 0.49811832606792456 0.081251800060272231 0.23767779022455218 0.19626607745885852 0.27322417497634893
decision_type=2 2 2 2 2 2
left_child=2 5 -1 -3 -4 -2
right_child=1 3 4 -5 -6 -7
leaf_value=-0.014882175448500044 -0.0019653590446489168 0.013965535985482311 -0.0077202057501658183 0.0056874223196656864 -0.0025470519097227015 0.0030122506566775545
leaf_weight=4856.1159566044807 9436.7531297802925 6661.8191585987806 14610.842903256416 15804.140652015805 20631.389372199774 22392.47307933867
leaf_count=15064 27299 33752 40263 70631 55976 75334
internal_value=-6.13567e-05 0.00426973 -0.00592587 0.00814213 -0.00469176 0.00153649
internal_weight=94393.5 54295.2 40098.3 22466 35242.2 31829.2
internal_count=318319 207016 111303 104383 96239 102633
is_linear=0
shrinkage=0.05


Tree=98
num_leaves=7
num_cat=0
split_feature=2 1 4 2 12 2
split_gain=738.151 140.41 129.529 83.2165 63.0972 55.6837
threshold=0.21044220030307773 0.13332024961709979 0.20062107592821124 0.37697017192840582 0.26531910896301275 0.92143428325653087
decision_type=2 2 2 2 2 2
left_child=2 5 -1 -3 -4 -2
right_child=1 3 4 -5 -6 -7
leaf_value=-0.0012443383420701673 0.0082865527314796555 -0.00077539327063048729 -0.016969349900934908 0.0043143753570318777 -0.0090751105945496343 0.026272130288620583
leaf_weight=4413.0563662499189 8337.5558357387781 14234.11023697257 3435.8233685716987 18426.918267965317 9613.9137379154563 453.76922535896301
leaf_count=24743 24841 81844 36392 66373 82847 1279
internal_value=-2.66089e-05 0.00360594 -0.00864938 0.00209619 -0.0111536 0.00921489
internal_weight=58915.1 41452.4 17462.8 32661 13049.7 8791.33
internal_count=318319 174337 143982 148217 119239 26120
is_linear=0
shrinkage=0.05


Tree=99
num_leaves=7
num_cat=0
split_feature=0 9 2 13 9 11
split_gain=721.096 230.202 137.669 88.7037 64.724 39.1698
threshold=0.26184813678264623 0.21252640336751941 0.11722511425614358 0.26498275995254522 0.41187781095504766 0.17226836085319522
decision_type=2 2 2 2 2 2
left_child=1 5 -2 -3 -4 -1
right_child=2 3 4 -5 -6 -7
leaf_value=0.024659086153193985 0.0086102658603702531 -0.00056884973877934766 0.0003617244740935601 -0.0077915090484732292 0.0050152641141816799 -0.016722405954408697
leaf_weight=57.815848670899868 11463.612255275249 8154.3645834773779 18873.444994010031 8880.4306707307696 12368.890986070037 5236.8821394592524
leaf_count=594 38178 43699 83084 65828 38578 48358
internal_value=0.000116657 -0.00716443 0.00392369 -0.0043341 0.00220407 -0.0162705
internal_weight=65035.4 22329.5 42705.9 17034.8 31242.3 5294.7
internal_count=318319 158479 159840 109527 121662 48952
is_linear=0
shrinkage=0.05


Tree=100
num_leaves=7
num_cat=0
split_feature=1 7 1 13 7 1
split_gain=864.928 267.128 129.736 114.365 102.458 46.2942
threshold=0.40902425348758703 0.19149855524301532 0.82518765330314647 0.33052019774913793 0.08193481341004373 0.26759737730026251
decision_type=2 2 2 2 2 2
left_child=1 4 3 -2 -1 -3
right_child=2 5 -4 -5 -6 -7
leaf_value=-0.01913928431580459 0.0018220166536771821 -0.0031023503307168825 0.015871241729571921 0.0079441106355402358 -0.0072018637172624579 0.00031524549627813872
leaf_weight=1995.4614513516426 13481.600650578737 18935.712669402361 3192.337519094348 17570.416190460324 18116.445751309395 20786.057436063886
leaf_count=6345 50401 51270 18957 77634 50938 62774
internal_value=-6.42551e-05 -0.00369117 0.0062729 0.00528613 -0.00838627 -0.00131395
internal_weight=94078 59833.7 34244.4 31052 20111.9 39721.8
internal_count=318319 171327 146992 128035 57283 114044
is_linear=0
shrinkage=0.05


Tree=101
num_leaves=7
num_cat=0
split_feature=2 1 13 2 2 7
split_gain=675.664 126.368 123.318 76.119 72.0457 67.1139
threshold=0.20865672081708911 0.17700649797916415 0.31351397931575781 0.3543302863836289 0.048255776986479766 0.08193481341004373
decision_type=2 2 2 2 2 2
left_child=2 5 4 -3 -1 -2
right_child=1 3 -4 -5 -6 -7
leaf_value=-0.01723527863990713 0.017039229693351681 -0.0015581061465040217 -0.01310800951141494 0.0037088610434664452 -0.0030636327957683385 0.0061004780892096738
leaf_weight=1003.484085470438 1589.7333769500256 11797.339423246682 7660.6262677833438 16390.263643398881 8437.5669771060348 11888.102036401629
leaf_count=8730 4739 71404 77874 63061 56118 36393
internal_value=-2.62367e-05 0.00340855 -0.00839453 0.00150448 -0.00456993 0.00739072
internal_weight=58767.1 41665.4 17101.7 28187.6 9441.05 13477.8
internal_count=318319 175597 142722 134465 64848 41132
is_linear=0
shrinkage=0.05


Tree=102
num_leaves=7
num_cat=0
split_feature=0 9 2 13 0 2
split_gain=661.809 187.462 154.203 106.769 69.423 44.4727
threshold=0.22132064402103427 0.20800537616014483 0.13343654572963717 0.33325797319412237 0.06722325831651689 0.037614218890666969
decision_type=2 2 2 2 2 2
left_child=1 -1 5 -4 -3 -2
right_child=2 4 3 -5 -6 -7
leaf_value=-0.016969912585822096 0.015060640661769632 -0.013427816539510092 0.003021444026868035 -0.0035891557973107601 -0.0035911075743647798 0.0065556348334405382
leaf_weight=4400.2482144683599 1752.6344914510846 2121.4296283870935 24354.42317892611 8152.7586425617337 11609.723727561533 12494.845486216247
leaf_count=42083 5372 18258 88092 45233 74415 44866
internal_value=0.000119928 -0.00798889 0.00326452 0.00136351 -0.00511086 0.00760187
internal_weight=64886.1 18131.4 46754.7 32507.2 13731.2 14247.5
internal_count=318319 134756 183563 133325 92673 50238
is_linear=0
shrinkage=0.05


Tree=103
num_leaves=7
num_cat=0
split_feature=1 1 13 12 0 13
split_gain=777.537 199.573 155.385 114.034 69.311 65.5955
threshold=0.27827452123165136 0.61725172400474559 0.11468783766031267 0.35344728827476507 0.038917327299714095 0.19626607745885852
decision_type=2 2 2 2 2 2
left_child=2 3 -1 -2 -3 -4
right_child=1 4 5 -5 -6 -7
leaf_value=-0.015403150158716575 0.0040709628464459576 0.018035531519643232 -0.0070368925710232056 -0.0012906377229877969 0.0077998061224057603 -0.0026515128333044749
leaf_weight=3597.4213888943195 28203.691032588482 1995.0183023959398 14687.515819400549 15295.289577588439 9672.2110713720322 20329.883229464293
leaf_count=11024 101781 11955 41195 47327 49689 55348
internal_value=-6.5823e-05 0.0037432 -0.0055075 0.00218569 0.00955005 -0.00449089
internal_weight=93781 55166.2 38614.8 43499 11667.2 35017.4
internal_count=318319 210752 107567 149108 61644 96543
is_linear=0
shrinkage=0.05


Tree=104
num_leaves=7
num_cat=0
split_feature=2 13 1 2 2 2
split_gain=616.833 116.968 112.696 97.9075 67.3262 50.2463
threshold=0.20865672081708911 0.45785419642925268 0.13075911998748782 0.084526777267456069 0.37697017192840582 0.89654198288917553
decision_type=2 2 2 2 2 2
left_child=1 3 5 -1 -4 -2
right_child=2 -3 4 -5 -6 -7
leaf_value=-0.013202740539489803 0.0070574388706085376 -0.018796621234152353 -0.00065351064402570077 -0.0039967759100645204 0.0038939616198628221 0.019698791136728448
leaf_weight=3946.3038604035974 7704.2599703222513 2212.0626085326076 14397.438003621995 10770.91922416538 18724.947292298079 875.37627685070038
leaf_count=36996 22926 23931 83228 81795 66973 2470
internal_value=-2.74381e-05 -0.00807655 0.00324017 -0.00646528 0.00191729 0.00834723
internal_weight=58631.3 16929.3 41702 14717.2 33122.4 8579.64
internal_count=318319 142722 175597 118791 150201 25396
is_linear=0
shrinkage=0.05


Tree=105
num_leaves=7
num_cat=0
split_feature=0 3 9 13 10 2
split_gain=619.517 173.356 122.204 77.7074 62.702 62.6932
threshold=0.17305606603622439 0.43866358697414404 0.19579204916954043 0.2745834887027741 0.20085400342941287 0.037614218890666969
decision_type=2 2 2 2 2 2
left_child=2 3 -1 -2 -4 -3
right_child=1 5 4 -5 -6 -7
leaf_value=-0.018220630060619258 0.0029000794799507578 0.014622320959373304 -0.00077784232212611349 -0.0027635277821363509 -0.0094119112801891551 0.0047859177131473647
leaf_weight=3089.1286843940616 10462.962217658758 1732.1460876911879 2987.6351434886456 14380.475618042052 7099.6404951587319 24997.640841379762
leaf_count=30609 42781 5181 16948 86406 56827 79443
internal_value=0.000156545 0.00262864 -0.00951936 -0.000378266 -0.00685468 0.00542334
internal_weight=64749.6 51573.2 13176.4 24843.4 10087.3 26729.8
internal_count=318195 213811 104384 129187 73775 84624
is_linear=0
shrinkage=0.05


Tree=106
num_leaves=7
num_cat=0
split_feature=1 7 1 13 1 1
split_gain=698.43 212.307 111.465 97.4229 73.9414 50.6513
threshold=0.40659241378307348 0.16063205152750018 0.82518765330314647 0.33325797319412237 0.065267898142337813 0.23527671396732333
decision_type=2 2 2 2 2 2
left_child=1 4 3 -2 -1 -3
right_child=2 5 -4 -5 -6 -7
leaf_value=-0.016690414127068974 0.0015562165530027599 -0.0037065136893941783 0.014665674611902782 0.0071878201501770827 -0.0070863218450611908 -0.00030229346656136113
leaf_weight=2410.3925952017307 13846.755449682474 18650.921112149954 3070.3627831935883 17242.407171472907 11888.913603305817 26384.527484878898
leaf_count=7916 52018 50608 18914 77174 33740 77825
internal_value=-0.000118425 -0.00339742 0.00557715 0.00467957 -0.00870526 -0.00171211
internal_weight=93494.3 59334.8 34159.5 31089.2 14299.3 45035.4
internal_count=318195 170089 148106 129192 41656 128433
is_linear=0
shrinkage=0.05


Tree=107
num_leaves=7
num_cat=0
split_feature=2 5 13 5 13 2
split_gain=573.382 116.632 98.41 76.2163 74.7775 69.2081
threshold=0.19192286580801013 0.42704911530017858 0.48764842748641973 0.13383469730615619 0.24040533602237704 0.89654198288917553
decision_type=2 2 2 2 2 2
left_child=2 4 3 -1 -2 -3
right_child=1 5 -4 -5 -6 -7
leaf_value=-0.013140893724124811 0.0040882465657538737 0.0046898907513629731 -0.020979372675593789 -0.004784347073353146 -0.0024252839498815088 0.019023127820150136
leaf_weight=3776.9711415842175 6980.2889340519905 23671.664531305432 1410.317381978035 9829.8788874298334 11949.529565759003 873.25555196404457
leaf_count=36074 29751 81338 15926 78307 74318 2481
internal_value=1.5999e-05 0.00292551 -0.00840704 -0.00710395 -2.34477e-05 0.00519984
internal_weight=58491.9 43474.7 15017.2 13606.9 18929.8 24544.9
internal_count=318195 187888 130307 114381 104069 83819
is_linear=0
shrinkage=0.05


Tree=108
num_leaves=7
num_cat=0
split_feature=3 3 0 13 2 8
split_gain=570.499 142.383 116.797 80.8042 57.6986 52.8349
threshold=0.24841790646314624 0.43866358697414404 0.038917327299714095 0.26498275995254522 0.087789773941040053 0.34173704683780676
decision_type=2 2 2 2 2 2
left_child=2 5 -1 -4 -3 -2
right_child=1 4 3 -5 -6 -7
leaf_value=-0.020334922861841159 -0.0023572852916913978 0.0089837683877140341 -0.0018285910851768242 -0.010169626796583522 0.0037364794576740831 0.0023845061756516553
leaf_weight=1879.1536431312561 12837.519412256777 7140.0953998267651 4731.3403082638979 7516.2220567017794 19674.254583194852 10830.873194202781
leaf_count=19015 75535 21827 28438 64456 63032 45892
internal_value=0.000153549 0.00263896 -0.00872824 -0.00694741 0.00513372 -0.000187398
internal_weight=64609.5 50482.7 14126.7 12247.6 26814.3 23668.4
internal_count=318195 206286 111909 92894 84859 121427
is_linear=0
shrinkage=0.05


Tree=109
num_leaves=7
num_cat=0
split_feature=1 7 1 9 1 1
split_gain=625.091 194.714 102.689 83.3087 69.2983 45.3313
threshold=0.40659241378307348 0.16063205152750018 0.82518765330314647 0.32010583579540258 0.065267898142337813 0.23527671396732333
decision_type=2 2 2 2 2 2
left_child=1 4 3 -2 -1 -3
right_child=2 5 -4 -5 -6 -7
leaf_value=-0.016082936500430058 0.0062796880307485568 -0.0034891576569171406 0.014106035129397343 0.00078329723462206209 -0.0067441055956613347 -0.00026820915674565432
leaf_weight=2385.9665465056896 20560.604141905904 18640.901486873627 3013.3194650113583 10371.754966884851 11863.300038456917 26386.315859526396
leaf_count=7916 91002 50608 18914 38190 33740 77825
internal_value=-0.000115364 -0.00321373 0.00529506 0.00443672 -0.00830784 -0.00160166
internal_weight=93222.2 59276.5 33945.7 30932.4 14249.3 45027.2
internal_count=318195 170089 148106 129192 41656 128433
is_linear=0
shrinkage=0.05


Tree=110
num_leaves=7
num_cat=0
split_feature=2 2 13 13 2 2
split_gain=525.227 103.502 94.882 85.1059 63.0267 60.2418
threshold=0.19192286580801013 0.39450432360172277 0.4015322625637055 0.23421824723482135 0.89654198288917553 0.042026357725262649
decision_type=2 2 2 2 2 2
left_child=2 3 5 -2 -3 -1
right_child=1 4 -4 -5 -6 -7
leaf_value=-0.017419854679806595 0.0045120797631968629 0.004424767890974287 -0.015564576734118145 -0.0025340771727887595 0.018151085433417986 -0.004824622260070111
leaf_weight=1043.5305759012699 6658.125507414341 23945.157156705856 3308.0170786753297 12025.585255660117 866.55413421988487 10518.770994573832
leaf_count=10300 29349 79183 37153 76875 2481 82854
internal_value=1.42851e-05 0.00278762 -0.00809768 -2.31093e-05 0.00490416 -0.00596138
internal_weight=58365.7 43495.4 14870.3 18683.7 24811.7 11562.3
internal_count=318195 187888 130307 106224 81664 93154
is_linear=0
shrinkage=0.05


Tree=111
num_leaves=7
num_cat=0
split_feature=0 3 9 13 10 5
split_gain=526.553 135.093 115.56 64.8501 57.5794 48.5413
threshold=0.17305606603622439 0.43866358697414404 0.18970925360918048 0.2745834887027741 0.20085400342941287 0.14663773030042651
decision_type=2 2 2 2 2 2
left_child=2 3 -1 -2 -4 -3
right_child=1 5 4 -5 -6 -7
leaf_value=-0.018069680485677704 0.0027313680935529979 0.0082332041756581261 -0.00065928903658170411 -0.0024473039538112566 -0.0088846611274056141 0.0035235724336564961
leaf_weight=2705.4447524994612 10488.746849179268 7658.7605183720589 3024.1617746055126 14269.606080107391 7176.8537080958486 19154.232330575585
leaf_count=27845 42781 23693 17350 86406 59189 60931
internal_value=0.000149351 0.00240975 -0.0088827 -0.000253387 -0.00644619 0.00486881
internal_weight=64477.8 51571.3 12906.5 24758.4 10201 26813
internal_count=318195 213811 104384 129187 76539 84624
is_linear=0
shrinkage=0.05


Tree=112
num_leaves=7
num_cat=0
split_feature=1 1 13 13 0 13
split_gain=563.534 168.437 125.179 88.0652 52.9044 44.3882
threshold=0.26759737730026251 0.63116282224655162 0.11468783766031267 0.29998074471950537 0.038917327299714095 0.19330671429634097
decision_type=2 2 2 2 2 2
left_child=2 3 -1 -2 -3 -4
right_child=1 4 5 -5 -6 -7
leaf_value=-0.013889965568573845 -0.00099586147588653657 0.016428318925076402 -0.0061432530932876567 0.0034918547481405139 0.0071112144314038383 -0.0024340429096333066
leaf_weight=3524.8151429891586 18019.886267632246 1852.2587987929583 13827.592798054218 27791.982886970043 8586.6384066641331 19356.637702763081
leaf_count=10998 54566 11800 39117 103075 45936 52703
internal_value=-0.000112195 0.00303269 -0.00493123 0.00172663 0.00876442 -0.00397964
internal_weight=92959.8 56250.8 36709 45811.9 10438.9 33184.2
internal_count=318195 215377 102818 157641 57736 91820
is_linear=0
shrinkage=0.05


Tree=113
num_leaves=7
num_cat=0
split_feature=2 13 5 5 13 2
split_gain=481.897 92.5116 92.4937 69.9803 62.217 56.2802
threshold=0.19192286580801013 0.48764842748641973 0.42704911530017858 0.13383469730615619 0.24040533602237704 0.89654198288917553
decision_type=2 2 2 2 2 2
left_child=1 3 4 -1 -2 -4
right_child=2 -3 5 -5 -6 -7
leaf_value=-0.012417760332949761 0.0037617498945986963 -0.020260020198013755 0.0042253125469800612 -0.0043165428130184525 -0.0021767332073188267 0.017250929674223606
leaf_weight=3675.4591342508793 7016.5442793369293 1353.3534721806645 23756.078393869102 9703.2976617068052 11875.625537283719 859.27183616161346
leaf_count=36074 29751 15926 81338 78307 74318 2481
internal_value=1.37341e-05 -0.00780232 0.00266033 -0.00654214 2.8817e-05 0.00468001
internal_weight=58239.6 14732.1 43507.5 13378.8 18892.2 24615.4
internal_count=318195 130307 187888 114381 104069 83819
is_linear=0
shrinkage=0.05


Tree=114
num_leaves=7
num_cat=0
split_feature=0 2 13 9 10 13
split_gain=482.448 139.312 119.414 110.813 53.4497 37.8262
threshold=0.17305606603622439 0.12899938970804217 0.33325797319412237 0.18970925360918048 0.20085400342941287 0.53859788179397594
decision_type=2 2 2 2 2 2
left_child=3 5 -3 -1 -5 -2
right_child=1 2 -4 4 -6 -7
leaf_value=-0.017653274974258556 0.0060501569496304308 0.0023932515963782756 -0.0040121389465060178 -0.00059948752054754236 -0.0085411224352000305 0.020809898505863719
leaf_weight=2652.0274701118469 13745.25279199332 27490.492579683661 9895.3016290068626 3019.7921048849821 7100.0721169933677 448.24144616723061
leaf_count=27845 49227 102626 59452 17350 59189 2506
internal_value=0.000144663 0.00229897 0.000697868 -0.0085555 -0.00617132 0.00651628
internal_weight=64351.2 51579.3 37385.8 12771.9 10119.9 14193.5
internal_count=318195 213811 162078 104384 76539 51733
is_linear=0
shrinkage=0.05


Tree=115
num_leaves=7
num_cat=0
split_feature=1 1 13 12 0 13
split_gain=506.314 150.635 117.506 96.327 50.4502 40.7793
threshold=0.26759737730026251 0.63116282224655162 0.11468783766031267 0.40081398189067846 0.038917327299714095 0.19330671429634097
decision_type=2 2 2 2 2 2
left_child=2 3 -1 -2 -3 -4
right_child=1 4 5 -5 -6 -7
leaf_value=-0.013388542389062175 0.0027759347907896515 0.015898358791550202 -0.0058347083802297809 -0.0030196835173495486 0.0067195952970340103 -0.0022772610879023178
leaf_weight=3502.0396513640881 36836.522789284587 1816.9477348476648 13800.370472043753 8902.1104792058468 8502.7391369193792 19352.090760350227
leaf_count=10998 130955 11800 39117 26686 45936 52703
internal_value=-0.000108749 0.00287907 -0.00467823 0.00164793 0.00833567 -0.00375812
internal_weight=92712.8 56058.3 36654.5 45738.6 10319.7 33152.5
internal_count=318195 215377 102818 157641 57736 91820
is_linear=0
shrinkage=0.05


Tree=116
num_leaves=7
num_cat=0
split_feature=2 13 0 13 11 5
split_gain=441.082 89.1933 85.6568 98.2519 75.1745 65.9691
threshold=0.19192286580801013 0.48764842748641973 0.13971222192049029 0.25370216369628912 0.50263842940330516 0.13383469730615619
decision_type=2 2 2 2 2 2
left_child=1 5 4 -4 -2 -1
right_child=2 -3 3 -5 -6 -7
leaf_value=-0.012026217537655952 0.0096019790290733202 -0.01987922270747269 0.0037298346809691123 -0.0019812577394394122 0.0020741807166171941 -0.0041133504752606164
leaf_weight=3622.9561015740037 6717.0378785580397 1324.7696695551276 16150.959224909544 14109.994476474822 6550.8852186724544 9649.1721278876066
leaf_count=36074 28220 15926 58898 77257 23513 78307
internal_value=1.33017e-05 -0.00750819 0.00253555 0.00106688 0.00588521 -0.00627336
internal_weight=58125.8 14596.9 43528.9 30261 13267.9 13272.1
internal_count=318195 130307 187888 136155 51733 114381
is_linear=0
shrinkage=0.05


Tree=117
num_leaves=7
num_cat=0
split_feature=3 2 0 13 13 10
split_gain=444.549 110.028 104.617 90.8134 71.503 38.97
threshold=0.24841790646314624 0.12899938970804217 0.038917327299714095 0.33325797319412237 0.4109510481357575 0.45989443361759191
decision_type=2 2 2 2 2 2
left_child=2 5 -1 -3 -4 -2
right_child=1 3 4 -5 -6 -7
leaf_value=-0.019191837998120114 0.0049432384434203299 0.0022564159802393353 -0.0041462745323094996 -0.0035720641983544021 -0.013570385724280994 0.012545218209806969
leaf_weight=1768.4724940359592 12745.590860649943 26930.810050725937 9405.1436976268888 8889.0071506425738 2560.7198754623532 1942.8136083036661
leaf_count=19015 45377 99495 67180 51478 25714 9936
internal_value=0.000135518 0.00230443 -0.00784068 0.000810027 -0.00616305 0.00594874
internal_weight=64242.6 50508.2 13734.3 35819.8 11965.9 14688.4
internal_count=318195 206286 111909 150973 92894 55313
is_linear=0
shrinkage=0.05


Tree=118
num_leaves=7
num_cat=0
split_feature=1 1 12 12 0 8
split_gain=462.688 159.265 91.5065 80.8428 59.6107 55.0929
threshold=0.40659241378307348 0.081251800060272231 0.41086865961551672 0.29336151480674749 0.41238130629062658 0.31818543374538427
decision_type=2 2 2 2 2 2
left_child=1 -1 -3 4 -2 -5
right_child=3 2 -4 5 -6 -7
leaf_value=-0.011640400535650085 0.0077769965619838496 -0.00056391492877030903 -0.004922831506522677 0.0041441223071042197 -0.0079880695237895382 -0.0019178899452154956
leaf_weight=4653.7313584238291 15391.307578533888 36459.547784119844 17976.801061481237 11929.384841442108 623.92199970781803 5465.0567330569029
leaf_count=15101 75608 105009 49979 49981 2345 20172
internal_value=-0.000103335 -0.00276236 -0.00200338 0.00459956 0.00716282 0.00223953
internal_weight=92499.8 59090.1 54436.3 33409.7 16015.2 17394.4
internal_count=318195 170089 154988 148106 77953 70153
is_linear=0
shrinkage=0.05


Tree=119
num_leaves=7
num_cat=0
split_feature=2 4 7 0 8 2
split_gain=405.089 85.5544 80.0771 75.4982 42.2411 28.807
threshold=0.18862066417932513 0.20062107592821124 0.08620519191026689 0.13971222192049029 0.28842239081859594 0.087789773941040053
decision_type=2 2 2 2 2 2
left_child=1 5 -2 -4 -3 -1
right_child=2 4 3 -5 -6 -7
leaf_value=-0.0065928015959103668 0.012273146367848774 -0.011499917865153308 0.0051450252097682255 0.00052686932121977692 -0.0040527556813300192 0.0024487452679765303
leaf_weight=1399.8177359998226 1956.5419751107693 7849.0640175789595 12690.68350699544 29241.955257155001 2513.9931270480156 2376.6737603619695
leaf_count=9999 5877 81986 50272 134235 23371 12455
internal_value=1.46903e-05 -0.00734543 0.00238586 0.00192453 -0.0096933 -0.000902651
internal_weight=58028.7 14139.5 43889.2 41932.6 10363.1 3776.49
internal_count=318195 127811 190384 184507 105357 22454
is_linear=0
shrinkage=0.05


Tree=120
num_leaves=7
num_cat=0
split_feature=3 5 13 0 4 0
split_gain=389.007 99.8022 95.784 89.8483 59.3718 33.2495
threshold=0.23382128775119784 0.19784623384475711 0.33325797319412237 0.037088960409164436 0.25380764901638037 0.88182061910629284
decision_type=2 2 2 2 2 2
left_child=3 5 -3 -1 -5 -2
right_child=1 2 -4 4 -6 -7
leaf_value=-0.019006019748922239 0.0046238036154070006 0.0019143554321116093 -0.0040869068918257352 -0.0014491698337625208 -0.0092265122864338273 0.014488650359286259
leaf_weight=1617.1751838773489 15185.447365373373 27048.010819092393 8815.9906838312745 3896.2088442072272 6628.9415959790349 905.07925164699554
leaf_count=17829 59682 101485 52601 22399 61613 2549
internal_value=2.39159e-05 0.001907 0.000439142 -0.00803342 -0.00634749 0.00517869
internal_weight=64096.9 51954.5 35864 12142.3 10525.2 16090.5
internal_count=318158 216317 154086 101841 84012 62231
is_linear=0
shrinkage=0.05


Tree=121
num_leaves=7
num_cat=0
split_feature=1 1 1 12 13 12
split_gain=439.491 131.924 109.032 91.1664 48.0138 36.0382
threshold=0.24608794599771502 0.44471219182014471 0.065267898142337813 0.27003093063831335 0.19626607745885852 0.41086865961551672
decision_type=2 2 2 2 2 2
left_child=2 5 -1 -3 -4 -2
right_child=1 3 4 -5 -6 -7
leaf_value=-0.014496443793332901 0.0011727928684016344 0.0085399606975760465 -0.0058738675475286523 0.0027088133463285141 -0.001884024178901797 -0.0030541783715635753
leaf_weight=2597.667121604085 25302.0405074507 11193.731385186315 14655.947254568338 16707.851540178061 15531.015730559826 6297.5204234868288
leaf_count=8791 78614 57619 41621 71765 42114 17634
internal_value=-1.85517e-05 0.00254269 -0.00466697 0.00504819 -0.00382112 0.000330394
internal_weight=92285.8 59501.1 32784.6 27901.6 30187 31599.6
internal_count=318158 225632 92526 129384 83735 96248
is_linear=0
shrinkage=0.05


Tree=122
num_leaves=7
num_cat=0
split_feature=2 13 13 0 13 1
split_gain=372.023 91.2246 70.3722 70.6745 52.2729 24.7332
threshold=0.19027113169431689 0.21567779034376147 0.10348898544907571 0.13971222192049029 0.48764842748641973 0.19302386045455935
decision_type=2 2 2 2 2 2
left_child=1 5 -2 -4 -3 -1
right_child=2 4 3 -5 -6 -7
leaf_value=0.0030839412894625236 0.011789876102359324 -0.0081670251415584226 0.0049276723208718223 0.00048516156307855385 -0.019019002251424229 -0.0049562509807327647
leaf_weight=2147.1223202347755 1863.6754037886858 9027.1969746649265 12965.409343220294 28925.135945208371 1265.2113836072385 1724.9381953626871
leaf_count=12032 5712 88859 50951 132610 15790 12204
internal_value=3.09269e-06 -0.00703987 0.0022831 0.00186015 -0.00950102 -0.00049783
internal_weight=57918.7 14164.5 43754.2 41890.5 10292.4 3872.06
internal_count=318158 128885 189273 183561 104649 24236
is_linear=0
shrinkage=0.05


Tree=123
num_leaves=7
num_cat=0
split_feature=0 2 9 12 11 10
split_gain=358.596 104.053 95.4116 71.0474 42.0913 41.5039
threshold=0.17305606603622439 0.10504150390625001 0.19579204916954043 0.40791143476963049 0.15403611212968829 0.20085400342941287
decision_type=2 2 2 2 2 2
left_child=2 -2 4 -3 -1 -4
right_child=1 3 5 -5 -6 -7
leaf_value=0.065526298737296304 0.0063123848734698163 -0.00088643015647201515 -0.00029395215373091417 0.0034056424964933872 -0.016170977619752464 -0.0074126591816546308
leaf_weight=15.855441793799399 10473.222391977906 25612.652348987758 2951.9402763321996 15462.432553596795 2789.5751701965928 6682.8322872072458
leaf_count=195 36477 126575 16979 50726 30577 56629
internal_value=2.48514e-05 0.00186362 -0.00759445 0.000729291 -0.0157092 -0.0052316
internal_weight=63988.5 51548.3 12440.2 41075.1 2805.43 9634.77
internal_count=318158 213778 104380 177301 30772 73608
is_linear=0
shrinkage=0.05


Tree=124
num_leaves=7
num_cat=0
split_feature=1 1 1 1 10 11
split_gain=397.628 126.342 97.1044 67.4057 41.5085 33.8763
threshold=0.23527671396732333 0.44471219182014471 0.065267898142337813 0.8174559772014619 0.21060171723365786 0.53788819909095775
decision_type=2 2 2 2 2 2
left_child=2 5 -1 -3 -4 -2
right_child=1 3 4 -5 -6 -7
leaf_value=-0.013948788207842858 -0.00013679231860414749 0.0039474184441341143 -0.0054327642377923202 0.011879551951288841 -0.0015507329483841399 0.0069043526012898459
leaf_weight=2573.4228159338236 31663.495764866471 24746.470149889588 16410.457017123699 3003.3311314061284 11864.070458859205 1805.6571310460567
leaf_count=8791 96175 109237 46538 20147 32119 5151
internal_value=-2.11782e-05 0.00231135 -0.00465017 0.0048059 -0.00380385 0.000243077
internal_weight=92066.9 61219 30848 27749.8 28274.5 33469.2
internal_count=318158 230710 87448 129384 78657 101326
is_linear=0
shrinkage=0.05


Tree=125
num_leaves=7
num_cat=0
split_feature=2 13 13 0 13 1
split_gain=342.522 84.9486 62.4769 63.9034 51.5981 23.3735
threshold=0.19192286580801013 0.21567779034376147 0.10348898544907571 0.13971222192049029 0.48764842748641973 0.19302386045455935
decision_type=2 2 2 2 2 2
left_child=1 5 -2 -4 -3 -1
right_child=2 4 3 -5 -6 -7
leaf_value=0.002996858369242746 0.011160000400188835 -0.0077989102457285842 0.004719904247222316 0.00049117666411212441 -0.01863106129026194 -0.0047822417251484183
leaf_weight=2173.4704217910767 1863.9616302251816 9054.9469377025962 12955.494051918387 28781.198393635452 1251.2913942933083 1737.5808566734195
leaf_count=12132 5693 89720 50787 131558 15944 12324
internal_value=6.21958e-06 -0.00673318 0.0022038 0.00180382 -0.00911405 -0.000459198
internal_weight=57817.9 14217.3 43600.7 41736.7 10306.2 3911.05
internal_count=318158 130120 188038 182345 105664 24456
is_linear=0
shrinkage=0.05


Tree=126
num_leaves=7
num_cat=0
split_feature=3 0 2 13 10 0
split_gain=330.143 84.3399 82.2452 79.3317 54.8077 35.3713
threshold=0.23382128775119784 0.037088960409164436 0.13343654572963717 0.33325797319412237 0.41853354871273046 0.22350057959556582
decision_type=2 2 2 2 2 2
left_child=1 -1 5 -4 -3 -2
right_child=2 4 3 -5 -6 -7
leaf_value=-0.018309350559588263 -0.0033008331642815584 -0.003826410303133858 0.0017926377925915591 -0.0036072159010946156 -0.012396990621901596 0.0054985972129922844
leaf_weight=1560.7941352725029 1241.1991524025798 7930.2430908456445 27365.556743711233 9051.5791907384992 2439.0702759772539 14295.382888413966
leaf_count=17829 9787 58383 102292 54442 25629 49796
internal_value=2.74634e-05 -0.00747341 0.00174989 0.000450489 -0.00584238 0.00479562
internal_weight=63883.8 11930.1 51953.7 36417.1 10369.3 15536.6
internal_count=318158 101841 216317 156734 84012 59583
is_linear=0
shrinkage=0.05


Tree=127
num_leaves=7
num_cat=0
split_feature=1 1 1 12 12 12
split_gain=360.605 107.037 93.7804 82.3827 42.2982 31.3487
threshold=0.24608794599771502 0.44471219182014471 0.065267898142337813 0.27003093063831335 0.46684964001178747 0.41086865961551672
decision_type=2 2 2 2 2 2
left_child=2 5 -1 -3 -4 -2
right_child=1 3 4 -5 -6 -7
leaf_value=-0.013443910135354146 0.0011035478398003626 0.0079298127559912345 -0.0023835445822962434 0.002352698037196739 -0.0067222549474541364 -0.0028376559272199025
leaf_weight=2550.9558931589127 25280.196674674749 11020.807289279997 22653.74305832386 16587.700712576509 7469.7531817257404 6303.5414451062679
leaf_count=8791 78614 57619 62202 71765 21533 17634
internal_value=-2.25892e-05 0.00230485 -0.00423893 0.00457898 -0.00345942 0.000316955
internal_weight=91866.7 59192.2 32674.5 27608.5 30123.5 31583.7
internal_count=318158 225632 92526 129384 83735 96248
is_linear=0
shrinkage=0.05


Tree=128
num_leaves=7
num_cat=0
split_feature=2 13 8 0 11 2
split_gain=313.9 80.9665 66.9258 101.757 59.4478 49.0384
threshold=0.1790328919887543 0.37225449085235601 0.32885578274726873 0.13971222192049029 0.51701289415359508 0.042026357725262649
decision_type=2 2 2 2 2 2
left_child=1 5 3 -2 -4 -1
right_child=2 -3 4 -5 -6 -7
leaf_value=-0.015585274362384631 0.010158694730700191 -0.013286265801017733 0.0044582160386678225 -0.0028150803524723609 -0.0004989835530648676 -0.0032367161054467266
leaf_weight=889.54867220669985 1747.7039599716663 3573.7370985858142 23881.248172409832 11176.645794898272 8098.9048324152827 8357.7204214185476
leaf_count=9276 10336 43746 92347 66310 28967 67176
internal_value=5.5561e-06 -0.0068947 0.0019757 -0.00106069 0.00320282 -0.0044246
internal_weight=57725.5 12821 44904.5 12924.3 31980.2 9247.27
internal_count=318158 120198 197960 76646 121314 76452
is_linear=0
shrinkage=0.05


Tree=129
num_leaves=7
num_cat=0
split_feature=0 9 2 13 0 11
split_gain=303.782 88.3811 87.3341 59.1774 39.3551 39.2591
threshold=0.17305606603622439 0.19579204916954043 0.10504150390625001 0.26784980297088629 0.069248598068952574 0.17226836085319522
decision_type=2 2 2 2 2 2
left_child=1 5 -2 -4 -3 -1
right_child=2 4 3 -5 -6 -7
leaf_value=0.04662399713523626 0.0057758390860953683 -0.01056366181572151 0.0024060393072096817 -0.0014045008210172704 -0.00299730763810915 -0.015592035575276626
leaf_weight=25.59649084508419 10488.363646268845 2251.2127427235246 22281.852906256914 18773.184932142496 7263.5751157030463 2695.1605408973992
leaf_count=311 36477 21675 76345 100956 51933 30461
internal_value=2.25986e-05 -0.00705991 0.00170387 0.000663598 -0.00478752 -0.0150067
internal_weight=63778.9 12235.5 51543.4 41055 9514.79 2720.76
internal_count=318158 104380 213778 177301 73608 30772
is_linear=0
shrinkage=0.05


Tree=130
num_leaves=7
num_cat=0
split_feature=7 1 1 11 12 6
split_gain=331.705 132.881 84.1252 79.6177 63.1998 45.8739
threshold=0.23935027420520785 0.44471219182014471 0.065267898142337813 0.54246798157691967 0.27003093063831335 0.22749209403991702
decision_type=2 2 2 2 2 2
left_child=2 5 -1 -4 -3 -2
right_child=1 4 3 -5 -6 -7
leaf_value=-0.013171056919185487 -0.0030965582206207835 0.0077925605603605579 -0.0046587155200847503 0.0027620300030241703 0.0027430864115457563 0.0011208558205401177
leaf_weight=2457.5168654769659 8423.6397474557161 10644.236270524561 23562.61066390574 4269.5042848438025 14830.727658733726 27489.498727351427
leaf_count=8554 26147 56583 66610 12566 66188 81510
internal_value=-2.17261e-05 0.00209088 -0.00430336 -0.00352036 0.00485291 0.000131636
internal_weight=91677.7 61388.1 30289.6 27832.1 25475 35913.1
internal_count=318158 230428 87730 79176 122771 107657
is_linear=0
shrinkage=0.05


Tree=131
num_leaves=7
num_cat=0
split_feature=2 4 8 7 11 2
split_gain=289.921 100.736 72.2714 48.7636 40.5594 38.1978
threshold=0.23827996104955676 0.20062107592821124 0.31966489553451544 0.08193481341004373 0.54246798157691967 0.086209882050752654
decision_type=2 2 2 2 2 2
left_child=1 5 -3 -2 -5 -1
right_child=3 2 -4 4 -6 -7
leaf_value=-0.0061630809585963278 0.01114355189845186 -0.0091677992436156024 -0.00035703565838422058 0.0028138515496051457 -0.0017440078177037744 0.0037557661984313978
leaf_weight=1333.1313621178269 1555.8692527115345 10874.638961553574 2961.2212185226381 31574.087149314582 5773.5282668620348 3569.6644472777843
leaf_count=9728 4566 110131 24990 130873 20028 17842
internal_value=9.55005e-06 -0.00509979 -0.00728207 0.00247057 0.00210926 0.00105871
internal_weight=57642.1 18738.7 13835.9 38903.5 37347.6 4902.8
internal_count=318158 162691 135121 155467 150901 27570
is_linear=0
shrinkage=0.05


Tree=132
num_leaves=7
num_cat=0
split_feature=3 0 5 13 10 10
split_gain=281.937 78.8505 75.3644 70.5052 50.2308 29.5217
threshold=0.23382128775119784 0.037088960409164436 0.19784623384475711 0.33325797319412237 0.23013354837894442 0.45989443361759191
decision_type=2 2 2 2 2 2
left_child=1 -1 5 -4 -3 -2
right_child=2 4 3 -5 -6 -7
leaf_value=-0.017636719119263063 0.0035937033918129143 -0.00027899149630183803 0.0015884444423528415 -0.0035832684231349222 -0.0077935193903658885 0.0098030414137587618
leaf_weight=1509.5823815949261 13889.177795991302 3266.0145274102688 27124.020003557205 8705.1177805960178 6969.33278465271 2220.2033561989665
leaf_count=17829 50440 20190 101485 52601 63822 11791
internal_value=2.70032e-05 -0.00696904 0.00160903 0.000331915 -0.0053957 0.00444948
internal_weight=63683.4 11744.9 51938.5 35829.1 10235.3 16109.4
internal_count=318158 101841 216317 154086 84012 62231
is_linear=0
shrinkage=0.05


Tree=133
num_leaves=7
num_cat=0
split_feature=1 1 1 12 13 13
split_gain=300.988 92.3977 80.2341 67.2386 36.0362 18.2782
threshold=0.23527671396732333 0.8174559772014619 0.065267898142337813 0.35452926158905035 0.19330671429634097 0.098548036068677916
decision_type=2 2 2 2 2 2
left_child=2 3 5 -2 -4 -1
right_child=1 -3 4 -5 -6 -7
leaf_value=-0.019045092003959842 0.0028656262296168997 0.010731077379069169 -0.0051341345571046075 -0.00067694191789392647 -0.0015575063345983008 -0.0097899738773863047
leaf_weight=768.15092469751835 36853.685078732669 2895.1239389851689 13702.57570913434 21042.054805845022 14489.683614343405 1746.1254028528929
leaf_count=2781 143744 20147 39285 66819 39372 6010
internal_value=-2.41562e-05 0.00201399 -0.00405916 0.00157809 -0.00329589 -0.0126176
internal_weight=91497.4 60790.9 30706.5 57895.7 28192.3 2514.28
internal_count=318158 230710 87448 210563 78657 8791
is_linear=0
shrinkage=0.05


Tree=134
num_leaves=7
num_cat=0
split_feature=2 13 8 0 11 2
split_gain=268.875 73.9635 55.7998 96.026 53.677 46.1771
threshold=0.1790328919887543 0.37225449085235601 0.32885578274726873 0.1275923773646355 0.51701289415359508 0.042026357725262649
decision_type=2 2 2 2 2 2
left_child=1 5 3 -2 -4 -1
right_child=2 -3 4 -5 -6 -7
leaf_value=-0.015039466569221005 0.01128564725299035 -0.01263795687963104 0.0041265542062119027 -0.0024795665732258777 -0.00058638984353387067 -0.0029258940806398694
leaf_weight=869.24243691936135 1424.4309108406305 3481.283423345536 23963.298195026815 11460.566072806716 8078.0814489647746 8287.2115419209003
leaf_count=9276 8278 43746 92347 68368 28967 67176
internal_value=8.52227e-06 -0.00643444 0.00182092 -0.000957828 0.00293835 -0.00407586
internal_weight=57564.1 12637.7 44926.4 12885 32041.4 9156.45
internal_count=318158 120198 197960 76646 121314 76452
is_linear=0
shrinkage=0.05


Tree=135
num_leaves=7
num_cat=0
split_feature=3 0 13 12 0 8
split_gain=280.043 79.5371 101.494 70.0673 62.9486 32.0142
threshold=0.19685495644807818 0.33867150545120245 0.37776833772659307 0.25646544992923742 0.038917327299714095 0.39910717308521276
decision_type=2 2 2 2 2 2
left_child=4 2 -2 -3 -1 -6
right_child=1 3 -4 -5 5 -7
leaf_value=-0.017315475075519161 0.0010340699606643225 0.012372320240539728 -0.0070346198603931098 0.0023448600558372392 -0.010346868876602489 -0.0033994864109921767
leaf_weight=1590.8221547603607 14973.666182622313 1838.8110437616706 5268.7726742252707 33124.135723054409 2827.6667075157166 4009.4615575149655
leaf_count=19001 78853 8999 42840 109447 30282 28761
internal_value=0.000132138 0.00142815 -0.00106608 0.00287224 -0.00835713 -0.00627275
internal_weight=63633.3 55205.4 20242.4 34962.9 8427.95 6837.13
internal_count=318183 240139 121693 118446 78044 59043
is_linear=0
shrinkage=0.05


Tree=136
num_leaves=7
num_cat=0
split_feature=1 7 0 8 11 7
split_gain=268.177 108.781 61.9219 60.2752 38.5648 31.7272
threshold=0.40659241378307348 0.11566363275051118 0.040685934945940978 0.30926185846328741 0.59108904004096996 0.072349306195974364
decision_type=2 2 2 2 2 2
left_child=1 5 -2 -4 -3 -1
right_child=2 4 3 -5 -6 -7
leaf_value=-0.016288938803460776 0.011499234856870301 -0.001652376518564893 0.0044666319724538843 -0.00032222205080214466 0.0056471494790882463 -0.0068060863349525729
leaf_weight=1076.4467339813709 2273.3851832523942 50951.109648481011 20655.594023294747 9636.0933989584446 1876.0569235980511 4884.2646636962891
leaf_count=3817 14487 145786 94944 38640 5403 15106
internal_value=-9.93376e-05 -0.00211562 0.00354055 0.00294325 -0.00139315 -0.0085186
internal_weight=91353 58787.9 32565.1 30291.7 52827.2 5960.71
internal_count=318183 170112 148071 133584 151189 18923
is_linear=0
shrinkage=0.05


Tree=137
num_leaves=7
num_cat=0
split_feature=2 4 8 2 11 2
split_gain=238.98 94.012 59.5264 47.9698 48.0364 30.4263
threshold=0.27199417352676397 0.20062107592821124 0.32578103244304663 0.92143428325653087 0.54246798157691967 0.086209882050752654
decision_type=2 2 2 2 2 2
left_child=1 5 -3 4 -2 -1
right_child=3 2 -4 -5 -6 -7
leaf_value=-0.005254560244736888 0.0031304766855407627 -0.0077582640394450219 -0.0005586122526225803 0.019427235899876719 -0.0019037307933098936 0.0033982131020005193
leaf_weight=1322.4712886288762 29703.80090726167 12310.012818839401 3744.1822238452733 414.94651997089386 5637.9984160661697 4383.5369549617171
leaf_count=9770 115294 122084 29574 1275 19008 21178
internal_value=1.15862e-05 -0.00411985 -0.00607915 0.00252582 0.00232738 0.00139278
internal_weight=57516.9 21760.2 16054.2 35756.7 35341.8 5706.01
internal_count=318183 182606 151658 135577 134302 30948
is_linear=0
shrinkage=0.05


Tree=138
num_leaves=7
num_cat=0
split_feature=0 9 2 13 0 13
split_gain=260.388 88.4169 63.915 41.1845 33.248 30.4408
threshold=0.17101299017667773 0.19579204916954043 0.108248557895422 0.33325797319412237 0.06722325831651689 0.53859788179397594
decision_type=2 2 2 2 2 2
left_child=1 -1 5 -4 -3 -2
right_child=2 4 3 -5 -6 -7
leaf_value=-0.014748330843395259 0.0045945734621979954 -0.0098531171086522658 0.0017115881380206548 -0.0018704762560908372 -0.0026649588054977157 0.02052657703137601
leaf_weight=2581.5975784026086 10687.995242454112 2075.1940037384629 29765.997539646924 10985.864368543029 7155.9636113271117 308.46933931112289
leaf_count=30385 36850 20792 109862 66718 52001 1575
internal_value=0.000129721 -0.00656847 0.00165874 0.000745937 -0.00428088 0.00504149
internal_weight=63561.1 11812.8 51748.3 40751.9 9231.16 10996.5
internal_count=318183 103178 215005 176580 72793 38425
is_linear=0
shrinkage=0.05


Tree=139
num_leaves=7
num_cat=0
split_feature=1 1 0 8 13 13
split_gain=238.718 101.82 56.3836 54.8336 42.4637 41.3358
threshold=0.40659241378307348 0.095706474035978331 0.040685934945940978 0.30926185846328741 0.23112351447343829 0.098548036068677916
decision_type=2 2 2 2 2 2
left_child=1 5 -2 -4 -3 -1
right_child=2 4 3 -5 -6 -7
leaf_value=-0.015950015885874712 0.011000323704448103 -0.0029350352793594894 0.0042374645695402021 -0.00033423943049184514 -4.4656758379257993e-05 -0.005916503197503308
leaf_weight=1271.8338938057423 2240.0870195627213 21895.095257163048 20555.255133800209 9632.4749893248081 30281.568805232644 5321.5300898104906
leaf_count=4499 14487 60528 94944 38640 88161 16924
internal_value=-9.71676e-05 -0.00199737 0.00334664 0.0027787 -0.00125756 -0.00785193
internal_weight=91197.8 58770 32427.8 30187.7 52176.7 6593.36
internal_count=318183 170112 148071 133584 148689 21423
is_linear=0
shrinkage=0.05


Tree=140
num_leaves=7
num_cat=0
split_feature=2 13 5 2 11 6
split_gain=218.098 89.8724 74.3047 44.1682 44.3773 33.8027
threshold=0.27199417352676397 0.45785419642925268 0.13383469730615619 0.92143428325653087 0.54246798157691967 0.11538755521178247
decision_type=2 2 2 2 2 2
left_child=1 2 -1 4 -2 -3
right_child=3 5 -4 -5 -6 -7
leaf_value=-0.0096579446183510352 0.0029879789462955095 0.015919457312214187 -0.0013438191426047251 0.018708492150917466 -0.00185246162082372 -0.013782681656257487
leaf_weight=3237.9089504592121 29752.577862478793 99.587777946144342 15804.416248887777 410.74713465571404 5631.349834702909 2511.2641500383615
leaf_count=34295 115294 1362 117564 1275 19008 29385
internal_value=1.07277e-05 -0.00395029 -0.00275753 0.00240686 0.00221762 -0.0126497
internal_weight=57447.9 21653.2 19042.3 35794.7 35383.9 2610.85
internal_count=318183 182606 151859 135577 134302 30747
is_linear=0
shrinkage=0.05


Tree=141
num_leaves=7
num_cat=0
split_feature=0 9 2 13 10 10
split_gain=240.596 83.9317 58.6881 35.4675 33.2716 29.0411
threshold=0.17101299017667773 0.19579204916954043 0.10504150390625001 0.26784980297088629 0.20085400342941287 0.45989443361759191
decision_type=2 2 2 2 2 2
left_child=1 -1 5 -4 -3 -2
right_child=2 4 3 -5 -6 -7
leaf_value=-0.014381566998122231 0.0039441212218068794 0.00034728110484894556 0.0020804171588069201 -0.00086482207212805668 -0.0061437095891692488 0.011966416527880667
leaf_weight=2541.4580429755151 9242.8629257827997 2871.5958127789199 22468.047554701567 18753.96305333823 6317.3368164040148 1284.9525727555156
leaf_count=30385 30438 16787 76780 101647 56006 6140
internal_value=0.000125874 -0.0063395 0.00159141 0.00074048 -0.00411524 0.00492327
internal_weight=63480.2 11730.4 51749.8 41222 9188.93 10527.8
internal_count=318183 103178 215005 178427 72793 36578
is_linear=0
shrinkage=0.05


Tree=142
num_leaves=7
num_cat=0
split_feature=1 7 1 12 10 7
split_gain=218.166 72.4277 68.9187 56.5343 25.384 20.7921
threshold=0.26759737730026251 0.093763861805200591 0.74919536709785473 0.40081398189067846 0.39661495387554174 0.49543417990207678
decision_type=2 2 2 2 2 2
left_child=1 -1 3 -2 -3 -4
right_child=2 4 5 -5 -6 -7
leaf_value=-0.010589431711487253 0.0021716594362207802 -0.0021303972659875731 0.0044869705287223739 -0.00209797378951456 -0.0086882417913024309 0.011160189342051204
leaf_weight=2966.7063376307487 40585.790945515037 31687.209433764219 2421.7976574525237 9583.7906028926373 1547.7082360386848 2253.3242357969284
leaf_count=10029 154485 88450 14649 29594 4216 16760
internal_value=-9.1414e-05 -0.00310398 0.0018971 0.00135604 -0.00243579 0.00770334
internal_weight=91046.3 36201.6 54844.7 50169.6 33234.9 4675.12
internal_count=318183 102695 215488 184079 92666 31409
is_linear=0
shrinkage=0.05


Tree=143
num_leaves=7
num_cat=0
split_feature=2 13 5 7 6 11
split_gain=198.704 79.6569 67.6511 44.8937 33.246 31.9757
threshold=0.23241368681192401 0.48078571259975439 0.13383469730615619 0.077330730855464949 0.11538755521178247 0.54246798157691967
decision_type=2 2 2 2 2 2
left_child=1 2 -1 -2 -3 -5
right_child=3 4 -4 5 -6 -7
leaf_value=-0.0096923693738957366 0.01127986280087321 0.020215120172739971 -0.0016669066663960387 0.0022835638464784305 -0.016249925825802633 -0.0017294899860980208
leaf_weight=3304.2841145657003 1255.308865070343 65.057175364345312 12789.771800983697 32511.924149513245 1594.3596992976964 5858.1497138142586
leaf_count=35714 3704 941 101823 135208 20361 20432
internal_value=5.79253e-06 -0.00439006 -0.00331462 0.00197528 -0.0148203 0.00167087
internal_weight=57378.9 17753.5 16094.1 39625.4 1659.42 38370.1
internal_count=318183 158839 137537 159344 21302 155640
is_linear=0
shrinkage=0.05


end of trees

feature_importances:
Column_2=186
Column_1=135
Column_13=122
Column_0=94
Column_4=70
Column_3=54
Column_7=53
Column_9=50
Column_12=32
Column_5=20
Column_11=13
Column_8=12
Column_10=12
Column_6=11

parameters:
[boosting: gbdt]
[objective: multiclass]
[metric: multi_logloss]
[tree_learner: serial]
[device_type: cpu]
[data_sample_strategy: bagging]
[data: ]
[valid: ]
[num_iterations: 150]
[learning_rate: 0.05]
[num_leaves: 7]
[num_threads: 4]
[seed: 0]
[deterministic: 0]
[force_col_wise: 0]
[force_row_wise: 0]
[histogram_pool_size: -1]
[max_depth: 3]
[min_data_in_leaf: 100]
[min_sum_hessian_in_leaf: 0.001]
[bagging_fraction: 0.9]
[pos_bagging_fraction: 1]
[neg_bagging_fraction: 1]
[bagging_freq: 5]
[bagging_seed: 3]
[bagging_by_query: 0]
[feature_fraction: 0.9]
[feature_fraction_bynode: 1]
[feature_fraction_seed: 2]
[extra_trees: 0]
[extra_seed: 6]
[early_stopping_round: 0]
[early_stopping_min_delta: 0]
[first_metric_only: 0]
[max_delta_step: 0]
[lambda_l1: 0]
[lambda_l2: 0]
[linear_lambda: 0]
[min_gain_to_split: 0]
[drop_rate: 0.1]
[max_drop: 50]
[skip_drop: 0.5]
[xgboost_dart_mode: 0]
[uniform_drop: 0]
[drop_seed: 4]
[top_rate: 0.2]
[other_rate: 0.1]
[min_data_per_group: 100]
[max_cat_threshold: 32]
[cat_l2: 10]
[cat_smooth: 10]
[max_cat_to_onehot: 4]
[top_k: 20]
[monotone_constraints: ]
[monotone_constraints_method: basic]
[monotone_penalty: 0]
[feature_contri: ]
[forcedsplits_filename: ]
[refit_decay_rate: 0.9]
[cegb_tradeoff: 1]
[cegb_penalty_split: 0]
[cegb_penalty_feature_lazy: ]
[cegb_penalty_feature_coupled: ]
[path_smooth: 0]
[interaction_constraints: ]
[verbosity: -1]
[saved_feature_importance_type: 0]
[use_quantized_grad: 0]
[num_grad_quant_bins: 4]
[quant_train_renew_leaf: 0]
[stochastic_rounding: 1]
[linear_tree: 0]
[max_bin: 255]
[max_bin_by_feature: ]
[min_data_in_bin: 3]
[bin_construct_sample_cnt: 200000]
[data_random_seed: 1]
[is_enable_sparse: 1]
[enable_bundle: 1]
[use_missing: 1]
[zero_as_missing: 0]
[feature_pre_filter: 1]
[pre_partition: 0]
[two_round: 0]
[header: 0]
[label_column: ]
[weight_column: ]
[group_column: ]
[ignore_column: ]
[categorical_feature: ]
[forcedbins_filename: ]
[precise_float_parser: 0]
[parser_config_file: ]
[objective_seed: 5]
[num_class: 3]
[is_unbalance: 0]
[scale_pos_weight: 1]
[sigmoid: 1]
[boost_from_average: 1]
[reg_sqrt: 0]
[alpha: 0.9]
[fair_c: 1]
[poisson_max_delta_step: 0.7]
[tweedie_variance_power: 1.5]
[lambdarank_truncation_level: 30]
[lambdarank_norm: 1]
[label_gain: ]
[lambdarank_position_bias_regularization: 0]
[eval_at: ]
[multi_error_top_k: 1]
[auc_mu_weights: ]
[num_machines: 1]
[local_listen_port: 12400]
[time_out: 120]
[machine_list_filename: ]
[machines: ]
[gpu_platform_id: -1]
[gpu_device_id: -1]
[gpu_use_dp: 0]
[num_gpu: 1]

end of parameters

pandas_categorical:null
