tree
version=v4
num_class=3
num_tree_per_iteration=3
label_index=0
max_feature_idx=14
objective=multiclass num_class:3
feature_names=Column_0 Column_1 Column_2 Column_3 Column_4 Column_5 Column_6 Column_7 Column_8 Column_9 Column_10 Column_11 Column_12 Column_13 Column_14
feature_infos=[0.0026051471941173077:0.96921557188034058] [0.012656056322157383:0.9727407693862915] [0.0031697128433734179:0.97845709323883057] [0.0088322339579463005:0.92581474781036377] [0.014120115898549557:0.92639654874801636] [0.0099788820371031761:0.95327484607696533] [0.025384852662682533:0.86306273937225342] [0.037306129932403564:0.89548778533935547] [0.024486219510436058:0.89021044969558716] [0.057876046746969223:0.80247175693511963] [0.043969716876745224:0.83701962232589722] [0.033551890403032303:0.80677223205566406] [0.058090519160032272:0.73990708589553833] [0.039465464651584625:0.88171190023422241] [0.034055784344673157:0.73796677589416504]
tree_sizes=3411 3471 3389 3515 3529 3497 3515 3543 3509 3532 3543 3506 3521 3547 3508 3531 3547 3512 3529 3550 3531 3519 3534 3529 3535 3550 3528 3543 3543 3522 3544 3548 3526 3531 3549 3533 3531 3538 3526 3530 3541 3528 3540 3563 3525 3545 3553 3535 3537 3559 3533 3540 3550 3534 3552 3556 3532 3557 3564 3534 3549 3554 3529 3545 3553 3533 3552 3564 3535 3554 3560 3540 3551 3554 3548 3543 3567 3539 3547 3544 3539 3558 3552 3551 3566 3541 3554 3546 3557 3546 3555 3550 3553 3563 3564 3539 3547 3555 3545 3556 3561 3550 3548 3567 3550 3565 3463 3548 3564 3567 3540 3554 3570 3548 3553 3465 3561 3551 3563 3566 3554 3557 3561 3544 3559 3565 3558 3567 3571 3553 3570 3559 3550 3565 3567 3568 3567 3559 3565 3563 3564 3560 3568 3560 3552 3564 3568 3564 3568 3557 3572 3566 3564 3574 3559 3581 3571 3574 3577 3576 3568 3562

Tree=0
num_leaves=31
num_cat=0
split_feature=0 0 7 0 0 7 3 13 0 11 7 11 0 7 3 7 11 0 0 0 0 6 10 7 11 14 1 6 10 10
split_gain=20120.9 3927.23 2914.6 1296.93 795.215 662.943 498.532 455.727 319.602 268.709 267.83 213.213 206.274 182.567 154.337 145.852 123.98 123.616 113.935 75.8285 54.7638 51.9592 46.4802 45.213 39.3825 36.4772 35.8181 35.0719 25.6656 24.3317
threshold=0.43364973366260534 0.65600726008415233 0.41100020706653601 0.25549580156803137 0.29435849189758306 0.25093778967857366 0.71822702884674083 0.2683375626802445 0.073308896273374571 0.16528243571519854 0.23849732428789142 0.16178027540445331 0.50782224535942089 0.56134530901908886 0.51073440909385692 0.19347756356000903 0.15811298042535785 0.863476723432541 0.71552687883377086 0.34195281565189367 0.35337957739830023 0.18398468941450122 0.41945895552635198 0.14655967801809314 0.14746981114149096 0.21340389549732211 0.10627247020602228 0.49829198420047766 0.44398394227027899 0.14801049977540973
decision_type=2 2 2 2 2 2 2 2 2 2 2 2 2 2 2 2 2 2 2 2 2 2 2 2 2 2 2 2 2 2
left_child=2 5 3 8 13 14 11 15 29 27 -10 28 -11 21 26 -5 -6 24 -13 -9 -18 -4 -19 -16 -8 -15 -2 -7 -3 -1
right_child=1 6 4 7 16 9 17 19 10 12 -12 18 -14 25 23 -17 20 22 -20 -21 -22 -23 -24 -25 -26 -27 -28 -29 -30 -31
leaf_value=-2.1361033530377536 -2.0743443750268189 -2.0702297742832214 -2.1460619937369207 -2.0994034308796881 -2.1411961316675803 -2.1269193268835842 -2.0685911692224903 -2.1288575958610729 -2.121612162491791 -2.1090487288270658 -2.1341373171259308 -2.064808165609719 -2.0942435709760772 -2.1489863635769537 -2.0696288468708501 -2.1128743865733437 -2.1326659906925527 -2.0029375911028047 -2.0467219248571737 -2.1191547849318133 -2.1252258715469314 -2.1406472503254581 -2.050297889774003 -2.0815542856967224 -2.0348781152811011 -2.1457566595409463 -2.0962420299617261 -2.0868104738145163 -2.096934660318285 -2.1436560744751754
leaf_weight=463.42159649729729 74.380188375711441 42.143531680107117 2160.1705025732517 1145.108946621418 986.75619885325432 488.11015796661377 33.337420582771301 1583.6847296655178 2227.1598477065563 1759.6496996283531 4954.8527601063251 644.89038589596748 1632.9046006202698 8180.7199574410915 464.20785641670227 1964.0772786736488 1902.7490049600601 162.2840473651886 609.98044547438622 1336.799114972353 1673.4756124615669 6095.7159031629562 21.071765840053558 745.84615954756737 483.07809448242188 5115.2497836649418 699.14232033491135 20.442757904529572 139.95426565408707 2236.9094707071781
leaf_count=2947 473 268 13737 7282 6275 3104 212 10071 14163 11190 31509 4101 10384 52023 2952 12490 12100 1032 3879 8501 10642 38764 134 4743 3072 32529 4446 130 890 14225
internal_value=-2.12868 -2.08514 -2.13699 -2.12687 -2.14316 -2.09779 -2.05031 -2.11591 -2.13356 -2.10497 -2.13025 -2.06042 -2.10192 -2.14557 -2.08367 -2.10791 -2.13178 -2.02954 -2.05602 -2.12442 -2.12918 -2.14206 -2.00838 -2.07698 -2.03705 -2.14774 -2.09414 -2.12531 -2.09075 -2.14236
internal_weight=50048.3 8021.42 42026.9 15912 26114.8 5884.68 2136.74 6029.67 9882.34 3901.11 7182.01 1436.97 3392.55 21551.9 1983.58 3109.19 4562.98 699.771 1254.87 2920.48 3576.22 8255.89 183.356 1210.05 516.416 13296 773.523 508.553 182.098 2700.33
internal_count=318268 51010 267258 101188 166070 37422 13588 38344 62844 24808 45672 9138 21574 137053 12614 19772 29017 4450 7980 18572 22742 52501 1166 7695 3284 84552 4919 3234 1158 17172
is_linear=0
shrinkage=1


Tree=1
num_leaves=31
num_cat=0
split_feature=1 1 4 13 11 13 1 1 1 7 4 9 1 4 7 1 14 1 7 1 1 1 1 12 14 1 7 14 12 5
split_gain=30656.7 4088.75 3872.56 1156.55 732.947 724.164 581.642 396.962 256.335 249.357 247.721 175.368 169.26 168.482 110.939 75.7288 73.2643 70.4714 69.578 65.614 63.8668 63.2244 63.1297 59.9833 58.6759 57.3855 56.5534 34.5152 17.2561 17.1295
threshold=0.33660043776035314 0.18100468069314959 0.43542210757732397 0.30094623565673834 0.16528243571519854 0.25325909256935125 0.099580615758895888 0.44324320554733282 0.25676073133945471 0.46886366605758673 0.33423279225826269 0.43425270915031439 0.54408788681030285 0.21569857746362689 0.23182884603738788 0.23720019310712817 0.18304322659969333 0.50045892596244823 0.38874423503875738 0.72095018625259411 0.58123880624771129 0.37729601562023168 0.06097793951630593 0.47062171995639807 0.21572279930114749 0.61627459526062023 0.21514295786619189 0.16465872526168826 0.27378936111927038 0.31472942233085638
decision_type=2 2 2 2 2 2 2 2 2 2 2 2 2 2 2 2 2 2 2 2 2 2 2 2 2 2 2 2 2 2
left_child=1 6 3 10 25 11 18 21 16 19 14 15 -11 23 -2 -3 -7 -9 22 -6 -12 -5 -1 -8 -10 28 -13 -15 -4 -27
right_child=2 5 4 7 9 8 13 17 24 12 20 26 -14 27 -16 -17 -18 -19 -20 -21 -22 -23 -24 -25 -26 29 -28 -29 -30 -31
leaf_value=-0.32650544693679839 -0.27123994182377259 -0.28672085274060211 -0.24061339053008868 -0.25756537112306438 -0.24881535295093521 -0.262242027512818 -0.29906073227973956 -0.24758419098312032 -0.25765667119594959 -0.24693387446244761 -0.2593386210866358 -0.29526182532056972 -0.23812948407857606 -0.26563295432503692 -0.26260357281839292 -0.27798101463936092 -0.28041934703459054 -0.24218941109289233 -0.28735872460804507 -0.24334967500325869 -0.25121593747610887 -0.25196633655612505 -0.31537692529200467 -0.30678968675262502 -0.26856636212929985 -0.23246104584450222 -0.28419715093139836 -0.28673782834583311 -0.23547714780533105 -0.23921620201376445
leaf_weight=646.94947928190231 2396.856147736311 1472.5303532481194 1046.6437729597092 2778.7396865189075 4373.3260953724384 217.13405600190163 3065.021379172802 4036.4932895600796 489.27191388607025 2381.140775769949 2420.953051418066 1530.9391523897648 11249.063253521919 82.505702823400497 3032.0190980434418 2264.3231774866581 2465.7418615221977 4736.3511877954006 66.004562258720398 3607.201712012291 1360.9512122869492 5234.0046333968639 1577.2994996905327 1281.5885838568211 4762.2815515398979 12071.76297596097 570.72992524504662 450.76925256848335 1345.4977631866932 347.57164332270622
leaf_count=2470 9151 5622 3996 10609 16697 829 11702 15411 1868 9091 9243 5845 42948 315 11576 8645 9414 18083 252 13772 5196 19983 6022 4893 18182 46089 2179 1721 5137 1327
internal_value=-0.255461 -0.286869 -0.244923 -0.253768 -0.23861 -0.277305 -0.305241 -0.249081 -0.271404 -0.242133 -0.26231 -0.285324 -0.239668 -0.299387 -0.266417 -0.281425 -0.278948 -0.244672 -0.317713 -0.246345 -0.256416 -0.253908 -0.318614 -0.30134 -0.26755 -0.23347 -0.292257 -0.283473 -0.237724 -0.23265
internal_weight=83361.7 20943.1 62418.6 25996.4 36422.2 13773 7170.14 16785.6 7934.43 21610.7 9210.78 5838.52 13630.2 4879.88 5428.88 3736.85 2682.88 8772.84 2290.25 7980.53 3781.9 8012.74 2224.25 4346.61 5251.55 14811.5 2101.67 533.275 2392.14 12419.3
internal_count=318268 79959 238309 99252 139057 52584 27375 64086 30293 82508 35166 22291 52039 18631 20727 14267 10243 33494 8744 30469 14439 30592 8492 16595 20050 56549 8024 2036 9133 47416
is_linear=0
shrinkage=1


Tree=2
num_leaves=31
num_cat=0
split_feature=2 2 2 7 4 1 2 8 2 1 2 7 7 2 2 2 2 2 7 1 7 1 6 11 2 11 2 9 8 0
split_gain=22677.6 3726.71 3483.73 938.336 889.276 864.365 480.79 297.297 227.658 208.976 200.612 153.556 134.962 115.22 96.8895 93.2596 77.0151 70.9878 68.5566 68.2249 64.2615 56.3074 51.0401 41.2458 33.3893 33.2047 27.6981 23.0096 20.6712 17.9835
threshold=0.44974182546138769 0.2587514221668244 0.73010173439979564 0.33083988726139074 0.23886713385581973 0.27502086758613592 0.85213345289230358 0.20398859679698947 0.3771051168441773 0.1995167210698128 0.10704585909843446 0.22196365892887118 0.081495925784111037 0.52385285496711742 0.56164449453353893 0.62018039822578441 0.7711533010005952 0.15656355768442157 0.34941715002059942 0.30814200639724737 0.46653579175472265 0.06097793951630593 0.12343633547425271 0.59329792857170116 0.5834939479827882 0.31014524400234228 0.058795841410756118 0.34092828631401068 0.38409277796745306 0.02201743703335524
decision_type=2 2 2 2 2 2 2 2 2 2 2 2 2 2 2 2 2 2 2 2 2 2 2 2 2 2 2 2 2 2
left_child=1 3 5 10 12 9 16 17 18 15 26 -12 28 22 -11 -2 25 -5 -6 -14 -9 29 -7 -18 -15 -4 -1 -10 -3 -8
right_child=2 4 6 7 8 13 21 20 27 14 11 -13 19 24 -16 -17 23 -19 -20 -21 -22 -23 -24 -25 -26 -27 -28 -29 -30 -31
leaf_value=-2.2543908031414155 -2.1839858182291478 -2.1886339189194972 -2.203927905877499 -2.2596904708265075 -2.2343302847770135 -2.231691290030331 -2.0806125764681878 -2.249832649585906 -2.2284266505230135 -2.2037577627803957 -2.2307409551330961 -2.2431789987034714 -2.2115093834778379 -2.2076660000444832 -2.1865952446954431 -2.1669923286489632 -2.1407283691612493 -2.253984894182377 -2.2416398128849027 -2.2251364541685366 -2.2545372211678596 -2.121124501286495 -2.2142984297491588 -2.1595024640861897 -2.196530351799951 -2.1614367450769807 -2.247162518353977 -2.2183354275147469 -2.1591148316866393 -2.1038244053941098
leaf_weight=833.04511600732803 592.79028207063675 55.212957680225372 17.405635237693787 11845.105455815792 1674.5077113509178 177.05240434408188 43.371418952941895 5465.0841263532639 1606.3118618130684 488.4991397857666 1450.5171595215797 2325.507003068924 1341.2325972914696 591.64892894029617 751.43836718797684 570.24855774641037 406.89239096641541 2352.3288016319275 3720.9538740515709 438.85027861595154 5007.2588519454002 213.00502794981003 1066.737169444561 142.09846472740173 410.45911949872971 337.41251915693283 1116.6713688969612 232.83603858947754 34.811270475387573 97.728361785411835
leaf_count=5839 4155 387 122 83025 11737 1241 304 38306 11259 3424 10167 16300 9401 4147 5267 3997 2852 16488 26081 3076 35097 1493 7477 996 2877 2365 7827 1632 244 685
internal_value=-2.24014 -2.24833 -2.18531 -2.25338 -2.2315 -2.19729 -2.14102 -2.25592 -2.23626 -2.18479 -2.24244 -2.2384 -2.21306 -2.21068 -2.19336 -2.17565 -2.15263 -2.25875 -2.23937 -2.21487 -2.25208 -2.11139 -2.21677 -2.14559 -2.2031 -2.16352 -2.25025 -2.22715 -2.17722 -2.09669
internal_weight=45407 39500.2 5906.79 30395.5 9104.72 4648.87 1257.91 24669.8 7234.61 2402.98 5725.74 3776.02 1870.11 2245.9 1239.94 1163.04 903.809 14197.4 5395.46 1780.08 10472.3 354.105 1243.79 548.991 1002.11 354.818 1949.72 1839.15 90.0242 141.1
internal_count=318268 276866 41402 213049 63817 32585 8817 172916 50709 16843 40133 26467 13108 15742 8691 8152 6335 99513 37818 12477 73403 2482 8718 3848 7024 2487 13666 12891 631 989
is_linear=0
shrinkage=1


Tree=3
num_leaves=31
num_cat=0
split_feature=0 0 7 0 0 7 13 3 0 14 0 10 7 3 11 11 13 0 0 3 10 14 0 6 0 6 4 11 10 6
split_gain=18201.2 3457.14 2564.66 1064.28 670.486 644.624 418.277 366.022 271.604 239.717 219.374 197.004 176.197 167.943 130.701 125.207 125.011 124.555 77.4934 62.8805 61.6108 55.6577 49.0191 48.1255 46.5221 43.6349 39.3904 30.4657 22.2992 16.4424
threshold=0.4171122163534165 0.65600726008415233 0.41100020706653601 0.2356575429439545 0.28577296435832983 0.27350778877735143 0.2683375626802445 0.68274736404418956 0.073308896273374571 0.21572279930114749 0.50782224535942089 0.22283513098955157 0.56393593549728405 0.52102175354957592 0.15082093328237536 0.15811298042535785 0.14767351746559146 0.82884481549263012 0.34195281565189367 0.59112730622291576 0.52368134260177623 0.17942536622285846 0.50782224535942089 0.17079117149114612 0.35337957739830023 0.54327076673507702 0.12205786630511285 0.18634359538555148 0.14801049977540973 0.21517778933048251
decision_type=2 2 2 2 2 2 2 2 2 2 2 2 2 2 2 2 2 2 2 2 2 2 2 2 2 2 2 2 2 2
left_child=2 5 3 8 12 13 16 14 28 22 -11 -10 23 26 29 -6 -5 21 -8 -16 -19 -9 -7 -4 -17 -15 -2 -14 -1 -3
right_child=1 7 4 6 15 9 18 17 11 10 -12 -13 27 25 19 24 -18 20 -20 -21 -22 -23 -24 -25 -26 -27 -28 -29 -30 -31
leaf_value=-0.0076827888795146411 0.044096404117457785 0.058776276879401644 -0.017707102982896124 0.02980955117958943 -0.013467257392010467 -0.00080612098314322852 -0.0012215545403866663 0.04093243400513865 0.0041027041646619659 0.017467636998293363 0.033041320111583061 -0.0065888051952098766 -0.020201588478252992 0.040162392763104147 0.051080336215577053 -0.0043064378055480005 0.014916870100743716 0.098295010994372628 0.0086079239490181418 0.066670767113682375 0.048628984571228856 0.076639371135542533 0.01348003910099079 -0.012105602072205785 0.0026635281684658165 0.050952064268322238 0.028968650901983528 -0.017174816287961681 -0.014877599636058921 0.0268765502961332
leaf_weight=469.85239706933498 180.79761962592602 16.545984625816345 1771.8977554291487 624.33670194447041 1024.7681478261948 449.38175910711288 1959.5904246717691 41.806255176663399 2604.3318758159876 2015.8397634625435 1365.4259989708662 3835.4198844283819 7733.9051408320665 594.09226430952549 336.64587973058224 2211.8185971677303 2705.5634511709213 383.57116855680943 1142.8292015194893 755.02006879448891 23.878604009747505 652.30168686807156 416.50958453118801 6247.8468014448881 1412.1204924732447 780.52793000638485 1081.966020360589 4882.2835522443056 2217.292699277401 120.08802877366543
leaf_count=2947 1079 102 11488 3809 6651 2857 12465 250 16349 12617 8380 24444 50603 3574 1992 14186 16823 2167 7199 4429 141 3771 2614 40375 8977 4681 6602 31735 14225 736
internal_value=-1.21317e-05 0.0380737 -0.00860432 0.000978814 -0.0145014 0.0273838 0.0103249 0.0696615 -0.00560802 0.0201499 0.0237566 -0.002265 -0.0168201 0.0390331 0.0584009 -0.00420862 0.0177092 0.0822177 0.0023993 0.061863 0.0953843 0.0744887 0.00606578 -0.0133432 -0.00159049 0.0462889 0.0311346 -0.0190303 -0.0136196 0.0307395
internal_weight=50058.3 9214.4 40843.9 15559.2 25284.6 6884.54 6432.32 2329.86 9126.9 4247.16 3381.27 6439.75 20635.9 2637.38 1228.3 4648.71 3329.9 1101.56 3102.42 1091.67 407.45 694.108 865.891 8019.74 3623.94 1374.62 1262.76 12616.2 2687.15 136.634
internal_count=318268 55992 262276 98261 164015 42404 40296 13588 57965 26468 20997 40793 134201 15936 7259 29814 20632 6329 19664 6421 2308 4021 5471 51863 23163 8255 7681 82338 17172 838
is_linear=0
shrinkage=0.03


Tree=4
num_leaves=31
num_cat=0
split_feature=1 4 1 7 11 1 10 1 7 7 7 1 1 10 9 0 1 14 1 10 10 1 1 11 1 11 12 7 12 5
split_gain=27822.5 3693.96 3424.06 1061.66 719.664 649.863 461.446 362.714 241.222 210.867 207.228 161.185 159.114 132.58 128.17 105.737 85.1078 68.7382 67.061 64.5314 64.4383 56.715 53.0237 48.7769 43.9646 43.1325 42.1846 35.885 17.1748 17.134
threshold=0.33660043776035314 0.43542210757732397 0.20406513661146167 0.34705530107021337 0.16528243571519854 0.099580615758895888 0.24874240905046466 0.44324320554733282 0.47584730386734014 0.15911624580621722 0.22531238198280337 0.28873330354690557 0.54408788681030285 0.50247400999069225 0.43425270915031439 0.31317698955535894 0.55254027247428905 0.18304322659969333 0.73109653592109691 0.39639461040496832 0.40747708082199102 0.61627459526062023 0.37729601562023168 0.54488742351531994 0.070107042789459242 0.21334102749824527 0.30436871945858007 0.21851094067096713 0.27378936111927038 0.31472942233085638
decision_type=2 2 2 2 2 2 2 2 2 2 2 2 2 2 2 2 2 2 2 2 2 2 2 2 2 2 2 2 2 2
left_child=2 3 5 10 21 19 14 22 18 23 15 17 -10 -11 26 -2 -12 -8 -6 24 -9 28 -5 -7 -1 -13 -4 -16 -3 -23
right_child=1 4 6 7 8 9 11 20 12 13 16 25 -14 -15 27 -17 -18 -19 -20 -21 -22 29 -24 -25 -26 -27 -28 -29 -30 -31
leaf_value=-0.062055531701723322 -0.0090642867752937922 0.014499821551554421 -0.016069495725624942 -0.002147266296480627 0.0067050419286905655 -0.04671439215249483 -0.004122609659446881 0.006991401593650773 0.0083675028083403415 -0.035301055024107478 -0.0055504891196762381 0.0001909660957242436 0.017091582846138275 -0.011431724604777082 -0.035682083300591035 -0.021568873138719726 0.0024724952303658509 -0.019601083286908585 0.012152881924091216 -0.030834859525122788 0.012220159791770331 0.022686932733200056 0.003138905516697339 -0.03664964361772604 -0.053768020597040889 -0.010966219595146638 -0.024663844153979098 -0.025676807627793927 0.019668738532896034 0.015867042981267804
leaf_weight=1016.2995046079159 1666.2559427320957 1030.0009486675262 666.11984467506409 2567.1282828748226 4794.2572529911995 2220.6389311850071 276.71515670418739 3410.4925041794777 2282.9244847893715 3822.4234765470028 5094.006179869175 344.48888272047043 10701.338264495134 221.57064580917358 1248.4919244945049 958.80204394459724 1552.6983304321766 3862.646865695715 3531.5995810031891 85.571873962879181 5611.3492988049984 11790.838260680437 5101.5853931903839 538.43948316574097 1330.0560150146484 3290.763940423727 2250.9225223064423 435.04587018489838 1319.9476112425327 341.14055526256561
leaf_count=3635 6284 3996 2483 9772 18446 8097 1048 13116 8795 14035 19352 1308 41606 827 4592 3594 5944 14451 13661 313 21667 46089 19523 1969 4796 12409 8378 1618 5137 1327
internal_value=7.23294e-06 0.0102596 -0.0292904 0.00164461 0.0165086 -0.043114 -0.0189746 0.00616617 0.0130018 -0.0383559 -0.00649487 -0.0145183 0.0155577 -0.0339933 -0.0265054 -0.0136316 -0.00367629 -0.0185664 0.00901587 -0.0564244 0.0102436 0.0216689 0.00136934 -0.0447502 -0.0573577 -0.00990893 -0.0227013 -0.0330966 0.0174032 0.0224952
internal_weight=83364.6 61754.4 21610.2 25962.3 35792 9235 12375.2 16690.6 21310.1 6803.07 9271.76 7774.61 12984.3 4043.99 4600.58 2625.06 6646.7 4139.36 8325.86 2431.93 9021.84 14481.9 7668.71 2759.08 2346.36 3635.25 2917.04 1683.54 2349.95 12132
internal_count=318268 238309 79959 99252 139057 33672 46287 64078 82508 24928 35174 29216 50401 14862 17071 9878 25296 15499 32107 8744 34783 56549 29295 10066 8431 13717 10861 6210 9133 47416
is_linear=0
shrinkage=0.03


Tree=5
num_leaves=31
num_cat=0
split_feature=2 2 2 4 13 2 1 2 2 2 7 1 2 1 13 1 1 2 13 10 5 13 2 2 14 4 2 9 12 8
split_gain=20330.1 3242.06 2925.55 803.141 762.138 625.44 563.027 229.169 225.45 154.429 153.041 126.467 124.906 115.208 112.581 82.8096 73.5019 61.9633 60.2145 53.5938 51.6017 43.1673 40.1111 37.0888 34.6421 27.7003 26.3545 25.7563 21.8564 21.7773
threshold=0.42078648507595068 0.66189122200012218 0.23206416517496112 0.24836473912000659 0.31343831121921545 0.82174551486969005 0.29222644865512853 0.32363207638263708 0.11217619478702547 0.14645181596279147 0.23518338799476626 0.1995167210698128 0.51497119665145885 0.15132067352533343 0.24112468957901004 0.3049472719430924 0.06097793951630593 0.56164449453353893 0.24333066493272784 0.46169747412204748 0.41402205824851995 0.21037429571151736 0.73010173439979564 0.3771051168441773 0.30398385226726538 0.38819926977157598 0.32037419080734258 0.28009012341499334 0.22414497286081317 0.291448324918747
decision_type=2 2 2 2 2 2 2 2 2 2 2 2 2 2 2 2 2 2 2 2 2 2 2 2 2 2 2 2 2 2
left_child=2 6 4 14 8 13 11 18 21 19 -10 20 27 24 15 -4 -7 -13 -5 -6 -2 -1 -15 -9 -3 -14 -16 -8 -18 -11
right_child=1 5 3 7 9 16 12 23 10 29 -12 17 25 22 26 -17 28 -19 -20 -21 -22 -23 -24 -25 -26 -27 -28 -29 -30 -31
leaf_value=-0.0070369870401516821 0.031214434633600702 0.036563149766870355 0.029581755475488514 0.0052134197716686217 -0.016080456483894473 0.11854702796498533 0.01616740505043605 0.0044521803299559133 0.0068242253938079755 -0.013974420044708903 -0.0051991751836028138 0.032679017533101498 0.034360137601763069 0.054730236482174184 0.0048399453475828497 0.012728929754821511 0.10815351358706894 0.045159729602112786 -0.0045449748470626555 -0.020121693769629721 0.054499401782989058 -0.014093923452744709 0.067878226499923824 0.011220129438685073 0.077412246722876582 0.018525596409705688 0.016625827716935489 0.023998553077856623 0.092114212814318475 -0.0095221313311273231
leaf_weight=1171.8037849366665 95.333256021142006 19.241284146904945 1146.3880861252546 651.7981580644846 4399.0689710974693 182.38384309411049 1163.4113192856312 1910.4637117832899 1357.6856038868427 5145.9041227251291 3194.8634334504604 835.51267951726913 805.71900935471058 550.92845289409161 325.51540477573872 340.30387236177921 99.448865249752998 626.4370298832655 4485.3176741749048 8987.3695838451385 843.77267928421497 2333.943881124258 336.30159932374954 1178.1302889734507 645.74379236996174 113.4273521900177 359.15734511613846 559.88966420292854 330.81631097197533 1223.8914289176464
leaf_count=8174 625 123 7690 4539 31413 1096 8018 13384 9301 36727 22532 5625 5446 3615 2240 2337 621 4156 31644 64669 5496 16562 2161 8163 4103 773 2451 3831 2057 8696
internal_value=9.49711e-08 0.0462113 -0.00871734 0.00485979 -0.0137925 0.0769202 0.0330299 0.000575871 -0.00601689 -0.016964 -0.00161349 0.0435452 0.0234751 0.0667897 0.0210884 0.0257241 0.102587 0.0380269 -0.00330683 -0.0187937 0.0521356 -0.0117351 0.0597139 0.00703378 0.0762303 0.0324061 0.0110224 0.0187117 0.0958214 -0.013119
internal_weight=45420 7208.37 38211.6 10397.1 27814.5 2164.86 5043.5 8225.71 8058.3 19756.2 4552.55 2401.06 2642.45 1552.22 2171.36 1486.69 612.649 1461.95 5137.12 13386.4 939.106 3505.75 887.23 3088.59 664.985 919.146 684.673 1723.3 430.265 6369.8
internal_count=318268 47746 270522 72448 198074 13776 33970 57730 56569 141505 31833 15902 18068 10002 14718 10027 3774 9781 36183 96082 6121 24736 5776 21547 4226 6219 4691 11849 2678 45423
is_linear=0
shrinkage=0.03


Tree=6
num_leaves=31
num_cat=0
split_feature=0 0 7 0 0 13 13 3 0 13 7 14 0 3 13 14 14 0 0 3 6 0 10 14 7 0 4 14 10 12
split_gain=16573 2817.48 2425.65 1003.54 660.996 506.801 372.907 345.207 263.841 182.559 174.562 170.114 154.035 152.717 104.512 100.269 96.1136 88.8382 73.0242 57.8694 48.1782 46.2498 44.7564 44.6674 39.9791 35.3417 34.4068 30.2566 20.6581 17.0984
threshold=0.4171122163534165 0.64417013525962841 0.41100020706653601 0.2356575429439545 0.28577296435832983 0.28465473651885992 0.2683375626802445 0.68274736404418956 0.073308896273374571 0.2591413706541062 0.56393593549728405 0.21340389549732211 0.50782224535942089 0.52102175354957592 0.14767351746559146 0.19021142274141314 0.16844701021909717 0.82884481549263012 0.33913068473339086 0.59112730622291576 0.17079117149114612 0.35337957739830023 0.52368134260177623 0.17942536622285846 0.15911624580621722 0.49568060040473944 0.12205786630511285 0.21340389549732211 0.14801049977540973 0.36990922689437872
decision_type=2 2 2 2 2 2 2 2 2 2 2 2 2 2 2 2 2 2 2 2 2 2 2 2 2 2 2 2 2 2
left_child=2 5 3 8 10 13 14 16 28 -10 20 25 -13 26 -5 -6 29 23 -8 -18 -4 -17 -19 -9 -15 -7 -2 -12 -1 -3
right_child=1 7 4 6 15 11 18 17 9 -11 27 12 -14 24 -16 21 19 22 -20 -21 -22 -23 -24 -25 -26 -27 -28 -29 -30 -31
leaf_value=-0.0078655424493015193 0.039791028476635834 0.035340808493376577 -0.017542026132769593 0.02745718774042297 -0.012347855921388267 -0.0015667328676633335 -0.0013517057017820864 0.037699866150046564 0.0022616514222649564 -0.0078718413474677656 -0.02001982387504107 0.015343088884605937 0.029579377167467676 0.047163277330383516 0.014097212750940911 -0.0043998495370170176 0.045326905460802938 0.085986081546346418 0.008085005591661136 0.058472632275025249 -0.01188415244563212 0.0025727473760929205 0.04479646197381814 0.068696550459995329 0.037058817402936178 0.01114250888433513 0.026258426731788166 -0.016956791832278266 -0.014768810411779947 0.013119103974627181
leaf_weight=474.43956696987152 190.05303804576397 97.802210092544556 1737.1288976967335 651.34728448092937 1015.134174272418 368.00686186552048 1912.3604584038258 44.395667865872383 3530.798835888505 2925.9682609289885 7592.2356492727995 1738.3658833056688 1127.78256970644 561.89103910326958 2760.0238397717476 2187.2895499765873 452.77542439103127 424.90344680845737 1201.8313735276461 901.380804002285 6149.8850808143616 1406.8696746826172 25.147438079118729 727.14146360754967 945.27509886026382 423.57604236900806 1533.1789899617434 4698.6441464275122 2195.7911450564861 45.736476689577103
leaf_count=2947 1068 584 11488 3809 6702 2355 12160 254 22053 18740 51103 10722 6701 3147 16823 14151 2550 2167 7504 4945 40375 8961 141 3880 5492 2635 9079 31235 14225 272
internal_value=-1.89872e-05 0.0353998 -0.00843355 0.000812417 -0.0142722 0.0251922 0.00979604 0.0612564 -0.00561064 -0.00233047 -0.0166136 0.0175448 0.0209448 0.0338511 0.0166481 -0.00402208 0.0516029 0.0730918 0.00229012 0.0540772 -0.0131303 -0.00167055 0.0836845 0.0669129 0.0408259 0.00523398 0.0277509 -0.0188489 -0.0135423 0.0282602
internal_weight=50047.2 9607.41 40439.7 15652.6 24787.2 6888.13 6525.56 2719.28 9127 6456.77 20177.9 3657.73 2866.15 3230.4 3411.37 4609.29 1497.69 1221.59 3114.19 1354.16 7887.01 3594.16 450.051 771.537 1507.17 791.583 1723.23 12290.9 2670.23 143.539
internal_count=318268 55992 262276 98261 164015 41199 40296 14793 57965 40793 134201 22413 17423 18786 20632 29814 8351 6442 19664 7495 51863 23112 2308 4134 8639 4990 10147 82338 17172 856
is_linear=0
shrinkage=0.03


Tree=7
num_leaves=31
num_cat=0
split_feature=1 7 1 1 7 13 1 1 11 1 0 10 9 1 13 7 1 1 7 14 1 10 7 7 10 11 1 5 10 2
split_gain=25343.6 3461.12 2917.71 1292.66 611.507 549.1 384.248 350.068 319.825 199.237 156.587 132.352 131.609 128.213 107.323 81.6276 74.5101 63.5398 60.4835 59.6131 55.9962 54.9259 50.3925 41.3319 37.9912 36.8138 35.7582 29.3701 26.1805 12.4947
threshold=0.33660043776035314 0.42861531674861914 0.18100468069314959 0.52470549941062938 0.2653623372316361 0.25325909256935125 0.099580615758895888 0.48969838023185736 0.15082093328237536 0.25676073133945471 0.30589361488819128 0.47156858444213873 0.43425270915031439 0.41216696798801428 0.29953514039516455 0.52113211154937755 0.52737459540367138 0.68834036588668834 0.15911624580621722 0.18304322659969333 0.26778045296669012 0.39639461040496832 0.40876245498657232 0.18988862633705142 0.21838188916444781 0.15082093328237536 0.06097793951630593 0.32055115699768072 0.38783128559589392 0.04126353561878205
decision_type=2 2 2 2 2 2 2 2 2 2 2 2 2 2 2 2 2 2 2 2 2 2 2 2 2 2 2 2 2 2
left_child=2 4 6 13 10 12 21 14 27 19 16 18 20 28 -6 -10 -2 -9 -8 -7 -4 26 -11 -14 -12 -15 -1 -5 -3 -13
right_child=1 3 5 8 7 9 11 17 15 22 24 29 23 25 -16 -17 -18 -19 -20 -21 -22 -23 -24 -25 -26 -27 -28 -29 -30 -31
leaf_value=-0.058100155710124744 -0.0093770795958099985 0.0073294065806475536 -0.025695041954644327 0.022130481075993157 -0.0066993547400433047 -0.0058487949879538767 -0.041900626827116517 0.0049317609130615945 0.012694535074052502 -0.01305154837142886 -0.019694596661115067 -0.027595798719279495 -0.035295371384380964 0.014861794032392293 0.000815861133977821 0.017136093383957468 7.7368550518789635e-05 0.010318858683577598 -0.035352163411396173 -0.022052288996341478 -0.018355300736121041 -0.028470554358624681 -0.0069709473850204642 -0.027012505392541228 -0.0098951527484003182 0.0078537121549854139 -0.050181985813533003 0.014080844574405952 0.00031988979253293935 -0.0096709289295939596
leaf_weight=728.15124720335007 1798.8970832824707 579.13612246513367 2396.1407994031906 12634.379145607352 2747.4800125658512 221.87825101613998 2419.4999809861183 5195.3119356334209 5750.5862852334976 3489.0467886328697 1193.4660946726799 45.080509334802628 1334.6581337749958 744.57793089747429 4530.0672187805176 10567.059735193849 1286.9067406952381 3174.5853150486946 2670.4985360503197 2586.1251097917557 1534.6394629180431 88.547929376363754 1891.6909893453121 913.1980052292347 507.45386505126953 7179.4155722260475 1739.5869464278221 421.55092799663544 2789.1838620007038 156.50067001581192
leaf_count=2458 6730 2211 8647 50522 10388 829 8457 20043 22587 12964 4404 165 4735 2923 17307 41807 4897 12397 9439 9414 5620 313 7086 3289 1898 27857 5973 1667 10671 570
internal_value=1.62142e-05 0.00999315 -0.027424 0.0150546 -7.95386e-05 -0.0193887 -0.0421346 0.00279085 0.0183709 -0.0142943 -0.00946263 -0.0375207 -0.0261405 0.00642807 -0.00202135 0.0155708 -0.00543419 0.00697501 -0.0384649 -0.0207719 -0.0228295 -0.0516854 -0.0109138 -0.0319304 -0.016771 0.00851223 -0.0525184 0.0218706 0.00152508 -0.0136795
internal_weight=83315.3 61100.1 22215.2 40665.9 20434.2 14367.4 7847.87 15647.4 29373.6 8188.74 4786.72 5291.58 6178.64 11292.3 7277.55 16317.6 3085.8 8369.9 5090 2808 3930.78 2556.29 5380.74 2247.86 1700.92 7923.99 2467.74 13055.9 3368.32 201.581
internal_count=318268 238309 79959 160245 78064 52584 27375 60135 116583 30293 17929 18631 22291 43662 27695 64394 11627 32440 17896 10243 14267 8744 20050 8024 6302 30780 8431 52189 12882 735
is_linear=0
shrinkage=0.03


Tree=8
num_leaves=31
num_cat=0
split_feature=2 2 2 13 4 2 1 2 2 2 13 1 1 13 2 2 8 1 8 2 2 11 13 8 6 7 13 8 2 2
split_gain=18396.3 2852.88 2494.78 735.475 665.735 561.202 425.662 217.457 164.758 154.165 138.816 132.008 121.778 96.5187 77.8545 65.893 57.794 53.9537 53.4576 49.565 41.853 40.6292 40.1274 38.1121 33.8798 23.4189 23.3307 21.3148 21.2343 20.0215
threshold=0.40472900867462164 0.63357147574424755 0.23206416517496112 0.31343831121921545 0.24836473912000659 0.82174551486969005 0.31791400909423834 0.11217619478702547 0.32363207638263708 0.14645181596279147 0.21678765118122104 0.1762252822518349 0.1995167210698128 0.25517283380031591 0.48347169160842901 0.49869556725025183 0.33219906687736517 0.31791400909423834 0.16913386434316638 0.88870060443878185 0.49134542047977453 0.30022367835044866 0.21037429571151736 0.23679172247648242 0.11541705206036569 0.074091039597988143 0.30094623565673834 0.291448324918747 0.56164449453353893 0.31711405515670782
decision_type=2 2 2 2 2 2 2 2 2 2 2 2 2 2 2 2 2 2 2 2 2 2 2 2 2 2 2 2 2 2
left_child=2 6 3 7 13 11 12 22 16 18 -9 21 20 17 24 -14 -6 -4 -5 25 -2 -3 -1 -13 -8 -7 -10 -11 -16 -15
right_child=1 5 4 9 8 19 14 10 26 27 -12 23 15 29 28 -17 -18 -19 -20 -21 -22 -23 -24 -25 -26 -27 -28 -29 -30 -31
leaf_value=-0.0071317075194163937 0.036386673093888572 0.032690728716385092 0.025821114865760459 -0.020079873852048933 -0.0056356213030996586 0.10546340415817054 0.002554219875043283 0.0050187196838282827 0.0099161842569934801 -0.013767884876689163 -0.0057657141943345605 0.0068603612163705635 0.02513726037629508 0.0026321230439228013 0.023175374651708474 0.036485178628066238 0.00097558888270041135 0.011659136008187453 -0.016084457601605717 0.10061993076658098 0.049945632685787909 0.065988418646476976 -0.013939984484219155 0.050611802209101026 0.016647028735008049 0.081381601848919377 0.0039988602638012872 -0.0093341337025644056 0.033011730457293935 0.014156265248399389
leaf_weight=1177.7419020980597 313.28790156543255 34.029367968440056 1218.5020841658115 8344.7097327560186 3225.6339303851128 39.836368128657341 172.8051974773407 1729.412525370717 894.68588773906231 5052.8218004703522 2835.369240000844 18.263569250702858 772.86752524971962 277.21630395948887 767.8559518456459 1139.5108758807182 1885.766590565443 302.14695009589195 4717.8709869235754 228.57102201879025 592.14837960898876 1069.6590799093246 2302.0048076212406 950.58510403335094 1376.2704273611307 414.54763127863407 1818.6905668377876 1209.4185788184404 265.92615205049515 265.75456005334854
leaf_count=8174 1944 208 7853 61657 22943 218 1187 11775 6153 36727 20058 116 5052 1887 5127 7310 13240 2042 34425 1225 3610 6286 16562 5894 9349 2331 12703 8696 1739 1777
internal_value=-8.82161e-06 0.0408003 -0.00894243 -0.0136086 0.00397268 0.0656399 0.0281269 -0.00598639 -2.48133e-05 -0.0167816 -0.00167993 0.057868 0.0361904 0.0191303 0.0193298 0.031899 -0.00319652 0.0230072 -0.0186368 0.089225 0.0452541 0.0649618 -0.0116357 0.0497871 0.0150749 0.0834929 0.00594999 -0.0129116 0.0257056 0.00827256
internal_weight=45413.9 8156.16 37257.7 27369.3 9888.4 2755.49 5400.67 8044.53 7824.78 19324.8 4564.78 2072.54 2817.81 2063.62 2582.86 1912.38 5111.4 1520.65 13062.6 682.955 905.436 1103.69 3479.75 968.849 1549.08 454.384 2713.38 6262.24 1033.78 542.971
internal_count=318268 51596 266672 198074 68598 16278 35318 56569 55039 141505 31833 12504 17916 13559 17402 12362 36183 9895 96082 3774 5554 6494 24736 6010 10536 2549 18856 45423 6866 3664
is_linear=0
shrinkage=0.03


Tree=9
num_leaves=31
num_cat=0
split_feature=0 0 7 0 10 0 13 3 0 3 10 0 11 11 10 7 11 0 14 0 6 0 7 11 4 0 0 7 0 2
split_gain=15150.2 2702.39 2080.33 811.665 581.249 515.132 382.625 270.585 200.803 167.766 151.347 142.641 129.849 127.054 109.757 102.109 97.1324 85.5779 82.2562 67.3107 56.6903 55.8147 45.1098 44.0968 41.4496 41.4145 28.0508 23.7303 20.4305 15.4656
threshold=0.39453320205211645 0.64417013525962841 0.41100020706653601 0.17072525620460513 0.29726834595203405 0.26322270929813391 0.2683375626802445 0.68274736404418956 0.47220723330974584 0.51073440909385692 0.48916459083557134 0.073308896273374571 0.16528243571519854 0.1727382764220238 0.22283513098955157 0.19347756356000903 0.14746981114149096 0.29002062976360327 0.20566277205944064 0.863476723432541 0.18617971241474154 0.69883990287780773 0.15911624580621722 0.13230797648429873 0.15220849961042407 0.33105565607547766 0.19859292358160022 0.34705530107021337 0.039447518065571792 0.044856579974293716
decision_type=2 2 2 2 2 2 2 2 2 2 2 2 2 2 2 2 2 2 2 2 2 2 2 2 2 2 2 2 2 2
left_child=2 4 3 11 9 10 15 16 18 24 20 28 -10 -7 -13 -5 29 -8 -6 23 -4 -18 -11 -9 -2 -15 -12 -21 -1 -3
right_child=1 7 5 6 8 13 17 19 12 22 26 14 -14 25 -16 -17 21 -19 -20 27 -22 -23 -24 -25 -26 -27 -28 -29 -30 -31
leaf_value=-0.01640225972290351 0.033225209620446942 0.038103472353154408 -0.016996611831320958 0.017931124866771651 -0.0047870752724883938 -0.013995271369489949 -0.0046545293710194341 0.036165335925544544 0.0042554610677780847 0.04300042574583756 -0.020102712690043739 0.0011499252029977603 0.024284840093150687 -0.0059511674519885996 -0.0089867831340435314 0.0085364641310601685 0.043969907138898839 0.0041604581287749097 0.010599836899557067 0.082879680959478813 -0.011760406025472037 0.055843344123801139 0.033297387628270739 0.063775625758845766 0.022389775229160844 0.00033082629456720396 -0.016616955693132252 0.056065475052502464 -0.011105158895443435 0.018184636097228198
leaf_weight=1181.3135080486536 389.41330619156361 52.936634421348572 2932.2430861890316 1644.5920878499746 378.53199137747288 1378.6963755339384 2245.6373949944973 54.916422218084335 349.74128842353821 659.61059279739857 7602.9829470664263 1743.1328116953373 1743.4342778772116 2331.9827875494957 2143.5118805021048 2838.0571004897356 729.60201945900917 1774.3993284106255 1797.5514656156301 226.46805702149868 5093.0826522707939 696.44217112660408 1245.3919977843761 1001.0575649887323 1726.297325566411 1587.4339599311352 2859.0848624110222 34.188254624605179 1471.7041884809732 104.0114174336195
leaf_count=7639 2128 304 19856 9547 2467 9363 14389 297 2187 3509 52273 10736 10256 15344 13746 17362 3871 11120 11096 1039 34093 3573 7008 4935 10026 10192 19605 171 9533 603
internal_value=-2.35578e-05 0.0307327 -0.00888705 -0.000155045 0.0220134 -0.0144093 0.0059565 0.0556611 0.0143044 0.030199 -0.0167728 -0.00810111 0.0209382 -0.00616221 -0.00444054 0.0119832 0.0473032 -0.000763692 0.00792327 0.0657098 -0.0136736 0.0497686 0.0366571 0.0623397 0.0243841 -0.00340685 -0.0191501 0.0793627 -0.0134638 0.024903
internal_weight=50017.4 11189.6 38827.9 15042.3 8289.97 23785.5 8502.69 2899.62 4269.26 4020.71 18487.4 6539.66 2093.18 5298.11 3886.64 4482.65 1582.99 4020.04 2176.08 1316.63 8025.33 1426.04 1905 1055.97 2115.71 3919.42 10462.1 260.656 2653.02 156.948
internal_count=318268 63470 254798 94072 48677 160726 52418 14793 26006 22671 125827 41654 12443 34899 24482 26909 8351 25509 13563 6442 53949 7444 10517 5232 12154 25536 71878 1210 17172 907
is_linear=0
shrinkage=0.03


Tree=10
num_leaves=31
num_cat=0
split_feature=1 4 1 13 11 1 13 1 7 4 7 1 1 10 9 7 1 1 14 1 1 1 10 11 7 12 4 7 5 12
split_gain=23149.8 3292.91 2614.87 945.643 642.622 455.952 408.086 350.953 215.273 210.781 153.312 140.956 124.831 101.889 93.6962 79.064 68.8894 58.8307 54.515 53.8293 50.4112 49.7105 47.6597 41.1974 37.5835 36.5254 30.8048 27.0023 16.8506 16.0051
threshold=0.33965964615345007 0.44424627721309667 0.20406513661146167 0.30094623565673834 0.16528243571519854 0.099580615758895888 0.25131654739379888 0.44588136672973638 0.46886366605758673 0.33794517815113073 0.16304382681846621 0.28873330354690557 0.54693984985351574 0.50247400999069225 0.43425270915031439 0.23182884603738788 0.50045892596244823 0.58123880624771129 0.18304322659969333 0.80566298961639415 0.39645959436893469 0.61627459526062023 0.39639461040496832 0.52744856476783764 0.40876245498657232 0.30436871945858007 0.076339684426784529 0.21851094067096713 0.31296186149120336 0.27378936111927038
decision_type=2 2 2 2 2 2 2 2 2 2 2 2 2 2 2 2 2 2 2 2 2 2 2 2 2 2 2 2 2 2
left_child=2 3 5 9 21 22 14 20 19 15 23 18 -10 -12 25 -2 -9 -11 -8 -6 -5 29 26 -7 -13 -4 -1 -16 -23 -3
right_child=1 4 6 7 8 10 11 16 12 17 13 24 -14 -15 27 -17 -18 -19 -20 -21 -22 28 -24 -25 -26 -27 -28 -29 -30 -31
leaf_value=-0.052399959878773154 -0.013329441139442183 0.014057770433398077 -0.01377622440292778 -0.00070794976591122998 0.007104199109306506 -0.040092807977376597 -0.0035383419349715207 0.0072117399082168967 0.0082689342869731834 -0.0031147907286676888 -0.030592081745110689 -0.010669381917773842 0.016397409240101413 -0.0099752402430762967 -0.030940316401241622 -0.0061638702363082352 0.012455224997301046 0.0045165846049122519 -0.017232639728022268 0.013136066681704318 0.0040145717972190301 0.022111262325665515 -0.026417003312130614 -0.031742500476199975 -0.0045599819727159801 -0.02180524090905454 -0.045733779696946565 -0.022749695666565761 0.015214773151959637 0.019266674364152095
leaf_weight=1061.5794476866722 2474.2451584041119 958.43172250688076 628.10438826680183 4099.5371349155903 5515.2883025556803 2429.3697198927402 280.60149350762367 3969.9436497092247 2034.3627922236919 2388.4844752401114 3938.2746875584126 2364.0335984528065 10357.588186383247 228.23952919244766 1341.7779343426228 3150.5017203390598 5220.3509058356285 1467.9119678735733 3868.5174623429775 1755.3394832015038 4038.2533252835274 11170.092748567462 91.221248358488083 680.75607535243034 1469.6022197306156 2710.3685465157032 1513.1771547496319 496.22057268023491 328.23042367398739 1190.1371061503887
leaf_count=3454 9064 3848 2248 15603 21607 8202 1047 15505 7988 9046 13583 8720 41734 827 4641 11823 20689 5666 13974 6973 15567 45808 313 2316 5491 9658 4977 1760 1326 4810
internal_value=2.26915e-05 0.0098311 -0.0255021 0.00200495 0.01613 -0.0371135 -0.0167289 0.00617266 0.0126585 -0.00561212 -0.0332249 -0.0124746 0.015063 -0.0294627 -0.0232894 -0.0093159 0.0101902 -0.000209958 -0.0163065 0.00856047 0.00163553 0.0211317 -0.0477273 -0.0382651 -0.00832738 -0.0202947 -0.0484823 -0.028729 0.0219144 0.0169431
internal_weight=83220.5 60118.7 23101.8 26809.2 33309.5 9942.62 13159.2 17328.1 19662.6 9481.14 7276.64 7982.75 12392 4166.51 5176.47 5624.75 9190.29 3856.4 4149.12 7270.63 8137.79 13646.9 2665.98 3110.13 3833.64 3338.47 2574.76 1838 11498.3 2148.57
internal_count=318268 237057 81211 102963 134094 33672 47539 67364 78302 35599 24928 29232 49722 14410 18307 20887 36194 14712 15021 28580 31170 55792 8744 10518 14211 11906 8431 6401 47134 8658
is_linear=0
shrinkage=0.03


Tree=11
num_leaves=31
num_cat=0
split_feature=2 2 2 13 4 2 1 2 2 2 13 2 2 13 6 2 8 8 1 11 7 6 11 13 11 11 0 8 13 2
split_gain=16729 2401.52 2312.76 709.676 591.118 477.235 316.971 210.011 155.991 153.979 126.823 93.9015 89.4055 83.8995 76.7478 68.1448 54.6529 53.4802 46.1692 43.7513 42.6586 42.5211 41.4325 37.416 30.4878 25.3733 22.4101 20.8239 20.7332 18.6116
threshold=0.40472900867462164 0.23206416517496112 0.62018039822578441 0.31343831121921545 0.24836473912000659 0.7711533010005952 0.29222644865512853 0.11217619478702547 0.32363207638263708 0.14645181596279147 0.21678765118122104 0.85213345289230358 0.51497119665145885 0.25517283380031591 0.11950297653675081 0.49134542047977453 0.33219906687736517 0.16913386434316638 0.16142630577087405 0.60148230195045482 0.17848993092775348 0.13388747721910479 0.52744856476783764 0.21037429571151736 0.46460896730422979 0.59329792857170116 0.087684582918882384 0.291448324918747 0.30094623565673834 0.31711405515670782
decision_type=2 2 2 2 2 2 2 2 2 2 2 2 2 2 2 2 2 2 2 2 2 2 2 2 2 2 2 2 2 2
left_child=1 3 6 7 13 14 15 23 16 17 -9 25 21 18 26 20 -6 -5 -3 -16 -2 -8 -17 -1 -14 -7 -4 -11 -10 -15
right_child=2 4 5 9 8 11 12 10 28 27 -12 -13 24 29 19 22 -18 -19 -20 -21 -22 -23 -24 -25 -26 -27 -28 -29 -30 -31
leaf_value=-0.0072093196574997192 0.035883410061378795 0.030266956052001616 0.037575698260425429 -0.019946896394929154 -0.0054733626146846069 0.069248621378810743 0.0071561535876098524 0.0046002835285480449 0.0095215282960659318 -0.013559038531676703 -0.0056736921127697581 0.082858486863418498 0.032595113914811839 0.0023688996564863079 0.05311006874906124 0.040252304920636993 0.00096471649400910306 -0.015905397989018612 0.018420423187984696 0.037088101824714836 0.022264124218531786 0.01825661031237806 0.024222767036673094 -0.013789680295185142 0.021214140223500225 0.056325741813905768 0.010402559737103419 -0.0091480878173865795 0.003965147176118987 0.013400918474616495
leaf_weight=1182.5933487713337 344.28320041298866 395.69607006013393 258.7632355093956 8120.9619875699282 3199.096184656024 534.70713426172733 373.49925768375397 1753.1345602124929 904.72563910484314 4960.9624352604151 2821.924284234643 501.63234063982964 497.71286353468895 279.80957968533039 1484.6300971210003 1250.1079922169447 1886.503462061286 4625.0722654759884 1176.1240699291229 171.06618654727936 519.03014186024666 1843.4464305043221 164.18506148457527 2271.3004330098629 368.82255430519581 183.72609260678291 30.539014786481857 1195.3461343050003 1820.7498364448547 270.85984276235104
leaf_count=8174 2060 2399 1545 61657 22943 2852 2536 11775 6153 36727 20058 2482 3188 1887 8477 7483 13240 34425 7496 992 3248 12230 986 16562 2341 996 180 8696 12703 1777
internal_value=-1.56438e-05 -0.00877439 0.0378549 -0.0134247 0.00383325 0.05819 0.0258496 -0.00595246 1.84404e-05 -0.0165986 -0.00173677 0.0728983 0.0195802 0.0178723 0.0489636 0.0343372 -0.00308516 -0.0184804 0.0214027 0.0514547 0.0276954 0.0163865 0.0383914 -0.0115366 0.027751 0.0659438 0.0347073 -0.0127026 0.0058096 0.00779526
internal_weight=45391 36864.9 8526.15 26931.3 9933.56 3165.06 5361.09 8028.95 7811.08 18902.3 4575.06 1220.07 3083.48 2122.49 1945 2277.61 5085.6 12746 1571.82 1655.7 863.313 2216.95 1414.29 3453.89 866.535 718.433 289.302 6156.31 2725.48 550.669
internal_count=318268 266672 51596 198074 68598 17524 34072 56569 55039 141505 31833 6330 20295 13559 11194 13777 36183 96082 9895 9469 5308 14766 8469 24736 5529 3848 1725 45423 18856 3664
is_linear=0
shrinkage=0.03


Tree=12
num_leaves=31
num_cat=0
split_feature=0 3 7 0 0 0 1 13 11 10 0 11 0 10 11 0 0 3 0 6 11 0 0 2 1 0 4 0 3 0
split_gain=13925.3 2288.14 1973.54 773.082 508.956 353.792 350.61 345.665 175.718 150.782 139.033 122.425 106.976 103.033 95.1338 90.1045 87.0309 85.7396 81.514 56.5583 55.9969 53.0729 39.6635 36.8556 33.2873 28.4287 26.1112 20.2218 20.1121 12.5157
threshold=0.39453320205211645 0.57468244433403026 0.41100020706653601 0.17072525620460513 0.26322270929813391 0.69883990287780773 0.3017870038747788 0.2683375626802445 0.16528243571519854 0.48916459083557134 0.073308896273374571 0.1727382764220238 0.47220723330974584 0.22283513098955157 0.1245410665869713 0.31317698955535894 0.82884481549263012 0.49155512452125555 0.29002062976360327 0.18617971241474154 0.10330191999673845 0.56829452514648449 0.33105565607547766 0.04126353561878205 0.22915856540203097 0.19859292358160022 0.12205786630511285 0.039447518065571792 0.45935691893100744 0.32587513327598577
decision_type=2 2 2 2 2 2 2 2 2 2 2 2 2 2 2 2 2 2 2 2 2 2 2 2 2 2 2 2 2 2
left_child=2 6 3 10 9 20 17 15 28 19 27 29 -10 -12 23 -5 -16 26 -9 -4 -3 -22 -13 -7 -19 -11 -2 -1 -8 -6
right_child=1 5 4 7 11 14 8 18 12 25 13 22 -14 -15 16 -17 -18 24 -20 -21 21 -23 -24 -25 -26 -27 -28 -29 -30 -31
leaf_value=-0.016312549052882392 0.032929335386093564 0.0029895707537504704 -0.016813609232365533 0.0082852107201102192 -0.015894867133188023 0.046862721090321309 -0.0054586495372361881 -0.0045740103448541894 0.012281153413477212 -0.019955280328469046 0.00093445363542707513 -0.0057628864902082967 0.022593584935341929 -0.008880045657621731 0.054389164369809354 0.017191456628969471 0.069121702729972978 0.03610376423214031 0.0040258122958597344 -0.011532719814569471 0.031643221932427065 0.042565234988302704 0.00040154064710681142 0.016122062600796825 0.027204807026972706 -0.016402225427434806 0.020990061601579808 -0.011021765377814173 0.0060295877584984493 -0.0098636303198440037
leaf_weight=1170.0451536178589 184.59657827019691 39.355162113904953 2870.9904372096062 3014.5205721110106 867.73429466784 76.875983282923698 379.60830037295818 2237.1624838113785 2368.4700044989586 7398.6081752628088 1756.5522172898054 2310.1231039464474 1465.5000422149897 2130.054104834795 1339.0450202822685 1547.0037022978067 494.01837633550167 826.40630266070366 1782.1912530809641 5011.153495952487 582.53735256195068 1280.7689349353313 1583.1830588430166 64.594179078936577 697.6864006370306 2791.3881993442774 1541.9047951549292 1463.2518922686577 214.72817641496658 481.48403289914131
leaf_count=7639 948 236 19856 17983 6060 389 2484 14389 14331 52273 10736 15344 8469 13746 6342 8926 2160 4261 11120 34093 3170 6569 10192 352 3818 19605 8592 9533 1349 3303
internal_value=-2.63012e-05 0.0288479 -0.00871222 -0.000263195 -0.0141846 0.0476345 0.0193623 0.00565363 0.0138701 -0.0165719 -0.00805036 -0.00595495 0.016223 -0.00444438 0.0565303 0.0113057 0.0583596 0.0268444 -0.000760828 -0.0134562 0.0384027 0.0391506 -0.00325617 0.0328268 0.0320301 -0.018982 0.0222666 -0.0133726 -0.00130806 -0.0137426
internal_weight=49971.5 11556.1 38415.4 15100.8 23314.7 3877.2 7678.9 8580.88 4428.31 18072.1 6519.9 5242.52 3833.97 3886.61 1974.53 4561.52 1833.06 3250.59 4019.35 7882.14 1902.66 1863.31 3893.31 141.47 1524.09 10190 1726.5 2633.3 594.336 1349.22
internal_count=318268 63470 254798 94072 160726 19218 44252 52418 26633 125827 41654 34899 22800 24482 9243 26909 8502 17619 25509 53949 9975 9739 25536 741 8079 71878 9540 17172 3833 9363
is_linear=0
shrinkage=0.03


Tree=13
num_leaves=31
num_cat=0
split_feature=1 4 1 13 11 1 13 1 4 4 4 1 13 9 3 1 1 1 14 0 10 1 10 11 12 6 1 10 12 5
split_gain=21203.2 3143.17 2283.48 882.346 632.654 394.898 362.376 328.252 194.616 137.809 137.447 125.676 124.405 83.5631 76.9057 70.235 61.2803 55.3886 49.7023 46.3334 42.2055 39.8563 39.8472 34.7358 33.2052 27.8277 27.3971 22.7247 16.2584 12.3801
threshold=0.33965964615345007 0.44424627721309667 0.20406513661146167 0.30383360385894781 0.15082093328237536 0.099580615758895888 0.25131654739379888 0.44324320554733282 0.33794517815113073 0.21569857746362689 0.59638080000877391 0.28873330354690557 0.33765640854835516 0.43425270915031439 0.51073440909385692 0.50045892596244823 0.16653923690319064 0.54964467883110057 0.18304322659969333 0.43826280534267431 0.39639461040496832 0.6308175027370454 0.54045397043228161 0.21334102749824527 0.30436871945858007 0.19484643638134005 0.070107042789459242 0.22989240288734439 0.27378936111927038 0.32255946099758154
decision_type=2 2 2 2 2 2 2 2 2 2 2 2 2 2 2 2 2 2 2 2 2 2 2 2 2 2 2 2 2 2
left_child=2 3 5 8 21 20 13 19 14 16 12 18 -6 24 -2 -9 -7 -10 -8 -5 26 28 -11 -13 -4 -12 -1 -15 -3 -23
right_child=1 4 6 7 10 9 11 15 17 22 25 23 -14 27 -16 -17 -18 -19 -20 -21 -22 29 -24 -25 -26 -27 -28 -29 -30 -31
leaf_value=-0.048532561996638572 -0.007014452242845845 0.01458828547051815 -0.012988491552001767 0.0028736370232201702 0.0065702553321338505 -0.034955379523437621 -0.0032880584903073364 0.0070090441957311317 -0.0034343017223079581 -0.023554996209316992 0.01753097999439903 0.0007634610391307813 0.012795945413640946 -0.028361055543787563 -0.015658135234538104 0.012289849806398065 -0.028778123704969648 0.0036432534086205727 -0.016320024191236765 -0.0025105883475702606 -0.024585861313660782 0.022041167306728036 -0.0066752794799505837 -0.0088839827049008863 -0.020584156656418679 0.013863750014574997 -0.042402296416943007 -0.018825846560091009 0.019765072557193474 0.01452742600788561
leaf_weight=1163.0174673199654 4625.9789241403341 986.2464529722929 637.41826352477074 5899.0088054686785 4424.5274524241686 4154.7351868152618 282.30221539735794 4095.135165527463 2137.2940909564495 966.22735399007797 3861.348054587841 371.62596601247787 8322.1395611613989 1621.5580275058746 1158.3921824097633 5076.7633517533541 2216.3800656497478 1862.2881990224123 3931.5444041192532 1902.2968272119761 93.666630268096924 10106.489178612828 144.71820446848869 3492.8305568695068 2764.4704779088497 3597.1048823595047 1505.4360566735268 261.17847472429276 1223.1947270780802 201.28899399936199
leaf_count=3635 17120 4042 2248 22663 17519 13680 1047 16107 8062 3290 15849 1393 33656 5494 4185 20388 7436 7199 13974 7239 313 42489 522 12818 9658 14651 4796 907 5060 828
internal_value=2.70991e-05 0.00957471 -0.0240287 0.00194823 0.0158109 -0.0346851 -0.0158593 0.00608438 -0.00522716 -0.0311063 0.0125276 -0.0118636 0.0106349 -0.0219674 -0.00874546 0.00993204 -0.0328064 -0.000138846 -0.015447 0.00156073 -0.0443793 0.0211107 -0.0213561 -0.00795624 -0.0191609 0.0157623 -0.0450741 -0.0270383 0.0174543 0.0218944
internal_weight=83086.6 59479.5 23607.1 26757.2 32722.3 10244.2 13362.9 16973.2 9783.95 7482.06 20205.1 8078.3 12746.7 5284.63 5784.37 9171.9 6371.12 3999.58 4213.85 7801.31 2762.12 12517.2 1110.95 3864.46 3401.89 7458.45 2668.45 1882.74 2209.44 10307.8
internal_count=318268 237057 81211 102963 134094 33672 47539 66397 36566 24928 81675 29232 51175 18307 21305 36495 21116 15261 15021 29902 8744 52419 3812 14211 11906 30500 8431 6401 9102 43317
is_linear=0
shrinkage=0.03


Tree=14
num_leaves=31
num_cat=0
split_feature=2 2 2 7 7 2 1 2 1 7 2 2 2 2 8 11 11 8 7 11 5 7 2 6 11 2 2 7 12 7
split_gain=15290.2 2343.4 1858.66 625.57 469.758 376.496 356.422 166.035 165.638 148.131 103.848 92.9995 81.5008 71.8268 64.8681 63.0274 62.918 59.1983 56.434 54.3741 50.2537 43.8648 34.5884 25.7291 21.0239 20.9056 17.6092 15.1635 13.2878 13.0026
threshold=0.3771051168441773 0.62018039822578441 0.1916129142045975 0.29678973555564886 0.47584730386734014 0.7711533010005952 0.31791400909423834 0.28440903127193456 0.2785585373640061 0.23849732428789142 0.49869556725025183 0.44974182546138769 0.073850411921739592 0.85213345289230358 0.16621766239404681 0.60148230195045482 0.30022367835044866 0.23537490516901019 0.43746314942836767 0.52744856476783764 0.3451924473047257 0.081495925784111037 0.28166444599628454 0.1032860390841961 0.56440019607543956 0.32363207638263708 0.13662528246641162 0.074091039597988143 0.44291834533214575 0.14230098575353625
decision_type=2 2 2 2 2 2 2 2 2 2 2 2 2 2 2 2 2 2 2 2 2 2 2 2 2 2 2 2 2 2
left_child=2 6 4 8 9 15 10 18 20 12 21 28 -1 24 26 16 -3 -11 -5 -12 -4 -2 -10 -13 -7 -9 -6 -15 -8 -17
right_child=1 5 3 7 14 13 11 25 22 17 19 23 -14 27 -16 29 -18 -19 -20 -21 -22 -23 -24 -25 -26 -27 -28 -29 -30 -31
leaf_value=-0.011247514243243169 0.046845087899200236 0.025605891655337734 0.013911518882175723 -0.0036859315016730936 -0.020212613804969956 0.063205098893112974 0.010640479460395919 -0.0012010970686810851 0.0014885461749393112 -0.01440235184838866 0.036791007920846219 0.011534961666647586 0.0016315179433450116 0.084806629282709906 -0.015386795694784535 0.039887274763964281 0.048836549757813652 -0.00887656500940129 -0.0096446588292787832 0.020315714764805478 0.025321209056959823 0.022839678146022249 0.0093964764677584751 0.022417462253488025 0.052631201455224236 0.0035643498314019842 -0.016225354202897672 0.071670405862000866 0.028073523668728947 0.027622925584895024
leaf_weight=630.98629207909107 71.859499901533127 112.20530246198177 830.31478470563889 2451.0449893027544 7079.4921581894159 517.1935363560915 1780.5070649832487 1623.8259395509958 1032.9015817642212 3083.6445173770189 1463.1024961471558 227.29385311901569 1478.1953019946814 96.02736209332943 5259.7896870523691 134.87208066880703 1618.0222383737564 4019.0206976085901 3435.4137696772814 205.62660799920559 597.39158044755459 1468.7936738282442 960.86878554522991 1399.0959216952324 251.54034657776356 1691.6083258092403 1160.2256446182728 448.27998805046082 40.239684239029884 183.85853752493858
leaf_count=4308 395 652 5159 17519 55394 2573 11959 11570 7044 22700 8455 1470 9755 425 40173 744 8747 29324 25488 1206 3620 8897 6411 8971 1275 11737 8927 2057 262 1051
internal_value=-2.06658e-05 0.0326926 -0.00929591 -6.69193e-05 -0.0144255 0.0531084 0.0223812 -0.00413922 0.0108853 -0.00920251 0.0295756 0.0156829 -0.00222139 0.0656494 -0.0179897 0.0450718 0.04733 -0.0112756 -0.00716352 0.0347609 0.0186856 0.0239593 0.00529966 0.0208966 0.0597452 0.00123034 -0.0196512 0.0739879 0.0110258 0.0328126
internal_weight=45353.2 10018.5 35334.7 12623.4 22711.4 3362 6656.52 9201.89 3421.48 9211.85 3209.38 3447.14 2109.18 1313.04 13499.5 2048.96 1730.23 7102.67 5886.46 1668.73 1427.71 1540.65 1993.77 1626.39 768.734 3315.43 8239.72 544.307 1820.75 318.731
internal_count=318268 59139 259129 88548 170581 17524 41615 66314 22234 66087 18953 22662 14063 6330 104494 11194 9399 52024 43007 9661 8779 9292 13455 10441 3848 23307 64321 2482 12221 1795
is_linear=0
shrinkage=0.03


Tree=15
num_leaves=31
num_cat=0
split_feature=0 3 3 10 13 3 3 0 13 0 11 1 4 0 14 3 11 10 11 13 14 0 10 11 12 0 0 0 1 3
split_gain=12796.6 1946.55 1568.78 686.159 635.614 341.292 293.934 286.97 163.325 162.44 122.386 112.674 108.025 90.4455 75.9901 74.3741 70.2971 67.8669 60.5107 57.5502 53.1282 50.1615 46.1992 43.3177 42.1317 40.5251 24.3562 23.2276 23.0831 22.7809
threshold=0.39453320205211645 0.57468244433403026 0.30217452347278601 0.40280567109584814 0.2877048403024674 0.16472296416759494 0.45594190061092382 0.68386617302894603 0.23240657895803454 0.29891385138034826 0.16891338676214221 0.28873330354690557 0.40922260284423834 0.24992252141237262 0.19969259947538379 0.73890158534049999 0.13230797648429873 0.29011836647987371 0.18297734856605533 0.14767351746559146 0.2110148221254349 0.039447518065571792 0.48916459083557134 0.15082093328237536 0.45443482697010046 0.56829452514648449 0.863476723432541 0.25925125181674963 0.22103265672922137 0.71822702884674083
decision_type=2 2 2 2 2 2 2 2 2 2 2 2 2 2 2 2 2 2 2 2 2 2 2 2 2 2 2 2 2 2
left_child=2 6 3 5 12 21 10 24 -7 18 -2 28 19 22 -13 16 -9 -12 -6 -4 -11 -1 -5 -15 25 -3 -17 -14 -8 -26
right_child=1 7 4 13 9 8 11 15 -10 20 17 14 27 23 -16 26 -18 -19 -20 -21 -22 -23 -24 -25 29 -27 -28 -29 -30 -31
leaf_value=-0.016610318921127083 -0.0038412873989515906 0.021234393074334501 0.020369911907154665 -0.014931458131060612 -0.016521322221127038 0.0034942673431858041 0.031858761447003149 0.024669956173172126 -0.0062394935551663491 -0.0082061686911584775 0.019735183088314411 0.0045096067499017381 -0.004549709215794724 -0.017153370382038541 0.021152127674006239 0.054418437364390726 0.048822197555210126 0.010682543106515074 -0.0071178896149760766 0.010499346306951714 0.0014018116451095049 -0.010803710323656016 -0.019177077269084575 -0.0078147364066815765 0.037618271458283052 0.034922233570637444 0.065426244064746591 0.007087286274764096 0.025389798178181835 0.053207586574386588
leaf_weight=2159.5910439491272 390.25987383723259 306.51851037144661 657.10700775682926 3108.5687593221664 814.08865493535995 2264.9971798956394 1068.393284112215 117.67011123895645 4924.566797837615 625.40597151219845 1164.9979594051838 283.197859197855 457.13961926102638 692.37945410609245 1927.7281992435455 515.59660558402538 1385.5145144760609 2069.0554563999176 2529.6989654451609 2783.9295399338007 3015.1632121056318 3523.6433783173561 8942.5970544219017 1261.5635437816381 847.85631792247295 533.48150223493576 278.68577367067337 233.07850579917431 927.33891513943672 93.686611920595169
leaf_count=14764 2565 1656 3563 21616 5858 13580 5329 621 32333 4293 6350 1748 3001 4976 11002 2233 6261 12288 17046 16399 19340 23230 64788 8500 4205 2729 1123 1456 4928 455
internal_value=-8.98408e-05 0.0270435 -0.00859543 -0.0125157 0.000883915 -0.00751602 0.0182902 0.0438481 -0.00317297 -0.00463342 0.0120285 0.0236851 0.0102116 -0.0171112 0.0190204 0.0508552 0.0469315 0.0139436 -0.00940728 0.0123842 -0.000248724 -0.0130102 -0.0180819 -0.0111239 0.0348119 0.0299275 0.0582807 -0.000620033 0.0288529 0.0391695
internal_weight=49903.5 11910 37993.5 26877.9 11115.6 12872.8 7830.97 4079.01 7189.56 6984.36 3624.31 4206.66 4131.25 14005.1 2210.93 2297.47 1503.18 3234.05 3343.79 3441.04 3640.57 5683.23 12051.2 1953.94 1781.54 840 794.282 690.218 1995.73 941.543
internal_count=318236 63493 254743 183787 70956 83907 44210 19283 45913 46537 21203 23007 24419 99880 12750 10238 6882 18638 22904 19962 23633 37994 86404 13476 9045 4385 3356 4457 10257 4660
is_linear=0
shrinkage=0.03


Tree=16
num_leaves=31
num_cat=0
split_feature=1 7 1 1 13 1 4 13 11 1 1 1 10 7 1 7 11 12 0 14 7 14 0 11 11 14 12 5 4 0
split_gain=19421 2678.93 2395.2 1014.61 431.686 411.261 358.255 310.382 271.071 156.391 133.223 104.628 85.163 83.2796 76.44 70.7837 66.2688 65.7461 63.6923 45.2631 44.5449 40.0987 37.5262 32.723 31.5149 29.864 26.2018 24.7647 22.5998 12.3055
threshold=0.35743243992328649 0.42861531674861914 0.20406513661146167 0.54693984985351574 0.27186726033687597 0.57813516259193432 0.14427479356527331 0.2591413706541062 0.15082093328237536 0.28873330354690557 0.092775564640760436 0.4405642449855805 0.50768643617630016 0.52113211154937755 0.42522241175174719 0.20094897598028186 0.47575914859771734 0.31876052916049963 0.079610578715801253 0.18304322659969333 0.33538697659969335 0.49278923869133001 0.82884481549263012 0.18297734856605533 0.16528243571519854 0.22799652069807055 0.40950693190097814 0.31296186149120336 0.076339684426784529 0.043418616056442268
decision_type=2 2 2 2 2 2 2 2 2 2 2 2 2 2 2 2 2 2 2 2 2 2 2 2 2 2 2 2 2 2
left_child=2 5 6 11 15 7 10 17 27 19 28 24 22 -10 -9 16 -4 -2 -7 -6 -20 -17 -8 -13 -3 -11 -12 -5 -1 -14
right_child=1 3 4 8 9 18 12 14 13 25 26 23 29 -15 -16 21 -18 -19 20 -21 -22 -23 -24 -25 -26 -27 -28 -29 -30 -31
leaf_value=-0.046118106605705811 -0.0028720110273559507 0.011736698339701538 -0.02618665263804686 0.021401012352257862 -0.0026025065753604473 0.01091404222840856 -0.026682390659215797 -0.0024069998137374511 0.011872312100607015 0.00044110710167622326 -0.030457344338421437 0.013856620188022485 -0.027672035175392341 0.016689422344199744 0.003674714131979894 -0.017651910907694975 -0.016846857345685272 -0.010943649835124988 0.001230024385194918 -0.015076412052397081 0.0073313927236910983 -0.006274847432626198 -0.040246013393295282 0.0085131410054785153 0.0027618352296244018 -0.00674908122868444 -0.035784789878079426 0.014124281680115834 -0.040167208083827351 -0.0075415377343385874
leaf_weight=1098.7556773126125 1244.3737676441669 386.23743923008442 1938.5997197329998 11486.199367895722 284.10338121652603 2166.9617777168751 4270.6282343566418 3224.5377112627029 4981.0770085602999 590.43487237393856 1359.3186756372452 1231.1133127659559 30.886604487895966 9188.311106055975 4395.3177419155836 3705.2188501358032 1056.2399397194386 3361.9863773435354 1937.3330862373114 3336.0579369366169 2424.8646218180656 301.50014391541481 191.82609015703201 6359.7695619910955 3987.486109957099 4351.2002184092999 2137.2558287978172 436.93498574197292 1203.4349732398987 237.31474626064301
leaf_count=3339 4605 1526 6472 49370 1047 8693 13979 12182 20449 2220 4368 5050 103 38432 17073 12874 3640 12250 7496 11691 9693 1058 606 25463 15407 15996 6784 1827 3708 835
internal_value=7.05327e-05 0.00991073 -0.0213548 0.014484 -0.0138786 0.000631005 -0.0324053 -0.00261538 0.017801 -0.00936034 -0.0374034 0.00725027 -0.0262786 0.014996 0.00110108 -0.0194037 -0.0228926 -0.00876316 0.00671004 -0.0140975 0.00462166 -0.0167958 -0.0272654 0.00937976 0.00355439 -0.00588999 -0.0337137 0.0211343 -0.0430074 -0.00985981
internal_weight=82905.3 56812.5 26092.8 38057.1 15563.4 18755.4 10529.4 12226.2 26092.5 8561.8 5798.77 11964.6 4730.66 14169.4 7619.86 7001.56 2994.84 4606.36 6529.16 3620.16 4362.2 4006.72 4462.45 7590.88 4373.72 4941.64 3496.57 11923.1 2302.19 268.201
internal_count=318236 229516 88720 157524 54998 71992 33722 46110 110078 30954 18199 47446 15523 58881 29255 24044 10112 16855 25882 12738 17189 13932 14585 30513 16933 18216 11152 51197 7047 938
is_linear=0
shrinkage=0.03


Tree=17
num_leaves=31
num_cat=0
split_feature=2 2 2 4 13 2 2 2 4 2 1 8 13 13 7 2 11 11 7 2 11 13 2 7 2 11 14 9 2 10
split_gain=14063.4 2018.39 1843.45 554.416 497.358 351.781 279.949 194.018 124.604 110.841 102.703 101.36 86.961 86.0965 74.1647 62.6888 49.4843 58.5156 48.2096 46.6309 45.5033 42.1693 30.6363 29.7692 28.2164 27.0925 24.0981 20.1363 17.6548 16.0656
threshold=0.3771051168441773 0.63357147574424755 0.19479987025260928 0.24836473912000659 0.31343831121921545 0.49134542047977453 0.7711533010005952 0.28440903127193456 0.23126692324876788 0.11217619478702547 0.23720019310712817 0.17057255655527118 0.31343831121921545 0.2591413706541062 0.22196365892887118 0.85213345289230358 0.30144737660884863 0.53882578015327465 0.081495925784111037 0.25641587376594549 0.57110881805419933 0.21245546638965609 0.44342191517353063 0.29678973555564886 0.31409738957881933 0.52744856476783764 0.29859867691993719 0.25995591282844549 0.12617047131061557 0.43885457515716558
decision_type=2 2 2 2 2 2 2 2 2 2 2 2 2 2 2 2 2 2 2 2 2 2 2 2 2 2 2 2 2 2
left_child=2 5 4 13 9 8 16 12 18 21 25 28 -5 19 -11 26 27 -18 -2 -4 -12 -1 -10 -9 -15 -7 -8 -3 -6 -13
right_child=1 6 3 7 11 10 15 23 22 14 20 29 -14 24 -16 -17 17 -19 -20 -21 -22 -23 -24 -25 -26 -27 -28 -29 -30 -31
leaf_value=-0.0066676807526853564 0.047024752990857961 0.029934301536650242 0.0098125233952698846 -0.00085914821147700681 -0.019924666178983676 0.038512541638823221 0.030286916555413781 0.0081374420005310595 0.010062852011548383 0.0038982522238001651 0.02747003672062983 -0.013116274312301794 -0.0085772512525343868 -0.001445442163168955 -0.0061817914476752734 0.067739370591293382 0.047159982805771335 0.035279454348948733 0.022286548657296758 0.020018209947865042 0.015795670080266347 -0.013629775431618708 0.016718174143106314 0.0012030872694109424 0.012619689180909098 0.022672382151954253 0.055930809742266149 -0.00081218844829882236 -0.01654030196544326 -0.015944409448323163
leaf_weight=1224.7803434878588 75.673604443669319 79.704307243227959 612.9110649228096 1904.7658730000257 6989.4866129308939 944.83647786080837 34.438157707452774 677.99041569232941 1861.2819076627493 909.40103967487812 1600.5251167416573 3824.5860269665718 4235.0917418897152 387.36942034959793 2366.1767147034407 582.17432847619057 1291.0112205594778 524.78183501958847 1123.6796396523714 1176.1248119324446 369.93389688432217 2170.72627273947 935.31560379266739 3127.0144816040993 191.9903948456049 108.32009890675545 779.21381404995918 25.241382375359535 1730.746343664825 3428.1172655373812
leaf_count=8452 395 454 3819 13410 56003 5047 174 4543 12300 5810 9553 29102 31585 2612 17033 2473 6594 2778 6598 7004 2241 16261 5960 22112 1225 595 3657 136 13680 26630
internal_value=-3.01183e-05 0.0307123 -0.00912001 0.000222387 -0.0142002 0.0215999 0.0499989 -0.00288418 0.015758 -0.00732041 0.0293204 -0.0170735 -0.00618287 0.0132668 -0.00338326 0.0602233 0.0425688 0.0437264 0.0238474 0.0165218 0.0252783 -0.0111185 0.0122887 0.00243868 0.00321551 0.0368833 0.0548454 0.0225392 -0.019253 -0.014453
internal_weight=45293.4 10336.1 34957.3 12313.3 22644 7019.57 3316.57 9944.86 3995.95 6671.08 3023.62 15972.9 6139.86 2368.4 3275.58 1395.83 1920.74 1815.79 1199.35 1789.04 1970.46 3395.51 2796.6 3805 579.36 1053.16 813.652 104.946 8720.23 7252.7
internal_count=318236 58955 259281 86310 172971 42689 16266 71650 25253 47556 17436 125415 44995 14660 22843 6304 9962 9372 6993 10823 11794 24713 18260 26655 3837 5642 3831 590 69683 55732
is_linear=0
shrinkage=0.03


Tree=18
num_leaves=31
num_cat=0
split_feature=0 3 7 0 0 3 13 0 10 0 11 11 14 10 0 13 7 0 0 6 10 11 0 7 0 0 0 13 11 0
split_gain=11816 1724.29 1718.18 694.789 481.266 273.985 263.515 238.304 150.309 128.462 115.445 101.035 97.8879 82.3741 77.2666 64.2814 62.9198 62.6117 56.893 55.2886 47.798 43.841 38.3914 37.3328 35.9767 31.4114 30.9891 22.7376 20.6365 17.2762
threshold=0.39087118208408361 0.57468244433403026 0.41100020706653601 0.17072525620460513 0.26322270929813391 0.45594190061092382 0.2683375626802445 0.68386617302894603 0.48173156380653387 0.073308896273374571 0.16891338676214221 0.1727382764220238 0.21340389549732211 0.20850160717964175 0.31576453149318701 0.28465473651885992 0.19347756356000903 0.79981693625450145 0.5362633764743806 0.18617971241474154 0.51035097241401683 0.14746981114149096 0.69883990287780773 0.41545632481575018 0.33105565607547766 0.19578295946121219 0.56829452514648449 0.61813712120056163 0.1727382764220238 0.024035328067839149
decision_type=2 2 2 2 2 2 2 2 2 2 2 2 2 2 2 2 2 2 2 2 2 2 2 2 2 2 2 2 2 2
left_child=2 5 3 9 8 10 16 23 19 29 27 -6 22 -11 -8 -12 -5 21 -14 -4 -19 -9 -7 26 -13 -10 -3 -2 -25 -1
right_child=1 7 4 6 11 12 14 17 25 13 15 24 18 -15 -16 -17 -18 20 -20 -21 -22 -23 -24 28 -26 -27 -28 -29 -30 -31
leaf_value=-0.018298150040069201 -0.0090085284915333418 0.028463334950591737 -0.016364230096893945 0.014318569746700973 -0.012901506524379144 0.0074365239751815774 -0.0036537573627887462 0.024201555722410215 -0.019644372994713624 0.00071519081937968638 0.018467134529460517 -0.0055426574505218745 0.020822691457298002 -0.0082148264702446867 0.0053291263538202474 0.0099667684467476744 0.0070817281438543388 0.054938177439328863 0.028202516716257526 -0.010935229238226596 0.02675747521865662 0.044551025832281974 0.038374618249455504 0.0068745156462698314 0.00045500506150526575 -0.015951146344572564 0.036986778851744631 0.0061127894855204437 0.028051488058191444 -0.012085161045378457
leaf_weight=499.06269343197346 265.46490186452866 594.61572612822056 2646.0135214477777 1723.6556666046381 1281.8985554426908 461.70002444088459 2684.0854111611843 102.24011728167534 7062.685661315918 1546.8545266091824 1270.277694106102 2252.4491133540869 2215.3700977414846 2330.036648362875 1269.3489055335522 2165.7790838181973 2901.2350862473249 850.49115061759949 1633.3509724885225 4664.1831495016813 57.853490352630615 1400.3181643933058 39.160288468003273 70.993287652730942 1499.2408621460199 2933.4637221843004 1083.3478351086378 135.01491364836693 99.399860382080078 2088.2474951893091
leaf_count=3319 1761 3024 19056 9358 9292 2754 17324 528 52597 9302 6777 15230 12055 15142 7826 12776 17151 3386 8225 32704 277 6047 200 407 9719 21609 5117 900 520 13853
internal_value=-8.80355e-05 0.0252312 -0.00851732 -0.000679388 -0.013795 0.0171765 0.00491746 0.040712 -0.0161697 -0.00810669 0.0113326 -0.00563034 0.0223311 -0.00465181 -0.000769578 0.0131093 0.00977883 0.0469253 0.0239546 -0.0129003 0.0531433 0.0431664 0.00985545 0.0326077 -0.00314589 -0.0185606 0.0339663 -0.00391064 0.0192282 -0.0132836
internal_weight=49827.8 12445.4 37382.5 15042.5 22339.9 8186.12 8578.33 4259.26 17306.3 6464.2 3836.54 5033.59 4349.58 3876.89 3953.43 3436.06 4624.89 2410.9 3848.72 7310.2 908.345 1502.56 500.86 1848.36 3751.69 9996.15 1677.96 400.48 170.393 2587.31
internal_count=318236 64754 253482 93275 160207 45448 51659 19306 125966 41616 22214 34241 23234 24444 25150 19553 26509 10238 20280 51760 3663 6575 2954 9068 24949 74206 8141 2661 927 17172
is_linear=0
shrinkage=0.03


Tree=19
num_leaves=31
num_cat=0
split_feature=1 7 1 1 13 7 4 11 1 1 1 1 1 7 10 9 12 1 13 14 10 1 2 11 11 9 14 2 12 7
split_gain=17887.9 2558.16 2128.17 981.913 388.088 384.628 320.658 268.626 205.114 141.122 126.062 118.687 98.7243 81.5763 76.5257 75.8547 68.5664 52.6153 49.0023 41.8693 35.6413 35.3652 34.1586 31.608 30.0401 28.0865 27.8201 24.8438 23.2263 21.1651
threshold=0.35743243992328649 0.42861531674861914 0.20406513661146167 0.54693984985351574 0.27186726033687597 0.28924053907394415 0.14427479356527331 0.15082093328237536 0.48969838023185736 0.28873330354690557 0.56373926997184765 0.092775564640760436 0.4405642449855805 0.52113211154937755 0.50768643617630016 0.42900426685810095 0.39423440396785742 0.6859051287174226 0.30238801240921026 0.18304322659969333 0.22989240288734439 0.26778045296669012 0.043193776160478599 0.17956871539354327 0.16528243571519854 0.23605275899171832 0.22799652069807055 0.22184768319129947 0.40950693190097814 0.074091039597988143
decision_type=2 2 2 2 2 2 2 2 2 2 2 2 2 2 2 2 2 2 2 2 2 2 2 2 2 2 2 2 2 2
left_child=2 5 6 12 15 10 11 27 18 19 16 29 24 -9 22 21 -2 -10 -7 -6 -17 -4 -8 -14 -3 -12 -11 -5 -13 -1
right_child=1 3 4 7 9 8 14 13 17 26 25 28 23 -15 -16 20 -18 -19 -20 -21 -22 -23 -24 -25 -26 -27 -28 -29 -30 -31
leaf_value=-0.044865125951989195 -0.0052657078768511894 0.011500266924553556 -0.01896964081670182 0.021079600295377438 -0.0023709233852363411 -0.0046913991947569239 -0.035966193178948287 0.011576259482986255 0.004729111351512362 0.0004706283569668021 0.0090980715967694595 -0.028699612752155126 0.013692725244970195 0.01638075105564768 -0.0092860262765596009 -0.024565093252764351 -0.013046606983031105 0.0099183025987575283 0.001211284401972724 -0.014330705680559906 -0.015543712179497718 -0.013750747555787982 -0.02503432289731301 0.0083100423781297204 0.00269621323564289 -0.00072136894186525941 -0.0064643164256727647 0.012059623907433908 -0.033658048270867914 -0.038592257187059498
leaf_weight=679.52214097976685 2396.9137639850378 382.31193199753761 2181.6632279455662 11353.329690828919 285.71148550510406 1951.7846114635468 273.68353515863419 4913.9544222354889 4466.7149110883474 590.8656148314476 327.24359467625618 1389.6267509162426 1161.1773729622364 9016.9687249213457 271.14945784211159 1921.28210029006 1773.426319822669 2900.4722288995981 3601.3652110844851 3380.5345485210419 495.86253616213799 2516.5670253932476 4283.9190336763859 6357.4022783190012 3979.4809812307358 1318.1474036723375 4378.6943229436874 281.63774156570435 2190.3606915175915 1683.2518937289715
leaf_count=2014 8766 1526 7333 50000 1047 7263 858 20449 17630 2220 1278 4368 4837 38432 938 6284 6340 11820 13850 11691 1692 8735 13727 25676 15407 5045 15996 1197 6784 5033
internal_value=7.04709e-05 0.00965661 -0.0202356 0.0141848 -0.0132082 0.000606573 -0.0305118 0.0174964 0.00349039 -0.00893374 -0.00580017 -0.0351776 0.00705838 0.014686 -0.0247696 -0.0183959 -0.00857452 0.0067721 -0.000863352 -0.0133987 -0.0227144 -0.0161742 -0.0256908 0.00914135 0.00346789 0.00123157 -0.00563977 0.0208613 -0.0317334 -0.0403963
internal_weight=82705 56182.3 26522.7 37446.3 15751.2 18736.1 10771.5 25565.9 12920.3 8635.81 5815.73 5942.76 11880.4 13930.9 4828.75 7115.37 4170.34 7367.19 5553.15 3666.25 2417.14 4698.23 4557.6 7518.58 4361.79 1645.39 4969.56 11635 3579.99 2362.77
internal_count=318236 229516 88720 157524 54998 71992 33722 110078 50563 30954 21429 18199 47446 58881 15523 24044 15106 29450 21113 12738 7976 16068 14585 30513 16933 6323 18216 51197 11152 7047
is_linear=0
shrinkage=0.03


Tree=20
num_leaves=31
num_cat=0
split_feature=2 2 8 7 2 1 2 10 2 2 1 5 2 1 1 2 13 14 13 2 2 7 6 8 8 1 9 11 14 1
split_gain=12953.1 2488.09 1094.04 469.187 410.869 327.633 185.871 121.759 121.279 118.074 108.542 82.4184 81.8763 76.7687 51.7567 51.347 48.5825 44.0494 43.0329 42.4342 40.6383 32.6138 29.352 28.6606 28.0588 24.4241 24.0889 20.7172 19.9564 11.9121
threshold=0.32363207638263708 0.56164449453353893 0.23278191685676577 0.31437160074710851 0.7711533010005952 0.32114696502685552 0.17468589544296267 0.37942798435688024 0.42605853080749517 0.19479987025260928 0.2785585373640061 0.4109055250883103 0.21995797753334048 0.24904029816389087 0.15644668787717822 0.85213345289230358 0.11395536363124849 0.30398385226726538 0.20799657702445987 0.25641587376594549 0.27367037534713751 0.49289482831954962 0.12343633547425271 0.33219906687736517 0.16331132501363757 0.3303851187229157 0.34363074600696569 0.57110881805419933 0.29859867691993719 0.049163263291120536
decision_type=2 2 2 2 2 2 2 2 2 2 2 2 2 2 2 2 2 2 2 2 2 2 2 2 2 2 2 2 2 2
left_child=2 5 6 10 13 11 7 18 26 21 12 16 -4 17 -13 28 -2 -3 -1 25 -12 -5 -10 -11 -9 -8 -7 -15 -6 -17
right_child=1 4 3 9 15 8 19 24 22 23 20 14 -14 27 -16 29 -18 -19 -20 -21 -22 -23 -24 -25 -26 -27 -28 -29 -30 -31
leaf_value=-0.0067403006028232274 0.034412468570777212 0.021986540313809345 0.0031986549394828838 -0.0097343455718885922 0.028392446454219011 0.0057352298858364421 0.00089576605701591541 -0.019560316983636004 0.0082670692342096709 -0.0064748913450310783 -0.0022983884335280136 0.035576203745567393 0.015550373998393143 0.032276564892936711 0.023550351936410276 0.068762898418445448 0.013397799533285954 0.040222308889906383 -0.014144995440177324 -0.0029496331649143982 0.0060816673737663285 -0.014942139811365001 0.018065468933038668 -0.0015110206765575538 -0.01619863493897835 -0.011732350665613008 0.013293131260868216 0.023179351311497665 0.051345485198268405 0.05926746213240109
leaf_weight=960.55971513688564 110.30779711902142 126.05904196202755 1092.0099553018808 3512.653426617384 35.565319269895554 2817.5684606581926 147.30329841375351 7431.9186902940273 334.71806493401527 2890.1903577968478 2324.6947858631611 390.52057726681232 866.05813576281071 735.46431039273739 1838.1096491068602 160.57393431663513 966.65060842037201 2196.1061311066151 2669.2162112146616 814.38085527718067 671.18587167561054 1564.2153365015984 1546.109488889575 1641.381541877985 3195.3617645949125 2146.1898000016809 438.62495368719101 324.79386101663113 822.56233328580856 458.20835888385773
leaf_count=6489 580 670 6954 26563 174 19235 994 61280 2162 21304 16102 1999 5067 4100 10479 616 5704 10842 20238 5981 4451 12428 9690 11880 25411 16632 2866 1831 3657 1857
internal_value=-3.18749e-05 0.0248408 -0.0103946 -0.00433037 0.0419428 0.0149973 -0.0154801 -0.0169293 0.0102566 -0.00819695 0.00316906 0.0223646 0.00866185 0.0361785 0.0256576 0.0551442 0.0155502 0.0392324 -0.0121855 -0.00883241 -0.000420952 -0.0113389 0.0163217 -0.00467693 -0.0185495 -0.0109213 0.00675332 0.0294898 0.0503942 0.0617315
internal_weight=45229.3 13301.9 31927.3 14562.4 4859.33 8442.61 17364.9 14257.1 5137.02 9608.44 4953.95 3305.59 1958.07 3382.42 2228.63 1476.91 1076.96 2322.17 3629.78 3107.87 2995.88 5076.87 1880.83 4531.57 10627.3 2293.49 3256.19 1060.26 858.128 618.782
internal_count=318236 76462 241774 104749 23747 52715 137025 113418 33953 72175 32574 18762 12021 17443 12478 6304 6284 11512 26727 23607 20553 38991 11852 33184 86691 17626 22101 5931 3831 2473
is_linear=0
shrinkage=0.03


Tree=21
num_leaves=31
num_cat=0
split_feature=3 3 3 7 1 1 3 3 13 14 11 3 1 13 8 3 3 14 14 4 12 2 8 12 11 10 12 1 12 2
split_gain=10921.7 1531.25 1361.39 669.026 431.823 268.037 226.352 181.749 156.481 148.754 99.4136 91.6386 69.0077 62.1626 55.7085 55.2417 50.5532 50.1563 46.0272 45.92 43.1918 42.1803 53.9612 29.6327 29.0039 27.8244 21.6479 16.5696 13.922 12.3854
threshold=0.42097213864326483 0.30217452347278601 0.58256220817565929 0.46425263583660131 0.39094711840152746 0.32114696502685552 0.16472296416759494 0.68274736404418956 0.23240657895803454 0.2110148221254349 0.16528243571519854 0.49605485796928411 0.24503919482231143 0.25131654739379888 0.31891599297523504 0.2314264997839928 0.49605485796928411 0.21572279930114749 0.19673456996679309 0.34712019562721258 0.25975845754146581 0.039235267788171775 0.11247055605053903 0.44718262553215032 0.14746981114149096 0.18537847697734836 0.30436871945858007 0.1995167210698128 0.34587115049362188 0.032355777919292457
decision_type=2 2 2 2 2 2 2 2 2 2 2 2 2 2 2 2 2 2 2 2 2 2 2 2 2 2 2 2 2 2
left_child=1 3 5 6 13 16 25 12 -8 20 29 18 24 28 -11 -12 23 -13 -7 -15 -6 27 -23 -2 -4 -1 -18 -9 -3 -5
right_child=2 4 7 10 9 11 8 21 -10 14 15 17 -14 19 -16 -17 26 -19 -20 -21 -22 22 -24 -25 -26 -27 -28 -29 -30 -31
leaf_value=-0.0080942211802240323 0.016940610125259516 0.0061378945794839232 0.019231953431846142 0.0066321339773329638 -0.0028759843854849572 -0.00220288434183963 0.0030232739646033008 0.055893131902943559 -0.0064622598025946632 -0.0025212466873306611 -0.015863379056069247 0.0053312195542789013 0.026499491141884206 0.0035938740277517887 0.0049746569271335982 -0.010632631744237724 0.036781980198925479 0.020854764003369861 0.010245140984977617 0.014332029778457128 -0.014514345726170897 0.016676131601531551 0.043884317887675044 0.025739151939562048 0.037834745726219518 -0.013538039817979386 0.025379742459744375 0.043846219080203287 0.014143631703092529 -0.01925524138183032
leaf_weight=1149.8944614976645 1273.8811321109533 223.65885426104069 79.695682898163795 16.677305862307549 382.83474671840668 298.64435097575188 2306.536505267024 373.4672078192234 4870.2067565619946 4577.8443362265825 5717.465393692255 223.36728523671627 952.67261736094952 1857.7354098260403 1108.3495074510574 2663.6808290481567 163.26938365399837 1160.7584081292152 2550.0061527490616 444.09371368587017 1146.261670127511 69.232145100831985 1251.5485585331917 472.20374120771885 1409.2078334391117 3186.9833455085754 1824.2368192970753 141.75853022933006 1552.6442060172558 6291.6083578020334
leaf_count=7194 6645 1212 407 127 2763 1973 13577 1432 32096 30424 42076 1364 4794 11020 6851 19024 837 6504 15224 2652 8340 315 5030 2324 6062 21692 8784 638 8179 48676
internal_value=-8.51233e-05 -0.00811812 0.0245155 -0.0120981 0.00111636 0.0171852 -0.00668358 0.0381671 -0.0034137 -0.00329391 -0.0163421 0.012017 0.0328047 0.00891929 -0.00106015 -0.014201 0.0230444 0.0183496 0.00894013 0.00566559 -0.0116005 0.0452982 0.0424581 0.0193201 0.036839 -0.0120946 0.0263164 0.0525786 0.0131356 -0.0191868
internal_weight=49740.4 37496.5 12243.9 26203.1 11293.4 7966.37 11513.6 4277.58 7176.74 7215.29 14689.4 4232.78 2441.58 4078.13 5686.19 8381.15 3733.59 1384.13 2848.65 2301.83 1529.1 1836.01 1320.78 1746.08 1488.9 4336.88 1987.51 515.226 1776.3 6308.29
internal_count=318236 255903 62333 184462 71441 43655 74559 18678 45673 48378 109903 25065 11263 23063 37275 61100 18590 7868 17197 13672 11103 7415 5345 8969 6469 28886 9621 2070 9391 48803
is_linear=0
shrinkage=0.03


Tree=22
num_leaves=31
num_cat=0
split_feature=4 4 4 11 7 4 4 0 2 7 0 0 14 2 11 0 4 0 13 0 7 0 2 7 12 14 11 7 4 6
split_gain=15594.1 2860.43 1675.04 572.735 459.154 326.115 239.318 210.393 240.362 191.066 129.265 120.919 106.117 91.6073 88.5336 67.1545 53.3822 52.9678 60.8319 46.0744 34.2126 32.8073 30.8373 28.687 25.9466 23.1698 20.5091 20.3689 10.502 8.96279
threshold=0.28348572552204138 0.44861793518066412 0.17104003578424457 0.15082093328237536 0.41325795650482183 0.23368571698665622 0.09577448666095735 0.43364973366260534 0.38155543804168707 0.46886366605758673 0.5148623287677766 0.42921744287014013 0.29114633798599249 0.51497119665145885 0.16528243571519854 0.33637355268001562 0.14427479356527331 0.68386617302894603 0.2683375626802445 0.091393515467643752 0.29945956170558935 0.35057674348354345 0.22184768319129947 0.074091039597988143 0.48387707769870764 0.50512036681175243 0.12714691460132602 0.25671976804733282 0.06815050914883615 0.21635722368955615
decision_type=2 2 2 2 2 2 2 2 2 2 2 2 2 2 2 2 2 2 2 2 2 2 2 2 2 2 2 2 2 2
left_child=2 4 6 21 11 17 23 8 -6 19 12 13 -7 -2 -9 -11 24 18 -4 -5 -13 22 -3 -1 -8 -18 -19 -12 -25 -23
right_child=1 3 5 9 7 10 16 14 -10 15 27 20 -14 -15 -16 -17 25 26 -20 -21 -22 29 -24 28 -26 -27 -28 -29 -30 -31
leaf_value=-0.042009598862513764 -0.00047228039703615753 0.020967588969077518 -0.018765220751992027 0.010885016226806406 0.0091374939310844804 0.0020818505990870535 -0.027191775204610386 0.0069728099001808101 -0.0016732963053855408 0.014613730267400479 -0.023335895039550039 -0.015090787420571489 -0.0088427395310968805 -0.011277139721019262 -0.0060299685563162285 0.0042399741309818891 -0.024427383535737725 -0.010641986628500633 -0.012946231500143712 0.0058416569220935514 -0.0066969637026799292 0.007829985231616628 0.011959552142287297 -0.039920910982068229 -0.032406420683137642 -0.01635232578589265 -0.026243366024723838 -0.015013066302389183 -0.034022861721361534 0.015858554481637099
leaf_weight=805.53925156593323 9575.8928933590651 10639.821773260832 4981.9956808388233 2687.9822039008141 9302.7695007324219 944.35954190790653 2898.8823663294315 635.39404661953449 2310.7004373520613 11468.619709759951 335.66615000367165 615.13524416089058 5243.5024657249451 762.43983292579651 1824.6230772137642 590.5427023768425 2411.2416163682938 83.998601287603378 2393.7738738358021 4143.1115427464247 1509.3700188398361 178.64713762700558 353.38564068078995 336.83652645349503 1220.2507250607014 368.69587594270706 780.18907344341278 1250.8519814610481 1405.1931749880314 417.85458543896675
leaf_count=2346 36398 48084 16482 11119 37962 3492 8933 2464 8725 49367 1107 2143 18588 2664 6790 2402 7626 283 8156 16801 5458 765 1515 976 3691 1202 2442 4287 4172 1796
internal_value=6.91847e-05 0.00878629 -0.0194515 0.015056 0.00158477 -0.0135416 -0.0294703 0.0052983 0.0069865 0.0118349 -0.00913425 -0.00260869 -0.00717549 -0.00126913 -0.0026715 0.0141057 -0.0265687 -0.0177 -0.0168767 0.00782618 -0.00912734 0.0203062 0.020678 -0.0373281 -0.0287366 -0.0233564 -0.0247269 -0.016774 -0.0351633 0.0134541
internal_weight=82477.3 57016.3 25461 30480 26536.3 16014.3 9446.64 14073.5 11613.5 18890.3 7774.38 12462.8 6187.86 10338.3 2460.02 12059.2 6899.07 8239.96 7375.77 6831.09 2124.51 11589.7 10993.2 2547.57 4119.13 2779.94 864.188 1586.52 1742.03 596.502
internal_count=318236 234453 83783 131849 102604 54837 28946 55941 46687 79689 27474 46663 22080 39062 9254 51769 21452 27363 24638 27920 7601 52160 49599 7494 12624 8828 2725 5394 5148 2561
is_linear=0
shrinkage=0.03


Tree=23
num_leaves=31
num_cat=0
split_feature=2 2 2 13 13 2 4 2 2 1 13 8 11 2 2 1 13 11 8 6 2 11 2 14 13 12 7 8 13 2
split_gain=12023.6 2157.36 1063.75 406.933 390.674 347.926 283.974 171.61 114.078 102.375 90.5824 70.5907 60.9443 58.6985 55.0394 51.881 42.4223 39.5616 38.6154 36.048 25.9676 25.9381 24.7047 23.6753 20.9345 19.2761 17.0536 15.8326 15.2613 12.4689
threshold=0.32363207638263708 0.56164449453353893 0.17330244928598407 0.25517283380031591 0.31756132841110235 0.74971690773963939 0.2362824082374573 0.44974182546138769 0.2587514221668244 0.33335512876510626 0.21464725583791736 0.17057255655527118 0.57110881805419933 0.85213345289230358 0.073850411921739592 0.15644668787717822 0.31894668936729437 0.27378098666667944 0.19213367253541949 0.12890258431434634 0.63357147574424755 0.49694308638572698 0.3771051168441773 0.29114633798599249 0.097577527165412917 0.29052467644214636 0.35181434452533727 0.39203794300556188 0.46161687374114996 0.12617047131061557
decision_type=2 2 2 2 2 2 2 2 2 2 2 2 2 2 2 2 2 2 2 2 2 2 2 2 2 2 2 2 2 2
left_child=2 6 4 9 10 12 15 22 16 24 14 29 17 23 -1 27 -5 -3 -12 -9 -14 -17 -8 -7 -4 -11 -10 -2 -13 -6
right_child=1 5 3 8 11 13 7 19 26 25 18 28 20 -15 -16 21 -18 -19 -20 -21 -22 -23 -24 -25 -26 -27 -28 -29 -30 -31
leaf_value=-0.010332445081167773 0.024229470819313207 0.019888930229540948 0.02353791884052777 -0.0041393746564433306 -0.01970059517411997 0.024269013243302294 0.004860381989903185 0.008673687570010297 0.0027795994672904405 -0.0055562110448756476 -0.01585858664239826 -0.013782318679754765 0.016268809214415956 0.056731219483336481 -7.6574042374221755e-05 0.021817774114954717 -0.010127829920719478 0.035965219809171355 -0.0090759326404399893 0.020326498081842285 0.029268688925972175 0.014002810406065994 0.0095474031832934649 0.046357735768113688 0.010854051658456694 0.0026561229601449019 -0.0027411936903449039 0.033980273727811823 -0.017212892035392797 -0.016532954614495127
leaf_weight=684.82741754502058 257.80261877179146 145.80019180476665 128.10425043106079 1383.4347869306803 6574.4321349784732 45.434822276234627 2059.0820840150118 285.70838141441345 647.04329907894135 327.27746815979481 1041.8753357455134 4025.3887104913592 220.27482427656651 652.19706094264984 1507.9245612546802 1670.5701227784157 4620.2973900958896 2500.4380212426186 2747.9151804000139 1459.1288633644581 371.56589004397392 495.63392129540443 1990.5163459479809 1125.1293359547853 1364.8477207571268 1201.9154346436262 2270.9408866465092 357.97282168269157 1643.6095999330282 1347.6612258329988
leaf_count=4763 1306 799 706 9961 55650 222 14063 1811 4396 2338 8013 31927 1232 2473 10016 9337 35792 12305 20627 8666 1863 2858 12904 4853 8073 8192 16663 1770 13402 11255
internal_value=-3.26012e-05 0.0235016 -0.0102156 -0.00316006 -0.0145208 0.0390347 0.0143356 0.0105531 -0.00638293 0.00635424 -0.00813266 -0.0173328 0.0331331 0.0495189 -0.00327963 0.022214 -0.00874792 0.0350795 -0.0109406 0.0184184 0.0244303 0.0200297 0.00716421 0.0455004 0.0119424 0.000898521 -0.001517 0.029898 -0.0147769 -0.0191617
internal_weight=45154.8 13637.3 31517.5 11943.9 19573.6 5060.84 8576.42 5794.44 8921.72 3022.14 5982.54 13591.1 3238.08 1822.76 2192.75 2781.98 6003.73 2646.24 3789.79 1744.84 591.841 2166.2 4049.6 1170.56 1492.95 1529.19 2917.98 615.775 5669 7922.09
internal_count=318236 76462 241774 86121 155653 23747 52715 37444 66812 19309 43419 112234 16199 7548 14779 15271 45753 13104 28640 10477 3095 12195 26967 5075 8779 10530 21059 3076 45329 66905
is_linear=0
shrinkage=0.03


Tree=24
num_leaves=31
num_cat=0
split_feature=0 7 3 0 0 0 3 13 10 0 11 11 10 14 13 2 14 0 6 13 11 0 0 0 0 3 12 11 0 12
split_gain=10186.7 1470.49 1442.57 575.318 405.123 221.664 218.663 214.179 149.326 122.272 107.477 84.5643 73.8946 68.2607 58.2008 57.8659 67.9078 55.7109 54.8825 47.2232 43.4516 33.6301 32.3834 32.1525 28.4722 27.9306 25.348 25.2547 17.2954 11.0608
threshold=0.37771926820278173 0.41100020706653601 0.55921819806098949 0.17072525620460513 0.26322270929813391 0.66960743069648754 0.45594190061092382 0.2683375626802445 0.48173156380653387 0.073308896273374571 0.16891338676214221 0.15082093328237536 0.20850160717964175 0.21340389549732211 0.2877048403024674 0.039235267788171775 0.19673456996679309 0.31576453149318701 0.18617971241474154 0.141684465110302 0.10330191999673845 0.5362633764743806 0.19578295946121219 0.69883990287780773 0.55948734283447277 0.39151261746883398 0.4162259995937348 0.095015414059162154 0.024035328067839149 0.24908146262168887
decision_type=2 2 2 2 2 2 2 2 2 2 2 2 2 2 2 2 2 2 2 2 2 2 2 2 2 2 2 2 2 2
left_child=1 3 6 9 8 20 10 19 18 28 26 29 -11 23 -12 27 -17 -9 -3 -5 -4 -15 -10 -8 -22 -13 -2 -7 -1 -6
right_child=2 4 5 7 11 15 13 17 22 12 14 25 -14 21 -16 16 -18 -19 -20 -21 24 -23 -24 -25 -26 -27 -28 -29 -30 -31
leaf_value=-0.018149082591118047 0.00021707789229027171 -0.016007742921113378 -0.0030163088686705791 0.01547905120205512 -0.0091783345315297714 0.029375265524290563 0.0064727323560453695 -0.0035888462820207433 -0.019369905020107599 0.00042642618220964195 0.015921503073778983 -0.0048108839168662229 -0.0080240225372514278 0.018433014937441459 0.0085767127847795454 0.020101305622011619 0.039295303848821572 0.0044966134020341742 -0.010498689779558427 0.0070964626819335786 0.023351050959902257 0.024277748922479869 -0.01552857468908693 0.039089418738737614 0.030517542768749666 0.0020144889510038139 -0.015908372825961414 0.050601033415677496 -0.011871098048500738 -0.015802218768182906
leaf_weight=488.88680897653103 334.41229754686356 2541.3636972308159 41.917272001504898 720.85801383852959 351.699333101511 55.978239491581917 437.54221990704536 2676.1130948811769 6703.0382632538676 1562.7716767191887 1569.3081726431847 2919.7182679474354 2304.8726654648781 2316.8007396757603 2546.7469546794891 179.70541939139366 2158.5640273094177 1075.0708956867456 4525.9591373503208 3758.1456905454397 798.82604825496674 1434.6815480440855 2800.3165965005755 29.003587305545807 1329.0741393715143 661.9305178374052 118.93576775491238 510.80322875082493 2055.2549954354763 639.2961307913065
leaf_count=3319 2284 19056 244 3678 2684 247 2595 17324 52597 9302 8132 19918 15142 12190 14999 839 8477 6577 32704 21439 3921 6881 21609 140 6027 4408 817 1942 13853 4891
internal_value=-8.22014e-05 -0.00853995 0.0217513 -0.00123215 -0.0136007 0.0344861 0.0143968 0.00401665 -0.0157821 -0.00796953 0.00985008 -0.00569545 -0.00460951 0.0193224 0.011377 0.0399047 0.0378202 -0.00127159 -0.0124797 0.00844557 0.0272314 0.0206682 -0.018238 0.0085004 0.0278272 -0.00354948 -0.00401343 0.0485047 -0.0130775 -0.0134514
internal_weight=49647.6 35785.3 13862.3 14642 21143.3 5074.87 8787.43 8230.19 16570.7 6411.79 4569.4 4572.64 3867.64 4218.03 4116.06 2905.05 2338.27 3751.18 7067.32 4479 2169.82 3751.48 9503.35 466.546 2127.9 3581.65 453.348 566.781 2544.14 990.995
internal_count=318236 248501 69735 90634 157867 21697 48038 49018 125966 41616 26232 31901 24444 21806 23131 11505 9316 23901 51760 25117 10192 19071 74206 2735 9948 24326 3101 2189 17172 7575
is_linear=0
shrinkage=0.03


Tree=25
num_leaves=31
num_cat=0
split_feature=1 7 1 1 7 13 1 11 1 1 1 1 12 7 1 13 12 1 10 10 14 10 12 7 9 5 7 12 3 12
split_gain=15287.3 2151.71 1975.32 743.938 453.315 341.887 327.345 185.437 149.992 141.34 120.036 108.172 76.174 69.0626 63.3178 60.6851 60.2957 49.1569 49.0917 46.389 43.5416 42.4439 41.6389 34.6566 27.6973 23.593 22.9177 21.9887 19.8849 13.8255
threshold=0.37183479964733129 0.46886366605758673 0.22103265672922137 0.54693984985351574 0.32622735202312475 0.27186726033687597 0.15132067352533343 0.14746981114149096 0.5956912934780122 0.48969838023185736 0.32114696502685552 0.092775564640760436 0.39423440396785742 0.15911624580621722 0.49252107739448553 0.36408364772796636 0.32324843108654028 0.75376111268997203 0.47398944199085241 0.23423766344785693 0.18304322659969333 0.52368134260177623 0.31319844722747808 0.52113211154937755 0.23605275899171832 0.31296186149120336 0.39108051359653478 0.38169741630554205 0.53262159228324901 0.29526561498641973
decision_type=2 2 2 2 2 2 2 2 2 2 2 2 2 2 2 2 2 2 2 2 2 2 2 2 2 2 2 2 2 2
left_child=2 4 6 14 8 16 11 25 12 15 20 26 -2 27 22 -6 -4 -11 -13 -18 -7 -15 -3 -9 -10 -5 -1 -8 -12 -16
right_child=1 3 5 7 9 10 13 23 24 17 28 18 -14 21 29 -17 19 -19 -20 -21 -22 -23 -24 -25 -26 -27 -28 -29 -30 -31
leaf_value=-0.036065970407081212 -0.0030450906438294072 0.004116091837088086 -0.0096837654596215531 0.020669743734987079 -0.0007873969954599148 0.00027976504556612326 -0.020624097793858723 0.01195048894321132 0.0098485349442859332 0.0066811722756067093 -0.0024181241176253971 -0.028417160898419901 -0.010094486286122284 -0.019780694189172762 0.0094265467383129204 0.0055980809669100955 -0.019114057138758089 0.011791780543770267 -0.0097018432487538508 -0.013418682443101775 -0.010532654939579228 -0.0049240190028778186 0.010703190447585269 0.015840853702563405 0.0016373150857816514 0.013126804551065574 -0.018248074300768913 -0.028320820515174493 -0.010622483515301059 0.013810094530826267
leaf_weight=2558.4463520646095 3496.5566282719374 4537.3778583705425 1230.1269689202309 10447.410548150539 3186.1625290066004 359.18920353055 454.47499361634254 2685.3417463749647 472.91815741360188 6316.9052336364985 3804.7285839617252 4007.9208849668503 2278.6031340658665 4055.4297003448009 2324.7418886125088 2311.0773549228907 3510.3095678091049 2314.512526139617 130.24009627103806 2032.2521635293961 5018.4743771255016 180.78202173113823 1066.7317304313183 8861.8662550449371 1694.1310501396656 387.02799014747143 66.66102933883667 1260.8970536291599 285.84982058405876 897.56354863941669
leaf_count=7337 12880 18166 4166 48388 12196 1322 1413 11610 1901 25748 14088 12031 8145 12838 9735 9062 11386 9787 432 6892 17359 632 4306 39194 6629 1717 205 3829 1038 3804
internal_value=6.6838e-05 0.00960244 -0.0174788 0.0146725 0.00243344 -0.0105457 -0.0263345 0.0175812 -0.00330101 0.00565697 -0.00686443 -0.03085 -0.00582645 -0.0212031 0.00729667 0.0018971 -0.0156922 0.00805158 -0.0278281 -0.0170258 -0.00981046 -0.0191467 0.00536993 0.0149361 0.00342926 0.0204003 -0.0356135 -0.0262816 -0.00299145 0.0106476
internal_weight=82234.7 53278.9 28955.8 31208.1 22070.9 16240.9 12714.9 22381.6 7942.21 14128.7 9468.24 6763.27 5775.16 5951.58 8826.42 5497.24 6772.69 8631.42 4138.16 5542.56 5377.66 4236.21 5604.11 11547.2 2167.05 10834.4 2625.11 1715.37 4090.58 3222.31
internal_count=318236 223268 94968 136920 86348 56251 38717 100909 29555 56793 33807 20005 21025 18712 36011 21258 22444 35535 12463 18278 18681 13470 22472 50804 8530 50105 7542 5242 15126 13539
is_linear=0
shrinkage=0.03


Tree=26
num_leaves=31
num_cat=0
split_feature=2 2 2 13 13 2 1 2 2 1 13 8 5 2 11 2 8 13 8 1 6 14 5 6 7 9 12 7 13 2
split_gain=11196.1 1892 1037.78 380.902 377.693 302.239 245.804 110.668 101.122 91.5281 85.5859 70.3376 69.3571 62.2237 55.762 52.9604 41.3544 38.5116 38.2437 37.8071 32.6124 26.9507 25.038 24.9201 22.8989 20.3319 18.0684 15.3527 15.0938 12.692
threshold=0.32363207638263708 0.56164449453353893 0.17330244928598407 0.31756132841110235 0.25517283380031591 0.73010173439979564 0.32114696502685552 0.2587514221668244 0.42605853080749517 0.33335512876510626 0.21464725583791736 0.17057255655527118 0.4109055250883103 0.85213345289230358 0.57110881805419933 0.073850411921739592 0.30813980102539068 0.11395536363124849 0.19213367253541949 0.1995167210698128 0.097592394798994078 0.30501814186573034 0.32640470564365393 0.12343633547425271 0.13387975096702578 0.34363074600696569 0.29052467644214636 0.35181434452533727 0.46161687374114996 0.12617047131061557
decision_type=2 2 2 2 2 2 2 2 2 2 2 2 2 2 2 2 2 2 2 2 2 2 2 2 2 2 2 2 2 2
left_child=2 6 3 10 9 14 12 16 25 22 15 29 17 21 20 -1 -6 -2 -12 -14 -3 -7 -4 -10 -16 -8 -11 -9 -13 -5
right_child=1 5 4 11 7 13 8 27 23 26 18 28 19 -15 24 -17 -18 -19 -20 -21 -22 -23 -24 -25 -26 -27 -28 -29 -30 -31
leaf_value=-0.010279749942065984 0.029940443794594394 0.014404313417003115 0.0083386615163464975 -0.019580766875831403 -0.010120893269089231 0.023117992728362291 0.0054759982837747365 0.0026427597451849924 0.0076831334979602373 -0.0054277418029215867 -0.015729138447796383 -0.013609809281880615 0.028435698258970434 0.052583908110778545 0.031337134439516058 -0.00021499823927775553 -0.004535203465705611 0.011867493033496792 -0.0089344554592744093 0.020254149479455537 0.032998831404876375 0.042526890905097994 0.016349656285263799 0.01662260504870262 0.017846797784987437 0.012343232404098849 0.0025402384407877195 -0.0025897245862546094 -0.017056186500772456 -0.016344970746282435
leaf_weight=682.33406084775925 118.65306670963764 87.964868292212486 969.67616932094097 6398.5434114038944 4281.4270810335875 67.421203821897507 2840.7482696473598 650.14041563868523 340.45820111036301 325.14293759316206 1026.5754257068038 3961.2069011777639 743.27916726469994 682.05613236129284 159.95261427760124 1515.8322353586555 1653.6739375367761 1004.1913467049599 2723.1793414801359 1608.1349200308323 2428.3001094609499 1431.6779433488846 550.46016179025173 1597.6575275063515 387.79152911901474 449.40888141095638 1206.7868381738663 2255.5584613159299 1607.9759486615658 1315.2031988576055
leaf_count=4763 580 470 5687 55650 33464 324 19235 4396 2162 2338 8013 31927 3609 2473 775 10016 12289 5704 20627 8869 11663 6006 3092 9690 2036 2866 8192 16663 13402 11255
internal_value=-3.14014e-05 0.0223043 -0.0100408 -0.0143488 -0.00307481 0.0365365 0.0137262 -0.00621604 0.0096162 0.00602424 -0.00803935 -0.0171741 0.0199112 0.0450718 0.0304606 -0.0033392 -0.00856457 0.0137773 -0.0107946 0.0228403 0.0323488 0.041654 0.0112395 0.0150523 0.0217863 0.00641401 0.000849082 -0.00141897 -0.0146049 -0.0190291
internal_weight=45071.4 13947.7 31123.7 19230.9 11892.9 5245.16 8702.53 8840.8 5228.27 3052.07 5947.92 13282.9 3474.26 2181.16 3064.01 2198.17 5935.1 1122.84 3749.75 2351.41 2516.26 1499.1 1520.14 1938.12 547.744 3290.16 1531.93 2905.7 5569.18 7713.75
internal_count=318236 76462 241774 155653 86121 23747 52715 66812 33953 19309 43419 112234 18762 8803 14944 14779 45753 6284 28640 12478 12133 6330 8779 11852 2811 22101 10530 21059 45329 66905
is_linear=0
shrinkage=0.03


Tree=27
num_leaves=31
num_cat=0
split_feature=0 0 7 3 0 10 3 7 10 0 0 14 11 11 11 6 0 2 3 3 3 8 0 10 2 3 12 0 11 12
split_gain=9470.69 1516.6 1288.85 474.359 288.566 283.453 254.786 191.314 148.668 132.968 85.7109 80.9468 69.1931 58.4157 55.9207 54.8571 52.2357 49.7744 48.4045 47.8065 38.2267 37.8861 32.8627 29.8827 25.1127 23.7379 17.6158 16.7795 16.3082 10.8036
threshold=0.35618405044078832 0.55948734283447277 0.41100020706653601 0.18978910893201831 0.26322270929813391 0.2507299035787583 0.6425803303718568 0.24802430719137195 0.48429754376411444 0.43364973366260534 0.26511922478675848 0.20566277205944064 0.15082093328237536 0.16891338676214221 0.15811298042535785 0.18617971241474154 0.073308896273374571 0.039235267788171775 0.44584335386753088 0.29269263148307806 0.55921819806098949 0.11247055605053903 0.19578295946121219 0.23206762224435809 0.044856579974293716 0.42392972111701971 0.45682519674301153 0.024035328067839149 0.089081373065710082 0.24908146262168887
decision_type=2 2 2 2 2 2 2 2 2 2 2 2 2 2 2 2 2 2 2 2 2 2 2 2 2 2 2 2 2 2
left_child=2 5 3 16 8 18 14 19 15 13 -9 -11 29 -7 24 -4 27 28 -2 -5 -16 -19 -10 -18 -3 -14 -20 -1 -8 -6
right_child=1 6 4 7 12 9 17 10 22 11 -12 -13 25 -15 20 -17 23 21 26 -21 -22 -23 -24 -25 -26 -27 -28 -29 -30 -31
leaf_value=-0.018049524750780498 0.01432999727937374 0.029402231292183795 -0.015841751680720509 0.0035012928442427391 -0.0094455013584488021 -0.0066166222480359051 0.027544908299249198 -0.0040743041354994736 -0.019262549131486492 0.0011118203804073876 0.003204191993321886 0.014837382388255058 -0.0050345993950503118 0.0057460237737423777 0.02312384837290166 -0.01032306675292681 -0.0024814247307286107 0.01747529260123876 0.019426260601958362 0.010769181369171633 0.029993937554221761 0.036842271777372176 -0.015321676160769635 -0.0099240808803946392 0.0083978659822422554 0.005788352732928239 0.025013659255223246 -0.011798020758874591 0.047146136244896983 -0.016483821748125706
leaf_weight=482.28549967706203 1093.2736670821905 66.129720464348793 2529.6956263557076 1430.2904163599014 303.97734203934669 388.13575924932957 41.029925286769867 3806.8050636351109 6464.7738113701344 451.05859430134296 2358.0876754969358 2710.5252542644739 2824.3298349231482 3024.6393414139748 1338.8509057313204 4513.2643494457006 911.28215749561787 95.302377954125404 1038.590419575572 1892.0508666038513 1600.0802549123764 1971.2482728660107 2699.7018565833569 1039.1842574626207 227.35638059675694 194.97766211628914 993.75210085511208 1943.8829576969147 554.17661012709141 553.98615501821041
leaf_count=3319 5485 343 19364 8036 2379 2803 173 24796 52144 2844 14374 14629 19515 18258 6300 33115 5452 423 5054 10147 6816 7510 21343 6839 1237 1309 4625 13190 2050 4364
internal_value=-7.77354e-05 0.0192754 -0.00896754 -0.00193192 -0.013824 0.0119825 0.0312773 0.00183714 -0.0155828 0.00844647 -0.00129026 0.0128792 -0.00647203 0.00434002 0.0256173 -0.0123053 -0.0101021 0.0381508 0.0194201 0.00764031 0.0268642 0.0359491 -0.0181016 -0.00644678 0.0131307 -0.00433569 0.0221583 -0.0130407 0.0457949 -0.0139901
internal_weight=49542.7 15594.1 33948.6 13863.9 20084.7 9699.98 5894.17 9487.23 16207.4 6574.36 6164.89 3161.58 3877.27 3412.78 3232.42 7042.96 4376.63 2661.76 3125.62 3322.34 2938.93 2066.55 9164.48 1950.47 293.486 3019.31 2032.34 2426.17 595.207 857.963
internal_count=318236 78550 239686 86153 153533 53698 24852 57353 125966 38534 39170 17473 27567 21061 14696 52479 28800 10156 15164 18183 13116 7933 73487 12291 1580 20824 9679 16509 2223 6743
is_linear=0
shrinkage=0.03


Tree=28
num_leaves=31
num_cat=0
split_feature=1 7 1 1 7 1 13 14 1 1 1 1 1 7 13 12 9 10 14 1 10 12 14 5 9 7 12 3 12 7
split_gain=14134 2013.44 1840.19 716.819 416.64 361.17 302.263 133.823 133.367 115.35 101.979 99.9424 94.4377 68.4669 61.8262 60.1446 52.6068 51.9185 50.0305 49.655 46.1284 39.8897 33.4534 30.7345 30.4594 28.6316 25.7645 20.6652 19.8635 15.3539
threshold=0.3746126145124436 0.46886366605758673 0.23338573426008227 0.5752931833267213 0.31194171309471136 0.15132067352533343 0.27186726033687597 0.21340389549732211 0.48969838023185736 0.57813516259193432 0.078325837850570693 0.49252107739448553 0.32114696502685552 0.15911624580621722 0.36408364772796636 0.39423440396785742 0.32929489016532904 0.45163445174694067 0.18304322659969333 0.80566298961639415 0.22989240288734439 0.31319844722747808 0.19341561943292621 0.31296186149120336 0.23260985314846042 0.52113211154937755 0.36003892123699194 0.53262159228324901 0.37244951725006109 0.36821614205837255
decision_type=2 2 2 2 2 2 2 2 2 2 2 2 2 2 2 2 2 2 2 2 2 2 2 2 2 2 2 2 2 2
left_child=2 4 5 11 9 10 16 23 14 15 -1 21 22 26 -6 -2 29 -12 -15 -10 -18 -3 -8 -5 -11 -9 -7 -14 -13 -4
right_child=1 3 6 7 8 13 12 25 19 24 17 28 27 18 -16 -17 20 -19 -20 -21 -22 -23 -24 -25 -26 -27 -28 -29 -30 -31
leaf_value=-0.035464510681722898 -0.0034384737838141031 0.003968243543533076 -0.010554248509457551 0.020146747798632327 -0.00079782020436384646 -0.017678957819478938 -9.2814889398920353e-05 0.01188024572080678 0.0065322729471564674 0.0096290043428379993 -0.027702825460497356 0.010317205820288982 -0.0021716466314176596 -0.0045423713878518669 0.0055569649828355761 -0.010282087353913338 -0.018655449337426841 -0.011526743959632905 -0.018522765126731809 0.012463072729152549 -0.012378825914973753 0.010491140975830853 -0.0094841402510132764 0.013006753178511016 0.00046438050952568913 0.015861344028518482 -0.026252621078793933 -0.010293996216012081 0.015736733399054022 0.009587338547017309
leaf_weight=1774.8343588709831 2838.0480579286814 4451.308783352375 1770.2268159687519 11007.044839784503 3507.6267168819904 397.22309425473213 368.71434810757637 2168.082231760025 7620.391164958477 408.92865094542503 4911.6663644909859 4132.5780373513699 4051.1978409439325 241.4547543823719 2269.3405460715294 1949.7895098775625 2736.8895253241062 185.31126573681831 5021.2058891057968 1524.72090511024 1713.6012300252914 1041.1129104048014 4603.6642817258835 570.72479598224163 1617.016618296504 6500.9668845385313 1532.3598438501358 303.00002132356167 713.79065631330013 34.730670154094696
leaf_count=4992 10354 17915 5937 52088 13380 1225 1349 9533 31338 1644 14416 17742 14982 836 8940 6870 8757 597 15775 6565 5757 4243 15827 2571 6279 29379 4597 1091 3135 122
internal_value=6.40174e-05 0.00944129 -0.0164856 0.0144024 0.00246024 -0.0243529 -0.00938476 0.0176843 0.00526692 -0.00368635 -0.0292713 0.00797538 -0.00596284 -0.0196537 0.0016985 -0.00622545 -0.0144867 -0.0271147 -0.0178813 0.00752109 -0.0162387 0.00520469 -0.00878775 0.0197948 0.00231422 0.0148657 -0.0244877 -0.00273686 0.0111154 -0.0101667
internal_weight=81967.6 52321.5 29646.1 30585.6 21735.9 14064.1 15582 20246.8 14922.1 6813.78 6871.81 10338.8 9326.58 7192.24 5776.97 4787.84 6255.45 5096.98 5262.66 9145.11 4450.49 5492.42 4972.38 11577.8 2025.95 8669.05 1929.58 4354.2 4846.37 1804.96
internal_count=318236 221976 96260 136606 85370 42438 53822 93571 60223 25147 20005 43035 33249 22433 22320 17224 20573 15013 16611 37903 14514 22158 17176 54659 7923 38912 5822 16073 20877 6059
is_linear=0
shrinkage=0.03


Tree=29
num_leaves=31
num_cat=0
split_feature=2 2 2 13 13 2 4 2 8 1 2 13 8 11 2 4 8 7 5 6 2 14 5 12 12 13 13 7 2 0
split_gain=10419 1663.27 1009.8 371.604 350.307 344.988 190.998 106.855 82.3402 81.7803 81.2784 73.2986 70.2975 61.0035 54.384 41.805 39.9048 33.7377 34.737 24.934 24.5299 23.0817 22.9771 18.6634 16.7347 14.9718 14.1719 13.9179 12.9555 9.72818
threshold=0.32363207638263708 0.52385285496711742 0.17330244928598407 0.31756132841110235 0.25517283380031591 0.73010173439979564 0.2362824082374573 0.2587514221668244 0.19213367253541949 0.33335512876510626 0.43752102553844457 0.21678765118122104 0.17057255655527118 0.53882578015327465 0.85213345289230358 0.30365824699401861 0.30813980102539068 0.081495925784111037 0.4109055250883103 0.12890258431434634 0.63357147574424755 0.30501814186573034 0.32640470564365393 0.35641494393348699 0.29052467644214636 0.46161687374114996 0.20799657702445987 0.35181434452533727 0.11326905712485315 0.02201743703335524
decision_type=2 2 2 2 2 2 2 2 2 2 2 2 2 2 2 2 2 2 2 2 2 2 2 2 2 2 2 2 2 2
left_child=2 6 3 8 9 13 17 16 26 22 23 -10 28 15 21 -3 -6 -2 -19 -12 -15 -7 -4 -8 -11 -14 -1 -9 -5 -16
right_child=1 5 4 12 7 14 10 27 11 24 19 -13 25 20 29 -17 -18 18 -20 -21 -22 -23 -24 -25 -26 -27 -28 -29 -30 -31
leaf_value=-0.0097969829943346885 0.032861083063599236 0.030908164050955172 0.0078076732748737984 -0.019623976498153475 -0.0099264212830954129 0.021863569638142056 0.0053706308553776406 0.002513601021166126 -0.00078454093051575388 -0.0052748195530089251 0.0056424284775691887 -0.0088477612575895113 -0.01342511450214235 0.015615405145883939 0.054511032502493582 0.022056044759257109 -0.0044176778036801477 0.012127215927944109 0.02032561527436802 0.016042883176289161 0.025634306781757731 0.039608211562187988 0.015408759102572242 0.010571080577563766 0.0024132417769281954 -0.01689379020555971 -0.015733481113155999 -0.0024628648092165813 -0.016764832100984482 0.046665483204452782
leaf_weight=548.36973757296801 146.68897221982479 2633.0815602838993 984.34045286476612 5593.6638463139534 4224.2633126601577 69.034321472048759 3036.8356844335794 653.08099263906479 1642.5479084029794 322.63978727161884 244.5277094244957 2654.3524844646454 3894.1469171047211 461.71031440794468 196.6561735868454 587.23203809559345 1644.0997178480029 646.83958807587624 1655.7729737758636 1368.4561673402786 420.00883767008781 1488.4721977710724 562.42778627574444 780.76824128627777 1212.1834000423551 1572.0335858762264 1064.4372955337167 2242.7707297503948 1914.5301924869418 514.0693733394146
leaf_count=3736 663 12325 5687 49981 33464 324 20296 4396 10963 2338 1560 20317 31927 2479 681 3138 12289 3457 8793 8032 1981 6006 3092 4935 8192 13402 8403 16663 16924 1792
internal_value=-3.10389e-05 0.0211719 -0.00986333 -0.0141705 -0.002997 0.0325711 0.0119566 -0.0060561 -0.00793498 0.00570327 0.00881986 -0.00576549 -0.0170107 0.0273796 0.0419597 0.029294 -0.00838307 0.0189112 0.0180226 0.0144662 0.0203879 0.0388217 0.0105715 0.00643422 0.000797111 -0.0144227 -0.013715 -0.00134056 -0.0188949 0.0488363
internal_weight=44980 14250.2 30729.9 18884.1 11845.8 6370.26 7879.89 8764.21 5909.71 3081.59 5430.59 4296.9 12974.4 4102.03 2268.23 3220.31 5868.36 2449.3 2302.61 1612.98 881.719 1557.51 1546.77 3817.6 1534.82 5466.18 1612.81 2895.85 7508.19 710.726
internal_count=318236 76462 241774 155653 86121 28726 47736 66812 43419 19309 34823 31280 112234 19923 8803 15463 45753 12913 12250 9592 4460 6330 8779 25231 10530 45329 12139 21059 66905 2473
is_linear=0
shrinkage=0.03


Tree=30
num_leaves=31
num_cat=0
split_feature=0 3 7 0 0 0 13 13 0 10 0 14 11 10 14 12 9 11 2 12 10 11 0 0 2 0 0 13 12 10
split_gain=8760.63 1389.73 1268.88 474.483 292.407 226.452 184.466 180.664 172.908 145.525 115.674 75.5506 73.6224 72.7738 50.6282 43.8184 43.496 43.4646 44.8777 41.7552 39.7663 39.5151 36.201 36.0695 32.0048 30.8437 28.1799 27.5357 17.4692 13.5243
threshold=0.35618405044078832 0.55921819806098949 0.41100020706653601 0.17072525620460513 0.26322270929813391 0.48958033323287969 0.2877048403024674 0.2683375626802445 0.69883990287780773 0.48916459083557134 0.073308896273374571 0.2110148221254349 0.15811298042535785 0.22516590356826785 0.19673456996679309 0.24908146262168887 0.2137410566210747 0.13230797648429873 0.062198238447308547 0.30660742521286016 0.22049759328365329 0.10330191999673845 0.26322270929813391 0.2356575429439545 0.04126353561878205 0.19859292358160022 0.55948734283447277 0.36569766700267797 0.22959341108798983 0.61530292034149181
decision_type=2 2 2 2 2 2 2 2 2 2 2 2 2 2 2 2 2 2 2 2 2 2 2 2 2 2 2 2 2 2
left_child=2 5 3 10 9 6 20 23 21 16 28 -8 -6 -12 19 -16 -4 24 -19 -7 -2 29 -9 -5 -10 -11 -23 -14 -1 -3
right_child=1 8 4 7 12 14 11 22 17 25 13 -13 27 -15 15 -17 -18 18 -20 -21 -22 26 -24 -25 -26 -27 -28 -29 -30 -31
leaf_value=-0.016132218361678226 0.018363342137960075 -0.018853150799311415 -0.016296417986322975 0.0038232724452362662 -0.013703301755640643 0.018637959125239821 -0.0040600177552308735 -0.0048904526157501089 0.033471040717720675 -0.019078808609290988 -0.00020188031306095624 0.0066844895471692093 0.0023105080453140209 -0.0084434362091041649 0.034909460622830221 0.018554998839966193 -0.010854903084974056 0.042134880697993496 0.033843497226127027 -0.0017575003621207348 0.011093586845155058 0.021488469463221933 0.001301440887874859 0.0096606087448198076 0.0095354842286238719 -0.015094007738371915 0.028038659530161616 -0.0052260963950153932 -0.010915747337699672 0.011981288342983558
leaf_weight=913.8889411687851 1424.2153181135654 20.813535809516907 1755.3665673136711 1488.5271998643875 891.17083021253347 166.08610613644123 707.76843386143446 1689.6780614107847 114.19388012588024 6325.2968949303031 1832.3767779171467 3509.598751693964 532.88501933217049 2035.3614455461502 155.02235171198845 3016.0486276894808 5355.8550006747246 1019.0677535533905 1387.3587979227304 198.09128211438656 1291.1158229708672 856.72980414330959 1709.6303146779537 2646.5448201447725 89.825159803032875 2415.9526259899139 1906.641218110919 2407.2345864325762 1571.0017929822206 33.260333508253098
leaf_count=6472 6824 118 13527 8576 7146 970 4891 11119 460 52464 10932 20847 3652 13596 815 14374 40396 3618 5057 1155 6859 4053 10687 14255 424 19555 7999 16753 10622 188
internal_value=-9.49634e-07 0.0183463 -0.00868843 -0.00174459 -0.0135874 0.0119589 0.00880794 0.00334732 0.0306649 -0.0153849 -0.00778372 0.00488132 -0.00614967 -0.00453892 0.0181379 0.0193545 -0.0121981 0.0362276 0.0373547 0.00754402 0.0149066 0.0255109 -0.00177633 0.00755931 0.0229327 -0.0179775 0.0260079 -0.00386012 -0.0128343 0.000112826
internal_weight=49466.6 15895.8 33570.8 13887 19683.8 10467.9 6932.7 7534.38 5427.89 15852.5 6352.63 4217.37 3831.29 3867.74 3535.25 3171.07 7111.22 2610.45 2406.43 364.177 2715.33 2817.44 3399.31 4135.07 204.019 8741.25 2763.37 2940.12 2484.89 54.0739
internal_count=318404 78652 239752 86259 153493 56735 39421 44637 21917 125942 41622 25738 27551 24528 17314 15189 53923 9559 8675 2125 13683 12358 21806 22831 884 72019 12052 20405 17094 306
is_linear=0
shrinkage=0.03


Tree=31
num_leaves=31
num_cat=0
split_feature=1 7 1 1 7 13 11 1 1 1 4 1 1 7 9 12 7 1 13 14 14 11 5 9 7 1 10 7 1 2
split_gain=13011.6 2078.62 1485.75 863.633 300.56 287.447 256.711 221.714 130.954 122.902 100.823 86.9542 77.4073 69.5603 58.8758 54.9722 44.2262 43.7794 42.4007 41.5888 34.9858 28.8333 26.876 26.8074 24.324 23.1796 23.0076 22.5762 21.283 14.1578
threshold=0.36032448709011083 0.42861531674861914 0.20406513661146167 0.54964467883110057 0.29184253513813024 0.25131654739379888 0.15082093328237536 0.099580615758895888 0.48969838023185736 0.29222644865512853 0.21569857746362689 0.56373926997184765 0.49252107739448553 0.52113211154937755 0.41921474039554601 0.40634092688560491 0.15911624580621722 0.70114564895629894 0.30238801240921026 0.20566277205944064 0.18304322659969333 0.17616527527570727 0.32055115699768072 0.30225852131843572 0.39329536259174352 0.26778045296669012 0.55424350500106823 0.21514295786619189 0.070107042789459242 0.36051894724369055
decision_type=2 2 2 2 2 2 2 2 2 2 2 2 2 2 2 2 2 2 2 2 2 2 2 2 2 2 2 2 2 2
left_child=2 4 7 12 11 14 22 24 18 20 16 15 19 -8 25 -2 -9 -10 -6 -3 -7 -11 -5 -13 28 -4 -12 -16 -1 -14
right_child=1 3 5 6 8 9 13 10 17 21 26 23 29 -15 27 -17 -18 -19 -20 -21 -22 -23 -24 -25 -26 -27 -28 -29 -30 -31
leaf_value=-0.034837099123838193 -0.004588684357409791 0.010149410545930626 -0.015826505512402618 0.020123844976204848 -0.0038941445686403796 -0.0014356176817225713 0.010568465134994841 -0.026000942905122233 0.0041913458998530748 0.0043306263306697778 -0.015753872069713404 0.0059401601793244961 0.010295623210568226 0.015172017243037829 -0.021083472557012383 -0.01161395928779122 -0.021269031238227827 0.0091309063897597291 0.0016843942805663257 0.0037314164186779491 -0.011900144818034345 -0.0052036867456786706 0.011483590596436791 -0.0019553366527815768 -0.015544982280430667 -0.011090565992615408 -0.0030322295862441071 -0.015077446329375842 -0.029779642852846025 0.003565702953010009
leaf_weight=1324.672934025526 2695.1415677666664 1052.905986353755 1774.5256544351578 10162.511749625206 1891.5763961672783 307.32293063402176 4598.7465660870075 3433.6841299831867 4579.2974177002907 301.43971711397171 1087.1855639219284 596.56305268406868 3647.5150433033705 8259.8454545587301 1805.3191275596619 1596.1018893420696 3685.8970401883125 2494.5532633364201 3486.2373772114515 6634.7273458689451 4466.3278398811817 5387.7408800274134 334.67706826329231 1101.8658032864332 83.282528519630432 1954.6217525303364 145.0121451318264 818.71957805752754 1722.8595959544182 304.84429495036602
leaf_count=3661 9666 4375 5622 49466 6959 1111 20202 10013 18478 1144 3350 2357 15691 37940 5532 5495 11043 10618 13429 26549 14792 19234 1533 4203 250 6445 499 2621 4858 1268
internal_value=3.47109e-05 0.0087452 -0.0164136 0.0130403 0.000594427 -0.0107333 0.0163674 -0.0247322 0.00325074 -0.00767687 -0.0221799 -0.00492766 0.00636459 0.0135256 -0.0157667 -0.00720169 -0.0235512 0.00593325 -0.000277785 0.00461043 -0.0112264 -0.00469851 0.0198484 0.00081791 -0.0315408 -0.0133442 -0.0142567 -0.0192095 -0.031978 0.00977655
internal_weight=81735.7 53437.1 28298.6 34995.8 18441.3 16816 23355.8 11482.6 12451.7 10462.8 8351.78 5989.67 11640 12858.6 6353.19 4291.24 7119.58 7073.85 5377.81 7687.63 4773.65 5689.18 10497.2 1698.43 3130.82 3729.15 1232.2 2624.04 3047.53 3952.36
internal_count=318404 228229 90175 157024 71205 56501 109141 33674 49484 36281 24905 21721 47883 58142 20220 15161 21056 29096 20388 30924 15903 20378 50999 6560 8769 12067 3849 8153 8519 16959
is_linear=0
shrinkage=0.03


Tree=32
num_leaves=31
num_cat=0
split_feature=2 2 2 13 13 2 2 4 1 2 2 8 13 1 11 1 6 6 8 5 0 13 10 9 12 13 5 2 12 2
split_gain=9607.54 1454.93 972.581 367.546 343.928 211.481 199.589 98.6422 88.1843 80.012 75.9235 68.2311 59.397 51.7265 44.5288 42.4798 35.2852 35.0114 31.9647 24.7676 21.0113 19.9802 19.4065 18.5151 17.6531 15.3627 14.2858 13.403 12.1302 11.9704
threshold=0.32363207638263708 0.56164449453353893 0.17330244928598407 0.32031935453414923 0.27521069347858435 0.74971690773963939 0.42605853080749517 0.23886713385581973 0.33335512876510626 0.25641587376594549 0.09412455186247827 0.16621766239404681 0.21912347525358203 0.23338573426008227 0.58540415763854992 0.06097793951630593 0.078704521059989943 0.12343633547425271 0.30986431241035467 0.32640470564365393 0.045568021014332778 0.21037429571151736 0.082533087581396117 0.34363074600696569 0.31770329177379614 0.46161687374114996 0.41402205824851995 0.12617047131061557 0.3927163183689118 0.82174551486969005
decision_type=2 2 2 2 2 2 2 2 2 2 2 2 2 2 2 2 2 2 2 2 2 2 2 2 2 2 2 2 2 2
left_child=2 6 3 10 8 14 7 22 19 18 21 27 -12 26 16 -7 -3 -15 -6 -4 -16 -1 -2 -9 -10 -13 -8 -5 -11 -17
right_child=1 5 4 11 9 15 13 23 24 28 12 25 -14 17 20 29 -18 -19 -20 -21 -22 -23 -24 -25 -26 -27 -28 -29 -30 -31
leaf_value=-0.0079971613222774469 0.031635539009344828 0.0027669629470804713 0.0068782336851510679 -0.019417910967260987 -0.0098680101635011484 0.048775489862302839 0.015209761696529406 0.0047915117993041012 -0.0038928049483319344 -0.0016947317643360982 0.00023732630262106457 -0.013331483391724975 -0.0080109213946621682 0.00657928277350079 0.02726259536611245 0.035332639519346669 0.029430251222568329 0.016538376233010028 -0.0045026011143584977 0.014329315800295938 0.01534247559815069 -0.013433044142979331 0.014585808363743227 0.01088760821184289 0.0022402978424529351 -0.016780342894637673 0.02482041753635239 -0.015898489588060821 -0.0092242211706552776 0.040450047367526706
leaf_weight=923.85860928148031 63.192182570695877 45.357251346111298 1102.6950066387653 5862.7319316789508 4011.1009257957339 376.8468428850174 166.94771987199783 2981.9903766065836 619.43614152818918 2574.817909412086 1286.105344735086 3843.243152603507 2019.6662785410881 358.50287395715714 213.99146594107151 920.03395552933216 2944.3976431787014 2791.1006456315517 1330.9122690483928 631.40083259344101 352.01192849874496 1783.1292680054903 1221.328542560339 527.75822632014751 1327.7222700193524 1666.4234958142042 837.54758870601654 1167.8691526651382 208.1320371851325 744.11540727317333
leaf_count=6391 287 232 6376 53922 32320 1244 812 19953 4484 18987 8401 32107 15469 2233 1078 3629 13276 15762 10073 3457 1678 14318 6524 3263 9001 14560 3908 10520 1489 2650
internal_value=-6.21354e-05 0.0199858 -0.00966711 -0.0139505 -0.00293594 0.0319832 0.012482 0.00831148 0.00467104 -0.00638251 -0.00785251 -0.0168743 -0.00480195 0.0172953 0.027565 0.0396804 0.0290257 0.0154048 -0.00853127 0.00959124 0.0198492 -0.0115779 0.0154246 0.00570818 0.000289216 -0.0143746 0.0232231 -0.0188333 -0.00225785 0.0376209
internal_weight=44904.4 14545.1 30359.2 18553 11806.2 5596.75 8948.37 4794.27 3681.25 8124.96 6012.76 12540.3 3305.77 4154.1 3555.76 2041 2989.75 3149.6 5342.01 1734.1 566.003 2706.99 1284.52 3509.75 1947.16 5509.67 1004.5 7030.6 2782.95 1664.15
internal_count=318404 76529 241875 155688 86187 23787 52742 30027 23318 62869 44579 111109 23870 22715 16264 7523 13508 17995 42393 9833 2756 20709 6811 23216 13485 46667 4720 64442 20476 6279
is_linear=0
shrinkage=0.03


Tree=33
num_leaves=31
num_cat=0
split_feature=3 3 7 0 3 0 1 7 13 0 11 0 0 12 0 1 9 7 12 3 11 11 11 0 14 5 3 13 12 0
split_gain=8187.8 1335.23 942.656 430.968 389.195 247.259 195.238 137.961 112.899 89.8833 73.0373 72.0847 60.4532 63.2833 57.2832 52.2439 47.8934 47.3534 40.1471 39.5928 39.0965 36.3264 33.8396 33.1692 33.065 24.7671 23.8973 22.7459 20.2315 8.78518
threshold=0.37745137512683874 0.52653777599334728 0.41100020706653601 0.28577296435832983 0.16472296416759494 0.69883990287780773 0.39094711840152746 0.56393593549728405 0.2591413706541062 0.26511922478675848 0.16528243571519854 0.17072525620460513 0.37139697372913366 0.2517563402652741 0.43364973366260534 0.25307098031044012 0.2137410566210747 0.18589399009943011 0.26368670165538793 0.76349356770515453 0.15811298042535785 0.14746981114149096 0.10330191999673845 0.039447518065571792 0.21340389549732211 0.15153393894433978 0.452532708644867 0.29082201421260839 0.24650284647941592 0.863476723432541
decision_type=2 2 2 2 2 2 2 2 2 2 2 2 2 2 2 2 2 2 2 2 2 2 2 2 2 2 2 2 2 2
left_child=2 6 4 7 23 17 15 16 11 -10 28 -6 20 -14 -12 26 -4 25 -17 21 -5 -7 -19 -1 -9 -3 -2 -25 -8 -21
right_child=1 5 3 12 8 19 10 24 9 -11 14 -13 13 -15 -16 18 -18 22 -20 29 -22 -23 -24 27 -26 -27 -28 -29 -30 -31
leaf_value=-0.01550520614071702 0.013891267336208261 0.034995693388459759 -0.015771782654022376 -0.012617954049150202 -0.0010473737555109039 0.019568392578115597 0.0052116788028550749 -0.018635820560247353 -0.0062069624747992554 0.0022769765034814887 0.0048417047487582998 0.0065841960047102683 0.013955955789091116 -0.0027432798678066195 0.014730585945828767 0.021464385387626558 -0.010047276999310765 0.0009542418970376077 0.010336191274389873 0.037092718053033075 -0.0032712734008778911 0.033185630212827034 0.020643154076792302 -0.0073908101719600931 -0.015054551238152457 0.024910952229028012 0.020376413052001371 -0.013972968955172749 -0.0088120764644436054 0.043829673556341549
leaf_weight=1073.8722234070301 957.47703443467617 264.66842475533485 1807.8844708949327 518.57972396165133 1743.9067145287991 194.92671328783035 120.8677017763257 5867.6748172938824 2737.9613471031189 1906.4834177643061 3153.1422248035669 3083.5843843966722 342.53170938789845 505.87096981704235 633.04336600005627 320.8032660484314 4828.1295654252172 80.990372136235237 3224.4357444643974 385.24812571704388 1803.7137037366629 1846.4764735400677 2622.5360696315765 1755.2778763473034 3837.8790367245674 1275.0414986610413 1097.636751011014 646.55757385492325 395.67606553435326 318.00885099172592
leaf_count=7550 4519 1099 14016 4207 10677 860 868 50730 18195 11484 19718 16584 2176 3244 3542 1767 36502 467 16855 1316 12410 6625 12230 11458 30976 5143 4855 4441 2883 1007
internal_value=2.80307e-06 0.0169424 -0.00881197 -0.0129765 -0.00253597 0.0269836 0.00985709 -0.0149404 0.000614763 -0.00272442 0.00505142 0.00382733 -0.00285466 0.00399882 0.00649511 0.0135493 -0.0116068 0.022445 0.0113432 0.0340002 -0.00535843 0.0318854 0.0200533 -0.0111223 -0.0172197 0.0266445 0.017355 -0.00916268 -0.00553061 0.0401391
internal_weight=49350.9 16891 32459.9 19512.3 12947.6 6987.9 9903.08 16341.6 9471.94 4644.44 4302.73 4827.49 3170.7 848.403 3786.19 5600.35 6636.01 4243.24 3545.24 2744.66 2322.29 2041.4 2703.53 3475.71 9705.55 1539.71 2055.11 2401.84 516.544 703.257
internal_count=318404 83754 234650 154261 80389 28747 55007 132224 56940 29679 27011 27261 22037 5420 23260 27996 50518 18939 18622 9808 16617 7485 12697 23449 81706 6242 9374 15899 3751 2323
is_linear=0
shrinkage=0.03


Tree=34
num_leaves=31
num_cat=0
split_feature=1 7 1 1 7 4 13 11 1 1 1 1 1 13 4 13 12 1 12 10 14 7 14 0 1 11 5 11 2 7
split_gain=12037 1817.97 1591.3 678.38 379.237 313.53 268.572 161.473 103.982 98.6297 97.8195 91.6353 87.1376 70.5994 64.0452 51.9916 42.0246 40.2224 36.6888 36.2119 32.9544 32.0258 31.2575 30.6198 27.4004 23.9295 23.0128 19.051 17.2386 16.4043
threshold=0.37729601562023168 0.46886366605758673 0.23338573426008227 0.5752931833267213 0.32622735202312475 0.14427479356527331 0.27186726033687597 0.14746981114149096 0.58123880624771129 0.48969838023185736 0.32114696502685552 0.49783146381378179 0.092775564640760436 0.2591413706541062 0.21569857746362689 0.37573030591011053 0.34470887482166296 0.80566298961639415 0.31876052916049963 0.22989240288734439 0.16465872526168826 0.52113211154937755 0.19341561943292621 0.09501324221491815 0.18100468069314959 0.54488742351531994 0.31296186149120336 0.15811298042535785 0.31711405515670782 0.074091039597988143
decision_type=2 2 2 2 2 2 2 2 2 2 2 2 2 2 2 2 2 2 2 2 2 2 2 2 2 2 2 2 2 2
left_child=2 4 5 11 8 12 16 26 13 15 22 18 29 -2 24 -6 -4 -11 -3 -18 -16 -9 -8 -10 -7 -14 -5 -12 -13 -1
right_child=1 3 6 7 9 14 10 21 23 17 27 28 25 -15 20 -17 19 -19 -20 -21 -22 -23 -24 -25 -26 -27 -28 -29 -30 -31
leaf_value=-0.034977759471712749 -0.0075091327406619978 0.0038455485573463482 -0.0089466507915330895 0.020117648912854353 -0.00010961300073958279 -0.021822730201423477 0.0002434304867128835 0.011236385998338736 0.0070232143498912243 0.0064167473648158819 0.0070759676246206927 0.011479751056921474 -0.025227433028067861 4.6725106035399024e-06 -0.0029741124132383256 0.0061597280198405968 -0.016595313789966048 0.011974138143385963 0.010207032177819401 -0.011292625061936921 -0.015040126689470879 0.015317293551796708 -0.0087560678160151333 -0.00018813845532903304 -0.017467662080238571 -0.019395518481655154 0.012061305306312048 -0.002475799111131681 0.0060757357625228397 -0.029654621384300851
leaf_weight=730.09587749838829 3784.42505197227 4637.6067182719707 1635.8066197931767 9365.6141528636217 3382.6432690620422 2817.4692079126835 374.92514696717262 2258.4955916702747 806.99925777316093 7018.2351196557283 196.2401198297739 3823.8812988996506 3397.6182656288147 1601.7994381040335 224.23504769802094 1837.0462335050106 2942.4066909849644 1407.1102178394794 990.14844703674316 1912.3461034297943 2226.4363349974155 7406.3472095429897 4721.7408609092236 1543.4100987613201 2414.3786483108997 778.26680406928062 330.36351139843464 4437.2291481792927 616.98440130054951 1819.5595066547394
leaf_count=2001 13336 18898 5401 46865 12989 8259 1367 10231 3307 29416 770 17028 9760 5984 771 7307 9203 6232 4115 6306 6929 34819 15974 6005 7377 2273 1552 16261 2639 5029
internal_value=3.1654e-05 0.00898628 -0.0148235 0.0138232 0.00232887 -0.0220789 -0.00837882 0.0171078 -0.00297712 0.00533733 -0.005226 0.00750713 -0.0268088 -0.00527462 -0.0179383 0.00209685 -0.0131053 0.00734488 0.00496479 -0.0145065 -0.0139361 0.0143637 -0.00809404 0.00228784 -0.019813 -0.0241405 0.0198432 -0.00207126 0.010729 -0.0311789
internal_weight=81439.9 50811.1 30628.8 29429.4 21381.7 14408.1 16220.7 19360.8 7736.63 13645 9730.14 10068.6 6725.54 5386.22 7682.52 5219.69 6490.56 8425.35 5627.76 4854.75 2450.67 9664.84 5096.67 2350.41 5231.85 4175.89 9695.98 4633.47 4440.87 2549.66
internal_count=318404 220723 97681 136147 84576 42399 55282 93467 28632 55944 34372 42680 19063 19320 23336 20296 20910 35648 23013 15509 7700 45050 17341 9312 15636 12033 48417 17031 19667 7030
is_linear=0
shrinkage=0.03


Tree=35
num_leaves=31
num_cat=0
split_feature=5 1 8 7 5 1 11 5 0 5 5 1 7 5 13 1 0 1 7 0 5 11 1 11 1 11 7 5 12 11
split_gain=8038.04 1249.65 1075.81 381.383 261.039 217.598 210.886 103.504 102.204 88.6483 75.6743 73.7825 69.8594 69.6058 60.2662 54.9347 57.1756 48.4995 46.9731 41.8102 29.5382 28.853 28.7864 26.5299 26.5007 25.4774 21.0434 17.6847 16.3499 7.99916
threshold=0.39601950347423559 0.26413767039775854 0.23407209664583209 0.34457162022590643 0.58859318494796764 0.4405642449855805 0.19251846522092822 0.30525773763656622 0.13873963057994845 0.26645597815513616 0.24261511862277987 0.1354550123214722 0.10002361238002778 0.25566826760768896 0.24112468957901004 0.61627459526062023 0.16254107654094699 0.36312027275562292 0.28674514591693884 0.19437921792268756 0.48169673979282385 0.30022367835044866 0.06097793951630593 0.51652884483337413 0.6308175027370454 0.49694308638572698 0.47584730386734014 0.36525094509124761 0.37649959325790411 0.15082093328237536
decision_type=2 2 2 2 2 2 2 2 2 2 2 2 2 2 2 2 2 2 2 2 2 2 2 2 2 2 2 2 2 2
left_child=2 4 6 7 20 8 13 14 23 26 18 22 -9 29 -4 16 -7 -10 -8 -12 28 -13 -6 -3 -15 -22 -5 -11 -2 -1
right_child=1 5 3 9 11 15 10 12 17 27 19 21 -14 24 -16 -17 -18 -19 -20 -21 25 -23 -24 -25 -26 -27 -28 -29 -30 -31
leaf_value=-0.01915892854013777 0.013606192853912036 0.022955679791283629 0.0023478975645833352 -0.008504740189256824 0.044916839526577552 0.0090846772545715611 -0.0073480090737434696 0.025459775222066466 0.013750525118561452 -0.0050783471691976728 -0.00048638487528891559 0.010235931917212048 0.0058519330631816944 -0.0039876521069743091 -0.0056402398574724698 -0.0043981496196674325 -0.0021188599298855308 0.005586984494686472 -0.013702708341163182 -0.0089125070774803399 0.025777632244677287 0.030146572593685143 0.035947273214114159 0.015125651446826245 -0.014037032171630413 0.015407417600377999 -0.013099189323028575 -0.00043035641567182548 0.020841267291652841 -0.016397832564156938
leaf_weight=5342.9085675403476 445.27005310356617 1085.190128698945 2327.2630889415741 2195.8540067970753 411.69379699230194 1422.1310321837664 1318.3062549978495 174.15204069018364 1838.6097836047411 3574.1313159614801 787.76760127395391 68.119808942079544 2682.201199516654 384.91721457988024 1339.1111400872469 615.06614849716425 576.00936871021986 1017.4043179303408 5084.9519282132387 1619.6679766178131 1482.7007782012224 1705.287760451436 1478.4591162055731 607.4486810863018 611.12857527285814 249.02837036550045 1517.0643998533487 928.02573485672474 762.46237783133984 1147.0681676492095
leaf_count=50883 2240 5836 14669 17473 1328 9392 8978 823 10208 27320 6170 323 16462 3162 9490 4614 4155 6535 43348 12663 6574 7141 5360 3192 5672 1145 13141 6625 3577 9905
internal_value=-6.0631e-05 0.0190202 -0.00852362 -0.00265008 0.0284341 0.0103408 -0.0138353 0.0027659 0.0143043 -0.00695034 -0.0106896 0.0337771 0.00704742 -0.0175376 -0.0005697 0.00344174 0.005855 0.0108424 -0.0123944 -0.00615529 0.0217749 0.0293818 0.0379009 0.0201457 -0.0101535 0.0242864 -0.010382 -0.00412026 0.0181738 -0.0186709
internal_weight=44799.4 13764.9 31034.5 14737.8 6603.02 7161.86 16296.7 6522.73 4548.65 8215.08 8810.69 3663.56 2856.35 7486.02 3666.37 2613.21 1998.14 2856.01 6403.26 2407.44 2939.46 1773.41 1890.15 1692.64 996.046 1731.73 3712.92 4502.16 1207.73 6489.98
internal_count=318404 71620 246784 106003 27688 43932 140781 41444 25771 64559 71159 14152 17285 69622 24159 18161 13547 16743 52326 18833 13536 7464 6688 9028 8834 7719 30614 33945 5817 60788
is_linear=0
shrinkage=0.03


Tree=36
num_leaves=31
num_cat=0
split_feature=3 3 7 3 3 3 1 1 13 10 11 10 3 1 5 2 5 3 14 11 6 12 1 1 12 3 11 2 2 2
split_gain=7652.68 1196.77 896.254 374.589 305.017 211.174 170.364 107.595 104.237 95.0137 68.3499 61.3518 59.2848 54.8501 51.6378 49.3871 48.0791 43.4528 40.418 39.104 37.0409 29.4263 27.3063 20.7115 19.6448 17.2823 14.7276 13.9864 11.2543 7.59255
threshold=0.37745137512683874 0.52653777599334728 0.41100020706653601 0.16472296416759494 0.25975206494331365 0.6425803303718568 0.39094711840152746 0.54964467883110057 0.2591413706541062 0.48916459083557134 0.16528243571519854 0.22049759328365329 0.32216168940067297 0.61323612928390514 0.26342849433422094 0.16622789949178698 0.18572716414928439 0.76349356770515453 0.16844701021909717 0.16528243571519854 0.18292395025491717 0.2395281866192818 0.3017870038747788 0.23720019310712817 0.24650284647941592 0.22169778496026996 0.48354765772819525 0.2142823934555054 0.044856579974293716 0.03484741039574147
decision_type=2 2 2 2 2 2 2 2 2 2 2 2 2 2 2 2 2 2 2 2 2 2 2 2 2 2 2 2 2 2
left_child=2 6 3 21 9 18 11 15 13 20 24 27 -10 -5 -13 -6 -12 23 28 -9 -4 -1 -20 -7 -8 -11 -23 -2 -3 -19
right_child=1 5 4 8 7 17 10 19 12 25 16 14 -14 -15 -16 -17 -18 29 22 -21 -22 26 -24 -25 -26 -27 -28 -29 -30 -31
leaf_value=-0.014780837789475244 0.024372532713044112 0.021036230619967185 -0.015429627824889146 0.004965949540359324 0.0021195108535991755 0.030998531424046943 0.0052676553558449633 -0.014989194584019601 -0.0049492436072444074 -0.018729455049770846 0.010216609978643144 0.014260014207933309 0.0023963285661914831 -0.0038558083293445417 0.0072302802528120694 -0.0060612145212991008 0.0034104864819722194 0.04129484690283082 0.023542188734472183 -0.0084508844473410224 -0.010385924023104185 -0.012375045289533643 0.018176630093006914 0.024472262298430886 -0.0085841910466415618 -0.015323709498660177 -0.0072329142892584176 0.016339380267485291 0.0044248960102964445 0.035208217578175952
leaf_weight=1208.9844427779317 220.3294757604599 47.462519869208336 2294.1387062445283 4110.5842341184616 895.86331886798143 1765.1307723969221 120.63554046303034 1547.6737337708473 3205.6300469338894 5220.6363381296396 1655.1724142208695 1842.5155832469463 1429.9701007008553 750.06840731203556 1920.8896526843309 2567.9117462486029 2144.2319665029645 300.83789031207561 2520.5481927096844 1758.8184376433492 3056.2800317928195 757.649244569242 1290.799276843667 581.93185280263424 390.17113871872425 1804.4605558589101 1481.5228938832879 1701.0660953819752 161.98610737919807 476.75688503682613
leaf_count=8645 985 240 18621 22228 6070 6214 868 13450 20973 45441 10280 9466 8706 5033 9901 17972 12980 972 10110 13701 23557 5146 6349 2434 2883 15449 9658 7644 866 1562
internal_value=6.94379e-06 0.0161909 -0.00863747 -0.00254005 -0.0127599 0.0255664 0.00948838 -0.00764044 0.000535166 -0.0155606 0.00499031 0.0128988 -0.00268331 0.00360463 0.0106719 -0.00394537 0.00637551 0.0314167 0.0210199 -0.0115113 -0.0125486 -0.0110092 0.021725 0.0293804 -0.00531285 -0.0178547 -0.00897281 0.0172606 0.00818914 0.037563
internal_weight=49230.7 17140.5 32090.2 12944.4 19145.8 7145.45 9995.01 6770.27 9496.25 12375.5 4310.21 5684.8 4635.6 4860.65 3763.41 3463.78 3799.4 3124.66 4020.8 3306.49 5350.42 3448.16 3811.35 2347.06 510.807 7025.1 2239.17 1921.4 209.449 777.595
internal_count=318404 83754 234650 80389 154261 28747 55007 51193 56940 103068 27011 27996 29679 27261 19367 24042 23260 11182 17565 27151 42178 23449 16459 8648 3751 60890 14804 8629 1106 2534
is_linear=0
shrinkage=0.03


Tree=37
num_leaves=31
num_cat=0
split_feature=1 7 1 1 7 13 7 11 1 1 1 13 1 1 13 9 4 12 7 14 1 10 0 1 1 11 5 10 2 10
split_gain=11166.6 1737.32 1452.87 660.345 353.633 304.305 196.39 160.373 140.31 97.0225 94.1972 99.94 87.5686 70.0704 65.7766 58.6967 54.6559 35.4 31.5604 29.6111 29.1072 28.8509 28.7465 26.4679 24.5917 24.1979 23.0496 17.2768 16.7029 14.4578
threshold=0.37729601562023168 0.46886366605758673 0.20406513661146167 0.5752931833267213 0.32622735202312475 0.27186726033687597 0.16304382681846621 0.14746981114149096 0.29222644865512853 0.58123880624771129 0.69856974482536327 0.36408364772796636 0.49783146381378179 0.092775564640760436 0.2591413706541062 0.41921474039554601 0.22097574174404147 0.31876052916049963 0.52113211154937755 0.18304322659969333 0.16142630577087405 0.22989240288734439 0.09501324221491815 0.33660043776035314 0.26778045296669012 0.59329792857170116 0.31296186149120336 0.50768643617630016 0.31711405515670782 0.18260596692562106
decision_type=2 2 2 2 2 2 2 2 2 2 2 2 2 2 2 2 2 2 2 2 2 2 2 2 2 2 2 2 2 2
left_child=2 4 6 12 9 15 13 26 19 14 11 -6 17 -1 -2 24 20 -3 -9 -7 -8 -17 -11 -10 -4 -15 -5 -18 -14 -12
right_child=1 3 5 7 10 8 16 18 23 22 29 -13 28 25 -16 21 27 -19 -20 -21 -22 -23 -24 -25 -26 -27 -28 -29 -30 -31
leaf_value=-0.030293594112669939 -0.007208584935649502 0.0037121831945799008 -0.013812281026476742 0.019879944275148428 0.0015660926910365087 -0.0011261723481902882 -0.021896540005192609 0.010954961399096083 -0.0050148520402706698 0.0068505823178106546 -0.0053576728578304247 0.007620743789544835 0.011218357832015647 -0.024559997780519725 3.5519025603011156e-05 -0.018155138044100558 -0.014059940110813943 0.0099880712520782865 0.015036995611640427 -0.010815253221022978 -0.016925511410877895 -0.011242525148437519 -0.00015042252727389549 -0.001233227780652347 -0.0096435904291818746 -0.017344865326874497 0.011746284308684921 -0.0040982632301719123 0.0058768903099335581 0.010075022421852105
leaf_weight=2280.2256006598473 3807.6712675988674 4616.8037094771862 2220.6929656565189 9122.7684366106987 6578.1715090423822 306.66735264658928 2546.4867786467075 2226.80944699049 3218.3369547724724 801.79538126289845 55.64058256149292 3913.181319847703 3774.26018217206 3520.8791364431381 1603.0153092890978 2439.537740945816 913.38978025317192 980.73283492028713 7269.4527933895588 3820.1169539690018 1816.1910465359688 699.12373133003712 1544.8979651480913 3452.8332751989365 2986.2416005730629 474.75145277380943 324.73102486133575 189.13523599505424 612.36767433583736 3018.7191204577684
leaf_count=6227 13336 18898 6912 46865 26263 1103 7301 10231 11283 3307 237 16124 17028 9998 5984 7393 2749 4115 34819 12470 5395 2244 6005 12788 9814 1369 1552 635 2639 13320
internal_value=2.8132e-05 0.0087533 -0.0141682 0.0135424 0.00225616 -0.00907248 -0.0224767 0.016833 -0.00574725 -0.00285285 0.00517768 0.00382442 0.00729895 -0.0260974 -0.00506239 -0.0133748 -0.0183189 0.00481177 0.0140798 -0.0100952 -0.0198271 -0.0166154 0.00224161 -0.00305758 -0.0114215 -0.0237027 0.0196004 -0.012351 0.0104727 0.00979572
internal_weight=81135.6 50251 30884.6 28927.9 21323.1 19143.6 11741.1 18943.8 10798 7757.38 13565.7 10491.4 9984.16 6275.86 5410.69 8345.6 5465.2 5597.54 9496.26 4126.78 4362.68 3138.66 2346.69 6671.17 5206.93 3995.63 9447.5 1102.53 4386.63 3074.36
internal_count=318404 220723 97681 136147 84576 64007 33674 93467 37644 28632 55944 42387 42680 17594 19320 26363 16080 23013 45050 13573 12696 9637 9312 24071 16726 11367 48417 3384 19667 13557
is_linear=0
shrinkage=0.03


Tree=38
num_leaves=31
num_cat=0
split_feature=2 2 2 13 13 2 4 2 2 4 8 13 8 2 11 1 8 7 6 5 2 11 8 9 2 13 11 7 11 11
split_gain=8387.68 1145.58 922.436 350.876 299.891 219.284 115.558 77.9866 75.3354 74.1096 73.134 64.3657 63.6346 50.9834 48.1542 34.2295 29.9011 25.7762 25.5071 25.3319 22.4695 22.4228 16.0765 14.959 14.1708 13.9706 13.1455 12.2679 11.4219 8.46676
threshold=0.32363207638263708 0.52385285496711742 0.17330244928598407 0.32603670656681066 0.27521069347858435 0.74971690773963939 0.23886713385581973 0.41522410511970526 0.25641587376594549 0.25523191690444952 0.19087006151676181 0.21912347525358203 0.16621766239404681 0.62018039822578441 0.52744856476783764 0.06097793951630593 0.30986431241035467 0.081495925784111037 0.12343633547425271 0.4109055250883103 0.24058547616004947 0.25770479440689092 0.17192853242158893 0.29782347381114965 0.12617047131061557 0.46161687374114996 0.22745107859373095 0.72278377413749706 0.59329792857170116 0.43449403345584875
decision_type=2 2 2 2 2 2 2 2 2 2 2 2 2 2 2 2 2 2 2 2 2 2 2 2 2 2 2 2 2 2
left_child=2 6 3 10 9 13 17 22 16 20 26 -12 24 14 -3 29 -6 -2 -9 -19 -4 -15 -8 -11 -5 -14 -1 -10 -17 -7
right_child=1 5 4 12 8 15 7 18 27 23 11 -13 25 21 -16 28 -18 19 -20 -21 -22 -23 -24 -25 -26 -27 -28 -29 -30 -31
leaf_value=-0.016421291444774687 0.02769081010444557 0.022597402293455807 0.0047886554960315155 -0.019225708580277893 -0.0094925942593022013 0.029248470775129962 0.015397261636702466 0.0039083964708843781 -0.0022971459929028268 -0.0038071156485937258 -0.0012591594827807435 -0.0086365769080799237 -0.013090831175014306 0.011682912206352513 0.011971853466942229 0.034882095673645433 -0.0042632682281036859 0.010104753814725888 0.013579329766499407 0.016837470291832433 0.011437409431646903 0.02721607843340422 0.0046710480526336541 0.0019063313343966046 -0.015504990428946441 -0.016473369636290425 -0.010996637131971481 0.013931089932214683 0.029646531029759338 0.044377778797011685
leaf_weight=677.9136079326272 151.94582070410252 1880.079248085618 820.03680011630058 5496.097747862339 3909.0215611457825 36.64447957277298 131.04174184799194 280.46610148251057 2714.2661238759756 612.52236390113831 1709.3196071684361 2820.8454882949591 3523.5569449290633 86.806350901722908 482.34177200496197 1222.985342413187 1315.1991145387292 696.66576801240444 1966.0908071994781 1808.8380392044783 1034.6439412683249 2292.6762728840113 3119.9361068159342 1262.5257007628679 1106.7865529805422 1597.0154105946422 987.98158157616854 42.582618303596973 540.87741236388683 363.73361083865166
leaf_count=5499 633 8808 4754 53391 32320 120 923 1777 20132 4476 11363 22359 30447 425 2452 4372 10073 3549 11314 9063 5568 9543 20519 8520 10472 14560 7597 344 1907 1124
internal_value=-5.87216e-05 0.0181705 -0.00932468 -0.0136038 -0.00277695 0.0271613 0.0105566 0.0080737 -0.00605879 0.00424572 -0.0078294 -0.00585293 -0.0166556 0.0235499 0.020428 0.0350742 -0.00817611 0.015693 0.012372 0.0149654 0.0084977 0.0266494 0.0051034 3.99184e-05 -0.018602 -0.0141458 -0.0132041 -0.00204648 0.0332766 0.0429931
internal_weight=44691.4 15061.1 29630.3 17919.5 11710.8 6906.14 8154.98 5497.53 7981.07 3729.73 6196.06 4530.17 11723.5 4741.9 2362.42 2164.24 5224.22 2657.45 2246.56 2505.5 1854.68 2379.48 3250.98 1875.05 6602.88 5120.57 1665.9 2756.85 1763.86 400.378
internal_count=318404 76529 241875 155688 86187 28751 47778 34533 62869 23318 46818 33722 108870 21228 11260 7523 42393 13245 13091 12612 10322 9968 21442 12996 63863 45007 13096 20476 6279 1244
is_linear=0
shrinkage=0.03


Tree=39
num_leaves=31
num_cat=0
split_feature=0 7 3 3 0 0 10 13 13 0 0 14 14 6 0 0 12 14 2 14 0 10 3 13 14 0 12 12 8 4
split_gain=7156.93 1095.89 989.244 417.994 283.317 166.634 143.626 133.247 130.833 120.756 88.1314 63.5349 62.7855 56.9733 50.1806 44.7679 40.2241 63.8685 33.9351 44.509 32.5229 31.4789 29.2364 27.0047 24.2424 20.7603 21.7217 16.5301 16.3285 14.9304
threshold=0.35618405044078832 0.41100020706653601 0.55921819806098949 0.18978910893201831 0.26322270929813391 0.48958033323287969 0.48916459083557134 0.2877048403024674 0.2683375626802445 0.69883990287780773 0.2356575429439545 0.2110148221254349 0.21791826933622363 0.18617971241474154 0.073308896273374571 0.26511922478675848 0.28355416655540472 0.21572279930114749 0.039235267788171775 0.19673456996679309 0.19859292358160022 0.23206762224435809 0.41530752182006841 0.36569766700267797 0.086658053100109114 0.55948734283447277 0.48026052117347723 0.2310067489743233 0.08191318437457086 0.14427479356527331
decision_type=2 2 2 2 2 2 2 2 2 2 2 2 2 2 2 2 2 2 2 2 2 2 2 2 2 2 2 2 2 2
left_child=1 3 5 14 6 7 13 22 10 25 -5 -9 -6 -3 27 -10 24 -18 28 -20 -8 -16 -2 -14 -7 26 -4 -1 -11 -27
right_child=2 4 9 8 12 16 20 11 15 18 -12 -13 23 -15 21 -17 17 -19 19 -21 -22 -23 -24 -25 -26 29 -28 -29 -30 -31
leaf_value=-0.015786912929156818 0.0091369417677804095 -0.015279625683832003 0.014614122166381003 0.00096248193174970729 -0.011442119191226756 0.0020202293155862491 -0.018674060817083529 -0.0036976153476053625 -0.005202921091509668 0.025878183395720705 0.0084684328375193314 0.006215667698000648 0.0034401567043031126 -0.00953024031429104 -0.0020364938731592696 0.0012262527541923869 0.0019500640474065317 0.015971477373643957 0.01384364961376317 0.029924691734071033 -0.014430727650938807 -0.0096886800634001079 0.015398405355309178 -0.0044243513450815172 0.025519057526437926 0.027665299614145232 0.024233493141568276 -0.010594008733020107 0.038807498897069283 0.021929121294430687
leaf_weight=897.85241961479187 1090.6334991529584 2406.7521523609757 591.06661048531532 2910.5560315102339 1125.5829591229558 43.104156449437141 5847.8073454201221 695.62719880789518 2318.9740659147501 105.82724562287331 2726.8986153751612 3557.8368538245559 483.487927749753 4363.7688099890947 919.19413892924786 1681.6194425672293 325.56460919976234 2868.324567168951 167.73841579258442 2024.4542208760977 2251.499297618866 1021.5092721879482 1744.9016792029142 2098.4615908712149 474.0881587266922 557.46800401806831 328.7987882271409 1430.9647664129734 519.23443134129047 1527.066410407424
leaf_count=6595 5419 19919 2726 17184 9280 254 52464 4891 15601 372 14227 20847 3348 34004 5476 10438 1804 12853 697 6796 19555 6896 8264 14923 2403 2018 1399 9842 1694 6215
internal_value=1.11511e-05 -0.00818126 0.0160221 -0.00181286 -0.0129488 0.0106488 -0.0147988 0.00795259 0.00164873 0.0259905 0.00459319 0.00459441 -0.00552931 -0.011574 -0.00962707 -0.00250047 0.0157991 0.0145422 0.0304524 0.0286942 -0.0174945 -0.0060643 0.0129901 -0.00295167 0.0235606 0.0218066 0.0180525 -0.0125961 0.0366185 0.0234632
internal_weight=49106.7 32484.9 16621.7 13907.6 18577.4 10800.1 14869.8 7089 9638.05 5821.65 5637.45 4253.46 3707.53 6770.52 4269.52 4000.59 3711.08 3193.89 2817.25 2192.19 8099.31 1940.7 2835.54 2581.95 517.192 3004.4 919.865 2328.82 625.062 2084.53
internal_count=318404 239752 78652 86259 153493 56735 125942 39421 57450 21917 31411 25738 27551 53923 28809 26039 17314 14657 9559 7493 72019 12372 13683 18271 2657 12358 4125 16437 2066 8233
is_linear=0
shrinkage=0.03


Tree=40
num_leaves=31
num_cat=0
split_feature=1 7 1 1 7 4 13 11 1 1 13 1 1 1 13 4 9 14 7 14 0 14 5 1 12 11 13 12 12 7
split_gain=10356 1662.16 1336.76 642.107 330.775 270.937 225.69 159.864 90.0369 89.3453 95.8524 83.8776 83.8031 77.5039 61.0156 53.6303 39.756 34.8408 31.0526 28.5147 27.0387 23.5976 23.1425 23.1011 21.9516 21.9047 21.7472 17.2219 15.7497 15.396
threshold=0.37729601562023168 0.46886366605758673 0.23338573426008227 0.5752931833267213 0.32622735202312475 0.14427479356527331 0.27186726033687597 0.14746981114149096 0.58123880624771129 0.69856974482536327 0.36408364772796636 0.3017870038747788 0.49783146381378179 0.092775564640760436 0.2591413706541062 0.21569857746362689 0.41921474039554601 0.20566277205944064 0.52113211154937755 0.16465872526168826 0.09501324221491815 0.21340389549732211 0.31296186149120336 0.18100468069314959 0.4594066590070725 0.16178027540445331 0.1969987899065018 0.32324843108654028 0.37117300927639013 0.074091039597988143
decision_type=2 2 2 2 2 2 2 2 2 2 2 2 2 2 2 2 2 2 2 2 2 2 2 2 2 2 2 2 2 2
left_child=2 4 5 12 8 13 16 22 14 10 -6 25 17 29 -2 23 27 -3 -9 -17 -10 -13 -5 -7 -15 -8 -18 -4 -14 -1
right_child=1 3 6 7 9 15 11 18 20 -11 -12 21 28 24 -16 19 26 -19 -20 -21 -22 -23 -24 -25 -26 -27 -28 -29 -30 -31
leaf_value=-0.032224079123716276 -0.006928790629970742 0.010015913311041369 -0.0071882477163961967 0.019649627454687821 0.0014896059422167714 -0.019833160534819542 0.0011205200926977079 0.010672559957565253 0.0066579655374555671 0.0095446802794197788 0.0074352505520571422 0.0034220435234301222 0.0094644827699607147 -0.020147870457743876 4.212821600822464e-05 -0.0025267017643573796 -0.017492724730496713 0.0036115782677506644 0.014752781659912053 -0.01369362881033258 -0.00014809462935263669 -0.0031770841059401366 0.011426868106998413 -0.015876290361947255 -0.024505337746654681 -0.0088506992035894648 -0.011710661431590708 -0.011420316849914043 0.014518356266906823 -0.02710641261775229
leaf_weight=741.04305472970009 3829.3547659814358 914.79039035737514 1216.9839513301849 8889.0484314411879 6562.3579411059618 2878.2268688082695 209.98208039999008 2195.4078985005617 796.02234442532063 3039.3457340598106 3885.0432157516479 534.98226833343506 3681.5110191702843 2459.9306208491325 1603.168008595705 226.32446029782295 1378.8152041435242 4653.7411836832762 7132.5269895941019 2269.3219131231308 1544.8784192353487 5515.8940072655678 319.10651682317257 2465.356973618269 1803.2205238938332 3558.6438501179218 1017.4323565363884 2995.571769207716 653.47452010214329 1849.5127823352814
leaf_count=2001 13336 3936 3970 46865 26263 8259 758 10231 3307 13557 16124 2035 16621 6997 5984 771 4149 19077 34819 6929 6005 19831 1552 7377 5036 11748 3204 9587 3046 5029
internal_value=2.42815e-05 0.00852209 -0.0135465 0.0132656 0.0021767 -0.020121 -0.00766648 0.0165606 -0.00275222 0.00501761 0.00370059 -0.0047818 0.00709857 -0.0244778 -0.00487163 -0.0163118 -0.0119526 0.00466367 0.0137925 -0.0126809 0.0021663 -0.00259363 0.0193647 -0.0180076 -0.021991 -0.00829512 -0.0150377 -0.0101977 0.0102263 -0.0285703
internal_weight=80821 49699.8 31121.2 28439.6 21260.2 14692.9 16428.3 18536.1 7773.42 13486.7 10447.4 9819.5 9903.52 6853.71 5432.52 7839.23 6608.8 5568.53 9327.93 2495.65 2340.9 6050.88 9208.15 5343.58 4263.15 3768.63 2396.25 4212.56 4334.99 2590.56
internal_count=318404 220723 97681 136147 84576 42399 55282 93467 28632 55944 42387 34372 42680 19063 19320 23336 20910 23013 45050 7700 9312 21866 48417 15636 12033 12506 7353 13557 19667 7030
is_linear=0
shrinkage=0.03


Tree=41
num_leaves=31
num_cat=0
split_feature=2 2 2 13 13 2 4 2 2 8 4 8 13 2 11 2 8 6 7 5 6 2 8 2 5 13 11 14 12 4
split_gain=7834.83 1025.15 896.352 342.659 278.585 196.291 101.037 72.768 72.0731 71.5406 67.4059 63.6589 60.7279 45.0619 44.1663 30.7033 28.8422 28.0696 23.2681 23.5297 20.9223 20.8963 16.4999 14.4176 14.1587 13.8656 12.9615 12.5609 12.2794 7.91504
threshold=0.32363207638263708 0.52385285496711742 0.17330244928598407 0.32603670656681066 0.27521069347858435 0.74971690773963939 0.23886713385581973 0.25641587376594549 0.40472900867462164 0.19087006151676181 0.25523191690444952 0.16621766239404681 0.21912347525358203 0.62018039822578441 0.52744856476783764 0.88870060443878185 0.30986431241035467 0.12343633547425271 0.081495925784111037 0.4109055250883103 0.11322120204567911 0.24058547616004947 0.17192853242158893 0.12617047131061557 0.21015851199626925 0.46161687374114996 0.22745107859373095 0.30077463388442999 0.38844317197799688 0.06815050914883615
decision_type=2 2 2 2 2 2 2 2 2 2 2 2 2 2 2 2 2 2 2 2 2 2 2 2 2 2 2 2 2 2
left_child=2 6 3 9 10 13 18 16 22 26 21 23 -11 14 -3 27 -6 -10 29 -20 -15 -4 -8 -5 -12 -13 -1 -7 -9 -2
right_child=1 5 4 11 7 15 8 28 17 12 24 25 -14 20 -16 -17 -18 -19 19 -21 -22 -23 -24 -25 -26 -27 -28 -29 -30 -31
leaf_value=-0.016293123275229953 0.017942797105541693 0.021478315344202435 0.00448184972935448 -0.019109057979662208 -0.009298684366380823 0.018946100569962428 0.015383280410758284 -0.0013429407135771973 0.0030992472338343684 -0.0013115967021993193 -0.012479480556069946 -0.012905196391342839 -0.0084860435245034584 0.017644901116555024 0.011381771933128912 0.040618374005539797 -0.0041428532436938118 0.012659949920119358 0.009557411524564241 0.015997274379871147 0.02623436842419612 0.010855909488255992 0.0041636311370315572 -0.01530944192356987 0.00055050242440375023 -0.016310052199174876 -0.010870050545055462 0.03194911982321922 -0.0085911290095110181 0.031720658351341205
leaf_weight=666.92473958432674 62.971092253923416 1919.9482067227364 827.90599174797535 5346.257235661149 3857.9977073445916 69.520151436328888 123.08932040631771 2515.4374762475491 314.82050888240337 1712.726571701467 78.32251313328743 3464.3056912645698 2794.0167541056871 289.64795927703381 489.3068904876709 401.50258031487465 1307.4286285862327 2263.1564734131098 706.47223591804504 1841.9993256926537 2147.394860714674 1049.9050191491842 2835.415607586503 1080.422692283988 1798.9506308585405 1561.6694170311093 978.77081172913313 1748.2074704021215 229.55549309402704 92.868468344211578
leaf_count=5499 251 8808 4754 53391 32320 280 862 18814 1996 11363 544 30447 22359 1315 2452 1214 10073 13002 3549 9063 8653 5568 18673 10472 12452 14560 7597 6029 1662 382
internal_value=-5.63081e-05 0.0173362 -0.00915127 -0.0134247 -0.00270197 0.0257209 0.0101472 -0.00589615 0.0078256 -0.00771436 0.00402684 -0.0164923 -0.00575949 0.0223372 0.0194278 0.0331102 -0.00799368 0.0114924 0.0149002 0.0142121 0.0252135 0.00804566 0.00463043 -0.0184703 6.87295e-06 -0.0139632 -0.0130678 0.0314518 -0.00194908 0.0261533
internal_weight=44576.9 15306.3 29270.6 17605.1 11665.5 7065.53 8240.79 7910.42 5536.48 6152.44 3755.08 11452.7 4506.74 4846.3 2409.26 2219.23 5165.43 2577.98 2704.31 2548.47 2437.04 1877.81 2958.5 6426.68 1877.27 5025.98 1645.7 1817.73 2744.99 155.84
internal_count=318404 76529 241875 155688 86187 28751 47778 62869 34533 46818 23318 108870 33722 21228 11260 7523 42393 14998 13245 12612 9968 10322 19535 63863 12996 45007 13096 6309 20476 633
is_linear=0
shrinkage=0.03


Tree=42
num_leaves=31
num_cat=0
split_feature=3 3 7 0 3 0 0 13 7 11 0 0 9 11 0 12 11 12 0 11 13 2 11 11 0 13 11 3 3 12
split_gain=6710.4 968.709 812.148 371.9 360.211 175.945 140.502 138.601 105.598 101.346 84.0794 77.7208 65.8495 59.1142 54.5608 57.2006 46.0225 44.175 34.6946 33.7189 32.516 31.4402 46.8244 29.3628 27.9916 27.2428 17.9438 13.3652 12.1249 6.90759
threshold=0.37745137512683874 0.52653777599334728 0.45044179260730749 0.28786861896514898 0.16472296416759494 0.69883990287780773 0.43364973366260534 0.2877048403024674 0.19732166081666949 0.16528243571519854 0.17072525620460513 0.26322270929813391 0.2137410566210747 0.20631557703018191 0.37139697372913366 0.25575649738311773 0.16528243571519854 0.26111020147800451 0.039447518065571792 0.11502893269062044 0.62858867645263683 0.039235267788171775 0.16178027540445331 0.15811298042535785 0.55948734283447277 0.26279734075069433 0.095015414059162154 0.42097213864326483 0.20655355602502826 0.30887606739997869
decision_type=2 2 2 2 2 2 2 2 2 2 2 2 2 2 2 2 2 2 2 2 2 2 2 2 2 2 2 2 2 2
left_child=2 6 4 9 18 19 8 10 27 28 -6 -9 -11 -10 23 -16 20 -18 29 -3 -8 26 -23 -5 -21 -20 -7 -2 -4 -1
right_child=1 5 3 14 7 21 16 11 13 12 -12 -13 -14 -15 15 -17 17 -19 25 24 -22 22 -24 -25 -26 -27 -28 -29 -30 -31
leaf_value=-0.016192267705299752 0.010565929190561159 0.0025099160451292775 -0.019572865896197483 -0.011661042004349828 -0.0024608662233132311 0.019575110029794725 -0.0043347226368702935 -0.0075726100241258918 -0.004963759994954204 -0.015732048856936454 0.0048227237630384355 -2.7900401121398182e-06 -0.010375259567376961 0.0050830882826218655 0.013447826006620516 -0.0037540607562282701 0.023424447059589536 0.012610299372057782 -0.0065811513350490349 0.016847254485389443 0.015493781588190854 0.011422486012123343 0.028310014941464103 -0.0028535786507008468 0.021727532783632163 -0.01262719717492365 0.036315347634463938 0.017861177634556979 -0.016719056414027839 -0.0081947249519762969
leaf_weight=1080.3943987339735 385.93393175303936 104.59222792834044 2672.3301543593407 456.56537516415119 2169.819247841835 63.999536842107773 229.85992085933685 2872.86325083673 606.47170642763376 3839.9006916210055 4163.2369581088424 2122.6125762313604 4468.9747774079442 4026.2384373024106 346.19692770391703 349.72712748497725 372.57198952138424 3884.5419639199972 1479.8474076986313 1781.0941481515765 110.07624714076519 158.73467174172401 2139.0063070654869 1342.1032906100154 2604.4637478590012 1226.7623452842236 578.85787287354469 545.44817315042019 2687.3047895655036 106.80648778378963
leaf_count=8043 1796 584 25348 3945 13623 242 1432 20226 4435 32424 22657 13340 36516 23962 2185 2322 1946 18267 9752 8174 669 666 7059 9492 10181 8895 1841 2500 25153 729
internal_value=1.53987e-05 0.0148476 -0.00829822 -0.0129815 -0.00332547 0.0230798 0.00882746 -0.000619894 0.00562094 -0.0149256 0.00232723 -0.00435614 -0.0128509 0.00376785 -0.00232949 0.00480325 0.0127085 0.0135567 -0.011197 0.019344 0.00208603 0.0287842 0.0271434 -0.00508922 0.0197455 -0.0093215 0.0346488 0.0148383 -0.018142 -0.0154728
internal_weight=48977.3 17591.9 31385.4 16163.1 15222.3 7430.75 10161.1 11328.5 5564.09 13668.5 6333.06 4995.48 8308.88 4632.71 2494.59 695.924 4597.05 4257.11 3893.81 4490.15 339.936 2940.6 2297.74 1798.67 4385.56 2706.61 642.857 931.382 5359.63 1187.2
internal_count=318404 83754 234650 137385 97265 28747 55007 69846 32693 119441 36280 33566 68940 28397 17944 4507 22314 20213 27419 18939 2101 9808 7725 13437 18355 18647 2083 4296 50501 8772
is_linear=0
shrinkage=0.03


Tree=43
num_leaves=31
num_cat=0
split_feature=1 7 1 1 7 1 13 11 1 4 1 13 1 1 7 13 12 14 7 7 10 14 12 14 0 5 11 2 10 7
split_gain=9603.88 1490.19 1392.82 567.88 282.386 255.713 252.426 159.599 102.266 76.3246 76.1803 87.4124 73.8021 67.8012 59.9124 48.6908 40.2224 38.2533 34.2074 30.5045 30.3035 29.2428 27.5779 26.5238 25.6111 23.2517 21.6428 15.8371 13.9929 12.0408
threshold=0.39094711840152746 0.46886366605758673 0.23338573426008227 0.5752931833267213 0.32622735202312475 0.15132067352533343 0.27186726033687597 0.14746981114149096 0.32114696502685552 0.089563671499490752 0.69856974482536327 0.36408364772796636 0.58123880624771129 0.49783146381378179 0.18988862633705142 0.2665232121944428 0.32324843108654028 0.18304322659969333 0.40201976895332342 0.52113211154937755 0.22989240288734439 0.20566277205944064 0.36003892123699194 0.19341561943292621 0.09501324221491815 0.31296186149120336 0.15811298042535785 0.31711405515670782 0.18260596692562106 0.15502126514911654
decision_type=2 2 2 2 2 2 2 2 2 2 2 2 2 2 2 2 2 2 2 2 2 2 2 2 2 2 2 2 2 2
left_child=2 4 5 13 12 9 16 25 23 -1 11 -6 15 21 22 -2 29 -16 -11 -9 -18 -3 -7 -8 -14 -5 -10 -15 -12 -4
right_child=1 3 6 7 10 14 8 19 26 18 28 -13 24 27 17 -17 20 -19 -20 -21 -22 -23 -24 -25 -26 -27 -28 -29 -30 -31
leaf_value=-0.027883470356484447 -0.0061110291567677165 0.010003077412238088 -0.012919658368966525 0.019422889237510108 0.0016488979478531105 -0.013295473947698696 0.00055709163510217475 0.010391079241221037 0.0072401741930678797 -0.021835526111744188 -0.0056765194870127631 0.0075388804303651137 0.0064808730332173402 0.010711189702725901 -0.0016585310437384011 0.00078826819922695954 -0.014140773242503419 -0.013878811134496204 -0.011321884788007398 0.014466307891331874 -0.0097075646446085177 0.0038440694505350106 -0.020216980863060268 -0.007697818085657367 -0.00015806898071086709 0.011107178805559947 -0.0017129008228849152 0.0054658519254660379 0.0095722409787917934 -0.0052692647240879745
leaf_weight=2233.6148057878017 3686.0879547446966 829.03927420079708 222.55810835957527 8660.9538200497627 6131.6225403696299 665.7163350880146 377.79151351749897 2164.5376748144627 253.89838054776192 4701.1108999252319 55.173623293638229 3598.6164966970682 790.73500986397266 3679.5710328668356 243.48261973261833 1227.0919885784388 3440.9124250411987 4337.4436286389828 296.05991518497467 6996.6173376888037 2325.6261064559221 4253.4060049504042 2336.2418939173222 4815.8522384166718 1544.3424893021584 313.57793843746185 5662.8333745747805 602.93726003170013 2949.3495410829782 1101.6559548377991
leaf_count=6044 12838 3621 712 46865 24709 1944 1367 10231 1012 13071 237 15117 3307 17028 820 4617 10522 12969 885 34819 7525 17583 6666 15974 6005 1552 20803 2639 13320 3602
internal_value=2.03406e-05 0.00866073 -0.0124067 0.013191 0.00242609 -0.0192369 -0.00684772 0.0162889 -0.00402531 -0.0232733 0.0051166 0.00382724 -0.00230096 0.00719186 -0.015388 -0.00438789 -0.0112701 -0.0132293 -0.0212126 0.0135034 -0.0123529 0.00484872 -0.0186821 -0.00709735 0.0020901 0.0191323 -0.00132871 0.0099727 0.00929222 -0.00655505
internal_weight=80498.5 47483.7 33014.8 27500.6 19983 14813.7 18201.1 18135.7 11110.4 7230.79 12734.8 9730.24 7248.26 9364.95 7582.88 4913.18 7090.75 4580.93 4997.17 9161.16 5766.54 5082.45 3001.96 5193.64 2335.08 8974.53 5916.73 4282.51 3004.52 1324.21
internal_count=318404 214488 103916 134338 80150 42399 61517 93467 39156 20000 53383 39826 26767 40871 22399 17455 22361 13789 13956 45050 18047 21204 8610 17341 9312 48417 21815 19667 13557 4314
is_linear=0
shrinkage=0.03


Tree=44
num_leaves=31
num_cat=0
split_feature=2 2 8 13 2 2 2 4 10 2 2 2 11 1 1 2 13 2 13 2 11 7 14 5 7 14 1 7 12 4
split_gain=7330.33 994.946 807.979 288.47 189.435 148.849 110.3 99.5273 96.4641 73.7571 70.6363 56.8621 44.475 35.948 34.1747 32.2319 29.8627 28.6249 28.052 27.0042 24.7121 24.7009 22.5725 18.9069 18.3766 15.9072 15.3341 14.2479 13.6876 10.7383
threshold=0.31409738957881933 0.51497119665145885 0.22480581700801852 0.24537940323352816 0.66189122200012218 0.17468589544296267 0.17755726724863055 0.23886713385581973 0.43163476884365087 0.21064315736293796 0.39487934112548834 0.82174551486969005 0.52744856476783764 0.36032448709011083 0.20406513661146167 0.25641587376594549 0.23014489561319354 0.13196665048599246 0.31343831121921545 0.24742724001407626 0.30022367835044866 0.081495925784111037 0.28892146050930029 0.41402205824851995 0.72278377413749706 0.30297021567821508 0.3303851187229157 0.074091039597988143 0.13900627940893176 0.06815050914883615
decision_type=2 2 2 2 2 2 2 2 2 2 2 2 2 2 2 2 2 2 2 2 2 2 2 2 2 2 2 2 2 2
left_child=2 7 5 9 12 8 18 21 16 13 25 20 22 -4 -11 -8 -1 -10 -5 26 -6 29 -3 -23 -21 -9 -7 -13 -12 -2
right_child=1 4 3 6 11 19 15 10 17 14 28 27 -14 -15 -16 -17 -18 -19 -20 24 -22 23 -24 -25 -26 -27 -28 -29 -30 -31
leaf_value=-0.0077859478730107649 0.015811356121438996 0.013160346752848886 0.0025037021512068149 -0.0075084233807269874 0.012837200095025373 0.0010313246036347734 -0.0060732864567245764 0.00090373007206319942 -0.018748340149036865 0.013308451801791805 -0.0053382697683276329 0.042117043832279571 0.012778383255917829 -0.004710606874684351 0.0041783011491469515 -0.0013966325103767943 -0.013604281461370576 -0.014258482331455173 -0.012567871606755749 -0.0040497043785523148 0.026931309880917607 0.00945007711692567 0.021836326578926563 0.014937907274657962 0.015628319009385692 0.0054177897875016534 -0.010463721563682601 0.032834156587662415 0.010725725041859367 0.031620686957121877
leaf_weight=1091.7576366886497 64.559637606143951 301.71996821463108 1180.5023765265942 1551.6752159893513 117.12127055227757 111.80031154304743 3576.1945589259267 1078.7136932834983 5917.4193246364594 494.44754815101624 48.592349022626877 174.1532441675663 765.23763740062714 1313.0371836721897 1453.935334764421 2108.2695610448718 2910.1381912976503 1629.9995326027274 2706.7464854195714 693.66913340985775 2542.4469897598028 833.8497231900692 2558.2775979340076 1752.5485601276159 45.514030627906322 2015.0001312345266 1587.0206543207169 1022.5209018588066 2715.0036741793156 96.417517155408859
leaf_count=7637 254 1487 7007 12505 522 752 28267 7493 60441 2433 317 515 3668 9718 9013 15362 25484 15750 23983 5458 9476 4155 11164 8530 377 13190 14000 3226 15831 389
internal_value=-5.37936e-05 0.0161243 -0.00922628 -0.0042341 0.0241257 -0.0143603 -0.00707364 0.00916729 -0.0157822 0.00212199 0.00695758 0.0287543 0.0192022 -0.00129518 0.00649529 -0.0043388 -0.012017 -0.0177787 -0.0107243 -0.00762455 0.0263106 0.0138783 0.020921 0.0131686 -0.00283806 0.00384383 -0.00970723 0.0341851 0.0104433 0.0252804
internal_weight=44458.3 16086.2 28372.1 14384.8 7481.48 13987.3 9942.89 8604.69 11549.3 4441.92 5857.31 3856.24 3625.24 2493.54 1948.38 5684.46 4001.9 7547.42 4258.42 2438 2659.57 2747.38 2860 2586.4 739.183 3093.71 1698.82 1196.67 2763.6 160.977
internal_count=318404 80217 238187 108288 30058 129899 80117 50159 109312 28171 36831 13739 16319 16725 11446 43629 33121 76191 36488 20587 9998 13328 12651 12685 5835 20683 14752 3741 16148 643
is_linear=0
shrinkage=0.03


Tree=45
num_leaves=31
num_cat=0
split_feature=0 7 0 3 0 13 3 3 14 11 0 6 0 14 0 11 13 2 11 13 13 5 4 5 11 3 12 9 11 12
split_gain=6271.44 996.869 797.194 389.514 216.765 169.949 148.917 113.469 92.4585 78.3023 61.251 57.6167 57.3613 53.8855 52.3554 47.5611 42.9324 37.9855 36.913 33.7968 33.5017 29.4897 27.7868 27.0897 21.1784 20.5959 18.0844 14.4793 12.9954 10.0523
threshold=0.35337957739830023 0.45044179260730749 0.55948734283447277 0.18978910893201831 0.26322270929813391 0.26469109952449804 0.452532708644867 0.6425803303718568 0.21340389549732211 0.16891338676214221 0.21880255639553073 0.22318232059478763 0.26322270929813391 0.22972033917903903 0.039447518065571792 0.1727382764220238 0.5463436245918275 0.053667506203055389 0.15811298042535785 0.27006940543651586 0.42164202034473425 0.18808510154485705 0.06815050914883615 0.065701525658369078 0.11086300387978555 0.43613128364086157 0.4162259995937348 0.2452054247260094 0.11960313096642496 0.27004173398017889
decision_type=2 2 2 2 2 2 2 2 2 2 2 2 2 2 2 2 2 2 2 2 2 2 2 2 2 2 2 2 2 2
left_child=1 3 6 14 8 10 9 18 23 26 -5 -10 -7 28 -1 29 -11 24 27 -16 -20 -15 -19 -3 -9 -17 -2 -4 -8 -6
right_child=2 4 7 5 15 12 13 17 11 16 -12 -13 -14 21 19 25 -18 22 20 -21 -22 -23 -24 -25 -26 -27 -28 -29 -30 -31
leaf_value=-0.015329959649814448 -0.001398105465870807 0.010583457483804876 0.020286504939506858 0.00061874573945315862 -0.0078124067959678429 -0.0059332161511820103 -0.0046387998315497187 0.018179919933570078 -0.014625205247106659 0.006762208184645852 0.0069158277418708359 -0.0087539927219524843 0.00021719483758717809 0.018325819003491086 -0.0055922272991576882 -0.0041967680756306303 0.020709085566926109 0.035330064653720093 0.018935974356023871 -0.011414349653968767 0.02902478930906089 0.012842116017670043 0.023086776593863895 -0.018168307084526058 0.032425231922597803 0.011031024331526303 -0.01384894201775861 0.0054552061731985811 0.006893455608358562 -0.014607317613525931
leaf_weight=1181.8829736635089 390.73503869771957 29.652292959392071 79.138411164283752 2564.3071240335703 313.44825828820467 3257.1093010827899 110.11024139821529 103.20039631426334 4939.2500843629241 5171.7766702622175 3036.2652973681688 2163.0961804017425 2348.995189152658 1300.5197172909975 2108.4152205660939 1992.1898110210896 206.57750149071217 184.44620740413666 3001.5127615332603 1562.2063976824284 328.66696336865425 2746.5654841810465 1747.2323386073112 5487.6272414624691 1045.3288895338774 83.278930991888046 143.56675400584936 235.64372864365578 436.84893137216568 522.72323272377253
leaf_count=8854 2867 263 407 15265 2788 22809 726 387 42652 27875 15697 17634 14983 6383 13719 14518 1273 562 11688 11367 1414 12381 5845 52718 3361 569 1085 1177 2414 4664
internal_value=-3.77523e-05 -0.00797891 0.0145204 -0.00273803 -0.0133979 0.000336406 0.00935799 0.0225857 -0.0151003 0.00620975 0.00403261 -0.0128371 -0.00335615 0.0134098 -0.00983833 -0.00601945 0.00729789 0.0268247 0.0190035 -0.00807011 0.0199317 0.0146043 0.0242558 -0.0180138 0.0311452 -0.00358575 -0.00474364 0.0091839 0.00457186 -0.0120602
internal_weight=48822.3 31590.4 17231.9 16059.2 15531.3 11206.7 10506.7 6725.17 12619.6 5912.66 5600.57 7102.35 5606.1 4594.04 4852.5 2911.64 5378.35 3080.21 3644.96 3670.62 3330.18 4047.09 1931.68 5517.28 1148.53 2075.47 534.302 314.782 546.959 836.171
internal_count=318345 238500 79845 102694 135806 68754 55004 24841 113267 33100 30962 60286 37792 21904 33940 22539 29148 10155 14686 25086 13102 18764 6407 52981 3748 15087 3952 1584 3140 7452
is_linear=0
shrinkage=0.03


Tree=46
num_leaves=31
num_cat=0
split_feature=1 1 7 1 1 13 7 11 1 1 4 1 1 13 7 12 11 10 12 10 11 11 11 7 2 5 9 5 0 1
split_gain=8874.49 1420.72 1329.75 525.366 258.161 248.039 243.082 122.32 89.7725 85.0635 73.4628 69.4319 57.3283 63.2377 53.9421 42.7378 36.1343 32.0399 31.1206 31.8994 25.7465 24.391 23.341 23.0305 19.6579 17.6133 17.5544 17.3375 10.1386 9.41829
threshold=0.40444536507129675 0.24503919482231143 0.46886366605758673 0.61323612928390514 0.15132067352533343 0.27186726033687597 0.32622735202312475 0.15082093328237536 0.32724878191947943 0.51676180958747875 0.089563671499490752 0.60769498348236095 0.75376111268997203 0.36408364772796636 0.18988862633705142 0.40473608672618872 0.15082093328237536 0.47398944199085241 0.32324843108654028 0.22989240288734439 0.12964457273483279 0.15811298042535785 0.15082093328237536 0.52113211154937755 0.31711405515670782 0.2232126668095589 0.31013903021812445 0.31296186149120336 0.041369054466485984 0.06097793951630593
decision_type=2 2 2 2 2 2 2 2 2 2 2 2 2 2 2 2 2 2 2 2 2 2 2 2 2 2 2 2 2 2
left_child=1 4 6 9 10 18 11 27 22 20 29 15 13 -8 26 -2 -16 -12 28 -20 -4 -10 -7 -9 -11 -13 -6 -5 -3 -1
right_child=2 5 3 7 14 8 12 23 21 24 17 25 -14 -15 16 -17 -18 -19 19 -21 -22 -23 -24 -25 -26 -27 -28 -29 -30 -31
leaf_value=-0.029123730446256435 -0.0017276337865003339 -0.011619369221073048 0.012533175918897613 0.019391554530225959 -0.01278734535138174 0.00344202020452493 0.0025472171250487553 0.010909479828515376 0.0078107464276580569 0.01137373559584361 -0.020517218263370267 -0.00057666823925025125 0.0097390515693031084 0.0075926809555974008 -0.00072972032632507352 -0.0076658276666809484 -0.01310796961303182 -0.0080836569988108099 -0.013135633755698753 -0.0085209268965622219 0.0048886781984580196 -0.0011772434573060606 -0.0064952834880270529 0.01478934874001782 0.0048627757997242753 0.0052569305946480035 -0.018481657546206162 0.011653075899446128 -0.0048078728265567271 -0.025088130469598742
leaf_weight=822.70188689231873 3171.7786038219929 241.48078519105911 429.39484158158302 8002.3138297200203 594.14441481232643 222.34916451573372 6428.178184017539 1820.5944141447544 283.71672388911247 4742.0830420553684 4826.3332505226135 772.42762097716331 2120.967239767313 3427.9506748020649 221.04588636755943 1662.5761724114418 5332.6514568924904 194.02600115537643 3257.6152179837227 2299.9787213802338 5178.8535032719374 6435.2247988134623 4916.4542312026024 5650.2604164630175 457.61180375516415 1173.4732085615396 2708.0596332252026 269.33525687456131 1059.8036896884441 1416.7885975837708
leaf_count=2199 11536 797 1961 44578 1735 823 26370 8754 1154 22973 13333 3068 9774 14618 747 5743 15964 590 9959 7459 21965 23923 16389 28763 2048 4780 7688 1369 3452 3833
internal_value=5.65831e-05 -0.0113292 0.00880991 0.0131298 -0.0178586 -0.00570713 0.00269528 0.0166264 -0.00308054 0.00803667 -0.0220523 -0.00184377 0.00526484 0.00430202 -0.0144207 -0.00376983 -0.0126153 -0.0200367 -0.010248 -0.0112259 0.00547398 -0.000797713 -0.00606531 0.0138439 0.0108007 0.00294128 -0.0174571 0.0191396 -0.00607189 -0.0265707
internal_weight=80140.2 34832.4 45307.8 26550.4 16115.8 18716.6 18757.4 15742.5 11857.7 10807.9 7259.85 6780.26 11977.1 9856.13 8855.9 4834.35 5553.7 5020.36 6858.88 5557.59 5608.25 6718.94 5138.8 7470.85 5199.69 1945.9 3302.2 8271.65 1301.28 2239.49
internal_count=318345 110045 208300 132411 46089 63956 75889 83464 42289 48947 19955 25127 50762 40988 26134 17279 16711 13923 21667 17418 23926 25077 17212 37517 25021 7848 9423 45947 4249 6032
is_linear=0
shrinkage=0.03


Tree=47
num_leaves=31
num_cat=0
split_feature=2 2 8 13 2 2 10 2 7 2 2 1 2 11 2 2 6 9 7 11 11 13 1 11 11 5 2 13 8 8
split_gain=6929.68 888.097 764.846 244.904 154.554 153.015 102.667 99.835 95.5134 65.9441 63.6268 38.5736 34.8909 34.0773 30.3053 29.77 28.754 27.7378 26.0077 25.5238 24.0349 22.4816 20.5081 20.5052 20.0012 24.3204 19.4611 17.9344 17.2169 13.2022
threshold=0.31409738957881933 0.52385285496711742 0.22745077311992648 0.24537940323352816 0.73010173439979564 0.16064437478780749 0.42929762601852423 0.18522340804338458 0.19347756356000903 0.21064315736293796 0.40472900867462164 0.36312027275562292 0.24742724001407626 0.52744856476783764 0.85213345289230358 0.25641587376594549 0.13388747721910479 0.34363074600696569 0.28924053907394415 0.45451965928077703 0.23816793411970141 0.31343831121921545 0.34265351295471197 0.60148230195045482 0.44557926058769232 0.45239445567131048 0.10496879741549493 0.23240657895803454 0.1317754536867142 0.4771218746900559
decision_type=2 2 2 2 2 2 2 2 2 2 2 2 2 2 2 2 2 2 2 2 2 2 2 2 2 2 2 2 2 2
left_child=2 8 5 9 13 6 18 21 24 11 17 -4 22 20 23 -9 -12 -10 -1 -11 -3 -5 -7 -6 25 -2 -8 -15 -14 -26
right_child=1 4 3 7 14 12 26 15 10 19 16 -13 28 27 -16 -17 -18 -19 -20 -21 -22 -23 -24 -25 29 -27 -28 -29 -30 -31
leaf_value=-0.008333163748416552 0.01507356792959522 0.0092523722526745324 0.0023621838906630571 -0.0073561145653864204 0.028534116512964718 -0.00040606544818305073 -0.019186761968831626 -0.0058858794237942567 0.0036839684689341482 0.0079981394263674913 0.0032992601903036492 -0.0051630824377585424 0.014339200929454796 0.017230052997949396 0.033768401538339585 -0.0012553160691557866 0.011734017236216743 0.009811157694539132 -0.013553417955654479 0.0005303048578533322 0.021853100946960656 -0.011794975865272764 -0.010833563906144672 0.020828250276493012 0.0065655553338909095 0.02524303193248674 -0.015952847687682781 0.0076079643326676634 -0.0038004288479733888 0.014784622516743473
leaf_weight=1281.3080596625805 664.70704407989979 141.81092327833176 1164.5935002267361 1622.4856615066528 1424.8286809772253 184.4799375757575 4246.107990257442 3126.3557705655694 3036.0849321335554 1380.4110863432288 415.74141381680965 1294.4228966459632 50.423839122056961 864.21789091825485 830.23793742060661 2081.4774748086929 2908.2405241876841 851.43311884999275 2605.6674083247781 587.09039440006018 3465.947661280632 2797.4297089129686 2125.8291031494737 397.49001766741276 274.67153789103031 310.52399329841137 2765.5625549852848 218.39339426159859 712.52804496139288 489.08295461535454
leaf_count=9021 3015 692 6869 13139 4888 1267 44759 24782 20153 7651 2574 9633 417 3788 2472 15190 15729 4858 23494 3822 14393 25057 19357 1397 1296 1348 28134 1047 5638 2465
internal_value=-6.07277e-05 0.0154973 -0.00910563 -0.00416423 0.0232301 -0.0140762 -0.0157433 -0.00684948 0.00915344 0.00167622 0.00763161 -0.00159911 -0.008164 0.019957 0.0290177 -0.00403513 0.0106791 0.00502593 -0.0118326 0.00576978 0.0213578 -0.0101655 -0.0100009 0.0268533 0.0154644 0.0183116 -0.0179112 0.015289 -0.00260157 0.0118288
internal_weight=44319.6 16293.4 28026.2 14054.3 7342.93 13971.9 10898.6 9627.75 8950.49 4426.52 7211.5 2459.02 3073.26 4690.37 2652.56 5207.83 3323.98 3887.52 3886.98 1967.5 3607.76 4419.92 2310.31 1822.32 1738.99 975.231 7011.67 1082.61 762.952 763.754
internal_count=318345 80115 238230 106143 28677 132087 105408 78168 51438 27975 43314 16502 26679 19920 8757 39972 18303 25011 32515 11473 15085 38196 20624 6285 8124 4363 72893 4835 6055 3761
is_linear=0
shrinkage=0.03


Tree=48
num_leaves=31
num_cat=0
split_feature=0 7 3 3 0 13 3 0 10 13 12 14 0 0 13 11 6 2 14 13 0 0 11 4 11 11 12 3 3 12
split_gain=5871.71 897.76 825.714 341.919 175.046 155.104 152.379 112.072 97.1155 88.4513 54.755 76.6747 51.5064 49.5313 45.7231 41.6379 38.666 38.0654 33.2578 32.7823 31.968 29.1729 33.4131 26.6071 26.488 26.4361 16.7992 14.3942 12.7647 8.88616
threshold=0.33913068473339086 0.45044179260730749 0.51073440909385692 0.18978910893201831 0.2612146139144898 0.26469109952449804 0.63086462020874035 0.4171122163534165 0.48916459083557134 0.31756132841110235 0.26368670165538793 0.23472501337528232 0.039447518065571792 0.2045852988958359 0.36408364772796636 0.1727382764220238 0.18937000632286075 0.058795841410756118 0.090386219322681441 0.27006940543651586 0.19578295946121219 0.64417013525962841 0.19553725421428683 0.06815050914883615 0.11291329190135004 0.1443375572562218 0.33678930997848516 0.41530752182006841 0.43613128364086157 0.27004173398017889
decision_type=2 2 2 2 2 2 2 2 2 2 2 2 2 2 2 2 2 2 2 2 2 2 2 2 2 2 2 2 2 2
left_child=1 3 7 12 8 13 21 9 16 27 18 -12 -1 -5 -7 29 -3 24 -9 -14 -10 22 -4 -19 -8 -11 -23 -2 -17 -6
right_child=2 4 6 5 15 14 17 10 20 25 11 -13 19 -15 -16 28 -18 23 -20 -21 -22 26 -24 -25 -26 -27 -28 -29 -30 -31
leaf_value=-0.015203480001578527 0.0067308176270570912 -0.01486555010214268 0.0055375285237147633 0.00016175769195211199 -0.008083270589281235 -0.0020671576955781984 0.015232504596887178 -0.001584966120176691 -0.018368157621370507 -0.0078618793402394881 -0.00033150371401297995 0.010905771404597305 -0.0055206499076878657 0.0060261556654574505 -0.008456591532453258 -0.0043570755172252845 -0.0094258616729944542 0.033152184028301446 0.020183933003510901 -0.011275902020821701 -0.014029325379777243 0.02815280563462226 0.01615548039219222 0.021386954986291871 0.029826634234032767 0.0016365862589122621 0.018996190193299334 0.011657774628651812 0.0097591019081831615 -0.014740853851126095
leaf_weight=1166.3193035051227 1344.8414095044136 1986.0054485425353 292.53286096453667 2246.41972450912 290.1456203982234 3866.3612781092525 122.00698909163475 69.702847465872765 5232.594470076263 297.38624487072229 633.17858456075191 3990.9477473944426 2100.8032990768552 3064.4123686552048 1363.4411449208856 1768.935810662806 2883.6244992539287 189.24174630641937 673.20326352119446 1546.4332111552358 2158.8603677749634 218.37270580232143 3024.4847686141729 2015.3803809583187 1354.7418553978205 2329.0231699720025 1035.0274620354176 884.7755588516593 59.594784677028656 477.19465200603008
leaf_count=8854 6955 17578 1561 13480 2649 25845 461 453 50818 2429 3723 18707 13719 15915 9771 13129 23962 570 3655 11367 20213 867 12767 6825 4432 14710 3746 4389 409 4386
internal_value=-3.08847e-05 -0.00817809 0.0132919 -0.003091 -0.0134354 -6.56926e-05 0.0203512 0.0075938 -0.0149338 0.00429158 0.0105816 0.00936706 -0.00971576 0.00354558 -0.00373292 -0.00635832 -0.0116444 0.0248936 0.0181415 -0.00796088 -0.0171009 0.0166924 0.0152191 0.0223969 0.0286209 0.000561083 0.0205915 0.00868597 -0.00389701 -0.0122235
internal_weight=48686 30211.1 18474.8 15354.2 14857 10540.6 8251.79 10223.1 12261.1 4856.03 5367.03 4624.13 4813.56 5310.83 5229.8 2595.87 4869.63 3681.37 742.906 3647.24 7391.45 4570.42 3317.02 2204.62 1476.75 2626.41 1253.4 2229.62 1828.53 767.34
internal_count=318345 232095 86250 98951 133144 65011 31229 55021 112571 28483 26538 22430 33940 29395 35616 20573 41540 12288 4108 25086 71031 18941 14328 7395 4893 17139 4613 11344 13538 7035
is_linear=0
shrinkage=0.03


Tree=49
num_leaves=31
num_cat=0
split_feature=1 1 7 1 1 13 7 11 1 1 4 1 1 13 7 12 11 10 12 10 11 7 7 11 12 5 5 9 1 0
split_gain=8246.52 1314.77 1272.63 511.855 242.434 229.485 227.927 122.15 82.6839 80.7957 70.4846 64.3014 54.2849 71.6936 50.6821 39.8377 33.5115 30.2326 28.9876 29.5836 24.6198 23.3575 22.7092 21.7301 19.5315 17.4464 16.8859 16.3364 12.9487 9.82335
threshold=0.40444536507129675 0.24503919482231143 0.46886366605758673 0.61323612928390514 0.15132067352533343 0.27186726033687597 0.32622735202312475 0.15082093328237536 0.32724878191947943 0.51676180958747875 0.089563671499490752 0.60769498348236095 0.68834036588668834 0.36408364772796636 0.18988862633705142 0.40473608672618872 0.15082093328237536 0.47398944199085241 0.32324843108654028 0.22049759328365329 0.15082093328237536 0.41100020706653601 0.52113211154937755 0.15082093328237536 0.32205547392368322 0.31296186149120336 0.2232126668095589 0.31013903021812445 0.82490086555480968 0.041369054466485984
decision_type=2 2 2 2 2 2 2 2 2 2 2 2 2 2 2 2 2 2 2 2 2 2 2 2 2 2 2 2 2 2
left_child=1 4 6 9 10 18 11 25 23 20 -1 15 13 -8 27 -2 -16 -12 29 -20 -4 -10 -9 -7 -11 -5 -13 -6 -14 -3
right_child=2 5 3 7 14 8 12 22 21 24 17 26 28 -15 16 -17 -18 -19 19 -21 -22 -23 -24 -25 -26 -27 -28 -29 -30 -31
leaf_value=-0.025589865408715658 -0.0016573144430097554 -0.011226346212950539 0.011255576954069072 0.019170414635848034 -0.012238447246910544 0.003396572195273504 0.0018124809979002065 0.010628184694696421 -0.0026278655531701165 0.0093705033733569761 -0.019667970696344485 -0.0006096763772080806 0.0071152377352016244 0.0074234780151016724 -0.00061809298410180796 -0.0073783339391874543 -0.012524056836090685 -0.0076282415347323556 -0.012785740822458706 -0.00841440701320402 0.004651613877696071 0.00091508126265326317 0.014511730588871325 -0.0061970588505866229 0.013473220728949315 0.011335072083263948 0.0051097936580466316 -0.017713202895796778 0.011192336702967745 -0.0045431529768041774
leaf_weight=2246.4462656378746 3176.897943392396 243.12137266993523 565.38963045179844 7790.6731333136559 598.0756059885025 222.0314262509346 5519.1525855958462 1793.9088191241026 3140.7624648213387 3668.6372620612383 4855.5772920846939 771.65235856175423 2064.6788414567709 3260.0647840350866 221.54083752632141 1671.9592946022749 5373.4461604356766 195.25711119174957 2984.9301387667656 2613.2203814983368 5010.8559017926455 3587.7711219191551 5540.6209047138691 4944.5759370774031 1459.9057389199734 264.44155763089657 1167.4161930978298 2728.056279450655 1061.5307303071022 1065.121671795845
leaf_count=6032 11536 797 2616 44578 1735 823 22436 8754 11395 17736 13333 3068 9366 13948 747 5743 15964 590 9034 8384 21310 13682 28763 16389 7285 1369 4780 7688 5012 3452
internal_value=5.1062e-05 -0.0108547 0.00857837 0.0128586 -0.0171134 -0.00545592 0.00260357 0.0163628 -0.00293045 0.0078207 -0.0211689 -0.00178355 0.0051049 0.00389606 -0.0137961 -0.00363001 -0.0120526 -0.0192025 -0.00980564 -0.0107452 0.00532121 -0.000738705 0.0135619 -0.00578478 0.0105384 0.0189132 0.00283373 -0.0167288 0.00849965 -0.00578514
internal_weight=79807.7 35019.9 44787.8 26094.4 16218.4 18801.5 18693.4 15389.6 11895.1 10704.8 7297.28 6787.93 11905.4 8779.22 8921.12 4848.86 5594.99 5050.83 6906.39 5598.15 5576.25 6728.53 7334.53 5166.61 5128.54 8055.11 1939.07 3326.13 3126.21 1308.24
internal_count=318345 110045 208300 132411 46089 63956 75889 83464 42289 48947 19955 25127 50762 36384 26134 17279 16711 13923 21667 17418 23926 25077 37517 17212 25021 45947 7848 9423 14378 4249
is_linear=0
shrinkage=0.03


Tree=50
num_leaves=31
num_cat=0
split_feature=2 2 8 13 2 2 2 7 2 10 2 1 2 13 14 2 6 6 2 9 11 11 11 10 8 11 2 0 8 3
split_gain=6488.22 800.832 743.523 273.083 139.719 127.853 119.8 84.6784 74.1907 65.5538 58.6385 35.0396 31.9342 31.801 31.7653 28.4607 26.3984 25.8469 25.6806 25.1054 23.3281 18.8154 18.0832 16.9299 16.8629 16.0808 15.8095 15.3101 12.587 12.5691
threshold=0.31409738957881933 0.52385285496711742 0.20272538065910342 0.24537940323352816 0.73010173439979564 0.19479987025260928 0.16064437478780749 0.19347756356000903 0.21064315736293796 0.45424275100231176 0.40472900867462164 0.36312027275562292 0.2587514221668244 0.31343831121921545 0.50082010030746471 0.85213345289230358 0.13388747721910479 0.11322120204567911 0.24742724001407626 0.34363074600696569 0.45451965928077703 0.60148230195045482 0.44557926058769232 0.20079764723777774 0.1317754536867142 0.37401492893695837 0.10496879741549493 0.025886719115078453 0.4771218746900559 0.20517668873071673
decision_type=2 2 2 2 2 2 2 2 2 2 2 2 2 2 2 2 2 2 2 2 2 2 2 2 2 2 2 2 2 2
left_child=2 7 6 8 14 13 9 22 11 23 19 -4 -7 -5 17 21 -12 -3 29 -9 -10 -6 25 -1 -20 -2 -11 -16 -24 -8
right_child=1 4 3 5 15 12 18 10 20 26 16 -13 -14 -15 27 -17 -18 -19 24 -21 -22 -23 28 -25 -26 -27 -28 -29 -30 -31
leaf_value=-0.0082365785605464144 0.012945980555028771 0.010255867304198999 0.0013416503038014007 -0.0072169526431555015 0.027057426830526626 -0.0058967780994062646 -0.0059352502836933323 0.0036038008367077711 0.0076013318001572645 -0.01938291970992826 0.0032238315040201328 -0.0053097272395818121 -0.0011805733923858641 -0.011765881223494394 0.02351988033103317 0.032107961684444741 0.011291390720834491 0.020782372898773719 0.014156065362915174 0.0094069078618469922 0.00049266113563920346 0.019742384221690914 0.006152461281004603 -0.013901348484794919 -0.0041512830646588134 0.020666193539101704 -0.016202348731211246 0.01229835711503899 0.014128333569827196 -0.011891750265679469
leaf_weight=581.36443288624287 422.51025243103504 222.71306045353413 1412.9112255871296 2056.1883592233062 1454.3730132579803 3152.3361643254757 448.77702618390322 3044.0814819708467 1417.156631052494 3762.5268244817853 416.77590015530586 1438.5916009768844 2189.7300825640559 4225.5327338576317 127.68208119273186 844.2663905620575 2940.4178185611963 3658.6224957704544 50.662381045520306 860.64414070546627 587.80577781796455 404.47310364246368 277.71378795802593 2590.9713388681412 426.37726659327745 570.97217421233654 2246.2475120648742 765.27873550355434 496.35071307420731 1101.1348655298352
leaf_count=4054 1843 1050 8385 16728 4888 25297 4429 20153 7778 41125 2574 10799 16096 38596 604 2472 15729 14942 417 4858 3822 1397 1296 23656 3434 2520 23703 3324 2465 9911
internal_value=-5.81847e-05 0.014829 -0.00893344 -0.00487925 0.0220903 -0.00737542 -0.0148947 0.00881582 0.00109523 -0.016352 0.00738252 -0.00201399 -0.00396359 -0.0102769 0.0190046 0.0275403 0.0102899 0.0201784 -0.00829367 0.00488287 0.00551724 0.0254657 0.0147045 -0.0128632 -0.00220701 0.0173829 -0.0181939 0.0139029 0.0112668 -0.010167
internal_weight=44195.2 16506.9 27688.3 16480.3 7477.41 11623.8 11208.1 9029.47 4856.47 9181.11 7261.92 2851.5 5342.07 6281.72 4774.3 2703.11 3357.19 3881.34 2026.95 3904.73 2004.96 1858.85 1767.55 3172.34 477.04 993.482 6008.77 892.961 774.065 1549.91
internal_count=318345 80115 238230 127501 28677 96717 110729 51438 30784 92538 43314 19184 41393 55324 19920 8757 18303 15992 18191 25011 11600 6285 8124 27710 3851 4363 64828 3928 3761 14340
is_linear=0
shrinkage=0.03


Tree=51
num_leaves=31
num_cat=0
split_feature=3 7 3 3 3 3 13 1 11 11 3 2 7 9 2 12 3 11 12 12 4 3 10 1 13 13 1 2 11 3
split_gain=5494.86 713.999 703.245 321.186 220.69 172.274 149.176 91.1487 76.3827 55.7431 54.4192 52.91 44.7069 36.2611 35.61 31.911 30.2129 30.1468 27.7801 27.2088 24.6273 23.5248 21.5226 20.0953 19.5651 14.0778 11.5415 10.9205 9.33232 8.4564
threshold=0.37745137512683874 0.47347196936607366 0.49605485796928411 0.17385536432266238 0.25975206494331365 0.63086462020874035 0.36408364772796636 0.54964467883110057 0.16528243571519854 0.16528243571519854 0.26952803134918218 0.12499197199940683 0.19732166081666949 0.2137410566210747 0.055034095421433456 0.24096406251192096 0.43927228450775152 0.11728821694850923 0.24096406251192096 0.40634092688560491 0.06815050914883615 0.30530023574829107 0.52637043595314037 0.24904029816389087 0.26469109952449804 0.72764036059379589 0.41463072597980505 0.044856579974293716 0.29901394248008734 0.20655355602502826
decision_type=2 2 2 2 2 2 2 2 2 2 2 2 2 2 2 2 2 2 2 2 2 2 2 2 2 2 2 2 2 2
left_child=1 3 8 15 9 17 10 11 18 29 -5 -6 28 -11 22 -1 -14 26 25 -9 -16 -8 -7 -19 -17 -2 -4 -20 -10 -3
right_child=2 4 5 6 7 14 21 19 12 13 -12 -13 16 -15 20 24 -18 23 27 -21 -22 -23 -24 -25 -26 -27 -28 -29 -30 -31
leaf_value=-0.013933584662067301 0.016618289236013391 -0.019280036721563559 0.0069004893896871906 -0.0020770334345030631 0.0081456913172818918 0.028543120005333367 -0.010660074130103576 -0.0095706734893897891 0.00036267462420844942 -0.015865442177756518 0.002469204258047471 -0.0050115227729315868 0.0049819984708986157 -0.010912847307706367 0.031595977076607204 -0.0065973546235167813 0.0090506264425652024 0.017891218387944816 0.0093863575532988301 -0.016657831307600967 0.020567892513363085 -0.0043349621772575458 0.013363227491401196 0.014214914529710444 -0.011640659484306985 -0.0024980164475235577 -0.013005668551113061 -0.0087975765150840445 0.01297517258409572 -0.016416766040020056
leaf_weight=1553.5899966135621 76.370798602700233 2453.7310252264142 152.87082996964455 4066.3022424429655 321.55519379675388 1286.0370795428753 1301.1518380790949 1820.9067136794329 54.912211894989014 2778.124910145998 5679.443574860692 1903.0316074490547 4009.0583185702562 2553.3843103349209 198.85068348050117 1741.3850468248129 2782.833770878613 2372.1048428118229 32.113494142889977 665.80244576185942 2182.5950299203396 892.03038372844458 89.941239103674889 3070.1587763503194 1149.1558659002185 63.49845215678215 31.639155611395836 399.50099858641624 1372.3239882141352 1493.2992029860616
leaf_count=12041 511 25370 790 25859 2252 4150 9702 16730 239 25092 33017 13881 23028 22566 588 11599 14334 8657 237 6467 7291 6080 348 14102 8656 466 217 2992 5866 15217
internal_value=-2.43079e-05 -0.00783172 0.0130231 -0.00358126 -0.0128093 0.0187346 -0.00101847 -0.00752148 0.0069259 -0.0154943 0.000572338 -0.0031097 0.00766329 -0.0134935 0.0237087 -0.0104661 0.00664903 0.015413 -0.00367933 -0.0114682 0.0214887 -0.00808747 0.0275509 0.0158173 -0.00860236 0.00793979 0.00348705 -0.00744463 0.0124899 -0.0181968
internal_weight=48547.7 30372.9 18174.8 16383.1 13989.8 9384.2 11938.9 4711.3 8790.61 9278.54 9745.75 2224.59 8219.13 5331.51 3757.42 4444.13 6791.89 5626.77 571.484 2486.71 2381.45 2193.18 1375.98 5442.26 2890.54 139.869 184.51 431.614 1427.24 3947.03
internal_count=318345 234529 83816 106954 127575 36143 74658 39330 47673 88245 58876 16133 43467 47658 12377 32296 37362 23766 4206 23197 7879 15782 4498 22759 20255 977 1007 3229 6105 40587
is_linear=0
shrinkage=0.03


Tree=52
num_leaves=31
num_cat=0
split_feature=1 1 7 1 13 7 4 11 1 1 1 1 13 1 11 13 1 9 10 11 7 11 14 2 11 5 7 3 7 10
split_gain=7663.77 1218.3 1217.72 499.043 222.582 213.041 209.902 122.152 87.4823 76.738 59.4065 51.669 58.3198 51.4654 47.8381 37.5915 34.6867 28.186 32.9221 23.9 22.3594 22.2719 21.2186 19.4777 19.0261 17.5285 16.4259 16.1659 10.6078 7.51547
threshold=0.40444536507129675 0.23720019310712817 0.46886366605758673 0.61323612928390514 0.27186726033687597 0.32622735202312475 0.13149446249008181 0.15082093328237536 0.32724878191947943 0.51676180958747875 0.60769498348236095 0.75376111268997203 0.36408364772796636 0.078325837850570693 0.14746981114149096 0.29953514039516455 0.1762252822518349 0.33183093369007116 0.22989240288734439 0.12964457273483279 0.52113211154937755 0.15811298042535785 0.22799652069807055 0.04126353561878205 0.1443375572562218 0.31296186149120336 0.081495925784111037 0.52102175354957592 0.36821614205837255 0.18260596692562106
decision_type=2 2 2 2 2 2 2 2 2 2 2 2 2 2 2 2 2 2 2 2 2 2 2 2 2 2 2 2 2 2
left_child=1 6 5 9 17 10 13 25 22 19 15 12 -7 -1 23 -2 -16 28 -19 -4 -9 -10 -6 -8 -11 -5 -15 -12 -3 -13
right_child=2 4 3 7 8 11 14 20 21 24 27 29 -14 26 16 -17 -18 18 -20 -21 -22 -23 -24 -25 -26 -27 -28 -29 -30 -31
leaf_value=-0.025471650568217975 -0.0044317167606278615 -0.0070258585254535048 0.012060724724767739 0.018954509930544785 -0.00083004763852239239 0.0023445206126961405 -0.011411735765591921 0.010350840598764399 0.0075798319607989573 0.013765805802983574 0.0034999130517539144 -0.0042583431931324444 0.0072194261166846256 -0.02418156399675276 -0.016513204783603401 0.003887174021022522 -0.012812107857522457 -0.012666531018459104 -0.0077742925145894383 0.0046045996275647424 0.014234892491749621 -0.0010454038372085107 -0.0064668291518565919 0.0028397306096971668 0.0093068902088053757 0.011030406783664633 -0.018586496531383192 -0.0070399472714062182 0.0078090593153145238 0.0094886983938333204
leaf_weight=1772.1337352395058 4312.0502647310495 2176.9482064545155 418.50366185605526 7586.9267609864473 685.67982323467731 6385.033049851656 149.22709861397743 1767.9977977126837 281.17202490568161 1100.7875178307295 1791.1388249546289 36.432167112827301 3376.6728785634041 545.86583614349365 4003.2653476595879 551.39311693608761 5291.2231957614422 3186.9380584657192 2024.3512384295464 5125.7126971483231 5433.2232223451138 6455.8694743067026 4868.4548868834972 204.71055608987808 3958.050158277154 259.84374643862247 3501.0879636704922 141.30211190879345 44.262697041034698 2035.4253054112196
leaf_count=4736 15153 6947 1961 44578 2392 26370 445 8754 1154 5820 7318 161 14618 1473 11143 2126 15483 9536 6456 21965 28763 23923 15957 680 19201 1369 9570 530 150 9613
internal_value=4.54298e-05 -0.0104048 0.00835057 0.0125903 -0.00546171 0.00251288 -0.0167081 0.0161028 -0.00298347 0.00760533 -0.00172051 0.00494406 0.0040308 -0.0212081 -0.013994 -0.00348856 -0.0144062 -0.00955999 -0.0107661 0.00516742 0.0132813 -0.000685428 -0.00577095 -0.00316897 0.0102771 0.0186921 -0.0193412 0.00272923 -0.00673024 0.00924697
internal_weight=79471.7 35191.2 44280.5 25651 19723.7 18629.4 15467.5 15048 12291.2 10603.1 6795.88 11833.6 9761.71 5819.09 9648.43 4863.44 9294.49 7432.5 5211.29 5544.22 7201.22 6737.04 5554.13 353.938 5058.84 7846.77 4046.95 1932.44 2221.21 2071.86
internal_count=318345 110045 208300 132411 66515 75889 43530 83464 43426 48947 25127 50762 40988 15779 27751 17279 26626 23089 15992 23926 37517 25077 18349 1125 25021 45947 11043 7848 7097 9774
is_linear=0
shrinkage=0.03


Tree=53
num_leaves=31
num_cat=0
split_feature=2 2 2 13 13 2 2 9 5 2 11 13 4 11 13 11 5 11 13 1 2 0 10 9 10 12 2 1 7 11
split_gain=6080.1 723.794 712.401 299.458 184.564 111.858 87.6067 65.3966 64.8319 56.6968 51.647 46.8901 43.5898 28.3945 28.3037 25.5723 34.2368 21.702 20.3141 17.9862 17.3905 17.3061 15.8515 14.4174 13.64 13.0352 12.6537 12.5331 12.242 9.85019
threshold=0.31409738957881933 0.57220095396041881 0.17330244928598407 0.32603670656681066 0.27678273618221289 0.42605853080749517 0.7711533010005952 0.34363074600696569 0.13420768827199939 0.25641587376594549 0.14101757854223254 0.21464725583791736 0.25523191690444952 0.60148230195045482 0.21464725583791736 0.51652884483337413 0.46027442812919622 0.28397624194622045 0.45904091000556951 0.06097793951630593 0.10592553019523622 0.045568021014332778 0.42929762601852423 0.32807414233684545 0.56564974784851085 0.38844317197799688 0.03484741039574147 0.31791400909423834 0.13387975096702578 0.56440019607543956
decision_type=2 2 2 2 2 2 2 2 2 2 2 2 2 2 2 2 2 2 2 2 2 2 2 2 2 2 2 2 2 2
left_child=2 5 3 8 12 7 13 24 26 22 20 -10 27 17 -9 16 -7 -3 -12 -8 -5 -15 -6 -14 -2 -11 -1 -4 -17 -21
right_child=1 6 4 10 9 15 19 14 11 25 18 -13 23 21 -16 28 -18 -19 -20 29 -22 -23 -24 -25 -26 -27 -28 -29 -30 -31
leaf_value=-0.016374206345419494 0.0037163175216673294 0.010938798210211664 0.0072101838378168517 -0.01953871036711663 -0.0057391162171995932 0.010375573895105159 0.032871550791450835 0.01447614974600811 -0.0010269812134107374 -0.0010961186206671662 -0.012766786528570164 -0.0076828564271973461 -0.003693813165939377 0.0197673187456417 0.0068475666100816044 0.016683657264507233 0.016014236396083445 0.02136767615385508 -0.016441526869753909 0.027910512899123757 -0.015443892218093737 0.00926518735775635 -0.0091480289341378095 0.0016878243789598829 0.0099049715819079787 -0.0091947605808864272 -0.010594211330920124 0.0010341083302697254 0.0065500690863501618 0.02314258866340611
leaf_weight=447.53398540616035 3465.2232655063272 189.57215303182602 1453.0106408298016 3004.0471033677459 2478.4355725497007 1631.979213654995 428.49619373679161 1030.6389824450016 1504.4806687831879 2160.9062899872661 4067.9877695217729 2596.9327128529549 778.38323389738798 243.06738397479057 760.87038812041283 125.60904784500599 2386.0774088203907 3408.4148849844933 2029.2791811451316 951.55947688221931 1354.2354337349534 337.01576896011829 2432.6751779168844 1055.6200152933598 353.19785057008266 195.01059287786484 1430.4265007823706 371.27772068977356 735.7599776238203 660.7594467997551
leaf_count=3786 22106 851 7505 34351 19930 8212 1213 4842 9808 16464 38883 21599 5711 1041 4278 557 11275 12929 20489 3009 15205 1378 22180 7021 2499 1437 11646 2215 3862 2063
internal_value=-5.51479e-05 0.0142044 -0.00876314 -0.01271 -0.00282582 0.00939666 0.0223137 0.0065074 -0.00735515 -0.00559237 -0.0157724 -0.00524135 0.0026698 0.0198252 0.0112362 0.0127185 0.013724 0.0208182 -0.0139898 0.0274084 -0.0182663 0.0136658 -0.00742769 -0.000596237 0.00428876 -0.00176648 -0.0119716 0.00595323 0.0080278 0.0259565
internal_weight=44068.5 16708.2 27360.2 16434.9 10925.3 10489.4 6218.89 5609.93 5979.37 7267.03 10455.5 4101.41 3658.29 4178.07 1791.51 4879.43 4018.06 3597.99 6097.27 2040.82 4358.28 580.083 4911.11 1834 3818.42 2355.92 1877.96 1824.29 861.369 1612.32
internal_count=318345 80115 238230 155767 82463 57631 22484 33725 46839 60011 108928 31407 22452 16199 9120 23906 19487 13780 59372 6285 49556 2419 42110 12732 24605 17901 15432 9720 4419 5072
is_linear=0
shrinkage=0.03


Tree=54
num_leaves=31
num_cat=0
split_feature=0 3 7 3 13 3 0 13 0 7 12 14 11 5 11 2 0 13 0 11 14 12 11 4 5 14 12 13 2 3
split_gain=5190.56 843.499 764.268 281.685 179.142 149.845 120.623 101.361 101.111 74.9435 56.4914 55.4091 45.947 38.064 35.7839 34.227 31.1601 29.7729 29.6177 34.0792 29.1495 28.8177 22.9894 22.638 20.4654 19.4759 14.8942 10.4223 8.19638 6.78384
threshold=0.31576453149318701 0.49605485796928411 0.50031673908233654 0.16311249136924746 0.36736223101615911 0.63086462020874035 0.4171122163534165 0.33327458798885351 0.24442366510629657 0.24802430719137195 0.26368670165538793 0.23472501337528232 0.16528243571519854 0.25277000665664678 0.21334102749824527 0.058795841410756118 0.039447518065571792 0.27006940543651586 0.65600726008415233 0.20631557703018191 0.090386219322681441 0.31656451523303991 0.11291329190135004 0.06815050914883615 0.20039091259241107 0.25647008419036871 0.33678930997848516 0.53873398900032055 0.046481056138873107 0.21467471867799762
decision_type=2 2 2 2 2 2 2 2 2 2 2 2 2 2 2 2 2 2 2 2 2 2 2 2 2 2 2 2 2 2
left_child=2 6 3 16 9 18 7 25 12 -5 20 -12 29 -14 28 22 -1 -18 19 -3 -8 -9 -7 -17 -6 -2 -20 -16 -10 -4
right_child=1 5 8 4 24 15 10 21 14 -11 11 -13 13 -15 27 23 17 -19 26 -21 -22 -23 -24 -25 -26 -27 -28 -29 -30 -31
leaf_value=-0.014802200613771039 -0.0021842342929250503 0.0062874558084458562 -0.019098289394043517 0.0034191010100919008 -0.0029010795142124148 0.013809547712854786 -0.0025141273247643093 0.0014457419910431533 0.00038325741941096621 -0.0021189697539552134 -0.00067764774900517003 0.0094960019089366018 -0.011331319048616071 -0.016527851964620002 -0.005833744443390753 0.030090622632109872 -0.006371605525681689 -0.012375604909909313 0.026529174176812543 0.014732679131110765 0.01913870111630998 -0.0045637667022987083 0.027231772648489045 0.019408190355096739 -0.010749890445733618 0.0075420293409701302 0.017619718512475353 0.0018971488633410635 -0.012887986899574646 -0.016650769940488818
leaf_weight=1317.7960072830319 197.33238437771797 483.23843176662922 2512.6668311953545 3299.0409315377474 352.89884072542191 125.09516704082489 61.227210119366646 2140.1455512791872 43.765299625694752 6596.4057355746627 557.3596049323678 3554.1511684805155 2595.2590764462948 2481.7305318638682 792.42978470027447 195.31542956829071 1544.3543678000569 1433.1263593807817 206.64093095064163 3906.4265530407429 649.90145918726921 1080.8717359676957 1401.943013548851 2078.999055981636 1957.1939020678401 3035.671117015183 923.93257386982441 195.70614819228649 973.99813675135374 1714.7856682166457
leaf_count=10473 1247 2520 26826 17250 2842 461 406 14475 438 44516 3324 16490 24301 22416 6257 570 10486 11237 787 16230 3482 7482 4450 6841 14944 15491 3221 1582 9260 18040
internal_value=-1.716e-05 0.0113974 -0.00847129 -0.00435393 -0.00202869 0.0180746 0.00587782 0.00319574 -0.0144782 -0.000272633 0.0094672 0.00811685 -0.0157952 -0.0138715 -0.00836914 0.0226582 -0.0109614 -0.00926146 0.0149182 0.013803 0.0172744 -0.000570859 0.0261322 0.0203256 -0.00955088 0.00694837 0.0192481 -0.0043026 -0.0123173 -0.0181055
internal_weight=48409.4 20598.3 27811.2 16500.8 12205.5 9321.59 11276.7 6454.02 11310.3 9895.45 4822.64 4111.51 9304.44 5076.99 2005.9 3801.35 4295.28 2977.48 5520.24 4389.66 711.129 3221.02 1527.04 2274.31 2310.09 3233 1130.57 988.136 1017.76 4227.45
internal_count=318345 97477 220868 111748 79552 35080 62397 38695 109120 61766 23702 19814 91583 46717 17537 12322 32196 21723 22758 18750 3888 21957 4911 7411 17786 16738 4008 7839 9698 44866
is_linear=0
shrinkage=0.03


Tree=55
num_leaves=31
num_cat=0
split_feature=1 7 1 1 1 7 13 11 1 1 4 1 1 13 7 12 14 7 12 10 14 12 7 14 5 5 5 12 0 1
split_gain=7132.35 1162.8 1128.97 486.171 216.676 199.793 195.858 121.782 73.2269 71.2349 65.2535 55.433 49.0167 55.1522 45.7329 35.5628 30.3651 27.8378 25.5848 25.2615 23.286 22.6591 22.0969 21.888 20.7203 17.6775 15.5646 14.8159 9.05144 8.77762
threshold=0.40444536507129675 0.46886366605758673 0.24503919482231143 0.61323612928390514 0.15132067352533343 0.32622735202312475 0.27186726033687597 0.15082093328237536 0.49783146381378179 0.33660043776035314 0.089563671499490752 0.60769498348236095 0.75376111268997203 0.36408364772796636 0.18988862633705142 0.40473608672618872 0.16465872526168826 0.36115662753582006 0.32324843108654028 0.22049759328365329 0.22972033917903903 0.32771125435829168 0.52113211154937755 0.19341561943292621 0.2776522189378739 0.31296186149120336 0.2232126668095589 0.36003892123699194 0.041369054466485984 0.06097793951630593
decision_type=2 2 2 2 2 2 2 2 2 2 2 2 2 2 2 2 2 2 2 2 2 2 2 2 2 2 2 2 2 2
left_child=2 5 4 8 10 11 18 25 20 23 29 15 13 -7 27 -2 -16 -12 28 -20 -3 -10 -9 -8 -11 -5 -13 -6 -4 -1
right_child=1 3 6 7 14 12 9 22 21 24 17 26 -14 -15 16 -17 -18 -19 19 -21 -22 -23 -24 -25 -26 -27 -28 -29 -30 -31
leaf_value=-0.026296150490215602 -0.0014963894115924865 0.0081730397468407698 -0.010413608352822071 0.018738734709902446 -0.011699132389313742 0.0022720552418746443 0.0018291993530760052 0.010075664387566007 0.0084852805550398903 -0.00266099257341004 -0.018362950698179011 -0.00065398473827132713 0.0090164735063815154 0.0070267742113792522 -0.00029484722405973696 -0.0068814515504418989 -0.011446165922720075 -0.010319315887136846 -0.011734922027549914 -0.0077213762352099672 0.0032365161036740061 0.012710845160936618 0.013966944828254292 -0.0054813950630793109 0.00098551732938133014 0.010705439787234608 0.0048497228172102629 -0.016477116296030873 -0.0040401508515001405 -0.022407253588795223
leaf_weight=822.75310266017914 3188.5986189395189 1157.3669877201319 246.5270679295063 7386.6397007256746 752.09552019834518 6369.6901329755783 394.80473539233208 1742.6909245401621 4465.9771988391876 2227.6381833702326 4676.9509419500828 770.49357394874096 2049.2445971369743 3350.5313339978456 229.01808282732964 1688.0105463862419 5441.2754074037075 422.18939357995987 3027.3975306451321 2644.0415707528591 3347.0636841058731 1534.587869822979 5331.272129163146 5551.2253056615591 3785.9033249169588 255.0459126085043 1156.7279527634382 2614.778131633997 1075.1728114783764 1430.6719899177551
leaf_count=2199 11536 5140 797 44578 2149 26370 1441 8754 21830 8325 12712 3068 9774 14618 774 5743 15937 1211 9034 8384 14145 7832 28763 18332 14191 1369 4780 7274 3452 3833
internal_value=3.98197e-05 0.00813061 -0.00998573 0.0123256 -0.0157516 0.00243421 -0.0049996 0.0158448 0.00739582 -0.00266757 -0.0195758 -0.0016581 0.00479994 0.00391099 -0.0126403 -0.0033604 -0.0109958 -0.017697 -0.00898781 -0.0098638 0.0045049 0.00956593 0.0130083 -0.00499599 -0.000365285 0.0184706 0.00264937 -0.0154098 -0.00522895 -0.0238271
internal_weight=79136.4 43793.9 35342.4 25220.6 16389.7 18573.3 18952.7 14715.6 10505 11959.6 7352.57 6803.83 11769.5 9720.22 9037.17 4876.61 5670.29 5099.14 6993.14 5671.44 4504.43 6000.57 7073.96 5946.03 6013.54 7641.69 1927.22 3366.87 1321.7 2253.43
internal_count=318345 208300 110045 132411 46089 75889 63956 83464 48947 42289 19955 25127 50762 40988 26134 17279 16711 13923 21667 17418 19285 29662 37517 19773 22516 45947 7848 9423 4249 6032
is_linear=0
shrinkage=0.03


Tree=56
num_leaves=31
num_cat=0
split_feature=2 2 2 13 10 2 2 7 1 2 13 2 11 2 10 2 6 5 9 4 11 2 2 11 5 7 2 13 6 2
split_gain=5698.27 693.317 656.266 240.19 238.087 117.483 82.3567 68.6594 52.1913 51.356 49.8743 42.4525 28.9387 28.5768 26.7579 24.0792 23.065 22.7247 22.0121 20.9036 19.7379 17.7955 16.7147 15.7956 16.4532 14.3468 14.0489 12.9173 10.8014 6.91487
threshold=0.31409738957881933 0.14768342673778537 0.52385285496711742 0.30094623565673834 0.3773058950901032 0.66189122200012218 0.25641587376594549 0.18589399009943011 0.28190197050571447 0.40472900867462164 0.21464725583791736 0.82174551486969005 0.47944937646389013 0.061049217358231551 0.46169747412204748 0.04126353561878205 0.12343633547425271 0.32055115699768072 0.34363074600696569 0.38219189643859869 0.60148230195045482 0.17611589282751086 0.1916129142045975 0.51652884483337413 0.45239445567131048 0.074091039597988143 0.10496879741549493 0.56464165449142467 0.37247352302074438 0.084466055035591139
decision_type=2 2 2 2 2 2 2 2 2 2 2 2 2 2 2 2 2 2 2 2 2 2 2 2 2 2 2 2 2 2
left_child=1 4 7 8 10 12 21 23 17 18 13 20 19 -1 29 -12 -11 -3 -9 -4 -7 -5 -10 24 -2 -13 -16 -8 -25 -6
right_child=2 3 5 6 14 11 27 9 22 16 15 25 -14 -15 26 -17 -18 -19 -20 -21 -22 -23 -24 28 -26 -27 -28 -29 -30 -31
leaf_value=-0.011053928301756085 0.012535356638374554 0.0030645215245080136 0.018575325237202511 -0.011055670498837496 -0.015915477604412209 0.022623235066141043 -0.0026070737619654106 0.0034284856746200775 -0.0041440587426463714 0.002122860241689885 -0.016301569275822443 0.035727163970314585 0.012023311181030977 -0.0024363021899438146 -0.019020079612989484 -0.0097337066253770314 0.010410304526861163 0.010397574310302074 0.008706415258778407 0.0071122832469835799 0.016101577943358484 -0.0076240085742107257 0.00038985300471737185 0.010636308836973066 0.01943804217927669 0.02672483893881197 -0.015980755791131458 0.0053801703414959861 -0.0026445387494329941 -0.01215761704939022
leaf_weight=468.46871044486761 794.99193981289864 1187.8419802039862 2332.4031895697117 2018.4657415822148 751.4764748737216 2348.8095419108868 1864.6836301609874 3082.028932608664 1027.5880783721805 334.11739866435528 588.71216564625502 186.41652825474739 1097.9062306880951 1328.252398878336 3649.6579382270575 3425.9977151304483 3168.095970287919 559.48067525029182 924.50268975645304 152.53764669597149 507.99562664330006 4169.1012732833624 2542.3872265592217 296.88278475403786 510.25577411055565 1096.385172098875 2190.1694116145372 201.96815653890371 67.679407626390457 1065.6528971493244
leaf_count=3467 3456 6547 9457 19509 7640 8115 14283 20274 7699 2061 5514 520 4755 8848 42040 29994 16616 2765 5083 745 1850 36538 17304 1499 2136 3235 24022 1669 313 10391
internal_value=-5.28092e-05 -0.00859388 0.013612 -0.00380837 -0.013416 0.0200569 -0.00701163 0.00818959 0.00116416 0.006966 -0.00883759 0.0234993 0.0160795 -0.00468322 -0.0168909 -0.0106968 0.00961967 0.00541251 0.00464636 0.0178717 0.0214636 -0.00874346 -0.000915196 0.0136918 0.0152338 0.0280331 -0.0178802 -0.0018265 0.00817078 -0.0137117
internal_weight=43940.9 27039.9 16901 13571.5 13468.4 7722.45 8254.22 9178.55 5317.3 7508.74 5811.43 4139.61 3582.85 1796.72 7656.96 4014.71 3502.21 1747.32 4006.53 2484.94 2856.81 6187.57 3569.98 1669.81 1305.25 1282.8 5839.83 2066.65 364.562 1817.13
internal_count=318345 238230 80115 106314 131916 28677 71999 51438 34315 44034 47823 13720 14957 12315 84093 35508 18677 9312 25357 10202 9965 56047 25003 7404 5592 3755 66062 15952 1812 18031
is_linear=0
shrinkage=0.03


Tree=57
num_leaves=31
num_cat=0
split_feature=0 3 7 3 7 3 0 0 10 12 10 14 11 5 11 2 11 0 14 0 14 10 8 3 10 10 12 2 6 3
split_gain=4875.75 769.298 735.172 273.232 137.418 137.069 110.784 100.729 85.4057 54.2312 53.0609 51.0661 45.8102 38.6785 34.6048 32.404 30.7888 30.7344 27.0126 26.8922 31.2583 26.0046 23.2838 22.3178 17.9786 17.7609 16.0674 8.19666 7.94366 6.94897
threshold=0.31576453149318701 0.49605485796928411 0.50031673908233654 0.16311249136924746 0.24802430719137195 0.63086462020874035 0.4171122163534165 0.24442366510629657 0.33923204243183142 0.26368670165538793 0.40747708082199102 0.23472501337528232 0.16528243571519854 0.25277000665664678 0.21334102749824527 0.053667506203055389 0.16891338676214221 0.039447518065571792 0.090386219322681441 0.64417013525962841 0.21572279930114749 0.28655441105365759 0.11247055605053903 0.25396715104579931 0.52637043595314037 0.20850160717964175 0.33678930997848516 0.046481056138873107 0.2545869648456574 0.21467471867799762
decision_type=2 2 2 2 2 2 2 2 2 2 2 2 2 2 2 2 2 2 2 2 2 2 2 2 2 2 2 2 2 2
left_child=2 6 3 17 23 19 8 12 25 18 -6 -11 29 -14 27 24 -10 -1 -8 20 -3 -19 -17 -5 -7 -2 -21 -9 -16 -4
right_child=1 5 7 4 10 15 9 14 16 11 -12 -13 13 -15 28 22 -18 21 -20 26 -22 -23 -24 -25 -26 -27 -28 -29 -30 -31
leaf_value=-0.014666310037453259 0.0099083060220120037 0.0048023396193452288 -0.018979608387973558 0.00010418852183136294 -0.0028531354071918325 0.02626064147243241 -0.0024023903106905778 0.00070767794019811292 -0.0067883871300770124 -0.00066367797720746696 -0.0089014863405845034 0.0091000620787014489 -0.011094165050584932 -0.016383679690445234 -0.0052297441887344809 0.0020644449522711833 0.0010533839573939503 -0.0069087681703511473 0.018475510185551842 0.024953804111756503 0.0139065755588234 -0.012699084912826831 0.020079713059789218 0.0051601657576898427 0.012281956852673812 0.0050971673320094613 0.016435716709966141 -0.012656583333065789 0.0025446659553840464 -0.016466513156504256
leaf_weight=1299.4939008355141 1036.6897250562906 372.05346642434597 2438.9984160661697 1276.4522379487753 7268.9783257320523 1275.2682157307863 60.931247010827065 43.174456119537354 536.07365301251411 556.92563188076019 1591.145521953702 3588.5818236172199 2546.074902959168 2433.1679113805294 842.54853862524033 66.335855826735497 2826.7000352665782 1820.0000189393759 659.00023923814297 243.09874178469181 3868.0506243258715 1132.3626327067614 2422.3300121128559 2043.9536327123642 88.557168751955032 2068.4359854236245 1106.1582366228104 953.24709920585155 137.60254492610693 1667.1068136617541
leaf_count=10473 4610 2001 26826 6972 49696 3984 406 438 4573 3324 12580 16490 24301 22416 6760 263 18374 12722 3482 920 15991 9001 7742 10304 333 11138 3846 9260 1079 18040
internal_value=-1.10171e-05 0.0109577 -0.00829915 -0.00427421 -0.00198865 0.0172825 0.00568846 -0.0142782 0.00311593 0.00910826 -0.00393933 0.00778836 -0.0156134 -0.013679 -0.00814059 0.0216363 -0.000196705 -0.0108218 0.0167085 0.0142816 0.0131077 -0.00912961 0.0195995 0.00321651 0.025353 0.00670343 0.0179704 -0.0120775 -0.0041383 -0.0179593
internal_weight=48269.5 20775.2 27494.3 16432.4 12180.5 9441.85 11333.3 11061.9 6467.9 4865.44 8860.12 4145.51 9085.35 4979.24 1976.57 3852.49 3362.77 4251.86 719.931 5589.36 4240.1 2952.36 2488.67 3320.41 1363.83 3105.13 1349.26 996.422 980.151 4106.11
internal_count=318345 97477 220868 111748 79552 35080 62397 109120 38695 23702 62276 19814 91583 46717 17537 12322 22947 32196 3888 22758 17992 21723 8005 17276 4317 15748 4766 9698 7839 44866
is_linear=0
shrinkage=0.03


Tree=58
num_leaves=31
num_cat=0
split_feature=1 7 1 1 7 13 7 11 1 1 1 1 1 13 1 13 11 12 10 11 7 7 7 14 12 5 11 5 12 1
split_gain=6628.4 1112.49 1047.44 473.075 191.073 190.961 186.915 121.343 74.8269 69.755 54.8449 51.227 46.6776 61.7062 43.0514 34.6835 31.1475 25.7406 28.0963 22.6766 21.7095 21.2644 20.7361 18.8694 18.7905 17.7861 16.5056 15.0749 12.3335 9.93056
threshold=0.40444536507129675 0.46886366605758673 0.23720019310712817 0.61323612928390514 0.15502126514911654 0.27186726033687597 0.32622735202312475 0.15082093328237536 0.32724878191947943 0.51676180958747875 0.092775564640760436 0.60769498348236095 0.68834036588668834 0.36408364772796636 0.15132067352533343 0.29953514039516455 0.14746981114149096 0.34587115049362188 0.2363245561718941 0.12964457273483279 0.52113211154937755 0.47584730386734014 0.41100020706653601 0.22799652069807055 0.32205547392368322 0.31296186149120336 0.59329792857170116 0.2232126668095589 0.25975845754146581 0.06097793951630593
decision_type=2 2 2 2 2 2 2 2 2 2 2 2 2 2 2 2 2 2 2 2 2 2 2 2 2 2 2 2 2 2
left_child=2 6 4 9 10 17 11 25 23 19 29 15 13 -8 21 -2 -16 -4 -19 -3 -9 -6 -10 -7 -11 -5 -12 -13 -14 -1
right_child=1 3 5 7 14 8 12 20 22 24 26 27 28 -15 16 -17 -18 18 -20 -21 -22 -23 -24 -25 -26 -27 -28 -29 -30 -31
leaf_value=-0.02560709244534843 -0.0041383847177263195 0.011655614394430001 -0.0058112249376840817 0.018523585232366239 -0.016344519466289151 -0.00062802935780782081 0.0015927853160817274 0.0098120220081377042 -0.0023628864725321404 0.0086192143074306626 -0.017991427035480401 -0.000707330532456153 0.010614936691447184 0.0068435209018575891 0.00060414826739912789 0.0038540354979521504 -0.01153956717328267 -0.011408419067154061 -0.0069642656801086455 0.0043152726654401849 0.013698209473985021 -0.0052082836184228114 0.00096897785485244869 -0.0059309917709867693 0.012732987897245078 0.010391893253225849 -0.012478995291956254 0.0047167808153175334 0.0065251426517287311 -0.021502358360726247
leaf_weight=845.77229386568069 4338.3620608448982 409.35118702054024 1946.7638299167156 7190.5286990702152 2566.3091943860054 688.46170295774937 5480.3778078258038 1718.8331108540297 3160.0797393769026 3536.4232796132565 3823.8491489291191 769.27241949737072 980.07851953804493 3184.9836904555559 196.27972686290741 550.69084268808365 6029.4506337344646 3578.5398017764091 1993.5394551753998 5072.1126097738743 5231.0194259434938 164.19231867790222 3591.9714262634516 4916.537195622921 1392.9130601882935 250.51473625004292 560.52428379654884 1151.3103760629892 2055.3603915721178 1422.8132720887661
leaf_count=2265 15153 1961 6171 44578 6992 2392 22436 8754 11395 17736 10413 3068 4725 13948 653 2126 17362 10610 6308 21965 28763 488 13682 15957 7285 1369 1557 4780 9653 3800
internal_value=3.41043e-05 0.00790979 -0.00957875 0.0120635 -0.0153949 -0.00501114 0.00234438 0.0155875 -0.00271737 0.00719214 -0.019246 -0.00160729 0.00464417 0.00352271 -0.0125342 -0.00323814 -0.0111567 -0.00878089 -0.00981842 0.00486344 0.0127371 -0.0156749 -0.000590394 -0.00527963 0.00978167 0.0182498 -0.0172867 0.0025442 0.00784565 -0.0230327
internal_weight=78797.2 43312.1 35485.1 24801.7 15609.2 19875.9 18510.4 14390.9 12357.1 10410.8 6652.96 6809.64 11700.8 8665.36 8956.23 4889.05 6225.73 7518.84 5572.08 5481.46 6949.85 2730.5 6752.05 5605 4929.34 7441.04 4384.37 1920.58 3035.44 2268.59
internal_count=318345 208300 110045 132411 43530 66515 75889 83464 43426 48947 18035 25127 50762 36384 25495 17279 18015 23089 16918 23926 37517 7480 25077 18349 25021 45947 11970 7848 14378 6065
is_linear=0
shrinkage=0.03


Tree=59
num_leaves=31
num_cat=0
split_feature=2 2 8 13 2 2 2 13 10 2 2 2 11 11 8 1 13 5 11 1 5 3 2 10 6 10 2 8 1 1
split_gain=5348.07 706.955 621.525 222.345 139.731 101.153 92.0954 67.6853 61.6507 53.0782 50.5015 39.6941 36.065 34.3529 32.1355 28.1832 27.4048 24.464 18.345 18.0443 17.674 16.704 16.4085 14.7659 13.726 13.3327 11.2932 10.9231 9.62743 9.48624
threshold=0.29552330076694494 0.49134542047977453 0.20141736418008807 0.24537940323352816 0.66189122200012218 0.16064437478780749 0.17611589282751086 0.20582801848649981 0.45424275100231176 0.21064315736293796 0.3771051168441773 0.82174551486969005 0.45139308273792272 0.48354765772819525 0.30642987787723547 0.36312027275562292 0.31343831121921545 0.47714228928089147 0.60148230195045482 0.33660043776035314 0.45644995570182806 0.20373528450727466 0.10496879741549493 0.21342732757329944 0.12343633547425271 0.55160686373710643 0.24742724001407626 0.4771218746900559 0.06097793951630593 0.66483455896377575
decision_type=2 2 2 2 2 2 2 2 2 2 2 2 2 2 2 2 2 2 2 2 2 2 2 2 2 2 2 2 2 2
left_child=2 7 5 9 13 8 16 12 23 15 25 18 20 17 -8 -4 -5 -3 -6 -11 -2 29 -10 -1 -12 -9 -23 -14 -13 -7
right_child=1 4 3 6 11 21 14 10 22 19 24 28 27 -15 -16 -17 -18 -19 -20 -21 -22 26 -24 -25 -26 -27 -28 -29 -30 -31
leaf_value=-0.0084174955061766515 0.0123709210806643 0.012161830120726165 0.00097509787000819642 -0.0072224480526301704 0.0215631048404329 -0.00022346585323517297 -0.0067199647697980796 0.0020014827510024097 -0.019090553471015063 0.0075443947789720555 0.0017940119783297372 0.030652825855648467 0.0028234877578993092 0.01076308994450929 -0.0021396017215615649 -0.0049761196024904961 -0.011882962759054231 0.017986592939719433 0.015320615933366212 0.001328561473785899 0.020550040873681091 -0.011347987378679097 -0.015711746293095463 -0.01357036122793084 0.0083337762692830709 0.0080563358828837119 -0.0041696352516128101 0.009245311045518954 0.025049070564114716 -0.0083817332795109653
leaf_weight=635.40545433014631 1007.2312850356102 876.1426874101162 1439.2743353694677 1706.1426120325923 2386.809844493866 306.93464022874832 3220.8325355574489 3190.8217534422874 3449.6700981035829 922.39065320789814 318.43065109848976 397.71169719099998 389.29045893251896 1316.2558801621199 2410.1535330191255 1425.5079074576497 3395.3362104743719 2502.6435115486383 515.12927089631557 772.21602220833302 311.24985870718956 1034.3295890390873 2069.6078440994024 2357.3603564426303 3108.53594173491 364.71571286022663 243.72610326856375 614.93988385796547 901.09719744324684 220.37345740944147
leaf_count=4566 4540 3877 8459 14447 8115 2968 27028 21022 41049 4598 2037 1095 1910 5800 18443 10857 32898 10298 1850 5113 1341 9711 23488 22684 17216 2728 1972 3234 2660 2341
internal_value=-4.92015e-05 0.012384 -0.00888572 -0.00504681 0.018431 -0.0145755 -0.00740462 0.00660305 -0.0159435 0.000503302 0.00512735 0.022406 0.0110393 0.0148745 -0.00475949 -0.00198621 -0.0103243 0.0164762 0.020455 0.0047119 0.0143017 -0.00812551 -0.0178236 -0.0124763 0.00772611 0.00262257 -0.00997907 0.00675589 0.026765 -0.00363298
internal_weight=43810.3 18201 25609.3 15291.9 8895.79 10317.4 10732.5 9305.22 8512.04 4559.39 6982.5 4200.75 2322.71 4695.04 5630.99 2864.78 5101.48 3378.79 2901.94 1694.61 1318.48 1805.36 5519.28 2992.77 3426.97 3555.54 1278.06 1004.23 1298.81 527.308
internal_count=318345 87723 230622 121843 33695 108779 92816 54028 91787 29027 43003 13720 11025 19975 45471 19316 47345 14175 9965 9711 5881 16992 64537 27250 19253 23750 11683 5144 3755 5309
is_linear=0
shrinkage=0.03


Tree=60
num_leaves=31
num_cat=0
split_feature=3 3 3 10 8 3 3 11 3 11 10 7 13 12 12 12 5 2 11 7 11 9 4 2 11 9 2 2 3 13
split_gain=4605.98 621.151 533.711 311.253 270.979 128.854 126.035 108.258 52.2827 51.3912 42.7717 38.9238 38.1199 32.0901 31.0157 30.9261 30.5035 29.4179 25.9892 24.8776 23.6545 20.654 18.4656 15.5149 15.4942 14.8802 12.8183 11.4929 9.71734 8.07422
threshold=0.37745137512683874 0.24543831497430804 0.49605485796928411 0.42929762601852423 0.29466536641120916 0.14814978837966922 0.63086462020874035 0.16528243571519854 0.33826306462287908 0.16528243571519854 0.20328405499458316 0.19732166081666949 0.26279734075069433 0.25975845754146581 0.2674709707498551 0.27252463996410375 0.25423084199428564 0.058795841410756118 0.16178027540445331 0.45970484614372259 0.14746981114149096 0.29007636010646826 0.06815050914883615 0.026656442321836952 0.11291329190135004 0.31483905017375952 0.044856579974293716 0.044856579974293716 0.44257700443267828 0.72764036059379589
decision_type=2 2 2 2 2 2 2 2 2 2 2 2 2 2 2 2 2 2 2 2 2 2 2 2 2 2 2 2 2 2
left_child=1 3 9 5 7 13 18 15 -9 14 -7 28 25 -1 29 -3 -13 24 26 -14 -5 -20 -19 -22 -8 -6 -4 -16 -11 -2
right_child=2 4 6 20 12 10 17 8 -10 11 -12 16 19 -15 27 -17 -18 22 21 -21 23 -23 -24 -25 -26 -27 -28 -29 -30 -31
leaf_value=-0.013941854301465006 0.012985824115341982 -0.0070830792907601373 0.01664336538633442 -0.018371858918677344 0.00028427502008775211 0.00034587791955043419 0.013671628577161638 -0.0062816474128383083 -6.1363439034065913e-05 0.0090823444326381848 -0.00614683055382242 0.0078141385329306284 0.00033143445810192767 -0.0087717947117156962 0.010904353730540647 -0.015304810684987293 0.0037952011127318826 0.02723893350086919 0.021934501764344413 -0.01048005968049847 0.0063113476699604128 0.013794002824215211 0.017727734771458767 -0.014945538604858833 0.024706451123853782 0.0053770199167422084 0.0027121217422378897 -0.0087960703207790435 0.013949761465107641 -0.00055994742807035541
leaf_weight=2401.9173692017794 109.32856276631355 605.68479024618864 76.15076007694006 3041.6409847438335 650.0172036215663 1221.5475802123547 124.26665242016315 4024.6292835026979 1742.7372194305062 789.09686677157879 3617.0968688130379 3763.7655116170645 2662.2526138424873 1963.9894535914063 28.845541268587112 1286.0249889940023 3099.3243936598301 200.99777662754059 296.53309261798859 206.39917355775833 31.179676629602909 5190.3022809326649 2136.0613599270582 3475.2099344357848 1460.1245788186789 2511.1088098287582 270.91145852208138 350.39517411589622 693.61715418100357 62.098572067916393
leaf_count=20339 735 6091 371 34344 3506 6954 448 31773 12006 3356 26759 21583 16950 15098 216 13235 15610 574 1345 1638 305 20625 6861 32756 4533 12609 1430 2722 2789 466
internal_value=1.55418e-05 -0.00737407 0.0116799 -0.0114361 -0.0026996 -0.00787937 0.0165261 -0.00644474 -0.00440205 0.0063658 -0.0045077 0.00695149 0.00205751 -0.0116161 -0.00251079 -0.0126724 0.00599921 0.0206852 0.0137304 -0.000446451 -0.0164359 0.014234 0.0185457 -0.0147565 0.023841 0.00432981 0.00576885 -0.00729763 0.0113593 0.00807894
internal_weight=48093.3 29441.4 18651.8 15752.6 13688.9 9204.55 9755.35 7659.08 5767.37 8896.47 4838.64 8345.8 6029.78 4365.91 550.668 1891.71 6863.09 3921.45 5833.9 2868.65 6548.03 5486.84 2337.06 3506.39 1584.39 3161.13 347.062 379.241 1482.71 171.427
internal_count=318027 234363 83664 136555 97808 69150 36187 63105 43779 47477 33713 43338 34703 35437 4139 19326 37193 12416 23771 18588 67405 21970 7435 33061 4981 16115 1801 2938 6145 1201
is_linear=0
shrinkage=0.03


Tree=61
num_leaves=31
num_cat=0
split_feature=1 7 1 1 4 13 7 11 1 12 0 7 12 8 12 4 14 9 13 1 7 12 14 1 14 1 2 14 1 7
split_gain=6241.12 1061.27 1044.3 427.335 194.39 182.222 173.962 116.161 83.9595 61.299 56.4172 49.1907 49.0499 52.6519 41.6485 41.615 31.2967 30.5952 29.4121 24.6732 21.6551 20.5436 19.6439 17.9835 17.7786 16.7648 16.6603 15.6223 12.1639 9.48483
threshold=0.40950830280780798 0.47584730386734014 0.23720019310712817 0.61323612928390514 0.13149446249008181 0.27186726033687597 0.32622735202312475 0.15082093328237536 0.33660043776035314 0.31319844722747808 0.40532478690147405 0.081495925784111037 0.27124585211277014 0.31350007653236395 0.31985063850879675 0.21569857746362689 0.22613228857517245 0.32929489016532904 0.29953514039516455 0.10627247020602228 0.19347756356000903 0.22959341108798983 0.29325124621391302 0.18100468069314959 0.22799652069807055 0.5300775170326234 0.23835969716310504 0.16465872526168826 0.55254027247428905 0.13814208656549457
decision_type=2 2 2 2 2 2 2 2 2 2 2 2 2 2 2 2 2 2 2 2 2 2 2 2 2 2 2 2 2 2
left_child=2 6 4 9 11 17 14 26 24 10 -3 -1 28 -14 25 23 -11 29 -16 -13 -19 -9 -10 -6 -7 -2 -5 -17 -8 -4
right_child=1 3 5 7 15 8 12 21 22 16 -12 19 13 -15 18 27 -18 20 -20 -21 -22 -23 -24 -25 -26 -27 -28 -29 -30 -31
leaf_value=-0.024206723039208483 -0.001101494453449645 0.0067704966766492817 -0.01149129724633789 0.018215546815908378 -0.014978373600711841 -0.00071087620098172761 0.0053474339510931482 0.014827223618610079 0.00172451522053593 0.014420306494077589 -0.002138915338625879 -0.020187808908511223 0.0051562826215345997 0.00030524589404675665 -0.0039089335594527383 -0.0020175806379491117 0.0073137126156147961 -0.012142623346198228 0.0045904207542923356 -0.015733661338752924 -0.0081763662826800226 0.011332461664838483 -0.0015906713514208712 -0.011906188471896227 -0.0055589365955250134 0.0041550080999499979 0.001711922821738876 -0.0099910055021022581 0.0094620292712015285 -0.004783233961410522
leaf_weight=1389.3334473669529 953.71465322375298 6714.7297955751419 209.11673232913017 7159.3195789605379 3893.3110650777817 775.42130473256111 983.7338432520628 2354.4465610235929 2889.8915549069643 1366.1548078656197 707.02324870228767 2046.5111971795559 6099.7910335808992 3006.0127191692591 3980.6617151200771 241.8416303396225 942.48225151002407 1904.4319443404675 403.58627952635288 2470.3798944056034 3545.2621440887451 4240.2010993361473 3628.2338221818209 3064.7132759392262 5577.5020516514778 1277.565343439579 55.477651357650757 2585.4587958455086 1887.0797408074141 2043.5732532739639
leaf_count=3723 3415 31802 640 45456 10658 2709 4166 13120 11054 7145 3002 5477 26722 12783 14221 798 4445 5525 1582 6708 10940 23195 13421 8713 18164 5224 303 7516 8928 6472
internal_value=-1.94468e-05 0.00783365 -0.00914303 0.0120651 -0.0149722 -0.00469703 0.00247611 0.0154581 -0.00251292 0.00724978 0.00592175 -0.0192702 0.00463285 0.00355486 -0.00142842 -0.0123781 0.0115191 -0.00834678 -0.00312654 -0.0177517 -0.0095624 0.0125802 -0.000120842 -0.0136252 -0.00496719 0.00190822 0.0180886 -0.00930897 0.00805209 -0.00540594
internal_weight=78397 42132 36265 23539.8 15691.5 20573.4 18592.1 13809.4 12871 9730.39 7421.75 5906.22 11976.6 9105.8 6615.53 9785.32 2308.64 7702.38 4384.25 4516.89 5449.69 6594.65 6518.13 6958.02 6352.92 2231.28 7214.8 2827.3 2870.81 2252.69
internal_count=318027 205509 112518 128468 43593 68925 77041 82074 45348 46394 34804 15908 52599 39505 24442 27685 11590 23577 15803 12185 16465 36315 24475 19371 20873 8639 45759 8314 13094 7112
is_linear=0
shrinkage=0.03


Tree=62
num_leaves=31
num_cat=0
split_feature=2 8 2 13 2 2 2 10 2 2 9 8 11 8 13 1 13 6 7 1 1 2 8 11 8 14 5 2 7 11
split_gain=5052.58 686.416 556.66 233.149 120.654 107.736 107.264 57.4281 56.2321 55.2318 43.322 37.7713 30.547 28.6202 25.0569 24.5286 23.079 22.2584 21.4503 21.0828 20.4695 20.2698 19.4539 15.433 25.0181 15.1682 13.2589 10.8069 9.37678 9.10624
threshold=0.31409738957881933 0.20398859679698947 0.52385285496711742 0.24537940323352816 0.17611589282751086 0.17468589544296267 0.74971690773963939 0.30072750151157385 0.1916129142045975 0.42078648507595068 0.33574232459068304 0.30642987787723547 0.52744856476783764 0.16331132501363757 0.33175615966320043 0.35153673589229589 0.32747995853424078 0.097592394798994078 0.70975103974342357 0.20406513661146167 0.06097793951630593 0.63357147574424755 0.17192853242158893 0.48354765772819525 0.40358971059322363 0.22410409152507785 0.1431107893586159 0.24742724001407626 0.31194171309471136 0.58540415763854992
decision_type=2 2 2 2 2 2 2 2 2 2 2 2 2 2 2 2 2 2 2 2 2 2 2 2 2 2 2 2 2 2
left_child=1 5 9 8 14 7 12 26 15 10 22 -6 17 -9 -5 -3 -12 -4 27 -10 -8 -14 -2 24 -11 -20 -1 -7 -25 -22
right_child=2 3 6 4 11 18 20 13 19 23 16 -13 21 -15 -16 -17 -18 -19 25 -21 29 -23 -24 28 -26 -27 -28 -29 -30 -31
leaf_value=-0.011226866039024612 0.014379191367238701 0.0010341093596229296 0.0050858617023873277 -0.0078227407214657325 -0.0060360941681008107 -0.010086766259239944 0.029360415140946911 -0.01766532618095085 0.0090344190797414948 0.0092098753719702907 0.010299830962327708 -0.0013239980046979634 0.0081001317171109904 -0.013478735718744708 -0.01214369167564458 -0.0050025112285418567 -0.0026429715677709948 0.017754258193487808 -0.0021226508289717855 0.0027027067193972206 0.02372275191274649 0.015637491903971883 0.003315104923009916 0.0080175892671020717 0.014802271334179109 0.018110365251604879 -0.0035062090394760606 -0.0043208485922409728 -0.0015027957129060115 0.019455985803385586
leaf_weight=1120.478872731328 149.27259645611048 1174.0025353431702 128.81502278149128 2159.7696218788624 3442.3980627283454 975.18470476567745 455.9674399793148 5469.8136317133904 642.27497786283493 1825.5014403164387 1762.9896710142493 2757.3171042054892 609.01133744418621 2009.4714106693864 2740.4014204666018 1251.6731373816729 133.37530194222927 4027.2027579247952 158.78064990788698 1798.8979176655412 1381.5299161970615 679.2545400261879 3418.3797450885177 714.286426872015 1188.7885080724955 42.212370634078979 243.73668520152569 417.93451261520386 107.0639092028141 667.77490431070328
leaf_count=9100 1048 6936 570 18780 28823 9232 1256 65036 3022 9305 8675 20954 2748 21044 27228 9641 823 15328 1580 10947 4246 2530 21900 3519 5472 396 1785 3436 626 2041
internal_value=1.78019e-05 -0.00823146 0.0126454 -0.00432062 -0.00672108 -0.014214 0.0184744 -0.015508 0.00115414 0.00766265 0.00572558 -0.00394039 0.0161105 -0.0165405 -0.0102392 -0.00208085 0.00938954 0.0173616 -0.00703517 0.00436859 0.0236115 0.0120743 0.00377803 0.0104221 0.0114154 0.00212667 -0.00984746 -0.008357 0.0067766 0.0223324
internal_weight=43653.6 26404.3 17249.2 15966.7 11099.9 10437.6 7949.56 8843.5 4866.85 9299.66 5464.02 6199.72 5444.28 7479.29 4900.17 2425.68 1896.36 4156.02 1594.11 2441.17 2505.27 1288.27 3567.65 3835.64 3014.29 200.993 1364.22 1393.12 821.35 2049.3
internal_count=318027 237940 80087 126331 95785 111609 28719 96965 30546 51368 32446 49777 21176 86080 46008 16577 9498 15898 14644 13969 7543 5278 22948 18922 14777 1976 10885 12668 4145 6287
is_linear=0
shrinkage=0.03


Tree=63
num_leaves=31
num_cat=0
split_feature=0 7 3 3 13 0 0 0 13 12 14 13 14 5 5 12 11 2 14 11 9 12 0 5 14 11 7 11 13 0
split_gain=4384.48 674.386 643.546 270.93 155.787 119.236 97.2 93.2284 69.3035 52.7277 57.6888 47.997 47.3843 37.7509 32.2211 31.4519 31.1723 29.8992 29.2853 26.1469 23.521 23.3125 21.9248 21.1307 20.0835 17.5201 12.9478 11.241 9.67085 8.97283
threshold=0.31576453149318701 0.50031673908233654 0.49605485796928411 0.16472296416759494 0.33925022184848791 0.66960743069648754 0.24442366510629657 0.39453320205211645 0.34069748222827917 0.26111020147800451 0.19673456996679309 0.15581589192152026 0.19673456996679309 0.23552136123180392 0.21791245788335803 0.25439821183681494 0.21334102749824527 0.039235267788171775 0.22799652069807055 0.16178027540445331 0.27678094804286962 0.25709941983222967 0.43364973366260534 0.069816783070564284 0.25647008419036871 0.56440019607543956 0.55052882432937633 0.091986600309610381 0.53873398900032055 0.039447518065571792
decision_type=2 2 2 2 2 2 2 2 2 2 2 2 2 2 2 2 2 2 2 2 2 2 2 2 2 2 2 2 2 2
left_child=1 3 7 15 11 18 12 8 24 22 -11 -5 23 -14 -6 29 -8 27 26 -19 -20 -10 -9 -3 -2 -17 -4 -7 -18 -1
right_child=2 6 5 4 14 17 16 9 21 10 -12 -13 13 -15 -16 25 28 19 20 -21 -22 -23 -24 -25 -26 -27 -28 -29 -30 -31
leaf_value=-0.015697277676287764 -0.003762551972434974 0.02099344596427179 0.0098590735495841745 0.0054089248892812683 -0.0016017515486246002 0.013434013647049898 -0.011640568028098843 0.0086948425677489932 0.0025336169639673116 -0.0055067083219382329 0.0076093223557617447 -0.00076416809650337438 -0.010385453075941171 -0.01578421822309253 -0.009071880769337853 -0.010002189077805474 -0.0054796208265561752 0.008286479587459995 0.025706952250072627 0.019404825747932924 0.013599766677640757 -0.0034021906582484126 0.018351928432935202 -0.017756642416024669 0.0064755274024852223 -0.0042119434863495935 0.00045947987811332473 0.026478668482990922 0.0020355228350297143 -0.011600290895604029
leaf_weight=910.89249581098557 184.80692459642887 12.705371499061583 461.95778860151768 1334.7170329988003 652.4475919008255 65.09277731180191 947.61685682088137 341.73131639510393 973.26731587946415 321.59756765514612 4904.3646460548043 7522.1516121253371 2243.6942286193371 2426.166904039681 2553.5515526011586 1636.7882599979639 772.80960294604301 203.24314717948437 148.78279662132263 3003.757293432951 4919.0261147022247 1534.1402408182621 555.57005095481873 4004.7912647500634 2577.5837878882885 659.93363378196955 184.59660042822361 686.32861012220383 192.49779407680035 1019.6703254133463
leaf_count=7734 1210 131 2165 6546 5294 229 9611 2086 6971 2215 23029 47601 22330 23274 19489 12466 6255 803 683 9174 19068 10703 2886 45904 13131 4373 997 2010 1591 8068
internal_value=2.0959e-05 -0.00800779 0.0102696 -0.00417537 -0.00188507 0.0159603 -0.0138973 0.00543816 0.00251287 0.00795573 0.00680218 0.000166108 -0.0152454 -0.0131903 -0.00755165 -0.0107109 -0.00777536 0.0199623 0.0131881 0.0187002 0.0139552 -0.00109817 0.0146741 -0.0176341 0.00579059 -0.00833844 0.00717541 0.0253487 -0.00398098 -0.0135334
internal_weight=47956.3 26890.4 21065.8 16290.2 12062.9 9672.79 10600.3 11393.1 5269.8 6123.26 5225.96 8856.87 8687.36 4669.86 3206 4227.28 1912.92 3958.42 5714.36 3207 5067.81 2507.41 897.301 4017.5 2762.39 2296.72 646.554 751.421 965.307 1930.56
internal_count=318027 220667 97360 111571 78930 35129 109096 62231 32015 30216 25244 54147 91639 45604 24783 32641 17457 12216 22913 9977 19751 17674 4972 46035 14341 16839 3162 2239 7846 15802
is_linear=0
shrinkage=0.03


Tree=64
num_leaves=31
num_cat=0
split_feature=1 11 1 7 4 13 1 1 1 13 0 1 7 7 7 9 11 0 1 2 5 7 8 2 14 14 3 7 5 0
split_gain=5811.61 1020.71 970.955 408.102 184.991 168.791 156.436 100.107 77.8482 74.9822 69.643 64.9134 49.2812 47.3655 39.6202 28.1902 25.0655 24.2262 23.7012 22.0756 21.7748 19.9104 19.5071 17.6895 16.6991 15.9522 12.4109 9.35946 8.74249 4.20599
threshold=0.40950830280780798 0.16178027540445331 0.23720019310712817 0.42421624064445501 0.13149446249008181 0.27186726033687597 0.5956912934780122 0.64821353554725658 0.33660043776035314 0.31343831121921545 0.39808215200901037 0.61627459526062023 0.52113211154937755 0.081495925784111037 0.23849732428789142 0.32929489016532904 0.13805866241455081 0.062454177066683776 0.099580615758895888 0.022905168123543266 0.2776522189378739 0.19347756356000903 0.15022916346788409 0.026656442321836952 0.22799652069807055 0.4966543316841126 0.14448721706867221 0.36821614205837255 0.2893995493650437 0.053698087111115463
decision_type=2 2 2 2 2 2 2 2 2 2 2 2 2 2 2 2 2 2 2 2 2 2 2 2 2 2 2 2 2 2
left_child=2 11 4 7 13 15 10 9 24 -3 -5 19 -8 29 25 27 -16 -9 -15 -2 -10 -17 23 -13 -7 -6 -21 -4 -24 -1
right_child=1 3 5 6 14 8 12 17 20 -11 -12 22 -14 18 16 21 -18 -19 -20 26 -22 -23 28 -25 -26 -27 -28 -29 -30 -31
leaf_value=-0.028091598155071174 -0.01931523859470884 -0.0021082418416160302 -0.0054613077849040908 0.0062822079853522891 -0.014383407179449484 -0.00063772920684293825 0.0081314931326400258 0.0090945108557986144 -0.0023495950304824628 0.0035403668702252275 -0.0019478880498740158 -0.0037123478614294251 0.012792746345289549 -0.01978446191344508 -0.0016267640563490022 -0.011637415585093899 -0.010485000973205648 0.0037965169053131341 -0.015345119491131059 0.0035081857395819027 0.0012363231951536037 -0.0078448484392652021 0.015415751539500732 0.018465951103349098 -0.0053321599153664618 -0.0094082901289481973 0.012588864134645741 0.0085112476166359381 0.0088502462671472062 -0.02285323825244099
leaf_weight=155.33826181292534 20.504812240600586 6984.3057953715324 2217.0064516067505 8835.2828135788441 4387.8195149898529 776.52964049577713 3361.321331769228 1098.4155202955008 2428.2205242216587 3033.7287448048592 1033.614278793335 32.543789505958557 5198.3615090847015 1792.5390903949738 307.27617999911308 1915.5482248365879 4464.7841168344021 2652.9010824710131 2732.0092667043209 145.48014406859875 4092.8961315304041 3563.27960896492 1150.0396842360497 5955.7347664535046 5600.7265338599682 668.39532339572906 1966.5188096016645 44.002462714910507 216.9702183753252 1232.3372169137001
leaf_count=421 72 25654 6964 40829 12102 2709 16980 5224 9087 12647 4245 165 29437 4796 971 5525 12746 11584 7389 716 15388 10940 7307 38881 18164 1866 10510 148 1258 3302
internal_value=-2.34497e-05 0.00762323 -0.00878565 0.00507495 -0.0143977 -0.00450538 0.00799441 0.00116761 -0.00240374 -0.000397692 0.00542023 0.0162711 0.0109623 -0.018591 -0.0118753 -0.00800775 -0.00991461 0.00534781 -0.0171039 0.0116626 -9.8939e-05 -0.00917083 0.0176073 0.0183454 -0.00476054 -0.0137257 0.0119634 -0.00518938 0.0143737 -0.0234396
internal_weight=78064.4 41685.7 36378.7 32197.9 15740.5 20638.2 18428.6 13769.4 12898.4 10018 9868.9 9487.79 8559.68 5912.22 9828.28 7739.84 4772.06 3751.32 4524.55 2132.5 6521.12 5478.83 7355.29 5988.28 6377.26 5056.21 2112 2261.01 1367.01 1387.68
internal_count=318027 205509 112518 146600 43593 68925 91491 55109 45348 38301 45074 58909 46417 15908 27685 23577 13717 16808 12185 11298 24475 16465 47611 39046 20873 13968 11226 7112 8565 3723
is_linear=0
shrinkage=0.03


Tree=65
num_leaves=31
num_cat=0
split_feature=2 8 2 13 2 2 2 7 2 7 11 2 8 2 2 5 13 1 1 7 13 8 3 11 12 11 11 13 7 6
split_gain=4744.29 666.057 507.565 219.491 125.062 117.024 107.339 56.9289 53.0457 44.4116 41.6204 37.157 36.0606 28.9881 25.0509 24.6321 24.416 23.122 19.4591 18.6219 16.5651 16.3015 14.9158 13.9235 13.2769 12.9881 17.6896 16.6126 11.0092 9.11885
threshold=0.31409738957881933 0.20398859679698947 0.49134542047977453 0.24537940323352816 0.66189122200012218 0.17611589282751086 0.15656355768442157 0.49289482831954962 0.1916129142045975 0.18589399009943011 0.48354765772819525 0.82174551486969005 0.30642987787723547 0.3771051168441773 0.24742724001407626 0.46027442812919622 0.33175615966320043 0.35153673589229589 0.20406513661146167 0.70975103974342357 0.20799657702445987 0.15479129552841189 0.20517668873071673 0.30022367835044866 0.38169741630554205 0.40868721902370458 0.37401492893695837 0.14767351746559146 0.074091039597988143 0.11541705206036569
decision_type=2 2 2 2 2 2 2 2 2 2 2 2 2 2 2 2 2 2 2 2 2 2 2 2 2 2 2 2 2 2
left_child=1 6 9 8 10 16 7 20 17 25 15 23 -7 24 22 -4 -5 -3 -10 -16 -1 -9 -8 -6 -11 26 -2 -27 -13 -15
right_child=2 3 4 5 11 12 14 21 18 13 -12 28 -14 29 19 -17 -18 -19 -20 -21 -22 -23 -24 -25 -26 27 -28 -29 -30 -31
leaf_value=-0.007357577621144906 0.0105533079602242 0.00093878758603156676 0.010186629770149709 -0.0076723232308277042 0.009440243119679656 -0.0058911810845329749 -0.0051196546400745458 -0.018115813397161392 0.0086376734069752003 0.0025420653327213986 0.0092532111277671223 0.031534977345064039 -0.0012760526795825699 0.0021898294284553271 -0.0041720531969000269 0.016658478359877549 -0.011963929048096766 -0.0049228856834181737 0.0025802949080498436 0.013592985021667562 -0.013122830003764569 -0.014511100643730611 -0.01156138129986071 0.019323151873655332 0.007685263306421752 0.0048659241455891438 0.020838921186964367 0.013286626274213493 0.023786110495007208 0.0078647151216663901
leaf_weight=606.75457173585892 365.37540601193905 1177.9736357629299 651.49880921840668 2139.6713002100587 134.3253535181284 3414.8667491152883 450.91392251849174 4301.4560819715261 648.74773409962654 2404.4272575154901 1359.8984105139971 193.29708075523376 2751.4310570806265 274.4626175314188 414.83113799244165 2821.422318905592 2696.9429584518075 1246.5789155438542 1806.1567468270659 60.90130528062582 1720.151212990284 1530.9527110904455 1144.9632081910968 2859.6464020013809 556.22139991819859 421.99487824738026 255.87452420592308 421.4245989471674 1127.7547052800655 3564.5630663782358
leaf_count=4373 1502 6936 2847 18780 531 28823 4888 54004 3022 15803 5863 526 20954 1743 3436 11339 27228 9641 10947 521 15894 17401 11092 9465 3089 1805 1054 1978 3217 19325
internal_value=1.89653e-05 -0.00806884 0.0121484 -0.0042234 0.0170168 -0.00657197 -0.0140385 -0.0155868 0.00107249 0.00675952 0.0137023 0.020729 -0.00383189 0.00573884 -0.00794008 0.0154444 -0.0100654 -0.00207498 0.00418105 -0.00189785 -0.0116195 -0.0171696 -0.00974128 0.0188798 0.00350833 0.011498 0.0147896 0.00907343 0.0249199 0.007459
internal_weight=43525.5 26113.3 17412.2 15882.4 9147.84 11002.9 10230.9 8159.31 4879.46 8264.34 4832.82 4315.02 6166.3 6799.67 2071.61 3472.92 4836.61 2424.55 2454.9 475.732 2326.91 5832.41 1595.88 2993.97 2960.65 1464.67 621.25 843.419 1321.05 3839.03
internal_count=318027 237940 80087 126331 33788 95785 111609 91672 30546 46299 20049 13739 49777 39960 19937 14186 46008 16577 13969 3957 20267 71405 15980 9996 18892 6339 2556 3783 3743 21068
is_linear=0
shrinkage=0.03


Tree=66
num_leaves=31
num_cat=0
split_feature=0 7 3 3 13 0 0 11 0 7 7 10 13 12 11 2 12 0 5 11 11 5 0 3 11 11 13 12 0 12
split_gain=4121 648.42 591.082 262.38 148.267 116.655 96.6997 81.6762 70.6917 54.028 53.5962 49.4389 44.2717 30.9406 30.0351 28.3628 25.5257 24.6095 24.0376 23.5296 23.2503 22.8315 22.0628 17.4512 16.9459 10.4026 9.40146 8.92901 8.8938 8.42706
threshold=0.31576453149318701 0.50031673908233654 0.49155512452125555 0.16472296416759494 0.36736223101615911 0.66960743069648754 0.24442366510629657 0.16891338676214221 0.39453320205211645 0.24802430719137195 0.61147773265838634 0.48916459083557134 0.34687256813049322 0.25439821183681494 0.21334102749824527 0.039235267788171775 0.29646916687488561 0.17472666501998904 0.20039091259241107 0.10510826483368875 0.16178027540445331 0.083842724561691298 0.49568060040473944 0.68274736404418956 0.56440019607543956 0.091986600309610381 0.53873398900032055 0.27004173398017889 0.039447518065571792 0.26499359309673315
decision_type=2 2 2 2 2 2 2 2 2 2 2 2 2 2 2 2 2 2 2 2 2 2 2 2 2 2 2 2 2 2
left_child=1 3 7 13 9 19 11 16 12 -5 -10 21 -9 28 27 25 22 -13 -6 29 -17 -3 -2 -21 -15 -7 -16 -8 -1 -4
right_child=2 6 5 4 18 15 14 8 10 -11 -12 17 -14 24 26 20 -18 -19 -20 23 -22 -23 -24 -25 -26 -27 -28 -29 -30 -31
leaf_value=-0.015562614793034411 -0.0012762651320936166 -0.0041055366389759051 0.0079714637552389615 0.0028206241051073012 -0.0015456634195239803 0.012949766267275731 -0.0079450072014194822 0.0057123238246053129 0.0075680361817311399 -0.0018692604366831445 0.021352680617574719 -0.018148859279636512 -0.00011625575198270845 -0.009856332811560415 -0.0053152281912580901 0.0081724853393970592 -0.0078167205375243715 -0.014137217170503464 -0.010206960231198457 0.012388555341579847 0.018583579225672747 -0.012696987737564672 0.01645878654540699 0.019331786288481975 -0.0041475074668645417 0.025446562192914652 0.0021092676962104957 -0.013905421742413458 -0.011455729055146611 -0.0085106359674499716
leaf_weight=896.51370174437761 309.05858171731234 315.7937248274684 51.0385672301054 3357.4051863849163 341.04672798514366 65.626985564827919 390.2828511968255 2782.0527536123991 5208.3502561450005 6472.9596347659826 266.86152662336826 3592.3788913413882 2027.6737635657191 1620.6967181041837 766.14043288677931 206.13763417303562 520.45655517280102 2230.9473247677088 1867.5104911997914 5561.6054685935378 3041.5080396980047 2349.9650738909841 79.335870116949081 346.0685138553381 657.94294623285532 692.9909200668335 191.95756752043962 538.03425037115812 1008.3503108099103 61.631819672882557
leaf_count=7734 2508 3100 295 17210 2840 229 3972 14295 24535 44080 1432 40777 13646 12466 6255 810 4220 24660 14800 22184 9196 23102 449 1186 4373 2011 1591 5639 8068 364
internal_value=2.5776e-05 -0.00784067 0.00988568 -0.00409463 -0.00184555 0.015176 -0.0136977 0.00514701 0.00590878 -0.000267505 0.0082399 -0.015063 0.00325512 -0.0105668 -0.00755386 0.0191427 -0.00347354 -0.016612 -0.00886948 0.0125363 0.0179228 -0.0116792 0.00234641 0.0127953 -0.00820795 0.0243655 -0.00382771 -0.0113995 -0.0133886 -0.00104441
internal_weight=47818.3 26597.9 21220.4 16222.4 12038.9 10026.6 10375.5 11193.8 10284.9 9830.36 5475.21 8489.09 4809.73 4183.5 1886.42 4006.26 908.851 5823.33 2208.56 6020.34 3247.65 2665.76 388.394 5907.67 2278.64 758.618 958.098 928.317 1904.86 112.67
internal_count=318027 220667 97360 111571 78930 36275 109096 61085 53908 61290 25967 91639 27941 32641 17457 12246 7177 65437 17640 24029 10006 26202 2957 23370 16839 2240 7846 9611 15802 659
is_linear=0
shrinkage=0.03


Tree=67
num_leaves=31
num_cat=0
split_feature=4 4 4 11 4 7 0 2 7 13 0 2 4 11 14 10 12 0 0 12 2 10 2 0 12 11 4 10 2 10
split_gain=5043 1134.33 694.763 408.837 182.624 157.269 129.417 99.0104 97.4223 91.7094 71.216 118.27 47.8385 42.3248 42.2674 42.9823 42.196 30.8015 30.055 25.1326 26.1626 22.6591 22.3726 20.3306 17.0021 14.4974 13.6489 10.4872 8.98608 8.87066
threshold=0.30365824699401861 0.47143766283988958 0.20994593948125842 0.15082093328237536 0.12682060897350314 0.41325795650482183 0.41296806931495672 0.28440903127193456 0.46886366605758673 0.2877048403024674 0.55153834819793712 0.44342191517353063 0.083472747355699553 0.16891338676214221 0.45893916487693792 0.43398460745811468 0.31876052916049963 0.047560809180140502 0.068968869745731368 0.45682519674301153 0.66189122200012218 0.37326321005821234 0.22388634830713275 0.29435849189758306 0.33791705965995794 0.54488742351531994 0.34712019562721258 0.2363245561718941 0.6074330508708955 0.090182330459356322
decision_type=2 2 2 2 2 2 2 2 2 2 2 2 2 2 2 2 2 2 2 2 2 2 2 2 2 2 2 2 2 2
left_child=2 5 4 22 12 14 7 -7 18 16 11 -11 29 -8 15 -2 28 -10 -5 20 -6 -18 23 -3 -12 -14 -16 -21 -4 -1
right_child=1 3 9 8 19 6 13 -9 17 10 24 -13 25 -15 26 -17 21 -19 -20 27 -22 -23 -24 -25 -26 -27 -28 -29 -30 -31
leaf_value=-0.023938016237081049 -0.0019276761296846477 0.017870031038044125 -0.0014427730681117953 0.0084672596852794733 -0.0094440617952288464 0.0077602024888012329 0.0048313521155116668 0.0019654942967713088 0.013935923973525534 0.0019247428455141198 -0.012172858953956159 -0.0067743621355243642 -0.016923542851880701 -0.0039178991276999295 -0.00019397970937069578 0.0088854407937662382 -0.0082528316447907923 0.0093977344550459831 0.0034737912995485066 -0.014500933477414147 -0.013515275178589364 0.012268360588927532 0.0081869631197576294 0.012781652585464239 -0.0057040356354279122 -0.012348688966128715 0.0053391686320907973 -0.0086796505629050582 -0.0067168876319880525 -0.019798166443039299
leaf_weight=919.44383466243744 8733.6237328797579 6602.2794877141714 1248.3607116043568 1579.0392079055309 6145.0534963458776 6941.0322565883398 658.76770904660225 4296.3734727203846 1692.5312391072512 4206.401082187891 588.17088587582111 2113.2474904209375 2956.7926833927631 2034.2067354917526 600.49854737520218 343.87654560804367 6217.1754281371832 6574.4551180154085 3465.9499331563711 2270.3893543183804 1847.7848708033562 48.806268393993378 249.23915712535381 791.40984670817852 966.66978840529919 789.97917100787163 1209.1408171653748 317.47300431132317 379.02066832780838 944.21342149376869
leaf_count=2472 32545 44168 4182 7707 17734 33629 2800 17597 9629 15314 1837 6636 7941 7566 2184 1414 19195 35868 15752 6247 5089 162 1335 4502 2942 2146 4875 889 1131 2539
internal_value=-2.74423e-05 0.00635757 -0.00917221 0.0114971 -0.0135373 0.00201795 0.00412919 0.00554472 0.00832199 -0.00468997 -0.00239931 -0.000984179 -0.0179127 -0.00177762 -0.000683447 -0.00151805 -0.00697516 0.0103269 0.0050367 -0.0112172 -0.0103852 -0.00809299 0.0170274 0.0173254 -0.00815109 -0.015959 0.00350309 -0.0137868 -0.00267113 -0.0218406
internal_weight=77731.4 45772.4 31959 20954.9 16191.1 24817.5 13930.4 11237.4 13312 15767.9 7874.49 6319.65 5610.43 2692.97 10887.1 9077.5 7893.36 8266.99 5044.99 10580.7 7992.84 6265.98 7642.93 7393.69 1554.84 3746.77 1809.64 2587.86 1627.38 1863.66
internal_count=318027 221571 96456 118961 45057 102610 61592 51226 68956 51399 26729 21950 15098 10366 41018 33959 24670 45497 23459 29959 22823 19357 50005 48670 4779 10087 7059 7136 5313 5011
is_linear=0
shrinkage=0.03


Tree=68
num_leaves=31
num_cat=0
split_feature=2 2 8 13 2 2 2 2 10 11 2 1 4 9 8 13 5 3 2 5 3 2 13 2 11 13 6 2 6 8
split_gain=4456.62 686.06 510.196 194.562 114.878 73.8714 73.2196 64.2578 53.4197 38.9175 35.1705 35.1583 32.8857 32.1558 31.0999 23.3005 22.8238 20.1567 18.379 17.0443 16.2187 15.0675 14.8565 14.6625 13.4821 11.7984 10.316 8.0679 6.7393 6.68824
threshold=0.27096551656723028 0.49134542047977453 0.19874102622270587 0.24537940323352816 0.66189122200012218 0.15656355768442157 0.34486424922943121 0.17330244928598407 0.45424275100231176 0.48354765772819525 0.82174551486969005 0.36613485217094427 0.23126692324876788 0.45555077493190771 0.30642987787723547 0.33175615966320043 0.46027442812919622 0.31354314088821417 0.14153929799795154 0.4237660020589829 0.20517668873071673 0.1916129142045975 0.20799657702445987 0.10496879741549493 0.60148230195045482 0.097577527165412917 0.09100098162889482 0.88870060443878185 0.097592394798994078 0.17728447914123538
decision_type=2 2 2 2 2 2 2 2 2 2 2 2 2 2 2 2 2 2 2 2 2 2 2 2 2 2 2 2 2 2
left_child=2 6 5 11 9 8 12 15 22 16 24 18 25 19 -9 -5 -3 -15 -4 -8 28 -13 -1 -10 -6 -2 -14 -12 -7 -22
right_child=1 4 3 7 10 20 13 14 23 -11 27 21 26 17 -16 -17 -18 -19 -20 -21 29 -23 -24 -25 -26 -27 -28 -29 -30 -31
leaf_value=-0.0079323722288350829 0.018088008592716306 0.009770596465674887 -0.0012973200835413028 -0.0077161378625674893 0.018973788739425627 -0.01694035024855307 0.00478905112011648 -0.0071738862918334948 -0.01874665893684542 0.0088530873833420759 0.022240557497324353 -0.0048089148628777893 -0.008638231902056823 0.03951826706036566 -0.0022400662104414457 -0.011890868644957907 0.015968766330642412 0.013032152923506263 0.0046116324698959243 0.0080228328074876832 -0.012451824836244763 0.00073682626261229649 -0.013412396874505631 -0.015348496199566989 0.013724894020305533 0.0061801479217518298 0.0012381311806821686 0.027188266921653312 -0.002985602141117781 -0.0077579268893593466
leaf_weight=559.25036762654781 81.701957836747169 657.71354578435421 693.92978795617819 2130.868251055479 2497.3122475296259 33.487994603812695 2557.3919370546937 2848.8096334710717 3153.1841615363955 1372.6246483772993 886.40864235162735 1233.5776495859027 97.867449782788754 27.293451175093651 1928.0164832174778 2763.9679110497236 2858.6520199626684 492.33707717061043 1493.030887067318 3440.1322214901447 672.85972889512777 686.19776155054569 2184.0435126870871 1792.3764199316502 534.71735897660255 897.56546059250832 3469.6929445266724 445.78891757130623 445.5134515017271 459.96569366008043
leaf_count=4071 334 2847 4246 18929 8152 365 14774 24981 40744 5863 2534 9646 758 130 15171 28477 11339 1970 7904 18260 6703 4658 22022 21988 1844 4348 24630 1209 4803 4327
internal_value=2.07521e-05 0.0102672 -0.00899954 -0.00533483 0.0162953 -0.0144286 0.00522573 -0.00765783 -0.0156527 0.0131371 0.0198333 0.000135996 0.0023039 0.0072642 -0.0051825 -0.0100735 0.0148094 0.0144233 0.0027367 0.00664392 -0.0085891 -0.00282666 -0.0122952 -0.0175151 0.0180481 0.00717364 0.000967197 0.0238962 -0.00396121 -0.0105459
internal_weight=43396.3 20317.2 23079.1 13778.4 9253.22 9300.68 11064 9671.66 7688.85 4888.99 4364.23 4106.74 4546.83 6517.15 4776.83 4894.84 3516.37 519.631 2186.96 5997.52 1611.83 1919.78 2743.29 4945.56 3032.03 979.267 3567.56 1332.2 479.001 1132.83
internal_count=318027 98992 219035 114012 33788 105023 65204 87558 88825 20049 13739 26454 30070 35134 40152 47406 14186 2100 12150 33034 16198 14304 26093 62732 9996 4682 25388 3743 5168 11030
is_linear=0
shrinkage=0.03


Tree=69
num_leaves=31
num_cat=0
split_feature=0 10 3 3 13 0 0 0 13 0 12 13 0 5 12 12 11 2 12 0 0 13 2 11 14 0 11 11 10 0
split_gain=3881.21 625.752 539.767 320.517 115.827 109.602 108.28 75.0934 55.4487 51.6667 48.1287 50.1085 39.4966 37.9246 29.4083 24.8539 23.8738 22.5089 25.9148 24.3231 22.0969 21.5291 21.158 20.779 19.4857 18.6918 14.7569 10.9353 7.83429 6.3384
threshold=0.31576453149318701 0.44398394227027899 0.49155512452125555 0.15996389091014865 0.33624303340911871 0.23742894083261493 0.69883990287780773 0.39453320205211645 0.34687256813049322 0.17072525620460513 0.26111020147800451 0.33327458798885351 0.039447518065571792 0.24687415361404422 0.32659201323986059 0.25709941983222967 0.10330191999673845 0.026656442321836952 0.28237318992614752 0.17472666501998904 0.55948734283447277 0.29376924037933355 0.039235267788171775 0.16178027540445331 0.24694088846445086 0.4616833776235581 0.15082093328237536 0.091986600309610381 0.59539783000946056 0.024035328067839149
decision_type=2 2 2 2 2 2 2 2 2 2 2 2 2 2 2 2 2 2 2 2 2 2 2 2 2 2 2 2 2 2
left_child=1 3 7 12 9 17 16 8 24 -5 25 -12 29 -6 26 -10 28 18 -3 -19 -18 -14 27 -24 -2 -9 -7 -8 -4 -1
right_child=2 5 6 4 13 14 22 10 15 -11 11 -13 21 -15 -16 -17 20 19 -20 -21 -22 -23 23 -25 -26 -27 -28 -29 -30 -31
leaf_value=-0.016547043818915128 -0.0050145155892090086 -0.011979840241119642 -0.011686475014650404 -0.0030149089808334415 -0.0020588752786084002 -0.011426564461981733 0.011679363921238793 0.0099714615109075724 0.0027574359880337125 0.0017053113416998777 0.0083697835890461179 0.0021418301980837507 -0.0066396338905520304 -0.0088915538689189558 -0.014086709244339555 -0.0034697095213010289 0.010841142159457848 -0.017303034103512062 0.049509927797956689 -0.013633502969480333 0.014290532067695887 -0.011721306638758183 0.0076929157949442058 0.018468181868561483 0.0058189093511353497 0.018732943048280416 -0.0045807657044204305 0.02473051310937071 0.0044973132351216879 -0.012894621272386041
leaf_weight=752.55815167725086 158.22078237682581 15.76531331241131 39.375219859182835 3256.2997974008322 1105.1493056565523 365.05381230264902 63.389425158500671 513.12489692121744 962.96498361229897 5812.1573360040784 3294.9606553092599 1796.6819888502359 1752.5200922191143 2160.1448689103127 558.67698410153389 1438.6223091483116 3209.158082023263 4377.1800315901637 10.133601836860178 2586.2417795062065 3488.2180604487658 1312.1075799912214 172.58074095845222 2414.6935505867004 2688.3531375452876 382.51562140882015 1266.8740526661277 652.9179250150919 85.107615545392036 990.37994998693466
leaf_count=6930 1077 163 233 22076 9597 4083 216 2992 6950 33990 14496 9862 12729 16639 5756 10192 13478 49145 102 28153 12263 11691 658 7088 13626 1890 10623 1862 477 8990
internal_value=3.0143e-05 -0.00768037 0.00953117 -0.00429531 -0.00173413 -0.0140012 0.0145546 0.005004 0.00238438 1.03756e-05 0.00730023 0.00617213 -0.010866 -0.00657901 -0.00814592 -0.00097281 0.0123957 -0.0158363 0.0120796 -0.0159402 0.0126377 -0.00881533 0.0190127 0.0177494 0.00521676 0.0137134 -0.00611214 0.0235756 -0.000621788 -0.0144716
internal_weight=47682.1 26321.2 21360.9 17141.3 12333.8 9179.93 10125.4 11235.4 5248.16 9068.46 5987.28 5091.64 4807.57 3265.29 2190.6 2401.59 6821.86 6989.32 25.8989 6963.42 6697.38 3064.63 3303.58 2587.27 2846.57 895.641 1631.93 716.307 124.483 1742.94
internal_count=318027 220667 97360 122642 82302 98025 36275 61085 31845 56066 29240 24358 40340 26236 20462 17142 26451 77563 265 77298 25741 24420 9824 7746 14703 4882 14706 2078 710 15920
is_linear=0
shrinkage=0.03


Tree=70
num_leaves=31
num_cat=0
split_feature=1 11 1 1 13 4 13 13 1 0 1 0 1 10 10 2 12 1 6 8 5 12 10 14 2 11 5 0 4 12
split_gain=5040.92 955.227 844.639 273.427 233.932 167.549 145.658 108.542 67.8955 66.0725 63.5442 58.3289 45.0478 36.1564 27.3401 25.9617 25.7123 24.9913 21.0374 20.7721 20.2702 18.0141 16.9966 15.0774 13.9526 13.6016 10.8906 9.98672 8.96806 6.71815
threshold=0.40950830280780798 0.16178027540445331 0.23720019310712817 0.61627459526062023 0.33033031225204473 0.13149446249008181 0.27186726033687597 0.34220901131629949 0.33660043776035314 0.093206025660038008 0.64243838191032421 0.39808215200901037 0.092775564640760436 0.50247400999069225 0.38345369696617132 0.022905168123543266 0.32324843108654028 0.15132067352533343 0.16379093378782275 0.15760854631662372 0.2776522189378739 0.27252463996410375 0.36529237031936651 0.22799652069807055 0.026656442321836952 0.59329792857170116 0.2893995493650437 0.041369054466485984 0.076339684426784529 0.30775596201419836
decision_type=2 2 2 2 2 2 2 2 2 2 2 2 2 2 2 2 2 2 2 2 2 2 2 2 2 2 2 2 2 2
left_child=2 10 5 4 14 12 16 9 23 -5 15 -6 28 17 -3 -2 27 -7 -9 24 -10 -17 -18 -8 -12 -14 -21 -4 -1 -15
right_child=1 3 6 7 11 13 8 18 20 -11 19 -13 25 29 -16 21 22 -19 -20 26 -22 -23 -24 -25 -26 -27 -28 -29 -30 -31
leaf_value=-0.022196999599268245 -0.020050850963366142 -0.0018600053383765061 -0.0089917201098177642 0.0086610477396582911 0.0059518690137617455 -0.013990798640705224 -0.00046789575686792675 0.013805509929095353 -0.0022023460544643358 0.0026284037230559438 -0.0023317123296674107 -0.00096545969544651277 -0.015803322408351302 -0.0050119741896292721 0.0060481596919770347 0.0091151929946633042 -0.0083162039789932383 -0.010449977418695388 0.0099822395270808256 0.014706914552789462 0.0012536863910499866 0.014191007059017664 0.013440267305293357 -0.0049202413406798946 0.018242582550736637 -0.01009662497267586 0.0058806200793671279 -0.002615744869620646 -0.018620408943553272 0.00303494991947393
leaf_weight=1236.2587020993233 22.689771950244904 7411.583136588335 271.31549748778343 3335.0518260300159 10656.640657663345 2406.7193614840508 779.04212668538094 2073.204719632864 2436.3452342301607 3203.5282726883888 29.827951237559319 1223.0176928043365 2959.2184077501297 316.01522296667099 415.50863689184189 1043.028413772583 6310.0191411972046 7046.7364607453346 3452.0166096389294 787.44512347877026 4093.8631531894207 1586.3577723801136 32.483192414045334 5642.3191463053226 5441.0452013164759 430.58567947149277 149.74218793213367 1194.3636505901814 1288.672584682703 132.53717046976089
leaf_count=3345 80 27475 857 16793 49770 6491 2709 12096 9087 14361 155 4975 7941 981 1839 5812 18858 19795 19291 5251 15388 9117 106 18164 37586 1170 908 3756 3452 418
internal_value=-3.13798e-05 0.00721454 -0.00812006 0.00476414 0.00258661 -0.0133429 -0.0041408 0.00832123 -0.00218964 0.0057054 0.0158072 0.00523973 -0.017338 -0.0109565 -0.00144019 0.0119018 -0.00737721 -0.0113514 0.0114168 0.0174235 -3.57193e-05 0.0121775 -0.00820478 -0.00438008 0.0181304 -0.0150784 0.0132967 -0.00379602 -0.0203716 -0.00263429
internal_weight=77407.2 40830.7 36576.5 31770.6 19706.8 15816.7 20759.8 12063.8 12951.6 6538.58 9060.14 11879.7 5914.74 9902.01 7827.09 2652.08 7808.18 9453.46 5525.22 6408.06 6530.21 2629.39 6342.5 6421.36 5470.87 3389.8 937.187 1465.68 2524.93 448.552
internal_count=318027 205509 112518 146600 84059 43593 68925 62541 45348 31154 58909 54745 15908 27685 29314 15009 23577 26286 31387 43900 24475 14929 18964 20873 37741 9111 6159 4613 6797 1399
is_linear=0
shrinkage=0.03


Tree=71
num_leaves=31
num_cat=0
split_feature=5 8 1 7 5 5 5 5 1 11 5 13 1 5 1 10 14 0 1 0 0 1 14 13 12 8 5 9 8 0
split_gain=3722.69 590.472 502.606 202.502 125.605 103.811 86.5975 77.6979 59.111 53.0857 52.1792 39.7768 31.1708 22.596 22.2747 22.2018 19.3212 18.8945 18.4419 38.7958 17.8561 31.8922 30.7438 16.8554 16.4523 14.7519 13.1672 12.4703 10.8389 9.35726
threshold=0.35823670029640203 0.18809630721807483 0.26413767039775854 0.34457162022590643 0.58036962151527416 0.43737989664077764 0.26966696977615362 0.25277000665664678 0.5752931833267213 0.15811298042535785 0.22858570516109469 0.25517283380031591 0.070107042789459242 0.48169673979282385 0.36894692480564123 0.23423766344785693 0.48523014783859258 0.073308896273374571 0.66483455896377575 0.12054523453116418 0.23224584013223651 0.5956912934780122 0.32905966043472296 0.50456663966178905 0.32093034684658056 0.291448324918747 0.17335959523916247 0.33315949141979223 0.16913386434316638 0.02201743703335524
decision_type=2 2 2 2 2 2 2 2 2 2 2 2 2 2 2 2 2 2 2 2 2 2 2 2 2 2 2 2 2 2
left_child=1 6 4 10 13 20 9 23 14 26 15 -12 29 27 -7 -3 -15 -14 19 -8 21 -4 -22 -5 -10 -9 -1 -2 -11 -6
right_child=2 3 5 7 12 8 18 25 24 28 11 -13 17 16 -16 -17 -18 -19 -20 -21 22 -23 -24 -25 -26 -27 -28 -29 -30 -31
leaf_value=-0.019114746290122081 0.0044652244950876734 -0.0015417489763777119 0.0056983422882313003 -0.0091034744159099769 0.031756275131706979 0.011049202103342115 0.019125208565039811 -0.0056711918691066824 -0.0029872651620260655 -0.013593290719535066 0.0038476568223519861 -0.0025299243408428338 0.020242886787178949 0.014720723992038262 0.0070917091223567322 -0.0076130442485239543 0.004413093617106182 0.016028531107297749 -0.01247727737096847 -0.0049213977723203128 -0.0048346053147744544 -0.0020690398830785759 0.0030271978355699137 -0.015138757080937948 0.014074999670934098 -0.0022556396618024126 -0.015625240352005056 0.010406014138636293 -0.010097335754319049 0.022896094969288527
leaf_weight=2111.546309761703 398.20334374904633 1499.6094423905015 1885.1513880938292 4470.0881238728762 131.93915998935699 2778.1767408102751 67.719875752925873 2790.6776057258248 484.44787402451038 2552.9385585859418 2836.1710233464837 1276.2068779096007 1594.9727029949427 1763.811212092638 2373.6462637484074 848.97864361852407 180.4065947085619 2395.3811532557011 216.42000728100538 557.402084864676 748.97375942766666 636.34018855541945 1112.7895132675767 459.26081378757954 56.828733675181866 1921.8055591657758 1805.2509316504002 1578.8920078128576 1161.226301215589 573.9145675599575
leaf_count=27782 1772 9791 12197 43849 354 12496 548 24348 3614 26261 15898 8848 4930 6414 13790 6522 692 7940 2713 5125 5345 5432 6574 5075 412 15816 24104 6457 11338 1590
internal_value=2.29203e-05 -0.00765176 0.0101122 -0.00427868 0.0154314 0.0055631 -0.0140626 -0.00703262 0.00823498 -0.0150698 -0.000168926 0.00186848 0.018741 0.0114678 0.00922583 -0.00373643 0.0137643 0.017713 -0.00492949 -0.00231641 0.0020928 0.00373811 -0.000135548 -0.00966577 -0.00119589 -0.00427829 -0.0175064 0.00920949 -0.0125003 0.0245523
internal_weight=43269.2 24575.3 18693.9 16102.8 8617.52 10076.4 8472.5 9641.83 5693.1 7630.96 6460.97 4112.38 4696.21 3921.31 5151.82 2348.59 1944.22 3990.35 841.542 625.122 4383.25 2521.49 1861.76 4929.35 541.277 4712.48 3916.8 1977.1 3714.16 705.854
internal_count=318027 228018 90009 130147 30149 59860 97871 89088 30312 89485 41059 24746 14814 15335 26286 16313 7106 12870 8386 5673 29548 17629 11919 48924 4026 40164 51886 8229 37599 1944
is_linear=0
shrinkage=0.03


Tree=72
num_leaves=31
num_cat=0
split_feature=0 10 3 3 13 0 0 0 5 13 12 14 0 0 12 0 2 12 0 13 14 14 9 0 14 0 2 12 10 0
split_gain=3649.85 604.272 495.619 309.198 109.499 109.013 94.146 71.8536 57.2289 51.9513 47.82 47.7667 38.844 34.4993 28.7757 22.3282 25.2413 22.22 20.9715 20.8566 20.7615 20.4211 23.2328 18.3625 16.8014 14.2951 13.5397 11.5696 9.6657 6.34117
threshold=0.31576453149318701 0.44398394227027899 0.49605485796928411 0.15996389091014865 0.2591413706541062 0.23742894083261493 0.69883990287780773 0.39453320205211645 0.24989411979913714 0.34069748222827917 0.26111020147800451 0.19673456996679309 0.039447518065571792 0.15584447979927066 0.32659201323986059 0.17472666501998904 0.026656442321836952 0.25709941983222967 0.82884481549263012 0.29376924037933355 0.23956117779016498 0.22799652069807055 0.2689532339572907 0.43364973366260534 0.25647008419036871 0.28577296435832983 0.079664044082164778 0.36493986845016485 0.50768643617630016 0.024035328067839149
decision_type=2 2 2 2 2 2 2 2 2 2 2 2 2 2 2 2 2 2 2 2 2 2 2 2 2 2 2 2 2 2
left_child=1 3 7 12 13 15 21 9 -6 24 23 -12 29 -5 25 16 -3 -11 27 -14 -17 26 -23 -9 -2 -7 -4 -8 -20 -1
right_child=2 5 6 4 8 14 18 10 -10 17 11 -13 19 -15 -16 20 -18 -19 28 -21 -22 22 -24 -25 -26 -27 -28 -29 -30 -31
leaf_value=-0.016410924863340746 -0.003611464985002756 0.012905742300196667 0.011079983635408241 -0.0020345034105819517 -0.00019167549168193061 -0.0079879086957961587 0.0219077259167006 0.0079964817187444595 -0.0060155899969515274 0.0027631651083497516 -0.0052536057478491773 0.0067504373856189341 -0.0065203753859956496 0.0031815644589169986 -0.013888282243857367 -0.015444431879584662 -0.017164383548911109 -0.0030644058085736868 0.022989459141582451 -0.011549332972909523 -0.0097625920141256005 0.025146249637703171 0.012338806163455091 0.016723981276722765 0.0057805459618595631 -0.0020621100329291293 0.0030952586165784984 0.015925912936485053 0.010884730444433284 -0.012725769303136906
leaf_weight=738.49270225316286 183.38949095457792 25.272341661155224 417.8251243904233 1658.8300317600369 2229.4301747903228 1052.7280031144619 338.01211281120777 348.45797846466303 4762.3764475360513 965.15598893165588 317.22175128012896 5012.4438383132219 1741.165232129395 3657.272529348731 546.76217295229435 1637.4584314897656 4270.3832108452916 1510.3588906601071 832.54379680752754 1293.6754084303975 895.23241660743952 130.37272852659225 5732.2744148373604 574.97653420269489 2627.2860963568091 561.96881923079491 352.28050673753023 2092.3982493132353 63.928660899400711 975.16428425163031
leaf_count=6930 1210 258 1942 10432 18542 10022 1120 2086 34271 6971 2215 23029 12729 19057 5756 19460 49145 10703 2280 11691 8700 579 21170 2886 13131 4684 1629 6196 213 8990
internal_value=3.41929e-05 -0.00751746 0.00918311 -0.00420007 -0.00169118 -0.0138116 0.014086 0.00495137 -0.00415856 0.00237664 0.00712798 0.00603596 -0.010703 0.00155395 -0.00793979 -0.0156702 -0.0169875 -0.000792347 0.0182044 -0.00866409 -0.0134361 0.0120203 0.0126236 0.0134307 0.00516774 -0.00592553 0.00742742 0.0167578 0.0221263 -0.0143139
internal_weight=47545.1 26046.2 21498.9 17056.4 12307.9 8989.81 9959.64 11539.3 6991.81 5286.19 6253.1 5329.67 4748.5 5316.1 2161.46 6828.35 4295.66 2475.51 3326.88 3034.84 2532.69 6632.75 5862.65 923.435 2810.68 1614.7 770.106 2430.41 896.472 1713.66
internal_count=318027 220667 97360 122642 82302 98025 35129 62231 52813 32015 30216 25244 40340 29489 20462 77563 49403 17674 9809 24420 28160 25320 21749 4972 14341 14706 3571 7316 2493 15920
is_linear=0
shrinkage=0.03


Tree=73
num_leaves=31
num_cat=0
split_feature=1 11 1 7 1 1 13 1 7 1 13 1 0 7 11 12 5 0 8 4 11 10 12 7 11 5 5 0 10 5
split_gain=4693.18 923.558 786.033 344.972 161.006 138.444 135.075 81.9298 71.2152 63.3931 63.093 62.8505 60.5009 45.8835 31.5676 29.4711 23.141 21.34 20.9279 20.781 20.0915 18.9039 18.4388 15.4301 13.3567 12.0992 10.7551 10.6248 10.5669 2.02717
threshold=0.40950830280780798 0.16178027540445331 0.23720019310712817 0.42421624064445501 0.099580615758895888 0.61323612928390514 0.27840717136859899 0.64821353554725658 0.16304382681846621 0.33660043776035314 0.31208391487598425 0.64243838191032421 0.39808215200901037 0.52113211154937755 0.13805866241455081 0.31876052916049963 0.049376217648386962 0.062454177066683776 0.15760854631662372 0.30944727361202246 0.54488742351531994 0.37528425455093389 0.27252463996410375 0.074091039597988143 0.21106173098087314 0.055863155052065856 0.2893995493650437 0.041369054466485984 0.39851817488670355 0.32640470564365393
decision_type=2 2 2 2 2 2 2 2 2 2 2 2 2 2 2 2 2 2 2 2 2 2 2 2 2 2 2 2 2 2
left_child=2 11 4 7 23 12 15 10 20 24 -3 16 -5 -7 -10 27 -2 -9 25 -11 -6 -17 -18 29 -8 -13 -20 -4 -25 -1
right_child=1 3 6 5 8 13 9 17 14 19 -12 18 -14 -15 -16 21 22 -19 26 -21 -22 -23 -24 28 -26 -27 -28 -29 -30 -31
leaf_value=-0.024758855758549584 -0.014386134075554037 -0.0019593213234647259 -0.0083094861198027611 0.0058690631725678557 -0.015258022679467641 0.0075693082101865282 -0.00022663373402996334 0.0084383961472238832 0.00059427191961725957 0.0023194758626767444 0.0032066624361343121 0.00023798631996469483 -0.0017654671102978316 0.012348685629791904 -0.0099443923850969732 -0.0078720765885978757 0.0088647450502067748 0.0034002588578939991 0.014449963033402107 -0.001226986939029582 -0.010262866359045171 0.014676724936292509 0.014041511397346544 -0.018068415729966061 -0.0046698750194794142 0.018047577692439538 0.0056156167447746208 -0.001861164641064555 -0.0087453948642872582 -0.021451143996935703
leaf_weight=241.38454496860504 30.322172537446022 6945.586520537734 284.53937321901321 9289.1272738575935 3700.8908621370792 3002.5356504917145 685.47907546162605 1064.6787997037172 264.55765306949615 2379.9456529319286 3067.4215312004089 34.555668771266937 1038.6562783122063 4543.4056376516819 7733.7884649634361 6818.619136929512 1030.6086274236441 2615.3345323652029 769.50919972360134 3963.4164427220821 901.15975317358971 33.626592591404915 1551.3784099370241 2351.8214104473591 5450.0085015892982 5291.4478585571051 147.85583205521107 1199.0809860527515 114.75416553020477 539.35370236635208
leaf_count=655 112 25399 896 44316 9954 15730 2371 5224 845 8730 12902 185 4245 27200 21579 20418 5813 11584 5251 15086 2459 111 9084 6320 17536 37556 908 3777 315 1466
internal_value=-3.47443e-05 0.00701494 -0.00780742 0.00461313 -0.0128417 0.00735812 -0.00397451 0.00103005 -0.0113066 -0.00199931 -0.000376755 0.0155764 0.00510127 0.010447 -0.00959581 -0.0069314 0.0116692 0.00485786 0.0172112 0.000103599 -0.0142799 -0.00776142 0.0119752 -0.0187981 -0.00417346 0.017932 0.0130261 -0.00309787 -0.0176347 -0.0224738
internal_weight=77084.9 40422.4 36662.4 31566.7 15847.7 17873.7 20814.7 13693 12600.4 12478.8 10013 8855.68 10327.8 7545.94 7998.35 8335.87 2612.31 3680.01 6243.37 6343.36 4602.05 6852.25 2581.99 3247.31 6135.49 5326 917.365 1483.62 2466.58 780.738
internal_count=318027 205509 112518 146600 43593 91491 68925 55109 34837 43723 38301 58909 48561 42930 22424 25202 15009 16808 43900 23816 12413 20529 14897 8756 19907 37741 6159 4673 6635 2121
is_linear=0
shrinkage=0.03


Tree=74
num_leaves=31
num_cat=0
split_feature=5 8 1 7 5 5 5 5 11 5 1 13 1 5 10 0 0 1 14 0 1 0 14 13 12 0 5 10 8 0
split_gain=3502.88 572.454 455.044 190.825 127.894 88.6338 86.2274 74.7158 52.3518 51.8941 51.8262 38.0306 30.7546 22.6344 22.5736 21.1191 20.5972 28.9001 26.7337 19.0979 17.768 37.163 17.1642 16.037 15.6471 13.8396 13.4829 11.8604 10.735 9.00278
threshold=0.35823670029640203 0.18809630721807483 0.2785585373640061 0.35181434452533727 0.58036962151527416 0.43737989664077764 0.26966696977615362 0.25277000665664678 0.15811298042535785 0.22858570516109469 0.5752931833267213 0.25517283380031591 0.070107042789459242 0.48169673979282385 0.23423766344785693 0.15324503183364871 0.23224584013223651 0.5956912934780122 0.32905966043472296 0.073308896273374571 0.66483455896377575 0.12054523453116418 0.48523014783859258 0.50456663966178905 0.32093034684658056 0.21553391218185428 0.17335959523916247 0.082533087581396117 0.16913386434316638 0.02201743703335524
decision_type=2 2 2 2 2 2 2 2 2 2 2 2 2 2 2 2 2 2 2 2 2 2 2 2 2 2 2 2 2 2
left_child=1 6 4 9 13 16 8 23 26 14 15 -11 29 27 -3 -7 17 -4 -18 -14 21 -8 -15 -5 -12 -9 -1 -2 -10 -6
right_child=2 3 5 7 12 10 20 25 28 11 24 -13 19 22 -16 -17 18 -19 -20 -21 -22 -23 -24 -25 -26 -27 -28 -29 -30 -31
leaf_value=-0.019021619291544091 0.017182203866549856 -0.0015803485430233401 0.0055057210390119758 -0.0090289429645313661 0.0306392869022677 0.010362875299853537 0.018689916999209823 -0.0023410761590323343 -0.01344436084563354 0.0036359644377295186 -0.0028579745797893082 -0.0023752153474750726 0.019313784010350273 0.013782669464989596 -0.0075453224400749332 0.0062809850955328128 -0.0050293231671681409 -0.0019134837342768066 0.0025360861004186273 0.015170678064248794 -0.012239552699334228 -0.004752651990501241 0.004435224403622701 -0.014980432755117788 0.013719975091815086 -0.0056777916850067403 -0.015441277034155198 0.0080937227397407472 -0.0099429905858510696 0.021962868480614135
leaf_weight=2052.3689250648022 137.66642773151398 1512.9521092697978 1873.9016104638577 4307.7601826116443 132.29299581050873 2839.7154741063714 68.396912112832069 1994.627329595387 2514.0975781530142 2875.5873460322618 481.58068657666445 1412.5255383327603 1666.9359241425991 1976.4999670088291 917.09915425628424 1906.7337582856417 721.61345704644918 631.85965684056282 1007.0030105039477 2507.688365355134 211.41511767357588 552.42783849686384 194.16812865436077 450.05892267078161 57.341980159282684 2547.6365320459008 1757.0188896879554 2108.5218781679869 1147.9074516445398 577.36414539813995
leaf_count=27782 481 9919 12124 42900 354 14195 548 17896 26261 16098 3614 9878 5139 7198 7152 10267 5221 5432 6033 8281 2713 5125 747 5072 412 21232 24104 8921 11338 1590
internal_value=2.4397e-05 -0.00749532 0.00974199 -0.00418157 0.0144612 0.00513111 -0.0138878 -0.00696457 -0.0149081 -0.000329006 0.0077221 0.00165585 0.0178065 0.0107619 -0.00383152 0.00872311 0.00189703 0.00363487 -0.000622105 0.016825 -0.00472795 -0.00216996 0.0129465 -0.00959192 -0.00109406 -0.00421255 -0.0173702 0.00865075 -0.0123468 0.0235803
internal_weight=43142.8 24321.9 18820.9 16018.2 9301.14 9519.75 8303.63 9300.08 7471.39 6718.16 5285.37 4288.11 4884.28 4416.86 2430.05 4746.45 4234.38 2505.76 1728.62 4174.62 832.24 620.825 2170.67 4757.82 538.923 4542.26 3809.39 2246.19 3662.01 709.657
internal_count=318027 228018 90009 130147 32711 57298 97871 87100 89485 43047 28488 25976 15364 17347 17071 24462 28810 17556 11254 13420 8386 5673 7945 47972 4026 39128 51886 9402 37599 1944
is_linear=0
shrinkage=0.03


Tree=75
num_leaves=31
num_cat=0
split_feature=3 3 10 3 0 0 3 7 13 11 12 13 13 10 0 0 0 2 0 11 0 8 11 13 7 0 2 12 0 0
split_gain=3380.05 570.949 424.742 231.444 185.892 111.089 89.7991 73.745 69.4173 40.8855 39.661 41.7684 39.0108 37.1445 36.9441 27.2871 26.88 25.2632 23.7616 23.3231 18.5188 18.5135 17.7305 16.7183 16.3397 15.9375 9.94382 9.88304 8.75315 7.88995
threshold=0.33457429707050329 0.49605485796928411 0.40747708082199102 0.15996389091014865 0.23742894083261493 0.39453320205211645 0.6425803303718568 0.41325795650482183 0.23886542022228244 0.15082093328237536 0.26499359309673315 0.33925022184848791 0.37062816321849829 0.48916459083557134 0.039447518065571792 0.28159508109092718 0.33105565607547766 0.039235267788171775 0.19578295946121219 0.11728821694850923 0.43364973366260534 0.1317754536867142 0.32008878886699682 0.29376924037933355 0.17446135729551318 0.65600726008415233 0.044856579974293716 0.19801958650350573 0.58745044469833385 0.024035328067839149
decision_type=2 2 2 2 2 2 2 2 2 2 2 2 2 2 2 2 2 2 2 2 2 2 2 2 2 2 2 2 2 2
left_child=2 5 3 14 13 7 19 24 22 26 20 -12 -10 27 29 -9 -11 28 -15 -3 -7 -19 -5 -16 -2 -21 -6 -4 -8 -1
right_child=1 6 4 8 9 10 17 15 12 16 11 -13 -14 18 23 -17 -18 21 -20 25 -22 -23 -24 -25 -26 -27 -28 -29 -30 -31
leaf_value=-0.016181161205392116 0.0075497449259988901 0.001328559441264233 -0.017739040131295764 -0.009241511063398369 0.0031968572471031981 0.0069080759895064408 0.012162969464334738 -0.0073023514815747691 -0.0025903341582002369 -0.0056089327909805368 0.0078823874029944497 0.0020098367944450632 -0.0091084794194970283 -0.017292293493924363 -0.0062036200813198016 -0.0005435899103706746 0.0023437259767993819 0.007981276130222625 -0.01246331304420595 0.01086755004763679 0.015978674989409605 0.016565467838723778 0.0021062218399097903 -0.011005984576627773 0.0029793841492351241 0.014532523794639483 -0.012334401569947109 -0.010899003946214106 0.02274175033777109 -0.011902738532093093
leaf_weight=683.02609507739544 868.93190477788448 203.31692430377007 210.81125194579363 128.76084053516388 38.99628796428442 308.31096437573433 77.61372846364975 743.6217974126339 4889.6586392372847 1487.9382668808103 3452.2933994680643 1592.9995148405433 994.446392968297 4201.6462074890733 1736.5047459453344 1940.5329871848226 514.87654045969248 247.15943595767021 1173.1354794800282 4998.2552998960018 590.66814191639423 2655.7635913789272 3297.0192311033607 1045.0500194877386 3709.6104896143079 1358.0194299817085 763.25759323686361 1936.5059191212058 756.74661768972874 897.87840305268764
leaf_count=6472 3680 1052 2112 849 429 1816 295 6812 34156 12626 14905 8598 8071 51077 12767 14260 3451 824 13573 19820 2901 7895 17821 9450 20906 4322 8475 18599 2172 8332
internal_value=6.35627e-05 0.00814991 -0.00785577 -0.00438719 -0.0124479 0.00402132 0.0134453 0.00153215 -0.00171532 -0.00585678 0.00706258 0.00602819 -0.00369194 -0.0149058 -0.0100892 -0.00241605 -0.00356449 0.0171569 -0.0162383 0.0113306 0.0128679 0.0158346 0.00167971 -0.0080079 0.00384676 0.0116506 -0.0115795 -0.0115705 0.0217577 -0.0137512
internal_weight=47503.4 23503.8 23999.5 13672.3 10327.2 13207 10296.9 7262.7 9309.89 2805.07 5944.27 5045.29 5884.11 7522.1 4362.46 2684.15 2002.81 3737.28 5374.78 6559.59 898.979 2902.92 3425.78 2781.55 4578.54 6356.27 802.254 2147.32 834.36 1580.9
internal_count=318518 110258 208260 97918 110342 73878 36380 45658 60897 24981 28220 23503 42227 85361 37021 21072 16077 11186 64650 25194 4717 8719 18670 22217 24586 24142 8904 20711 2467 14804
is_linear=0
shrinkage=0.03


Tree=76
num_leaves=31
num_cat=0
split_feature=1 11 1 13 1 13 1 1 1 1 0 1 13 11 13 10 14 2 10 8 3 6 12 14 8 4 2 9 10 10
split_gain=4363.94 896.115 724.107 251.905 180.47 154.011 143.686 109.383 97.4181 64.1438 48.218 40.8501 38.2901 30.7016 30.657 26.8317 26.4568 21.5842 21.3553 20.2216 17.956 17.3484 16.8859 16.3305 15.8313 15.7114 13.6759 12.391 8.57679 4.15727
threshold=0.40950830280780798 0.16178027540445331 0.20406513661146167 0.33765640854835516 0.64821353554725658 0.24333066493272784 0.61627459526062023 0.099580615758895888 0.32114696502685552 0.64243838191032421 0.43826280534267431 0.82490086555480968 0.18793833255767825 0.43449403345584875 0.27349759638309484 0.50247400999069225 0.29325124621391302 0.018339409492909912 0.22989240288734439 0.17057255655527118 0.16948604583740237 0.16379093378782275 0.40950693190097814 0.19021142274141314 0.41569502651691442 0.076339684426784529 0.029677699320018295 0.25219093263149267 0.40280567109584814 0.090182330459356322
decision_type=2 2 2 2 2 2 2 2 2 2 2 2 2 2 2 2 2 2 2 2 2 2 2 2 2 2 2 2 2 2
left_child=2 9 7 4 14 13 10 25 23 17 -5 -6 22 18 -3 -14 -10 -2 -4 26 -19 -8 -9 -7 -15 29 -11 -21 -27 -1
right_child=1 3 5 6 11 8 21 12 16 19 -12 -13 15 24 -16 -17 -18 20 -20 27 -22 -23 -24 -25 -26 28 -28 -29 -30 -31
leaf_value=-0.022221267428312094 -0.020321270624083787 -0.0025483454931282102 -0.010747616637126641 0.0054137733742024487 0.0041300917748834818 0.00011759455401279941 0.013059893455916606 -0.011147646206082594 0.0013545407461458432 -0.0009789490447212456 -0.004180762964710075 0.0097570252881164932 -0.010384878365314208 -0.00084004375874884918 0.00097185275233833241 -0.00070263164094315597 -0.0020261861430640482 0.0047815816057415628 -0.0063250494024321528 0.015068955487529859 0.012537571175488415 0.0095953400315842378 -0.015034745958500595 -0.0055934250352104812 -0.0065991887849915047 -0.016911996208863057 0.017730748947589314 0.0063262780127127886 -0.0083411592931471323 -0.018762309993771202
leaf_weight=712.1594258248806 19.189814656972885 5181.3640159517527 3404.1462575793266 10835.21228851378 3722.5272615849972 479.39673383533955 2065.6845332831144 1532.3439343571663 3505.4404868781567 35.390610501170158 492.85902814567089 1687.5560715645552 4468.2130711376667 522.47002622485161 3904.4161891341209 273.35494899749756 5135.3747484534979 304.94486753642559 1381.4175709187984 410.26709459722042 2256.7955214828253 3512.9142898321152 2927.1537125110626 7508.3366077542305 2416.1819790005684 1886.9588551223278 5423.7742554098368 226.42265118658543 111.27693158388138 557.55908834934235
leaf_count=1942 65 18462 9641 51057 17405 1678 12465 4137 13158 193 1935 9105 12214 1526 16154 841 18358 1686 4139 2825 13308 20140 7850 23157 7204 5066 39487 1492 305 1523
internal_value=-4.2809e-05 0.00680713 -0.00749875 0.00444915 0.00154737 -0.00448843 0.00693715 -0.0133781 -0.00286242 0.015341 0.00499634 0.00588529 -0.0117035 -0.00798887 -0.00103562 -0.00982669 -0.000654679 0.0113769 -0.00947098 0.0170194 0.0116143 0.0108782 -0.0136991 -0.00525067 -0.00557526 -0.0180928 0.0176095 0.0119598 -0.0164347 -0.0207024
internal_weight=76901.1 40079.3 36821.8 31402.5 14495.9 24352.8 16906.7 12469 16628.5 8676.78 11328.1 5410.08 9201.07 7724.22 9085.78 4741.57 8640.82 2580.93 4785.56 6095.85 2561.74 5578.6 4459.5 7987.73 2938.65 3267.95 5459.16 636.69 1998.24 1269.72
internal_count=318518 205779 112739 146723 61126 78861 85597 33878 56351 59056 52992 26510 25042 22510 34616 13055 31516 15059 13780 43997 14994 32605 11987 24835 8730 8836 39680 4317 5371 3465
is_linear=0
shrinkage=0.03


Tree=77
num_leaves=31
num_cat=0
split_feature=2 2 8 13 2 2 2 2 2 10 2 1 11 0 9 10 2 3 5 6 3 2 2 7 11 13 0 8 0 7
split_gain=3775.9 511.923 481.097 173.266 93.2267 68.6432 55.7393 55.2107 51.9738 37.1635 31.9282 30.5272 26.4892 24.6312 22.7764 22.1617 21.3286 21.0742 17.7893 16.5428 14.5798 13.7595 13.4099 12.5346 12.1979 12.1471 11.3576 7.81761 7.4592 6.03863
threshold=0.27096551656723028 0.49134542047977453 0.18809630721807483 0.31343831121921545 0.66189122200012218 0.17755726724863055 0.12970186024904254 0.34486424922943121 0.17611589282751086 0.46169747412204748 0.85213345289230358 0.26413767039775854 0.52744856476783764 0.49568060040473944 0.45555077493190771 0.11543514579534532 0.12849476933479312 0.18264976143836978 0.31858283281326299 0.10592692717909814 0.31354314088821417 0.40472900867462164 0.23419078439474109 0.14655967801809314 0.60148230195045482 0.1969987899065018 0.29435849189758306 0.14251948148012164 0.045568021014332778 0.074091039597988143
decision_type=2 2 2 2 2 2 2 2 2 2 2 2 2 2 2 2 2 2 2 2 2 2 2 2 2 2 2 2 2 2
left_child=2 7 5 6 12 9 15 13 26 25 24 -8 19 23 21 -4 -11 27 -15 -3 -16 -9 -10 -2 -6 -1 -5 -7 -14 -12
right_child=1 4 3 8 10 17 11 14 22 16 29 -13 28 18 20 -17 -18 -19 -20 -21 -22 -23 -24 -25 -26 -27 -28 -29 -30 -31
leaf_value=-0.0076750584576467436 0.011299606531513585 0.0021461672874711975 0.004851126776924084 -0.0096545685205568967 0.017037704823299474 0.0078692051027199391 0.003388365472209168 0.0045463690845311544 -0.0073517905655693452 -0.018098426031935313 0.027706317895081781 -0.0017888836232206667 0.011590467429340232 0.00021327936780595797 0.033407193925678688 -0.0066839973759728766 -0.013173765911196747 -0.0091346952342971043 0.013613918979020258 0.012961211535373045 0.011352217877037506 0.0074033527007043749 -0.0033409326227690599 0.0013498259443738704 0.012565880288313369 -0.013390722991119833 -0.013012276485772018 -0.0037429349572337075 0.0056339798104799929 0.021345348010800781
leaf_weight=401.75251986831427 117.27884984016418 131.58264981210232 160.77029529213905 2044.5797040760517 2924.8378410041332 100.50592949986458 1423.5108833834529 2800.0805523619056 2164.1960361599922 3643.5485216900706 163.91261959075928 3661.6066955626011 253.75220854580402 130.93415938317776 28.471448197960854 2216.948324881494 1011.1599150151014 638.23329732567072 279.41576844453812 3901.7329495847225 513.63326627016068 3311.31553645432 1148.2818022817373 4017.9883995875716 675.83130532503128 2003.3054945319891 1629.0546015352011 108.51502869278193 743.95962512493134 743.93034487962723
leaf_count=2996 550 621 963 23233 9130 1122 7609 16439 20168 50862 438 26980 1175 588 130 18398 12682 6359 1173 15119 1996 16684 9849 27689 2197 21238 15822 1168 3116 2024
internal_value=6.32607e-06 0.00922623 -0.00854658 -0.00529099 0.0143332 -0.0144957 -0.00211246 0.00487607 -0.00868642 -0.015464 0.017466 -0.000339582 0.0115257 0.00232766 0.00661713 -0.00590405 -0.0170286 -0.00642703 0.00933805 0.0126084 0.0125105 0.00609436 -0.00596141 0.00163201 0.0161984 -0.012436 -0.0111435 0.00184066 0.00714892 0.0224938
internal_weight=43094.6 20738.7 22356 14448.9 9539.54 7907.02 7462.84 11199.1 6986.11 7059.77 4508.51 5085.12 5031.03 4545.62 6653.5 2377.72 4654.71 847.254 410.35 4033.32 542.105 6111.4 3312.48 4135.27 3600.67 2405.06 3673.63 209.021 997.712 907.843
internal_count=318518 99069 219449 123022 33820 96427 53950 65249 69072 87778 13789 34589 20031 30000 35249 19361 63544 8649 1761 15740 2126 33123 30017 28239 11327 24234 39055 2290 4291 2462
is_linear=0
shrinkage=0.03


Tree=78
num_leaves=31
num_cat=0
split_feature=3 3 10 3 0 0 3 7 13 11 12 13 13 10 0 13 0 2 0 11 11 0 13 12 7 11 2 2 4 0
split_gain=3186.69 525.06 408.427 223.215 183.766 102.691 82.9509 67.7125 65.2586 39.054 38.4109 38.3878 37.4565 36.8573 36.1924 26.614 26.4307 24.3257 23.9948 21.4267 16.8913 16.8877 16.0943 15.3257 14.9702 14.6777 9.92232 9.86202 8.42921 7.88213
threshold=0.33457429707050329 0.49605485796928411 0.40747708082199102 0.15996389091014865 0.23742894083261493 0.39453320205211645 0.6425803303718568 0.41325795650482183 0.23886542022228244 0.15082093328237536 0.26499359309673315 0.33925022184848791 0.37062816321849829 0.48916459083557134 0.039447518065571792 0.53156203031539928 0.25925125181674963 0.058795841410756118 0.19578295946121219 0.11728821694850923 0.32008878886699682 0.43364973366260534 0.29376924037933355 0.30660742521286016 0.17446135729551318 0.18634359538555148 0.026656442321836952 0.044856579974293716 0.18990100920200351 0.024035328067839149
decision_type=2 2 2 2 2 2 2 2 2 2 2 2 2 2 2 2 2 2 2 2 2 2 2 2 2 2 2 2 2 2
left_child=2 5 3 14 13 7 19 24 20 27 21 -12 -10 26 29 -11 -9 28 -15 -3 -5 -7 -16 -21 -2 -19 -4 -6 -8 -1
right_child=1 6 4 8 9 10 17 16 12 15 11 -13 -14 18 22 -17 -18 25 -20 23 -22 -23 -24 -25 -26 -27 -28 -29 -30 -31
leaf_value=-0.016047476866027203 0.0072497841864732028 0.0013113935940327534 0.0041879798469668826 -0.0091028045131941702 0.0034400068086863828 0.0068167019149320968 0.021094341375301435 -0.0086021859615458794 -0.0025268784461727044 -0.0052916640387775903 0.0075721050485611698 0.001952060909278348 -0.0089440232530209954 -0.017155947479718561 -0.0061022135307884206 0.0030587373105703448 -0.00087650795410374014 0.0025282366039703968 -0.012250696829099017 0.016129698692512292 0.002017553207389459 0.015454499637771575 -0.010838211970416645 0.010765534033105678 0.0028892668163350487 0.014934680941436558 -0.011661047184817776 -0.01210367512205239 0.016615468449324804 -0.011736238776802754
leaf_weight=670.88809332251549 875.321857213974 203.37641604989767 36.169377624988556 127.68032018840313 38.636776752769947 309.11272394657135 951.24234141409397 487.67069086432457 4875.637037165463 1549.3825171664357 3478.2321359068155 1595.6515721157193 983.80921910703182 4096.0964983329177 1727.1391640231013 441.36171564459801 2180.7517472505569 89.487978845834732 1149.3392216637731 521.83474473655224 3306.219510897994 597.39290051162243 1031.4589258730412 5888.8225748389959 3719.988563477993 2095.8470040261745 2079.0020257979631 747.025783829391 627.73622459173203 885.31691056489944
leaf_count=6472 3680 1052 368 849 429 1816 2651 4643 34156 12420 14905 8598 8071 51077 12767 3657 16429 305 13573 2165 17821 2901 9450 21977 20906 6203 20343 8475 2027 8332
internal_value=6.74355e-05 0.00786888 -0.0076937 -0.00429787 -0.0122523 0.00390961 0.0129214 0.00151265 -0.00167982 -0.00567555 0.00682094 0.0058047 -0.00360433 -0.0147331 -0.0099367 -0.00344032 -0.00228842 0.0164766 -0.0160811 0.010898 0.00160407 0.0125091 -0.00787304 0.0112022 0.00371986 0.0144266 -0.01139 -0.0113393 0.0193137 -0.0135948
internal_weight=47367.6 23622.5 23745.2 13608.1 10137 13244.1 10378.3 7263.73 9293.35 2776.41 5980.39 5073.88 5859.45 7360.61 4314.8 1990.74 2668.42 3764.31 5245.44 6614.03 3433.9 906.506 2758.6 6410.66 4595.31 2185.33 2115.17 785.663 1578.98 1556.21
internal_count=318518 110258 208260 97918 110342 73878 36380 45658 60897 24981 28220 23503 42227 85361 37021 16077 21072 11186 64650 25194 18670 4717 22217 24142 24586 6508 20711 8904 4678 14804
is_linear=0
shrinkage=0.03


Tree=79
num_leaves=31
num_cat=0
split_feature=1 11 1 7 1 1 1 7 13 1 0 1 7 7 13 14 14 5 11 5 8 12 4 14 12 11 2 9 11 7
split_gain=4058.26 865.611 676.927 316.447 159.184 130.532 93.2714 77.781 73.2441 63.4175 54.1973 41.5524 41.198 39.3448 36.7492 24.3377 22.5638 21.5377 21.4389 20.698 20.3299 18.9626 15.4334 15.1474 15.0799 13.7996 13.4924 12.3293 11.6 10.6644
threshold=0.40950830280780798 0.16178027540445331 0.19490862637758258 0.42421624064445501 0.3017870038747788 0.61627459526062023 0.099580615758895888 0.24485611915588382 0.27840717136859899 0.64243838191032421 0.41296806931495672 0.64821353554725658 0.52113211154937755 0.15911624580621722 0.1969987899065018 0.19673456996679309 0.16844701021909717 0.16218995302915576 0.43710598349571234 0.07731283083558084 0.17057255655527118 0.27124585211277014 0.076339684426784529 0.18304322659969333 0.32659201323986059 0.54488742351531994 0.029677699320018295 0.25219093263149267 0.11728821694850923 0.38874423503875738
decision_type=2 2 2 2 2 2 2 2 2 2 2 2 2 2 2 2 2 2 2 2 2 2 2 2 2 2 2 2 2 2
left_child=2 9 6 7 14 10 22 17 24 19 -5 -9 -7 25 18 -15 -10 -3 -4 28 26 -21 -1 -16 -6 -8 -11 -22 -2 -24
right_child=1 3 4 5 8 12 13 11 16 20 -12 -13 -14 15 23 -17 -18 -19 -20 21 27 -23 29 -25 -26 -27 -28 -29 -30 -31
leaf_value=-0.020124116677691466 0.013221344777326536 -0.0098085878915067301 -0.011862532831448433 0.0054192539896451668 -0.0020430052969012853 0.007294406854699273 -0.014830797432072036 0.00077013309708343341 0.0064933670955372056 -0.0010915039646727611 -0.0028228141499499963 0.0047768703855644995 0.011907493274299635 -0.0017298911020925637 -0.00017597696420926356 -0.010327856747952651 -0.00097007722475149223 -0.0025531577909810792 -0.0068546130712565344 0.0083981617635204963 0.014829853065072514 0.013766327565725326 -0.016374088287789922 -0.0062573965354895296 -0.0062529723404653615 -0.010044187994652634 0.017532306731463766 0.0060312611555726498 -0.012224978290266975 -0.0060253458960613853
leaf_weight=1263.0996701717377 23.364072814583778 444.37211111187935 1835.8521533608437 9512.35641489923 977.40473195910454 2913.4806356728077 2878.3776752948761 7743.5640329271555 380.82220135629177 35.243760347366333 776.66459934413433 3331.745285615325 4334.5323045551777 317.53542712330818 385.61376002430916 4430.5129047930241 8540.4307237565517 2148.911856546998 1324.3785263895988 987.1209595054388 401.05368596315384 1480.3932580500841 1900.3677580058575 8360.682739302516 3536.0421363562346 667.83922925591469 5280.137781009078 223.0547913312912 52.024653390049934 94.055160611867905
leaf_count=3465 130 1454 5055 45933 3140 15602 7698 30683 1550 193 3118 15601 26870 943 1335 12041 30880 7462 3762 5716 2825 8988 5113 24893 10808 1798 39487 1492 225 258
internal_value=-4.62098e-05 0.00661224 -0.0072091 0.00430232 -0.00446543 0.00696942 -0.0132279 0.000880392 -0.00222704 0.0151101 0.0047971 0.00197547 0.0100532 -0.0115385 -0.00699112 -0.00975285 -0.000651485 -0.00379641 -0.00976383 0.0111457 0.0168074 0.0116188 -0.0175294 -0.00598927 -0.00534129 -0.0139294 0.0174088 0.0116853 -0.00433879 -0.0158861
internal_weight=76581 39688 36893 31205.6 25341.2 17537 11551.8 13668.6 13434.7 8482.39 10289 11075.3 7248.01 8294.27 11906.5 4748.05 8921.25 2593.28 3160.23 2542.9 5939.49 2467.51 3257.52 8746.3 4513.45 3546.22 5315.38 624.108 75.3887 1994.42
internal_count=318518 205779 112739 146723 81423 91523 31316 55200 46378 59056 49051 46284 42472 22480 35045 12984 32430 8916 8817 15059 43997 14704 8836 26228 13948 9496 39680 4317 355 5371
is_linear=0
shrinkage=0.03


Tree=80
num_leaves=31
num_cat=0
split_feature=2 2 8 13 2 2 2 2 2 10 2 1 0 10 3 9 14 5 6 3 2 2 2 6 13 13 0 7 6 0
split_gain=3558.79 470.518 468.266 165.245 86.3668 68.416 52.8135 51.2895 50.8789 41.5045 30.4695 28.5091 22.5959 21.1956 21.1722 20.7223 19.3381 16.722 15.7158 13.4929 13.0151 12.7638 12.7113 12.4397 12.2908 11.8276 11.6548 10.3802 8.95746 6.96715
threshold=0.27096551656723028 0.49134542047977453 0.18809630721807483 0.31343831121921545 0.66189122200012218 0.1552279740571976 0.12970186024904254 0.34486424922943121 0.17611589282751086 0.46169747412204748 0.82174551486969005 0.26413767039775854 0.49568060040473944 0.11543514579534532 0.17680651694536212 0.45555077493190771 0.48523014783859258 0.31858283281326299 0.09444731101393701 0.31354314088821417 0.23419078439474109 0.10496879741549493 0.40472900867462164 0.09100098162889482 0.1969987899065018 0.12802544981241229 0.29435849189758306 0.074091039597988143 0.17299228161573413 0.041369054466485984
decision_type=2 2 2 2 2 2 2 2 2 2 2 2 2 2 2 2 2 2 2 2 2 2 2 2 2 2 2 2 2 2
left_child=2 7 5 6 16 9 13 12 26 24 23 -8 25 -4 28 22 18 -14 -3 -17 -10 -11 -9 -6 -1 -2 -5 -12 -7 -18
right_child=1 4 3 8 10 14 11 15 20 21 27 -13 17 -15 -16 19 29 -19 -20 -21 -22 -23 -24 -25 -26 -27 -28 -29 -30 -31
leaf_value=-0.007514987550699629 0.015287562337911315 -0.00031419671937328337 0.0047077453536293465 -0.009448892230646929 0.008721236870092991 -0.0046327608245516636 0.0032373110154754622 0.0044125472673902022 -0.0071922308966376868 -0.018569537587591556 0.026894939078003128 -0.0017584210868320503 0.00010702888183964125 -0.0065523544440499086 -0.010018647425901224 0.031840503058477986 0.012005351650356775 0.013060559819322883 0.012257309655007728 0.010870536555690667 -0.0032269816380498216 -0.015088743304742885 0.0071513724897882911 0.01570037221134455 -0.01333566846549719 0.0014131217703760991 -0.012874437895903115 0.019437278987588801 0.0065896890643758529 0.0059192986807815439
leaf_weight=393.90753667801619 56.056926041841507 91.53869840502739 161.49670080840588 2013.1624638810754 249.46771275997162 181.5678866058588 1430.2026306912303 2811.3851050660014 2143.1216663494706 2721.3045867830515 195.97307592630386 3656.5402245670557 131.3683165460825 2200.308540225029 985.76959321647882 29.16808195412159 217.96298311650753 282.72282131016254 4010.6202939003706 518.82250820100307 1141.9551426544785 1455.0951128080487 3333.4748364686966 2923.3470398038626 1907.7956031635404 4083.1067038848996 1607.797102637589 1175.7517723739147 98.864780873060226 758.0582600235939
leaf_count=2961 262 435 963 23233 856 2119 7609 16439 20168 39380 525 26980 588 18398 10452 130 993 1173 15495 1996 9849 19803 16684 9166 20565 27977 15822 3242 1147 3108
internal_value=8.01848e-06 0.00889261 -0.00838204 -0.00517446 0.0137624 -0.0143275 -0.00207512 0.00472576 -0.00851726 -0.0155741 0.0167668 -0.000353807 0.00226947 -0.00578241 -0.00794956 0.00639681 0.0110738 0.00895112 0.0119768 0.0119867 -0.00581383 -0.0173568 0.00589831 0.0151516 -0.0123395 0.00160102 -0.0109699 0.0205027 -0.000676356 0.00727842
internal_weight=42967.7 20868.8 22098.9 14354.6 9622.72 7744.31 7448.55 11246.1 6906.04 6478.1 4544.54 5086.74 4553.25 2361.81 1266.2 6692.85 5078.18 414.091 4102.16 547.991 3285.08 4176.4 6144.86 3172.81 2301.7 4139.16 3620.96 1371.72 280.433 976.021
internal_count=318518 99069 219449 123022 33820 96427 53950 65249 69072 82709 13789 34589 30000 19361 13718 35249 20031 1761 15930 2126 30017 59183 33123 10022 23526 28239 39055 3767 3266 4101
is_linear=0
shrinkage=0.03


Tree=81
num_leaves=31
num_cat=0
split_feature=0 10 3 3 13 0 0 3 14 12 5 0 14 14 0 13 10 2 11 12 2 13 8 12 11 12 5 5 1 1
split_gain=3006.06 542.061 457.742 243.94 101.145 81.7448 79.4167 75.9332 55.7858 48.2371 47.9834 36.9123 35.223 33.0953 33.0783 32.1533 25.5161 24.3406 19.4399 17.5558 17.2282 17.1018 16.7656 15.6793 14.0175 12.665 11.8673 8.88935 7.46937 7.26618
threshold=0.29891385138034826 0.43627518415451055 0.49605485796928411 0.15996389091014865 0.27678273618221289 0.19859292358160022 0.41296806931495672 0.6425803303718568 0.21572279930114749 0.26624570786952978 0.24989411979913714 0.039447518065571792 0.22613228857517245 0.19673456996679309 0.17072525620460513 0.33327458798885351 0.48429754376411444 0.039235267788171775 0.11728821694850923 0.26872706413269049 0.026656442321836952 0.29376924037933355 0.1317754536867142 0.30660742521286016 0.11291329190135004 0.29052467644214636 0.15837372094392779 0.089737396687269225 0.15132067352533343 0.4198592901229859
decision_type=2 2 2 2 2 2 2 2 2 2 2 2 2 2 2 2 2 2 2 2 2 2 2 2 2 2 2 2 2 2
left_child=1 3 6 11 14 16 8 18 19 24 -6 -1 25 -11 -5 -10 20 28 29 -2 -3 -13 -19 -20 -8 -7 -14 -18 -9 -4
right_child=2 5 7 4 10 12 9 17 15 13 -12 21 26 -15 -16 -17 27 22 23 -21 -22 -23 -24 -25 -26 -27 -28 -29 -30 -31
leaf_value=-0.01357947533103347 0.00047622330843957017 0.016242479193931545 0.0036516476529498436 -0.0017020480231379296 -0.00053578506885753772 -0.01025449252132774 0.0029772045405385204 0.023002870489397427 0.0047515483732118559 -0.0048021825491962045 -0.0065562603224951412 -0.0060110496015116904 0.0037229452423497554 0.0062099031661172008 0.0029840932135904723 0.00056373767332080799 -0.0071719443197596315 0.0071432381149697374 0.015779482918242365 -0.0084228115152706236 -0.012006482309533752 -0.010677986448615145 0.015260585916131263 0.010359312610576136 0.014841776773297174 -0.015604752113584242 -0.0072854249325077615 -0.017074785459445248 0.01734063046128468 -0.012776188543143439
leaf_weight=1617.2299523130059 314.69573993980885 19.850347980856895 174.66278792917728 2250.5519950389862 1761.7781502380967 793.24075718969107 102.00107521563768 448.24871560931206 3834.0288615226746 260.70683051645756 3680.3575907126069 1719.1439907699823 93.590035952627659 4245.4375332072377 3409.4118093550205 2896.6596503779292 83.223571769893169 250.28184108436108 523.76359891891479 545.11503972113132 917.99772600084543 1199.9192716479301 2692.9089837819338 5792.6562892347574 738.39541826397181 799.5780388340354 1512.0029339492321 4135.2422430515289 393.95748616755009 28.135301552712917
leaf_count=15742 2725 200 847 14321 15185 9520 637 1231 19001 1789 27454 12785 926 18757 17991 19584 1024 823 2140 4853 9377 11253 7889 21185 3595 9703 13898 52658 1224 201
internal_value=7.06948e-05 -0.00737799 0.00776021 -0.00408211 -0.00168706 -0.0135472 0.00400274 0.0124776 0.00203004 0.00680338 -0.00460726 -0.00994374 -0.00977943 0.00557279 0.00112076 0.00294926 -0.0158844 0.0158572 0.0105152 -0.00516571 -0.0114086 -0.00792946 0.0145703 0.0108088 0.0134017 -0.0129403 -0.00664375 -0.0168794 0.0203543 0.00137252
internal_weight=47234.8 23993.1 23241.7 15638.4 11102.1 8354.73 12937 10304.6 7590.5 5346.54 5442.14 4536.29 3198.41 4506.14 5659.96 6730.69 5156.31 3785.4 6519.22 859.811 937.848 2919.06 2943.19 6316.42 840.396 1592.82 1605.59 4218.47 842.206 202.798
internal_count=318518 212037 106481 114731 74951 97306 70941 35540 46163 24778 42639 39780 34047 20546 32312 38585 63259 11167 24373 7578 9577 24038 8712 23325 4232 19223 14824 53682 2455 1048
is_linear=0
shrinkage=0.03


Tree=82
num_leaves=31
num_cat=0
split_feature=4 11 4 4 4 0 8 13 4 7 2 0 0 12 14 11 13 12 5 7 2 2 0 7 12 8 0 11 11 5
split_gain=3498.45 950.891 488.125 337.216 117.33 110.113 89.1299 86.8273 82.6338 79.531 61.8245 103.711 41.8654 38.3424 30.2933 27.5414 26.225 25.0408 24.9412 21.6959 22.2978 17.8735 17.3209 17.0033 15.3941 13.0571 11.5045 9.81979 7.35494 7.32352
threshold=0.30365824699401861 0.16178027540445331 0.18990100920200351 0.44861793518066412 0.09577448666095735 0.43826280534267431 0.3012645691633225 0.2877048403024674 0.49291293323040014 0.47584730386734014 0.52385285496711742 0.55153834819793712 0.047560809180140502 0.30436871945858007 0.4278420358896256 0.30022367835044866 0.1969987899065018 0.28473389148712164 0.07731283083558084 0.15911624580621722 0.058795841410756118 0.2052566930651665 0.30828852951526647 0.074091039597988143 0.24511735886335376 0.45524767041206365 0.66960743069648754 0.52744856476783764 0.56440019607543956 0.32055115699768072
decision_type=2 2 2 2 2 2 2 2 2 2 2 2 2 2 2 2 2 2 2 2 2 2 2 2 2 2 2 2 2 2
left_child=2 8 4 5 23 6 -3 14 13 17 11 -9 -11 26 16 -12 -4 -5 -15 27 -21 22 -10 -1 -7 -16 -2 -6 -25 -23
right_child=1 3 7 9 19 24 -8 10 21 12 15 -13 -14 18 25 -17 -18 -19 -20 20 -22 29 -24 28 -26 -27 -28 -29 -30 -31
leaf_value=-0.020904646265049651 0.0044693290249850602 0.003608957707212561 -0.010441610152231861 0.0068937664153035684 -0.012568736525056703 -0.010042459833404497 -0.00068063262558430053 0.0011858987626018115 0.01672893883746749 0.013231060019250956 0.0025139989517193109 -0.0071124923772904036 0.0077043829558534494 -0.0034627236170493491 -0.0011503187532562319 -0.0088436806637063776 -0.0063033914971602819 0.002847213540102516 0.013163208756770422 -0.015253664842071918 -0.0085156260744992003 0.011814549985935749 0.011026798525736837 -0.016840848860482101 -0.0036647345202791399 -0.0052188410188881732 -0.011676708650403012 -0.0095198359843513148 -0.012424516759208188 0.0017382460071213755
leaf_weight=860.04814404249191 690.98778085410595 9860.4715576767921 1872.6763908267021 2076.3226442784071 4006.2792779803276 391.52930441498756 7814.3150985687971 5174.2627916783094 5868.1514507979155 1511.1000383943319 220.8724544942379 1836.5353342145681 6717.0083348602057 86.859353005886078 1054.1202975958586 1477.860220938921 5220.4010342359543 4082.427052423358 1247.6523932218552 486.32102750241756 4851.8518625497818 241.57740591466427 522.09947174787521 1482.9486608803272 2619.4149672836065 2174.2227910906076 42.139118671417236 1246.5528483390808 440.11437791585922 88.772298544645309
leaf_count=2366 3493 43231 5431 10349 10822 1401 30059 18444 44542 9365 677 5494 38411 339 3272 4322 15705 18977 7341 1318 13413 1492 3150 4005 9004 6803 143 3459 1203 487
internal_value=-4.94057e-05 0.00547343 -0.00752466 0.00326229 -0.0119168 0.000809059 0.00171246 -0.00443804 0.0142977 0.00678961 -0.00223211 -0.000987932 0.00871936 0.0090531 -0.00629947 -0.00736693 -0.00739594 0.00421144 0.0120811 -0.0104764 -0.00912948 0.0159113 0.0162631 -0.0173983 -0.00449406 -0.00389038 0.00354128 -0.0118452 -0.0158301 0.00910682
internal_weight=76265.9 43860.8 32405.1 35072.6 13374.1 20685.7 17674.8 19031 8788.24 14386.9 8709.53 7010.8 8228.11 2067.64 10321.4 1698.73 7093.08 6158.75 1334.51 10591 5338.17 6720.6 6390.25 2783.11 3010.94 3228.34 733.127 5252.83 1923.06 330.35
internal_count=318518 221784 96734 160797 36586 83695 73290 60148 60987 77102 28937 23938 47776 11316 31211 4999 21136 29326 7680 29012 14731 49671 47692 7574 10405 10075 3636 14281 5208 1979
is_linear=0
shrinkage=0.03


Tree=83
num_leaves=31
num_cat=0
split_feature=2 2 14 13 2 2 2 2 12 2 7 3 2 7 11 11 10 10 5 13 2 2 11 10 2 14 4 7 0 1
split_gain=3357 480.637 379.751 139.97 105.48 89.6825 79.7234 64.3233 43.2518 41.9645 35.5199 30.5102 29.0655 25.3931 23.7135 21.3024 26.1438 20.6133 15.3272 14.7031 12.7347 12.0626 11.3 10.2028 9.86449 9.77595 7.9945 6.99195 6.92994 5.75049
threshold=0.2587514221668244 0.49134542047977453 0.26015491783618933 0.31756132841110235 0.14023505896329883 0.093110822141170516 0.66189122200012218 0.32363207638263708 0.48387707769870764 0.16064437478780749 0.22196365892887118 0.19965097308158877 0.85213345289230358 0.45970484614372259 0.52744856476783764 0.49208632111549383 0.26429086923599249 0.46420656144618994 0.44852244853973394 0.40608505904674536 0.046481056138873107 0.2278716638684273 0.60148230195045482 0.15989819914102557 0.10496879741549493 0.30716545879840856 0.52174049615859996 0.19347756356000903 0.045568021014332778 0.049163263291120536
decision_type=2 2 2 2 2 2 2 2 2 2 2 2 2 2 2 2 2 2 2 2 2 2 2 2 2 2 2 2 2 2
left_child=2 7 4 5 17 20 14 10 -7 19 23 13 22 -6 18 16 -9 -1 -3 -5 -4 -13 -8 -2 -19 -12 -11 -17 -16 -14
right_child=1 6 3 9 11 8 12 15 -10 26 25 21 29 -15 28 27 -18 24 -20 -21 -22 -23 -24 -25 -26 -27 -28 -29 -30 -31
leaf_value=-0.013199671015858363 0.0038549106469908207 0.0069868076573097702 -0.012733521578393643 -0.0099647777952748765 0.033716871384974756 -0.0021279611498061786 0.015707446962478805 0.0091413991505628466 0.0048916992120147914 -0.0071870436216099351 -0.0020816009517873007 -0.011754109047095571 0.025015886046585962 -0.004240879755038774 0.010778005583554306 0.0054075352371957741 0.0051795107248374123 -0.018388037057449642 0.012382762082513548 -0.014474730176949792 -0.0070940861439435249 -0.0052481333980616785 0.011440903941444874 0.010604101097595197 -0.015102658464857248 0.001217306741124087 -0.0028779642732203606 0.00075692293063022754 0.005087203761687171 0.019515547457822566
leaf_weight=1505.7583702839911 451.98027203977108 546.42219865322113 498.36180220544338 1683.8686763979495 16.250970795750618 4904.2948352396488 2977.2057767510414 2276.0154087394476 941.6570323780179 2226.2145476788282 1355.1042922735214 1624.4868323281407 228.00199317932129 662.66139828413725 258.62731175124645 440.0205113440752 4391.0099448636174 2596.3794238306582 3563.2582610249519 1060.2212042696774 1301.6209526881576 304.56993466615677 687.7486314624548 363.87311939895153 1203.9139146506786 2004.1604981571436 469.15502670407295 858.82647611200809 754.19617608189583 685.0713769197464
leaf_count=15668 2112 2281 4754 18532 154 36174 9130 9846 5314 20641 10819 17193 609 8053 1175 2026 25901 38629 13459 12568 11190 2760 2197 1788 16791 13946 4915 4924 3116 1853
internal_value=1.00071e-05 0.00824436 -0.00855456 -0.00541714 -0.0137421 -0.00280012 0.0132231 0.00426642 -0.000997245 -0.00909574 0.00125021 -0.00880193 0.0160999 -0.00333229 0.010652 0.00584729 0.00653204 -0.0161702 0.0116653 -0.0117073 -0.00865548 -0.0107269 0.0149068 0.00686507 -0.0173472 -0.00011345 -0.00643701 0.00233245 0.00654037 0.020889
internal_weight=42840.9 21841.5 20999.4 13085.4 7914.02 7645.93 9700.53 12141 5845.95 5439.46 4175.12 2607.97 4578.03 678.912 5122.5 7965.87 6667.03 5306.05 4109.68 2744.09 1799.98 1929.06 3664.95 815.853 3800.29 3359.26 2695.37 1298.85 1012.82 913.073
internal_count=318518 105182 213336 114088 99248 57432 33820 71362 41488 56656 28665 28160 13789 8207 20031 42697 35747 71088 15740 31100 15944 19953 11327 3900 55420 24765 25556 6950 4291 2462
is_linear=0
shrinkage=0.03


Tree=84
num_leaves=31
num_cat=0
split_feature=3 3 10 0 0 0 0 13 7 0 12 13 10 11 13 2 0 8 0 11 5 14 12 2 11 12 2 12 11 12
split_gain=2838.33 450.099 374.091 205.016 173.675 87.822 73.3761 65.0337 58.8307 50.1836 36.4306 50.3566 36.1124 34.43 26.9175 25.8316 24.7388 22.302 22.0579 21.1506 20.1478 17.8322 17.3558 17.0087 13.0844 11.7062 10.3331 10.1673 8.47773 7.09003
threshold=0.33281986415386206 0.49605485796928411 0.40747708082199102 0.068968869745731368 0.23742894083261493 0.35337957739830023 0.66960743069648754 0.37062816321849829 0.42633561789989477 0.17072525620460513 0.25439821183681494 0.33327458798885351 0.48916459083557134 0.15082093328237536 0.53156203031539928 0.039235267788171775 0.17741902172565463 0.21967950463294986 0.024035328067839149 0.10330191999673845 0.38780945539474493 0.21340389549732211 0.3927163183689118 0.079664044082164778 0.14746981114149096 0.29646916687488561 0.11535997688770296 0.19801958650350573 0.095015414059162154 0.26499359309673315
decision_type=2 2 2 2 2 2 2 2 2 2 2 2 2 2 2 2 2 2 2 2 2 2 2 2 2 2 2 2 2 2
left_child=2 5 3 18 12 8 19 9 22 -5 17 -12 27 26 -15 28 -14 -7 -1 29 -9 -10 -2 -21 -17 -20 -6 -4 -8 -3
right_child=1 6 4 7 13 10 15 20 21 -11 11 -13 16 14 -16 24 -18 -19 25 23 -22 -23 -24 -25 -26 -27 -28 -29 -30 -31
leaf_value=-0.01579735140869909 0.00089571263195990856 0.0048746879815891658 -0.017456113901215587 -0.0036926713069733194 -0.0088732881412011081 0.013423904895984972 0.010554245012254071 -0.005758832102024939 -0.0091287822154847691 0.00076015558347851679 0.0067192945090095461 0.0014259854694989927 -0.017280404607486231 -0.0051871704714556554 0.0033315685864045053 0.0060048774266168933 -0.012822113975181609 0.0036358035917947928 -0.010891579813354445 0.013174068802687136 -0.014219036354409277 -0.0020976059401725364 0.0050735211820461742 0.0093099103711185467 0.014321040831980415 -0.0063554465173608831 -0.017099155544824687 -0.010343320055580047 0.020983380119213541 -0.011020043587427683
leaf_weight=649.18941820412874 1880.3019921630621 46.914066009223461 200.45794858038425 4252.4949731305242 564.87829358875751 779.86944437772036 77.957559183239937 625.44708532094955 428.76647764444351 4905.6431621238589 4570.7096000909805 2503.4175625741482 3297.7330578640103 1494.6764959022403 429.83264815807343 179.67072838544846 1696.4050322473049 286.45628316700459 1787.3251950144768 1294.9601547643542 425.82775793224573 1336.6579547673464 1707.7322366908193 4921.1223988905549 3256.0357489734888 717.59275415539742 181.63060967624187 1850.9930946528912 700.40527452528477 54.712983891367912
leaf_count=6480 11062 268 2112 30012 6764 4423 257 5488 4557 29313 19914 14140 43236 12158 3598 686 21328 1554 16466 5287 3359 10603 8891 18179 9418 6089 2046 18545 1958 327
internal_value=7.25356e-05 0.00729019 -0.00744082 -0.00418405 -0.01192 0.00366259 0.0119381 -0.0021187 0.000678165 -0.00130747 0.00562526 0.00484608 -0.0143895 -0.00540587 -0.00328454 0.0150041 -0.015766 0.0107944 -0.0108693 0.00989296 -0.00918571 -0.00380526 0.00288415 0.0101149 0.0138861 -0.0095921 -0.0108747 -0.0110383 0.0199388 -0.00368256
internal_weight=47105.8 24025.7 23080.1 13363.5 9716.61 13493.9 10531.8 10209.4 5353.46 9158.14 8140.45 7074.13 7045.59 2671.02 1924.51 4214.07 4994.14 1066.33 3154.11 6317.71 1051.27 1765.42 3588.03 6216.08 3435.71 2504.92 746.509 2051.45 778.363 101.627
internal_count=318518 111524 206994 97207 109787 75144 36380 68172 35113 59325 40031 34054 85221 24566 15756 12319 64564 5977 29035 24061 8847 15160 19953 23466 10104 22555 8810 20657 2215 595
is_linear=0
shrinkage=0.03


Tree=85
num_leaves=31
num_cat=0
split_feature=1 11 1 7 1 1 7 4 7 1 2 7 7 1 5 4 12 2 14 3 5 8 9 11 11 14 13 2 1 5
split_gain=3522.64 804.721 598.297 292.133 166.466 123.748 68.2904 65.4347 64.7596 53.9367 51.9904 41.2213 40.0884 35.5916 33.3826 32.7864 24.3183 19.4394 19.4278 18.821 18.3261 16.3311 15.2404 13.3554 12.283 11.7369 8.18152 7.38921 7.17949 2.90923
threshold=0.40950830280780798 0.15082093328237536 0.1762252822518349 0.42421624064445501 0.3017870038747788 0.61627459526062023 0.24485611915588382 0.083472747355699553 0.4064596444368363 0.64243838191032421 0.12066118046641351 0.52113211154937755 0.18988862633705142 0.65395548939704906 0.26494206488132482 0.18990100920200351 0.24650284647941592 0.029677699320018295 0.4966543316841126 0.16948604583740237 0.16218995302915576 0.17057255655527118 0.25219093263149267 0.59329792857170116 0.12714691460132602 0.45040285587310797 0.097577527165412917 0.029677699320018295 0.06097793951630593 0.43737989664077764
decision_type=2 2 2 2 2 2 2 2 2 2 2 2 2 2 2 2 2 2 2 2 2 2 2 2 2 2 2 2 2 2
left_child=2 9 7 6 12 10 20 26 14 17 -5 -7 25 -8 -6 23 -10 -2 -14 -19 -3 27 -23 -9 -17 -4 29 -11 -28 -1
right_child=1 3 4 5 8 11 13 15 16 21 -12 -13 18 -15 -16 24 -18 19 -20 -21 -22 22 -24 -25 -26 -27 28 -29 -30 -31
leaf_value=-0.022113600341243864 -0.016769523982967539 -0.0090096528171963453 -0.010765213576499977 -0.0010229585838192564 -0.006592920833290673 0.0068728016844847428 0.00078063004382250708 -0.013163772292667072 -0.0025306362304225718 -0.001296735431387889 0.0053740351653514245 0.011481593951111368 -0.0060104853764040619 0.0045330625230480268 -0.00243185033515341 0.002509299246336263 0.0020920080903054361 0.0036160898197140422 0.0013745832356065624 0.012339047655897143 -0.0023757236782212636 0.01520091533778325 0.0041499024735045867 -0.0083411083897246933 -0.0083941724903692089 -0.0071444586770194225 -0.019566455257992242 0.017228341919149806 -0.01429562611613386 -0.018586058428873304
leaf_weight=424.04266536235809 22.435865268111229 453.53095914423466 2272.5322538018227 1307.8666752278805 2415.7367753535509 2885.1073695272207 7869.9768496155739 6023.8767256438732 1457.3088280111551 19.455623477697372 9095.0748779028654 4425.997068464756 9953.0819612145424 3199.8725521862507 6159.6809209734201 100.71584928035736 3446.4391124397516 252.64250230789185 331.26509618759155 1873.138917863369 2158.2408318519592 333.38497157394886 169.3757813423872 565.30131921172142 1211.580958455801 1248.3697529435158 378.97211539745331 4889.8775685578585 602.1125600039959 417.66605848073959
leaf_count=1164 85 1471 6182 6049 7701 15781 31311 16166 5469 114 44317 28463 29399 15186 20325 308 12883 1454 965 11748 7466 2486 1199 1522 3305 3498 1067 38649 1631 1154
internal_value=-5.2212e-05 0.00624451 -0.00668025 0.00412862 -0.00440306 0.00667186 0.000835809 -0.0130696 -0.00203159 0.0150311 0.0045698 0.00966287 -0.00671851 0.00186532 -0.00360404 -0.0118876 0.000718238 0.0110092 -0.00577261 0.0113024 -0.0035277 0.0166276 0.0114779 -0.01275 -0.00755736 -0.00948144 -0.0181933 0.0171549 -0.0163316 -0.0203632
internal_weight=75964.7 38956 37008.7 31395.7 27284.4 17714 13681.6 9724.27 13479.2 7560.31 10402.9 7311.1 13805.2 11069.8 8575.42 7901.47 4903.75 2148.22 10284.3 2125.78 2611.77 5412.09 502.761 6589.18 1312.3 3520.9 1822.79 4909.33 981.085 841.709
internal_count=318518 205779 112739 150044 86422 94610 55434 26317 46378 55735 50366 44244 40044 46497 28026 21301 18352 13287 30364 13202 8937 42448 3685 17688 3613 9680 5016 38763 2698 2318
is_linear=0
shrinkage=0.03


Tree=86
num_leaves=31
num_cat=0
split_feature=2 2 8 13 2 2 2 2 10 2 7 2 13 11 11 8 3 6 8 2 8 13 6 12 10 7 0 14 6 7
split_gain=3173.2 442.746 411.63 149.798 74.4293 61.9286 60.2269 44.3103 41.0804 37.9838 32.7241 28.0965 26.0663 22.6239 20.6022 33.5242 17.3153 14.0612 13.2247 12.537 12.4004 12.0385 11.3591 10.7613 9.70428 9.69849 9.4846 9.1703 7.95065 6.662
threshold=0.2587514221668244 0.49134542047977453 0.18809630721807483 0.31343831121921545 0.66189122200012218 0.15400318056344989 0.32363207638263708 0.11217619478702547 0.46169747412204748 0.16064437478780749 0.22196365892887118 0.82174551486969005 0.21678765118122104 0.52744856476783764 0.49208632111549383 0.40965761244297033 0.17385536432266238 0.10592692717909814 0.4726464599370957 0.10496879741549493 0.30642987787723547 0.1969987899065018 0.09100098162889482 0.48387707769870764 0.15989819914102557 0.074091039597988143 0.29002062976360327 0.31785134971141821 0.17299228161573413 0.13387975096702578
decision_type=2 2 2 2 2 2 2 2 2 2 2 2 2 2 2 2 2 2 2 2 2 2 2 2 2 2 2 2 2 2
left_child=2 6 5 7 13 8 10 23 21 26 24 22 -9 17 15 -8 28 -3 -16 -10 -11 -1 -6 -4 -2 -13 -5 -12 -7 -15
right_child=1 4 3 9 11 16 14 12 19 20 27 25 -14 29 18 -17 -18 -19 -20 -21 -22 -23 -24 -25 -26 -27 -28 -29 -30 -31
leaf_value=-0.0072419966380226596 0.0036627618633221014 0.0016546066471827057 -0.0077153141983631515 -0.0095696135752624135 0.007863734971979168 -0.004750442848468624 0.0050556414524467255 0.0015157170776081944 -0.018371793675595705 -0.0075126575429679994 -0.0017819468356769638 0.025257328144645305 -0.0027344735188662003 0.010689791725295541 -0.003624478859898402 0.0098397609294063708 -0.0097027582439677424 0.011551779992462569 0.0037834774672016016 -0.014816045308500661 -0.0034133251152075623 -0.013056865093697526 0.014479739682115564 -0.0021443225392893664 0.010219868997162733 0.018051348292286697 -0.013007828642741198 0.0013644657292212789 0.0064453589307038308 0.0049236694888587498
leaf_weight=387.68116843700409 454.43294994533062 133.49343284964561 1317.7592302337289 1625.9409634545445 253.46625134348869 163.63728812336922 4896.5342813581228 2325.1611171737313 2575.6019478999078 2575.8012783005834 1546.506120018661 195.88002926111221 2941.7932346388698 234.00419594347477 274.85346086323261 1803.894118219614 947.01884043216705 4011.5048567503691 1028.3692126721144 1365.6044506132603 894.84950840473175 1847.2509879358113 2973.5600724369287 408.89285787194967 367.33269438147545 1185.1491938829422 1298.9933599159122 1808.6606349274516 87.672045260667801 786.27690078318119
leaf_count=2956 2112 621 11912 19532 856 2000 27187 13772 39380 25431 12288 525 22918 878 1438 8560 10466 15119 5512 19483 7938 20506 9166 2798 1788 3242 13190 12477 1054 3413
internal_value=1.28617e-05 0.00796461 -0.00839472 -0.00525991 0.0127208 -0.0140863 0.00414843 -0.00222542 -0.0152973 -0.00857814 0.00122833 0.0154925 -0.000858175 0.010248 0.00567236 0.00634363 -0.00784507 0.011233 0.00222112 -0.0171397 -0.00645571 -0.0120482 0.0139601 -0.00639603 0.00659382 0.0190734 -0.0110966 -8.58188e-05 -0.000844663 0.00624615
internal_weight=42717.6 21953.9 20763.7 13389.2 9773.33 7374.47 12180.6 6993.61 6176.14 6395.59 4176.93 4608.06 5266.95 5165.28 8003.65 6700.43 1198.33 4145 1303.22 3941.21 3470.65 2234.93 3227.03 1726.65 821.766 1381.03 2924.93 3355.17 251.309 1020.28
internal_count=318518 105182 213336 117491 33820 95845 71362 51400 82325 66091 28665 13789 36690 20031 42697 35747 13520 15740 6950 58863 33369 23462 10022 14710 3900 3767 32722 24765 3054 4291
is_linear=0
shrinkage=0.03


Tree=87
num_leaves=31
num_cat=0
split_feature=3 3 10 0 0 0 13 14 0 0 12 10 12 12 12 2 0 0 0 6 14 5 0 14 12 12 12 5 11 14
split_gain=2673.97 414.048 359.804 197.739 171.306 101.256 62.4375 61.4529 47.5449 42.896 38.2699 35.8167 34.7464 34.5373 33.783 25.2684 25.0185 24.8635 21.8916 21.1326 21.9839 20.0259 19.981 14.4079 11.5742 11.4498 10.1689 8.13687 8.07702 7.01819
threshold=0.33281986415386206 0.45594190061092382 0.40747708082199102 0.068968869745731368 0.23742894083261493 0.66960743069648754 0.37062816321849829 0.2110148221254349 0.17072525620460513 0.35337957739830023 0.29406119883060461 0.48916459083557134 0.25439821183681494 0.39423440396785742 0.32659201323986059 0.039235267788171775 0.17741902172565463 0.33105565607547766 0.024035328067839149 0.56988549232482921 0.19341561943292621 0.38780945539474493 0.60804536938667308 0.314670279622078 0.29646916687488561 0.33678930997848516 0.19801958650350573 0.19793612509965899 0.095015414059162154 0.18667408078908923
decision_type=2 2 2 2 2 2 2 2 2 2 2 2 2 2 2 2 2 2 2 2 2 2 2 2 2 2 2 2 2 2
left_child=2 7 3 18 11 19 8 10 -5 13 22 26 -11 -9 17 28 -13 -6 -1 20 -3 -8 -2 -16 -20 -17 -4 -12 -7 -21
right_child=1 5 4 6 14 15 21 9 -10 12 27 16 -14 -15 23 25 -18 -19 24 29 -22 -23 -24 -25 -26 -27 -28 -29 -30 -31
leaf_value=-0.015663038609702602 0.0020831673969966269 0.0016097109595372629 -0.017342172171269661 -0.003606109391934596 -0.0052421728163462352 0.010128793769488815 -0.0056057670004650475 -0.00065099008128167448 0.00073189956995688534 0.011621600660494173 -0.0064522950411123473 -0.017151104507148025 0.0043178141066376333 0.0048187210375066373 -0.011714305526629261 0.018980789894436762 -0.012617140717344089 0.002464249673109876 -0.010732529890264301 0.02642034311849744 0.0085134704850306185 -0.014086754724789088 0.039089970215324156 0.020769630055597805 -0.0062000011110366652 0.012776221526141837 -0.010159390978786723 -0.013696372660648383 0.02027564153661995 0.011598799707549942
leaf_weight=637.89027943462133 345.10481901466846 441.45619174093008 196.48903093487024 4235.3193537294865 1477.5335717350245 78.461372017860413 620.20058755576611 2951.760848492384 4909.9152732118964 672.10782264918089 446.32259549945593 3215.831168808043 4587.0351160094142 1603.3031636923552 650.2319627404213 292.19632144272327 1661.1331144943833 505.76683311164379 1765.4097940027714 29.274491220712662 6959.0270059481263 420.45128118991852 13.650357648730276 12.525373354554175 711.36681096255779 3190.551983460784 1825.045647367835 203.03365977108479 705.06040398776531 1613.5631306022406
leaf_count=6480 2653 2492 2112 30012 14030 257 5488 19830 29313 3715 4233 43236 21966 8599 6827 968 21328 3616 16466 119 28162 3359 61 93 6089 9234 18545 1655 1965 5615
internal_value=7.47356e-05 0.00703871 -0.0072815 -0.00409216 -0.0117259 0.0105822 -0.00206943 0.00268086 -0.00127711 0.00340539 -0.00437266 -0.0142151 0.00525122 0.00127425 -0.00523648 0.0143919 -0.0156068 -0.00327694 -0.0107071 0.00878493 0.00810165 -0.00903231 0.00349125 -0.0111004 -0.00943072 0.0132968 -0.0108575 -0.00871729 0.0192595 0.0118629
internal_weight=46977 24131.9 22845.1 13300.6 9544.56 13309.6 10185.9 10822.3 9145.23 9814.21 1008.11 6898.5 5259.14 4555.06 2646.06 4266.27 4876.96 1983.3 3114.67 9043.32 7400.48 1040.65 358.755 662.757 2476.78 3482.75 2021.53 649.356 783.522 1642.84
internal_count=318518 111524 206994 97207 109787 48812 68172 62712 59325 54110 8602 85221 25681 28429 24566 12424 64564 17646 29035 36388 30654 8847 2714 6920 22555 10202 20657 5888 2222 5734
is_linear=0
shrinkage=0.03


Tree=88
num_leaves=31
num_cat=0
split_feature=1 11 1 7 1 1 7 4 7 1 0 7 7 0 5 4 10 2 3 5 11 8 9 10 11 11 13 1 2 12
split_gain=3277.57 775.926 562.605 274.086 154.306 117.594 63.8957 63.8722 60.2135 53.4292 50.1506 39.9619 37.9991 33.6456 31.5137 29.3631 24.8608 18.5033 18.4306 17.0359 16.6331 16.4036 15.147 11.5993 10.9839 10.9162 10.3658 7.44271 7.30579 3.61654
threshold=0.40950830280780798 0.15082093328237536 0.1762252822518349 0.42421624064445501 0.3017870038747788 0.61627459526062023 0.24485611915588382 0.089563671499490752 0.4064596444368363 0.64243838191032421 0.41296806931495672 0.52113211154937755 0.18988862633705142 0.079610578715801253 0.26494206488132482 0.18990100920200351 0.38783128559589392 0.029677699320018295 0.16948604583740237 0.16218995302915576 0.15082093328237536 0.17057255655527118 0.25219093263149267 0.50247400999069225 0.59329792857170116 0.47575914859771734 0.097577527165412917 0.06097793951630593 0.043193776160478599 0.48739957809448248
decision_type=2 2 2 2 2 2 2 2 2 2 2 2 2 2 2 2 2 2 2 2 2 2 2 2 2 2 2 2 2 2
left_child=2 9 7 6 12 10 19 26 14 17 -5 -7 25 -8 -6 24 -10 -2 -19 -3 -14 28 -23 -17 -9 -4 29 -28 -11 -1
right_child=1 3 4 5 8 11 13 15 16 21 -12 -13 20 -15 -16 23 -18 18 -20 -21 -22 22 -24 -25 -26 -27 27 -29 -30 -31
leaf_value=-0.022651367358203719 -0.016193557787454755 -0.0086751919918247201 -0.010317332514948669 0.0050336285876589736 -0.0063522475560433391 0.006659475476041633 0.005245280982274521 -0.012540591433270727 0.0043858073557414522 0.01010943412315673 -0.002741015265071145 0.011226871864484882 0.0011103306955089396 0.0010094178658693099 -0.002316144783874978 -0.0083300948210777836 -0.00053051437745831802 0.0034384958657667137 0.012107694126293235 -0.0022945842536056557 -0.0057484520014611977 0.014976463375772093 0.0038679870699145618 -5.5149555851191542e-05 -0.0079187874691693111 -0.0067786702368042209 -0.018688103879600852 -0.013814917201859131 0.017158588035017637 -0.018375892866976547
leaf_weight=238.86444127559662 22.64767524600029 456.04872313141823 2351.0972215235233 9532.0533830374479 2424.9878513067961 2856.018321081996 2078.9266104400158 5645.5358250439167 1238.7095023691654 136.20363187789917 810.1886912882328 4349.895519182086 328.68888825178146 8967.3508184701204 6173.4049852192402 1138.5179960727692 3663.6203698217869 250.74801903963089 1842.5198445022106 2161.8309732228518 9987.2218896448612 325.83640510588884 167.14429640769958 176.0267705321312 504.10399734973907 1177.5311053097248 410.04352876543999 903.72582072019577 4644.5327512100339 699.49738305807114
leaf_count=669 85 1471 6379 47097 7701 15781 9717 15146 4534 1048 3269 28463 1128 36780 20325 3084 13818 1454 11748 7466 29236 2486 1199 529 1356 3301 1162 2449 37715 1922
internal_value=-5.47027e-05 0.00606332 -0.00642701 0.00399377 -0.00422372 0.00647449 0.00080792 -0.0126279 -0.00194164 0.0148047 0.00442458 0.00941661 -0.00644913 0.00180661 -0.00345444 -0.0112918 0.000711731 0.0107774 0.0110692 -0.00340612 -0.00552992 0.0164205 0.0112102 -0.00722202 -0.0121617 -0.00913645 -0.017056 -0.0153359 0.0169578 -0.0194642
internal_weight=75663.5 38601.9 37061.6 31212.3 27345.3 17548.2 13664.2 9716.32 13500.7 7389.63 10342.2 7205.91 13844.5 11046.3 8598.39 7464.18 4902.33 2115.92 2093.27 2617.88 10315.9 5273.72 492.981 1314.54 6149.64 3528.63 2252.13 1313.77 4780.74 938.362
internal_count=318518 205779 112739 150044 86422 94610 55434 26317 46378 55735 50366 44244 40044 46497 28026 20115 18352 13287 13202 8937 30364 42448 3685 3613 16502 9680 6202 3611 38763 2591
is_linear=0
shrinkage=0.03


Tree=89
num_leaves=31
num_cat=0
split_feature=2 2 8 13 2 2 2 2 2 7 13 10 11 11 8 6 2 2 13 8 2 10 13 8 10 13 13 14 0 7
split_gain=2996.66 407.181 400.74 153.468 69.2426 56.2856 53.1834 49.3121 46.1948 30.2396 27.7156 27.6742 21.3952 19.6769 30.9606 18.6271 18.4458 17.2931 16.2454 12.6495 10.812 10.6424 10.1784 9.73659 9.21103 9.18068 9.13434 8.93376 8.58536 6.48349
threshold=0.2587514221668244 0.49134542047977453 0.17450895905494693 0.31756132841110235 0.73010173439979564 0.32363207638263708 0.11217619478702547 0.17755726724863055 0.16064437478780749 0.22196365892887118 0.21678765118122104 0.26617422699928289 0.52744856476783764 0.49208632111549383 0.40965761244297033 0.097592394798994078 0.85213345289230358 0.10496879741549493 0.59885764122009288 0.4726464599370957 0.63357147574424755 0.11909628659486772 0.40276190638542181 0.30642987787723547 0.15989819914102557 0.29525637626647955 0.75997218489646923 0.30501814186573034 0.22885976731777194 0.70975103974342357
decision_type=2 2 2 2 2 2 2 2 2 2 2 2 2 2 2 2 2 2 2 2 2 2 2 2 2 2 2 2 2 2
left_child=2 5 7 6 12 9 21 11 22 24 -8 25 15 14 -7 -3 27 -13 29 -15 -14 -4 -5 -10 -2 -1 -11 -6 -20 -9
right_child=1 4 3 8 16 13 10 18 23 26 -12 17 20 19 -16 -17 -18 -19 28 -21 -22 -23 -24 -25 -26 -27 -28 -29 -30 -31
leaf_value=-0.010153428429580389 0.0034932641715320449 0.00048142585162725261 0.0010556833508544609 -0.0096954383391202308 0.0055246505178325033 0.0049171899540594909 0.0014901022636924788 -0.01028542300473289 -0.0072233345872830049 -0.00018937847390534875 -0.0028206529643004549 -0.017373097195199267 0.0051143781851813149 -0.0035925394812048169 0.0094986089664447285 0.011705932155056321 0.019518820108921781 -0.013660684539022734 0.006155581626746876 0.0036537199043130786 0.010337989963443806 -0.0073299871782692141 -0.013050941651223684 -0.003525841388277667 0.0098591056223733993 0.007448147224778893 0.018821651760316443 0.014858372877421557 -0.013763032979755532 0.0023725704143229762
leaf_weight=575.12679827213287 456.59616838395596 136.59366092085838 147.15211257338524 1706.3589157313108 96.565976902842522 4915.7589088529348 2353.8174953311682 362.5145505592227 2751.7909116595984 3328.3173994570971 3123.7177138924599 3384.5580776482821 846.24764584004879 274.45304112136364 1818.717565253377 5146.2043563574553 915.55002382397652 1694.7501872070134 116.94973741471767 1032.3957714065909 616.36652372777462 1831.7003495693207 1555.0378892235458 835.59915359318256 370.61543121933937 27.966293558478355 22.90270210057497 2085.561212003231 23.366341590881348 40.485717616975307
leaf_count=4863 2112 596 919 18773 322 27187 13931 3894 27707 24561 24631 49733 3632 1438 8560 18650 2462 23926 1383 5512 2119 16249 18847 7480 1788 289 204 6039 247 464
internal_value=1.47473e-05 0.00769083 -0.00823411 -0.0054691 0.0122318 0.00403304 -0.00249108 -0.0145874 -0.00871131 0.00120852 -0.000968227 -0.015413 0.0105267 0.00550072 0.00615445 0.0114157 0.0159448 -0.0161344 -0.00595281 0.00213192 0.00731568 -0.00670641 -0.0112953 -0.00636209 0.00634535 -0.00933722 -5.94545e-05 0.0144453 0.00283861 -0.00901379
internal_weight=42593.7 22062.8 20530.9 14305.2 9843.09 12219.8 7456.39 6225.72 6848.79 4178.43 5477.54 5682.4 6745.41 8041.33 6734.48 5282.8 3097.68 5079.31 543.316 1306.85 1462.61 1978.85 3261.4 3587.39 827.212 603.093 3351.22 2182.13 140.316 403
internal_count=318518 105182 213336 128537 33820 71362 55730 84799 72807 28665 38562 78811 24997 42697 35747 19246 8823 73659 5988 6950 5751 17168 37620 35187 3900 5152 24765 6361 1630 4358
is_linear=0
shrinkage=0.03


Tree=90
num_leaves=31
num_cat=0
split_feature=0 10 3 0 0 13 5 0 11 0 14 7 10 13 0 0 12 5 0 14 9 3 5 12 12 12 7 6 3 12
split_gain=2580.55 493.658 341.67 222.812 89.5577 88.7991 72.5941 69.4674 61.5309 53.1267 42.7033 40.6285 39.4403 29.2307 28.1653 23.908 21.4493 20.2159 17.6469 17.2137 19.5544 15.5989 15.1129 14.6974 12.6305 11.4153 10.1479 9.35489 7.52416 6.43097
threshold=0.29891385138034826 0.40747708082199102 0.49155512452125555 0.073308896273374571 0.19859292358160022 0.26469109952449804 0.25423084199428564 0.69883990287780773 0.16891338676214221 0.4171122163534165 0.22613228857517245 0.61147773265838634 0.49182872474193579 0.33327458798885351 0.15584447979927066 0.024035328067839149 0.29646916687488561 0.20647410303354266 0.863476723432541 0.22799652069807055 0.2689532339572907 0.30065347254276281 0.089737396687269225 0.38169741630554205 0.25845380127429968 0.20248956978321078 0.45751395821571356 0.49201402068138128 0.17829410731792453 0.47062171995639807
decision_type=2 2 2 2 2 2 2 2 2 2 2 2 2 2 2 2 2 2 2 2 2 2 2 2 2 2 2 2 2 2
left_child=1 3 8 15 12 14 -7 19 16 13 24 -11 25 -10 -5 -1 21 -12 23 27 -21 -2 -17 -9 -6 -3 -20 -4 -14 -18
right_child=2 4 7 5 10 6 -8 18 9 11 17 -13 28 -15 -16 22 29 -19 26 20 -22 -23 -24 -25 -26 -27 -28 -29 -30 -31
leaf_value=-0.015667635574609672 -0.0088203306209270506 -0.017637200029470317 0.0035392133338008778 -0.0015756563117493624 -0.0092878734338753058 0.0012972845006708506 -0.0063761603178297986 0.01841275113962007 0.0044922905412382716 0.0062784398766471562 0.00062433060699068567 0.019386026276669278 -0.018051366335641052 0.00063830910855823444 0.0028166795700604766 -0.00044972776888065345 -0.0055411904679672774 -0.0072532820549059364 0.021246001015083556 0.02044931271834818 0.0096642562970594512 0.004773307191786081 -0.0097410946774271808 0.012775027007214307 -0.014716214192591393 -0.010078806516599615 0.004435608598122827 0.01089576638097358 -0.015368337710604167 -0.013210438873568186
leaf_weight=626.52127869427204 98.815349608659744 205.71592007577419 631.23974423855543 2105.1983931213617 666.30236384272575 1546.7139843851328 3926.1850761398673 499.39274640381336 4007.89355866611 4397.3554413616657 360.32702718675137 223.65205165743828 1745.2994573712349 3173.717610642314 3495.6175053045154 168.2436840981245 425.34215892106295 1573.5190137848258 431.56211632490158 155.03384365141392 6284.4767404347658 328.6799546033144 2479.7640758752823 2497.4362063407898 916.25040154159069 1429.3285117521882 34.935840755701065 206.45396395027637 2040.5112205520272 128.02261300384998
leaf_count=6481 1003 2264 2994 13369 8497 13106 29108 1558 19621 19161 3572 1060 23702 21476 18226 1758 3864 14430 1158 658 22267 2484 22445 7052 11580 14948 103 790 28403 1181
internal_value=0.000109628 -0.00697021 0.00711769 -0.00352279 -0.0125048 -0.00148988 -0.00420754 0.0110621 0.00380365 0.00440366 -0.00877616 0.00691283 -0.0149236 0.00278913 0.00116572 -0.0103976 -0.00341622 -0.00578547 0.0145594 0.00939766 0.00992391 0.00163114 -0.00915076 0.0137145 -0.0124307 -0.0110298 0.0199871 0.00535227 -0.0166052 -0.00731549
internal_weight=46809.5 23285.5 23524 14348.2 8937.25 11073.7 5472.9 10740.5 12783.5 11802.6 3516.4 4621.01 5420.86 7181.61 5600.82 3274.53 980.86 1933.85 3463.33 7277.2 6439.51 427.495 2648.01 2996.83 1582.55 1635.04 466.498 837.694 3785.81 553.365
internal_count=318319 211889 106430 104493 107396 73809 42214 36580 69850 61318 38079 20221 69317 41097 31595 30684 8532 18002 9871 26709 22925 3487 24203 8610 20077 17212 1261 3784 52105 5045
is_linear=0
shrinkage=0.03


Tree=91
num_leaves=31
num_cat=0
split_feature=1 11 1 7 1 13 1 7 1 1 13 7 5 4 9 8 10 12 2 11 3 12 11 2 1 2 11 9 7 2
split_gain=3020.62 829.289 438.149 275.896 139.639 115.52 72.0151 59.3418 59.1025 52.7113 49.5439 43.7288 34.6445 33.7124 28.109 25.4605 17.9697 17.2968 16.5854 16.2766 15.2542 14.996 14.4067 13.4732 12.4147 11.9942 11.7194 10.8575 3.72132 3.86897
threshold=0.38293533027172094 0.16528243571519854 0.17123038321733478 0.41100020706653601 0.50045892596244823 0.24333066493272784 0.61627459526062023 0.081495925784111037 0.64821353554725658 0.29222644865512853 0.32031935453414923 0.52113211154937755 0.18572716414928439 0.18990100920200351 0.30118207633495336 0.17057255655527118 0.27942350506782537 0.25975845754146581 0.068781580775976195 0.15811298042535785 0.17242375016212466 0.47062171995639807 0.11728821694850923 0.24058547616004947 0.099580615758895888 0.62018039822578441 0.12964457273483279 0.23491172492504123 0.074091039597988143 0.16484619677066806
decision_type=2 2 2 2 2 2 2 2 2 2 2 2 2 2 2 2 2 2 2 2 2 2 2 2 2 2 2 2 2 2
left_child=2 6 7 8 12 14 18 28 10 21 -3 -6 -5 24 25 23 -16 -10 22 -11 -20 -7 -2 -8 -9 -4 -15 -17 -1 -30
right_child=1 3 5 4 11 9 15 13 17 19 -12 -13 -14 26 16 27 -18 -19 20 -21 -22 -23 -24 -25 -26 -27 -28 -29 29 -31
leaf_value=-0.019351283182547103 0.0074406491366567802 -0.0020095412504633537 -0.0013703021446448208 -0.0030618548587961281 0.0055208074730778425 -0.0052650540924116312 0.016540332527767945 -0.014046583735064141 0.0076647171055268231 0.0054025611223357684 0.0027041565540973922 0.009101146360339327 0.00305131314352979 0.003462058800605431 -0.0082844283965905485 0.013671190635559145 0.001657073886955016 0.0024932864700125523 0.0035430773329453661 -0.0016971286709150473 0.011721466471265027 0.0021817717330771388 -0.0048629733447593309 -0.0027354945980211697 -0.011268516657938047 -0.0064392287122208968 -0.0074864830255811574 0.0062171682026546703 -0.0099331297424485529 -0.017287289760019489
leaf_weight=875.48940667510033 291.88979005813599 8501.006184220314 884.74570116400719 974.0782622396946 5492.3032154738903 6569.8879220187664 5207.7797974571586 2105.3956277370453 762.53183352947235 301.37470257282257 2626.9723258316517 6961.7426194995642 5816.0716801732779 96.049992382526398 7368.7468437850475 398.02723466604948 167.35300129652023 2459.7608913481236 239.74110768735409 8145.4690541774035 1426.9457260221243 252.7373098731041 121.22477577626705 32.841048046946526 4634.8639556467533 800.03214401006699 1048.6088406741619 315.09643130004406 78.669903993606567 354.52243509888649
leaf_count=2446 1707 30549 2654 3952 29053 19419 42814 5752 3857 1210 10913 42673 25541 291 20565 3014 492 11159 1310 27846 8631 745 573 203 12405 2277 2848 2235 217 968
internal_value=-4.63186e-05 0.00535819 -0.00672543 0.00328757 0.00563526 -0.00462907 0.0140171 -0.0123098 0.000139238 -0.00302795 -0.000896783 0.0075222 0.00217435 -0.0113279 -0.00728049 0.0156959 -0.00806366 0.00371707 0.00921129 -0.00144382 0.0105451 -0.00498919 0.00383026 0.0164195 -0.0121363 -0.00377733 -0.00656777 0.0103776 -0.018226 -0.0159517
internal_weight=75312 41628 33683.9 33594.5 19244.2 24490.3 8033.55 9193.6 14350.3 15269.5 11128 12454 6790.15 7884.92 9220.88 5953.74 7536.1 3222.29 2079.8 8446.84 1666.69 6822.63 413.115 5240.62 6740.26 1684.78 1144.66 713.124 1308.68 433.192
internal_count=318319 218184 100135 157697 101219 75208 60487 24927 56478 49220 41462 71726 29493 21296 25988 48266 21057 15016 12221 29056 9941 20164 2280 43017 18157 4931 3139 5249 3631 1185
is_linear=0
shrinkage=0.03


Tree=92
num_leaves=31
num_cat=0
split_feature=2 8 2 13 2 2 2 10 7 2 2 11 6 10 13 3 2 0 11 5 2 14 11 13 8 2 4 13 8 6
split_gain=2785.28 392.994 357.226 130.764 66.4313 63.4215 45.2045 41.6621 39.9413 36.6102 32.7493 21.2959 19.7135 18.9146 18.4662 17.9143 15.3298 13.4274 13.3138 17.807 13.257 12.032 11.5128 11.4178 10.475 9.51092 8.57566 7.47457 7.38049 6.67656
threshold=0.2587514221668244 0.19213367253541949 0.49134542047977453 0.31343831121921545 0.15656355768442157 0.74971690773963939 0.3771051168441773 0.46169747412204748 0.21851094067096713 0.12970186024904254 0.16064437478780749 0.52744856476783764 0.097592394798994078 0.11543514579534532 0.21678765118122104 0.20517668873071673 0.10496879741549493 0.29002062976360327 0.44846402108669287 0.42715169489383703 0.88870060443878185 0.48523014783859258 0.56440019607543956 0.20799657702445987 0.30642987787723547 0.63357147574424755 0.19284065812826159 0.097577527165412917 0.41569502651691442 0.097592394798994078
decision_type=2 2 2 2 2 2 2 2 2 2 2 2 2 2 2 2 2 2 2 2 2 2 2 2 2 2 2 2 2 2
left_child=1 4 6 9 7 11 8 23 27 13 17 12 -4 -3 -11 29 -9 -5 19 -8 22 -10 -7 -1 -12 -13 -17 -2 -20 -6
right_child=2 3 5 10 15 20 18 16 21 14 24 25 -14 -15 -16 26 -18 -19 28 -21 -22 -23 -24 -25 -26 -27 -28 -29 -30 -31
leaf_value=-0.0075062751510108147 0.013473858643047286 0.0048650092359761926 0.00039639942538295328 -0.0086921143836922368 -0.016464027498733123 0.016113435004278549 0.0048276308867415772 -0.018169643905170993 0.0016187821403114743 0.0015517030582347978 -0.0071479174393344032 0.0048447744964981374 0.011270749443382745 -0.0060002149967976395 -0.0022551117686078577 0.019124070492772902 -0.014238098563506137 -0.01294905962349579 -0.003049255135054052 0.0089546189399406107 0.020159547378685774 -0.0037789068539664456 0.01158766588439745 -0.012727527780354816 -0.0033387078077980856 0.0094716038108868233 -0.0098913672167965216 0.0061312239172568389 0.0042414686883175774 -0.00051931248347044702
leaf_weight=473.7782998457551 138.03831174969673 155.00579223036766 154.29947243630886 1500.2545183859766 25.383794359862804 1459.4639773368835 1813.0059902369976 2467.0129510127008 5329.9344159513712 2066.1494352072477 2463.8328962996602 839.78629694879055 5432.0706072002649 2068.2806183770299 2577.4392694979906 9.271169498562811 1398.6228492669761 1200.475271359086 139.72137178480625 1956.2314845770597 455.66440016031265 399.53853303194046 774.22404378652573 1844.2142952233553 882.41164109110832 763.26989629864693 820.01521899551153 1298.516264885664 1183.1785978525877 343.13150256872177
leaf_count=3683 522 917 657 18523 324 4120 9401 39748 36826 12032 24740 3591 19371 17715 19923 56 20714 12424 672 9433 1222 2769 2197 21201 7909 2562 9090 5982 5767 4228
internal_value=-3.87277e-05 -0.00806602 0.00732074 -0.00490986 -0.0135877 0.0115659 0.00389959 -0.0148403 0.00236387 -0.00207698 -0.00812684 0.0100957 0.0109704 -0.0052427 -0.000561282 -0.00712128 -0.0167472 -0.0105843 0.00606076 0.00696953 0.0154961 0.00124238 0.0145447 -0.0116603 -0.00614342 0.00704777 -0.00956698 0.00683678 0.00347144 -0.0016176
internal_weight=42432.2 20295.3 22136.9 12913.8 7381.43 9878.78 12258.2 6183.63 7166.03 6866.88 6046.97 7189.43 5586.37 2223.29 4643.59 1197.8 3865.64 2700.73 5092.14 3769.24 2689.35 5729.47 2233.69 2317.99 3346.24 1603.06 829.286 1436.55 1322.9 368.515
internal_count=318319 213227 105092 114183 99044 33720 71372 85346 46099 50587 63596 26181 20028 18632 31955 13698 60462 30947 25273 18834 7539 39595 6317 24884 32649 6153 9146 6504 6439 4552
is_linear=0
shrinkage=0.03


Tree=93
num_leaves=31
num_cat=0
split_feature=0 10 3 0 0 0 10 5 11 14 2 9 10 14 14 0 2 5 12 12 11 2 10 5 12 2 2 5 11 2
split_gain=2433.19 474.988 316.429 214.917 89.3245 86.1917 64.2841 58.787 47.9839 41.2956 39.6 63.92 39.2576 35.5079 24.3064 23.6879 20.5503 19.9298 18.1983 16.4064 15.7638 15.2051 15.0188 14.9655 12.6777 12.3768 9.96912 8.39539 7.43202 6.12299
threshold=0.29891385138034826 0.40747708082199102 0.45594190061092382 0.073308896273374571 0.19859292358160022 0.66960743069648754 0.22283513098955157 0.25130654871463781 0.16891338676214221 0.22613228857517245 0.12499197199940683 0.21618627011775973 0.48916459083557134 0.32010805606842047 0.22799652069807055 0.024035328067839149 0.039235267788171775 0.20647410303354266 0.27252463996410375 0.48387707769870764 0.16178027540445331 0.11119826138019563 0.11909628659486772 0.089737396687269225 0.25845380127429968 0.026656442321836952 0.058795841410756118 0.089737396687269225 0.10700634866952898 0.068781580775976195
decision_type=2 2 2 2 2 2 2 2 2 2 2 2 2 2 2 2 2 2 2 2 2 2 2 2 2 2 2 2 2 2
left_child=1 3 8 15 12 14 22 -8 18 24 11 -10 25 -12 26 -1 28 -11 21 -16 -18 -2 -5 -17 -6 -3 -4 -14 -7 -20
right_child=2 4 5 6 9 16 7 -9 10 17 13 -13 27 -15 19 23 20 -19 29 -21 -22 -23 -24 -25 -26 -27 -28 -29 -30 -31
leaf_value=-0.015538341004668856 0.0051763988766461468 0.0064784028454020568 0.0090796917659023719 0.0055337870093962929 -0.0090358836867492649 0.01019786158780323 0.0013012168825737055 -0.0048192112787894103 0.02146928005050934 0.00075440704186709401 0.00062805548409080138 0.0049763595171328796 -0.0061607973095069296 0.0045598002914648845 0.0081087939231476464 -0.000318281332590118 0.0048655454198244874 -0.00709167980605726 -0.0016952506746749907 0.011373953741672067 0.013022315143524664 -0.009703226698814427 0.00074590345340842378 -0.0095924174096084138 -0.014531390421301586 -0.01118941993471444 0.0021970161013723571 -0.016629772719103885 0.018954271722370464 -0.0093534698229694718
leaf_weight=616.00095770508051 253.3657204285264 36.536137737333775 252.42056389898062 722.67134019732475 653.78992400318384 99.858851402997971 1940.6941255107522 5188.5881559997797 271.75383142381907 358.37953139841557 3638.2073839828372 953.63963063061237 70.261515930294991 4787.6829244717956 6037.4548966139555 167.27272097766399 228.14321164786816 1558.2058408036828 124.67895667254925 1797.2948806285858 3264.1480725556612 81.751500815153122 3203.2460995912552 2453.8390736356378 894.99403306096792 1531.9189096838236 758.65093483775854 3667.1262620203197 690.13600960373878 381.38202846050262
leaf_count=6481 2185 392 1255 3460 8497 320 15868 36730 1669 3572 21780 5595 952 22700 23632 1758 833 14430 1238 6004 9293 663 17751 22445 11580 16299 3757 51674 1908 3598
internal_value=0.000112264 -0.00681892 0.00687999 -0.00344621 -0.0123146 0.0099842 -0.00145553 -0.00315314 0.00299601 -0.0085685 0.00359495 0.00863397 -0.0147613 0.00286212 0.0082929 -0.0102447 0.0134779 -0.00562455 -0.00387592 0.00885782 0.0124895 0.00154653 0.00162724 -0.00900057 -0.0122116 -0.0107779 0.00391532 -0.016433 0.0178474 -0.0074667
internal_weight=46684.1 23063.5 23620.6 14292.3 8771.21 13128.1 11055.2 7129.28 10492.5 3465.37 9651.28 1225.39 5305.84 8425.89 8845.82 3237.11 4282.29 1916.59 841.178 7834.75 3492.29 335.117 3925.92 2621.11 1548.78 1568.46 1011.07 3737.39 789.995 506.061
internal_count=318319 211889 106430 104493 107396 47002 73809 52598 59428 38079 51744 7264 69317 44480 34648 30684 12354 18002 7684 29636 10126 2848 21211 24203 20077 16691 5012 52626 2228 4836
is_linear=0
shrinkage=0.03


Tree=94
num_leaves=31
num_cat=0
split_feature=1 11 1 7 1 13 7 1 7 1 7 5 1 13 8 4 14 11 14 12 5 10 1 7 9 11 5 9 4 13
split_gain=2808.68 726.913 487.807 231.178 117.864 112.432 96.2636 64.6602 64.1975 62.1317 35.7551 31.6592 28.561 32.3873 25.4971 24.2646 22.4677 17.6367 17.4702 15.3878 17.2638 13.7252 13.708 13.1934 12.7511 12.7426 12.2843 10.7838 8.38003 6.65653
threshold=0.40950830280780798 0.16528243571519854 0.20406513661146167 0.35864409804344183 0.50045892596244823 0.24333066493272784 0.15911624580621722 0.61627459526062023 0.52113211154937755 0.32114696502685552 0.081495925784111037 0.18936100602149966 0.65109893679618847 0.29953514039516455 0.17057255655527118 0.22341442853212359 0.4966543316841126 0.16528243571519854 0.27669493854045873 0.26872706413269049 0.073730487376451506 0.27942350506782537 0.16653923690319064 0.15502126514911654 0.23605275899171832 0.54488742351531994 0.061006065458059318 0.23491172492504123 0.48575800657272344 0.36569766700267797
decision_type=2 2 2 2 2 2 2 2 2 2 2 2 2 2 2 2 2 2 2 2 2 2 2 2 2 2 2 2 2 2
left_child=2 7 6 12 11 16 10 19 -6 17 -1 -5 13 -3 26 22 21 -7 -11 28 -21 -4 -8 -18 -14 -12 -9 -16 -2 -17
right_child=1 3 5 4 8 9 15 14 -10 18 25 -13 24 -15 27 29 23 -19 -20 20 -22 -23 -24 -25 -26 -27 -28 -29 -30 -31
leaf_value=-0.017752597713904378 0.0017673775918543029 -0.0024396689922485081 -0.0074027341214554015 -0.0029505382017823451 0.0049109936174933427 0.0022025770276658421 -0.010214589235699467 0.0012390802925945055 0.0088692487493165859 0.0016725590989052151 -0.01301189214040185 0.0028184294206860211 0.0072650932549270936 0.003054128313013989 0.013433178866927496 -0.002368602135531344 -0.0068757076225366464 -0.0042931880764663045 -0.0012331846577568202 -0.0043520938750073951 0.012126407928437208 0.00074612562288930984 -0.0069622246621364042 -0.00068455377595596806 0.0013666273394263996 -0.0093346518126633769 0.016358578832249726 0.0059395178896704459 0.0082781182072768078 -0.0070905165902695197
leaf_weight=1325.9424468874931 287.14488226175308 5541.2883203923702 6339.0567649900913 1007.5582992136478 7960.6231634914875 395.39095748960972 3113.4503428637981 48.830286577343941 6870.2468504905701 2701.0195848047733 3872.204128742218 5697.016037389636 423.85653518140316 1169.6130854636431 389.693897806108 712.07645377516747 483.2797694504261 7743.9535595476627 5996.2944136112928 60.297341555356979 1120.8887517899275 191.64682051539421 1864.939401447773 862.9069684445858 1487.1735707074404 1085.9725598394871 5057.9841504096985 310.57521153241396 467.74653178453445 431.51944053173065
leaf_count=3696 1540 19599 17969 4125 40802 1381 8379 289 42673 10187 10424 25158 2088 4750 3014 1951 1403 23483 21341 263 7025 574 5069 2616 6479 2954 42728 2235 2872 1252
internal_value=-4.89853e-05 0.00569565 -0.00591447 0.00359041 0.00525238 -0.00347782 -0.0107684 0.013895 0.00674461 -0.00209378 -0.0133767 0.00195147 -0.000560778 -0.00148218 0.0154779 -0.00809101 -0.00643616 -0.00397764 -0.000330783 0.0091471 0.0112852 -0.0071636 -0.00899623 -0.00290717 0.00267488 -0.0122065 0.016214 0.0101097 0.00580157 -0.00415035
internal_weight=75020.2 37900.5 37119.7 30157.4 21535.4 24713.5 12406.1 7743.16 14830.9 16836.7 6284.12 6704.57 8621.93 6710.9 5807.08 6121.99 7876.89 8139.34 8697.31 1936.08 1181.19 6530.7 4978.39 1346.19 1911.03 4958.18 5106.81 700.269 754.891 1143.6
internal_count=318319 205640 112679 145674 112758 78954 33725 59966 83475 56392 17074 29283 32916 24349 48266 16651 22562 24864 31528 11700 7288 18543 13448 4019 8567 13378 43017 5249 4412 3203
is_linear=0
shrinkage=0.03


Tree=95
num_leaves=31
num_cat=0
split_feature=2 8 2 13 2 2 2 10 7 2 2 1 11 6 3 2 1 0 11 0 13 13 0 13 0 0 4 13 8 6
split_gain=2628.9 381.744 328.669 124.875 66.2391 58.8102 41.9015 41.1865 36.7509 34.9805 32.1236 24.0393 20.0627 20.117 17.9218 15.5503 14.9489 13.5712 12.765 14.2732 12.0287 11.1894 10.2305 10.0461 9.68688 9.34654 8.17871 7.16999 7.11004 6.57443
threshold=0.2587514221668244 0.19213367253541949 0.49134542047977453 0.31343831121921545 0.15656355768442157 0.74971690773963939 0.3771051168441773 0.46169747412204748 0.21851094067096713 0.11217619478702547 0.16064437478780749 0.140864372253418 0.53882578015327465 0.097592394798994078 0.20517668873071673 0.10496879741549493 0.049163263291120536 0.29002062976360327 0.44846402108669287 0.13873963057994845 0.75455528497695934 0.20799657702445987 0.18862377852201465 0.21464725583791736 0.043418616056442268 0.045568021014332778 0.19284065812826159 0.24112468957901004 0.48691205680370336 0.097592394798994078
decision_type=2 2 2 2 2 2 2 2 2 2 2 2 2 2 2 2 2 2 2 2 2 2 2 2 2 2 2 2 2 2
left_child=1 4 6 9 7 12 8 21 27 23 17 -11 13 -4 29 -9 -7 -5 19 -8 -10 -1 -12 -3 -18 -14 -16 -2 -20 -6
right_child=2 3 5 10 14 16 18 15 20 11 22 -13 25 -15 26 -17 24 -19 28 -21 -22 -23 -24 -25 -26 -27 -28 -29 -30 -31
leaf_value=-0.0073863703387658814 0.0068986466904866579 -0.0030847935915011 -3.031748467899022e-06 -0.008505123249072084 -0.016314001077308196 0.021558136788788238 0.010771358911642905 -0.018067366188994901 0.0011130182105424675 0.0058171284908134762 -0.0032695420591392281 -0.001462687665968845 0.010374261552182807 0.010815218510657174 0.018408147431746884 -0.014059126576656211 0.016639919016238673 -0.012813295396515368 0.00054766062082966258 0.0059065212844399027 0.017201627197251053 -0.012577324840405172 -0.0070147273594841032 -0.0078711702814354065 0.012708971708732444 0.0050971620291143322 -0.0097115971956881521 -0.0075886471912674997 0.0050620271996029897 -0.00030305767189784207
leaf_weight=470.49317783117294 1414.3736956566572 675.57953061163425 159.09515956044197 1480.296884380281 24.763831816613674 273.0740527510643 656.46028457581997 2400.4916832782328 5688.9513663947582 446.35396221280098 901.21044077724218 4782.0047759637237 422.58655750751495 5600.3336126059294 9.4174251183867437 1367.2850706204772 892.35524559020996 1184.7711084671319 509.20608057826757 3134.436776265502 42.13368321210146 1817.1421718858182 2416.8722434192896 949.12714384496212 1534.224970459938 1059.1547062397003 808.83409503102303 31.4290461987257 819.0429373383522 339.79207863658667
leaf_count=3683 6344 4861 678 18523 324 736 3921 39748 39245 2248 9732 34227 1714 19820 56 20714 2491 12424 2367 14913 350 21201 22917 9251 4312 3969 9090 160 4072 4228
internal_value=-3.70126e-05 -0.00790738 0.007068 -0.00480079 -0.0134166 0.0111243 0.00378861 -0.0146849 0.00230956 -0.002036 -0.00796757 -0.000841197 0.00971543 0.0105164 -0.00692309 -0.0166128 0.0149034 -0.0104203 0.0058622 0.00674895 0.0012313 -0.0115097 -0.00599751 -0.00588092 0.0141545 0.00660217 -0.00938796 0.00658372 0.00333137 -0.00139066
internal_weight=42311.3 20074.4 22236.9 12836.2 7238.22 9940.82 12296 6055.41 7176.89 6853.07 5983.15 5228.36 7241.17 5759.43 1182.81 3767.78 2699.65 2665.07 5119.15 3790.9 5731.09 2287.64 3318.08 1624.71 2426.58 1481.74 818.252 1445.8 1328.25 364.556
internal_count=318319 213227 105092 114183 99044 33720 71372 85346 46099 50587 63596 36475 26181 20498 13698 60462 7539 30947 25273 18834 39595 24884 32649 14112 6803 5683 9146 6504 6439 4552
is_linear=0
shrinkage=0.03


Tree=96
num_leaves=31
num_cat=0
split_feature=0 10 0 3 13 0 3 14 0 0 7 7 12 2 12 2 12 13 5 13 12 7 10 2 3 14 14 0 12 8
split_gain=2293.48 457.572 293.618 202.872 86.1237 78.1927 71.8082 44.352 42.6367 37.7876 36.6731 36.3769 32.0756 30.2784 29.3368 26.0879 22.5191 20.0949 26.6874 18.3662 17.8971 26.3433 16.1921 16.0411 15.6594 13.1406 11.5771 7.40215 7.27366 7.25655
threshold=0.29891385138034826 0.44398394227027899 0.5362633764743806 0.15996389091014865 0.36408364772796636 0.19859292358160022 0.44257700443267828 0.21572279930114749 0.71552687883377086 0.039447518065571792 0.14655967801809314 0.65443041920661937 0.34251096844673162 0.12389592081308366 0.29870215058326727 0.026656442321836952 0.25439821183681494 0.19483363628387454 0.18690972030162814 0.2683375626802445 0.30887606739997869 0.40418468415737158 0.48916459083557134 0.039235267788171775 0.24543831497430804 0.19673456996679309 0.084632962942123427 0.024035328067839149 0.41450497508049017 0.063345674425363555
decision_type=2 2 2 2 2 2 2 2 2 2 2 2 2 2 2 2 2 2 2 2 2 2 2 2 2 2 2 2 2 2
left_child=1 3 6 9 10 15 7 14 20 27 -5 -9 24 -6 -2 16 -3 28 -19 -11 26 -22 -17 29 -7 -25 -4 -1 -8 -10
right_child=2 5 8 4 13 12 17 11 23 19 -12 -13 -14 -15 -16 22 -18 18 -20 -21 21 -23 -24 25 -26 -27 -28 -29 -30 -31
leaf_value=-0.015511230704978538 0.0021248847765945873 -0.01833007596779334 0.00082677669277150844 0.0046742006085356679 0.00025317014159701291 -0.010695211610421312 0.0057142769041896536 0.00286301575217748 0.0066849838324064036 -0.0046915745554638186 -0.0011327991036976742 0.015150998117082324 -0.014698017591483025 -0.0094753131995202224 -0.0079482325639382758 -0.011643600612829812 0.04021564916181071 0.00838032895542987 0.0033273134735191472 -0.0095168774630849783 0.0096254541421792288 0.0029153404069442003 -0.016346443451773641 0.0051282102698360183 -0.0053651335260603752 0.013292097174241244 0.01524321523953088 -0.011266717675024162 0.010467640686397106 0.018587714752292275
leaf_weight=642.99760110676289 478.38088707625866 10.178214371204378 54.594967886805534 1111.0516368299723 358.21951138228178 759.52815564721823 368.21196608245373 8023.2590399160981 49.542011886835098 1364.2697004824877 8221.6842049434781 222.84589351713657 674.04294387251139 1467.355699211359 570.56943116337061 804.57789607346058 14.109962649643419 1682.2521901130676 2133.9859774410725 1480.1609697490931 4523.1821522116661 595.94371870905161 3639.380894228816 193.15427877008915 1430.1928700506687 2181.8837580680847 613.47759921848774 870.25557274371386 1359.3211730271578 663.06658594310284
leaf_count=6947 3890 121 274 5188 3574 9387 1401 43233 145 10090 55156 1516 8831 12827 5157 8943 151 8330 9486 14350 14767 2467 52524 656 14854 6043 2392 8946 4834 1839
internal_value=0.000113807 -0.00666932 0.00664932 -0.0037509 -0.00160716 -0.0128453 0.00406769 0.00245599 0.0109658 -0.00924016 -0.000441482 0.00319509 -0.00897546 -0.00756636 -0.00335432 -0.0153255 0.0156815 0.00676998 0.00555475 -0.00720253 0.00944698 0.0088443 -0.015495 0.0138126 -0.00721393 0.0126282 0.0140651 -0.0130703 0.00945449 0.0177602
internal_weight=46561.7 22848 23713.7 15516 11158.3 7332.01 14838.8 9295.06 8874.85 4357.68 9332.74 8246.1 2863.76 1825.58 1048.95 4468.25 24.2882 5543.77 3816.24 2844.43 5787.2 5119.13 4443.96 3087.65 2189.72 2375.04 668.073 1513.25 1727.53 712.609
internal_count=318319 211889 106430 117078 76745 94811 77847 53796 28583 40333 60344 44749 33072 16401 9047 61739 272 24051 17816 24440 19900 17234 61467 8683 24241 6699 2666 15893 6235 1984
is_linear=0
shrinkage=0.03


Tree=97
num_leaves=31
num_cat=0
split_feature=1 11 1 7 1 13 7 7 1 1 7 1 13 0 4 12 5 8 12 5 11 2 10 1 11 0 12 4 2 13
split_gain=2614.24 698.54 456.782 227.43 114.533 105.078 92.6539 62.4296 57.7066 53.6252 34.7729 32.5881 32.0811 30.4684 23.1529 19.8366 21.7265 18.79 17.6307 16.8177 16.5455 13.4727 13.2309 12.9505 12.4248 12.3889 12.2422 9.3215 8.3235 6.43521
threshold=0.40950830280780798 0.15082093328237536 0.20406513661146167 0.36821614205837255 0.50045892596244823 0.24333066493272784 0.15911624580621722 0.52113211154937755 0.32114696502685552 0.64243838191032421 0.081495925784111037 0.64821353554725658 0.33327458798885351 0.43826280534267431 0.22341442853212359 0.27378936111927038 0.055863155052065856 0.17057255655527118 0.30436871945858007 0.25879681110382086 0.16528243571519854 0.079664044082164778 0.27942350506782537 0.16653923690319064 0.59329792857170116 0.041369054466485984 0.26624570786952978 0.53893908858299266 0.04126353561878205 0.36569766700267797
decision_type=2 2 2 2 2 2 2 2 2 2 2 2 2 2 2 2 2 2 2 2 2 2 2 2 2 2 2 2 2 2
left_child=2 9 6 11 13 18 10 -6 20 15 -1 12 -3 -5 23 27 -17 28 25 -10 -7 -19 -20 -8 -12 -4 -13 -2 -11 -16
right_child=1 3 5 4 7 8 14 -9 19 17 24 26 -14 -15 29 16 -18 21 22 -21 -22 -23 -24 -25 -26 -27 -28 -29 -30 -31
leaf_value=-0.017288521693361519 0.0037355627878671166 -0.0019400022556669253 -0.0079970033791529026 0.0026233835728276117 0.0048537708863944026 0.0021739057098132098 -0.0098410417939190191 0.0087500288359198559 -0.002243358180437837 0.0078216057029349972 -0.012417094991254643 0.0070040419002941369 0.0051277598497478614 -0.0046321658191062218 -0.002174626882787232 -0.015440667333172 0.013135439756836618 -0.0085856284775326606 -0.006957347056974498 0.00059291718377871988 -0.0041205972233767652 0.011499421027124651 0.0011737563124618721 -0.006681271162946637 -0.0081089385376369953 -0.00047873601242107649 0.0016542556199587223 0.01012241400118586 0.016645113465297609 -0.0068124312594404568
leaf_weight=1318.5718792378902 474.79110462963581 6492.6347807496786 269.25758442282677 6002.3371259719133 7596.9864495545626 394.95684817433357 3113.0741256475449 7217.3659743145108 2751.5933717042208 98.408681772649288 4249.5826585292816 500.85222008824348 634.48358222842216 570.39743365347385 712.9565309882164 24.453515253961086 1152.8143341392279 32.311228230595589 6703.762117266655 5950.4336229264736 7763.7877323180437 430.92549453675747 185.0808872282505 1867.8265567421913 702.02007707953453 737.71893572807312 1663.908164024353 362.82526013255119 4326.6330419331789 432.67631900310516
leaf_count=3696 2786 23350 810 26700 39489 1381 8379 45680 9905 796 11463 2499 2677 2223 1951 94 7862 259 18968 21623 23483 3406 554 5069 1915 2230 7322 2484 38013 1252
internal_value=-5.15364e-05 0.00552723 -0.0056947 0.00358711 0.00528966 -0.00334081 -0.0103955 0.00675198 -0.00200332 0.0141495 -0.0129592 -0.000331658 -0.0013108 0.00199373 -0.00777166 0.0100311 0.0125419 0.0158471 -0.0061969 -0.000303917 -0.00381589 0.0100985 -0.00673889 -0.00865613 -0.0118063 -0.00248906 0.00289201 0.00650212 0.0164489 -0.00392621
internal_weight=74735.4 37582.1 37153.3 30679 21387.1 24756.6 12396.7 14814.4 16860.8 6903.16 6270.17 9291.88 7127.12 6572.73 6126.53 2014.88 1177.27 4888.28 7895.82 8702.03 8158.74 463.237 6888.84 4980.9 4951.6 1006.98 2164.76 837.616 4425.04 1145.63
internal_count=318319 205640 112679 149940 114092 78954 33725 85169 56392 55700 17074 35848 26027 28923 16651 13226 7956 42474 22562 31528 24864 3665 19522 13448 13378 3040 9821 5270 38809 3203
is_linear=0
shrinkage=0.03


Tree=98
num_leaves=31
num_cat=0
split_feature=2 8 2 10 2 8 2 10 2 7 1 11 6 3 2 2 2 14 11 5 8 14 2 7 12 4 2 8 10 1
split_gain=2482.48 370.663 303.166 94.1321 66.0315 59.2671 55.7645 40.7197 38.7166 33.7451 28.2062 20.0279 20.3718 17.9944 16.2108 15.7641 14.8307 14.228 12.2718 16.5074 11.9797 11.6471 10.5951 8.86189 10.2667 7.80214 7.51783 6.88783 6.85049 6.5601
threshold=0.2587514221668244 0.19213367253541949 0.49134542047977453 0.25474660098552709 0.15656355768442157 0.30295209586620336 0.82174551486969005 0.46169747412204748 0.3771051168441773 0.21851094067096713 0.51399514079093944 0.53882578015327465 0.09100098162889482 0.20517668873071673 0.1931671276688576 0.10496879741549493 0.11634768545627595 0.25647008419036871 0.44846402108669287 0.42715169489383703 0.67449602484703075 0.48523014783859258 0.04126353561878205 0.074091039597988143 0.22414497286081317 0.19284065812826159 0.20878721028566363 0.41569502651691442 0.082533087581396117 0.66207450628280651
decision_type=2 2 2 2 2 2 2 2 2 2 2 2 2 2 2 2 2 2 2 2 2 2 2 2 2 2 2 2 2 2
left_child=1 4 8 10 7 14 11 22 9 28 17 12 -4 29 -5 -9 -7 -3 19 -10 -13 -11 -1 -8 -25 -15 -12 -20 -2 -6
right_child=2 3 6 5 13 16 23 15 18 21 26 20 -14 25 -16 -17 -18 -19 27 -21 -22 -23 -24 24 -26 -27 -28 -29 -30 -31
leaf_value=-0.014473170021857917 0.014184726720484863 -0.012942610211615399 0.00034485780553892762 -0.0091495357261876051 0.0030074637807278532 -0.008617008051800332 0.022302401652844091 -0.017964878433628425 0.0044798474054762527 0.0015922839077823934 -0.0055169907262925619 0.0053316497437372783 0.010867241797693852 0.017726804106859673 -0.005722389335586677 -0.013880402538868443 -0.0017935816775250337 0.0010789654062486752 -0.0031064034899137742 0.0084309776977543657 0.010160099589422536 -0.0037247582834760546 -0.010002769302922137 0.020530391407512574 0.013849235967311132 -0.0095362698798565834 -0.00023166113360691072 0.0039282696987921499 0.0057985013959646128 -0.0050894839112183175
leaf_weight=684.91380837932229 93.700584188103676 66.738530069589615 169.9402963668108 4221.2039820365608 175.26500197127461 329.25974404811859 190.43516391515732 2336.3471297323704 1830.9737498015165 5333.7141142934561 1155.2909774780273 1226.0760312974453 6473.56964404881 9.5604320243000966 1760.115366756916 1337.1605276167393 2216.9119701161981 2705.0285259783268 139.95350363850594 1981.5761589109898 742.53000269830227 398.48497343063354 1572.9767778962851 266.19778954982758 930.82032254338264 798.17703766748309 306.45927327871323 1193.7228104919195 1361.2035008370876 185.23253551125526
leaf_count=7685 342 424 671 45950 2069 3725 515 39748 9401 36826 9963 4505 22226 56 16708 20714 19400 15733 672 9433 2561 2769 17199 726 2516 9090 2280 5767 6162 2483
internal_value=-3.43047e-05 -0.00775074 0.00682792 -0.00469379 -0.0132454 -0.00650925 0.0107098 -0.0145294 0.00368061 0.00225829 -0.00103693 0.00981056 0.0105981 -0.00672621 -0.00814103 -0.0164781 -0.00267596 0.000741354 0.00566699 0.00653345 0.00715287 0.00122266 -0.0113588 0.0162913 0.015335 -0.00921358 -0.00440891 0.00319006 0.0063386 -0.00115295
internal_weight=42193.5 19860.6 22332.9 12761 7099.63 8527.49 9999.57 5931.4 12333.3 7187.1 4233.52 8612.12 6643.51 1168.24 5981.32 3673.51 2546.17 2771.77 5146.23 3812.55 1968.61 5732.2 2257.89 1387.45 1197.02 807.737 1461.75 1333.68 1454.9 360.498
internal_count=318319 213227 105092 114183 99044 85783 33720 85346 71372 46099 28400 29963 22897 13698 62658 60462 23125 16157 25273 18834 7066 39595 24884 3757 3242 9146 12243 6439 6504 4552
is_linear=0
shrinkage=0.03


Tree=99
num_leaves=31
num_cat=0
split_feature=3 10 3 0 0 0 13 0 5 7 10 6 0 12 13 0 0 0 13 7 0 0 2 5 12 5 6 0 0 3
split_gain=2165.18 317.45 302.764 176.749 152.577 77.016 56.2917 50.9773 40.864 37.5987 34.2934 32.1821 25.5814 24.397 53.8487 33.4287 23.1573 22.5464 21.0786 19.3988 19.1859 17.6681 16.7353 16.0268 15.9472 15.8623 10.1101 9.84472 9.03262 7.58407
threshold=0.33101627230644232 0.40747708082199102 0.45594190061092382 0.073308896273374571 0.24992252141237262 0.66960743069648754 0.2591413706541062 0.2965612411499024 0.39333845674991613 0.52365863323211681 0.53495353460311901 0.29277692735195165 0.17472666501998904 0.25439821183681494 0.3624247014522553 0.43364973366260534 0.024035328067839149 0.36824861168861395 0.14767351746559146 0.15072046220302585 0.863476723432541 0.14007807523012164 0.026656442321836952 0.19916320592164996 0.36493986845016485 0.089737396687269225 0.45086607336997991 0.4171122163534165 0.27718430757522589 0.28957575559616094
decision_type=2 2 2 2 2 2 2 2 2 2 2 2 2 2 2 2 2 2 2 2 2 2 2 2 2 2 2 2 2 2
left_child=1 3 7 16 10 18 21 9 -8 19 22 17 -12 15 -15 -9 -1 -6 27 -2 24 -5 -3 -20 -7 -18 -22 -4 -11 -13
right_child=2 4 5 6 11 20 8 13 -10 28 12 29 -14 14 -16 -17 25 -19 23 -21 26 -23 -24 -25 -26 -27 -28 -29 -30 -31
leaf_value=-0.015274191566129575 0.0084672665283978803 0.0081520597105131081 0.016341506227952024 -0.0018314269353615525 -0.0038434104213334241 0.016529119405837601 -0.0013756395494203999 0.0043767782828737448 -0.00662765076199318 -0.011806122735795873 -0.017261154433497822 -0.017647759993878645 -0.012160465724222256 0.0045719475688548242 -0.0013192947325971016 0.015253500386775806 0.00037291649819880458 0.0062451485375122212 0.0082878882049915795 -0.00049794834275056026 0.0033497200467441078 0.0021209971588793263 -0.011238330264167812 0.0055418875362026393 0.011030478258959168 -0.0093197692621850414 0.019576234229277536 0.009809362060472877 -0.0019044177828177564 -0.0087557676051130302
leaf_weight=595.38836543262005 243.58001667261124 40.614812947809696 246.20957310497761 1581.5571080893278 1564.8050932735205 554.58909639716148 2821.0526268854737 859.88479259610176 2528.2262159883976 316.97947090864182 2293.0286736860871 147.21589461714029 1441.0752514861524 5250.7752691209316 1902.2683462202549 361.10965910553932 162.2061629742384 228.48129579424858 4143.965758562088 2007.0572133436799 37.589654147624969 2856.1086680144072 2929.0706117264926 3552.9254573360085 3295.15120883286 2404.9387616738677 428.4550054371357 1325.9308040142059 112.28787212073803 208.71982414275408
leaf_count=6481 1022 449 930 10089 15155 1743 23086 5866 17785 3699 34948 1460 20526 24855 12344 1717 1737 1578 17704 13324 109 14748 33266 13639 9350 22429 1152 4177 1099 1852
internal_value=0.000114994 -0.0067711 0.0062084 -0.00377797 -0.0111492 0.00920822 -0.00178561 0.00252175 -0.00385789 -0.00107955 -0.0133792 -0.00419353 -0.0152927 0.00367425 0.00300524 0.00759357 -0.00994363 -0.00255803 0.00766689 0.000472331 0.0125186 0.000712377 -0.0109731 0.00702032 0.0118226 -0.00870733 0.0182675 0.0108323 -0.00921603 -0.0124335
internal_weight=46441.2 21802.5 24638.8 12949.5 8853.01 13584.8 9786.94 11053.9 5349.28 2679.9 6703.79 2149.22 3734.1 8374.04 7153.04 1220.99 3162.53 1793.29 9269.03 2250.64 4315.78 4437.67 2969.69 7696.89 3849.74 2567.14 466.045 1572.14 429.267 355.936
internal_count=318319 205589 112730 96355 109234 48804 65708 63926 40871 19144 89189 20045 55474 44782 37199 7583 30647 16733 36450 14346 12354 24837 33715 31343 11093 24166 1261 5107 4798 3312
is_linear=0
shrinkage=0.03


Tree=100
num_leaves=31
num_cat=0
split_feature=1 11 1 7 1 13 1 7 1 1 13 3 4 5 5 9 10 2 12 3 8 11 12 11 1 11 2 2 7 2
split_gain=2429.1 732.167 365.939 231.58 115.085 95.0411 68.1996 54.4281 47.5733 42.5188 41.7234 40.5927 31.1338 30.3349 25.5301 24.3402 15.713 15.56 15.553 14.6245 14.4985 14.3295 14.2686 13.2571 11.7382 10.9349 10.9119 10.3634 3.73673 3.83962
threshold=0.38293533027172094 0.16528243571519854 0.17123038321733478 0.41100020706653601 0.50045892596244823 0.24333066493272784 0.61627459526062023 0.081495925784111037 0.64821353554725658 0.29222644865512853 0.32031935453414923 0.37745137512683874 0.18990100920200351 0.18572716414928439 0.31296186149120336 0.30118207633495336 0.27942350506782537 0.068781580775976195 0.25975845754146581 0.17242375016212466 0.17192853242158893 0.15811298042535785 0.47062171995639807 0.11728821694850923 0.099580615758895888 0.12964457273483279 0.62018039822578441 0.23626105487346652 0.074091039597988143 0.16484619677066806
decision_type=2 2 2 2 2 2 2 2 2 2 2 2 2 2 2 2 2 2 2 2 2 2 2 2 2 2 2 2 2 2
left_child=2 6 7 8 13 15 17 28 10 22 -3 -6 24 -5 20 26 -17 23 -10 -19 -8 -11 -7 -2 -9 -14 -4 -16 -1 -30
right_child=1 3 5 4 11 9 14 12 18 21 -12 -13 25 -15 27 16 -18 19 -20 -21 -22 -23 -24 -25 -26 -27 -28 -29 29 -31
leaf_value=-0.017982727414828276 0.0068667169744492411 -0.0018508386966573126 -0.00095411612416632986 -0.0028683493253271286 0.0073695029391840977 -0.0046691912315671496 0.01600521324465641 -0.012836728487275378 0.0071246228286727898 0.0052198502969475454 0.0024857912282804612 0.00037108997377009815 0.0040237766732224142 0.0028433806100010379 0.0077399339954974181 -0.0074250220483145883 0.001860552548532727 0.0029875619418201216 0.0021666087150196429 0.011098911993570677 0.010905106753662967 -0.0014626607611069923 0.0025811619049531313 -0.005018480941175598 -0.010125449924359388 -0.0065105112673659957 -0.0057740256941488516 -0.010904258856303025 -0.0085088598575492856 -0.01588789328093318
leaf_weight=858.82933437824249 283.36684162914753 8526.4536124318838 890.05099320411682 978.7365835160017 11271.913858562708 6618.7020519077778 4741.7627726569772 2083.3806652724743 743.57229523360729 299.36150908470154 2607.2967989742756 798.77821330726147 96.846550226211548 5772.8692608475685 195.25437448173761 7416.2350561916828 167.72489321231842 234.28384862840176 2431.4444365799427 1369.0428042262793 561.00908663123846 8184.2644004970789 253.65240344405174 120.33379872143269 4632.9459731578827 1052.2844259440899 805.13463833928108 31.106933131814003 77.508968442678452 350.2555938065052
leaf_count=2446 1707 30549 2654 3952 67650 19419 42226 5752 3857 1210 10913 4076 291 25541 1407 20565 492 1310 11159 8631 4442 27846 745 573 12405 2848 2277 191 217 968
internal_value=-5.42078e-05 0.00488495 -0.00599912 0.00296512 0.00515197 -0.00409615 0.013325 -0.0111215 8.84609e-05 -0.00264766 -0.000835289 0.00690638 -0.0101858 0.00201539 0.0150445 -0.00649324 -0.00721966 0.00858819 0.00332775 0.00991365 0.0154656 -0.00122686 -0.00440159 0.00332402 -0.0109665 -0.0056227 -0.00324335 0.00517782 -0.0168417 -0.0145508
internal_weight=74454.4 40667.2 33787.2 33131.1 18822.3 24635.1 7536.16 9152.05 14308.8 15356 11133.8 12070.7 7865.46 6751.61 5529.13 9279.15 7583.96 2007.03 3175.02 1603.33 5302.77 8483.63 6872.35 403.701 6716.33 1149.13 1695.19 226.361 1286.59 427.765
internal_count=318319 218184 100135 157697 101219 75208 60487 24927 56478 49220 41462 71726 21296 29493 48266 25988 21057 12221 15016 9941 46668 29056 20164 2280 18157 3139 4931 1598 3631 1185
is_linear=0
shrinkage=0.03


Tree=101
num_leaves=31
num_cat=0
split_feature=2 8 2 13 2 2 2 2 2 10 7 1 11 6 3 2 3 10 11 5 8 0 11 13 7 13 10 13 8 6
split_gain=2345.68 360.385 279.56 126.563 52.7733 49.3606 44.3377 43.2353 35.8633 32.8901 30.9574 23.2586 19.0241 19.2757 16.4021 19.1749 13.4599 11.9915 11.8635 15.5416 11.2361 10.2005 9.70241 8.56555 8.5397 10.3812 7.51295 6.73765 6.66505 3.90367
threshold=0.2587514221668244 0.17450895905494693 0.49134542047977453 0.31343831121921545 0.82174551486969005 0.12849476933479312 0.11217619478702547 0.16064437478780749 0.3771051168441773 0.30072750151157385 0.21851094067096713 0.140864372253418 0.53882578015327465 0.09100098162889482 0.20517668873071673 0.18522340804338458 0.19545771926641467 0.59539783000946056 0.44846402108669287 0.42715169489383703 0.67449602484703075 0.18862377852201465 0.22745107859373095 0.21464725583791736 0.074091039597988143 0.3561812043190003 0.46420656144618994 0.24333066493272784 0.48691205680370336 0.31990300118923193
decision_type=2 2 2 2 2 2 2 2 2 2 2 2 2 2 2 2 2 2 2 2 2 2 2 2 2 2 2 2 2 2
left_child=1 5 8 6 12 9 23 16 10 22 27 -8 13 -4 15 -7 -5 -12 19 -10 -14 -9 -1 -3 -6 -26 -11 -2 -20 -16
right_child=2 3 4 7 24 14 11 21 18 26 17 -13 20 -15 29 -17 -18 -19 28 -21 -22 -23 -24 -25 25 -27 -28 -29 -30 -31
leaf_value=-0.014319093622616437 0.0063870433226585512 -0.0038288755983886197 0.00024690636593866703 -0.0073985220502398377 0.021659207545662477 -0.0087550564039158025 0.0056535626975045437 -0.0030641574415626524 0.0043450978840917261 -0.014211941657253433 0.00087641470205558831 -0.0014221748477889324 0.0051010149694683945 0.010470639796304929 -0.012172734197320192 0.0040510737054169155 -0.011704957730206331 0.0067523110402501942 0.00036451063635241094 0.0081692416194968694 0.0097633172704520033 -0.006652651515587203 -0.0070447261810372462 -0.0079449748441466263 0.013898343877163145 0.023364361153021977 -0.017401742750637515 -0.0085783980027374987 0.0047201984157835553 -0.0065891184632422134
leaf_weight=255.81597328558564 1436.0087507516146 792.07727816700935 170.30910333991051 915.87030478194356 189.71960267424583 307.69661073759198 457.67184068262577 981.66229627281427 1837.9027253389359 873.36715042963624 5400.9795876145363 4835.787514269352 1231.68006965518 6517.110120549798 746.32800343632698 159.92239481955767 2277.5755449086428 331.78570103645325 511.90146726369858 1994.3440324217081 747.59464038908482 2604.1519227921963 464.92652489989996 1069.26065839082 1083.5253891944885 115.37112286686897 2779.389190338552 27.595501989126205 826.94608455896378 132.7312580421567
leaf_count=2421 6363 5800 671 12249 515 4852 2300 10914 9401 11460 36872 34808 4505 22226 9801 1919 26441 2723 2367 9433 2561 25344 4337 10684 2925 317 48430 141 4072 1467
internal_value=-3.10018e-05 -0.00759672 0.00660057 -0.00499391 0.0103156 -0.013937 -0.00221081 -0.00793117 0.00358012 -0.0154834 0.00221069 -0.000810407 0.00944561 0.0102103 -0.00891488 -0.00437545 -0.0104699 0.00121648 0.0054859 0.00633523 0.00686202 -0.00567026 -0.00962665 -0.0061934 0.0157451 0.0148093 -0.0166391 0.00610488 0.00305482 -0.0113297
internal_weight=42077 19654.2 22422.8 13934.1 10055.3 5720.18 7154.8 6779.26 12367.5 4373.5 7196.37 5293.46 8666.69 6687.42 1346.68 467.619 3193.45 5732.77 5171.09 3832.25 1979.27 3585.81 720.742 1861.34 1388.62 1198.9 3652.76 1463.6 1338.85 879.059
internal_count=318319 213227 105092 128540 33720 84687 53592 74948 71372 66648 46099 37108 29963 22897 18039 6771 38690 39595 25273 18834 7066 36258 6758 16484 3757 3242 59890 6504 6439 11268
is_linear=0
shrinkage=0.03


Tree=102
num_leaves=31
num_cat=0
split_feature=3 10 3 0 0 0 13 0 0 7 10 12 1 0 12 13 0 13 0 0 5 7 2 5 0 12 14 7 0 0
split_gain=2042.39 304.587 280.373 170.381 150.36 71.7809 53.4599 47.7065 40.1887 35.5935 33.8779 29.3289 26.9724 25.9695 23.862 50.1725 31.2385 22.9738 22.9403 21.8522 20.117 18.2423 16.4317 15.7035 15.6469 13.8086 10.714 9.36321 8.85692 8.28931
threshold=0.33101627230644232 0.40747708082199102 0.45594190061092382 0.073308896273374571 0.24992252141237262 0.69883990287780773 0.37062816321849829 0.2965612411499024 0.17072525620460513 0.52365863323211681 0.53495353460311901 0.26624570786952978 0.70369389653205883 0.16254107654094699 0.25439821183681494 0.3624247014522553 0.43364973366260534 0.14767351746559146 0.024035328067839149 0.39808215200901037 0.19916320592164996 0.15072046220302585 0.029677699320018295 0.11339959129691125 0.863476723432541 0.36493986845016485 0.22613228857517245 0.45751395821571356 0.27718430757522589 0.4171122163534165
decision_type=2 2 2 2 2 2 2 2 2 2 2 2 2 2 2 2 2 2 2 2 2 2 2 2 2 2 2 2 2 2
left_child=1 3 7 18 10 17 8 9 -5 21 22 19 -8 -12 16 -16 -9 29 -1 -6 -19 -2 -3 -20 25 -7 -13 -26 -11 -4
right_child=2 4 5 6 11 24 12 14 -10 28 13 26 -14 -15 15 -17 -18 20 23 -21 -22 -23 -24 -25 27 -27 -28 -29 -30 -31
leaf_value=-0.015143363853814852 0.0081922404931606286 0.0057246185311557989 0.015780951712557528 -0.003240935510091887 -0.0020748961902581583 0.016823372225434202 -0.010382394413470485 0.004320295649409338 0.00083537388563252677 -0.011614263695109648 -0.017519497115264508 -0.01164412282203821 0.0041356958344390266 -0.012447950819553242 0.0044127351427136864 -0.001274706488331734 0.014795614491097168 0.0082684842609867699 -0.0015706279948551553 0.014174910439478485 0.0053092013267579475 -0.00047669220893523377 -0.011104707993994139 -0.0093526903952483795 0.018918060504208974 0.010982692334791277 -0.0050853376573968354 0.0028973445466552255 -0.0017627595724593157 0.0098736765820582276
leaf_weight=585.53290093690157 245.18301622569561 53.181014612317085 248.76311022043228 3966.9784555286169 1151.1957652941346 422.73670104146004 843.81119704991579 861.41237169504166 4823.5674197822809 311.50600938871503 1930.437700573355 420.50936126708984 133.37534110993147 1716.9090975634754 5273.4509896710515 1898.5357408598065 364.67803977429867 4609.9654543697834 259.96215548366308 79.632189847528934 3748.5644116848707 2005.1192814409733 2873.5960046984255 2281.5743102282286 429.86250546574593 2635.676916539669 480.04804686456919 35.547530591487885 111.54378555715084 1520.666316613555
leaf_count=6481 1022 605 930 28286 10601 1300 7206 5866 28835 3699 30064 5065 1381 25410 24855 12344 1717 19085 2842 476 14173 13324 33110 21324 1158 7349 3903 103 1099 4706
internal_value=0.000116848 -0.00662242 0.00600485 -0.00369533 -0.0109581 0.00888188 -0.00174415 0.00245729 -0.00100417 -0.00103307 -0.013203 -0.00403376 -0.00840083 -0.0151322 0.00356837 0.00290718 0.00743599 0.00759873 -0.00979003 -0.00102357 0.00694133 0.000467836 -0.0107989 -0.0085567 0.0125698 0.01179 -0.00814792 0.0176944 -0.00901676 0.0107042
internal_weight=46323.5 21600.3 24723.2 12894.8 8705.51 13651.8 9767.73 11071.4 8790.55 2673.35 6574.12 2131.39 977.187 3647.35 8398.08 7171.99 1226.09 10128 3127.07 1230.83 8358.53 2250.3 2926.78 2541.54 3523.82 3058.41 900.557 465.41 423.05 1769.43
internal_count=318319 205589 112730 96355 109234 48804 65708 63926 57121 19144 89189 20045 8587 55474 44782 37199 7583 38894 30647 11077 33258 14346 33715 24166 9910 8649 8968 1261 4798 5636
is_linear=0
shrinkage=0.03


Tree=103
num_leaves=31
num_cat=0
split_feature=1 7 1 1 7 13 7 8 12 1 7 12 6 5 12 13 2 1 0 10 6 9 14 14 14 7 1 1 13 0
split_gain=2260.42 529.02 494.242 222.149 118.777 93.1534 90.7023 71.2418 51.5332 41.8526 41.5561 30.9333 34.1706 27.9173 26.8412 29.1687 22.9247 21.9842 20.4136 18.3667 18.2091 15.3235 14.1654 13.2253 12.8968 12.1157 12.1101 10.7555 8.89661 3.70933
threshold=0.44324320554733282 0.49541898071765905 0.24503919482231143 0.61323612928390514 0.16304382681846621 0.2683375626802445 0.33759196102619177 0.14559733867645266 0.28934687376022344 0.33660043776035314 0.081495925784111037 0.27252463996410375 0.30868735909461981 0.19184070080518725 0.31985063850879675 0.32318513095378881 0.2160686403512955 0.15132067352533343 0.35337957739830023 0.36912408471107488 0.19040712714195254 0.33183093369007116 0.19341561943292621 0.16465872526168826 0.23306759446859363 0.4064596444368363 0.06097793951630593 0.62195950746536266 0.20161622017621997 0.053698087111115463
decision_type=2 2 2 2 2 2 2 2 2 2 2 2 2 2 2 2 2 2 2 2 2 2 2 2 2 2 2 2 2 2
left_child=2 6 4 8 10 19 14 16 18 22 29 28 -13 -11 27 -16 -5 25 -3 21 -9 -4 -7 -19 -10 -6 -12 -2 -8 -1
right_child=1 3 5 7 17 9 11 20 24 13 26 12 -14 -15 15 -17 -18 23 -20 -21 -22 -23 -24 -25 -26 -27 -28 -29 -30 -31
leaf_value=-0.021049259975939753 0.00021917249125322268 0.0047188497457978061 -0.0027251873635535276 0.01532488096967918 -0.0096385441576699246 0.0028741383082085134 -0.01198752695236493 0.011384863176092783 0.011695392305902993 -0.0030160819491833694 -0.016363824651953084 0.00071442957996506267 0.0047627490011800649 0.0012519616956654411 -0.0029542017893309743 0.0086861758798157402 -0.0022367727300250414 0.0013046282784293698 -0.00026942881410723399 0.017395551826182409 0.0076504649290714266 -0.0055511980674695467 -0.0029446518677316443 -0.0058615735043087737 0.0064265808979169668 -0.0033070068023537224 -0.01019890252112348 0.0046574049447252117 0.0066002103566687176 -0.015860594312909048
leaf_weight=138.66075411438942 1367.3675682246685 3987.68546885252 2471.8003632128239 4758.5750448256731 2240.2070206999779 401.71610505878925 23.37358570098877 3090.9083061143756 1127.4874712154269 1658.1427940875292 302.07081198692322 3785.4696784168482 3721.0348160713911 8202.0274116694927 3771.8184617161751 204.23347118496895 67.8522929251194 240.01765771210194 906.12315349280834 34.000140964984894 1895.9795680865645 5729.7582235783339 6006.8565244972706 6749.9259875863791 664.56649148464203 309.59129402041435 5662.2268754243851 767.11228364706039 2723.3373124599457 1172.9102396667004
leaf_count=418 5110 21842 7593 42381 6034 1450 115 22593 7232 6314 877 18328 17850 31759 13721 866 462 772 4361 114 13281 16690 18846 18632 3550 862 15282 3552 14131 3301
internal_value=-5.62968e-05 0.00581576 -0.00472651 0.00960642 -0.00868726 -0.00200853 0.00199373 0.0124797 0.00538905 -0.000692493 -0.0115743 0.00371798 0.00272121 0.000534223 -0.000899474 -0.00235628 0.015078 -0.00648531 0.00379523 -0.00460827 0.00996507 -0.00469949 -0.00257991 -0.0056155 0.0097415 -0.00886978 -0.0105111 0.00181423 0.00644203 -0.0164091
internal_weight=74182.8 32862.9 41319.9 16499.2 16815.6 24504.3 16363.7 9813.32 6685.86 16268.7 7275.87 10253.2 7506.5 9860.17 6110.53 3976.05 4826.43 9539.74 4893.81 8235.56 4986.89 8201.56 6408.57 6989.94 1792.05 2549.8 5964.3 2134.48 2746.71 1311.57
internal_count=318319 189375 128944 115702 46178 82766 73673 78717 36985 58369 19878 50424 36178 38073 23249 14587 42843 26300 26203 24397 35874 24283 20296 19404 10782 6896 16159 8662 14246 3719
is_linear=0
shrinkage=0.03


Tree=104
num_leaves=31
num_cat=0
split_feature=2 8 2 13 2 2 2 2 2 10 1 7 3 2 6 9 1 14 6 0 13 3 0 5 10 13 10 8 7 6
split_gain=2214.99 350.332 257.484 120.977 49.6834 49.4324 42.4336 42.3384 33.5885 32.5865 22.1017 20.6849 16.4989 18.5486 14.424 27.043 13.9986 13.8675 17.6369 13.6611 11.7191 10.3045 8.7254 8.41521 7.95462 7.85625 7.48501 6.85214 5.41047 3.8255
threshold=0.2587514221668244 0.17450895905494693 0.49134542047977453 0.31343831121921545 0.74971690773963939 0.12849476933479312 0.16064437478780749 0.11217619478702547 0.32363207638263708 0.30072750151157385 0.140864372253418 0.22196365892887118 0.20517668873071673 0.18522340804338458 0.11754415184259416 0.18109746277332309 0.049163263291120536 0.4744985848665238 0.073697552084922804 0.29435849189758306 0.56464165449142467 0.2189653813838959 0.043418616056442268 0.13420768827199939 0.14801049977540973 0.21912347525358203 0.46420656144618994 0.15760854631662372 0.12022580578923227 0.31990300118923193
decision_type=2 2 2 2 2 2 2 2 2 2 2 2 2 2 2 2 2 2 2 2 2 2 2 2 2 2 2 2 2 2
left_child=1 5 8 7 17 9 19 23 11 28 -9 24 13 -7 27 -16 -6 18 -4 -5 -13 -8 -18 -3 -2 -19 -11 -10 -1 -14
right_child=2 3 4 6 16 12 21 10 14 26 -12 20 29 -15 15 -17 22 25 -20 -21 -22 -23 -24 -25 -26 -27 -28 -29 -30 -31
leaf_value=-0.0019015015277618732 0.0023325794252809333 -0.00880828654133042 -0.0080091656247176356 -0.0085331459837815204 0.019873235958110688 -0.0084995407839669208 -0.0027537963550551322 0.0054865542620115429 0.018227245426131619 -0.014071048324959678 -0.0013964525664797451 -0.0002128463209844339 -0.011998667662151168 0.0041534540602427032 0.01064074638109533 0.0043604273310374657 0.015031673596229381 0.0074955575934760963 0.0095695395828138165 -0.012505511284137565 0.0071768281103889546 -0.0064683413748776262 0.011318383612345105 -0.0045748022873119652 0.0081515341074751158 0.0028964862536764533 -0.017285852818714923 -0.0011921990997150939 -0.010388245010797872 -0.0064431094559886997
leaf_weight=75.619011200964451 391.24729655683041 653.86174031347036 51.852797523140907 1742.6034424193203 270.52952346205711 301.83774377405643 899.67782557010651 459.83997625112534 16.962970361113548 858.5976385101676 4830.065936923027 3147.0522692352533 733.80753909796476 159.30511528998613 676.2648941129446 7049.5406605899334 900.10222834348679 1405.9231228977442 5490.7559630870819 1409.3092602156103 205.77564479410648 2657.5726594552398 1550.6872611045837 1194.707241859287 460.04234384000301 438.56192679703236 2706.4880487583578 454.70678029954433 638.14539713785052 131.54938789457083
leaf_count=582 1736 6101 218 23202 736 4852 10039 2300 117 11460 34808 23004 9801 1919 4234 35425 2491 5000 19216 15488 1796 26219 4312 10383 2164 1747 48430 2896 6176 1467
internal_value=-2.94678e-05 -0.00744374 0.0063779 -0.00488232 0.00993181 -0.0137716 -0.00777469 -0.0021639 0.00348114 -0.0153402 -0.000798128 0.00130102 -0.00871174 -0.00412847 0.00459923 0.00491016 0.013397 0.00865525 0.00940509 -0.0103093 0.000240686 -0.00552888 0.0126822 -0.00607224 0.00547718 0.00640204 -0.0165116 -0.000493805 -0.00948913 -0.0111541
internal_weight=41963 19453 22510 13847.6 10108.4 5605.35 6709.16 7138.47 12401.6 4278.85 5289.91 4204.12 1326.5 461.143 8197.48 7725.81 2721.32 7387.09 5542.61 3151.91 3352.83 3557.25 2450.79 1848.57 851.29 1844.49 3565.09 471.67 713.764 865.357
internal_count=318319 213227 105092 128540 33720 84687 74948 53592 71372 66648 37108 28700 18039 6771 42672 39659 7539 26181 19434 38690 24800 36258 6803 16484 3900 6747 59890 3013 6758 11268
is_linear=0
shrinkage=0.03


Tree=105
num_leaves=31
num_cat=0
split_feature=0 10 3 3 13 0 5 3 0 12 14 0 12 14 9 0 10 12 6 13 10 6 11 2 14 2 2 0 4 2
split_gain=1937.57 393.969 252.93 180.548 71.0753 67.4263 52.4321 49.6281 48.3621 43.2825 34.9441 32.6246 30.5616 26.4392 22.7064 21.4605 21.0165 16.3737 17.058 16.1313 15.4737 14.7866 14.2148 12.8417 11.8909 10.7052 9.64396 8.60528 7.61317 7.57424
threshold=0.29435849189758306 0.44398394227027899 0.51073440909385692 0.15996389091014865 0.26469109952449804 0.19578295946121219 0.24989411979913714 0.68274736404418956 0.41296806931495672 0.26624570786952978 0.2110148221254349 0.039447518065571792 0.32093034684658056 0.22799652069807055 0.40566672384738928 0.15584447979927066 0.48429754376411444 0.32432343065738684 0.24230955541133883 0.29376924037933355 0.65307649970054638 0.20957770198583606 0.11728821694850923 0.064426913857460036 0.090386219322681441 0.026656442321836952 0.061049217358231551 0.024035328067839149 0.06815050914883615 0.087397791445255293
decision_type=2 2 2 2 2 2 2 2 2 2 2 2 2 2 2 2 2 2 2 2 2 2 2 2 2 2 2 2 2 2
left_child=1 3 8 11 15 16 -6 17 10 24 21 27 20 -11 -12 -5 25 18 -4 -13 -7 -2 -19 -9 -10 -3 -18 -1 -25 -14
right_child=2 5 7 4 6 12 -8 23 9 13 14 19 29 -15 -16 -17 26 22 -20 -21 -22 -23 -24 28 -26 -27 -28 -29 -30 -31
leaf_value=-0.015264384187168202 0.0030076053122333182 0.015367215224795951 0.0012406554226254347 -0.0017735575049418963 0.00026757084281010547 -0.0053368902544172602 -0.0058727185101124409 0.014989050857072026 -0.00034544040809572673 -0.0017789047054301659 0.001660800728222249 -0.0050991556343108566 -0.0089449203446182006 0.0050701587354480141 0.0057364072347804449 0.0023533171152395251 -0.0095134052512649125 -0.0030924724272668965 0.014011251309111602 -0.0097488846154143126 -0.011717801606645073 -0.0064857285714744984 0.0080113537168315079 0.01712896594908931 0.012351203577586949 -0.010553174005668926 -0.016170043023941254 -0.010591889644748909 0.0098922553363224794 -0.015673403219722222
leaf_weight=610.85798984766006 196.72162075340748 14.654111653566359 108.43993861973286 1704.8738898187876 1844.9309894442558 1542.4456038251519 3891.6949967369437 1486.5271451473236 71.971470788121223 566.90435968339443 5798.7328365966678 1636.4233773425221 207.21088963747025 4821.1913871392608 1561.607473038137 3387.2552908733487 208.69787590950727 105.51455463469028 713.57646938413382 1138.8447226956487 439.49427413567901 592.13379396498203 6247.032670751214 149.71245589852333 855.50320608913898 669.48288980126381 3189.0512998066843 846.07647011429071 1037.653761908412 550.87504716217518
leaf_count=6944 1926 153 471 10973 16670 16525 30039 4162 456 3400 34591 12750 3211 19891 7136 17513 3530 503 2672 11659 6581 5686 20758 401 3966 7754 48788 9023 2898 7165
internal_value=0.000105491 -0.00637065 0.00593428 -0.00366154 -0.00160809 -0.0123516 -0.00389797 0.00964256 0.00340947 0.00537994 0.00188237 -0.00891563 -0.00871136 0.00434954 0.0025255 0.000971616 -0.0147952 0.00834246 0.0123266 -0.00700719 -0.00675185 -0.00411832 0.00782692 0.013131 0.011366 -0.00999796 -0.0157612 -0.012551 0.0108047 -0.0138343
internal_weight=46196.1 21882.9 24313.2 15061 10828.8 6821.91 5736.63 9848.46 14464.8 6315.57 8149.2 4232.2 2740.03 5388.1 7360.34 5092.13 4081.89 7174.56 822.016 2775.27 1981.94 788.855 6352.55 2673.89 927.475 684.137 3397.75 1456.93 1187.37 758.086
internal_count=318195 209278 108917 115571 75195 93707 46709 31865 77052 27713 49339 40376 33482 23291 41727 28486 60225 24404 3143 24409 23106 7612 21261 7461 4422 7907 52318 15967 3299 10376
is_linear=0
shrinkage=0.03


Tree=106
num_leaves=30
num_cat=0
split_feature=1 11 1 7 1 13 1 7 1 4 5 5 11 8 7 12 13 5 10 10 12 5 12 11 8 12 10 2 10
split_gain=2120.95 547.947 446.294 189.253 130.821 69.0403 60.5157 59.9205 45.7889 41.7906 36.0258 32.2513 53.7001 30.7636 28.9785 27.7027 29.3317 20.3207 17.4406 15.2655 14.4435 13.0783 14.3873 12.4733 11.2639 11.0192 10.2032 6.91902 6.83779
threshold=0.4405642449855805 0.15082093328237536 0.26413767039775854 0.35635013878345495 0.15132067352533343 0.27186726033687597 0.63379010558128368 0.52113211154937755 0.61627459526062023 0.083472747355699553 0.20282910764217379 0.19184070080518725 0.16178027540445331 0.3171070665121079 0.18988862633705142 0.31985063850879675 0.32318513095378881 0.31296186149120336 0.45163445174694067 0.36912408471107488 0.34698210656642919 0.055863155052065856 0.27378936111927038 0.15082093328237536 0.15760854631662372 0.4622491747140885 0.29195591807365423 0.23206416517496112 0.090182330459356322
decision_type=2 2 2 2 2 2 2 2 2 2 2 2 2 2 2 2 2 2 2 2 2 2 2 2 2 2 2 2 2
left_child=2 8 4 15 9 19 10 -8 21 28 -5 12 -7 -13 25 26 -17 24 -11 20 -4 -2 -23 -16 -10 -6 -3 -19 -1
right_child=1 3 5 6 14 11 7 -9 17 18 -12 13 -14 -15 23 16 -18 27 -20 -21 -22 22 -24 -25 -26 -27 -28 -29 -30
leaf_value=-0.017153943772033373 -0.01528907404245756 0.0027284532528120478 -0.0020424348048294705 0.00072685948002522655 -0.006949393523282589 0.0054339370254663918 0.0048516469421171979 0.010109637073336675 0.015821295948853651 -0.010244821057940022 0.0047592473009352571 0.0013738529533694724 -0.0056841205824953297 -0.0016871215617076877 0.0012745576019278018 -0.0025116367357536527 0.0068019911105967794 0.0075651858958254393 -0.0020790256011502346 0.015360084014719132 -0.0050349127502296908 0.005508887695913762 0.011697903589150229 -0.0051935180701762635 0.011571012091589354 -0.010251248616753913 -0.0032802791709594481 -0.0087068010776321109 -0.013374944248662436
leaf_weight=845.73286637663841 20.118366256356239 2253.272935077548 2007.926099345088 2569.4247336089611 2595.8243764936924 481.35440421104431 4233.3071092665195 3617.5625612214208 4120.0457290783525 5321.9835261106491 8904.3294398337603 7129.7370340228081 2082.5754360556602 5046.6930211186409 278.33352144062519 4288.5092195868492 327.57350888848305 159.76232921332121 246.29428768157959 36.066879421472549 5239.5273738354445 586.8315094858408 797.39490550756454 7467.7348783314228 649.66055375337601 1400.3971000313759 286.70066112279892 27.578019469976425 878.60530915856361
leaf_count=2432 76 9302 6231 12751 7023 2069 23538 26059 38904 14387 45203 26898 7113 17331 903 15837 1414 1202 691 121 15398 3639 5494 20909 5605 3753 1237 170 2505
internal_value=-8.17694e-05 0.00560086 -0.00462719 0.00370159 -0.00799153 -0.00171944 0.00524493 0.00727445 0.013507 -0.0111474 0.00385624 -0.000538734 -0.00359681 0.000105189 -0.00603156 -0.000466113 -0.00185071 0.0148617 -0.00988363 -0.00410895 -0.00420584 0.0087251 0.00907412 -0.00496111 0.0152424 -0.00810646 0.00205021 0.00516982 -0.0152284
internal_weight=73900.9 32842.1 41058.8 26480.7 19034.9 22023.9 19324.6 7850.87 6361.39 7292.62 11473.8 14740.4 2563.93 12176.4 11742.3 7156.06 4616.08 4957.05 5568.28 7283.52 7247.45 1404.34 1384.23 7746.07 4769.71 3996.22 2539.97 187.34 1724.34
internal_count=318195 190431 127764 135341 52603 75161 107551 49597 55090 20015 57954 53411 9182 44229 32588 27790 17251 45881 15078 21750 21629 9209 9133 21812 44509 10776 10539 1372 4937
is_linear=0
shrinkage=0.03


Tree=107
num_leaves=31
num_cat=0
split_feature=2 8 2 13 2 2 2 2 2 10 14 13 6 2 11 3 13 3 2 11 2 3 11 0 11 11 1 13 14 0
split_gain=2094 333.319 267.771 116.821 49.7586 49.058 44.9004 43.3003 38.4982 27.971 25.7888 24.4399 20.5485 19.1232 18.8076 18.6904 17.06 15.8023 14.4515 14.2245 13.5794 12.9591 12.8689 19.0965 10.3113 10.0187 9.40982 9.56118 6.58006 4.7146
threshold=0.2587514221668244 0.17057255655527118 0.49134542047977453 0.31756132841110235 0.15017945319414142 0.82174551486969005 0.12499197199940683 0.16064437478780749 0.3771051168441773 0.31105577945709234 0.25777579843997961 0.24112468957901004 0.25340509414672857 0.66189122200012218 0.48354765772819525 0.23416327685117724 0.11926803737878801 0.19545771926641467 0.2160686403512955 0.50143274664878856 0.11326905712485315 0.2189653813838959 0.4875528365373612 0.13592698425054553 0.60148230195045482 0.22745107859373095 0.06097793951630593 0.36736223101615911 0.45040285587310797 0.02201743703335524
decision_type=2 2 2 2 2 2 2 2 2 2 2 2 2 2 2 2 2 2 2 2 2 2 2 2 2 2 2 2 2 2
left_child=1 4 8 6 9 13 16 17 11 25 -8 19 -13 14 -4 18 -3 -5 -6 -2 -11 -9 23 -10 -15 -1 29 -28 -24 -7
right_child=2 3 5 7 15 26 10 21 22 20 -12 12 -14 24 -16 -17 -18 -19 -20 -21 -22 -23 28 -25 -26 -27 27 -29 -30 -31
leaf_value=-0.014098579247841969 0.0056055830157115778 0.0041103315370576415 0.0089910287555506757 -0.0068979333101716264 -0.0051297375504718735 0.024150141375922779 -0.010532083263808101 -0.0022673295940363676 0.010529734155472247 -0.016924667749632184 -0.00014353376760924098 0.0025212441676670896 -0.0013635914777880836 0.011541784276073167 0.0050540524456228276 -0.011084597553852969 -0.0062624707206194912 -0.011608816963090671 0.0088928176733183446 -0.00016991286513368819 -0.01249710151920951 -0.0064829459659596642 -0.0036582477895021714 0.0050547918201487452 0.007181734046376528 -0.0067439734172763527 0.012502729595292458 0.022572546885766237 0.0031624524241955256 0.016914323740524376
leaf_weight=266.33253581821918 1821.1244245842099 152.35346356779337 3925.8685758858919 894.80909391492605 282.78074048832059 111.38191932439804 225.25201314687729 879.31256225705147 683.3563489317894 2936.4114510752261 4753.9865721911192 2536.8888616114855 2370.3564349859953 2770.8723951280117 1512.9239523410797 423.58231693133712 2252.6059334240854 2258.038684297353 86.342286914587021 486.27779545634985 791.48109381273389 2587.5714083872736 151.1740163564682 3562.4894782155752 592.57320216298103 445.61593240499496 885.9275042116642 93.851339489221573 805.92032856494188 297.52039286494255
leaf_count=2609 8344 941 14195 12408 4080 307 1852 9943 3999 51176 33086 19387 15479 8182 5875 5170 20303 27183 992 2881 13087 25916 713 16488 1838 4313 2385 257 3999 807
internal_value=2.79495e-05 -0.00724752 0.00621829 -0.00483362 -0.0137079 0.00982225 -0.00223929 -0.00772754 0.00326059 -0.014944 -0.000613494 0.00184205 0.000644744 0.0089955 0.00789587 -0.00678437 -0.00560536 -0.0102718 -0.00184969 0.00438842 -0.0159846 -0.00541373 0.00522759 0.00593597 0.0107736 -0.00949526 0.0150627 0.0134673 0.00208512 0.0188853
internal_weight=41845 19236.5 22608.5 14003.9 5232.55 10190.9 7384.2 6619.73 12417.6 4439.84 4979.24 7214.65 4907.25 8802.24 5438.79 792.705 2404.96 3152.85 369.123 2307.4 3727.89 3466.88 5202.94 4245.85 3363.45 711.948 1388.68 979.779 957.094 408.902
internal_count=318195 213059 105136 131632 81427 33846 56182 75450 71290 71185 34938 46091 34866 30090 20070 10242 21244 39591 5072 11225 64263 35859 25199 20487 10020 6922 3756 2642 4712 1114
is_linear=0
shrinkage=0.03


Tree=108
num_leaves=31
num_cat=0
split_feature=0 10 0 6 10 0 2 14 5 13 6 12 11 0 10 0 13 2 11 12 10 9 6 2 2 11 9 2 8 7
split_gain=1826.08 379.594 233.491 174.568 68.2348 67.098 57.9172 49.6573 57.4664 46.7565 46.6258 30.014 29.3156 24.1065 20.9335 19.6744 19.5136 17.9009 16.2932 19.4087 14.8499 14.6805 12.648 10.4344 9.79864 8.11942 7.87939 7.69831 7.69464 6.79737
threshold=0.29435849189758306 0.44398394227027899 0.50782224535942089 0.18398468941450122 0.22283513098955157 0.19578295946121219 0.079664044082164778 0.20852398127317431 0.20406474173069003 0.33327458798885351 0.49201402068138128 0.32093034684658056 0.21106173098087314 0.039447518065571792 0.48429754376411444 0.12482324615120889 0.59008541703224193 0.11217619478702547 0.10510826483368875 0.33559639751911169 0.65307649970054638 0.26438075304031378 0.21070798486471179 0.026656442321836952 0.061049217358231551 0.18297734856605533 0.23605275899171832 0.087397791445255293 0.071674261242151274 0.41100020706653601
decision_type=2 2 2 2 2 2 2 2 2 2 2 2 2 2 2 2 2 2 2 2 2 2 2 2 2 2 2 2 2 2
left_child=1 3 7 13 15 14 18 17 16 -10 -6 20 26 -1 23 -5 -9 22 28 -20 -7 -14 -2 -3 -16 -19 -8 -13 -4 -15
right_child=2 5 6 4 10 11 12 8 9 -11 -12 27 21 29 24 -17 -18 25 19 -21 -22 -23 -24 -25 -26 -27 -28 -29 -30 -31
leaf_value=-0.01306627335634598 0.0076684662540499847 0.015146581650329637 -0.00084755989501319464 -0.0020107379714148698 -0.0038688657270958089 -0.0051833534732517467 0.010642330204651019 0.0071749352575468809 0.004136986150880451 -0.0002255281982648896 0.012159428084261579 -0.008672460828456954 0.016011330263976206 -0.0063783003770834278 -0.0092508777527440939 0.0026338775773053851 0.032787734014677647 -0.011344894433431384 0.018937949591522913 0.01205427944907159 -0.01149308346610526 0.0078666125671384667 -0.0018325887162801229 -0.010376152910206863 -0.016032595526335718 -0.003265058656509843 -0.00081072516142860864 -0.015527093036445446 0.0092196657142799582 -0.010107838245059734
leaf_weight=1252.9501658678055 160.74043408036232 14.738351948559282 105.56157898902893 1154.6730684712529 7667.5534327328205 1529.1665901578963 61.636674866080284 2965.7549250721931 6534.3757629841566 3341.9801598489285 166.89600192755461 202.96284253150225 205.78215914964676 1228.6008181869984 204.32260231673717 2838.8084764331579 27.014979168772697 227.6873362287879 427.10586901754141 2692.8458363860846 430.11745021492243 6202.4468805938959 585.16866152733564 659.9181757196784 3115.4559248946607 220.1750734820962 439.91610451042652 539.21170285716653 193.73390171676874 685.05672373622656
leaf_count=13945 1534 153 416 7689 61186 16525 275 15593 28502 20734 1093 3211 783 9574 3530 14431 184 2008 1505 8071 6581 19949 5305 7754 48788 1431 1768 7165 859 7653
internal_value=0.000105384 -0.00622752 0.0057369 -0.00357545 -0.00190059 -0.0121665 0.00916174 0.00322139 0.00376434 0.00266079 -0.00352742 -0.00851472 0.00758148 -0.00983141 -0.0146362 0.00129094 0.00740614 -0.00263176 0.0123552 0.0129966 -0.00656852 0.00812816 0.000214851 -0.00981859 -0.0156152 -0.00737274 0.00059676 -0.0136526 0.00566895 -0.00771341
internal_weight=46082.4 21690.4 24391.9 14994.5 11827.9 6695.89 10329 14062.9 12869.1 9876.36 7834.45 2701.46 6909.78 3166.61 3994.44 3993.48 2992.77 1193.77 3419.25 3119.95 1959.28 6408.23 745.909 674.657 3319.78 447.862 501.553 742.175 299.295 1913.66
internal_count=318195 209278 108917 115571 84399 93707 33626 75291 65013 49236 62279 33482 22775 31172 60225 22120 15777 10278 10851 9576 23106 20732 6839 7907 52318 3439 2043 10376 1275 17227
is_linear=0
shrinkage=0.03


Tree=109
num_leaves=31
num_cat=0
split_feature=1 11 1 7 10 1 1 4 1 5 7 7 12 0 10 5 14 14 11 5 7 2 11 3 8 0 10 2 2 1
split_gain=1972.71 588.334 347.331 184.281 104.868 81.74 51.0419 50.8015 49.1539 45.8642 41.8107 38.2923 30.2973 25.1566 23.7302 20.1864 17.6857 16.6136 15.3836 14.9006 13.743 13.2508 17.8327 16.7605 11.2736 7.27561 6.68862 6.60417 6.5548 6.00553
threshold=0.40690785646438604 0.15082093328237536 0.16653923690319064 0.42421624064445501 0.24874240905046466 0.62477126717567455 0.61627459526062023 0.083472747355699553 0.32114696502685552 0.18572716414928439 0.24802430719137195 0.52113211154937755 0.34817451238632208 0.079610578715801253 0.45163445174694067 0.31296186149120336 0.18304322659969333 0.36927317082881933 0.59329792857170116 0.26494206488132482 0.18988862633705142 0.068781580775976195 0.1245410665869713 0.17537275701761249 0.15760854631662372 0.043418616056442268 0.090182330459356322 0.23206416517496112 0.62018039822578441 0.06097793951630593
decision_type=2 2 2 2 2 2 2 2 2 2 2 2 2 2 2 2 2 2 2 2 2 2 2 2 2 2 2 2 2 2
left_child=2 6 7 10 12 9 21 26 16 -5 17 -7 28 -12 18 24 -6 -3 -9 -10 -14 22 -2 -23 -8 -16 -1 -17 -4 -28
right_child=1 3 4 5 8 11 15 14 19 -11 13 -13 20 -15 25 27 -18 -19 -20 -21 -22 23 -24 -25 -26 -27 29 -29 -30 -31
leaf_value=-0.016752284650399043 0.0061433127128764382 -0.0066873570679124575 -0.0018875602375909609 -0.00092814481381107961 0.0017448867965414779 0.0051095525832906726 0.015622686273491429 -0.0098948706759893566 -0.0020879119404174393 0.0044667123395152972 0.0044149778190598369 0.0098627934481992433 -0.0079278867586656185 0.00068385420064413717 -0.012041383679798416 0.0073082675100196916 -0.0037823127314224737 -0.0013900427616093957 -0.0045363827511796595 0.0005883299449095979 -0.0053937088815569686 0.0015874195366496981 -0.012564593838575928 0.011361074832939711 0.011327436921148857 0.00089563923778446448 -0.016183492712782771 -0.0085828304382728742 -0.0049491971062560229 -0.01108481469161513
leaf_weight=843.1253100335598 273.66643563657999 715.90785406529903 1696.3986841142178 1695.7169750332832 553.44244793057442 2583.938739657402 4016.8728699609637 6091.2496304512024 2811.9447550326586 8667.9690945073962 1990.2624846845865 3723.3740908429027 4030.9104949533939 8894.6999654471874 45.863826006650925 157.41971582919359 8894.1154310256243 2083.6870200634003 523.64093667268753 5603.7845210433006 3688.199757874012 187.58171711862087 55.088401138782501 998.37689384818077 637.19504838436842 266.23524004220963 334.75896817445755 27.675010725855827 1000.551332950592 548.69213858246803
leaf_count=2441 1718 2300 5055 8267 1885 15202 38904 16454 10049 44379 9652 27186 10964 36854 124 1202 26306 7182 1420 20229 10401 1089 276 6780 5605 756 1002 170 2813 1530
internal_value=-8.24059e-05 0.00484261 -0.00497762 0.00310503 -0.00336827 0.00522279 0.0131439 -0.0102369 -0.00197326 0.003584 0.000525095 0.00791552 -0.00576069 0.00136607 -0.00908928 0.0146482 -0.00345853 -0.00274466 -0.00947069 -0.000305882 -0.00671705 0.00833785 0.00300849 0.00981519 0.0150346 -0.00100549 -0.0148409 0.00493226 -0.00302341 -0.0130168
internal_weight=73642.3 36709.4 36932.9 30355.6 28279.3 16671 6353.88 8653.57 17863.3 10363.7 13684.6 6307.31 10416.1 10885 6926.99 4839.16 9447.56 2799.59 6614.89 8415.73 7719.11 1514.71 328.755 1185.96 4654.07 312.099 1726.58 185.095 2696.95 883.451
internal_count=318195 206766 111429 151022 87702 95034 55744 23727 58469 52646 55988 42388 29233 46506 18754 45881 28191 9482 17874 30278 21365 9863 1994 7869 44509 880 4973 1372 7868 2532
is_linear=0
shrinkage=0.03


Tree=110
num_leaves=31
num_cat=0
split_feature=2 8 2 13 2 2 2 2 2 10 14 3 2 11 7 7 11 8 13 3 2 2 3 10 11 11 1 13 8 0
split_gain=1979.44 323.689 246.969 111.443 49.5587 46.1406 43.0334 42.4563 36.664 27.605 24.9102 18.7018 17.4904 17.8267 17.0334 17.1752 16.7281 27.1447 16.4905 15.984 13.7886 13.7061 12.93 10.7629 9.88221 9.82788 9.19561 9.22209 8.821 4.59788
threshold=0.2587514221668244 0.17057255655527118 0.49134542047977453 0.31756132841110235 0.15017945319414142 0.82174551486969005 0.12499197199940683 0.16064437478780749 0.32363207638263708 0.31105577945709234 0.25777579843997961 0.23416327685117724 0.66189122200012218 0.48354765772819525 0.22196365892887118 0.70975103974342357 0.4875528365373612 0.45954416692256933 0.11926803737878801 0.19545771926641467 0.2160686403512955 0.11326905712485315 0.2189653813838959 0.15989819914102557 0.22745107859373095 0.60148230195045482 0.06097793951630593 0.36736223101615911 0.4726464599370957 0.02201743703335524
decision_type=2 2 2 2 2 2 2 2 2 2 2 2 2 2 2 2 2 2 2 2 2 2 2 2 2 2 2 2 2 2
left_child=1 4 8 6 9 12 18 19 14 24 -8 20 13 -4 23 -16 17 -10 -3 -5 -6 -11 -9 -2 -1 -14 29 -28 -18 -7
right_child=2 3 5 7 11 26 10 22 16 21 -12 -13 25 -15 15 -17 28 -19 -20 -21 -22 -23 -24 -25 -26 -27 27 -29 -30 -31
leaf_value=-0.013970716955743274 0.0015961242301347029 0.0040349897092469347 0.008684098100190293 -0.0066964501925417461 -0.0048852787706920395 0.023563336961955946 -0.01040213332995174 -0.0021227262370239657 0.004291908113341133 -0.016804904553774445 -0.00014651019843703127 -0.010930239923711157 0.011114565833890831 0.0048605090921431063 -0.00034783986848734065 0.01692904015327272 -0.0031642996166782629 0.010400810151790917 -0.006153614013761622 -0.011465278438949152 0.0088236381813384356 -0.012309898503988122 -0.0063488772115637962 0.0083471058235715517 -0.0066259141784465085 0.0068682208382957032 0.012032394999379735 0.021905927652819523 0.0026057868280403903 0.016396064269479375
leaf_weight=262.76619084924459 467.44565241038799 152.72434590011835 3949.4690520316362 883.2010337933898 278.76983849331737 110.60899659991264 223.16067253425717 873.16847810149193 6140.811543777585 2864.8040124922991 4754.034617446363 417.98466573283076 2784.979970395565 1519.6837720274925 3284.4060597792268 52.615672312676907 306.67495510727167 732.75356370210648 2238.7223157100379 2229.0702793113887 86.528073035180569 775.85601509362459 2567.1529025696218 389.74995425343513 442.51841454952955 595.41052708029747 886.94959318637848 94.178904324769974 1071.8263506516814 296.46865975856781
leaf_count=2609 2085 941 14195 12408 4080 307 1852 9943 32241 51176 33086 5170 8182 5875 24260 457 1569 3286 20303 27183 992 13087 25916 1799 4313 1838 2385 257 5593 807
internal_value=2.90455e-05 -0.00710034 0.00601643 -0.00472667 -0.0135427 0.00946787 -0.0021955 -0.00757307 0.00317743 -0.0147946 -0.000606338 -0.00659666 0.0086702 0.00762166 0.000893533 -7.54309e-05 0.00433826 0.00494315 -0.00550294 -0.010112 -0.00163805 -0.015847 -0.00527626 0.00466566 -0.00936235 0.0103666 0.0145529 0.0129802 0.00132212 0.0183435
internal_weight=41734.5 19050.5 22684 13921.2 5129.23 10237.7 7368.64 6552.59 12446.3 4345.94 4977.2 783.283 8849.54 5469.15 4194.22 3337.02 8252.07 6873.57 2391.45 3112.27 365.298 3640.66 3440.32 857.196 705.285 3380.39 1388.21 981.128 1378.5 407.078
internal_count=318195 213059 105136 131632 81427 33846 56182 75450 71290 71185 34938 10242 30090 20070 28601 24717 42689 35527 21244 39591 5072 64263 35859 3884 6922 10020 3756 2642 7162 1114
is_linear=0
shrinkage=0.03


Tree=111
num_leaves=31
num_cat=0
split_feature=0 10 3 6 10 0 3 14 5 13 5 12 13 0 12 10 0 12 6 3 10 5 0 11 12 5 8 13 0 10
split_gain=1721.41 366.243 236.467 162.153 64.7674 54.9595 51.936 42.1341 48.6898 50.8191 39.2639 33.0594 24.1449 23.6937 23.2168 20.8372 18.1514 16.1515 15.6755 14.9811 14.5942 12.9518 12.6231 12.4518 8.77158 8.70141 6.86444 6.28537 5.93996 4.6062
threshold=0.28577296435832983 0.44398394227027899 0.49155512452125555 0.18398468941450122 0.22283513098955157 0.19578295946121219 0.68274736404418956 0.20852398127317431 0.26645597815513616 0.33327458798885351 0.25130654871463781 0.29870215058326727 0.53873398900032055 0.039447518065571792 0.31985063850879675 0.48429754376411444 0.12482324615120889 0.30775596201419836 0.39934083819389349 0.27552367746829992 0.52368134260177623 0.15015780925750735 0.863476723432541 0.086151897907257094 0.19656156748533252 0.089737396687269225 0.089072983711957945 0.29525637626647955 0.024035328067839149 0.41945895552635198
decision_type=2 2 2 2 2 2 2 2 2 2 2 2 2 2 2 2 2 2 2 2 2 2 2 2 2 2 2 2 2 2
left_child=1 3 7 13 16 15 17 11 12 -10 -6 19 -9 28 23 24 -5 20 -19 -2 -4 -13 26 -7 -3 -17 -8 -15 -1 -24
right_child=2 5 6 4 10 14 22 8 9 -11 -12 21 -14 27 -16 25 -18 18 -20 -21 -22 -23 29 -25 -26 -27 -28 -29 -30 -31
leaf_value=-0.015183533317159841 -0.0085700911854667133 -0.019009087958765023 0.014616103186887008 -0.001960618572431838 -0.00059762819239292842 -0.013461680915200131 0.0051124474007273124 0.0051248905529302996 0.0033661656800738258 -0.0020241697714285479 -0.0051772275854537805 -0.001137259729350459 0.01356578661421153 -0.005877894086457316 -0.013446830404159586 -0.00471805537183328 0.0025349209566888466 0.0040714872026166382 0.0076811520374809828 0.0047925428444395768 0.0062886846883267854 -0.0095143236317908192 0.017971919425320153 -0.0059870773578602956 -0.0083747125239717665 -0.015693063336068225 0.011798777480452074 -0.0093364266694879686 -0.011005009484183974 0.0086440637951101431
leaf_weight=563.64648031443357 88.18965870141983 79.242291282862425 509.19865998625755 1152.236683934927 2574.6423503272235 230.36676675826311 147.99867963790894 4496.73581520468 5659.0003641098738 2180.7133644893765 4875.7953549399972 255.75559371709824 327.18585474789143 966.29264999181032 686.45573559775949 66.37421714887023 2708.2623290121555 1305.3017091751099 6350.6677488833666 525.16709949076176 301.59689099341631 473.88437421247363 397.64119929075241 1551.5996769703925 586.2456468231976 3178.001667059958 2084.7292566895485 926.244364682585 670.30299118161201 54.131530344486237
leaf_count=6613 968 963 1890 7689 23700 3804 451 25184 24590 13683 36232 2366 2116 7622 9874 1000 13810 5147 20946 3908 1312 4335 1077 17821 6944 51318 5782 9567 7332 151
internal_value=0.000104877 -0.00627704 0.00538529 -0.00363209 -0.00196055 -0.012264 0.00864496 0.00279013 0.00332597 0.00186678 -0.00359466 -0.00226245 0.0056974 -0.00967937 -0.00875917 -0.0144766 0.00119314 0.00749213 0.00706572 0.00287124 0.0115185 -0.00657797 0.0122809 -0.00695337 -0.00964099 -0.0154685 0.0113556 -0.00757057 -0.0129137 0.0168543
internal_weight=45973.6 20815.7 25157.9 14437.4 11310.9 6378.29 11151.3 14006.6 12663.6 7839.71 7450.44 1343 4823.92 3126.49 2468.42 3909.86 3860.5 8466.77 7655.97 613.357 810.796 729.64 2684.5 1781.97 665.488 3244.38 2232.73 1892.54 1233.95 451.773
internal_count=318195 204289 113906 112565 81431 91724 36756 77150 65573 38273 59932 11577 27300 31134 31499 60225 21499 29295 26093 4876 3202 6701 7461 21625 7907 52318 6233 17189 13945 1228
is_linear=0
shrinkage=0.03


Tree=112
num_leaves=31
num_cat=0
split_feature=1 11 1 7 10 7 1 7 1 1 5 1 14 11 1 5 10 0 8 3 11 13 14 7 5 13 8 2 10 13
split_gain=1835.35 506.746 393.098 168.231 96.5795 77.3863 53.488 55.369 53.123 44.1791 33.2111 31.1043 27.7771 23.3757 22.1121 20.0233 16.5218 18.7658 15.5984 15.5785 15.1953 15.0171 14.5676 12.5571 12.1347 13.5147 11.2803 6.2674 5.95413 4.03744
threshold=0.4405642449855805 0.15082093328237536 0.20406513661146167 0.35635013878345495 0.24874240905046466 0.15911624580621722 0.63379010558128368 0.49541898071765905 0.33660043776035314 0.61627459526062023 0.20282910764217379 0.078325837850570693 0.28117135167121893 0.43449403345584875 0.61323612928390514 0.31296186149120336 0.50247400999069225 0.82884481549263012 0.41569502651691442 0.49155512452125555 0.59329792857170116 0.31343831121921545 0.19341561943292621 0.30200754106044775 0.055863155052065856 0.57042795419693004 0.15760854631662372 0.23206416517496112 0.090182330459356322 0.67640408873558056
decision_type=2 2 2 2 2 2 2 2 2 2 2 2 2 2 2 2 2 2 2 2 2 2 2 2 2 2 2 2 2 2
left_child=2 9 5 14 13 11 10 -8 22 24 -5 28 -10 23 21 26 17 -7 -15 -16 -13 -3 -6 -4 -2 -26 -11 -17 -1 -18
right_child=1 3 4 6 8 16 7 -9 12 15 -12 20 -14 18 19 27 29 -19 -20 -21 -22 -23 -24 -25 25 -27 -28 -29 -30 -31
leaf_value=-0.017208640592047904 -0.014713171723788644 -0.0022728322153762843 -0.0066175190915712685 0.00061307940879363641 0.0017928422122090017 -0.0063187899866512902 0.0041238431291826224 0.0092314607482762885 0.0023095603147463267 0.015423805196886936 0.0044960621191243912 -0.01058319631045619 -0.00090955304069551392 0.00092222996651381169 0.0026059912319797525 0.007055065561346688 -0.0021158734923270106 -0.013307077193709002 -0.0040985857877715876 -0.0058116103563133556 -0.0053855487311829566 0.003055078086856516 -0.0031205927658284321 0.00088839153698992061 0.011389086746431579 0.0053599800160151903 0.011084191814996957 -0.0084104678921886854 -0.01334179561506954 0.0049853135453556425
leaf_weight=608.76503440737724 20.284433171153069 4179.5510616600513 4872.6019639670849 2558.2653923854232 577.92243655025959 5419.1732541322708 3562.0447675660253 4119.0283548906446 3813.5572760105133 3917.1980252340436 8807.0324710831046 4131.6967675387859 6566.2010557502508 681.53161312639713 2216.9726989418268 155.16411799192429 243.72977811098099 369.40862739086151 3045.2405382394791 217.26701374351978 576.89919158816338 537.32682530581951 9006.6791629642248 209.2107320278883 740.28825936466455 610.61339350044727 625.12213864177465 27.809806823730469 871.35163813829422 102.30543968081474
leaf_count=1802 76 14724 13653 12751 2018 14610 19664 29933 15157 38904 45203 11183 24313 1978 9975 1202 711 1021 8982 826 1558 2265 27300 640 5248 3885 5605 170 2533 305
internal_value=-8.30523e-05 0.00526878 -0.00428859 0.00345591 -0.00236841 -0.00877189 0.00492899 0.00686284 -0.0012139 0.0130589 0.00362202 -0.0111388 0.00027316 -0.00498506 -0.000467494 0.0144346 -0.00638411 -0.00676476 -0.00318041 0.00185468 -0.00994638 -0.0016659 -0.00282433 -0.00630851 0.00831808 0.0086639 0.0148266 0.00470449 -0.0149322 -1.64049e-05
internal_weight=73390.2 32294 41096.3 26197.5 28772.9 12323.3 19046.4 7681.07 19964.4 6096.48 11365.3 6188.71 10379.8 8808.58 7151.12 4725.29 6134.62 5788.58 3726.77 2434.24 4708.6 4716.88 9584.6 5081.81 1371.19 1350.9 4542.32 182.974 1480.12 346.035
internal_count=318195 190431 127764 135341 94041 33723 107551 49597 68788 55090 57954 17076 39470 25253 27790 45881 16647 15631 10960 10801 12741 16989 29318 14293 9209 9133 44509 1372 4335 1016
is_linear=0
shrinkage=0.03


Tree=113
num_leaves=31
num_cat=0
split_feature=2 8 2 13 2 2 2 2 2 10 3 3 2 11 11 0 13 7 7 13 2 2 10 11 3 11 1 12 8 7
split_gain=1872.49 314.107 228.152 106.468 49.3448 43.5556 41.5931 41.199 34.4488 27.2111 18.6877 18.6307 16.1227 16.8377 15.8729 27.6983 15.8512 15.7103 16.3774 15.5559 13.8346 13.1325 10.2236 9.74878 9.42522 9.28305 8.85524 8.85093 8.51774 4.509
threshold=0.2587514221668244 0.17057255655527118 0.49134542047977453 0.31756132841110235 0.15017945319414142 0.82174551486969005 0.17330244928598407 0.12499197199940683 0.32363207638263708 0.31105577945709234 0.23416327685117724 0.20517668873071673 0.66189122200012218 0.48354765772819525 0.4875528365373612 0.1304573938250542 0.11926803737878801 0.22196365892887118 0.70975103974342357 0.21678765118122104 0.11326905712485315 0.2160686403512955 0.15989819914102557 0.22745107859373095 0.2189653813838959 0.60148230195045482 0.06097793951630593 0.22554320096969607 0.4726464599370957 0.55317139625549328
decision_type=2 2 2 2 2 2 2 2 2 2 2 2 2 2 2 2 2 2 2 2 2 2 2 2 2 2 2 2 2 2
left_child=1 4 8 7 9 12 11 16 17 23 21 -5 13 -4 15 -10 -3 22 -19 -9 -11 -6 -2 -1 -8 -14 -7 -28 -16 -12
right_child=2 3 5 6 10 26 24 19 14 20 29 -13 25 -15 28 -17 -18 18 -20 -21 -22 -23 -24 -25 -26 -27 27 -29 -30 -31
leaf_value=-0.013845901764658722 0.0015037708835657403 0.003933120187895725 0.0083878199280185365 -0.0061945210567282633 -0.0046437136685336562 0.017810225384683343 -0.0018633119455473835 0.0013089742254011451 0.009715970769749744 -0.016684405651325708 -0.0040707541676375655 -0.010980016577993662 0.010713022342367422 0.004680297377702548 -0.003130471066341426 0.0040713618461048458 -0.0060426341077486215 -0.00031815684710910497 0.016457233366800592 -0.0020739381309333974 -0.012121205212444719 0.0087448744616637174 0.0080668257655392706 -0.00651159871578083 -0.0057692291556595649 0.0065949101815659123 0.017588564057009284 0.010932586165372677 0.0025416120252886323 -0.012242472506873646
leaf_weight=259.34664175286889 468.69992417097092 153.22831885516644 3972.2470619678497 1029.2701474837959 274.90791650488973 405.07892498373985 746.83894150704145 2168.8203330039978 899.74203307181597 2795.5873996056616 74.073120020329952 2536.621365647763 2797.9463088214397 1525.9625283330679 306.22464291751385 5999.0446614399552 2224.7186899930239 3280.2116495072842 53.226959966123104 2806.3362785018981 760.65558617189527 86.740159265697002 392.50907027721405 439.5478752925992 2176.1364899836481 597.92827168107033 236.9951396882534 745.1532321870327 1073.8534621074796 338.40223824977875
leaf_count=2609 2085 941 14195 14549 4080 1114 8366 12615 5604 51176 817 30835 8182 5875 1569 29923 20303 24260 457 22323 13087 992 1799 4313 21700 1838 640 2002 5593 4353
internal_value=3.05979e-05 -0.00695632 0.00582505 -0.00462333 -0.0133774 0.00913382 -0.00742413 -0.00215171 0.00309779 -0.0146448 -0.00641044 -0.00959872 0.00836266 0.00735884 0.00422 0.00480753 -0.00539982 0.000882903 -5.02944e-05 -0.000599225 -0.0157084 -0.0014325 0.00449498 -0.00923322 -0.00477124 0.00998793 0.014078 0.0125387 0.00128304 -0.010775
internal_weight=41626.1 18871.2 22754.8 13842 5029.26 10281.3 6488.87 7353.1 12473.5 4255.14 774.123 3565.89 8894.08 5498.21 8278.86 6898.79 2377.95 4194.65 3333.44 4975.16 3556.24 361.648 861.209 698.895 2922.98 3395.87 1387.23 982.148 1380.08 412.475
internal_count=318195 213059 105136 131632 81427 33846 75450 56182 71290 71185 10242 45384 30090 20070 42689 35527 21244 28601 24717 34938 64263 5072 3884 6922 30066 10020 3756 2642 7162 5170
is_linear=0
shrinkage=0.03


Tree=114
num_leaves=31
num_cat=0
split_feature=3 3 13 6 0 0 0 11 8 0 10 12 13 2 9 11 9 0 2 0 13 6 1 11 9 13 11 14 5 3
split_gain=1627.84 278.848 234.276 117.43 96.6629 63.5498 56.7642 44.1866 43.2109 36.0691 28.1252 26.3802 42.8734 29.1542 26.2398 20.3871 17.9527 17.6108 16.6797 16.1992 15.6518 13.8262 13.2954 12.323 11.1102 9.85433 9.06386 8.18926 4.38855 3.66116
threshold=0.30683515965938574 0.45594190061092382 0.37403370440006262 0.17079117149114612 0.24093742668628695 0.69883990287780773 0.29891385138034826 0.17956871539354327 0.33219906687736517 0.17072525620460513 0.56831559538841259 0.25709941983222967 0.33327458798885351 0.11634768545627595 0.16456913948059085 0.18297734856605533 0.19821466505527499 0.16254107654094699 0.062198238447308547 0.024035328067839149 0.51877164840698253 0.6163059175014497 0.35743243992328649 0.1443375572562218 0.28557924926280981 0.2877048403024674 0.19842858612537387 0.2878649383783341 0.073730487376451506 0.52102175354957592
decision_type=2 2 2 2 2 2 2 2 2 2 2 2 2 2 2 2 2 2 2 2 2 2 2 2 2 2 2 2 2 2
left_child=2 6 3 19 10 21 8 28 15 -9 16 13 -13 -8 20 -2 -4 -12 23 -1 -6 24 -16 -7 -3 -10 -20 -21 -5 -23
right_child=1 5 4 7 14 18 11 9 25 -11 17 12 -14 -15 22 -17 -18 -19 26 27 -22 29 -24 -25 -26 -27 -28 -29 -30 -31
leaf_value=-0.014958041364762704 -0.010007703399828939 0.0094805579378366821 -0.014087624179765829 0.0071332758369171221 -0.010416469807050971 0.0077442060270013092 0.012760019289565636 -0.0037424184934300862 0.0039668093781215739 0.0002243692352423501 -0.01712931088084799 0.0039177318051305931 -0.0007166856180757284 0.0037827809037545915 0.0040625403580065644 -0.0024776816358335133 -0.0093349453094558159 -0.012110012555451452 0.0022310134901038169 -0.018679768977314833 0.009554094962019432 0.0010458150160364361 -0.0067133345407216589 0.014693828561119483 0.0058519540747155475 -0.0024287544503922938 0.0099299568820620243 -0.0082836966586236314 -0.016500603136070116 0.010223877652428591
leaf_weight=462.21685810387135 377.71573388949037 834.57698245346546 1034.6569860503078 7.3185978122055522 44.723298691213131 278.39960840344429 474.93024528026581 4627.7115810886025 1226.0562112852931 3722.4413292482495 1465.2719636708498 5072.9702126085758 2781.654376886785 1035.3400160297751 111.3699667006731 2258.5653989613056 2317.5794785916805 1102.4799781255424 148.75436821579933 70.904335092753172 167.99563605338335 40.742704898118973 1378.965954888612 1310.9824809730053 8433.5903463885188 263.40982007980347 1839.2568218111992 1784.2459283992648 209.18197515979409 979.96555678546429
leaf_count=5324 5381 3809 12918 76 405 882 3045 36139 5976 23258 25650 22969 17927 6424 754 17938 28035 18409 467 966 1665 164 14355 3583 31702 1826 5042 16944 3119 3043
internal_value=0.000105077 0.00475372 -0.00676649 -0.0039417 -0.0107997 0.00774122 0.00168304 -0.00232098 -0.00124882 -0.00197405 -0.0126116 0.00297468 0.00227649 0.00660583 -0.00450122 -0.00355655 -0.0108018 -0.0149742 0.0111855 -0.00993303 0.00535536 0.00654366 -0.00590807 0.0134765 0.0061787 0.00283576 0.00935388 -0.00868104 -0.0157017 0.00985753
internal_weight=45864 27356.9 18507.1 10884 7623.04 13866.3 13490.6 8566.65 4125.75 8350.15 5919.99 9364.89 7854.62 1510.27 1703.05 2636.28 3352.24 2567.75 3577.39 2317.37 212.719 10288.9 1490.34 1589.38 9268.17 1489.47 1988.01 1855.15 216.501 1020.71
internal_count=318195 130178 188017 85826 102191 48692 81486 62592 31121 59397 85012 50365 40896 9469 17179 23319 40953 44059 9974 23234 2070 38718 15109 4465 35511 7802 5509 17910 3195 3207
is_linear=0
shrinkage=0.03


Tree=115
num_leaves=30
num_cat=0
split_feature=1 11 1 7 7 13 1 7 1 1 5 5 11 14 12 13 1 5 14 10 12 5 12 10 2 11 10 2 10
split_gain=1708.59 486.472 368.653 158.348 115.823 56.7189 50.1779 53.2766 43.2211 39.095 31.6179 29.2935 48.1983 43.1895 24.2136 26.6182 21.8918 19.8351 16.5156 14.3102 12.2565 11.6005 13.5059 11.5381 11.4184 10.4164 10.0422 5.94116 5.90444
threshold=0.4405642449855805 0.15082093328237536 0.26413767039775854 0.35635013878345495 0.15911624580621722 0.27186726033687597 0.63379010558128368 0.52113211154937755 0.61627459526062023 0.078325837850570693 0.20282910764217379 0.19184070080518725 0.16178027540445331 0.29004512727260595 0.31985063850879675 0.32318513095378881 0.15132067352533343 0.31296186149120336 0.18304322659969333 0.36912408471107488 0.34358251094818121 0.055863155052065856 0.27378936111927038 0.45163445174694067 0.022905168123543266 0.52744856476783764 0.29195591807365423 0.23206416517496112 0.090182330459356322
decision_type=2 2 2 2 2 2 2 2 2 2 2 2 2 2 2 2 2 2 2 2 2 2 2 2 2 2 2 2 2
left_child=2 8 4 14 9 19 10 -8 21 28 -5 12 -7 -13 26 -16 23 24 -18 20 -4 -2 -23 -6 -10 -11 -3 -19 -1
right_child=1 3 5 6 16 11 7 -9 17 25 -12 13 -14 -15 15 -17 18 27 -20 -21 -22 22 -24 -25 -26 -27 -28 -29 -30
leaf_value=-0.016825334716405658 -0.014319742245047123 0.0025747973757415553 -0.0016931020632561149 0.0005755543773895063 -0.0083991944525504767 0.0052659203271425538 0.0043704273372209401 0.0094143421891774506 -0.014991715701715071 -0.0097641529372042134 0.0043686748684342632 0.0027719269301504463 -0.0052908585328917219 -0.0010451683950816336 -0.0023779352741644046 0.0065376381582989409 0.0015225479638461825 0.0068061485967757969 -0.004924620980194163 0.01524223812061767 -0.0044836016919564611 0.0049856504559690476 0.011082048845429559 -0.0015955777024623005 0.014694449561967587 -0.0067378077356808983 -0.003397757066263296 -0.0082363480338098569 -0.012959731784451726
leaf_weight=603.69219732284546 20.410529851913452 2240.7663071900606 1924.9428446441889 2554.5025326758623 2395.0837950110435 477.92229372262955 4144.9422506317496 3456.2748051956296 11.691962927579878 4441.7921198606491 8760.6600198298693 3943.1469398140907 2097.5263606011868 8248.4606105834246 4298.8234051018953 324.10883702337742 372.8208694010973 152.99738029390574 8760.1024425327778 35.894007205963135 5364.1085946261883 572.35107676684856 763.11246630549431 247.51806822419167 4421.5851943269372 1330.0897995531559 285.66854508221149 27.946981459856033 865.41439214348793
leaf_count=1802 76 9302 5953 12751 6479 2069 23538 26059 68 12028 45203 15183 7113 29046 15837 1414 1196 1202 24260 121 15676 3639 5494 693 44441 3612 1237 170 2533
internal_value=-8.34673e-05 0.00511048 -0.00413111 0.00334124 -0.00719319 -0.00149531 0.00477874 0.0066639 0.0128351 -0.0101789 0.00351234 -0.000424724 -0.00333185 0.0001894 -0.000462213 -0.00175287 -0.00535723 0.0142188 -0.00466144 -0.00365362 -0.00374667 0.00812621 0.00846926 -0.00776194 0.0146162 -0.00906675 0.00189947 0.00448282 -0.0145482
internal_weight=73144.4 32035.8 41108.5 26065.7 19016.5 22092 18916.4 7601.22 5970.1 7240.99 11315.2 14767.1 2575.45 12191.6 7149.37 4622.93 11775.5 4614.22 9132.92 7324.95 7289.05 1355.87 1335.46 2642.6 4433.28 5771.88 2526.43 180.944 1469.11
internal_count=318195 190431 127764 135341 52603 75161 107551 49597 55090 19975 57954 53411 9182 44229 27790 17251 32628 45881 25456 21750 21629 9209 9133 7172 44509 15640 10539 1372 4335
is_linear=0
shrinkage=0.03


Tree=116
num_leaves=31
num_cat=0
split_feature=2 8 2 13 2 2 2 10 2 2 8 0 3 2 7 11 5 13 13 8 10 3 11 1 11 10 11 2 5 0
split_gain=1772.01 273.161 265.877 101.468 62.659 38.491 32.2923 28.6754 28.6009 26.5269 21.9107 31.8713 21.2874 21.2515 21.0993 20.8087 21.5279 19.6913 16.7481 15.9134 15.2154 15.0531 11.8082 10.6267 10.081 9.70717 8.20459 8.12193 7.50233 4.46133
threshold=0.23419078439474109 0.16913386434316638 0.42078648507595068 0.31618317961692816 0.66189122200012218 0.13662528246641162 0.092171818017959609 0.31105577945709234 0.29267047345638281 0.14645181596279147 0.17192853242158893 0.12903803586959842 0.21327235549688342 0.85213345289230358 0.081495925784111037 0.48354765772819525 0.46027442812919622 0.23454353958368304 0.21678765118122104 0.1317754536867142 0.38147561252117163 0.20517668873071673 0.60148230195045482 0.63379010558128368 0.22745107859373095 0.20850160717964175 0.42430645227432257 0.10496879741549493 0.13420768827199939 0.025886719115078453
decision_type=2 2 2 2 2 2 2 2 2 2 2 2 2 2 2 2 2 2 2 2 2 2 2 2 2 2 2 2 2 2
left_child=1 5 8 6 15 7 28 24 17 20 11 -10 -11 22 -12 16 -4 26 -8 -19 -5 23 -6 -7 -1 -17 -2 -9 -3 -15
right_child=2 3 4 9 13 21 18 27 10 12 14 -13 -14 29 -16 25 -18 19 -20 -21 -22 -23 -24 -25 -26 -27 -28 -29 -30 -31
leaf_value=-0.013886299048126568 0.0050197975931062528 -0.0089878669458901689 0.0048878628804254953 -0.0071046436459567368 0.010616099079878347 0.0094801081049737234 0.00055034046828390164 -0.016808360947983582 0.028664465368784177 -0.0017197363355462732 0.015006781428575229 0.0040048933210944911 -0.0074569163712982309 0.017772572331383654 0.0023937575581154361 0.0026214229394208931 0.0085764829028366473 0.015828799340000189 -0.0029014186004357179 -0.001880607681835399 -0.011920196762336391 -0.01075657072319073 0.0063859139188058378 -0.0050786208154577029 -0.0062618061059196081 0.0070055689732444609 -0.00024806359496577877 -0.013270129546666573 -0.0044131436773477226 0.013368881283634631
leaf_weight=249.97106872871518 718.17724752426147 641.86636792123318 2126.1282089799643 920.27117832377553 3156.4191279709339 54.803291823714972 2262.5950739532709 2454.3646139875054 71.81591072678566 759.84069574996829 121.49221675097942 137.45424359291792 2487.7367683649063 319.2998594045639 6812.2563588768244 1499.2454966902733 4312.2359723448753 46.419514708220959 2869.6184015534818 2814.7532601803541 1648.0081391185522 555.48809529840946 731.53099882602692 255.43610252439976 415.48227519541979 652.29027518630028 422.70929475873709 766.15347662568092 648.70270719379187 588.95466551184654
leaf_count=2554 3435 6278 9211 11129 9116 714 13872 46131 526 9283 407 983 26788 872 39353 5906 15986 449 24128 23403 22664 7707 2194 4116 4121 2871 2491 13931 5982 1594
internal_value=3.09699e-05 -0.00741595 0.00518872 -0.00504574 0.00803853 -0.0135207 -0.00244638 -0.0147952 0.00176587 -0.00791635 0.00290342 0.0124674 -0.00611458 0.0107854 0.00261476 0.00650483 0.0073584 -0.000264473 -0.00137967 -0.00159329 -0.0101947 -0.00780022 0.00982018 -0.00250684 -0.00912587 0.00395058 0.00306801 -0.0159666 -0.00668839 0.014917
internal_weight=41521.5 16990.3 24531.2 12238.6 13386.1 4751.7 6422.78 3885.97 11145.1 5815.86 7143.02 209.27 3247.58 4796.2 6933.75 8589.9 6438.36 4002.06 5132.21 2861.17 2568.28 865.727 3887.95 310.239 665.453 2151.54 1140.89 3220.52 1290.57 908.255
internal_count=318195 199398 118797 120124 47750 79274 50260 66737 71047 69864 41269 1509 36071 13776 39760 33974 25197 29778 38000 23852 33793 12537 11310 4830 6675 8777 5926 60062 12260 2466
is_linear=0
shrinkage=0.03


Tree=117
num_leaves=31
num_cat=0
split_feature=3 3 13 6 0 0 0 11 8 0 3 12 13 2 5 10 2 9 2 0 2 11 2 11 11 8 11 5 13 5
split_gain=1537.16 257.98 225.497 113.718 95.0075 59.4752 53.3397 42.561 40.6098 34.2465 30.3567 25.6417 39.7548 27.6163 23.331 21.9853 20.9392 20.4254 16.0764 16.0171 13.7116 20.3463 13.3184 11.5787 11.2012 11.021 8.53647 7.71011 7.1813 4.88096
threshold=0.30683515965938574 0.45594190061092382 0.37403370440006262 0.17079117149114612 0.26511922478675848 0.69883990287780773 0.29891385138034826 0.17956871539354327 0.31533139944076544 0.17072525620460513 0.19545771926641467 0.25709941983222967 0.33327458798885351 0.11634768545627595 0.19916320592164996 0.57120269536972057 0.061049217358231551 0.14894922077655795 0.062198238447308547 0.024035328067839149 0.079664044082164778 0.21106173098087314 0.31711405515670782 0.1443375572562218 0.1727382764220238 0.12398576736450197 0.19842858612537387 0.11339959129691125 0.2893280982971192 0.069816783070564284
decision_type=2 2 2 2 2 2 2 2 2 2 2 2 2 2 2 2 2 2 2 2 2 2 2 2 2 2 2 2 2 2
left_child=2 6 3 19 10 20 8 29 14 -9 15 13 -13 -8 -2 -4 -12 24 23 -1 25 -22 -19 -7 -6 -3 -20 -21 -10 -5
right_child=1 5 4 7 17 18 11 9 28 -11 16 12 -14 -15 -16 -17 -18 22 26 27 21 -23 -24 -25 -26 -27 -28 -29 -30 -31
leaf_value=-0.014825968100079528 -0.00047359240789008759 0.0051428770561073095 -0.011878397744261164 0.0095678168503040839 -0.012044125575701704 0.007497788346887386 0.012426702249511114 -0.003650280999826058 0.0033759302169773255 0.00021870617534496095 -0.0015420035846590518 0.0037815086917554874 -0.00068052980532268444 0.003716687492094741 -0.006366451589778349 -0.01699909756412973 -0.010753255879190755 -0.0047983982011247711 0.0020945773266254856 0.0067900192629346051 0.00021981773025714303 0.0061727854924336798 0.0069341926076289554 0.014226149320845764 0.019084295585521424 0.010007141281823078 0.0095598072820653607 -0.0087832563796461371 -0.0015139614019246139 -0.016375978969773788
leaf_weight=454.64102258533239 1113.1670651249588 599.12822513282299 1633.9828805625439 6.7413873150944701 12.842262886464594 279.16726820170879 478.82814721018076 4607.3141143321991 1339.8680352494121 3722.7596704363823 239.62363514304161 5091.6058783829212 2777.3264901265502 1037.4649264290929 1323.7344522550702 1402.1192026808858 3038.6655813492835 1026.006469629705 149.00342406332493 29.071668151766062 553.44603499025106 7788.0964703261852 95.153477907180786 1312.0228008925915 54.791788384318352 1395.9258848950267 1843.1572594642639 1808.2495096176863 338.61116677522659 204.74945549294353
leaf_count=5324 10873 2721 20784 69 146 882 3045 36139 6601 23258 3944 22969 17927 6424 11253 24768 41491 9915 467 403 2567 28038 683 3583 460 5392 5042 17507 2394 3126
internal_value=0.000104551 0.00460104 -0.00661945 -0.00385079 -0.010617 0.00746676 0.0016463 -0.00225863 -0.00120135 -0.00192121 -0.0120818 0.00289498 0.00220664 0.00646721 -0.00367462 -0.0142432 -0.01008 -0.00283681 0.0107973 -0.00978437 0.00631217 0.00577782 -0.00380265 0.0130457 0.0131737 0.00854637 0.00900145 -0.00853684 0.00238946 -0.015549
internal_weight=45757.3 27420.6 18336.7 10833.5 7503.19 13919.9 13500.6 8541.56 4115.38 8330.07 6314.39 9385.23 7868.93 1516.29 2436.9 3036.1 3278.29 1188.79 3583.35 2291.96 10336.6 8341.54 1121.16 1591.19 67.6341 1995.05 1992.16 1837.32 1678.48 211.491
internal_count=318195 130178 188017 85826 102191 48692 81486 62592 31121 59397 90987 50365 40896 9469 22126 45552 45435 11204 9974 23234 38718 30605 10598 4465 606 8113 5509 17910 8995 3195
is_linear=0
shrinkage=0.03


Tree=118
num_leaves=31
num_cat=0
split_feature=1 11 1 7 10 7 3 1 1 7 1 14 12 13 11 8 8 10 0 11 12 5 7 5 5 13 10 1 10 13
split_gain=1587.02 467.901 346.971 148.58 85.6025 72.3952 47.0295 46.497 42.0169 37.5917 28.9039 25.5124 21.5839 24.1783 21.0624 19.6861 15.2461 15.1149 17.4105 14.2402 13.2413 12.629 11.7493 11.5881 11.0779 13.0209 10.594 8.34367 5.84185 3.86708
threshold=0.4405642449855805 0.15082093328237536 0.20406513661146167 0.35404147207736975 0.24874240905046466 0.15911624580621722 0.37745137512683874 0.33660043776035314 0.61627459526062023 0.49289482831954962 0.078325837850570693 0.28117135167121893 0.31985063850879675 0.32318513095378881 0.43449403345584875 0.15760854631662372 0.41569502651691442 0.50247400999069225 0.82884481549263012 0.59329792857170116 0.47062171995639807 0.1819596663117409 0.30200754106044775 0.2893995493650437 0.055863155052065856 0.4127486795186997 0.29195591807365423 0.71106937527656566 0.090182330459356322 0.67640408873558056
decision_type=2 2 2 2 2 2 2 2 2 2 2 2 2 2 2 2 2 2 2 2 2 2 2 2 2 2 2 2 2 2
left_child=2 8 5 12 14 10 9 20 24 -5 28 -9 26 -14 22 27 -16 18 -7 -12 -6 -8 -4 -17 -2 -26 -3 -10 -1 -19
right_child=1 3 4 6 7 17 21 11 15 -11 19 -13 13 -15 16 23 -18 29 -20 -21 -22 -23 -24 -25 25 -27 -28 -29 -30 -31
leaf_value=-0.016460432469176233 -0.013906115909422773 0.0024369895829137881 -0.0061879294919648048 0.0035941771566335334 -0.0028093850111519966 -0.0058272620795704203 -0.0012879292974994803 0.0022569345767008944 0.013119464881923306 0.0064733876900479777 -0.009968439898772604 -0.00082911907448486957 -0.0023162197259570588 0.0064522013403665859 0.0011269203104110022 0.011104705073699726 -0.0038309317780707967 -0.0018570698206402294 -0.012581417895881443 -0.0049327091777770565 0.0031396101045020009 0.0030622938215115634 0.0010626571401021211 0.00081010201734962525 0.013382121822992634 0.0065529964145492545 -0.0038798584090166217 0.01597875978086967 -0.01260088927884722 0.005088997063668806
leaf_weight=598.78464016318321 20.540266036987305 2202.616540312767 4888.8493083119392 7416.1220942810178 9266.1535359323025 5420.4351618587971 1314.062444768846 3805.8829321116209 1529.101342022419 9075.676450714469 4117.1219182610512 6577.9083361625671 4244.9964388161898 303.24414402246475 683.05080169439316 558.31447775661945 3054.7649663984776 244.28541132807732 366.72817248106003 576.11765840649605 349.43038909137249 1106.1994391679764 209.77594710886478 119.46640450507402 337.39364344626665 984.46168659627438 268.02313482761383 2300.1933090165257 859.72627717256546 102.36164337396622
leaf_count=1802 76 9147 13653 38190 28261 14610 6123 15157 14980 58654 11183 24313 15584 1327 1978 5244 8982 711 1021 1558 1057 5160 640 928 2418 6715 1156 24729 2533 305
internal_value=-8.39743e-05 0.004951 -0.00397523 0.00322211 -0.0021765 -0.00819708 0.00460554 -0.00109 0.0126152 0.00517865 -0.0104966 0.000301986 -0.000505478 -0.0017316 -0.00463555 0.0140029 -0.00292493 -0.00589079 -0.00625527 -0.00935028 -0.0025932 0.000700374 -0.00588961 0.00929017 0.00795636 0.00829608 0.00175172 0.014837 -0.0141854 0.000194039
internal_weight=72901.8 31780.4 41121.4 25930.9 28835.8 12285.6 18912.1 19999.4 5849.47 16491.8 6151.75 10383.8 7018.88 4548.24 8836.44 4507.08 3737.82 6133.81 5787.16 4693.24 9615.58 2420.26 5098.63 677.781 1342.4 1321.86 2470.64 3829.29 1458.51 346.647
internal_count=318195 190431 127764 135341 94041 33723 108127 68788 55090 96844 17076 39470 27214 16911 25253 45881 10960 16647 15631 12741 29318 11283 14293 6172 9209 9133 10303 39709 4335 1016
is_linear=0
shrinkage=0.03


Tree=119
num_leaves=31
num_cat=0
split_feature=2 8 2 8 2 10 2 10 2 2 12 8 7 7 11 5 0 14 3 14 2 3 2 11 7 10 11 10 10 1
split_gain=1678.34 265.456 246.309 75.7524 57.86 49.1585 38.4974 29.2176 27.2032 20.3938 20.3927 20.2206 20.0966 21.1283 19.8116 20.1577 19.6449 18.0997 16.3007 16.1626 15.9873 13.2846 12.6246 11.2585 9.85588 9.38007 9.36653 8.65362 5.65174 4.43345
threshold=0.23419078439474109 0.16913386434316638 0.42078648507595068 0.30295209586620336 0.66189122200012218 0.25474660098552709 0.12849476933479312 0.31105577945709234 0.31409738957881933 0.85213345289230358 0.2870370894670487 0.17192853242158893 0.21851094067096713 0.71939682960510265 0.48354765772819525 0.46027442812919622 0.11457781493663789 0.31036049127578741 0.21327235549688342 0.30190756916999822 0.092171818017959609 0.20517668873071673 0.18522340804338458 0.60148230195045482 0.49289482831954962 0.20850160717964175 0.22745107859373095 0.15989819914102557 0.47398944199085241 0.049163263291120536
decision_type=2 2 2 2 2 2 2 2 2 2 2 2 2 2 2 2 2 2 2 2 2 2 2 2 2 2 2 2 2 2
left_child=1 6 8 5 14 20 7 26 12 23 24 16 27 -14 15 -4 -10 -12 -7 -13 -3 22 -8 -6 -5 -16 -1 -2 -9 -11
right_child=2 3 4 10 9 18 21 28 11 29 17 19 13 -15 25 -17 -18 -19 -20 -21 -22 -23 -24 -25 -26 -27 -28 -29 -30 -31
leaf_value=-0.01370381886101809 0.0015514634661481105 -0.006480898687663582 0.0047366513116780425 -0.0031960882995825148 0.010233932785711983 -0.004913274872397351 -0.0071857544760471504 -0.013749385520902338 0.030643338131208894 0.018150121004960319 -0.005264642097205981 -0.00013995481847182674 -0.00095373368522815429 0.01766258167041607 0.0024992141452861816 0.0082982357363436607 0.0072480182254671321 0.0012717651147913817 -0.0086531992949651273 0.0037041417038825037 -0.00093866410073434976 -0.01075369392796718 0.0051088386963550848 0.0061109287399775209 -0.0098703677749392704 0.0067994529617860181 -0.0062926948545495498 0.0071510254744015529 -0.016791792635552524 0.013262806525166402
leaf_weight=245.01616818830371 571.05377574265003 676.61568160355091 2134.1252621114254 850.10257665067911 3168.7118761241436 1332.2760183401406 257.19399761781096 725.61258303374052 44.082197494804859 220.92623624205589 464.54638321697712 1267.7601332589984 4251.7324024215341 55.585316397249699 1503.660927593708 4336.0475448518991 120.88132209330797 2126.9197219833732 4930.7740108110011 4403.9852545708418 1522.4489010870457 650.43302261829376 106.20850942656398 734.17629215121269 260.03725323826075 655.55563873052597 410.82558772340417 439.59947504103184 2264.5060299187899 684.99456831812859
leaf_count=2540 2588 5619 9211 8547 9116 18654 4567 10952 306 621 4027 8138 33418 518 5906 15986 823 15535 54688 23204 9698 9382 1388 2194 3356 2871 4104 2052 46341 1845
internal_value=3.23042e-05 -0.00726936 0.00502723 -0.00493692 0.00776259 -0.00650274 -0.0133578 -0.0147957 0.00173191 0.0103996 -0.00135736 0.00314604 0.000179827 -0.000713493 0.00629309 0.00712348 0.0134998 0.000100048 -0.00785764 0.0028449 -0.00264392 -0.00818682 -0.00359252 0.00945835 -0.00475946 0.0038048 -0.00906142 0.00398708 -0.0160535 0.0144547
internal_weight=41416.4 16823.5 24592.9 12163.7 13438.2 8462.11 4659.8 3645.96 11154.7 4808.81 3701.61 5836.71 5317.97 4307.32 8629.39 6470.17 164.964 2591.47 6263.05 5671.75 2199.06 1013.84 363.403 3902.89 1110.14 2159.22 655.842 1010.65 2990.12 905.921
internal_count=318195 199398 118797 120124 47750 88659 79274 63937 71047 13776 31465 32471 38576 33936 33974 25197 1129 19562 73342 31342 15317 15337 5955 11310 11903 8777 6644 4640 57293 2466
is_linear=0
shrinkage=0.03


Tree=120
num_leaves=31
num_cat=0
split_feature=3 13 0 6 0 2 14 5 13 10 0 10 12 0 6 14 5 0 0 9 3 12 6 12 2 8 13 14 2 4
split_gain=1419.7 224.699 224.505 110.136 98.4023 54.444 50.009 38.7187 46.4983 38.1901 33.8621 33.2318 27.5384 24.6674 23.2497 20.4238 20.3169 18.2903 17.8075 15.9973 15.6014 15.9272 14.967 13.3736 12.8632 9.73338 8.23731 8.20107 6.65934 2.81517
threshold=0.31180058419704443 0.37403370440006262 0.47783981263637548 0.18398468941450122 0.26511922478675848 0.079664044082164778 0.2110148221254349 0.20406474173069003 0.2877048403024674 0.48173156380653387 0.13326498866081241 0.56831559538841259 0.29870215058326727 0.16254107654094699 0.20835718512535098 0.19969259947538379 0.24261511862277987 0.024035328067839149 0.22885976731777194 0.28774759173393255 0.71822702884674083 0.4287629127502442 0.48626448214054113 0.14867288619279864 0.11119826138019563 0.33412854373455053 0.41449871659278875 0.2878649383783341 0.018339409492909912 0.6673066020011903
decision_type=2 2 2 2 2 2 2 2 2 2 2 2 2 2 2 2 2 2 2 2 2 2 2 2 2 2 2 2 2 2
left_child=1 3 6 17 11 20 12 18 -9 10 -5 16 24 -13 23 26 -3 -1 -8 -17 21 -4 -14 -6 -2 -16 -7 -19 -22 -11
right_child=2 4 5 9 14 15 7 8 -10 29 -12 13 22 -15 25 19 -18 27 -20 -21 28 -23 -24 -25 -26 -27 -28 -29 -30 -31
leaf_value=-0.014376856446988306 0.0067811073896184935 -0.0069657323002369461 0.011266095221422717 -0.0042334781873715104 0.02273112265750675 -0.0071547924722987367 0.00026235381388752975 0.0034362498042441211 -0.00061244550067258833 -0.018138036443999049 -0.00021473142117727943 -0.017135220202812846 -0.0084545409724804971 -0.011343215597963793 -0.0068071939373841334 0.011349850383340753 -0.011657005458200012 -0.016413006527738139 0.0061520155226202702 0.0061164024896374191 0.020187660035748609 0.0061548467228181433 0.0057046419829196839 0.0010562087240131297 -0.0042869611454815519 0.0081713430647939508 0.0025617652753567284 -0.0073843943649258992 0.012493501302194008 0.0020246250603777986
leaf_weight=453.10722517967224 245.93419101089239 1291.5009460225701 1262.4823733791709 2919.8400268033147 27.049407828599215 125.43314011394978 547.61750388517976 5567.5580485761166 4715.0891585685313 137.4053337611258 5334.6571154631674 1402.4641773328185 718.95610029995441 1253.0353519432247 742.4113476537168 565.31040152907372 2329.3334867991507 94.547317054122686 2955.9399794712663 7496.4364735633135 110.09420302510262 970.46561589837074 74.115685269236565 484.72582003846765 153.47946900129318 41.212651982903481 209.97056423872709 2139.7251363284886 1258.8029016107321 6.5284653045237055
leaf_count=5411 2373 18005 4630 23759 288 559 4268 24014 29887 2239 34522 25771 7893 21243 7044 2223 26870 1343 16630 24462 304 3170 406 4528 1160 296 996 20315 3446 103
internal_value=4.69684e-05 -0.00631577 0.00444738 -0.00359489 -0.0102994 0.00750509 0.00199794 0.00250776 0.00157973 -0.00190341 -0.00163627 -0.0118531 -0.00389598 -0.0144022 -0.00277145 0.0061816 -0.00998369 -0.00888101 0.00523144 0.00648339 0.0105906 0.00904469 -0.00713131 0.00220182 0.00252807 -0.00601944 -0.001072 -0.00776646 0.0131123 -0.0172235
internal_weight=45635.2 18657.5 26977.7 11085.8 7571.73 11999 14978.7 13786.2 10282.6 8398.43 8254.5 6276.33 1192.49 2655.5 1295.4 8397.15 3620.83 2687.38 3503.56 8061.75 3601.85 2232.95 793.072 511.775 399.414 783.624 335.404 2234.27 1368.9 143.934
internal_count=318158 191737 126421 87692 104045 39790 86631 74799 53901 60623 58281 91889 11832 47014 12156 28240 44875 27069 20898 26685 11550 7800 8299 4816 3533 7340 1555 21658 3750 2342
is_linear=0
shrinkage=0.03


Tree=121
num_leaves=31
num_cat=0
split_feature=1 11 7 7 1 1 1 1 7 12 2 0 11 8 2 14 10 2 14 2 12 0 14 1 6 3 2 1 2 7
split_gain=1475.1 562.773 231.879 155.721 71.1658 62.0052 48.2151 46.597 41.8343 37.7707 33.8362 25.42 22.5021 21.7796 18.1384 17.947 17.4268 16.3022 15.1313 16.7359 14.8953 12.7149 12.6902 11.6841 11.3542 11.048 10.1975 9.43782 7.54079 6.60638
threshold=0.37183479964733129 0.16178027540445331 0.19347756356000903 0.41325795650482183 0.61627459526062023 0.099580615758895888 0.61627459526062023 0.24904029816389087 0.24802430719137195 0.22959341108798983 0.13781640678644183 0.085628923028707518 0.52744856476783764 0.15022916346788409 0.029677699320018295 0.29217007756233221 0.25850389897823339 0.068781580775976195 0.16465872526168826 0.046481056138873107 0.30887606739997869 0.045568021014332778 0.37071885168552404 0.06097793951630593 0.14769465476274493 0.16948604583740237 0.075826764106750502 0.32724878191947943 0.04126353561878205 0.074091039597988143
decision_type=2 2 2 2 2 2 2 2 2 2 2 2 2 2 2 2 2 2 2 2 2 2 2 2 2 2 2 2 2 2
left_child=2 6 5 8 10 23 17 18 22 -6 -5 -10 16 14 -8 20 -7 24 28 -20 -9 -14 -3 -1 -2 -19 -15 -17 -4 -25
right_child=1 3 7 4 9 12 13 15 11 -11 -12 -13 21 26 -16 27 -18 25 19 -21 -22 -23 -24 29 -26 -27 -28 -29 -30 -31
leaf_value=-0.015532621104784618 -0.021852363824272362 -0.0057763219425906341 -0.004743736941480373 -0.00058428035415830377 0.010171527771662759 -0.0080142100406633086 -0.0075368259236635489 -0.0026894985855786709 0.0039146599199565354 0.0051478577475362044 0.0035114203326501569 0.00023631367864523936 -0.0086734330643979552 -0.0027878065557485556 0.014766133559140467 -0.0032768189537935176 0.011959753733614503 0.0029875080151969867 -0.010794148611852763 -0.0047075027917977772 0.0012614329246147999 -0.0028634004084138846 -0.001743813357872773 -0.014915744868178801 0.0034702153096437365 0.01036139708714106 0.010239122572225045 -0.0012936116221558688 0.0036433957915203573 -0.010243074641670975
leaf_weight=746.92305079102516 16.636187501251698 966.13891142606735 147.20628592371941 2228.5756589323282 1935.2406301721931 6600.9061750471592 33.11447212100029 1316.5365661531687 2045.7876311093569 4431.0740543454885 9791.2304191887379 9746.6277978867292 440.46540307998657 57.655639007687569 3668.9006446152925 5975.4539272785187 39.548101305961609 214.47953768074512 430.59947615861893 7285.2796351313591 2470.0616956204176 1471.5848535299301 2572.5124189853668 332.15947911143303 378.70509810745716 1240.63112270087 872.52471446245909 3381.8901088088751 279.97321625053883 1511.5362244546413
leaf_count=2306 97 3017 420 10315 14260 17843 206 4569 9808 29696 48713 38987 1217 556 38927 17827 110 1232 1181 19998 8073 4081 8654 969 2218 8455 8041 11243 884 4255
internal_value=-3.49563e-05 0.00380509 -0.00479502 0.00224868 0.00411038 -0.00830117 0.0119003 -0.00295965 1.5988e-05 0.00667496 0.00275204 0.000874445 -0.00706953 0.0135355 0.0145666 -0.00185487 -0.00789525 0.00780678 -0.0047429 -0.00504718 -0.00011224 -0.00420182 -0.00284479 -0.0123673 0.00240463 0.0092745 0.00943167 -0.00256006 0.000753185 -0.0110849
internal_weight=72630 40199.8 32430.1 33717.2 18386.1 11143.1 6482.65 21287 15331.1 6366.31 12019.8 11792.4 8552.5 4632.2 3702.02 13143.9 6640.45 1850.45 8143.06 7715.88 3786.6 1912.05 3538.65 2590.62 395.341 1455.11 930.18 9357.34 427.18 1843.7
internal_count=318158 223182 94976 163450 102984 30781 59732 64195 60466 43956 59028 48795 23251 47730 39133 41712 17953 12002 22483 21179 12642 5298 11671 7530 2315 9687 8597 29070 1304 5224
is_linear=0
shrinkage=0.03


Tree=122
num_leaves=31
num_cat=0
split_feature=2 8 2 13 2 10 2 4 2 2 3 2 13 0 1 10 12 7 3 11 3 11 4 13 2 2 3 3 2 13
split_gain=1597.44 278.836 192.965 81.4688 44.7129 47.1047 42.2704 31.4535 28.0987 23.1305 21.9414 18.3552 18.1529 17.9866 16.0024 14.7356 14.3818 13.3424 12.3995 12.2584 11.5109 11.4023 10.615 9.16309 9.03493 8.75501 8.68097 8.08116 7.94256 5.5243
threshold=0.23835969716310504 0.19874102622270587 0.44974182546138769 0.31343831121921545 0.12849476933479312 0.46169747412204748 0.82174551486969005 0.23368571698665622 0.31092350184917456 0.11217619478702547 0.24397331476211551 0.57220095396041881 0.56464165449142467 0.16533613204956057 0.140864372253418 0.43885457515716558 0.27004173398017889 0.081495925784111037 0.20517668873071673 0.62043246626853954 0.452532708644867 0.51652884483337413 0.19284065812826159 0.2213237136602402 0.026656442321836952 0.15656355768442157 0.17242375016212466 0.60994833707809459 0.88870060443878185 0.3561812043190003
decision_type=2 2 2 2 2 2 2 2 2 2 2 2 2 2 2 2 2 2 2 2 2 2 2 2 2 2 2 2 2 2
left_child=1 4 7 9 5 24 11 17 12 23 16 21 -9 -10 -11 -12 -5 27 25 -13 -19 -4 -20 -3 -1 -6 -7 -2 29 -8
right_child=2 3 6 10 18 26 28 8 13 14 15 19 -14 -15 -16 -17 -18 20 22 -21 -22 -23 -24 -25 -26 -27 -28 -29 -30 -31
leaf_value=-0.015458899912870538 0.015559883828328232 -0.0023884741422445063 0.0062771102567496517 -0.0065266903275946753 -0.0089578318405478287 -0.012257247576225148 0.010322504466150758 -0.0011397392135648152 0.005041064532384348 0.0051759143090128927 -0.0069306040986748729 0.0085950361573487594 0.0072613379413314387 0.0014223463789261519 -0.0011850038033714709 -0.011294306874690395 -0.00076817320839007216 0.0058214895252301883 0.0073440235394240027 0.0044117826954314038 0.0020304582744306919 0.0023941851880471638 -0.0099414484893523437 -0.0071869635800745285 -0.0094160620808350481 -0.00086681583430721397 -0.016982231312228906 0.0016435477553380586 0.016021643106110133 0.018127668003909227
leaf_weight=253.55227094516158 156.48809845745564 658.76333794742823 3858.1657725274563 974.57197062671185 195.53634907305241 417.53998004645109 849.33544862270355 3537.7281296476722 1997.9746670946479 390.21286036074162 1873.7335800081491 5295.4948098510504 247.68966083228588 3242.1764420866966 4053.7913754209876 1108.4946564845741 651.1126768514514 1828.8662236332893 32.803922675549984 715.6471431106329 1189.7910388708115 826.43911474943161 1264.0653416439891 784.88959232717752 1829.0052689835429 313.08075285702944 2161.9643479920924 49.413377419114113 423.31727215647697 90.28804475069046
leaf_count=3221 520 4969 15227 12977 3696 9081 2283 27760 12702 1964 19419 16302 2351 18628 29819 13383 8219 7885 206 2367 5105 3613 17135 8264 21800 4382 43277 184 1174 245
internal_value=9.58183e-06 -0.0070558 0.00493993 -0.00403648 -0.0119556 -0.0135079 0.00763394 0.00228802 0.0013794 -0.00169821 -0.00702415 0.00699989 -0.000590035 0.0028021 -0.000626473 -0.00855259 -0.00422031 0.00483126 -0.00794727 0.00809701 0.00432727 0.0055921 -0.00950422 -0.00499733 -0.0101518 -0.00397738 -0.0162174 0.0122202 0.0126097 0.0110725
internal_weight=41271.9 16963.1 24308.8 10495.6 6467.55 4662.06 12058.7 12250.1 9025.57 5887.66 4607.91 10695.7 3785.42 5240.15 4444 2982.23 1625.68 3224.56 1805.49 6011.14 3018.66 4684.6 1296.87 1443.65 2082.56 508.617 2579.5 205.901 1362.94 939.623
internal_count=318158 201812 116346 99014 102798 77379 41211 75135 61441 45016 53998 37509 30111 31330 31783 32802 21196 13694 25419 18669 12990 18840 17341 13233 25021 8078 52358 704 3702 2528
is_linear=0
shrinkage=0.03


Tree=123
num_leaves=31
num_cat=0
split_feature=3 13 3 6 0 3 0 11 12 8 0 10 14 0 6 11 8 5 0 2 9 10 7 5 12 4 11 8 14 8
split_gain=1341.49 216.079 208.023 106.295 96.2791 62.1425 41.8848 41.1532 39.5333 37.3233 34.5116 32.5626 27.1367 24.9169 22.5358 22.3125 21.203 20.4071 18.029 14.9935 14.8285 35.675 19.4535 13.3383 12.6767 12.1222 11.6135 9.31615 8.06579 7.76397
threshold=0.31180058419704443 0.37403370440006262 0.45594190061092382 0.18398468941450122 0.26511922478675848 0.6425803303718568 0.35337957739830023 0.1727382764220238 0.25439821183681494 0.34227176010608679 0.13326498866081241 0.56831559538841259 0.26262697577476507 0.16254107654094699 0.20835718512535098 0.18634359538555148 0.19741976261138919 0.24261511862277987 0.024035328067839149 0.058795841410756118 0.29007636010646826 0.50768643617630016 0.41773027181625372 0.07731283083558084 0.14867288619279864 0.374038115143776 0.19842858612537387 0.33412854373455053 0.2878649383783341 0.16186477243900302
decision_type=2 2 2 2 2 2 2 2 2 2 2 2 2 2 2 2 2 2 2 2 2 2 2 2 2 2 2 2 2 2
left_child=1 3 6 18 11 20 9 23 16 15 -9 17 -10 -13 24 -2 -8 -3 -1 29 21 -4 -22 -5 -6 -11 -21 -16 -20 -7
right_child=2 4 5 7 14 19 8 10 12 25 -12 13 -14 -15 27 -17 -18 -19 28 26 22 -23 -24 -25 -26 -27 -28 -29 -30 -31
leaf_value=-0.014239702866793524 -0.0073891494387994744 -0.006778241566980538 0.015587339390532104 0.02786928391398515 0.022066105393008108 0.010898304905678601 0.012458905518516356 -0.0041615992577240385 -0.0020180507111471962 0.0024953310185830474 -9.2090392790074061e-05 -0.017020887840312575 0.0033324535517724415 -0.011134199901877601 -0.006658791984992655 -0.00090509164336864028 0.0036275045297629216 -0.011509456819402837 -0.016292110878270993 -0.00038205853486935433 0.0057565398182571901 0.0040655309126574127 0.0016361119571295733 -0.017315047600717417 0.0011055146370147163 0.011832078656840064 0.0089912734210175899 0.0079538303126851419 -0.0072488600186349852 0.015423781102193288
leaf_weight=445.77962955087423 546.11584543064237 1275.8320786468685 429.34604194760323 6.0793135277926913 27.44133235514164 1157.4879414439201 584.97391379624605 2906.8190405033529 1059.5219758376479 2100.7624093443155 5286.3885631710291 1367.5839726403356 4379.2772592753172 1228.4119521528482 735.89095451310277 3809.009851641953 420.58113894611597 2299.029799580574 92.639776524156332 125.86351744830608 7894.1895573064685 553.865164026618 1186.1847546622157 179.22356873005629 483.71662831678987 133.07845318317413 2170.2694673985243 41.479854546487331 2122.0375965088606 483.8007839769125
leaf_count=5411 7148 18005 1799 66 288 3314 3312 23790 6733 10029 33875 25771 19674 21243 7044 27773 2262 26870 1343 388 27949 2529 5282 2892 4528 833 6057 296 20315 1339
internal_value=4.88216e-05 -0.00617625 0.00430835 -0.00351094 -0.0101206 0.00684738 0.00158081 -0.00185208 0.00330046 -0.0001011 -0.00153589 -0.011678 0.00229013 -0.0142353 -0.00266191 -0.00171817 0.0087651 -0.00982093 -0.00873512 0.0100426 0.00559722 0.00909684 0.00521828 -0.0158327 0.00223078 0.00305156 0.00847747 -0.00587907 -0.00762714 0.0122323
internal_weight=45532.7 18498.4 27034.3 11039 7459.39 14001 13033.3 8378.51 6444.35 6588.97 8193.21 6170.86 5438.8 2596 1288.53 4355.13 1005.56 3574.86 2660.46 3937.42 10063.6 983.211 9080.37 185.303 511.158 2233.84 2296.13 777.371 2214.68 1641.29
internal_count=318158 191737 126421 87692 104045 48657 77764 60623 31981 45783 57665 91889 26407 47014 12156 34921 5574 44875 27069 11098 37559 4328 33231 2958 4816 10862 6445 7340 21658 4653
is_linear=0
shrinkage=0.03


Tree=124
num_leaves=31
num_cat=0
split_feature=1 11 7 7 1 1 1 1 5 7 6 0 8 11 10 2 14 2 10 13 13 0 14 13 5 6 3 2 1 7
split_gain=1370.39 537.62 220.667 145.51 67.071 59.587 46.9151 43.0541 40.9812 39.2575 31.8249 24.0072 21.7379 21.1161 20.4887 17.7379 17.0885 15.7123 14.5909 21.4749 12.9461 12.4901 11.9846 11.257 11.0887 10.7437 10.6735 10.0544 9.32932 8.24226
threshold=0.37183479964733129 0.16178027540445331 0.19347756356000903 0.41325795650482183 0.61627459526062023 0.092775564640760436 0.61627459526062023 0.24904029816389087 0.18572716414928439 0.24802430719137195 0.17079117149114612 0.073308896273374571 0.15022916346788409 0.52744856476783764 0.26057223975658422 0.029677699320018295 0.29217007756233221 0.068781580775976195 0.49453058838844305 0.43113054335117346 0.42164202034473425 0.045568021014332778 0.37071885168552404 0.4093137532472611 0.25714550912380224 0.14769465476274493 0.16948604583740237 0.075826764106750502 0.06097793951630593 0.074091039597988143
decision_type=2 2 2 2 2 2 2 2 2 2 2 2 2 2 2 2 2 2 2 2 2 2 2 2 2 2 2 2 2 2
left_child=2 6 5 9 8 28 17 18 -5 22 -6 -11 15 14 -7 -8 20 25 19 -4 -9 -15 -3 -20 -18 -2 -19 -14 -1 -30
right_child=1 3 7 4 10 13 12 16 -10 11 -12 -13 27 21 -16 -17 24 26 23 -21 -22 -23 -24 -25 -26 -27 -28 -29 29 -31
leaf_value=-0.015184044479545312 -0.021084892489703699 -0.0056011069465203359 -0.0045683588748743915 -0.001385516974117157 0.0091926602253230866 -0.0078448052790582763 -0.0074782760333159566 0.0013860949842263257 0.0034189392071578288 0.0041365863875755266 0.004804581215797233 0.00028728541251090388 -0.0029922232018583989 -0.00853166708118561 0.014783991434127194 0.014564591782108741 -0.0047036340499951651 0.0028944346998212526 0.011909852078267572 -0.01275032481496703 -0.0021820689649311503 -0.0029012584039258302 -0.0016867598096160126 -0.0014227694477280967 -0.0019824292166521554 0.0033678563125302055 0.010161150129522794 0.0099974451959185737 -0.015505585811065746 -0.0099377729006410054
leaf_weight=740.18637484312057 16.895993895828724 968.78437556326389 7274.1304623484612 1898.9702681899071 2406.9378095269203 6883.5362032949924 33.15974310785532 2244.2846739143133 10077.003697603941 1705.0021521300077 3894.1181099712849 10074.187054499984 57.208803579211235 462.47627541422844 36.200360178947449 3581.9591247066855 1631.8614548444748 213.65414628386497 64.165456846356392 300.63964533805847 1545.258275449276 1520.06866979599 2575.2508734017611 510.00640393793583 7740.2878858298063 376.95540860295296 1224.6541348472238 857.14475242048502 299.78845679759979 1185.6857371926308
leaf_count=2306 97 3017 19930 8768 17856 18631 206 7245 50260 8317 26100 40478 556 1278 101 38927 4940 1232 190 833 5397 4212 8654 1530 24130 2218 8455 8041 883 3370
internal_value=-3.68527e-05 0.00368175 -0.0046179 0.00216767 0.00397534 -0.00804202 0.0116787 -0.00282989 0.00265712 1.15486e-05 0.00648078 0.00084446 0.0133172 -0.00694436 -0.00772642 0.0143624 -0.00176887 0.00762793 -0.0045436 -0.0048931 -6.88918e-05 -0.00421469 -0.00275677 6.71917e-05 -0.00245624 0.00231885 0.00908171 0.00918471 -0.0124325 -0.0110614
internal_weight=72400.5 39961.9 32438.6 33600.3 18277 11127.9 6361.63 21310.6 11976 15323.2 6301.06 11779.2 4529.47 8902.28 6919.74 3615.12 13161.7 1832.16 8148.94 7574.77 3789.54 1982.54 3544.04 574.172 9372.15 393.851 1438.31 914.354 2225.66 1485.47
internal_count=318158 223182 94976 163450 102984 30781 59732 64195 59028 60466 43956 48795 47730 24222 18732 39133 41712 12002 22483 20763 12642 5490 11671 1720 29070 2315 9687 8597 6559 4253
is_linear=0
shrinkage=0.03


Tree=125
num_leaves=31
num_cat=0
split_feature=2 8 2 13 2 2 10 4 0 8 3 2 2 11 0 14 13 0 12 11 3 4 14 14 2 3 6 11 0 12
split_gain=1513.09 262.454 187.412 76.846 49.6658 43.3992 46.5302 27.7398 25.1277 31.1594 22.1358 21.2868 21.2465 16.475 18.6834 16.3152 15.1291 14.8699 13.3646 12.2595 10.8865 10.3915 9.75237 8.95922 8.90447 8.82757 8.43956 7.64735 7.31031 5.44963
threshold=0.23419078439474109 0.19874102622270587 0.40472900867462164 0.31343831121921545 0.62018039822578441 0.12849476933479312 0.46169747412204748 0.24836473912000659 0.19153739511966708 0.15479129552841189 0.24397331476211551 0.88870060443878185 0.11217619478702547 0.51652884483337413 0.1175958998501301 0.30297021567821508 0.47198326885700231 0.68386617302894603 0.27004173398017889 0.31132654845714575 0.20517668873071673 0.19284065812826159 0.24248149991035464 0.25896395742893225 0.047964742407202728 0.17242375016212466 0.1661818400025368 0.41076178848743444 0.043418616056442268 0.3927163183689118
decision_type=2 2 2 2 2 2 2 2 2 2 2 2 2 2 2 2 2 2 2 2 2 2 2 2 2 2 2 2 2 2
left_child=1 5 7 12 13 6 22 23 9 -9 18 19 24 14 -4 -10 -12 -14 -5 -6 26 -22 -1 -2 -3 -8 -7 -25 -15 -13
right_child=2 3 4 10 11 20 25 8 15 -11 16 29 17 28 -16 -17 -18 -19 -20 -21 21 -23 -24 27 -26 -27 -28 -29 -30 -31
leaf_value=-0.013088808453991652 -0.0074975948597463 -0.012412356210888841 0.0095948919452606436 -0.0064036588413185621 0.0025560291380878133 -0.0077204799817340705 -0.01205286994377577 0.01631677239208263 -0.0030512437247624227 0.0021002235851438453 -0.0076091689110207731 0.014482319328833173 -0.0012567199158638976 0.006614498653477417 0.0053751655698650626 0.00068922903804709593 -0.013538683161912455 0.0047321897399972617 -0.00076877794965506845 0.0088862350817875291 0.0074061508648505178 -0.0097279830141570999 -0.0086262700628989466 0.0054691200840853117 -0.004153691460107402 -0.016871721832844279 0.00014553676149727342 0.0022459683727462485 0.0014480865230820713 0.026456243682868585
leaf_weight=638.99866765365005 58.673943310976028 129.10772849619389 1130.9517048746347 941.33891343697906 290.68759310245514 261.02952353283763 408.34545243531466 145.74546319246292 1714.6880837231874 2892.1955126896501 2413.4314312934875 383.53525683283806 3872.3919262960553 314.12642063200474 5723.328922227025 2705.3358042836189 461.29568561166525 412.91291825473309 633.91935193911195 5217.0279342085123 32.707537293434143 1224.2970959655941 1420.5953839048743 1895.7096343785524 1306.6664579324424 2110.0496278293431 231.7456028945744 1018.4274908155203 1144.7913662046194 37.55868998169899
leaf_count=8553 311 1406 5215 12739 968 4255 9081 1245 13333 21868 26194 1067 28606 1521 22443 17695 5848 2199 8071 15195 204 16877 16468 8502 11827 43277 3717 4518 4848 107
internal_value=1.08127e-05 -0.00702212 0.00471378 -0.00403767 0.00695138 -0.0118192 -0.0133552 0.00165858 0.000681824 0.00278226 -0.00699438 0.00904918 -0.00173788 0.00545527 0.00607142 -0.000761836 -0.00856065 -0.000679655 -0.00413606 0.00855214 -0.00780055 -0.00928215 -0.0100108 0.00410901 -0.00489633 -0.0160904 -0.0040212 0.0043427 0.00256049 0.0155503
internal_weight=41171.6 16498.8 24672.8 10171.1 14242 6327.77 4577.99 10430.8 7457.96 3037.94 4449.99 5928.81 5721.08 8313.2 6854.28 4420.02 2874.73 4285.3 1575.26 5507.72 1749.78 1257 2059.59 2972.81 1435.77 2518.4 492.775 2914.14 1458.92 421.094
internal_count=318158 199322 118836 96890 51364 102432 77379 67472 54141 23113 52852 17337 44038 34027 27658 31028 32042 30805 20810 16163 25053 17081 25021 13331 13233 52358 7972 13020 6369 1174
is_linear=0
shrinkage=0.03


Tree=126
num_leaves=31
num_cat=0
split_feature=3 13 0 6 0 2 14 11 0 10 12 0 12 0 11 6 9 0 4 3 11 13 3 6 2 11 14 2 14 4
split_gain=1267.29 207.836 194.3 102.357 94.2136 50.0214 43.4619 39.6155 32.813 31.8876 28.8021 28.9711 26.2646 25.149 24.8738 21.8511 20.0604 17.776 17.4213 17.0518 16.1419 16.4441 14.1634 13.9034 12.6821 12.2873 9.04237 8.11625 7.93177 7.83171
threshold=0.31180058419704443 0.37403370440006262 0.47783981263637548 0.18398468941450122 0.26511922478675848 0.079664044082164778 0.2110148221254349 0.1727382764220238 0.13326498866081241 0.56831559538841259 0.39136937260627752 0.34770226478576666 0.29870215058326727 0.16254107654094699 0.21106173098087314 0.20835718512535098 0.28774759173393255 0.024035328067839149 0.56831732392311107 0.42097213864326483 0.11728821694850923 0.41449871659278875 0.42392972111701971 0.21517778933048251 0.11217619478702547 0.16178027540445331 0.22213260084390643 0.11745741963386537 0.2878649383783341 0.67130884528160106
decision_type=2 2 2 2 2 2 2 2 2 2 2 2 2 2 2 2 2 2 2 2 2 2 2 2 2 2 2 2 2 2
left_child=1 3 6 17 9 20 12 29 -9 18 11 -8 24 -11 27 25 -16 -1 -3 -12 23 -22 -14 -4 -2 -6 -17 -7 -19 -5
right_child=2 4 5 7 15 14 10 8 -10 13 19 -13 22 -15 16 26 -18 28 -20 -21 21 -23 -24 -25 -26 -27 -28 -29 -30 -31
leaf_value=-0.014099671839880985 0.00679940839739758 -0.011005601939033468 0.017414376394774257 -0.016860518689288066 -0.0061595379773050725 0.0024221035190630205 -0.00058043234704873326 -0.0040639240965421024 -8.9532316183711086e-05 -0.016906279456000324 0.0023867772519308664 0.00294170347404988 -0.0094273469449294382 -0.010926867976298544 0.011905593219758093 -0.010485582262824688 0.0057964389822525286 -0.016167794329889022 -0.0063590047905495864 0.0057551980761553897 0.0097894507860912302 0.01591990997358167 -0.0005045070528131053 0.0018847886265504674 -0.0042547133759534197 0.0048336155686224524 -0.0035165544891203309 -0.0048318881533636468 -0.007108927099455333 0.017484964515784636
leaf_weight=438.49493010342121 247.71976847946644 2508.4055690914392 61.295691177248955 174.7766487300396 119.46095588430762 406.73050782829523 4002.9797718897462 2892.8806979097426 5285.441454321146 1333.9866222441196 2700.8256082721055 4425.473322160542 553.25857992842793 1204.831380225718 517.98102922737598 246.07562030851841 7319.522308036685 90.740689571946859 1022.092548571527 2709.4764619171619 2759.6210317462683 459.33952514082193 225.30367178469896 337.96306900680065 149.94960490241647 391.0536665096879 525.18757740035653 210.74472226202488 2104.0009113624692 6.1868172623217097
leaf_count=5411 2392 30141 292 2878 1554 1737 27713 23790 33875 25771 13601 22385 6702 21243 2006 3073 23642 1343 14734 11100 8226 1623 1597 1409 1141 3262 4267 855 20315 80
internal_value=5.00341e-05 -0.00603871 0.00417322 -0.00342735 -0.00994362 0.00700669 0.00189489 -0.00180258 -0.00149538 -0.0115044 0.00236544 0.00126891 -0.00364135 -0.0140687 0.00574347 -0.00255326 0.00620019 -0.00858521 -0.00966039 0.00407368 0.00995855 0.0106643 -0.00684522 0.00426895 0.00263122 0.00226121 -0.00574006 -5.36888e-05 -0.00748346 -0.0156863
internal_weight=45431.8 18343.6 27088.2 10992.5 7351.09 12073.2 15015 8359.29 8178.32 6069.32 13838.8 8428.45 1176.23 2538.82 8454.98 1281.78 7837.5 2633.24 3530.5 5410.3 3618.22 3218.96 778.562 399.259 397.669 510.515 771.263 617.475 2194.74 180.963
internal_count=318158 191737 126421 87692 104045 39790 86631 60623 57665 91889 74799 50098 11832 47014 28240 12156 25648 27069 44875 24701 11550 9849 8299 1701 3533 4816 7340 2592 21658 2958
is_linear=0
shrinkage=0.03


Tree=127
num_leaves=31
num_cat=0
split_feature=1 11 7 7 1 1 1 1 7 7 4 0 11 2 12 10 14 8 7 14 0 2 12 0 1 14 2 5 7 14
split_gain=1273.19 512.972 209.437 142.143 65.4662 57.5305 43.2597 39.9932 36.9232 34.1676 29.6295 22.5275 20.2775 18.185 19.3752 16.0303 15.9044 14.3555 15.1846 14.128 17.2865 14.3601 13.8381 11.4945 11.0645 10.949 10.5596 10.4881 6.29215 4.28008
threshold=0.37183479964733129 0.15082093328237536 0.19347756356000903 0.41325795650482183 0.52470549941062938 0.099580615758895888 0.67028260231018078 0.24904029816389087 0.24802430719137195 0.52113211154937755 0.30750341713428503 0.073308896273374571 0.52744856476783764 0.029677699320018295 0.27252463996410375 0.25850389897823339 0.29217007756233221 0.18943649530410769 0.54509624838829052 0.19673456996679309 0.82884481549263012 0.03484741039574147 0.30887606739997869 0.045568021014332778 0.06097793951630593 0.37071885168552404 0.022905168123543266 0.25714550912380224 0.074091039597988143 0.2698256671428681
decision_type=2 2 2 2 2 2 2 2 2 2 2 2 2 2 2 2 2 2 2 2 2 2 2 2 2 2 2 2 2 2
left_child=2 6 5 8 10 24 13 19 25 -6 -5 -10 15 -2 -15 -7 22 26 -19 21 -21 -4 -9 -14 29 -3 -8 -18 -26 -1
right_child=1 3 7 4 9 12 17 16 11 -11 -12 -13 23 14 -16 -17 27 18 -20 20 -22 -23 -24 -25 28 -27 -28 -29 -30 -31
leaf_value=-0.024345883818888317 -0.015193641343233711 -0.0053596751115889633 -0.0078438086173498421 0.007164697226913732 0.0035643086979616112 -0.0075047129422924031 -0.016533685882451004 -0.0025250222428569009 0.0040269976675853568 0.0070636567292231356 0.0013485599026315221 0.00029217171771757188 -0.0081345502242531655 0.0059319500801903709 0.011406094594960659 0.011676468081105482 -0.0045316651497102284 -0.016551680651395256 0.0091746433444046104 -0.0044921911634410372 -0.013506590847347602 0.0024293026693829535 0.0012790343311087464 -0.0026138072457240237 -0.014247050943077452 -0.0016322459941809061 0.014576148069463595 -0.0018882114205982406 -0.0096595561440292362 -0.014291580005577195
leaf_weight=40.322482138872147 28.191787756979465 978.45711351931095 163.13182857632637 880.70687441527843 4458.9134711101651 6597.4423721730709 9.8500042706727964 1320.9317398816347 1697.5716957300901 5748.9675744026899 7514.1988152563572 10109.47797703743 441.04044017195702 1023.741842225194 1348.3177884817123 39.447801798582077 1635.8626935780048 24.095956057310104 144.32539962232113 7303.1984800696373 196.61309254169464 491.18217571079731 2469.8820370584726 1473.0915166437626 327.91512686014175 2577.8390008658171 3186.8542327061296 7752.2507883310318 1499.8819053471088 693.14607006311417
leaf_count=127 106 3040 458 3737 26094 17843 61 4569 8317 41780 34538 40669 1217 7503 11064 110 4940 198 1383 19983 551 1491 8073 4081 969 8654 36038 24130 4255 2179
internal_value=-3.86953e-05 0.00356193 -0.00444791 0.00215753 0.00392119 -0.00778752 0.0118358 -0.00270832 2.19966e-05 0.0055351 0.00195873 0.00082915 -0.00660615 0.00875887 0.00904354 -0.00739071 -0.00168659 0.0140305 0.00549399 -0.00435967 -0.00472851 -0.000131962 -4.65119e-05 -0.00388586 -0.0117316 -0.00265779 0.0144803 -0.00234883 -0.0104826 -0.0148443
internal_weight=72176.9 39731.5 32445.3 33966.1 18602.8 11112.3 5765.38 21333.1 15363.3 10207.9 8394.91 11807 8551.02 2400.25 2372.06 6636.89 13178.9 3365.13 168.421 8154.13 7499.81 654.314 3790.81 1914.13 2561.27 3556.3 3196.7 9388.11 1827.8 733.469
internal_count=318158 223182 94976 166829 106149 30781 56353 64195 60680 67874 38275 48986 23251 18673 18567 17953 41712 37680 1581 22483 20534 1949 12642 5298 7530 11694 36099 29070 5224 2306
is_linear=0
shrinkage=0.03


Tree=128
num_leaves=31
num_cat=0
split_feature=2 8 2 13 2 2 10 13 0 8 3 2 2 11 14 8 11 0 13 0 12 11 3 7 14 4 3 6 13 0
split_gain=1433.5 254.579 173.528 73.5354 45.8075 43.1723 45.9384 25.7787 27.0233 42.1019 22.2573 20.2929 20.2815 18.2911 18.1304 15.962 15.5556 18.1672 14.8824 14.2127 12.8846 11.521 11.0995 10.78 9.63224 9.43188 8.98047 8.7159 8.69026 7.09031
threshold=0.23419078439474109 0.19874102622270587 0.40472900867462164 0.31343831121921545 0.62018039822578441 0.12849476933479312 0.46169747412204748 0.24112468957901004 0.14547086507081988 0.16331132501363757 0.24397331476211551 0.11217619478702547 0.88870060443878185 0.45139308273792272 0.32669426500797277 0.3739496916532517 0.51652884483337413 0.1175958998501301 0.47198326885700231 0.68386617302894603 0.27004173398017889 0.31132654845714575 0.16790283471345904 0.15502126514911654 0.24248149991035464 0.19284065812826159 0.17242375016212466 0.17299228161573413 0.2213237136602402 0.043418616056442268
decision_type=2 2 2 2 2 2 2 2 2 2 2 2 2 2 2 2 2 2 2 2 2 2 2 2 2 2 2 2 2 2
left_child=1 5 7 11 16 6 24 13 9 -9 20 28 21 15 -10 -2 17 -4 -12 -13 -5 -6 27 -15 -1 -24 -8 -7 -3 -18
right_child=2 3 4 10 12 22 26 8 14 -11 18 19 -14 23 -16 -17 29 -19 -20 -21 -22 -23 25 -25 -26 -27 -28 -29 -30 -31
leaf_value=-0.012954783304805033 0.0030195776272630231 -0.0022505165168654169 0.0093445561960497255 -0.006219128960785348 0.0024412297039870636 -0.0059745967611291957 -0.011845871994629437 0.021292040325618981 -0.0018532223591309575 0.0026924746889333824 -0.0074868175469433784 -0.0012297433128585374 0.015095450775623461 0.0060706622176253866 0.0016153330606025415 0.0080737320704003541 0.006457228171296142 0.0051951355561624573 -0.013407466779830042 0.0046165192319601121 -0.00066561837255683573 0.0085708570231206906 0.0072081614133160717 -0.00090679608179982524 -0.0084915099112397238 -0.0090400648137411825 -0.016761083064801594 0.0052477019813208471 -0.0069473753238908252 0.0013785134635036294
leaf_weight=629.96646590903401 1230.0391204506159 654.74367452412844 1137.6386579275131 930.55583625659347 291.33484074473381 180.73437772318721 399.40881573781371 119.04453868418932 3176.8473241627216 1370.6400015056133 2394.4463689103723 3867.7149554640055 418.76234093308449 257.4803474098444 2366.7009295076132 1036.095237351954 315.439532995224 5746.3329192996025 454.65362695232034 414.34450121223927 630.91513021290302 5233.1427040249109 32.898527853190899 881.63939867913723 1407.3674539588392 1419.8781030289829 2060.0867435745895 95.039243306964636 773.23174070939422 1146.9819264411926
leaf_count=8553 5453 4969 5215 12739 968 3013 9081 986 24238 10899 26194 28606 1174 1092 15088 4586 1521 22443 5848 2199 8071 15195 204 5130 16468 20304 43277 1532 8264 4848
internal_value=1.26544e-05 -0.00688063 0.00456931 -0.00394429 0.00671724 -0.0116542 -0.0132032 0.00162894 0.00059158 0.00417881 -0.00685393 -0.00169682 0.00873011 0.00377151 -0.000372396 0.00533038 0.00528392 0.00588086 -0.00843162 -0.000664042 -0.00397522 0.00824761 -0.00762473 0.00067035 -0.0098716 -0.00867212 -0.0159629 -0.00210708 -0.00479381 0.00247398
internal_weight=41074.1 16346 24728.1 10120.6 14289.6 6225.38 4496.83 10438.5 7033.23 1489.68 4410.57 5710.03 5943.24 3405.25 5543.55 2266.13 8346.39 6883.97 2849.1 4282.06 1561.47 5524.48 1728.55 1139.12 2037.33 1452.78 2459.5 275.774 1427.98 1462.42
internal_count=318158 199322 118836 96890 51364 102432 77379 67472 51211 11885 52852 44038 17337 16261 39326 10039 34027 27658 32042 30805 20810 16163 25053 6222 25021 20508 52358 4545 13233 6369
is_linear=0
shrinkage=0.03


Tree=129
num_leaves=31
num_cat=0
split_feature=3 13 3 6 0 0 3 11 14 0 12 10 3 4 12 14 6 5 0 5 12 2 0 6 4 4 6 5 12 8
split_gain=1198.42 199.713 180.196 99.1955 90.3617 48.8678 42.0283 41.7052 32.1883 31.5695 30.5181 28.0254 25.8096 24.1465 22.68 21.2678 20.933 18.4651 18.0245 16.8731 15.1487 13.8961 12.9234 11.4673 11.4367 10.8193 8.98107 8.81588 8.64464 7.31747
threshold=0.31180058419704443 0.38072858750820165 0.49155512452125555 0.18398468941450122 0.26511922478675848 0.35337957739830023 0.6425803303718568 0.1727382764220238 0.22613228857517245 0.13326498866081241 0.23679101467132571 0.56831559538841259 0.2426775395870209 0.36050890386104589 0.36611302196979528 0.21572279930114749 0.20835718512535098 0.24261511862277987 0.024035328067839149 0.069816783070564284 0.30660742521286016 0.058795841410756118 0.33369825780391699 0.39934083819389349 0.20723847299814227 0.06815050914883615 0.32490062713623052 0.11131671443581583 0.47692751884460455 0.16186477243900302
decision_type=2 2 2 2 2 2 2 2 2 2 2 2 2 2 2 2 2 2 2 2 2 2 2 2 2 2 2 2 2 2
left_child=1 3 5 18 11 8 20 19 28 -9 13 17 -13 -7 -10 -12 22 -3 -1 -5 24 29 -6 -22 -4 -23 -18 -20 -2 -8
right_child=2 4 6 7 16 10 21 9 14 -11 15 12 -14 -15 -16 -17 26 -19 27 -21 23 25 -24 -25 -26 -27 -28 -29 -30 -31
leaf_value=-0.01399141483879238 -0.0041129042574253143 -0.006602763574862832 -0.0090860787170093191 0.03474360552185362 -0.00079462977947421926 -6.787359513485102e-05 0.010219779439938972 -0.0040284483513054001 -0.00093982193978105135 -0.00015879685109603539 -0.0024888982770144858 -0.015400524502063377 -0.0077117691494254783 0.011619354438871639 0.0027147217063802124 0.0033092245330552691 -0.0045356472091933183 -0.011316776844836148 0.0070939114598981504 -0.016916291485984059 0.0025964344307980308 0.014518403510670774 0.0099416288969706793 0.0057351344718004375 0.010332350254977377 0.007263881373852663 -0.014705781940147506 -0.0076073431269848245 -0.012081687385378261 0.014610448565691089
leaf_weight=441.91263617947698 631.8742541782558 1157.6043549664319 28.357098534703255 5.8625202141702166 365.52469605579972 210.00829176604748 1159.9381617158651 2923.8006316572428 3213.3914941474795 5405.1901503652334 617.89055470377207 1985.7597669288516 489.85559517517686 656.35078669339418 2914.5236054100096 7249.7055247351527 641.6627922616899 2112.7521221339703 37.332544058561325 193.60940701887012 1294.6546534895897 202.8864124417305 139.38181949406862 5490.2888439074159 730.2046232521534 2101.3969907611609 88.985405199229717 2205.9839366078377 151.9902742318809 484.23276670277119
leaf_count=5566 7403 16842 92 61 3710 1046 3314 24289 22814 35040 4378 38302 8560 3677 15649 32251 6153 25481 536 3284 5038 547 1059 18345 2867 5898 875 21979 1763 1339
internal_value=5.19098e-05 -0.00590507 0.00404593 -0.0034251 -0.00988839 0.00195083 0.00689832 -0.00184185 6.61143e-05 -0.0015172 0.00344233 -0.011471 -0.0138791 0.00878633 0.000798331 0.00285386 -0.0025282 -0.00964816 -0.00845359 -0.015398 0.00558575 0.00940597 0.00216916 0.00513623 0.00960644 0.00790262 -0.00577426 -0.00736269 -0.00565804 0.0115129
internal_weight=45332.9 18195.2 27137.7 11213.7 6981.53 15645.7 11492 8528.46 6911.78 8328.99 8733.96 5745.97 2475.62 866.359 6127.92 7867.6 1235.55 3270.36 2685.23 199.472 7543.51 3948.45 504.907 6784.94 758.562 2304.28 730.648 2243.32 783.865 1644.17
internal_count=318158 191737 126421 90755 100982 88981 37440 62674 47629 59329 41352 89185 46862 4723 38463 36629 11797 42323 28081 3345 26342 11098 4769 23383 2959 6445 7028 22515 9166 4653
is_linear=0
shrinkage=0.03


Tree=130
num_leaves=31
num_cat=0
split_feature=1 11 7 1 7 1 14 0 1 1 12 8 13 7 12 5 2 11 0 9 1 10 7 6 11 12 13 7 0 8
split_gain=1182.77 361.686 343.735 118.433 100.393 62.2142 44.7329 29.4539 27.6142 27.3423 27.0719 29.3253 23.0913 22.6334 22.0547 20.5916 18.8088 46.2473 17.5289 16.6276 14.4368 13.3313 12.0939 17.238 11.6174 11.2323 10.0114 9.80635 8.08393 5.37588
threshold=0.48429830372333532 0.1443375572562218 0.19347756356000903 0.32724878191947943 0.46886366605758673 0.14602209627628329 0.29325124621391302 0.41296806931495672 0.61323612928390514 0.68085327744483959 0.28002066910266882 0.31350007653236395 0.59885764122009288 0.074091039597988143 0.22959341108798983 0.20282910764217379 0.044856579974293716 0.19842858612537387 0.1191423498094082 0.31013903021812445 0.06097793951630593 0.2507299035787583 0.54509624838829052 0.29562045633792883 0.083132699131965651 0.27252463996410375 0.20582801848649981 0.11554286256432535 0.25925125181674963 0.12562151253223422
decision_type=2 2 2 2 2 2 2 2 2 2 2 2 2 2 2 2 2 2 2 2 2 2 2 2 2 2 2 2 2 2
left_child=2 9 5 16 10 13 7 -5 12 18 26 -12 -6 -1 -10 -8 24 -18 29 27 -15 -21 23 -11 -4 -20 -3 -7 -24 -2
right_child=1 4 3 6 8 19 15 -9 14 22 11 -13 -14 20 -16 -17 17 -19 25 21 -22 -23 28 -25 -26 -27 -28 -29 -30 -31
leaf_value=-0.014561618107604299 -0.013518420700843265 -0.00098700084333152877 0.002417962517086343 0.0036790193464159987 0.0045433768217295637 -0.0088158387514460923 -0.0049896101772505252 -0.00020111611664556524 0.0098939799048947084 -0.032999671226257327 0.0020830054545074653 -0.001517492291694119 -0.0034386049425839896 -0.014582872473021041 0.0057184561038166846 -0.00051725371368924731 0.0035768725449452895 -0.0034274880280727692 0.0075351267330716464 -0.0063864147501687197 -0.0084418775088569015 0.010522852283150053 0.014572766142328475 0.0083330503253989958 -0.0093818591193696437 0.012201583940247602 0.0044948967291503295 -0.0017568840186623104 -0.0048698740376617276 0.0019406573637132179
leaf_weight=783.36457502841949 30.49531352519989 337.37151616811752 85.181634068489075 4334.2754574939609 4117.9601496234536 204.73069444298744 1026.7552663683891 2965.3406145572662 1730.4682303294539 10.952004447579382 4864.2662190496922 3501.4160546213388 354.24957985430956 379.13520982861519 3327.8752229586244 9491.7217641472816 900.49856309592724 14659.149131834507 800.51995032280684 5447.9420255124569 3775.5039554834366 42.288732826709747 2907.0857145115733 53.162175633013248 634.05470125377178 1105.0965979769826 2694.5222045779228 1313.3591029942036 19.374887004494667 60.233203992247581
leaf_count=2395 196 1413 257 18803 23994 561 3421 11377 13811 99 22301 14875 2097 1186 24850 34946 2896 42056 6772 14835 10452 120 33790 496 1773 10085 13919 3791 205 386
internal_value=-4.03687e-05 0.00508633 -0.00292588 -0.00139159 0.00335627 -0.00730504 0.000298392 0.00210278 0.00562851 0.0123467 0.00145623 0.000576034 0.00391111 -0.00988421 0.00714691 -0.00095382 -0.00324136 -0.00302212 0.00962789 -0.00548778 -0.00900228 -0.00625617 0.0141617 0.00127258 -0.00798437 0.0102413 0.0038849 -0.00270886 0.014444 -0.00325539
internal_weight=71958.4 25915 46043.3 34097 20928.1 11946.3 17818.1 7299.62 9530.55 4986.92 11397.6 8365.68 4472.21 4938 5058.34 10518.5 16278.9 15559.6 1996.35 7008.32 4154.64 5490.23 2990.57 64.1142 719.236 1905.62 3031.89 1518.09 2926.46 90.7285
internal_count=318158 169289 148869 115529 117260 33340 68547 30180 64752 52029 52508 37176 26091 14033 38661 38367 46982 44952 17439 19307 11638 14955 34590 595 2030 16857 15332 4352 33995 582
is_linear=0
shrinkage=0.03


Tree=131
num_leaves=31
num_cat=0
split_feature=2 8 2 8 2 2 7 12 4 10 7 14 2 14 11 0 6 3 2 2 11 8 3 2 0 11 8 8 12 7
split_gain=1357.96 247.365 161.13 60.9039 47.439 34.6688 32.9942 25.6953 24.9324 22.7669 19.7131 27.7001 19.3349 17.6015 14.3063 22.7276 14.0401 13.0391 12.8387 11.1297 10.8215 10.5339 9.02882 8.80793 8.68043 7.17639 11.6635 9.14616 5.38537 5.38427
threshold=0.23419078439474109 0.16913386434316638 0.38608810305595404 0.26746292412281042 0.62018039822578441 0.12849476933479312 0.24485611915588382 0.28355416655540472 0.24836473912000659 0.46420656144618994 0.70975103974342357 0.23136277496814731 0.88870060443878185 0.31036049127578741 0.51652884483337413 0.13592698425054553 0.2545869648456574 0.23281618207693103 0.1552279740571976 0.18522340804338458 0.31132654845714575 0.32075679302215582 0.17242375016212466 0.091208711266517653 0.045568021014332778 0.42664407193660742 0.3739496916532517 0.41911295056343084 0.3927163183689118 0.56393593549728405
decision_type=2 2 2 2 2 2 2 2 2 2 2 2 2 2 2 2 2 2 2 2 2 2 2 2 2 2 2 2 2 2
left_child=1 5 8 6 14 9 23 21 25 -1 16 -12 20 -9 15 -4 -10 19 -8 -7 -6 -5 -11 -3 -16 26 -2 -27 -14 -19
right_child=2 3 4 7 12 17 18 13 10 22 11 -13 28 -15 24 -17 -18 29 -20 -21 -22 -23 -24 -25 -26 27 -28 -29 -30 -31
leaf_value=-0.011136392699768433 0.0031204286269819943 -0.005476504759727086 0.008557162925786085 -0.0092842895805175241 0.0023341877030754782 -0.0070352993241191075 -0.0087095648395268434 -0.0045118401235078546 0.0014977106539027594 -0.011775541218571755 0.0046448047747657531 0.038739839707426282 0.013594946033303757 4.8907200893315795e-05 0.0064081837025939158 0.0046589945166233947 -0.0012496430328013291 -0.0053808139880336791 -0.005639648089814089 0.0035792631692410093 0.0082687637127851678 -0.0038316169436264816 -0.017093283617246494 0.00015675991991213428 0.0011736303836501402 -0.0024929558022175058 0.0080366656442555119 0.0044283865497204361 0.025598091484813072 -0.012691363125009516
leaf_weight=1269.0160351917148 1307.9447102099657 383.64137863367796 1733.1860704794526 489.82655239105225 291.91574336588383 314.26914732530713 3190.4570152759552 1001.4253181926906 3485.469370149076 343.45310982689261 95.808395251631737 27.630640380084515 379.5121143758297 3179.9762736484408 372.64630528539419 6027.0493611842394 3221.3842826709151 116.86452543362975 1991.2811466753483 123.97619312629104 5248.204282104969 913.6247856169939 1759.2975070253015 716.04097920656204 1213.8721126168966 322.43037056922913 650.23382647335529 367.88545756042004 36.913004875183105 404.53951317444444
leaf_count=16690 6036 2910 8022 6196 968 5939 40671 9244 27642 8200 814 225 1067 23922 1822 23976 21868 1490 22746 1701 15195 9942 39143 4314 5195 1477 2803 1619 107 6214
internal_value=1.34613e-05 -0.00674148 0.00442853 -0.00450162 0.00633234 -0.0128778 -0.0065282 -0.00222228 0.00135486 -0.0143096 0.000396771 0.0122767 0.00842466 -0.00104337 0.00499893 0.00552962 0.000178123 -0.00784684 -0.00752983 -0.00403252 0.00795606 -0.00573469 -0.0162247 -0.00180849 0.00240314 0.00382572 0.00475292 0.00119559 0.0146589 -0.0110528
internal_weight=40979.8 16197.7 24782.1 11866.3 15303.3 4331.42 6281.42 5584.85 9478.79 3371.77 6830.29 123.439 5956.55 4181.4 9346.75 7760.24 6706.85 959.649 5181.74 438.245 5540.12 1403.45 2102.75 1099.68 1586.52 2648.49 1958.18 690.316 416.425 521.404
internal_count=318158 199322 118836 119945 56352 79377 70641 49304 62484 64033 50549 1039 17337 33166 39015 31998 49510 15344 63417 7640 16163 16138 47343 7224 7017 11935 8839 3096 1174 7704
is_linear=0
shrinkage=0.03


Tree=132
num_leaves=31
num_cat=0
split_feature=3 13 3 6 0 3 11 0 12 8 0 3 10 4 14 6 8 2 0 5 9 10 7 2 12 4 11 6 5 2
split_gain=1133.05 191.605 167.19 95.5295 88.3108 51.3278 40.124 34.3526 37.2091 31.8132 30.1962 27.6628 26.3751 23.7238 23.1923 20.2741 19.8103 18.8468 17.7348 16.2381 14.0891 32.8986 16.9735 13.2025 12.3612 11.6888 10.4545 8.82668 8.62264 7.06591
threshold=0.31180058419704443 0.38072858750820165 0.45594190061092382 0.18398468941450122 0.26511922478675848 0.6425803303718568 0.1727382764220238 0.35337957739830023 0.25439821183681494 0.34227176010608679 0.16935113817453387 0.21612612158060077 0.57120269536972057 0.32858225703239446 0.26262697577476507 0.20835718512535098 0.19741976261138919 0.029677699320018295 0.024035328067839149 0.069816783070564284 0.29007636010646826 0.50768643617630016 0.41773027181625372 0.058795841410756118 0.14867288619279864 0.374038115143776 0.19842858612537387 0.32490062713623052 0.11131671443581583 0.018339409492909912
decision_type=2 2 2 2 2 2 2 2 2 2 2 2 2 2 2 2 2 2 2 2 2 2 2 2 2 2 2 2 2 2
left_child=1 3 7 18 11 20 19 9 16 13 -8 12 -3 -2 -10 24 -9 -13 -1 -5 21 -4 -22 29 -6 -11 -25 -17 -20 -7
right_child=2 4 5 6 15 23 10 8 14 25 -12 17 -14 -15 -16 27 -18 -19 28 -21 22 -23 -24 26 -26 -27 -28 -29 -30 -31
leaf_value=-0.013851696541186799 -0.0055001739776994974 -0.01053826884664724 0.014609724932992696 0.033280927896358253 0.02169390645183986 0.017498944571216341 -0.0032664461235619728 0.011826539042318455 -0.0019512043711852091 0.0022955954978063613 0.00034948054236421999 0.024817215048263636 -0.015875312280160855 -0.00030561097070715891 0.0029983083028360885 -0.0044102099698602607 0.0033379971212891563 -0.0089865299480840818 0.0070605922285067735 -0.016794287775808905 0.0051880529264350722 0.003628057245912268 0.0013521879327193708 -0.00076638475825433557 0.001063785913794606 0.011416203021326617 0.0081076296920261567 -0.014565900134920174 -0.0074715654088398122 0.010531016644892985
leaf_weight=434.83774445950985 1042.9390864446759 1779.136027880013 437.27038852125406 6.0136797167360774 27.656372357159853 143.49275812506676 4209.9881224706769 593.89202927798033 1055.5745591968298 2112.7513275891542 4105.4408266879618 14.940810840576885 1567.6856143660843 3279.1997108198702 4418.9353313669562 637.44508310034871 424.16198739409447 2290.1699655018747 37.37498127669096 188.94416461512446 7978.2729092612863 559.87622044235468 1193.5313398763537 126.4072413444519 476.64818548038602 134.51490243524313 2181.3718125075102 87.608924202620983 2187.2726545445621 1501.9862803220749
leaf_count=5566 6550 24169 1799 61 288 410 33492 3312 6733 10029 25837 170 31164 28371 19674 6153 2262 33682 536 3284 27949 2529 5282 388 4481 833 6057 875 21979 4243
internal_value=5.30672e-05 -0.0057735 0.0039221 -0.00334755 -0.00971137 0.00618476 -0.00179662 0.00147576 0.00302334 -5.37087e-05 -0.00148121 -0.0112964 -0.0130382 -0.00155907 0.00204396 -0.00242431 0.00828987 -0.00876743 -0.00831052 -0.0152497 0.00505708 0.00844376 0.00468889 0.00908549 0.00219515 0.00284153 0.00762156 -0.00563733 -0.00722742 0.0111386
internal_weight=45235.3 18051.2 27184.2 11169.9 6881.29 14122.2 8510.39 13062 6492.56 6569.41 8315.43 5651.93 3346.82 4322.14 5474.51 1229.36 1018.05 2305.11 2659.49 194.958 10169 997.147 9171.8 3953.26 504.305 2247.27 2307.78 725.054 2224.65 1645.48
internal_count=318158 191737 126421 90755 100982 48657 62674 77764 31981 45783 59329 89185 55333 34921 26407 11797 5574 33852 28081 3345 37559 4328 33231 11098 4769 10862 6445 7028 22515 4653
is_linear=0
shrinkage=0.03


Tree=133
num_leaves=31
num_cat=0
split_feature=1 11 7 7 1 1 1 5 1 7 12 0 11 3 12 10 14 0 6 0 11 7 7 6 13 0 1 14 0 7
split_gain=1098.81 467.327 189.446 126.406 58.5626 53.496 39.9993 36.1887 35.4331 33.1534 31.5096 20.4802 18.6033 17.8521 19.5355 14.98 14.4916 15.5156 14.041 24.7807 15.0531 13.6875 13.415 21.5749 12.1461 10.7102 10.4169 9.97291 7.87074 5.95619
threshold=0.37183479964733129 0.14746981114149096 0.19347756356000903 0.41325795650482183 0.61627459526062023 0.099580615758895888 0.68085327744483959 0.18572716414928439 0.24904029816389087 0.24802430719137195 0.22959341108798983 0.073308896273374571 0.52744856476783764 0.45935691893100744 0.27252463996410375 0.25850389897823339 0.26380164921283727 0.6195606291294099 0.12539707869291308 0.043418616056442268 0.13805866241455081 0.40201976895332342 0.54509624838829052 0.28859853744506841 0.44753216207027441 0.045568021014332778 0.06097793951630593 0.37071885168552404 0.25925125181674963 0.074091039597988143
decision_type=2 2 2 2 2 2 2 2 2 2 2 2 2 2 2 2 2 2 2 2 2 2 2 2 2 2 2 2 2 2
left_child=2 6 5 9 7 26 13 -5 18 27 -6 -11 15 14 -2 -7 17 -10 19 -4 -20 -15 23 -8 -18 -14 -1 -3 -24 -28
right_child=1 3 8 4 10 12 22 -9 16 11 -12 -13 25 21 -16 -17 24 -19 20 -21 -22 -23 28 -25 -26 -27 29 -29 -30 -31
leaf_value=-0.014191851919237837 0.0063721284089426466 -0.0050946120247409854 -0.0052845243910695809 -0.0012307750245886242 0.0092327410982772588 -0.0070379542912359459 -0.037519907560174051 0.0031946447929651436 0.0018946664465660729 0.0038404788938581741 0.0046368700477751228 0.00026778558449016442 -0.0076711125888717585 -0.018478670053596765 0.011987441102497814 0.011523771450096589 -0.0017528724047856873 -0.0040401314124290672 0.0015494156742945858 0.0073250710661941255 -0.0046711233755587101 0.0034355939816496676 0.014308122963479436 0.0081681501647507052 -0.0064359229478206563 -0.0023438489656753192 -0.01361511668890851 -0.0015441134460357805 -0.0048770999376487106 -0.0091249621030603714
leaf_weight=720.23791533708572 1012.2551883235574 983.18496549129486 303.95146596431732 1989.0168555155396 1919.760079883039 6591.9713942110538 11.118679367005823 10147.991855159402 1845.1687810868025 1684.807333022356 4465.8884737342596 10105.771420553327 441.33708703517914 29.995552226901054 1241.4284584745765 39.364288002252579 10339.573264449835 504.95678967237473 367.93741121888161 260.46576124429703 7228.9404802620411 177.12376466393471 2866.9334569871426 56.938399851322174 523.69850772619247 1474.1076672375202 323.69457510113716 2581.4919911623001 19.37535110861063 1488.6799628138542
leaf_count=2306 8042 3044 838 9366 15025 17843 98 51469 6369 8318 31344 40714 1217 106 11178 110 32004 1584 1119 735 19791 960 34123 535 1755 4081 969 8654 206 4255
internal_value=-4.15737e-05 0.00333252 -0.00412669 0.00202448 0.00369297 -0.00731031 0.0115158 0.00246941 -0.00247648 1.18256e-05 0.00601856 0.000778303 -0.00617554 0.00869067 0.00946529 -0.00692777 -0.00151653 0.000619494 -0.00403067 0.000534518 -0.00436985 0.000261914 0.0138689 0.000703962 -0.00197863 -0.0035713 -0.0111398 -0.00252339 0.0141793 -0.00992691
internal_weight=71747.2 39293.1 32454.1 33877.9 18522.7 11079.4 5415.17 12137 21374.7 15355.3 6385.65 11790.6 8546.78 2460.8 2253.68 6631.34 13213.4 2350.13 8161.3 564.417 7596.88 207.119 2954.37 68.0571 10863.3 1915.44 2532.61 3564.68 2886.31 1812.37
internal_count=318158 223182 94976 167934 107204 30781 55248 60835 64195 60730 46369 49032 23251 20286 19220 17953 41712 7953 22483 1573 20910 1066 34962 633 33759 5298 7530 11698 34329 5224
is_linear=0
shrinkage=0.03


Tree=134
num_leaves=31
num_cat=0
split_feature=2 8 2 13 2 2 2 2 3 4 13 14 7 2 9 11 0 13 3 13 2 11 11 5 14 1 0 6 3 12
split_gain=1285.48 240.02 149.541 84.7319 43.902 34.6635 28.7661 24.6322 23.5401 22.9978 18.9188 19.2972 18.897 18.4219 17.2867 13.5705 21.9979 13.3333 12.9723 12.687 11.2559 10.7187 9.53729 9.34731 8.4697 7.02708 11.9524 8.28836 5.69483 5.27459
threshold=0.23419078439474109 0.16913386434316638 0.38608810305595404 0.31343831121921545 0.62018039822578441 0.12617047131061557 0.11217619478702547 0.14517649263143542 0.21058919280767444 0.24836473912000659 0.56464165449142467 0.29114633798599249 0.49038308858871466 0.88870060443878185 0.2452054247260094 0.51652884483337413 0.13592698425054553 0.21678765118122104 0.23281618207693103 0.40276190638542181 0.18522340804338458 0.62043246626853954 0.22745107859373095 0.13420768827199939 0.43996056914329534 0.3049472719430924 0.33369825780391699 0.41891156136989599 0.32396730780601507 0.3927163183689118
decision_type=2 2 2 2 2 2 2 2 2 2 2 2 2 2 2 2 2 2 2 2 2 2 2 2 2 2 2 2 2 2
left_child=1 5 9 6 15 12 23 19 -9 25 11 -11 22 21 -12 16 -4 -8 20 -5 -7 -6 -1 -3 -17 27 -27 -2 -14 -15
right_child=2 3 4 7 13 18 17 8 -10 10 14 -13 28 29 -16 24 -18 -19 -20 -21 -22 -23 -24 -25 -26 26 -28 -29 -30 -31
leaf_value=-0.013715386648912444 0.0069582994417142557 -0.0080051657776750475 0.0083260598439842664 -0.0073993394606669573 0.0082296400206844558 -0.006952303585283987 0.0011431489184267982 -0.00059266368755386551 -0.0067471627394699828 -0.0027428165626105293 0.0050311384641409228 0.00098498561440618962 -0.014744577960072183 0.013183771725643249 0.032660726553136579 -0.0062210544658975768 0.004500765969192716 -0.0021756730819365504 -0.010942913403457729 -0.011780045235633654 0.0036724673895453075 0.0045343570300842503 -0.0076784962904644692 -0.0035309990893997588 0.0028769702707403173 0.0045283821665199871 -0.0037456617944538659 0.0030202379484281375 -0.018072369659914034 0.025124180660681814
leaf_weight=459.86966455355287 791.84519043564796 663.69587012752891 1742.8243573307991 1321.1708144880831 4724.0084821730852 328.07416692748666 1984.8118742108345 723.58818739280105 2463.9025296531618 1706.6310557574034 430.52561091631651 4668.6126156374812 1681.2004669234157 377.47065129876137 21.392719976603985 98.147800780832767 6048.8055166602135 2415.1054375097156 537.67049816995859 1082.5115291215479 123.52953133359551 830.68892566859722 482.79637871682644 1145.6890572756529 1492.2363055497408 364.29427210986614 276.31511364132166 1225.3052568882704 638.62680175900459 36.517168760299683
leaf_count=5682 3604 6672 8022 17294 13679 6371 11870 9314 27925 13968 3713 32689 40611 1067 179 418 23976 20008 8130 16379 1701 2484 5299 10483 6599 1862 1513 4956 11583 107
internal_value=1.42411e-05 -0.00660222 0.00429072 -0.00440025 0.00612058 -0.0127136 -0.00198798 -0.0070792 -0.00535004 0.00132922 0.00040753 -1.29344e-05 -0.0142052 0.00813202 0.00633906 0.00484093 0.0053564 -0.000678546 -0.0077945 -0.00937221 -0.00404605 0.00767702 -0.0106235 -0.00517216 0.0023155 0.00369683 0.000959525 0.00456615 -0.0156607 0.014237
internal_weight=40887.9 16052.2 24835.6 11800.5 15350.7 4251.77 6209.3 5591.17 3187.49 9484.92 6827.16 6375.24 3262.49 5968.69 451.918 9382.01 7791.63 4399.92 989.274 2403.68 451.604 5554.7 942.666 1809.38 1590.38 2657.76 640.609 2017.15 2319.83 413.988
internal_count=318158 199322 118836 119945 56352 79377 49033 70912 37239 62484 50549 46657 63175 17337 3892 39015 31998 31878 16202 33673 8072 16163 10981 17155 7017 11935 3375 8560 52194 1174
is_linear=0
shrinkage=0.03


Tree=135
num_leaves=31
num_cat=0
split_feature=0 10 0 0 13 5 14 5 0 13 2 2 11 12 2 12 14 11 10 13 9 12 5 13 2 8 5 5 13 2
split_gain=1056.64 263.16 154.037 114.961 53.4131 80.0325 45.7186 55.0091 44.0745 36.0702 32.7492 27.7572 27.3479 23.33 22.6297 21.5246 18.9714 18.8396 17.4735 15.7734 15.7195 15.6138 12.5706 11.9958 10.2221 24.5303 9.35859 8.13277 8.00224 7.33984
threshold=0.2612146139144898 0.43627518415451055 0.529006987810135 0.068968869745731368 0.26469109952449804 0.25130654871463781 0.21572279930114749 0.2166705057024956 0.17472666501998904 0.33327458798885351 0.058795841410756118 0.026656442321836952 0.19251846522092822 0.25439821183681494 0.11745741963386537 0.26111020147800451 0.23797076940536502 0.1245410665869713 0.47398944199085241 0.15581589192152026 0.2173229977488518 0.30887606739997869 0.20647410303354266 0.59008541703224193 0.018339409492909912 0.063345674425363555 0.092625465244054808 0.20406474173069003 0.45657140016555792 0.67769259214401256
decision_type=2 2 2 2 2 2 2 2 2 2 2 2 2 2 2 2 2 2 2 2 2 2 2 2 2 2 2 2 2 2
left_child=1 3 6 15 19 -6 14 23 11 -9 24 13 27 -3 17 29 28 -2 -13 -5 -16 -14 -18 -8 -4 -26 -17 -12 -10 -1
right_child=2 8 10 4 5 -7 7 9 16 -11 12 18 21 -15 20 26 22 -19 -20 -21 -22 -23 -24 -25 25 -27 -28 -29 -30 -31
leaf_value=-0.0099538122848739467 -0.0032707151088751754 -0.017998557948322263 0.017950686290448391 0.0035952120240683081 0.0020757602379975928 -0.0063326506735708202 0.0054829593515380816 0.0027730971880688582 -0.014178644543841918 -0.00076572493141095679 -0.001647419521845904 -0.0086924907616293557 0.011380679578549836 0.041930327830174273 0.00092600066036760886 0.0013265346775941677 0.0022510991059093034 0.0046652377626816618 -0.015080514957114408 -0.0004026374355059371 -0.0095034921232228353 0.0060631247890250246 -0.0066320242730558646 0.024588235456465417 -0.010205426842237717 0.010219827209102207 -0.0066030345031501767 0.011488732389822018 -0.0090721874364449069 -0.015247392668133001
leaf_weight=1276.6448229514062 605.73179221898317 9.7072677835822123 143.2824344933033 1179.3190444782376 1440.8725139275193 3477.7695823423564 4209.9470174945891 8076.5110619366169 389.7092117369175 3817.482348728925 495.47958188503981 460.63817482069135 538.5440027564764 14.699093170464037 176.70337133482099 153.90054409950972 172.70012421533465 484.62420182675123 2358.8419019803405 3598.1891997419298 492.76814455911517 6436.9949319213629 844.27649749070406 29.787074267864227 54.444389447569847 1888.4870535135269 1033.5032137446105 46.38877946138382 948.20582948252559 289.12695223093033
leaf_count=16077 7271 134 410 5879 14020 29156 22018 35013 6874 25277 1990 6002 1865 169 1458 1851 2225 3799 44479 22162 4119 19486 10117 210 194 5664 10170 189 17301 2604
internal_value=0.000150382 -0.00557855 0.0038273 -0.00321122 -0.00167504 -0.00386948 0.00218232 0.00268315 -0.0112475 0.00163728 0.00689223 -0.0137611 0.00596934 0.0180945 -0.00240915 -0.00862132 -0.00821199 0.000256532 -0.0140369 0.000584224 -0.00675068 0.00647366 -0.00512352 0.00561719 0.0102177 0.00964748 -0.00557528 -0.000522847 -0.0105596 -0.0109313
internal_weight=45145.3 17648.1 27497.2 12449.3 9696.15 4918.64 17893.6 16133.7 5198.78 11894 9603.62 2843.89 7517.41 24.4064 1759.83 2753.18 2354.89 1090.36 2819.48 4777.51 669.472 6975.54 1016.98 4239.73 2086.21 1942.93 1187.4 541.868 1337.92 1565.77
internal_count=318183 189220 128963 101919 71217 43176 99165 82518 87301 60290 29798 50784 23530 303 16647 30702 36517 11070 50481 28041 5577 21351 12342 22228 6268 5858 12021 2179 24175 18681
is_linear=0
shrinkage=0.03


Tree=136
num_leaves=31
num_cat=0
split_feature=1 11 7 7 1 1 0 8 5 14 0 14 5 14 1 14 8 5 7 11 11 8 0 4 7 4 6 10 1 14
split_gain=1020.22 372.51 261.914 94.8565 72.581 57.1302 42.1917 34.5482 34.1037 31.5182 30.0657 24.7042 21.2201 18.3745 17.6525 17.6143 28.4211 17.2167 12.6247 12.3523 11.8247 10.4704 9.09067 8.61487 8.50181 8.10884 8.09398 7.83657 7.72728 4.91064
threshold=0.44588136672973638 0.15082093328237536 0.19347756356000903 0.33759196102619177 0.28873330354690557 0.14602209627628329 0.047560809180140502 0.30813980102539068 0.32055115699768072 0.27777963876724249 0.29435849189758306 0.49278923869133001 0.26966696977615362 0.19673456996679309 0.06097793951630593 0.4278420358896256 0.34436118602752691 0.19184070080518725 0.49541898071765905 0.44846402108669287 0.59329792857170116 0.15022916346788409 0.48958033323287969 0.38219189643859869 0.13387975096702578 0.33423279225826269 0.10055808722972871 0.25850389897823339 0.23338573426008227 0.26863467693328863
decision_type=2 2 2 2 2 2 2 2 2 2 2 2 2 2 2 2 2 2 2 2 2 2 2 2 2 2 2 2 2 2
left_child=2 8 5 15 11 14 18 -8 10 17 21 13 -11 -4 29 16 -3 -6 -5 27 -16 -2 -12 -10 -21 -17 -25 -7 -13 -1
right_child=1 3 4 6 9 19 7 -9 23 12 22 28 -14 -15 20 25 -18 -19 -20 24 -22 -23 -24 26 -26 -27 -28 -29 -30 -31
leaf_value=-0.0242457175583576 0.013862843423421273 -0.00028674575407232886 0.00049976573893830865 0.0052525838780358904 -0.00072742680013255861 -0.0063808329407428581 0.0038366288938721208 0.00051997914994856436 0.01681967133036167 -0.0033782741037855996 0.0074563668898871326 0.00050285451068561083 -0.00054823369837139638 -0.0040745523690470737 -0.009237334244135564 -0.00095481161687078304 -0.0063524709309262647 0.0028971963671073158 0.0099631238646861273 -0.0058361041969136711 -0.0042625137564097949 0.010056010012438145 -0.013807552055292154 0.016335464637587734 -0.0024240436474648333 0.0023343018091704225 -0.0022712355761031443 0.0078320290294138159 0.008658594747523193 -0.013155659128408725
leaf_weight=37.922427088022232 3204.9681508988142 2139.6738855838776 853.0187550932169 994.32783101499081 1876.6433197706938 3921.8802465796471 13032.252317845821 3609.5072330906987 28.602285601198673 3167.0185016542673 879.46728964149952 299.64068830013275 9651.2030894607306 10753.23957079649 3742.6857540309429 1130.9732826799154 1029.8143260478973 3174.4917993992567 1055.7567860260606 1031.488760471344 485.8298933506012 815.7505110129714 18.474827140569687 23.177606582641602 1811.4142141342163 1671.7496501207352 228.24828145653009 35.228095322847366 160.58939954638481 685.53951370716095
leaf_count=123 38152 7842 2627 5997 6904 10614 77552 18119 171 10573 6652 817 33371 29970 10482 3944 3876 12541 8498 2819 1360 8228 84 151 5111 7149 1679 100 462 2215
internal_value=-0.000128361 0.00410419 -0.00316031 0.00256589 -0.00167042 -0.00695553 0.00361752 0.00311727 0.0114023 -0.000456545 0.0119821 -0.00346805 -0.00124746 -0.00373836 -0.00940664 -0.000725511 -0.00225759 0.00155054 0.00767843 -0.00517055 -0.00866576 0.0130905 0.00701887 0.00121878 -0.00366204 0.00100706 -0.000555983 -0.0062543 0.00334866 -0.013737
internal_weight=71550.6 29862.7 41687.8 24664.1 29935.8 11752 18691.8 16641.8 5198.69 17869.4 4918.66 12066.5 12818.2 11606.3 4951.98 5972.21 3169.49 5051.14 2050.08 6800.01 4228.52 4020.72 897.942 280.028 2842.9 2802.72 251.426 3957.11 460.23 723.462
internal_count=318183 188094 130089 132977 97265 32824 110166 95671 55117 63389 53116 33876 43944 32597 14180 22811 11718 19445 14495 18644 11842 46380 6736 2001 7930 11093 1830 10714 1279 2338
is_linear=0
shrinkage=0.03


Tree=137
num_leaves=31
num_cat=0
split_feature=2 8 2 13 0 2 6 2 2 2 8 0 11 13 4 8 14 13 12 3 3 1 11 14 9 5 11 13 12 12
split_gain=1188.04 234.968 136.602 76.368 33.9075 33.2451 28.4865 25.2636 24.5164 24.0603 20.6248 19.4867 18.816 18.5137 18.5105 17.9903 16.7453 14.7299 14.699 13.745 13.1411 12.7411 10.7819 9.64037 8.35454 7.42173 7.08185 6.93388 6.77818 5.01957
threshold=0.23206416517496112 0.16913386434316638 0.42078648507595068 0.31756132841110235 0.075517132878303542 0.12617047131061557 0.11541705206036569 0.1552279740571976 0.29267047345638281 0.092171818017959609 0.17192853242158893 0.12903803586959842 0.1443375572562218 0.24940901249647143 0.48327656090259558 0.1317754536867142 0.30190756916999822 0.21678765118122104 0.189068078994751 0.20517668873071673 0.25837451219558721 0.11233117058873178 0.57110881805419933 0.28014621138572698 0.33823345601558691 0.17335959523916247 0.58540415763854992 0.26469109952449804 0.25709941983222967 0.21706923842430118
decision_type=2 2 2 2 2 2 2 2 2 2 2 2 2 2 2 2 2 2 2 2 2 2 2 2 2 2 2 2 2 2
left_child=1 5 8 9 21 12 29 19 13 27 11 -10 25 26 -9 -15 -12 -11 -8 -5 23 28 -23 -7 -14 -1 -2 -3 -4 -6
right_child=2 3 4 7 6 20 18 14 10 17 16 -13 24 15 -16 -17 -18 -19 -20 -21 -22 22 -24 -25 -26 -27 -28 -29 -30 -31
leaf_value=-0.017751545552097871 0.0032489626591310425 -0.0040974133571920566 0.015316042411655866 -0.0056703953961972919 -0.0012070153186377543 -0.0052712213516948334 0.01315270836785183 -0.006425653696117575 0.024450236118222505 0.00076786319789700112 -0.00022803641255890071 0.005337990867205716 -0.014761690459530265 0.016353401439305953 -0.00096332670141325248 -0.0018603066477654246 0.0032650716837314521 -0.0024923703405876916 0.0053271298379249984 -0.010347760354738826 -0.011404831859503396 0.0093797557913794394 0.005516515256719842 0.014268414909093904 -0.0099946351008857459 -0.01368029351661618 -0.0062478131247883113 -0.0088328943381003663 0.0098758861260968816 -0.0099854905013506065
leaf_weight=1027.7826475091279 1286.3440380915999 815.13229479640722 308.27499210834503 815.08513374254107 136.66166613996029 493.61606219038367 220.95826011896133 1849.7048768252134 73.511084280908108 2240.358160443604 1600.1574382409453 138.4195146933198 490.42264327779412 49.688167259097099 799.76117700710893 2752.9048369154334 5414.3930834978819 2813.565106574446 9668.7019857615232 1846.1009610593319 444.47629803419113 1403.9318293482065 1211.0156648308039 23.82166301459074 1017.059108927846 662.91054697707295 74.778563655912876 422.54100147634745 622.06803649663925 102.66190852224827
leaf_count=24439 6566 7354 847 12843 614 9038 994 20403 508 13726 10777 992 8950 476 10379 23618 28990 24306 33832 24853 6626 4839 4386 361 12863 16914 557 4994 1727 411
internal_value=5.86684e-05 -0.00639465 0.00411698 -0.00420136 0.00613829 -0.0125116 0.00525448 -0.00685054 0.00169033 -0.00196522 0.0027468 0.0119673 -0.0139824 -0.000143284 -0.00477681 -0.00153739 0.00246822 -0.00104714 0.00550197 -0.00891515 -0.00762151 0.00866337 0.00759064 -0.00437166 -0.0115455 -0.0161552 0.00272722 -0.0057141 0.0116785 -0.00497269
internal_weight=40826.8 15762.3 25064.5 11602.2 13674.3 4160.09 10129 5310.65 11390.2 6291.6 7226.48 211.931 3198.17 4163.72 2649.47 2802.59 7014.55 5053.92 9889.66 2661.19 961.914 3545.29 2614.95 517.438 1507.48 1690.69 1361.12 1237.67 930.343 239.324
internal_count=318183 198049 120134 118858 47650 79191 35851 68478 72484 50380 41267 1500 63166 31217 30782 24094 39767 38032 34826 37696 16025 11799 9225 9399 21813 41353 7123 12348 2574 1025
is_linear=0
shrinkage=0.03


Tree=138
num_leaves=31
num_cat=0
split_feature=0 13 0 6 11 3 0 2 13 5 14 11 2 11 8 12 7 6 13 7 5 12 2 9 14 2 8 9 2 2
split_gain=999.502 254.643 141.951 110.294 44.0025 42.9854 39.4589 31.3871 29.6633 29.6615 31.3513 28.0482 27.8324 25.7315 23.4459 24.952 19.4578 18.8239 14.973 14.0344 13.6085 13.0897 18.8645 11.5163 10.7035 9.80883 23.3591 7.92243 3.82588 2.75595
threshold=0.2612146139144898 0.38576249778270727 0.529006987810135 0.18398468941450122 0.15449667721986773 0.33281986415386206 0.19578295946121219 0.058795841410756118 0.23886542022228244 0.18690972030162814 0.25252118706703192 0.1245410665869713 0.066619783639907851 0.19251846522092822 0.31891599297523504 0.26111020147800451 0.56935453414917003 0.1032860390841961 0.41816149652004247 0.69307038187980663 0.38780945539474493 0.32324843108654028 0.087397791445255293 0.12391892448067666 0.2878649383783341 0.018339409492909912 0.063345674425363555 0.23139925301074984 0.67769259214401256 0.022905168123543266
decision_type=2 2 2 2 2 2 2 2 2 2 2 2 2 2 2 2 2 2 2 2 2 2 2 2 2 2 2 2 2 2
left_child=1 3 5 17 29 14 12 25 -6 11 -11 -7 19 27 15 -2 -14 28 -15 -3 -16 23 -23 -8 -19 -4 -27 -9 -1 -5
right_child=2 6 7 4 8 9 21 13 -10 10 -12 -13 16 18 20 -17 -18 24 -20 -21 -22 22 -24 -25 -26 26 -28 -29 -30 -31
leaf_value=-0.01142519821201681 0.0010056990139298303 -0.00074753070527097014 0.017479583807615405 0.003693737164456876 0.0008415701587356013 -0.0029215053593602321 0.018535901262375875 0.0086818573643716538 -0.0026298896535928906 -0.0027093997677495639 0.0026763311090416365 0.0061995351988120354 -0.010199798228969497 0.0058781312827543876 0.0064409205267037407 -0.0052500566143250374 -0.014962084231152693 -0.016653513714016147 0.01162455393819758 -0.011410974628635499 0.00038501823564317418 -2.5062432915515002e-05 -0.015102586567311288 -0.0059972682978472781 -0.0064116337352818995 -0.010061393712206386 0.0099022651578538779 -0.0019737366742591908 -0.01670182612098953 -0.01727987266565854
leaf_weight=466.97129960358143 1010.0645279400051 255.46859708055854 143.25062860548496 5.8408541977405539 3990.9394289925694 335.91350876912475 17.431409347802401 72.491423174738884 4979.2489793263376 1085.0768105946481 9398.3894853889942 3137.8430819958448 1183.4115278944373 6561.5116256773472 471.25124967843294 1328.6856494247913 2221.9123975038528 96.443212706595659 435.15447413921356 196.53904318064451 1146.3327175080776 96.569410435855389 329.54132323712111 1423.9768680296838 1921.9217858240008 54.262684553861618 1891.4994975700974 469.62590282410383 168.21851266175508 162.79091462120414
leaf_count=5948 9217 3852 410 51 23270 3301 255 309 41764 6997 42966 16121 14727 19850 2887 12008 43200 1571 1501 4081 5668 1806 4917 19319 19652 194 5664 1870 1585 3222
internal_value=0.000148124 -0.00545441 0.00371152 -0.0029342 -0.00137082 0.00213257 -0.0106457 0.00664934 -0.0010854 0.00291498 0.00211889 0.00531753 -0.0123787 0.00574766 -0.000627653 -0.00254831 -0.0133071 -0.00831849 0.00623553 -0.00538414 0.00214929 -0.00706617 -0.0116856 -0.00570058 -0.00690102 0.00990331 0.00934553 -0.000548881 -0.0128226 -0.0165534
internal_weight=45058.6 17517.2 27541.4 11792.4 9138.82 17913.6 5724.85 9627.8 8970.19 13957.2 10483.5 3473.76 3857.33 7538.78 3956.33 2338.75 3405.32 2653.55 6996.67 452.008 1617.58 1867.52 426.111 1441.41 2018.36 2089.01 1945.76 542.117 635.19 168.632
internal_count=318183 189220 128963 97063 68307 99165 92157 29798 65034 69385 49963 19422 65860 23530 29780 21225 57927 28756 21351 7933 8555 26297 6723 19574 21223 6268 5858 2179 7533 3273
is_linear=0
shrinkage=0.03


Tree=139
num_leaves=31
num_cat=0
split_feature=1 7 14 1 7 1 14 1 12 0 8 5 8 12 12 3 2 14 2 0 1 9 7 5 4 5 7 10 13 7
split_gain=948.683 293.506 275.849 89.6751 77.6391 52.3316 44.5207 44.0737 30.8679 27.9949 27.9828 26.3617 24.5875 26.0253 23.617 21.5941 19.3068 18.6091 27.2529 20.1836 17.0443 13.5719 14.11 13.4445 13.1953 11.1346 11.0114 10.1286 9.77714 4.8543
threshold=0.48969838023185736 0.18988862633705142 0.21340389549732211 0.32724878191947943 0.46886366605758673 0.14602209627628329 0.32120884954929357 0.64243838191032421 0.27632147073745733 0.047560809180140502 0.30474296212196356 0.27596507966518408 0.19213367253541949 0.51854741573333751 0.26872706413269049 0.38678582012653356 0.043193776160478599 0.19673456996679309 0.043193776160478599 0.82884481549263012 0.06097793951630593 0.31483905017375952 0.13387975096702578 0.11903737112879755 0.53893908858299266 0.21539304405450824 0.074091039597988143 0.2507299035787583 0.20582801848649981 0.73784524202346813
decision_type=2 2 2 2 2 2 2 2 2 2 2 2 2 2 2 2 2 2 2 2 2 2 2 2 2 2 2 2 2 2
left_child=1 5 7 17 8 20 11 14 28 29 -10 -5 16 -14 24 -11 -9 18 -3 -19 -1 22 -7 -16 -2 -8 -22 -23 -4 -6
right_child=2 3 4 6 9 21 25 12 10 15 -12 -13 13 -15 23 -17 -18 19 -20 -21 26 27 -24 -25 -26 -27 -28 -29 -30 -31
leaf_value=-0.013419455389817774 0.00029420839406382065 -0.0069102714858816595 -0.0012023646828820719 -2.0515277924712728e-06 0.0088531783487222973 -0.0067762940326936937 -0.0050214886515060784 0.0016823041466755978 0.0018304516961046931 0.0047256355168387833 -0.0017422040629150347 0.0030157718391069115 0.0060853994666179431 -0.039662263173756609 0.0016471478644541715 -0.0023698150467231375 0.01315021435524432 -0.0030141304832733934 0.0039734116305282499 -0.012704266522531224 -0.012923911231064122 -0.005904798302010586 -0.00059317780532877184 0.010506826311142713 0.0074272572592937285 -0.0011627329173203302 -0.0078836081509421636 0.010141274724921883 0.0044830407384032029 0.018235863981784794
leaf_weight=716.08125531673431 577.86731590330601 284.80727288126945 306.37810876965523 5395.8042854741216 1151.8372179120779 488.85828799009323 741.93382008373737 137.34834015369415 4219.4297436848283 6156.4333308562636 3706.245270460844 5037.0209296867251 369.19421377778053 11.541696883738039 177.83640622347593 411.85204863548279 3474.2316800877452 15356.673187926412 758.56149756908417 195.9237754046917 435.55740249156952 5148.7891799807549 1036.3156474530697 1157.5355323702097 391.55983785539865 7244.7280573993921 3737.5067141056061 35.649281531572342 2442.225245244801 51.861020900309086
leaf_count=2334 3753 826 1300 21583 9133 1352 2436 1316 19470 42115 15941 21225 3294 78 1162 2202 41620 43839 2498 557 1296 14006 2998 9009 3049 25946 10426 101 12839 479
internal_value=-0.000126476 -0.00264666 0.00462131 -0.00127658 0.00277058 -0.00678279 0.000164507 0.0100427 0.00110983 0.0050515 0.000159788 0.00145497 0.0119497 0.0046986 0.00673949 0.00428073 0.0127141 -0.00287601 0.0010025 -0.0031362 -0.00914343 -0.00506265 -0.00257503 0.00932695 0.00317531 -0.0015212 -0.00840968 -0.00579446 0.00384931 0.00925743
internal_weight=71357.6 46614.2 24743.4 35015.5 18446.3 11598.8 18419.5 6297.12 10674.3 7771.98 7925.68 10432.8 3992.32 380.736 2304.8 6568.29 3611.58 16596 1043.37 15552.6 4889.15 6709.61 1525.17 1335.37 969.427 7986.66 4173.06 5184.44 2748.6 1203.7
internal_count=318183 151423 166760 118910 103479 32513 71190 63281 49550 53929 35411 42808 46308 3372 16973 44317 42936 47720 3324 44396 14056 18457 4350 10171 6802 28382 11722 14107 14139 9612
is_linear=0
shrinkage=0.03


Tree=140
num_leaves=31
num_cat=0
split_feature=2 8 2 13 2 0 6 3 10 2 2 2 8 0 13 8 2 14 11 12 3 1 11 14 11 3 13 12 13 12
split_gain=1125.2 227.682 126.918 73.1552 33.1393 32.2156 27.0489 24.8549 23.3316 23.2143 22.9871 20.232 19.8622 18.1721 17.3839 17.3249 17.0414 15.5749 14.4197 14.1731 13.1762 11.9998 10.2437 9.16963 6.87353 6.75334 6.69868 6.60811 6.07135 4.90108
threshold=0.23206416517496112 0.16913386434316638 0.42078648507595068 0.31756132841110235 0.12617047131061557 0.075517132878303542 0.11541705206036569 0.21058919280767444 0.45424275100231176 0.29267047345638281 0.092171818017959609 0.16064437478780749 0.17192853242158893 0.12903803586959842 0.24940901249647143 0.1317754536867142 0.14408072084188464 0.30190756916999822 0.59329792857170116 0.48387707769870764 0.25837451219558721 0.11233117058873178 0.57110881805419933 0.2856146395206452 0.42430645227432257 0.32040339708328253 0.26469109952449804 0.18584023416042331 0.16869650036096576 0.21706923842430118
decision_type=2 2 2 2 2 2 2 2 2 2 2 2 2 2 2 2 2 2 2 2 2 2 2 2 2 2 2 2 2 2
left_child=1 4 9 10 8 21 29 16 28 14 26 -9 13 -11 24 -16 -5 -14 -8 -12 23 27 -23 -6 -2 -10 -3 -4 -1 -7
right_child=2 3 5 7 20 6 18 11 25 12 19 -13 17 -15 15 -17 -18 -19 -20 -21 -22 22 -24 -25 -26 -27 -28 -29 -30 -31
leaf_value=-0.0042807455596951633 0.0042236084791471284 -0.0040096392524651397 0.021261078169156809 -0.0065039692679668632 -0.0049645337413202657 -0.0011838458457927295 0.0055991978721803178 -0.010123791420678889 -0.014709307486707198 0.023616391448574376 -0.0018232348687490612 -0.005760784431479345 -0.00019905290010258602 0.0052677014324416889 0.015986049391380226 -0.0018075998854554136 3.235602813994657e-05 0.0031702439692031571 0.0007047233498148561 0.0021394544342035519 -0.011254596222076757 0.0090976945839684985 0.0053386928788328727 0.01604886830960723 -0.00022426688526560625 -0.018587673893008475 -0.0086840287416981923 0.010682005914940932 -0.011233199264482966 -0.0098706657148063918
leaf_weight=126.78395202755928 879.31165507435799 811.52408417314291 56.59306812286377 744.59409022703767 491.90967764332891 136.52849033474922 9347.3713631927967 1945.820838317275 1398.3133791647851 74.75278677791357 4031.2130419798195 1881.4708809889853 1598.2515963315964 138.73173800110817 50.146515466272831 2746.2837646380067 693.19448477402329 5429.5350876003504 575.0622328966856 1017.3157714381814 438.31543202698231 1409.6340928822756 1214.6837613135576 19.427819643169641 485.25370112806559 568.30014168471098 418.06003613770008 871.03282618522644 1043.1944454461336 102.21764278411865
leaf_count=1133 4215 7354 155 11925 9109 614 32803 26325 36589 508 31775 21134 10777 992 476 23618 9094 28990 2023 6257 6626 4839 4386 290 2908 10831 4994 2419 14613 411
internal_value=5.7695e-05 -0.00626203 0.00399049 -0.0041077 -0.0123478 0.00593514 0.00507544 -0.00671561 -0.0138344 0.00165173 -0.00192059 -0.00797897 0.00267785 0.0116926 -0.000133981 -0.00148852 -0.00335264 0.002404 0.00531553 -0.00102472 -0.00743784 0.00839452 0.00735781 -0.00416615 0.0026419 -0.0158301 -0.00559894 0.0113274 -0.0104798 -0.00490305
internal_weight=40744.8 15629.4 25115.4 11543.2 4086.24 13713.1 10161.2 5265.08 3136.59 11402.3 6278.11 3827.29 7241.27 213.485 4161 2796.43 1437.79 7027.79 9922.43 5048.53 949.653 3551.94 2624.32 511.337 1364.57 1966.61 1229.58 927.626 1169.98 238.746
internal_count=318183 198049 120134 118858 79191 47650 35851 68478 63166 72484 50380 47459 41267 1500 31217 24094 21019 39767 34826 38032 16025 11799 9225 9399 7123 47420 12348 2574 15746 1025
is_linear=0
shrinkage=0.03


Tree=141
num_leaves=31
num_cat=0
split_feature=0 10 0 0 2 13 5 0 14 5 8 2 12 12 12 14 12 14 10 11 12 5 2 8 5 13 2 5 13 1
split_gain=945 238.554 138.993 103.31 44.5248 44.1012 78.354 41.0467 34.5597 28.031 50.5229 27.3459 21.8102 20.7001 19.8734 19.8604 22.5937 18.0473 17.3105 17.266 19.916 14.252 13.5028 13.3331 12.9455 11.7215 9.62723 9.35817 7.52027 7.51491
threshold=0.25549580156803137 0.43627518415451055 0.44283217191696173 0.068968869745731368 0.07485139369964601 0.26469109952449804 0.25130654871463781 0.17472666501998904 0.21791826933622363 0.27131117880344396 0.3225413858890534 0.026656442321836952 0.25439821183681494 0.26111020147800451 0.25439821183681494 0.19673456996679309 0.26111020147800451 0.23797076940536502 0.47398944199085241 0.11728821694850923 0.3737801611423493 0.18445843458175662 0.23206416517496112 0.27049429714679724 0.19793612509965899 0.15581589192152026 0.044856579974293716 0.092625465244054808 0.4093137532472611 0.30814200639724737
decision_type=2 2 2 2 2 2 2 2 2 2 2 2 2 2 2 2 2 2 2 2 2 2 2 2 2 2 2 2 2 2
left_child=1 3 8 13 19 25 -7 11 14 23 -11 12 -3 29 22 28 -17 -9 -13 26 -21 -16 -2 -10 -19 -5 -4 -15 -6 -1
right_child=2 7 4 5 15 6 -8 17 9 10 -12 18 -14 27 21 16 -18 24 -20 20 -22 -23 -24 -25 -26 -27 -28 -29 -30 -31
leaf_value=-0.014855289620106243 0.0033959605010526889 -0.017827897917744046 0.0076772694163504528 0.0030284727025553489 -0.0071023680473754607 0.0022598823137083435 -0.0062259985696993042 -0.010322282201722637 0.0027421364741129959 -0.002459368127733604 0.0026400135429347459 -0.0083738490919636442 0.040580819191001899 0.0015949922564708432 -0.0021921733100686899 0.011121387821361071 0.0045941165004081009 0.0037686123922789799 -0.014814632465287426 0.014096547011301756 0.0080975975096557774 -0.009571907776776134 -0.014404620548924435 0.006352554337121492 -0.0062480162688126114 -0.00046887731454805837 -0.0015328639630076463 -0.0063799025376481558 0.0012169189266578097 -0.0095931004729589778
leaf_weight=305.17631127685308 448.97823392599821 9.3297386988997477 191.52681418508291 1145.8155432119966 149.10763721168041 1388.327731680125 3323.8057880103588 1229.425445292145 3572.4130137935281 2789.6503989174962 4685.7945902869105 450.16561598330736 15.011094264686106 152.18832641467452 516.20486555993557 501.51172317564487 9875.1872475370765 135.93016410246491 2265.9539483785629 625.06192702054977 2451.6601641699672 433.16098634153605 41.935020744800568 1240.1431740522385 796.90662068873644 3487.8352926746011 218.87023630738258 1019.9883841760457 284.15494653582573 1223.4175389967859
leaf_count=2814 4767 134 688 5721 720 13645 28238 23191 22393 18066 21532 6002 169 1851 5793 1968 33109 1791 44479 2130 7302 4626 331 6631 9817 21623 1157 10170 1458 15867
internal_value=0.000145588 -0.00544623 0.00352743 -0.00317571 0.0055977 -0.00168224 -0.00372582 -0.0110252 0.00137139 0.00188671 0.000737051 -0.0134635 0.018193 -0.00834374 -0.0030252 0.00464683 0.00490958 -0.00793488 -0.0137471 0.00854536 0.00931633 -0.00555928 0.00187539 0.0036725 -0.00478842 0.000395952 0.00276538 -0.00534449 -0.00164617 -0.0106437
internal_weight=44974.6 16949.3 28025.4 12046.6 14297.1 9345.78 4712.13 4902.72 13728.3 12288 7475.44 2740.46 24.3408 2700.77 1440.28 10810 10376.7 2162.26 2716.12 3487.12 3076.72 949.366 490.913 4812.56 932.837 4633.65 410.397 1172.18 433.263 1528.59
internal_count=318183 185512 132671 99929 48532 69227 41883 85583 84139 68622 39598 50784 303 30702 15517 37255 35077 34799 50481 11277 9432 10419 5098 29024 11608 27344 1845 12021 2178 18681
is_linear=0
shrinkage=0.03


Tree=142
num_leaves=31
num_cat=0
split_feature=1 11 7 1 7 1 14 5 12 8 3 5 0 0 14 2 1 1 11 5 11 10 8 9 7 7 2 4 2 14
split_gain=880.337 299.834 277.964 82.8507 80.2996 50.1938 42.3609 34.1444 28.3631 29.8321 26.1961 25.2955 22.4624 20.459 17.6182 25.7275 19.5031 16.6162 14.5514 14.1718 11.7025 11.2593 9.94676 9.84706 9.77696 8.79642 8.35393 6.62056 8.87581 4.79265
threshold=0.48969838023185736 0.15082093328237536 0.18988862633705142 0.32724878191947943 0.46886366605758673 0.14602209627628329 0.29325124621391302 0.32055115699768072 0.27632147073745733 0.31350007653236395 0.38678582012653356 0.23980019241571429 0.26908603310585028 0.047560809180140502 0.19673456996679309 0.043193776160478599 0.1762252822518349 0.06097793951630593 0.44846402108669287 0.20406474173069003 0.59329792857170116 0.2507299035787583 0.15022916346788409 0.2544128298759461 0.13387975096702578 0.1668643727898598 0.067746836692094817 0.38219189643859869 0.36051894724369055 0.26863467693328863
decision_type=2 2 2 2 2 2 2 2 2 2 2 2 2 2 2 2 2 2 2 2 2 2 2 2 2 2 2 2 2 2
left_child=2 7 5 14 8 17 11 12 25 -10 13 -5 22 -6 15 -4 -16 29 21 -8 -19 -7 -2 -12 -20 -3 -14 -9 -29 -1
right_child=1 4 3 6 10 18 19 27 9 -11 23 -13 26 -15 16 -17 -18 20 24 -21 -22 -23 -24 -25 -26 -27 -28 28 -30 -31
leaf_value=-0.023686868504176228 0.013654310360378587 -0.015809367904895694 -0.0066567897353239716 2.6162101429063212e-05 0.0090037408777125377 -0.006261344989898535 -0.0042566220596538954 0.016132125564115161 0.0017895203111042163 -0.0018755555187460603 -0.0059411961943240639 0.0035217366965286075 0.0038951467129686584 0.0047571633938178377 -0.0052956099939301107 0.0039164702944361161 -0.0025116719027562383 -0.0087446617613944587 -0.0055851322307415678 -0.00065992478344613619 -0.0037672954757242893 0.0099206544144530198 0.0097519120553444579 0.0025267889059084059 -0.0019426194550807442 0.0038915808635789305 0.009756515534089065 0.00060284000858448967 -0.021849010126937844 -0.012559447142182973
leaf_weight=36.736837804317474 2871.7102324515581 20.550193563103676 285.08355385065079 3461.3605516329408 1192.2960036471486 3811.5080215334892 1095.9421546012163 22.077254362404346 4695.5468878522515 3480.1716784834862 249.18336013704538 4035.1875439286232 338.06014927476645 7109.3472722694278 2750.8740410506725 757.36442136764526 12816.719768106937 3680.5374264419079 1044.5456505715847 9824.6563822776079 480.64651811122894 39.095161974430084 739.14688015729189 245.21478344500065 1816.5706180632114 2742.7842774614692 620.5755637139082 213.27146675437689 17.11897899210453 673.29994732141495
leaf_count=122 36096 75 826 13954 9645 10335 3633 139 21827 14923 1297 17409 2837 49424 7457 2498 36939 10370 2856 36194 1352 111 7796 1381 5155 14221 5364 1648 87 2212
internal_value=-0.00012477 0.00447205 -0.00254666 -0.00121442 0.00283348 -0.00657539 0.000171193 0.0111783 0.0011175 0.000229401 0.00496753 0.00190773 0.0117717 0.00536706 -0.00275078 0.00102495 -0.00300361 -0.00889351 -0.00489296 -0.00102087 -0.00816974 -0.00609705 0.0128555 -0.00174119 -0.00327244 0.00374507 0.00768952 0.000438428 -0.00106543 -0.0131352
internal_weight=71167.2 24557.1 46610.1 35027.2 19735.1 11582.9 18417.1 4821.96 10939.1 8175.72 8796.04 7496.55 4569.49 8301.64 16610 1042.45 15567.6 4871.22 6711.72 10920.6 4161.18 3850.6 3610.86 494.398 2861.12 2763.33 958.636 252.468 230.39 710.037
internal_count=318183 166760 151423 118910 112793 32513 71190 53967 51046 36750 61747 31363 52093 59069 47720 3324 44396 14056 18457 39827 11722 10446 43892 2678 8011 14296 8201 1874 1735 2334
is_linear=0
shrinkage=0.03


Tree=143
num_leaves=31
num_cat=0
split_feature=2 8 2 13 2 2 3 10 2 2 2 8 2 13 8 10 1 3 5 11 10 14 1 10 1 3 11 11 13 13
split_gain=1065.89 220.57 117.516 69.9589 33.089 29.4197 24.8715 23.1166 21.9751 21.9607 19.8431 19.1365 16.4944 16.2579 16.6861 14.6783 13.7124 13.2845 10.2535 15.4061 10.2142 8.75326 7.92387 8.42121 7.7544 6.93733 6.75625 6.57851 6.48519 5.96522
threshold=0.23206416517496112 0.16913386434316638 0.42078648507595068 0.31756132841110235 0.12617047131061557 0.7711533010005952 0.21058919280767444 0.45424275100231176 0.092171818017959609 0.29267047345638281 0.16064437478780749 0.17192853242158893 0.13662528246641162 0.24940901249647143 0.1317754536867142 0.082533087581396117 0.11233117058873178 0.25837451219558721 0.47714228928089147 0.51652884483337413 0.46420656144618994 0.28014621138572698 0.06097793951630593 0.11543514579534532 0.54408788681030285 0.32040339708328253 0.42925827205181127 0.58540415763854992 0.26469109952449804 0.16869650036096576
decision_type=2 2 2 2 2 2 2 2 2 2 2 2 2 2 2 2 2 2 2 2 2 2 2 2 2 2 2 2 2 2
left_child=1 4 9 8 7 18 12 29 28 13 -8 24 -5 27 -15 -13 -10 21 20 -20 -4 -6 26 -24 -11 -9 -7 -2 -3 -1
right_child=2 3 5 6 17 22 10 25 16 11 -12 15 -14 14 -16 -17 -18 -19 19 -21 -22 -23 23 -25 -26 -27 -28 -29 -30 -31
leaf_value=-0.004176216224661862 0.0030582440163694226 -0.0039236728938713645 0.0027919087152253408 -0.0065657971826913863 -0.004830864889761176 -0.00071752024773701756 -0.0099884160810559709 -0.014552264860422059 0.0053125015404322535 0.0084092978884695684 -0.0056486132309479138 0.013043393776755268 -0.0001080979362811218 0.015639963089205896 -0.0017483930506463181 0.0021706825345873325 -0.0013910905340599731 -0.011108161523939404 0.0064641310320331493 0.0036605299928467692 0.0075114808740143367 0.013647628147926293 0.003693979668583495 0.0089492370923559602 0.022170799764838944 -0.018525609592159757 0.013653978041785223 -0.0061224626898426409 -0.0085417320685056506 -0.011088880334830074
leaf_weight=126.10978437960148 1293.6133818998933 808.03093111887574 2441.8626130223274 683.64531797543168 480.67543273046613 31.853044033050537 1924.4949788525701 1364.7451910786331 291.46902353316545 167.743791654706 1869.2176469862461 113.58154211938381 742.71540868282318 50.585846841335297 2738.8949034325778 6925.9313562363386 4752.1882942058146 432.46104615181684 6033.9559274315834 2492.7841725498438 496.64838120341301 24.234922345727682 334.40675169229507 1530.0609351098537 47.227217465639114 556.84032789245248 388.69449028372765 74.278863541781902 413.85586819052696 1029.8026348873973
leaf_count=1133 6566 7354 9649 11085 9038 87 26325 36589 1500 1153 21134 373 9934 476 23618 39394 36532 6626 20148 9148 2438 361 906 4147 347 10831 1127 557 4994 14613
internal_value=5.7345e-05 -0.0061311 0.00386958 -0.00401527 -0.012184 0.00573733 -0.00658039 -0.0136871 -0.00187818 0.00161911 -0.00785013 0.00261537 -0.00320323 -0.000119327 -0.00143306 0.00234611 -0.0010037 -0.00724918 0.00511783 0.0056445 0.00358958 -0.00394393 0.00884569 0.00800667 0.0114326 -0.0157037 0.0125655 0.00255972 -0.00548782 -0.0103347
internal_weight=40662.6 15500.5 25162.1 11485.6 4014.87 13750.3 5220.07 3077.5 6265.54 11411.9 3793.71 7254.48 1426.36 4157.37 2789.48 7039.51 5043.66 937.371 11465.3 8526.74 2938.51 504.91 2285.02 1864.47 214.971 1921.59 420.548 1367.89 1221.89 1155.91
internal_count=318183 198049 120134 118858 79191 47650 68478 63166 50380 72484 47459 41267 21019 31217 24094 39767 38032 16025 41383 29296 12087 9399 6267 5053 1500 47420 1214 7123 12348 15746
is_linear=0
shrinkage=0.03


Tree=144
num_leaves=31
num_cat=0
split_feature=3 13 0 6 0 2 10 0 13 11 0 11 12 14 12 1 2 4 7 10 11 12 11 6 5 3 7 8 2 13
split_gain=894.054 169.387 126.494 94.1442 85.6218 41.89 32.8428 28.9653 29.3529 26.2614 29.3775 24.5216 24.5049 19.0309 20.0211 18.8822 18.4578 17.8468 16.6911 20.0179 15.7365 21.1268 14.2744 13.922 13.4925 12.9331 10.3609 10.081 8.84612 7.4064
threshold=0.30683515965938574 0.37230770289897924 0.44283217191696173 0.17079117149114612 0.19859292358160022 0.073850411921739592 0.48429754376411444 0.31576453149318701 0.36408364772796636 0.17956871539354327 0.13326498866081241 0.19842858612537387 0.30887606739997869 0.19673456996679309 0.26111020147800451 0.63947194814682018 0.062198238447308547 0.33052451908588415 0.65443041920661937 0.21092910319566729 0.11728821694850923 0.3737801611423493 0.13805866241455081 0.1032860390841961 0.061006065458059318 0.17829410731792453 0.10002361238002778 0.12725834548473361 0.044856579974293716 0.4093137532472611
decision_type=2 2 2 2 2 2 2 2 2 2 2 2 2 2 2 2 2 2 2 2 2 2 2 2 2 2 2 2 2 2
left_child=1 3 7 23 6 20 15 8 11 24 -11 -2 22 29 -15 -3 -14 -10 19 -9 28 -22 -6 -1 -5 -8 -25 -20 -4 -7
right_child=2 4 5 9 12 13 25 18 17 10 -12 -13 16 14 -16 -17 -18 -19 27 -21 21 -23 -24 26 -26 -27 -28 -29 -30 -31
leaf_value=-0.012471646049747483 -0.010402584164779535 -0.011546935964544812 0.007406043286773749 0.02654787835255961 -0.008025979716706615 -0.0069010127555784598 -0.016117195737326312 0.0049257950060120487 -0.010930233779412844 -0.0034944359362528176 0.00021702564257358189 0.001559116759960955 0.012265205647897277 0.010630929155249411 0.0044804350220184414 -0.0048737167326637137 -0.010889411326853098 -0.002374689463239607 0.0036257811213588017 0.0013941582591038672 0.014071206288742887 0.0078080425479975972 -0.001798962737882431 0.0052624529804270927 -0.014671852884187642 -0.011794769332119964 -0.0075404368923725285 0.014979072660201863 -0.0015003184996616363 0.0012580298460284169
leaf_weight=591.50326630845666 161.02461272850633 780.74192079156637 192.14564679563046 7.4642868675291529 420.87013285979629 153.79448189586401 1198.6601912193 1901.5785418823361 266.61754920333624 3096.8932315409184 5048.2398816980422 3662.4224062375724 32.568458907306194 500.29212728142738 9945.9332722648978 746.4840144738555 637.14321407675743 1240.0017594695091 132.39268906414509 6008.9948882088065 607.1899317279458 2403.10635009408 1557.0310127846897 59.247932985424995 168.14546716958284 1297.2477689161897 1428.3772647418082 150.29498326033354 210.12961450219154 286.97137009352446
leaf_count=7122 1833 8692 686 72 7678 741 23946 7070 2157 26349 32655 21086 574 1944 33212 10673 8908 13812 1203 33584 2052 7141 16021 482 3067 26482 15379 1007 1091 1464
internal_value=0.000143134 -0.00526177 0.00345929 -0.0028684 -0.0089931 0.00542643 -0.0117503 0.00137923 -0.000342161 -0.0014416 -0.00119412 0.00105535 -0.00480342 0.00451735 0.004775 -0.00828517 -0.00976339 -0.00388871 0.00249908 0.00224311 0.00832663 0.00907135 -0.00312399 -0.00857851 -0.0129198 -0.0138706 -0.00703053 0.00966192 0.00275378 -0.00158887
internal_weight=44893.5 17070.6 27822.9 10399.9 6670.75 14299.6 4023.13 13523.3 5330.07 8320.74 8145.13 3823.45 2647.61 10887 10446.2 1527.23 669.712 1506.62 8193.26 7910.57 3412.57 3010.3 1977.9 2079.13 175.61 2495.91 1487.63 282.688 402.275 440.766
internal_count=318183 188100 130083 85126 102974 48331 69793 81752 38888 62143 59004 22919 33181 37361 35156 19365 9482 15969 42864 40654 10970 9193 23699 22983 3139 50428 15861 2210 1777 2205
is_linear=0
shrinkage=0.03


Tree=145
num_leaves=31
num_cat=0
split_feature=1 11 7 7 1 1 1 5 12 6 0 3 2 7 7 10 11 5 6 0 14 10 7 6 4 2 6 7 1 2
split_gain=817.928 360.01 192.894 79.0332 47.3312 43.9646 41.0408 35.3044 31.6559 40.8861 30.8172 23.8518 19.3633 19.1042 18.6938 41.9794 16.892 16.1775 15.0478 20.9496 12.0245 11.6663 10.41 7.79902 8.83984 7.53623 7.17144 7.05737 6.74584 2.46018
threshold=0.40690785646438604 0.15082093328237536 0.18988862633705142 0.46886366605758673 0.52470549941062938 0.092775564640760436 0.26413767039775854 0.32055115699768072 0.27632147073745733 0.27272516489028936 0.29435849189758306 0.38207070529460913 0.11326905712485315 0.1668643727898598 0.4064596444368363 0.38783128559589392 0.52744856476783764 0.2776522189378739 0.11322120204567911 0.041369054466485984 0.19673456996679309 0.2507299035787583 0.13387975096702578 0.10055808722972871 0.38219189643859869 0.043193776160478599 0.48626448214054113 0.074091039597988143 0.06097793951630593 0.43164312839508062
decision_type=2 2 2 2 2 2 2 2 2 2 2 2 2 2 2 2 2 2 2 2 2 2 2 2 2 2 2 2 2 2
left_child=2 7 5 8 12 27 18 10 13 -10 25 -6 -5 -3 17 -16 21 -8 19 -4 -20 -7 -18 -9 -25 -2 -12 29 -29 -1
right_child=1 3 6 4 11 16 14 23 9 -11 26 -13 -14 -15 15 -17 22 -19 20 -21 -22 -23 -24 24 -26 -27 -28 28 -30 -31
leaf_value=-0.015306713775983218 0.0035838858528999943 -0.014899753769022021 -0.0037069159131523886 -0.0040742795501644592 0.0056634821613066868 -0.0064192378448520498 -0.0033707308313289013 0.016700442005686825 -0.0030204783939523847 0.00087809889241397519 0.0069954037916550088 -0.0028064954323532292 0.0021170587273844181 0.0033231937702216142 0.0049175056031684396 -0.00099689487823287522 -0.0053983907539201367 -0.0008206618055848615 0.00032792429363094459 0.0086735373938340802 -0.0038923069772450105 0.0081656335817019681 -0.0011390811814808552 0.013810577636212363 -0.0029647134336529871 0.012675469954127397 -0.0074010883747113714 -0.012800079226553815 -0.0081436015020521901 -0.011484346737545869
leaf_weight=258.35167762637138 83.921660110354424 52.516650423407555 279.01071971654892 510.74097710847855 7045.3385766744614 6816.1544677913189 3247.342932254076 24.556806124746799 3192.7937084436417 10016.376993201673 957.83332020789385 312.49847372621298 4137.7913679778576 3674.5732241272926 1456.1504143625498 4182.1461558490992 1009.7947428524494 7210.4930799454451 653.51418076455593 220.00943803787231 8653.2830566465855 49.71931117773056 1057.0102219879627 32.105429410934448 236.73772352933884 3693.8290273696184 32.187702372670174 370.12791720032692 1149.9366294145584 366.57262033224106
leaf_count=822 968 180 774 2146 52517 18556 9996 161 14195 41582 7261 1829 20447 18063 5130 15283 2759 22780 1971 630 23767 139 2980 192 1737 45425 125 1212 3360 1196
internal_value=-0.000122789 0.0032355 -0.00321083 0.00194466 0.00380658 -0.00652398 -0.00179387 0.0106172 0.000624721 -6.42277e-05 0.0112388 0.00530375 0.00143681 0.00306642 -0.000861811 0.000530562 -0.00559785 -0.0016125 -0.00332384 0.00175141 -0.00359597 -0.00631362 -0.00322008 0.000516853 -0.000961397 0.0124735 0.00652734 -0.0103808 -0.00927743 -0.0130646
internal_weight=70983.4 34003.8 36979.6 28942.6 12006.4 11077.7 25901.9 5061.17 16936.3 13209.2 4767.77 7357.84 4648.53 3727.09 16096.1 5638.3 8932.68 10457.8 9805.82 499.02 9306.8 6865.87 2066.8 293.4 268.843 3777.75 990.021 2144.99 1520.06 624.924
internal_count=318183 206828 111355 150959 76939 31024 80331 55869 74020 55777 53779 54346 22593 18243 53189 20413 24434 32776 27142 1404 25738 18695 5739 2090 1929 46393 7386 6590 4572 2018
is_linear=0
shrinkage=0.03


Tree=146
num_leaves=31
num_cat=0
split_feature=2 8 2 13 2 0 6 3 10 2 2 2 8 10 0 2 13 8 13 14 14 3 11 0 6 2 3 11 11 7
split_gain=1009.81 213.568 108.813 66.861 32.9899 29.6224 25.4849 24.8414 22.8533 21.2274 20.7769 19.4626 18.3954 16.8009 16.4133 15.9117 15.22 16.0928 14.0064 13.8819 13.7771 13.3367 11.4175 17.2206 13.9533 8.53255 7.12161 6.40087 6.0035 4.35505
threshold=0.23206416517496112 0.16913386434316638 0.42078648507595068 0.31756132841110235 0.12617047131061557 0.075517132878303542 0.11541705206036569 0.21058919280767444 0.45424275100231176 0.12499197199940683 0.29267047345638281 0.16064437478780749 0.17192853242158893 0.11543514579534532 0.12903803586959842 0.13662528246641162 0.24940901249647143 0.1317754536867142 0.48810741305351263 0.30190756916999822 0.25777579843997961 0.25837451219558721 0.57110881805419933 0.025886719115078453 0.09100098162889482 0.18522340804338458 0.32040339708328253 0.42430645227432257 0.22745107859373095 0.56393593549728405
decision_type=2 2 2 2 2 2 2 2 2 2 2 2 2 2 2 2 2 2 2 2 2 2 2 2 2 2 2 2 2 2
left_child=1 4 10 9 8 22 -7 15 28 13 16 -9 14 -3 -12 -5 27 -18 -8 -14 -11 25 24 -24 -4 -6 -10 -2 -1 -23
right_child=2 3 5 7 21 6 18 11 26 20 12 -13 19 -15 -16 -17 17 -19 -20 -21 -22 29 23 -25 -26 -27 -28 -29 -30 -31
leaf_value=-0.012482880462849589 0.0040012020916477473 0.0050801355855695915 0.0028110867142389167 -0.0063876025261213852 -0.0060896210479531778 -0.004955253398666086 0.0047253003374447006 -0.0098538407104334143 -0.01439254164416616 -0.0084018537640164551 0.02231092501035091 -0.005537274346973587 -0.00017076345846549548 -0.0048753564658308218 0.005045027361966512 -1.9762199679315659e-05 0.015316500535667462 -0.0016916899069661594 0.010393793672998725 0.0030100494221497777 -0.00012388186843144354 -0.0057766607788471338 0.010203862049457396 0.0039185357477922343 0.010551322699912439 0.0028023387948659202 -0.018462191110741613 -0.00028358873720204348 -0.0081278081190534965 -0.012732242698374681
leaf_weight=541.96120376884937 884.86330478638411 164.48587767034769 241.10010750591755 675.77902231365442 366.93478997796774 239.00397568941116 9574.0782987326384 1903.7054862901568 1332.0602211430669 190.00858669355512 76.777913637459278 1857.1998768784106 1596.2069124132395 2104.8038437366486 139.73745615035295 739.76396785676479 51.002579256892204 2731.8489114232361 409.07614159584045 5454.7781688421965 3794.2142699286342 108.71731861308217 606.95568546652794 1109.3731424212456 1604.8085352033377 132.08582083135843 545.46839627623558 486.18029326945543 600.54826980084181 317.95214001089334
leaf_count=7851 4215 1036 832 11085 7492 1025 32982 26325 36589 1684 508 21134 10777 20371 992 9934 476 23618 1844 28990 27289 1459 2001 3785 5181 1907 10831 2908 7895 5167
internal_value=5.64351e-05 -0.0060027 0.00375254 -0.00392533 -0.0120204 0.00554677 0.0047258 -0.00644725 -0.0135391 -0.00183777 0.0015871 -0.00772225 0.00255446 -0.00415375 0.0111676 -0.00305976 -0.000105351 -0.00137997 0.00495758 0.00228997 -0.00051866 -0.00706566 0.00790262 0.00614125 0.00954035 -0.00373601 -0.0155749 0.00248179 -0.0101937 -0.0109599
internal_weight=40581.5 15375.7 25205.8 11430 3945.73 13784.4 10222.2 5176.45 3020.04 6253.51 11421.4 3760.91 7267.5 2269.29 216.515 1415.54 4153.9 2782.85 9983.15 7050.99 3984.22 925.69 3562.24 1716.33 1845.91 499.021 1877.53 1371.04 1142.51 426.669
internal_count=318183 198049 120134 118858 79191 47650 35851 68478 63166 50380 72484 47459 41267 21407 1500 21019 31217 24094 34826 39767 28973 16025 11799 5786 6013 9399 47420 7123 15746 6626
is_linear=0
shrinkage=0.03


Tree=147
num_leaves=31
num_cat=0
split_feature=0 13 0 6 11 3 3 5 14 2 2 11 13 11 11 10 13 12 6 4 12 6 0 14 2 12 7 4 2 2
split_gain=846.92 221.448 118.616 93.4888 39.4111 37.5771 37.4202 29.0259 27.3923 27.3593 25.4975 25.3232 24.7881 22.4052 21.959 20.6103 20.4591 19.4546 18.9389 15.3573 14.0373 13.3249 11.7185 10.4649 9.38088 10.3839 7.85475 7.23063 3.84514 2.88946
threshold=0.25549580156803137 0.38921441137790685 0.529006987810135 0.18398468941450122 0.15449667721986773 0.33281986415386206 0.2426775395870209 0.18690972030162814 0.25252118706703192 0.058795841410756118 0.069798529148101821 0.1245410665869713 0.2279031574726105 0.19251846522092822 0.32525843381881719 0.57120269536972057 0.53156203031539928 0.16095586121082309 0.1032860390841961 0.57319951057434093 0.30887606739997869 0.29003427922725683 0.14814381301403048 0.2878649383783341 0.018339409492909912 0.38169741630554205 0.70402875542640697 0.65301203727722179 0.67769259214401256 0.063341841101646437
decision_type=2 2 2 2 2 2 2 2 2 2 2 2 2 2 2 2 2 2 2 2 2 2 2 2 2 2 2 2 2 2
left_child=1 3 5 18 29 14 15 11 -9 24 27 -7 -6 26 16 19 -2 -12 28 -3 -15 -16 -17 -20 -4 -26 -11 -8 -1 -5
right_child=2 6 9 4 12 7 10 8 -10 13 17 -13 -14 20 21 22 -18 -19 23 -21 -22 -23 -24 -25 25 -27 -28 -29 -30 -31
leaf_value=-0.011050720810906099 -0.0042702608071023785 -0.011853591084320448 0.016457420786580974 -0.0075206101029147692 0.000799294983676784 -0.0028313950307552612 0.0022168993539656281 -0.0026320052964152983 0.0023783568532265843 -0.0014967677092689844 0.0095849019489427437 0.0058220646260562876 -0.0024599387255107366 0.010225781049525377 0.0044864098408453476 -0.016897801525221062 0.0023461087123657688 -0.0085802455760451406 -0.016196344127187845 -0.0062181389614960302 0.0052327599287192127 -0.00046708919071247442 -0.011903943454093714 -0.0059644836345210716 0.012305416245140217 0.0072412361981624125 0.01560521854317507 0.023719171025724323 -0.016432778484754187 -0.017992904449781334
leaf_weight=455.11535773798823 1679.2619386091828 1254.8463047258556 143.03745695948601 28.894028790295124 3527.6451327055693 336.32081632688642 167.39086879044771 1094.464941535145 9560.8649886623025 518.21851840615273 55.199268031865358 3202.3394436426461 5190.0489905588329 549.61148722469807 875.83996374905109 859.20077327266335 561.1826932542026 1370.717833135277 94.438096512109041 666.3024671934545 6499.1718376278877 1105.8407440930605 832.82939651608467 1898.8865530341864 484.71938959509134 1468.0925814285874 25.352770671248436 15.367207482457159 161.99358619004488 132.22605265676975
leaf_count=6042 15141 17009 410 543 20362 3378 3120 7133 43554 2063 1010 16407 43733 1865 5525 19324 6076 19408 1622 10780 19486 5659 18025 19925 1606 4252 116 210 1590 2809
internal_value=0.000139906 -0.00520836 0.00332004 -0.00288015 -0.0014128 0.00190643 -0.0103309 0.00264552 0.00186372 0.00600713 -0.00652489 0.00499962 -0.00114108 0.00516952 -0.000578249 -0.0120255 -0.002613 -0.00787705 -0.00787102 -0.00989908 0.00562208 0.0017222 -0.0144398 -0.00644924 0.00904144 0.00849825 -0.000699112 0.00402492 -0.0124635 -0.0161149
internal_weight=44815.4 16711.1 28104.3 11489.2 8878.81 18416.1 5221.85 14194 10655.3 9688.2 1608.68 3538.66 8717.69 7592.35 4222.13 3613.18 2240.44 1425.92 2610.43 1921.15 7048.78 1981.68 1692.03 1993.32 2095.85 1952.81 543.571 182.758 617.109 161.12
internal_count=318183 185512 132671 96626 67447 102873 88886 70472 50687 29798 23748 19785 64095 23530 32401 65138 21217 20418 29179 27789 21351 11184 37349 21547 6268 5858 2179 3330 7632 3352
is_linear=0
shrinkage=0.03


Tree=148
num_leaves=31
num_cat=0
split_feature=1 7 14 1 7 1 1 14 12 0 8 8 5 12 2 13 13 14 2 0 7 5 5 4 14 10 1 13 8 4
split_gain=758.733 249.61 240.977 71.4142 64.2203 46.8375 39.9226 39.2991 26.6588 26.086 24.9291 24.113 23.4126 22.6703 22.6626 21.6633 18.0728 15.8422 23.6009 18.5163 15.6093 12.8959 12.8741 12.4646 11.8962 11.3727 10.4961 9.04652 8.02437 4.88969
threshold=0.48969838023185736 0.18988862633705142 0.21340389549732211 0.32724878191947943 0.46886366605758673 0.14602209627628329 0.64243838191032421 0.29325124621391302 0.27632147073745733 0.047560809180140502 0.30474296212196356 0.15022916346788409 0.23980019241571429 0.26872706413269049 0.043193776160478599 0.60859373211860668 0.30789414048194891 0.19673456996679309 0.043193776160478599 0.82884481549263012 0.074091039597988143 0.11903737112879755 0.20406474173069003 0.53893908858299266 0.41670343279838568 0.24874240905046466 0.06097793951630593 0.20582801848649981 0.40660806000232702 0.85440310835838329
decision_type=2 2 2 2 2 2 2 2 2 2 2 2 2 2 2 2 2 2 2 2 2 2 2 2 2 2 2 2 2 2
left_child=1 5 6 17 8 20 13 12 27 29 -10 14 -5 23 -8 -11 -13 18 -3 -19 -1 -15 -9 -2 25 -7 -22 -4 -26 -6
right_child=2 3 4 7 9 24 11 22 10 15 -12 16 -14 21 -16 -17 -18 19 -20 -21 26 -23 -24 -25 28 -27 -28 -29 -30 -31
leaf_value=-0.012381732634133457 -9.9452539268281989e-05 -0.0062881414702169475 -0.00133908351817651 5.5287529104490128e-05 0.0080282074959739831 -0.0060479916562796851 0.00038018460118259025 -0.0040358636423315601 0.0016660789039439142 0.0040143236876351521 -0.0017103331172752128 -0.022868227141894185 0.0034211185709885393 0.0012394226364520768 0.013229222623435271 -0.012493557746143682 0.0076333330191770592 -0.0026465936713700373 0.0038361380436142431 -0.011974858274749858 -0.012536388886376905 0.010002706998735799 -0.00061358502851652696 0.006916939385057802 -0.00030738375350969111 0.0098482901603050375 -0.0072195036152564208 0.004144909070437376 -0.0040233005545419693 0.014244436593319977
leaf_weight=759.86545321345329 568.91425916552544 285.53258992731571 305.01944090425968 3461.4164229482412 1033.9203472658992 3250.4737856686115 129.41416005045176 1099.9749550670385 4193.7817113921046 6358.0773411691189 3708.278454169631 17.833211071789265 4020.239609003067 174.77341867983341 2722.2112036049366 72.360178172588348 891.1331475675106 15397.548142567277 755.60941310226917 193.92405292391777 367.23892730474472 1117.3529607281089 9832.6486403346062 380.12842674553394 644.27037853002548 41.016619563102722 3709.9686212837696 2407.9509750977159 2779.2073502838612 127.98306368291378
leaf_count=2418 3753 826 1300 13954 8447 8815 1289 3633 19470 43829 15941 132 17409 1162 35650 488 9237 43839 2498 557 1212 9009 36194 3049 1764 116 10426 12839 7762 1165
internal_value=-0.000120694 -0.00235903 0.00418777 -0.00109846 0.00246933 -0.00618341 0.00940097 0.000188581 0.00096251 0.00457605 8.15964e-05 0.0112898 0.0018639 0.00623153 0.0126461 0.00382856 0.00703492 -0.00252336 0.00105956 -0.00276262 -0.00843412 0.00881738 -0.000957914 0.00271088 -0.00456212 -0.0058499 -0.0076984 0.00352834 -0.003324 0.00871292
internal_weight=70808.1 46598.9 24209.1 35046.9 18207.4 11552 6001.76 18414.3 10615 7592.34 7902.06 3760.59 7481.66 2241.17 2851.63 6430.44 908.966 16632.6 1041.14 15591.5 4837.07 1292.13 10932.6 949.043 6714.97 3291.49 4077.21 2712.97 3423.48 1161.9
internal_count=318183 151423 166760 118910 103479 32513 63281 71190 49550 53929 35411 46308 31363 16973 36939 44317 9369 47720 3324 44396 14056 10171 39827 6802 18457 8931 11638 14139 9526 9612
is_linear=0
shrinkage=0.03


Tree=149
num_leaves=31
num_cat=0
split_feature=2 8 2 13 2 0 6 3 10 2 2 2 8 0 2 0 13 8 10 3 12 2 3 0 3 13 11 11 6 7
split_gain=957.35 206.773 100.989 63.8426 32.9134 28.2222 35.9055 24.7618 22.5686 20.3461 19.6503 19.0753 17.6745 16.9204 15.4588 15.405 14.2892 15.5058 13.6744 13.3627 13.2416 8.23519 8.20602 7.91384 7.29586 6.20869 6.122 5.93191 5.49425 4.28155
threshold=0.23206416517496112 0.16913386434316638 0.42078648507595068 0.31756132841110235 0.12617047131061557 0.041369054466485984 0.09444731101393701 0.21058919280767444 0.45424275100231176 0.092171818017959609 0.29267047345638281 0.16064437478780749 0.17192853242158893 0.10367546975612642 0.14408072084188464 0.12903803586959842 0.24940901249647143 0.13028892129659655 0.082533087581396117 0.25837451219558721 0.48387707769870764 0.18522340804338458 0.086191076785326018 0.02201743703335524 0.32040339708328253 0.26469109952449804 0.58540415763854992 0.22745107859373095 0.078704521059989943 0.56393593549728405
decision_type=2 2 2 2 2 2 2 2 2 2 2 2 2 2 2 2 2 2 2 2 2 2 2 2 2 2 2 2 2 2
left_child=1 4 10 9 8 22 28 14 27 25 16 -9 15 -8 -5 -12 26 -18 -14 21 -11 -6 23 -4 -10 -3 -2 -1 -7 -21
right_child=2 3 5 7 19 6 13 11 24 20 12 -13 18 -15 -16 -17 17 -19 -20 29 -22 -23 -24 -25 -26 -27 -28 -29 -30 -31
leaf_value=-0.01235022997935049 0.0028872121971745364 -0.0037622841345121387 0.010962401015395952 -0.0059897717021064247 -0.0058695592968045053 -0.010902059645985219 0.0069113908055504414 -0.0097190467851657105 -0.014234153852181833 -0.0017353525845312393 0.021600012487093246 -0.0054273481153556125 0.012514329421782109 0.0044076057166169188 0.00030520936740784593 0.0049602976662244122 0.015521863751765588 -0.0016286412810964631 0.0020650533071847428 -0.0056563434085015168 0.0020946703928439326 0.0028946020331029948 0.014478018638566697 0.0063482303592203426 -0.018397961438605399 -0.0083113643050532933 -0.0059962945304651433 -0.0079965015384351364 -0.0022029733018890155 -0.012585672535764965
leaf_weight=534.70649733021855 1300.1282992810011 801.49883234500885 569.54175660014153 720.48378245532513 361.74561756849289 117.09511345624924 3391.5064287036657 1883.2618413567543 1301.0418962650001 4015.0499880835414 77.920307248830795 1845.4581192880869 114.57283778488636 8561.0208222419024 684.81747766584158 140.11958605051041 48.283718153834343 2728.3935716152191 6947.8327491059899 107.93220461159945 1018.5117642618716 131.5948586538434 221.04796135425568 810.7542267292738 534.26184771582484 407.2037058211863 73.78000558167696 595.13720884174109 147.84978172183037 312.93891784921288
leaf_count=7851 6566 7354 1871 11925 7492 463 11431 26325 36589 31775 508 21134 373 29954 9094 992 447 23647 39394 1459 6257 1907 674 2660 10831 4994 557 7895 597 5167
internal_value=5.61943e-05 -0.00587734 0.00364117 -0.0038378 -0.0118583 0.00536675 0.00487591 -0.0063159 -0.0133927 -0.00179966 0.00155513 -0.00759495 0.00249429 0.00511805 -0.00292216 0.0109068 -9.22235e-05 -0.00133041 0.00223457 -0.0068818 -0.00096037 -0.00353179 0.00911156 0.00825214 -0.0154462 -0.00529484 0.00241016 -0.0100569 -0.00604762 -0.0108086
internal_weight=40505.5 15255.6 25249.8 11376.3 3879.36 13818.8 12217.5 5134.02 2965.15 6242.26 11431 3728.72 7280.45 11952.5 1405.3 218.04 4150.59 2776.68 7062.41 914.212 5033.56 493.34 1601.34 1380.3 1835.3 1208.7 1373.91 1129.84 264.945 420.871
internal_count=318183 198049 120134 118858 79191 47650 42445 68478 63166 50380 72484 47459 41267 41385 21019 1500 31217 24094 39767 16025 38032 9399 5205 4531 47420 12348 7123 15746 1060 6626
is_linear=0
shrinkage=0.03


Tree=150
num_leaves=31
num_cat=0
split_feature=3 13 0 3 6 0 12 5 8 7 10 10 3 12 8 0 4 7 0 5 0 12 13 10 14 12 13 7 0 3
split_gain=829.114 163.035 100.118 80.2292 79.1279 32.216 29.5973 26.9342 28.5277 26.6852 26.6368 26.0392 24.8545 31.1897 24.0676 21.6978 17.8985 17.4172 15.947 15.4411 15.2078 13.9558 11.0549 10.9914 10.8959 15.9063 9.0442 7.42647 6.12914 1.04127
threshold=0.31180058419704443 0.36569766700267797 0.49568060040473944 0.23563190549612048 0.18398468941450122 0.25925125181674963 0.30995707213878637 0.18690972030162814 0.29793362319469457 0.58498448133468639 0.48173156380653387 0.57120269536972057 0.6425803303718568 0.30887606739997869 0.24364526569843295 0.13326498866081241 0.57319951057434093 0.41545632481575018 0.039447518065571792 0.080780372023582472 0.15194149315357211 0.14867288619279864 0.15581589192152026 0.32686603069305425 0.079095378518104567 0.34251096844673162 0.11926803737878801 0.10002361238002778 0.23742894083261493 0.16472296416759494
decision_type=2 2 2 2 2 2 2 2 2 2 2 2 2 2 2 2 2 2 2 2 2 2 2 2 2 2 2 2 2 2
left_child=1 4 5 11 18 9 21 14 -9 22 15 16 13 23 -7 -6 -3 -15 27 -8 -13 -5 -2 -4 -14 -26 -20 -1 -11 -12
right_child=2 3 12 6 10 7 19 8 -10 28 29 20 24 17 -16 -17 -18 -19 26 -21 -22 -23 -24 -25 25 -27 -28 -29 -30 -31
leaf_value=0.0003070575077615417 0.0052101018960401205 -0.011238602875114587 -0.0002448454869447393 0.0096833721818555055 -0.0031751572171698802 0.003740954090699463 0.013364526778829279 -7.5243534376673009e-05 0.0030503075055615149 -0.015657033794365345 -0.0038678066417054788 -0.016868849119953608 -0.0086010568317734237 0.0042829069680507389 0.011191247214812853 0.00011559595803200542 -0.005844458561461075 -0.00040870767717611441 0.018499280736328217 -0.010140239103512905 -0.011170786925242216 -0.0032462419463262708 -0.0012755041310181813 0.0099124709766760574 0.01645844696454344 0.007208376416410131 -0.0058155856059839538 -0.011393396498929686 -0.0048580983253255919 -0.017571989380164656
leaf_weight=51.911875411868095 271.59914909303188 1519.4838266372681 105.33070653676987 78.181043565273285 2774.3593921065331 2687.3685133270919 25.946317169815302 4726.9919375665486 5919.2983810082078 131.39548617601395 5.276064444333314 879.98576817288995 37.566578879952431 5529.8773241192102 456.53169822692871 5152.1163777001202 870.95478104799986 817.42996887117624 13.897717908024786 823.92128945142031 809.20538542792201 1926.4792947806418 1832.1968202963471 1068.8171099051833 175.40470267832279 3625.4792940616608 1474.4390133693814 820.36234015971422 73.90925532579422 92.023567363619804
leaf_count=498 1205 19822 367 1393 23231 16688 318 27999 25530 2271 91 20271 122 17627 2232 33101 13840 3346 96 12238 17098 22711 13583 4022 508 10018 14648 10605 1088 1830
internal_value=0.000113573 -0.00502669 0.00335554 -0.00858874 -0.00264814 0.00183388 -0.004731 0.00238303 0.00166255 -0.00144569 -0.00122771 -0.011288 0.00551204 0.00450959 0.00482283 -0.00103621 -0.00927325 0.0036787 -0.0074762 -0.00942264 -0.0141392 -0.00274199 -0.000438215 0.00900128 0.00747635 0.00763525 -0.00558854 -0.0106971 -0.0117694 -0.0168289
internal_weight=44777.7 17318.5 27459.2 6934.16 10384.4 16099.3 2854.53 13790.2 10646.3 2309.1 8023.78 4079.63 11359.9 7521.46 3143.9 7926.48 2390.44 6347.31 2360.61 849.868 1689.19 2004.66 2103.8 1174.15 3838.45 3800.88 1488.34 872.274 205.305 97.2996
internal_count=318397 191791 126606 107691 84100 90596 36660 72449 53529 18147 58253 71031 36010 25362 18920 56332 33662 20973 25847 12556 37369 24104 14788 4389 10648 10526 14744 11103 3359 1921
is_linear=0
shrinkage=0.03


Tree=151
num_leaves=31
num_cat=0
split_feature=1 11 1 7 1 4 4 13 4 7 10 1 12 7 7 9 3 13 12 3 2 11 14 1 10 2 4 5 4 8
split_gain=735.497 328.332 149.759 76.306 41.5341 39.2923 37.1938 28.9553 26.9592 21.0763 20.9678 22.3853 20.6734 17.8686 17.4774 15.6107 14.8636 14.3153 13.8353 17.6537 12.1345 11.3172 11.1867 11.0455 10.2009 9.88378 9.73935 9.63324 9.20859 6.14541
threshold=0.37729601562023168 0.15082093328237536 0.16653923690319064 0.42861531674861914 0.52470549941062938 0.52892720699310314 0.13149446249008181 0.24333066493272784 0.30750341713428503 0.52113211154937755 0.41707226634025579 0.64821353554725658 0.27252463996410375 0.4064596444368363 0.081495925784111037 0.27568389475345617 0.20793241262435916 0.39426635205745703 0.4622491747140885 0.55921819806098949 0.39044858515262609 0.59329792857170116 0.50512036681175243 0.71356070041656505 0.33923204243183142 0.046481056138873107 0.25981575250625616 0.58859318494796764 0.31332676112651831 0.14714860916137698
decision_type=2 2 2 2 2 2 2 2 2 2 2 2 2 2 2 2 2 2 2 2 2 2 2 2 2 2 2 2 2 2
left_child=2 5 6 10 8 12 14 22 -5 -6 11 -3 15 26 -1 -2 -14 -15 19 -9 -12 -16 28 25 -20 -7 -8 -24 -4 -25
right_child=1 3 7 4 9 23 13 18 -10 -11 20 -13 16 17 21 -17 -18 -19 24 -21 -22 -23 27 29 -26 -27 -28 -29 -30 -31
leaf_value=-0.011698360917248064 0.0037204200328131206 -0.00052947375571244361 -0.0039947648231803386 0.0073143139913303921 0.0028172110798467178 -0.0022814933688041911 -0.0053898092380133761 -0.0011122612222755374 0.00096269063353008493 0.0057796132435721003 0.0064847253474476681 0.0022229576485802839 -0.0014073239907106184 0.010535675036836101 -0.008131326058861469 -0.010323829068410987 0.0098171725233415687 -0.0021244834228483288 0.00054368295684190191 -0.0044959380960015094 -0.0087323813421639994 -0.0032843429063609429 0.0029418423607166593 0.014299503800194855 0.0090573059823455555 0.010541840784950234 0.0071183760051961482 -0.0025243403295869301 0.0018667780227833916 0.0093510481138988581
leaf_weight=1152.3767096996307 479.26615502685308 12099.165950223804 7937.3617282211781 661.08209599554539 3631.3574839308858 56.192495383322239 3156.3793004453182 13124.895082235336 6664.2540071383119 5339.9284157976508 649.97425819933414 3408.5022460967302 118.43591141700745 115.20716646313667 3107.4243267178535 83.665566071867943 1025.8217347711325 265.92658135294914 401.73455874621868 1551.7869410067797 50.852783799171448 503.84813821315765 411.85320290923119 1506.6090516671538 184.98872999846935 1449.8162801340222 57.037674307823181 982.07351955771446 248.77970767021179 265.70113227516413
leaf_count=3606 3499 45148 21660 2895 22626 546 8582 41264 31390 41837 3167 17319 1020 315 8846 622 9650 749 1165 4475 203 1463 1167 21325 631 16222 154 2780 722 3349
internal_value=-1.7823e-05 0.00286186 -0.0032695 0.00176236 0.00321195 0.0100305 -0.00674316 -0.00210084 0.0015359 0.00458051 0.000304877 7.54959e-05 0.00633984 -0.00443934 -0.00848157 0.0016331 0.00865539 0.00170236 -0.00128943 -0.00147002 0.00538056 -0.00745507 -0.0033936 0.0119524 0.00322795 0.0100634 -0.00516779 -0.000909288 -0.00381663 0.0135576
internal_weight=70692.3 37490.6 33201.7 32505.1 16296.6 4985.51 8358.2 24843.5 7325.34 8971.29 16208.5 15507.7 1707.19 3594.55 4763.65 562.932 1144.26 381.134 15263.4 14676.7 700.827 3611.27 9580.07 3278.32 586.723 1506.01 3213.42 1393.93 8186.14 1772.31
internal_count=318397 220818 97579 164585 98748 56233 23715 73864 34285 64463 65837 62467 14791 9800 13915 4121 10670 1064 47535 45739 3370 10309 26329 41442 1796 16768 8736 3947 22382 24674
is_linear=0
shrinkage=0.03


Tree=152
num_leaves=31
num_cat=0
split_feature=2 8 2 13 2 2 3 10 2 0 6 11 10 14 3 11 11 0 3 2 10 14 2 8 1 9 12 10 0 7
split_gain=933.493 197.598 97.9565 59.6366 33.4478 27.6568 23.0133 21.3819 20.8702 18.4849 31.2291 17.2986 16.5279 16.0509 21.48 17.4058 14.7861 25.1052 14.1615 15.0189 13.1307 12.3588 12.2829 10.7242 7.25405 6.72288 6.31109 6.07108 6.05913 4.38793
threshold=0.23206416517496112 0.16913386434316638 0.49869556725025183 0.31756132841110235 0.11326905712485315 0.32363207638263708 0.23842524737119677 0.45424275100231176 0.12849476933479312 0.043418616056442268 0.09444731101393701 0.60148230195045482 0.43398460745811468 0.32448308169841772 0.1549101918935776 0.45451965928077703 0.51652884483337413 0.14547086507081988 0.20517668873071673 0.18522340804338458 0.11543514579534532 0.25777579843997961 0.13781640678644183 0.4726464599370957 0.140864372253418 0.15094372630119327 0.19211683422327044 0.22516590356826785 0.17072525620460513 0.56393593549728405
decision_type=2 2 2 2 2 2 2 2 2 2 2 2 2 2 2 2 2 2 2 2 2 2 2 2 2 2 2 2 2 2
left_child=1 4 5 8 7 13 22 27 20 24 -11 -12 -8 14 -2 -15 17 -7 19 -6 -3 -10 -5 -18 26 -26 -4 -1 -9 -20
right_child=2 3 9 6 18 16 12 28 21 10 11 -13 -14 15 -16 -17 23 -19 29 -21 -22 -23 -24 -25 25 -27 -28 -29 -30 -31
leaf_value=-0.0068418079001073794 0.0077600469854582216 0.0036754742597255364 0.018744924710944296 -0.0063880872485153712 -0.0062164521997204944 0.0070959759376971136 -0.0058836309884055301 -0.013312959717343691 -0.0083660530222846186 -0.0063873899371316 0.0058488849722629077 0.0011359612629602198 -0.010085263552831725 0.0028742627771489613 -0.0022944225913720767 -0.0020081479453721574 -0.007329352622482071 0.0026286398091834155 -0.0057666154034144244 0.007639742154291908 -0.00485784344946881 -0.00028285406412805451 -0.0012765314932111575 0.00096290615236316627 0.0038116253950613594 0.0091020579262788472 0.0099257207144445928 -0.011872081131135439 -0.017259250875300159 -0.011265772465993813
leaf_weight=298.80439062416553 208.08490868657827 175.1646529212594 83.103424936532974 765.77412337437272 311.72520048543811 1376.9769635796547 1817.0689857564867 522.86742155998945 178.52230713143945 206.36874839663506 7759.5597294270992 770.5300627797842 1571.1873647496104 2609.5789346173406 2361.0445212721825 878.34344462305307 162.73752965778112 6367.8885647207499 167.69497229903936 90.942900601774454 2208.177168995142 3668.0746126398444 945.46976318210363 1021.092759527266 371.87997381389141 516.33201526105404 602.32803726196289 778.61758229136467 1060.1616736277938 590.19700125977397
leaf_count=2959 2034 1092 228 12878 7082 8091 20910 15277 1588 754 24334 2519 21969 15940 19662 5978 852 29941 2442 1299 21380 26353 12809 5181 1271 1652 1695 12182 26954 11091
internal_value=-9.4584e-05 -0.00598369 0.00343258 -0.003994 -0.0118832 0.0018841 -0.00639976 -0.013737 -0.00202477 0.0056833 0.00514418 0.00542316 -0.00783199 0.000319345 -0.00148007 0.00164475 0.0029456 0.0034229 -0.00763347 -0.00308702 -0.00423068 -0.000657999 -0.00356393 -0.000177005 0.00867634 0.00688704 0.010995 -0.010477 -0.0159558 -0.010049
internal_weight=40446.3 15150.5 25295.8 11329.4 3821.01 14985.7 5099.5 2660.45 6229.94 10310.1 8736.46 8530.09 3388.26 6057.05 2569.13 3487.92 8928.7 7744.87 1160.56 402.668 2383.34 3846.6 1711.24 1183.83 1573.64 888.212 685.431 1077.42 1583.03 757.892
internal_count=318397 198265 120132 118979 79286 87679 68566 57372 50413 32453 27607 26853 42879 43614 21696 21918 44065 38032 21914 8381 22472 27941 25687 6033 4846 2923 1923 15141 42231 13533
is_linear=0
shrinkage=0.03


Tree=153
num_leaves=31
num_cat=0
split_feature=0 13 3 6 3 2 13 4 3 12 13 0 2 10 10 4 7 10 12 14 9 0 13 10 8 14 14 13 0 2
split_gain=785.115 216.142 95.3911 83.7117 39.8179 31.0891 27.0419 28.3761 25.8093 25.9885 27.5029 24.4071 23.3644 22.0349 19.0077 18.3659 17.4975 25.2732 17.147 16.8565 18.0025 15.1886 14.1798 11.7416 11.5218 11.1255 10.6375 9.83208 9.7481 8.75523
threshold=0.2612146139144898 0.37403370440006262 0.452532708644867 0.18398468941450122 0.21612612158060077 0.10496879741549493 0.23886542022228244 0.32858225703239446 0.31180058419704443 0.25439821183681494 0.36408364772796636 0.35337957739830023 0.065569721162319197 0.57120269536972057 0.14801049977540973 0.55816814303398143 0.22196365892887118 0.26429086923599249 0.31102137267589575 0.22972033917903903 0.15652419626712802 0.024035328067839149 0.54227685928344738 0.51306626200675975 0.10256488993763925 0.2878649383783341 0.31036049127578741 0.16617247462272647 0.16254107654094699 0.022905168123543266
decision_type=2 2 2 2 2 2 2 2 2 2 2 2 2 2 2 2 2 2 2 2 2 2 2 2 2 2 2 2 2 2
left_child=1 3 8 21 13 16 26 -8 19 11 -11 -10 24 15 27 -3 29 -18 -14 20 -2 -1 -21 -16 -6 -23 -5 -7 -15 -4
right_child=2 4 5 6 12 14 7 -9 9 10 -12 -13 18 28 23 -17 17 -19 -20 22 -22 25 -24 -25 -26 -27 -28 -29 -30 -31
leaf_value=-0.01288689550700641 0.014171155725064728 -0.012464391478130984 0.016341891009447933 -0.0081169849942946872 -0.0040483101952010579 0.0064577998470682074 -0.0059641346095542901 -0.0010649084608520048 0.00087651280802880063 0.0023769196604205936 -0.001431754212763468 0.00840748983408896 -0.0061914315045448025 -0.016690954774023221 0.0031006349385554761 -0.0062562400513745363 0.00097744071535061684 0.0066978207522720105 -0.011648928044347369 -0.00059663665736261291 -0.0075802327199259428 -0.017519600058362828 0.011347431246951492 -0.0040814762895604335 0.0089786653473643684 -0.0059976729738431701 0.00090271025486436695 -0.0026304833671287656 -0.011241089832059079 0.0083080639562509977
leaf_weight=393.16618854925036 36.814528867602348 1001.0117148347199 130.47085493803024 121.35580990463495 136.76415343955159 2242.9022088497877 1604.4942868873477 3158.5215837396681 628.00620587915182 6753.5073554515839 2283.2763893269002 1010.5246195718646 1641.2838958464563 904.88573881983757 5885.3861109018326 750.35837810114026 899.28585213422775 3061.5812740772963 757.16373484581709 2029.0096321292222 490.7020175755024 78.462300091981888 93.581819504499435 212.25192405283451 110.4555694796145 1948.0436399430037 3883.4363441094756 112.5071419775486 438.54230278730392 1899.6480581909418
leaf_count=5470 378 13482 376 780 2959 6584 11040 30440 5291 31907 16368 5460 23393 21401 20962 12275 2993 11242 12516 13595 6417 1361 795 990 1678 20207 22600 363 9683 5391
internal_value=0.000113367 -0.0049791 0.00321768 -0.00255084 -0.00971149 0.00490651 -0.00118757 -0.00271529 0.00138707 0.00204489 0.0014146 0.00552106 -0.00700918 -0.0120216 0.00373479 -0.00980457 0.00655976 0.00539905 -0.0079143 -0.00126282 -0.00606224 -0.0074907 -7.00409e-05 0.00285063 0.00177203 -0.00644378 0.00062939 0.00602369 -0.0149119 0.00882438
internal_weight=44697.4 16927.9 27769.5 11187.5 5740.47 14444 8767.81 4763.02 13325.4 10675.3 9036.78 1638.53 2645.67 3094.8 8453.05 1751.37 5990.99 3960.87 2398.45 2650.11 527.517 2419.67 2122.59 6097.64 247.22 2026.51 4004.79 2355.41 1343.43 2030.12
internal_count=318397 189285 129112 91898 97387 48901 64860 41480 80211 59026 48275 10751 40546 56841 28899 25757 20002 14235 35909 21185 6795 27038 14390 21952 4637 21568 23380 6947 31084 5767
is_linear=0
shrinkage=0.03


Tree=154
num_leaves=31
num_cat=0
split_feature=1 11 1 7 1 4 4 4 10 6 2 3 10 1 8 7 7 12 2 11 6 11 1 8 4 2 12 11 8 4
split_gain=682.227 312.365 142.093 70.9603 38.6635 38.1742 35.796 26.124 25.4443 20.9477 20.1086 23.8825 19.898 20.4962 18.823 17.4082 16.4832 15.2313 14.0607 23.7376 12.0927 11.707 10.8699 10.634 10.0946 9.65377 8.33475 6.76002 6.14146 4.72881
threshold=0.37729601562023168 0.15082093328237536 0.17123038321733478 0.42861531674861914 0.52470549941062938 0.52892720699310314 0.13149446249008181 0.30750341713428503 0.24874240905046466 0.19040712714195254 0.068781580775976195 0.20793241262435916 0.41707226634025579 0.64821353554725658 0.13648907840251925 0.081495925784111037 0.4064596444368363 0.34817451238632208 0.044856579974293716 0.15811298042535785 0.25711232423782354 0.59329792857170116 0.71356070041656505 0.41569502651691442 0.25523191690444952 0.046481056138873107 0.36493986845016485 0.089081373065710082 0.14714860916137698 0.15624056011438373
decision_type=2 2 2 2 2 2 2 2 2 2 2 2 2 2 2 2 2 2 2 2 2 2 2 2 2 2 2 2 2 2
left_child=2 5 6 12 7 10 15 -5 17 -6 14 -12 13 -3 -2 -1 24 29 27 -20 -14 -17 25 -19 -8 -7 -18 -10 -24 -4
right_child=1 3 8 4 9 22 16 -9 18 -11 11 -13 20 -15 -16 21 26 23 19 -21 -22 -23 28 -25 -26 -27 -28 -29 -30 -31
leaf_value=-0.011375628712740388 0.002661177583059253 -0.00050921323947553446 0.0016591798717804555 0.0071862806285950447 0.0060313277483600054 -0.002363332244467341 -0.0052179583852799399 0.00091863179139545898 0.0033530187680930659 0.0031071541171342719 4.6648004429587642e-05 0.0099356889325552949 -0.0012697900920949675 0.0021280637848572221 -0.017042485783462454 -0.0078303764434433792 -0.0013431542825292765 -0.0031309243752168782 0.005370452780244144 -0.0012867451732426587 0.0076450584958941805 -0.0029567348179660034 0.014106604514779925 -0.00567398036081917 0.0053429737854044246 0.010333666623133913 0.0080497484619739008 -0.0089782869942595343 0.0091127940228535771 -0.0017613145049024262
leaf_weight=1150.1128447204828 309.02878455817699 12103.822821512818 445.54209160804749 657.67105048894882 4017.2538208588958 56.010582879185677 3442.6319985687733 6653.7290652990341 46.439435482025146 4886.9715221896768 277.75048042833805 1053.3089273124933 187.24259677529335 3396.4166017472744 50.80959452688694 3164.7278844714165 297.17403700947762 4976.365923345089 499.14248457551003 14081.139942124486 509.76670311391354 515.90101799368858 1470.5777167975903 2106.2358723282814 83.430562078952789 1425.9008396267891 119.0970407128334 289.00696082413197 260.97419530898333 1981.7806079387665
leaf_count=3619 2360 45148 1218 2895 31012 546 9359 31390 158 33451 2143 9950 876 17319 338 9027 832 13560 1879 43632 2494 1498 21325 5738 225 16222 332 827 3349 5675
internal_value=-1.94464e-05 0.00276378 -0.00314795 0.00169612 0.00309902 0.00981988 -0.00642282 0.00148242 -0.0019717 0.00442643 0.00617114 0.00787216 0.000291642 6.86676e-05 -0.000121002 -0.00815395 -0.00430156 -0.00318432 -0.00119855 -0.00105884 0.0052502 -0.00714725 0.0117398 -0.00388718 -0.00496807 0.00985377 0.0013442 -0.00727113 0.013354 -0.00113347
internal_weight=70516 37317.2 33198.7 32412.9 16215.6 4904.36 8773.08 7311.4 24425.7 8904.23 1690.9 1331.06 16197.2 15500.2 359.838 4830.74 3942.33 9509.92 14915.7 14580.3 697.009 3680.63 3213.46 7082.6 3526.06 1481.91 416.271 335.446 1731.55 2427.32
internal_count=318397 220818 97579 164585 98748 56233 24892 34285 72687 64463 14791 12093 65837 62467 2698 14144 10748 26191 46496 45511 3370 10525 41442 19298 9584 16768 1164 985 24674 6893
is_linear=0
shrinkage=0.03


Tree=155
num_leaves=31
num_cat=0
split_feature=5 14 5 5 5 13 0 14 14 11 11 1 0 0 6 9 13 8 11 3 3 1 6 12 0 11 13 11 14 7
split_gain=789.771 198.187 97.8852 51.9046 44.0921 31.7016 22.9308 53.4562 36.076 21.717 21.4885 27.3455 19.2035 18.6029 28.0206 17.5831 17.0476 15.7909 15.4205 13.7275 12.1484 12.0555 11.8005 9.97289 7.25766 7.00752 6.89272 7.21123 5.83702 3.6264
threshold=0.30525773763656622 0.25896395742893225 0.4686503559350968 0.21277150511741641 0.13420768827199939 0.21678765118122104 0.19153739511966708 0.33502987027168279 0.39264908432960516 0.15811298042535785 0.53882578015327465 0.099580615758895888 0.27112793922424322 0.10367546975612642 0.14231122285127643 0.39547674357891088 0.10709739103913309 0.67449602484703075 0.40676784515380865 0.23842524737119677 0.16948604583740237 0.73335215449333202 0.09444731101393701 0.48387707769870764 0.02201743703335524 0.35317710041999822 0.23014489561319354 0.40676784515380865 0.59191191196441661 0.56677591800689708
decision_type=2 2 2 2 2 2 2 2 2 2 2 2 2 2 2 2 2 2 2 2 2 2 2 2 2 2 2 2 2 2
left_child=1 3 6 9 26 23 8 16 15 20 13 24 -7 22 -15 -2 -8 -13 -9 21 -1 -5 -4 -6 -12 -21 -3 -28 -10 -11
right_child=2 4 10 19 5 12 7 18 28 29 11 17 -14 14 -16 -17 -18 -19 -20 25 -22 -23 -24 -25 -26 -27 27 -29 -30 -31
leaf_value=-0.0082168355953383208 0.0047822865060287321 -0.0049023064447046563 0.0019780202630380675 -0.00099623154573460094 -0.0009632086577022192 -0.0014392052485555178 0.010179634115377841 0.0035755698335793278 -0.0011242540102949618 -0.0091705583311462065 0.014452563207907963 0.00052751754585222401 -0.0047920544593289278 -0.0056611658030881386 0.0053467340096838992 0.019252973628924693 -0.0030307107625973497 0.0050175558604041715 0.00018991390044236422 -0.0086636645797861147 -0.015907825892807089 -0.0099706830887374386 0.0086275847147568967 0.0029025052875719698 0.0069818867717444102 0.013795458100662317 -0.0099427402180923673 -0.0014561347574638599 0.013189301629340089 -0.012313728115077881
leaf_weight=211.84222890809178 2550.7768086865544 527.44812643900514 266.92725823074579 576.78135291859508 1415.9219032749534 2707.6928426362574 90.488997682929039 3190.4753379039466 1309.3929390758276 1172.6892417147756 149.19572442770004 2130.7692218348384 3557.2348294556141 215.68194460868835 5934.9212862104177 77.879039127379656 3094.1744583025575 1053.4590574279428 1951.2221710532904 1043.5942520089447 1450.1909894794226 175.76563320308924 2397.9335349500179 1043.1051944345236 542.95452362298965 12.654816024005411 929.45112555846572 99.786833360791206 26.153349556028843 459.91971303150058
leaf_count=5823 18513 4847 953 9503 8942 32788 308 16044 10038 14799 446 9233 33419 955 20707 519 22617 3432 9119 13921 37494 4688 7982 5751 1519 123 14056 1508 197 8153
internal_value=-9.15597e-05 -0.00543896 0.00320135 -0.0102718 -0.00303988 -0.00220996 0.00129308 0.000398965 0.00317108 -0.0125135 0.00504928 0.00318775 -0.00334296 0.00586785 0.00496072 0.00521101 -0.00265535 0.00201299 0.00229075 -0.00618858 -0.0149275 -0.00309231 0.00796153 0.000676605 0.00859222 -0.00839458 -0.00769089 -0.00911995 -0.000843959 -0.010056
internal_weight=40366.5 15384.1 24982.4 5103.44 10280.6 8723.95 12290.6 8326.36 3964.2 3294.64 12691.8 3876.38 6264.93 8815.46 6150.6 2628.66 3184.66 3184.23 5141.7 1808.8 1662.03 752.547 2664.86 2459.03 692.15 1056.25 1556.69 1029.24 1335.55 1632.61
internal_count=318397 195815 122582 94504 101311 80900 77355 48088 29267 66269 45227 14630 66207 30597 21662 19032 22925 12665 25163 28235 43317 14191 8935 14693 1965 14044 20411 15564 10235 22952
is_linear=0
shrinkage=0.03


Tree=156
num_leaves=31
num_cat=0
split_feature=3 10 0 0 0 2 0 7 10 10 5 9 7 5 14 12 5 10 5 12 5 6 4 12 14 12 9 0 7 10
split_gain=743.199 135.789 96.3231 75.7509 73.2753 31.2832 30.8657 28.0569 27.0369 23.2522 36.3513 22.8495 17.9427 17.6887 34.4301 16.1525 15.1902 14.7241 14.6836 14.3863 13.627 13.3266 12.7901 13.8051 12.6069 18.4324 11.5376 11.1984 9.1704 7.80916
threshold=0.30217452347278601 0.40747708082199102 0.48958033323287969 0.19859292358160022 0.05801773443818093 0.07485139369964601 0.29891385138034826 0.54509624838829052 0.48916459083557134 0.22283513098955157 0.39333845674991613 0.16735164821147921 0.58498448133468639 0.26192486286163336 0.30501814186573034 0.36990922689437872 0.27596507966518408 0.14801049977540973 0.089737396687269225 0.25709941983222967 0.10487848892807962 0.49201402068138128 0.06815050914883615 0.30887606739997869 0.079095378518104567 0.32205547392368322 0.46248525381088262 0.23742894083261493 0.18589399009943011 0.65307649970054638
decision_type=2 2 2 2 2 2 2 2 2 2 2 2 2 2 2 2 2 2 2 2 2 2 2 2 2 2 2 2 2 2
left_child=1 4 6 8 17 24 7 21 16 26 -11 12 -5 19 -15 -13 -3 28 -10 -8 -19 -2 -7 -24 29 -26 -6 -9 -1 -4
right_child=2 3 5 11 9 22 13 27 18 10 -12 15 -14 14 -16 -17 -18 20 -20 -21 -22 -23 23 -25 25 -27 -28 -29 -30 -31
leaf_value=-0.0032475886802494883 -0.00018142424920697243 -0.0041554570555905482 -0.014365548241840987 -0.011304476656858936 0.00092676849340534047 0.010610342428496769 0.0065168018846412119 -0.011672114002651071 0.0031559907653036889 -0.00019608235470096281 -0.0051373042255595846 -0.0044915352310844672 0.0059343590796505259 -0.0029988129076792855 0.0024185880183764754 -0.011565697420067515 -0.010987928088107168 -0.00086431095179842824 -0.013671445550390742 0.002809946674259938 -0.0099427477165136505 0.005408623652623866 0.0073793126785253347 0.0034899613998294753 0.013605465709661891 0.0069860517735296293 -0.0072359346510088044 -0.0033556542112958081 0.015988313805896968 0.0040670869232630399
leaf_weight=233.10647029429674 3604.2025764584541 556.91321355476975 36.298388071358204 67.398950926959515 2732.705325089395 266.53491353988647 1193.4673388078809 230.10225233435631 47.642023153603077 2475.9112063720822 2920.5918673425913 1652.0226672664285 280.43748323246837 1334.0632914975286 5062.7515317127109 352.46746740490198 617.6366005949676 164.26743248477578 2288.0037413872778 4477.0441286303103 1580.9341293536127 429.56826279312372 926.67806428670883 7226.2290055304766 438.07373531162739 2788.9682782739401 165.26898508518934 397.37391550466418 24.665325850248337 48.093188159167767
leaf_count=2002 24266 8363 145 742 15926 731 7488 3941 918 22917 21464 21362 3632 7705 21638 6043 7600 2226 50251 24326 19783 2351 3441 22853 1521 8403 889 5034 231 205
internal_value=0.000113284 -0.00502484 0.00303084 -0.00866949 -0.00294988 0.00511503 0.0015693 -0.000504102 -0.0114611 -0.00170628 -0.00287028 -0.00450377 0.00259406 0.0023702 0.00128878 -0.00573545 -0.00774831 -0.0080997 -0.0133282 0.00359013 -0.00908824 0.000413877 0.00414345 0.00393203 0.0075853 0.00788464 0.000461257 -0.00640539 -0.00140697 -0.00386113
internal_weight=44619.4 16160 28459.4 5862.52 10297.5 11730.9 16728.6 4661.25 3510.2 8294.48 5396.5 2352.33 347.836 12067.3 6396.81 2004.49 1174.55 2002.97 2335.65 5670.51 1745.2 4033.77 8419.44 8152.91 3311.43 3227.04 2897.97 627.476 257.772 84.3916
internal_count=318397 184349 134048 98911 85438 37299 96749 35592 67132 61196 44381 31779 4374 61157 29343 27405 15963 24242 51169 31814 22009 26617 27025 26294 10274 9924 16815 8975 2233 350
is_linear=0
shrinkage=0.03


Tree=157
num_leaves=31
num_cat=0
split_feature=1 11 1 13 7 13 0 5 11 6 1 3 7 2 12 10 12 4 10 11 7 13 13 8 5 11 7 2 2 13
split_gain=635.407 227.878 212.933 60.3476 51.1756 48.9413 39.3437 26.734 40.5736 31.3032 23.5445 21.2462 20.4861 19.5535 17.2601 16.3447 14.8499 14.9717 14.8049 13.5419 12.6097 12.6024 12.5872 11.356 11.9353 9.8341 9.19838 9.04082 6.7553 3.76935
threshold=0.48969838023185736 0.1443375572562218 0.20406513661146167 0.34069748222827917 0.15911624580621722 0.27186726033687597 0.091393515467643752 0.18690972030162814 0.16178027540445331 0.28457415103912359 0.71106937527656566 0.37745137512683874 0.081495925784111037 0.28440903127193456 0.30436871945858007 0.36912408471107488 0.29406119883060461 0.53893908858299266 0.50247400999069225 0.22553203254938128 0.23849732428789142 0.4127486795186997 0.53873398900032055 0.14714860916137698 0.29988379776477819 0.59329792857170116 0.13387975096702578 0.049422571435570724 0.029677699320018295 0.67640408873558056
decision_type=2 2 2 2 2 2 2 2 2 2 2 2 2 2 2 2 2 2 2 2 2 2 2 2 2 2 2 2 2 2
left_child=2 10 4 6 12 14 20 8 -7 -9 16 13 -1 -5 26 -16 17 -2 21 -8 -3 -6 -13 28 -25 -14 -4 -18 -12 -20
right_child=1 3 5 11 18 7 19 9 -10 -11 23 22 25 -15 15 -17 27 -19 29 -21 -22 -23 -24 24 -26 -27 -28 -29 -30 -31
leaf_value=-0.011041564312765286 0.0011559347525297613 -0.0023045710500168137 -0.0069327966365243495 0.0053603378537751172 -0.0036216173839198006 0.0039748915780246979 0.0040601932924124208 -0.00058618823532338845 -0.0037878033491178806 0.0019486386200646155 -0.01511739525543754 0.0013016974090460374 -0.0071625352100082341 0.0012630001872561544 -0.0028698807169764084 0.014482679044391388 -0.0016449362090152808 0.0083462635368109165 0.00046431012934506917 -0.00077088745633972745 0.0042050029603300006 -0.010388890501038415 -0.0094186747541183252 0.0090362813327330704 -0.014590358752603732 -0.003250945108258001 0.00091964590995084858 0.011257646048668751 0.01395214645943104 0.0073800464400106238
leaf_weight=1168.4197894334793 394.81705675274134 293.57896015048027 145.46473994851112 7406.4369402751327 5502.4429204761982 753.76620656251907 571.33785271644592 10319.653654240072 3090.8124902397394 7623.9177339971066 7.2276935353875151 820.56930740177631 4076.9716989696026 1221.0661378204823 10855.927495732903 49.073896855115891 51.113226540386677 766.80032427608967 238.65716034173965 6071.0696801543236 3052.3437670096755 259.34119266271591 112.02957279235125 264.85006364434958 20.750637426972389 674.09976476430893 1742.9072626084089 1116.7370368465781 1574.8053904771805 100.92638877034187
leaf_count=3689 3229 1144 415 54671 14949 3426 3031 39685 10403 27314 62 4361 11471 6691 31075 170 432 8692 691 26345 18100 709 607 3468 213 1918 5374 12499 23262 301
internal_value=-2.08005e-05 0.00397344 -0.00205601 0.00261168 -0.00549549 -0.000860412 0.000980962 4.39459e-06 -0.00226585 0.000490817 0.010316 0.00431545 -0.00748275 0.00478043 -0.00233325 -0.00279179 0.00830407 0.00590237 -0.00356746 -0.000355348 0.00363384 -0.00392622 1.38997e-05 0.0128254 0.00731966 -0.00660754 0.000314758 0.0106929 0.0138193 0.00251971
internal_weight=70347.9 23745.5 46602.4 19548.4 12020.9 34581.5 9988.33 21788.2 3844.58 17943.6 4197.1 9560.1 5919.49 8627.5 12793.4 10905 2329.47 1161.62 6101.37 6642.41 3345.92 5761.78 932.599 1867.63 285.601 4751.07 1888.37 1167.85 1582.03 339.584
internal_count=318397 166807 151590 114950 33728 117862 48620 80828 13829 66999 51857 66330 17078 61362 37034 31245 24852 11921 16650 29376 19244 15658 4968 27005 3681 13389 5789 12931 23324 992
is_linear=0
shrinkage=0.03


Tree=158
num_leaves=31
num_cat=0
split_feature=2 8 2 13 2 14 3 3 2 11 0 11 12 2 9 8 8 9 0 6 2 8 3 11 3 3 7 12 3 5
split_gain=845.577 157.701 131.55 41.5791 41.3813 25.2467 31.3952 20.6325 20.4856 20.2921 31.3263 19.375 15.6185 14.1836 13.9369 13.6249 12.7676 12.5071 11.6203 20.8367 10.7827 10.024 9.44905 8.42894 8.34229 8.02103 7.51017 7.14462 5.05187 4.13362
threshold=0.1931671276688576 0.16913386434316638 0.32363207638263708 0.32031935453414923 0.62018039822578441 0.31785134971141821 0.17242375016212466 0.23842524737119677 0.11326905712485315 0.4875528365373612 0.17072525620460513 0.1443375572562218 0.32771125435829168 0.072840027511119856 0.25664353370666509 0.37158450484275823 0.28383122384548193 0.47822760045528417 0.039447518065571792 0.09444731101393701 0.099084939807653441 0.059437034651637084 0.086191076785326018 0.65524256229400646 0.16948604583740237 0.48279079794883734 0.49289482831954962 0.22816541045904162 0.1840901002287865 0.12269441410899164
decision_type=2 2 2 2 2 2 2 2 2 2 2 2 2 2 2 2 2 2 2 2 2 2 2 2 2 2 2 2 2 2
left_child=1 8 5 13 9 6 16 20 11 10 -4 28 23 29 -9 -14 -2 -15 22 -20 -5 -10 -6 -7 -23 -8 -13 -11 -1 -3
right_child=2 3 4 7 18 12 25 14 21 27 -12 26 15 17 -16 -17 -18 -19 19 -21 -22 24 -24 -25 -26 -27 -28 -29 -30 -31
leaf_value=-0.012203134778233168 0.0028855398260218628 -0.008807145255957053 0.0061977673558130464 -0.0078166084576925133 0.0078741445192192193 -0.0006135967024602473 -0.0036404495195049031 -0.01181638468804324 0.030922409174898361 0.0037749085420369509 0.0026891861600703794 -0.0090073088741563379 0.00086838008411003109 -0.003051034632573313 -0.0069665939990210717 0.0049859774823830466 0.015823251330310834 0.00063364517332544878 -0.0050538949983439403 0.0059174226955650876 -0.0019270455112696218 -0.0028485856414808427 0.016082721899743035 -0.014528086122976408 -0.0099434289330882566 0.0015490029856767447 -0.013724112256624045 -1.1725085778361739e-05 -0.016969942783630322 -0.004207582710605509
leaf_weight=247.57675061747432 331.78636841475964 372.6320167966187 3332.4696654677391 413.98088085651398 1029.0525022149086 2131.0679818019271 2952.3540448360145 791.1134309656918 5.8228058703243724 576.40637895464897 7323.2810697257519 779.95121704041958 1871.4137417525053 3010.2108233496547 1636.3597585558891 1178.8330020532012 86.559094972908497 1144.2319168634713 161.10315231978893 4728.4301439076662 862.99096686765552 185.2882949411869 143.85361969470978 39.915380448102951 764.89312798157334 294.8274252191186 497.65117291361094 2020.1650585234165 1043.3629909250885 332.99055330827832
leaf_count=7803 3749 4219 16231 7092 2994 17887 28381 11692 145 3015 31242 9715 10663 26623 21138 6321 866 7378 516 13505 13480 4219 412 324 15078 1747 10257 8603 29597 3505
internal_value=-8.91372e-05 -0.00672712 0.00275635 -0.00452904 0.00414616 -0.000264321 -0.00217272 -0.00692328 -0.0120684 0.00320696 0.00378646 -0.0134637 0.00107546 -0.00270411 -0.00854714 0.00245971 0.00556246 -0.00203619 0.00619922 0.00555593 -0.00383638 -0.00831943 0.0088809 -0.000869426 -0.00855991 -0.00316927 -0.0108446 0.00082886 -0.0160558 -0.00663656
internal_weight=40290.6 12089.1 28201.5 8564.51 19314.8 8886.76 3665.53 3704.45 3524.55 13252.3 10655.8 2568.54 5221.23 4860.07 2427.47 3050.25 418.345 4154.44 6062.44 4889.53 1276.97 956.004 1172.91 2170.98 950.181 3247.18 1277.6 2596.57 1290.94 705.623
internal_count=318397 171941 146456 95127 76518 69938 34743 53402 76814 59091 47473 57372 35195 41725 32830 16984 4615 34001 17427 14021 20572 19442 3406 18211 19297 30128 19972 11618 37400 7724
is_linear=0
shrinkage=0.03


Tree=159
num_leaves=31
num_cat=0
split_feature=0 13 3 6 3 2 13 4 2 3 12 13 0 10 4 10 12 7 10 14 6 13 0 14 14 8 14 0 13 2
split_gain=704.517 200.786 82.0541 78.2265 39.1141 28.3332 24.5084 27.5876 23.7169 22.391 24.6396 25.022 22.2208 21.4678 18.4717 17.2496 16.7459 16.1362 24.0594 15.2478 15.6997 15.5084 14.8292 11.2093 10.8967 10.7285 10.2402 9.92914 9.2724 8.415
threshold=0.2612146139144898 0.37403370440006262 0.452532708644867 0.18398468941450122 0.21612612158060077 0.10496879741549493 0.23886542022228244 0.32858225703239446 0.065569721162319197 0.31180058419704443 0.25439821183681494 0.36408364772796636 0.35337957739830023 0.57120269536972057 0.55816814303398143 0.14801049977540973 0.31102137267589575 0.22196365892887118 0.26429086923599249 0.21791826933622363 0.20724123716354373 0.5463436245918275 0.024035328067839149 0.19969259947538379 0.2878649383783341 0.10256488993763925 0.31036049127578741 0.16254107654094699 0.16617247462272647 0.022905168123543266
decision_type=2 2 2 2 2 2 2 2 2 2 2 2 2 2 2 2 2 2 2 2 2 2 2 2 2 2 2 2 2 2
left_child=1 3 9 22 13 17 26 -8 25 19 12 -12 -11 14 -3 28 -10 29 -19 20 -2 -21 -1 -17 -24 -6 -5 -15 -7 -4
right_child=2 4 5 6 8 15 7 -9 16 10 11 -13 -14 27 -16 23 -18 18 -20 21 -22 -23 24 -25 -26 -27 -28 -29 -30 -31
leaf_value=-0.012648706083360387 0.0010343626447885986 -0.012224869605254282 0.015734621194942591 -0.0079961345520217098 -0.0034995944047789235 0.006078611980087259 -0.0057925120103518284 -0.00094327325101167011 -0.0059028538650964333 0.00088102477143431346 0.0022472825070122609 -0.0013869365551811878 0.0080548674303678128 -0.016488505621146687 -0.0059296408778877954 -0.0050071657915378102 -0.011363030370895777 0.00075394760058464792 0.0063257796661534268 -0.00069313421960297673 -0.010554396282144446 0.010789081898829314 -0.017367435111044754 0.0028564110549250564 -0.0057680211691964788 0.0091835816717047922 0.0008824885983104581 -0.010883139976666107 -0.00273915364604375 0.0078447932797018859
leaf_weight=383.45779593288898 168.92698920145631 977.35817945748568 129.98601616919041 120.53918423131108 132.54782681539655 2251.019591152668 1590.5311441421509 3141.0228463113308 1612.0605321973562 627.80918070673943 6777.4412085227668 2278.2245795540512 1019.8573538661003 866.14193252846599 734.93809912726283 167.74329622089863 736.4631127640605 901.81147711724043 3078.3060141131282 2075.6774443760514 278.93639907240868 111.55605670437217 75.762032810598612 5954.544421620667 1922.3059180788696 109.70284129679203 3885.5383043140173 423.46047933399677 112.70279479026794 1900.2882999926805
leaf_count=5470 2197 13482 376 780 2959 6584 11040 30440 23393 5291 31907 16368 5460 21401 12275 800 12516 2993 11242 14090 3959 939 1361 21152 20207 1678 22600 9683 363 5391
internal_value=0.000111826 -0.00475719 0.00303515 -0.00242508 -0.00939382 0.00459758 -0.00111139 -0.00257336 -0.00669321 0.00133708 0.00194696 0.00133299 0.00532142 -0.0117246 -0.00952288 0.00348139 -0.00761509 0.00617352 0.00506332 -0.00114015 -0.0061833 -0.000107504 -0.00724491 0.00264096 -0.00620784 0.00224396 0.000615339 -0.0146479 0.00565818 0.00834993
internal_weight=44546.7 16711.8 27834.8 11119.2 5592.67 14496.4 8737.63 4731.55 2590.77 13338.4 10703.3 9055.67 1647.67 3001.9 1712.3 8486.01 2348.52 6010.39 3980.12 2635.1 447.863 2187.23 2381.53 6122.29 1998.07 242.251 4006.08 1289.6 2363.72 2030.27
internal_count=318397 189285 129112 91898 97387 48901 64860 41480 40546 80211 59026 48275 10751 56841 25757 28899 35909 20002 14235 21185 6156 15029 27038 21952 21568 4637 23380 31084 6947 5767
is_linear=0
shrinkage=0.03


Tree=160
num_leaves=31
num_cat=0
split_feature=1 11 1 13 1 1 4 4 4 12 13 3 2 3 7 11 7 12 3 13 13 9 0 1 11 2 2 4 10 5
split_gain=593.478 281.338 127.439 64.0203 39.423 36.7113 39.3209 35.9168 33.6795 26.5074 24.1667 19.5242 19.077 23.0106 16.3595 16.2761 16.0023 13.7399 15.906 13.4891 11.7583 11.4596 10.9169 10.4648 10.4616 9.45113 9.23968 9.06457 7.97916 5.26509
threshold=0.37729601562023168 0.15082093328237536 0.16653923690319064 0.34220901131629949 0.82490086555480968 0.48969838023185736 0.33423279225826269 0.52892720699310314 0.13149446249008181 0.27252463996410375 0.24537940323352816 0.37745137512683874 0.068781580775976195 0.20793241262435916 0.4064596444368363 0.11728821694850923 0.081495925784111037 0.4622491747140885 0.55921819806098949 0.39426635205745703 0.32466299831867224 0.29238234460353857 0.079610578715801253 0.71356070041656505 0.59329792857170116 0.046481056138873107 0.069798529148101821 0.25981575250625616 0.27942350506782537 0.049376217648386962
decision_type=2 2 2 2 2 2 2 2 2 2 2 2 2 2 2 2 2 2 2 2 2 2 2 2 2 2 2 2 2 2
left_child=2 7 8 4 9 6 -5 12 16 -3 21 -7 15 -14 27 -2 -1 18 -12 -16 -6 22 -4 25 -18 -9 -19 -10 -23 -25
right_child=1 3 10 5 20 11 -8 23 14 -11 17 -13 13 -15 19 -17 24 26 -20 -21 -22 28 -24 29 -26 -27 -28 -29 -30 -31
leaf_value=-0.010931716563182987 0.003437755117930832 0.0025978520418480436 -0.0035814363132899009 0.0048460188104847233 0.0062640542503912692 0.0046226072980290953 -0.00019946106262785788 -0.0027238715870798896 -0.004876752299591041 -0.00076556983836496221 -0.00094747771608266035 -1.2675840536139637e-05 -0.00017391324709430388 0.0095941063736803295 0.01049265260096283 -0.011282604031401071 -0.0074924087299939766 -0.0014894208005234691 -0.0041694445030984895 -0.0017998093536034194 -0.0013733193739161539 -0.0036317267652076859 0.0013985398805429648 -0.01360482206158501 -0.0028164086464394322 0.0099313934457007785 0.006403087311692081 0.00719258717572003 0.0024540832401711817 0.013052541797301389
leaf_weight=1131.3256404548883 266.45599738508463 2543.9958762302995 689.692980915308 1954.4123672395945 1178.2896466180682 8312.9015010148287 4815.0005027204752 55.234289579093456 3146.2979384362698 12329.067675679922 13007.731887966394 907.06623485684395 275.18266558647156 1027.4245753437281 115.11116284132004 90.582791216671467 3080.9949527382851 213.02350625395775 1542.5230174064636 266.00287753343582 214.4441842213273 7944.103994756937 930.90951082110405 6.6953804418444625 500.58313629031181 1381.5437762960792 357.5862972587347 57.019405663013458 198.74407216906548 1647.6011506617069
leaf_count=3606 2160 11988 1959 8388 7866 59096 21651 546 8582 49102 40859 4811 2143 9950 315 538 8846 631 4438 749 1683 21654 2635 52 1463 16222 1120 154 568 24622
internal_value=-2.15106e-05 0.00259069 -0.00293477 0.00158682 0.000261686 0.00293485 0.00125723 0.00940654 -0.00615448 -0.000190266 -0.00186121 0.00416659 0.00584665 0.00753056 -0.00396284 -0.000296885 -0.00782135 -0.00110996 -0.00128905 0.00191299 0.0050881 -0.00302467 -0.000720829 0.0113179 -0.00683886 0.00944489 0.00345661 -0.00466192 -0.00348319 0.0129447
internal_weight=70187.5 37005.9 33181.7 32255.2 16265.8 15989.4 6769.41 4750.72 8297.34 14873.1 24884.3 9219.97 1659.65 1302.61 3584.43 357.039 4712.9 15120.9 14550.3 381.114 1392.73 9763.45 1620.6 3091.07 3581.58 1436.78 570.61 3203.32 8142.85 1654.3
internal_count=318397 220818 97579 164585 70639 93946 30039 56233 23715 61090 73864 63907 14791 12093 9800 2698 13915 47048 45297 1064 9549 26816 4594 41442 10309 16768 1751 8736 22222 24674
is_linear=0
shrinkage=0.03


Tree=161
num_leaves=31
num_cat=0
split_feature=2 14 2 2 0 13 2 3 14 3 7 14 11 2 6 9 9 3 7 9 11 2 3 6 9 6 2 4 3 6
split_gain=803.562 142.454 122.736 50.181 38.5674 35.8037 27.0597 25.2532 23.8492 30.5929 23.0918 19.8936 18.894 21.366 17.8808 17.5129 14.7816 15.1315 14.4623 13.7462 12.638 12.5188 10.5782 10.028 8.78604 8.68641 8.01862 7.66929 7.63749 4.38797
threshold=0.1931671276688576 0.26015491783618933 0.32363207638263708 0.10496879741549493 0.14007807523012164 0.37062816321849829 0.072840027511119856 0.20517668873071673 0.31785134971141821 0.17242375016212466 0.47824138402938848 0.30297021567821508 0.53882578015327465 0.85213345289230358 0.11754415184259416 0.47822760045528417 0.33574232459068304 0.27552367746829992 0.081495925784111037 0.18109746277332309 0.10889961570501329 0.1552279740571976 0.23563190549612048 0.26739411056041723 0.22547780722379687 0.17529099434614184 0.03484741039574147 0.47840321063995367 0.48279079794883734 0.16735269874334338
decision_type=2 2 2 2 2 2 2 2 2 2 2 2 2 2 2 2 2 2 2 2 2 2 2 2 2 2 2 2 2 2
left_child=1 3 8 20 12 6 26 10 9 25 -5 19 14 -14 -4 -8 23 -18 -13 -6 -1 22 -7 -10 -9 -2 -3 -23 -11 -22
right_child=2 5 4 7 11 21 15 24 16 28 -12 18 13 -15 -16 -17 17 -19 -20 -21 29 27 -24 -25 -26 -27 -28 -29 -30 -31
leaf_value=-0.016843386127572326 0.0027111065621999923 -0.012048388809057481 0.0024247338080224559 0.036423501430914267 0.0061798460789659199 -0.0062751604790296 -0.0030050725227304441 -0.01362187408257734 0.0010056853349052815 -0.003553168221124111 -0.003240241161613202 0.0082104316100030574 0.0025424952751980194 0.0088878886815986421 0.0073932559595175423 0.0013552282968877288 0.011222565685914303 0.0020449288628594502 0.0030885473361930084 -0.0014496348206177593 -0.0053578583988018649 -0.0067513098494896536 -0.012281971060690976 -0.0027740409985650819 -0.0084180270478547686 0.012157339039027503 -0.0058600366934939401 0.00073502600917774337 0.0015088176866271373 -0.012666635531911887
leaf_weight=921.31268244795501 294.06344295293093 234.05272352695465 764.13817346096039 13.532326374202965 252.38302298635244 439.50862327218056 3698.2538185156882 381.97209657914937 1547.2824070863426 2939.4361543469131 555.09501800499856 525.55384692549706 2570.4556033089757 586.56384998559952 4437.8397254496813 1068.562461823225 173.17935384809971 2435.5200740695 8870.3124759346247 1346.2180864885449 78.9962925221771 394.4942094348371 660.19800486788154 1067.6487117260695 1239.7202454060316 124.79274862259626 967.16105543076992 179.05644941329956 295.19720087200403 1152.581231765449
leaf_count=27820 3264 3233 3186 173 1517 7975 35917 6937 13605 28381 12251 1499 9854 1688 16755 6781 1192 12712 34897 7122 2138 5044 10032 7686 19696 1351 11521 2574 1747 19849
internal_value=-8.63287e-05 -0.00659491 0.00267671 -0.0109333 0.0040164 -0.00412904 -0.0030417 -0.00773628 -0.000244017 -0.00210334 -0.00229631 0.00284867 0.00555229 0.00372145 0.00666341 -0.00202764 0.00105642 0.00265419 0.00337504 -0.000245112 -0.0141859 -0.00800729 -0.00988129 -0.000537537 -0.00964374 0.00552549 -0.00706582 -0.00441415 -0.0030912 -0.0121978
internal_weight=40215.1 11984.5 28230.6 4343.21 19353.5 7641.29 5968.03 2190.32 8877.12 3653.49 568.627 10994.5 8359 3157.02 5201.98 4766.82 5223.63 2608.7 9395.87 1598.6 2152.89 1673.26 1099.71 2614.93 1621.69 418.856 1201.21 573.551 3234.63 1231.58
internal_count=318397 171941 146456 88864 76518 83077 57452 39057 69938 34743 12424 45035 31483 11542 19941 42698 35195 13904 36396 8639 49807 25625 18007 21291 26633 4615 14754 7618 30128 21987
is_linear=0
shrinkage=0.03


end of trees

feature_importances:
Column_2=670
Column_0=518
Column_1=506
Column_11=434
Column_13=418
Column_7=394
Column_12=291
Column_10=281
Column_3=279
Column_14=247
Column_5=230
Column_8=209
Column_4=152
Column_6=139
Column_9=90

parameters:
[boosting: gbdt]
[objective: multiclass]
[metric: multi_logloss]
[tree_learner: serial]
[device_type: cpu]
[data_sample_strategy: bagging]
[data: ]
[valid: ]
[num_iterations: 300]
[learning_rate: 0.03]
[num_leaves: 31]
[num_threads: 4]
[seed: 0]
[deterministic: 0]
[force_col_wise: 0]
[force_row_wise: 0]
[histogram_pool_size: -1]
[max_depth: 5]
[min_data_in_leaf: 100]
[min_sum_hessian_in_leaf: 0.001]
[bagging_fraction: 0.9]
[pos_bagging_fraction: 1]
[neg_bagging_fraction: 1]
[bagging_freq: 5]
[bagging_seed: 3]
[bagging_by_query: 0]
[feature_fraction: 0.9]
[feature_fraction_bynode: 1]
[feature_fraction_seed: 2]
[extra_trees: 0]
[extra_seed: 6]
[early_stopping_round: 0]
[early_stopping_min_delta: 0]
[first_metric_only: 0]
[max_delta_step: 0]
[lambda_l1: 0]
[lambda_l2: 0]
[linear_lambda: 0]
[min_gain_to_split: 0]
[drop_rate: 0.1]
[max_drop: 50]
[skip_drop: 0.5]
[xgboost_dart_mode: 0]
[uniform_drop: 0]
[drop_seed: 4]
[top_rate: 0.2]
[other_rate: 0.1]
[min_data_per_group: 100]
[max_cat_threshold: 32]
[cat_l2: 10]
[cat_smooth: 10]
[max_cat_to_onehot: 4]
[top_k: 20]
[monotone_constraints: ]
[monotone_constraints_method: basic]
[monotone_penalty: 0]
[feature_contri: ]
[forcedsplits_filename: ]
[refit_decay_rate: 0.9]
[cegb_tradeoff: 1]
[cegb_penalty_split: 0]
[cegb_penalty_feature_lazy: ]
[cegb_penalty_feature_coupled: ]
[path_smooth: 0]
[interaction_constraints: ]
[verbosity: -1]
[saved_feature_importance_type: 0]
[use_quantized_grad: 0]
[num_grad_quant_bins: 4]
[quant_train_renew_leaf: 0]
[stochastic_rounding: 1]
[linear_tree: 0]
[max_bin: 255]
[max_bin_by_feature: ]
[min_data_in_bin: 3]
[bin_construct_sample_cnt: 200000]
[data_random_seed: 1]
[is_enable_sparse: 1]
[enable_bundle: 1]
[use_missing: 1]
[zero_as_missing: 0]
[feature_pre_filter: 1]
[pre_partition: 0]
[two_round: 0]
[header: 0]
[label_column: ]
[weight_column: ]
[group_column: ]
[ignore_column: ]
[categorical_feature: ]
[forcedbins_filename: ]
[precise_float_parser: 0]
[parser_config_file: ]
[objective_seed: 5]
[num_class: 3]
[is_unbalance: 0]
[scale_pos_weight: 1]
[sigmoid: 1]
[boost_from_average: 1]
[reg_sqrt: 0]
[alpha: 0.9]
[fair_c: 1]
[poisson_max_delta_step: 0.7]
[tweedie_variance_power: 1.5]
[lambdarank_truncation_level: 30]
[lambdarank_norm: 1]
[label_gain: ]
[lambdarank_position_bias_regularization: 0]
[eval_at: ]
[multi_error_top_k: 1]
[auc_mu_weights: ]
[num_machines: 1]
[local_listen_port: 12400]
[time_out: 120]
[machine_list_filename: ]
[machines: ]
[gpu_platform_id: -1]
[gpu_device_id: -1]
[gpu_use_dp: 0]
[num_gpu: 1]

end of parameters

pandas_categorical:null
