tree
version=v4
num_class=3
num_tree_per_iteration=3
label_index=0
max_feature_idx=14
objective=multiclass num_class:3
feature_names=Column_0 Column_1 Column_2 Column_3 Column_4 Column_5 Column_6 Column_7 Column_8 Column_9 Column_10 Column_11 Column_12 Column_13 Column_14
feature_infos=[0.0023429850116372108:0.97225707769393921] [0.010098043829202652:0.9727407693862915] [0.0031697128433734179:0.98247754573822021] [0.0079705333337187767:0.94766497611999512] [0.017025874927639961:0.92862617969512939] [0.012869371101260185:0.95848721265792847] [0.026366731151938438:0.86619460582733154] [0.033245272934436798:0.89548778533935547] [0.01936548575758934:0.89950621128082275] [0.049470413476228714:0.80809301137924194] [0.034294024109840393:0.84358698129653931] [0.035428594797849655:0.80906844139099121] [0.054144226014614105:0.79596757888793945] [0.036955855786800385:0.87575715780258179] [0.034055784344673157:0.74296152591705322]
tree_sizes=1727 1757 1726 1782 1786 1765 1781 1791 1779 1779 1786 1777 1783 1782 1776 1784 1792 1786 1781 1787 1784 1782 1788 1787 1780 1789 1787 1786 1788 1783 1785 1794 1783 1785 1789 1775 1790 1789 1786 1792 1793 1789 1787 1800 1788 1780 1794 1781 1786 1791 1789 1800 1785 1784 1789 1794 1790 1789 1795 1792 1796 1795 1790 1788 1791 1790 1797 1794 1796 1800 1799 1797 1796 1793 1801 1794 1793 1797 1798 1799 1793 1801 1790 1802 1805 1798 1796 1800 1800 1791 1795 1803 1783 1798 1807 1789 1794 1800 1800 1801 1807 1798 1794 1805 1794 1800 1798 1804 1801 1799 1800 1795 1806 1798 1801 1800 1812 1799 1799 1803 1802 1805 1796 1800 1813 1806 1802 1802 1805 1801 1801 1786 1795 1799 1805 1803 1803 1805 1790 1806 1803 1801 1789 1804 1797 1789 1794 1793 1813 1800 1795 1808 1803 1813 1801 1801 1798 1810 1795 1807 1803 1795 1808 1789 1803 1796 1796 1793 1795 1810 1803 1800 1806 1798 1797 1795 1802 1800 1799 1803 1798 1802 1805 1804 1795 1805 1792 1805 1803 1784 1800 1791 1793 1794 1798 1800 1788 1812 1783 1789 1807 1793 1804 1804 1797 1805 1797 1798 1800 1795 1799 1814 1802 1797 1804 1799 1801 1789 1789 1805 1780 1801 1807 1807 1796 1780 1800 1796 1778 1787 1810 1799 1790 1788 1793 1782 1795 1786 1787 1808 1793 1788 1776 1806 1790 1765 1805 1789 1787 1799 1791 1804 1801 1788 1806 1696 1816 1775 1804 1810 1785 1694 1798 1785 1804 1801 1794 1803 1792 1787 1805 1582 1797 1800 1791 1783 1798 1786 1792 1809 1793 1811 1812 1806 1797 1779 1807 1778 1810 1803 1792 1802 1671 1788 1812 1814 1803 1784 1788 1668 1811 1785 1810 1790 1782 1796 1787 1778 1808 1803 1780 1793 1800 1775 1784 1779 1453 1781 1775 1787 1788 1773 1568 1786 1779 1456 1776 1774 1794 1790 1781 1689 1790 1658 1790 1451 1778 1794 1772 1760 1796 1790 1788 1797 1784 1658 1565 1772 1680 1565 1781 1775 1549 1788 1795 1774 1778 1768 1780 1671 1794 1567 1662 1809 1560 1659 1799 1561 1772 1788 1454 1769 1803 1682 1662 1669 1782 1789 1788 1788 1787 1676 1788 1784 1794 1777 1338 1793 1669 1790 1792 1793 1571 1683 1686 1788 1558 1692 1572 1562 1801 1799 1563 1808 1792 1791 1792 1797 1766 1816 1792 1761 1764 1803

Tree=0
num_leaves=15
num_cat=0
split_feature=0 4 0 9 3 7 0 13 14 0 0 3 11 6
split_gain=21356.6 3792.35 2921.02 1175.48 1059.26 808.049 434.351 404.237 331.38 241.819 216.516 145.479 126.025 91.2823
threshold=0.46696729958057409 0.29854983091354376 0.70399495959281932 0.31255471706390386 0.34270542860031133 0.21815222501754764 0.83722016215324413 0.2273330092430115 0.21687304228544238 0.55786019563674938 0.28851053118705755 0.42354118824005133 0.12316718325018884 0.58682900667190563
decision_type=2 2 2 2 2 2 2 2 2 2 2 2 2 2
left_child=1 3 5 10 8 13 12 -5 -3 -7 -1 -6 -4 -2
right_child=2 4 6 7 11 9 -8 -9 -10 -11 -12 -13 -14 -15
leaf_value=-1.9717325089687483 -1.8942038947244237 -1.9949061437165974 -1.9193557762147244 -1.9281878725603849 -1.9706889185398218 -1.9351244646656041 -1.823530124827605 -1.9532369022105478 -1.9837279591235304 -1.9121432499059463 -1.9496632615838914 -1.9544656495526673 -1.8624502079726002 -1.8716820024835299
leaf_weight=5507.4443829655647 1842.6461267471313 10935.270493328571 102.46998637914658 4130.9006721377373 4275.4468299150467 2434.251605629921 896.29499590396881 2639.9170296192169 16840.987602114677 2160.7564915418625 1392.3222751021385 2041.782489657402 1926.2543811202049 595.23273503780365
leaf_count=30367 10160 60295 565 22777 23574 13422 4942 14556 92858 11914 7677 11258 10621 3282
internal_value=-1.96112 -1.975 -1.89451 -1.95276 -1.98393 -1.91197 -1.85252 -1.93795 -1.98813 -1.92432 -1.96728 -1.96545 -1.86532 -1.8887
internal_weight=57722 47764.1 9957.91 13670.6 34093.5 7032.89 2925.02 6770.82 27776.3 4595.01 6899.77 6317.23 2028.72 2437.88
internal_count=318268 263362 54906 75377 187985 38778 16128 37333 153153 25336 38044 34832 11186 13442
is_linear=0
shrinkage=1


Tree=1
num_leaves=15
num_cat=0
split_feature=1 4 4 11 4 13 1 1 1 13 1 4 1 14
split_gain=37422.6 4014.13 3941.16 828.729 769.185 572.154 484.161 356.958 176.459 172.225 155.774 128.061 114.88 110.837
threshold=0.31729157269001013 0.39850890636444097 0.1562815457582474 0.15112319588661197 0.098629582673311247 0.26772634685039526 0.23563601076602939 0.38899500668048864 0.51586425304412853 0.2770394235849381 0.49409069120883947 0.065652024000883116 0.20653823763132098 0.16690271347761157
decision_type=2 2 2 2 2 2 2 2 2 2 2 2 2 2
left_child=2 5 4 -3 11 8 13 -7 -2 -8 -5 -1 -6 -4
right_child=1 3 6 10 12 7 9 -9 -10 -11 -12 -13 -14 -15
leaf_value=-0.40176625405598165 -0.32125547561446266 -0.26719663656544373 -0.31785937009782328 -0.29265714050504693 -0.36655697951218125 -0.30744815436851375 -0.33755878722666016 -0.29223315470455996 -0.3029090355236202 -0.32252742351093933 -0.28031076813639999 -0.38425937863164572 -0.3468778016136369 -0.34766245823097736
leaf_weight=1463.2668763399124 4070.0389231741428 16116.922734379768 327.0488914847374 2888.6403873562813 7437.01017588377 5845.4888322949409 3112.7942176163197 11320.205659270287 1933.1446063518524 4913.8950201869011 22105.531892627478 3650.5885177850723 823.7434646487236 6762.7997605502605
leaf_count=5020 13963 55292 1122 9910 25514 20054 10679 38836 6632 16858 75837 12524 2826 23201
internal_value=-0.306559 -0.285417 -0.354259 -0.276037 -0.374029 -0.302061 -0.336767 -0.297414 -0.315348 -0.328357 -0.281738 -0.389269 -0.364595 -0.346288
internal_weight=92771.1 64280 28491.1 41111.1 13374.6 23168.9 15116.5 17165.7 6003.18 8026.69 24994.2 5113.86 8260.75 7089.85
internal_count=318268 220524 97744 141039 45884 79485 51860 58890 20595 27537 85747 17544 28340 24323
is_linear=0
shrinkage=1


Tree=2
num_leaves=15
num_cat=0
split_feature=2 2 4 2 2 2 2 11 4 1 2 4 2 2
split_gain=20384.1 3934.72 3265.09 1342.47 829.597 660.919 536.657 263.437 257.241 230.185 190.589 178.692 137.786 109.678
threshold=0.43094706535339361 0.74937701225280773 0.26734088361263281 0.22770275920629504 0.1885386407375336 0.56849423050880443 0.86463606357574474 0.14782070368528369 0.19076412916183474 0.23196136206388476 0.33487668633461004 0.10673845931887628 0.085774954408407225 0.82218363881111156
decision_type=2 2 2 2 2 2 2 2 2 2 2 2 2 2
left_child=2 5 4 7 12 9 13 -4 -6 -2 -5 -7 -1 -3
right_child=1 6 3 10 8 11 -8 -9 -10 -11 -12 -13 -14 -15
leaf_value=-2.108041337680846 -2.0371523743780666 -1.9882655472908422 -2.1273500433995185 -2.102168877535469 -2.0578432213413924 -1.9968890524407472 -1.9201921741193075 -2.1166416009177009 -2.0798416654368852 -2.0627101802289709 -2.0855052213560197 -2.0290749507771699 -2.0904265226846088 -1.9568675366739876
leaf_weight=1878.2984627485275 1302.531297326088 835.26785969734192 8988.4552979469299 5345.8764899969101 2712.5931948423386 519.1635764837265 596.68940889835358 15908.041310787201 2605.2247825860977 2722.1622829437256 2527.0501984357834 2546.1883746385574 2714.7016379833221 416.9851781129837
leaf_count=11581 8031 5150 55420 32961 16725 3201 3679 98084 16063 16784 15581 15699 16738 2571
internal_value=-2.09283 -2.02418 -2.10721 -2.11482 -2.08206 -2.04112 -1.95922 -2.12051 -2.06862 -2.05444 -2.09682 -2.02362 -2.09763 -1.97781
internal_weight=51619.2 8938.99 42680.2 32769.4 9910.82 7090.05 1848.94 24896.5 5317.82 4024.69 7872.93 3065.35 4593 1252.25
internal_count=318268 55115 263153 202046 61107 43715 11400 153504 32788 24815 48542 18900 28319 7721
is_linear=0
shrinkage=1


Tree=3
num_leaves=15
num_cat=0
split_feature=0 0 4 7 3 3 0 13 14 0 14 6 3 0
split_gain=18517.9 2905.25 2708.63 861.217 806.865 794.272 350.493 345.847 344.189 251.969 126.656 120.197 112.528 111.212
threshold=0.41390703618526464 0.68160739541053783 0.26951447129249578 0.23894727230072024 0.21706124395132068 0.33659701049327856 0.81857272982597362 0.23154359310865405 0.21687304228544238 0.54403695464134227 0.2384331747889519 0.61797496676445018 0.13097141683101657 0.54403695464134227
decision_type=2 2 2 2 2 2 2 2 2 2 2 2 2 2
left_child=2 3 4 13 12 8 11 -6 -4 -5 -7 -3 -1 -2
right_child=1 6 5 9 7 10 -8 -9 -10 -11 -12 -13 -14 -15
leaf_value=-0.019799705512488025 0.048006225027023813 0.071233295302016511 -0.033402414805735546 0.018487385095501678 0.027542886770228071 -0.018306798450102277 0.10992926492160193 0.0041377596615857501 -0.021856843207579191 0.03966685316180775 -0.0023983129744045563 0.096467315088924643 -0.0028739293001481831 0.065965710531216179
leaf_weight=1928.2933416962624 1737.7658840566874 1840.9812240153551 10338.306890577078 4086.0717154741287 3700.3092550933361 1705.7729712873697 1279.8031119257212 2752.3370962888002 17185.822143867612 2139.6393606364727 4694.2754893749952 634.57533346116543 2000.9606622010469 1710.4294824153185
leaf_count=10508 9013 9270 59566 22252 19563 9588 6185 15005 97246 11272 26102 3147 10841 8710
internal_value=-7.53923e-05 0.0513587 -0.0156652 0.036869 0.00668235 -0.0225042 0.0886846 0.0175596 -0.0261935 0.0257663 -0.00663832 0.0777017 -0.0111803 0.0569148
internal_weight=57735.3 13429.3 44306.1 9673.91 10381.9 33924.2 3755.36 6452.65 27524.1 6225.71 6400.05 2475.56 3929.25 3448.2
internal_count=318268 69849 248419 51247 55917 192502 18602 34568 156812 33524 35690 12417 21349 17723
is_linear=0
shrinkage=0.05


Tree=4
num_leaves=15
num_cat=0
split_feature=1 4 4 4 11 4 4 1 1 1 1 1 3 14
split_gain=32306.3 3528.05 3318.25 675.022 662.238 553.276 395.756 217.552 138.755 124.826 108.773 98.1195 92.2658 63.6983
threshold=0.32414655387401586 0.42163953185081487 0.16372260451316836 0.098629582673311247 0.16442550718784335 0.27166765928268438 0.24880846589803698 0.43103611469268804 0.23196136206388476 0.82321473956108104 0.17161387205123904 0.061075165867805488 0.54275360703468334 0.17055157572031024
decision_type=2 2 2 2 2 2 2 2 2 2 2 2 2 2
left_child=2 5 3 11 -3 12 8 -7 -4 -6 -5 -1 -2 -8
right_child=1 4 6 10 9 7 13 -9 -10 -11 -12 -13 -14 -15
leaf_value=-0.082100932449369682 -0.0057448303018668807 0.038117335006316512 -0.036588369108507178 -0.054127587508098707 0.022325582076036937 0.0035315999808933339 0.0041478554359918301 0.013978506694755217 -0.025124986553104495 0.031230204609160369 -0.042342731951717991 -0.067972881660147019 -0.023634176749319821 -0.015334532591579075
leaf_weight=1870.210584551096 3804.4318570196629 16201.708174794912 5383.9254347383976 7063.101568877697 15337.211780995131 8220.5203711092472 467.56129190325737 12655.260581463575 5179.0547859072685 5294.1168366670609 2708.96406057477 3584.1016812324524 889.22961410880089 4085.8138535916805
leaf_count=5979 12950 57514 17839 23072 53759 28308 1583 43964 17397 18599 8934 11565 3011 13794
internal_value=6.86498e-05 0.0206462 -0.0422509 -0.0587258 0.0305518 0.00637719 -0.0256561 0.0098647 -0.0309678 0.0246106 -0.0508606 -0.0728172 -0.00913403 -0.013334
internal_weight=92745.2 62402.5 30342.7 15226.4 36833 25569.4 15116.4 20875.8 10563 20631.3 9772.07 5454.31 4693.66 4553.38
internal_count=318268 218105 100163 49550 129872 88233 50613 72272 35236 72358 32006 17544 15961 15377
is_linear=0
shrinkage=0.05


Tree=5
num_leaves=15
num_cat=0
split_feature=2 2 4 2 2 2 1 11 1 2 13 2 2 13
split_gain=17433.4 3321.81 2470.57 961.059 620.733 576.44 516.395 191.837 191.41 184.846 163.461 142.03 121.988 121.647
threshold=0.38738436996936804 0.69170743227005016 0.26734088361263281 0.1885386407375336 0.82218363881111156 0.1748791113495827 0.31042434275150305 0.15776825696229937 0.30367144942283636 0.28579716384410864 0.10953843593597413 0.91566705703735363 0.52657547593116771 0.2770394235849381
decision_type=2 2 2 2 2 2 2 2 2 2 2 2 2 2
left_child=2 6 5 7 -3 13 10 -4 -7 -5 -2 -6 -8 -1
right_child=1 4 3 9 11 8 12 -9 -10 -11 -12 -13 -14 -15
leaf_value=-0.00020756612175113054 0.07903360764523118 0.081005502280508457 -0.034093436419593795 -0.014635921327941415 0.11859500610877115 0.024619132176557951 0.01814559074261941 -0.024401658421692556 0.0025852109562523526 -0.000359331005738581 0.045555634250254717 0.16113026214797843 0.04239459105217034 -0.01785104717605264
leaf_weight=2793.527464568615 394.70863115787506 1818.149648308754 8734.042316660285 6295.3512690216303 941.77382741868496 3622.1047814041376 2676.4609973281622 12291.053925007582 1354.132412686944 3543.4189364165068 4782.432834520936 247.92018896341324 643.30288307368755 1502.3620758801699
leaf_count=16927 2220 10148 56405 39667 4972 21403 16247 78022 8242 22009 27696 1278 3811 9221
internal_value=-3.9003e-05 0.0542226 -0.0155928 -0.0223921 0.0993792 0.00703994 0.0382375 -0.0284277 0.0186233 -0.00949423 0.048108 0.127459 0.0228446 -0.00637786
internal_weight=51640.7 11504.7 40136 30863.9 3007.84 9272.13 8496.91 21025.1 4976.24 9838.77 5177.14 1189.69 3319.76 4295.89
internal_count=318268 66372 251896 196103 16398 55793 49974 134427 29645 61676 29916 6250 20058 26148
is_linear=0
shrinkage=0.05


Tree=6
num_leaves=15
num_cat=0
split_feature=0 4 0 3 3 7 13 6 14 0 3 1 3 6
split_gain=16091.5 2411.63 2183.85 743.651 719.463 625.161 340.901 284.062 280.459 218.154 160.396 102.843 102.462 65.2423
threshold=0.41390703618526464 0.2785052359104157 0.67052024602890026 0.31182309985160833 0.21706124395132068 0.22124176472425464 0.23154359310865405 0.58682900667190563 0.2145107984542847 0.54403695464134227 0.40383258461952215 0.073656927794218077 0.13097141683101657 0.56140950322151195
decision_type=2 2 2 2 2 2 2 2 2 2 2 2 2 2
left_child=1 4 5 8 12 13 -6 -4 -3 -7 -5 -9 -1 -2
right_child=2 3 7 10 6 9 -8 11 -10 -11 -12 -13 -14 -15
leaf_value=-0.019906861142053128 0.047180550836343524 -0.033307954017549594 0.063411887807452313 -0.013348385689330639 0.024376400371117359 0.017843951504533145 0.0022872341983186805 0.10343084298602484 -0.022234610324500984 0.036935203532789215 0.0023038022299720988 0.080459470092927379 -0.0041128678922448692 0.063572498961123075
leaf_weight=1992.0721631199121 2332.1916553974152 9225.6439150571823 2270.7099129259586 5805.9752222895622 3921.4752241820097 4354.3955075889826 3149.4699305444956 773.15014161169529 15039.868437722325 2279.7870247960091 2279.30474832654 1317.5637541562319 2119.3964571207762 820.6188131570816
leaf_count=10863 11264 55591 10609 33324 19972 23283 17007 3329 87539 11519 12772 5927 11351 3918
internal_value=-9.43974e-05 -0.0151498 0.0462296 -0.0220688 0.00486678 0.0331161 0.0145377 0.075656 -0.0264446 0.0244045 -0.00893591 0.0889543 -0.0117653 0.0514471
internal_weight=57681.6 43533.2 14148.4 32350.8 11182.4 9786.99 7070.95 4361.42 24265.5 6634.18 8085.28 2090.71 4111.47 3152.81
internal_count=318268 248419 69849 189226 59193 49984 36979 19865 143130 34802 46096 9256 22214 15182
is_linear=0
shrinkage=0.05


Tree=7
num_leaves=15
num_cat=0
split_feature=1 1 1 11 13 1 13 7 1 13 1 1 7 3
split_gain=28063.4 2873.32 2636.02 843.749 651.831 509.13 396.561 326.825 250.783 232.484 137.879 90.3622 89.2223 76.0836
threshold=0.32743635773658758 0.52482599020004284 0.17871131747961047 0.16110882163047793 0.28753623366355902 0.091451339423656478 0.25407944619655615 0.31921316683292394 0.41023790836334234 0.19367128610610965 0.25383481383323675 0.23563601076602939 0.082103349268436446 0.49610489606857305
decision_type=2 2 2 2 2 2 2 2 2 2 2 2 2 2
left_child=2 4 5 -3 13 12 11 -5 -6 -7 -8 -4 -1 -2
right_child=1 3 6 7 8 9 10 -9 -10 -11 -12 -13 -14 -15
leaf_value=-0.076557855445213707 -0.0066153569436629049 0.037644676446519879 -0.038947492955701636 0.0075472359127281563 0.0031016358873827924 -0.053145622415985097 -0.02450950622083066 0.024803313701808216 0.015177949173332171 -0.038112869287297915 -0.012280481667366887 -0.027193005285350992 -0.061556834115645359 -0.021474588538631052
leaf_weight=1323.0688163936138 3897.4205577671528 15044.313763827085 3404.6293034553528 3192.7026358246803 7027.1099908649921 5594.7181089520454 3918.8727029561996 19520.425327628851 11073.512014120817 4760.1804881691933 5596.5389116406441 3145.6323466300964 3952.0224370062351 1105.9117132723331
leaf_count=4024 13295 55358 10896 11257 24209 17520 12785 69986 39038 15103 18689 10268 12139 3701
internal_value=9.3991e-05 0.0199624 -0.038057 0.0284608 0.00607415 -0.0526759 -0.0238346 0.0223777 0.0104896 -0.046235 -0.0173169 -0.0333026 -0.0653193 -0.00989977
internal_weight=92557.1 60861.4 31695.7 37757.4 23104 15630 16065.7 22713.1 18100.6 10354.9 9515.41 6550.26 5275.09 5003.33
internal_count=318268 216844 101424 136601 80243 48786 52638 81243 63247 32623 31474 21164 16163 16996
is_linear=0
shrinkage=0.05


Tree=8
num_leaves=15
num_cat=0
split_feature=2 2 4 2 2 2 1 11 13 2 13 13 1 2
split_gain=15090.7 2451.59 2214.17 912.307 527.372 519.602 317.171 187.17 179.45 173.863 123.197 110.784 107.329 100.418
threshold=0.38738436996936804 0.66527721285820018 0.27166765928268438 0.1885386407375336 0.18493188172578814 0.8029831349849702 0.31042434275150305 0.15776825696229937 0.25798559188842779 0.27435603737831121 0.2770394235849381 0.10953843593597413 0.056424777954816825 0.49715612828731542
decision_type=2 2 2 2 2 2 2 2 2 2 2 2 2 2
left_child=2 6 4 7 10 -3 11 -4 -6 -5 -1 -2 -7 -8
right_child=1 5 3 9 8 12 13 -9 -10 -11 -12 -13 -14 -15
leaf_value=-0.00040651349032260424 0.066922191522315641 0.066157357285432913 -0.0336597205955338 -0.014867022038616279 0.023957273584062699 0.12321533447828062 0.015945416664501597 -0.02387143452332853 0.0041912067612206085 -0.0011811297234244106 -0.017277203887939227 0.039280615418916559 0.095041896451287244 0.034749427006670684
leaf_weight=3060.6537362039089 393.3257165402174 2202.1853995621204 8324.7053055763245 5551.8243207782507 3219.6512633413076 486.24240337312222 2354.2564742267132 11815.848943814635 1784.8058002889156 3987.2006065696478 1673.9588778465986 4623.3445573151112 1109.1527708470821 1016.5500994771719
leaf_count=18206 2026 11410 56348 35717 18411 2190 14144 77328 10589 24993 10304 25413 5301 5888
internal_value=-6.3068e-05 0.0485688 -0.0150961 -0.0218843 0.00559078 0.0818993 0.0334778 -0.0279172 0.0169078 -0.00914648 -0.00637128 0.0414478 0.103629 0.0216162
internal_weight=51603.7 12185.1 39418.6 29679.6 9739.07 3797.58 8387.48 20140.6 5004.46 9539.02 4734.61 5016.67 1595.4 3370.81
internal_count=318268 66372 251896 194386 57510 18901 47471 133676 29000 60710 28510 27439 7491 20032
is_linear=0
shrinkage=0.05


Tree=9
num_leaves=15
num_cat=0
split_feature=3 1 3 3 1 11 13 0 3 3 7 9 0 0
split_gain=14125.3 1983.73 1974.98 661.866 600.916 450.34 324.36 304.379 296.474 179.607 123.136 97.2411 58.2833 46.6554
threshold=0.42058910429477697 0.39187765121459966 0.60404938459396373 0.21706124395132068 0.23196136206388476 0.16796402633190158 0.26191674172878271 0.81857272982597362 0.29432702064514166 0.51349544525146495 0.18275964260101321 0.18660524487495425 0.29556035995483404 0.90531781315803539
decision_type=2 2 2 2 2 2 2 2 2 2 2 2 2 2
left_child=1 3 4 11 -2 12 -5 10 -7 -6 -4 -1 -3 -9
right_child=2 5 7 6 9 8 -8 13 -10 -11 -12 -13 -14 -15
leaf_value=-0.025585632868328597 0.043063875336913499 -0.033239280024747256 0.065818265167809517 0.019750247734574584 0.012206352885337023 -0.02263005986847437 -0.0004937852530476854 0.077658434650982044 -0.0092965094714437761 0.029452060203225463 0.048530253720875369 -0.0094779378876174956 -0.020959713924379456 0.099033242045192607
leaf_weight=1299.7992668747902 3621.0001766830683 8295.8933431506157 1839.1269359439611 4018.4587713479996 4592.7326942235231 13371.695189729333 3898.0544326901436 1215.3334227204323 6057.7028353065252 2249.058080881834 2341.1248192936182 3356.5269147306681 1093.7092872411013 323.17852839827538
leaf_count=7266 16741 52320 7921 19874 24497 80187 21253 4909 35101 11444 10772 18095 6628 1260
internal_value=-0.000103094 -0.0155881 0.039507 0.000983995 0.0265927 -0.022818 0.00978218 0.0631342 -0.0184729 0.0178754 0.0561362 -0.0139744 -0.0318089 0.0821484
internal_weight=57573.4 41391.8 16181.6 12572.8 10462.8 28819 7916.51 5718.76 19429.4 6841.79 4180.25 4656.33 9389.6 1538.51
internal_count=318268 240724 77544 66488 52682 174236 41127 24862 115288 35941 18693 25361 58948 6169
is_linear=0
shrinkage=0.05


Tree=10
num_leaves=15
num_cat=0
split_feature=1 4 4 11 13 4 4 1 1 1 1 1 13 14
split_gain=24514.4 3001.95 2348.88 612.322 495.504 452.807 300.607 277.333 136.615 104.431 96.8872 76.7207 67.009 61.8411
threshold=0.32743635773658758 0.42420911788940435 0.16372260451316836 0.15112319588661197 0.26772634685039526 0.098629582673311247 0.24880846589803698 0.41023790836334234 0.56318053603172313 0.82321473956108104 0.23196136206388476 0.20653823763132098 0.098213788121938719 0.17055157572031024
decision_type=2 2 2 2 2 2 2 2 2 2 2 2 2 2
left_child=2 4 5 -3 8 12 10 -6 -2 -5 -4 -7 -1 -8
right_child=1 3 6 9 7 11 13 -9 -10 -11 -12 -13 -14 -15
leaf_value=-0.068433998450962777 -0.010503910452291865 0.036691292697790562 -0.030363156298007173 0.021091704824953851 0.0022727655286431171 -0.043455608373310625 0.0058454936431554267 0.014730632264520094 0.0066581339648919399 0.029386538664644975 -0.021053526645581126 -0.030296875743068975 -0.056115459347079046 -0.012827982857129345
leaf_weight=1464.9027471542358 4669.5731767416 14172.347736567259 5685.6420285105705 15279.169036537409 7180.0167486071587 9213.0307269990444 492.67870968580246 11824.722023069859 1542.6588409841061 5048.1699255406857 5496.52398827672 1259.0889014005661 4480.5323396325111 4430.1130205988884
leaf_count=4297 15748 54092 17839 55881 24738 28086 1634 42237 5472 18676 17776 3944 13247 14601
internal_value=0.000106842 0.0191293 -0.0348216 0.0287137 0.00601684 -0.0481302 -0.0212546 0.010024 -0.00624213 0.0231517 -0.0257871 -0.0418735 -0.0591506 -0.0109591
internal_weight=92239.2 59716.7 32522.5 34499.7 25217 16417.6 16105 19004.7 6212.23 20327.3 11182.2 10472.1 5945.44 4922.79
internal_count=318268 216844 101424 128649 88195 49574 51850 66975 21220 74557 35615 32030 17544 16235
is_linear=0
shrinkage=0.05


Tree=11
num_leaves=15
num_cat=0
split_feature=2 2 4 2 2 2 1 11 13 2 2 2 7 13
split_gain=13170.3 2206.76 1767.44 749.353 522.376 397.71 275.555 188.626 171.148 116.511 83.6859 81.9344 80.1616 74.8711
threshold=0.35788665711879736 0.61910149455070507 0.26734088361263281 0.1885386407375336 0.8029831349849702 0.11164439469575883 0.32079671323299414 0.14782070368528369 0.2770394235849381 0.27435603737831121 0.91566705703735363 0.49034518003463751 0.096503790467977538 0.10953843593597413
decision_type=2 2 2 2 2 2 2 2 2 2 2 2 2 2
left_child=2 6 5 7 12 -1 13 -4 -7 -5 -6 -8 -3 -2
right_child=1 4 3 9 10 8 11 -9 -10 -11 -12 -13 -14 -15
leaf_value=-0.012656839629540371 0.054750008851520343 0.077655434011642155 -0.033487686905528329 -0.014125815175430174 0.084005839127372695 0.015690645654463566 0.012371397010625777 -0.023402104891080591 -0.0024703436092359402 -0.0021748370475683106 0.1122268036002444 0.029204804267340075 0.052800797423010387 0.032026816103158294
leaf_weight=2644.1776891499758 392.45358070731163 364.0034453868866 7568.9487111717463 5507.6152664572001 1436.3896164298058 4488.1654741466045 3092.1911316365004 11963.749932318926 1824.6965679526329 3238.6056124269962 321.48828199505806 943.42067041993141 2982.3118815869093 4750.5598981231451
leaf_count=15873 1905 1693 53749 36150 6213 25276 18633 80678 10913 20491 1278 5357 14791 25268
internal_value=-7.60803e-05 0.0407426 -0.0157331 -0.0218639 0.0670978 0.00362259 0.0260866 -0.0273103 0.0104413 -0.00970053 0.089167 0.0163066 0.0555044 0.0337608
internal_weight=51518.8 14282.8 37236 28278.9 5104.19 8957.04 9178.63 19532.7 6312.86 8746.22 1757.88 4035.61 3346.32 5143.01
internal_count=318268 75138 243130 191068 23975 52062 51163 134427 36189 56641 7491 23990 16484 27173
is_linear=0
shrinkage=0.05


Tree=12
num_leaves=15
num_cat=0
split_feature=3 1 0 3 7 14 6 13 3 0 9 0 0 0
split_gain=12477.8 1707.49 1673.92 575.908 453.423 432.438 269.013 262.214 257.173 174.155 91.6972 84.7109 70.7875 62.1596
threshold=0.41498804092407232 0.39187765121459966 0.62157416343688976 0.21706124395132068 0.22124176472425464 0.19143228977918628 0.58682900667190563 0.26191674172878271 0.29432702064514166 0.5050739347934724 0.18660524487495425 0.71627360582351696 0.83722016215324413 0.26827509701251989
decision_type=2 2 2 2 2 2 2 2 2 2 2 2 2 2
left_child=1 3 4 10 -2 13 11 -5 -7 -6 -1 -4 -8 -3
right_child=2 5 6 7 9 8 12 -9 -10 -11 -12 -13 -14 -15
leaf_value=-0.025303696143342477 0.038230898393626395 -0.033271549576360214 0.040278155332606522 0.017246697500317161 0.010885699562922707 -0.021952723800990743 0.06132167012313107 -0.0010985510473438833 -0.0093744792303681445 0.027133192093938385 -0.009588709431301589 0.055465180228819827 0.077981183227832318 -0.021748114187964171
leaf_weight=1281.7422928512096 3537.6522702425718 7400.2224571406841 2048.5978132635355 4000.1070760637522 4827.9115519672632 13029.757303029299 1615.562383890152 3796.4738523364067 5905.5619851052761 2505.1208382993937 3365.8630247563124 1664.0114278793335 1053.3885125517845 1390.094660371542
leaf_count=7266 15910 48858 9042 19242 25794 80459 6434 20644 34840 12175 18095 6820 3863 8826
internal_value=-0.00010347 -0.0153782 0.0354619 8.91311e-06 0.0235289 -0.0222844 0.0557892 0.00831365 -0.0180298 0.0164362 -0.0139227 0.0470851 0.0678969 -0.0314492
internal_weight=57422.1 40169.8 17252.2 12444.2 10870.7 27725.6 6381.56 7796.58 18935.3 7333.03 4647.61 3712.61 2668.95 8790.32
internal_count=318268 238230 80038 65247 53879 172983 26159 39886 115299 37969 25361 15862 10297 57684
is_linear=0
shrinkage=0.05


Tree=13
num_leaves=15
num_cat=0
split_feature=1 4 4 11 13 4 4 1 3 1 1 14 1 4
split_gain=21505.3 2523.24 2258.6 531.514 462.324 387.942 316.1 197.953 136.833 85.7315 83.4456 70.823 70.1226 59.8364
threshold=0.3411951363086701 0.43690755963325506 0.16372260451316836 0.15112319588661197 0.32945396006107336 0.098629582673311247 0.23967137932777408 0.47614738345146185 0.52742090821266185 0.82321473956108104 0.23563601076602939 0.16690271347761157 0.20653823763132098 0.065652024000883116
decision_type=2 2 2 2 2 2 2 2 2 2 2 2 2 2
left_child=2 4 5 -3 8 13 10 -6 -2 -5 -4 -8 -7 -1
right_child=1 3 6 9 7 12 11 -9 -10 -11 -12 -13 -14 -15
leaf_value=-0.061792095917216711 0.0010342267402184599 0.035909008698510221 -0.027913485141370181 0.020775049171034943 0.0081334191449119516 -0.039807993769868835 0.006965002119439039 0.01981341759841948 -0.016325270743744989 0.028491502217470568 -0.019092702163793412 -0.011713922718129141 -0.027515749946050751 -0.050900244003754549
leaf_weight=1776.3656096756458 8565.5146772861481 13424.23937729001 5852.1256759762764 13523.466772764921 9483.1961640417576 9454.2440095841885 550.56097763776779 5874.849517762661 1308.5762547850609 4905.1124878823757 4948.3044794499874 6483.8132118880749 1322.5017398893833 4345.9815673828125
leaf_count=5020 29886 53262 17986 50558 33461 28086 1825 21565 4353 18661 15785 21235 4060 12525
internal_value=0.000110178 0.0189854 -0.0309112 0.0283415 0.00717448 -0.0440095 -0.0185001 0.0126013 -0.00126636 0.0228289 -0.0238722 -0.010252 -0.0382995 -0.0540605
internal_weight=91818.9 57085 34733.9 31852.8 25232.1 16899.1 17834.8 15358 9874.09 18428.6 10800.4 7034.37 10776.7 6122.35
internal_count=318268 211746 106522 122481 89265 49691 56831 55026 34239 69219 33771 23060 32146 17545
is_linear=0
shrinkage=0.05


Tree=14
num_leaves=15
num_cat=0
split_feature=2 2 4 2 2 2 1 4 11 2 2 2 7 7
split_gain=11602.5 1988.71 1494.38 571.271 404.062 324.067 270.456 175.188 153.819 124.628 100.767 64.6332 59.4265 53.446
threshold=0.33487668633461004 0.61910149455070507 0.27630864083766943 0.1671620458364487 0.8029831349849702 0.10209097340703012 0.29341711103916174 0.20056186616420749 0.14782070368528369 0.49715612828731542 0.2584627121686936 0.91566705703735363 0.096503790467977538 0.15629557520151141
decision_type=2 2 2 2 2 2 2 2 2 2 2 2 2 2
left_child=2 6 5 8 12 -1 13 -7 -4 -8 -5 -6 -3 -2
right_child=1 4 3 10 11 7 9 -9 -10 -11 -12 -13 -14 -15
leaf_value=-0.014029870030669321 0.038487905997391381 0.06798984545578976 -0.033407202208671515 -0.016010295704763158 0.073853105137341377 0.014496241162737317 0.011181908223591989 -0.0019908067367331458 -0.023691893042719261 0.029312536173227734 -0.005069289060911291 0.097613814573199897 0.04737336119359959 0.027427873176545395
leaf_weight=2464.137275159359 1604.4738416075706 393.18626616895199 6963.0503109842539 6314.1810923069715 1548.8390306532383 3663.9661357998848 4467.3952114731073 2875.9149937778711 9819.7840038537979 1203.075973123312 3156.5033383369446 351.07943060994148 3148.4281653165817 3421.8327115774155
leaf_count=14868 7798 1693 51875 42857 6213 20045 26695 17197 68345 6562 20398 1278 14791 17653
internal_value=-8.12303e-05 0.0350326 -0.0161538 -0.0221821 0.0596415 0.00142346 0.0225138 0.00724606 -0.0277227 0.0150286 -0.0123637 0.0782438 0.0496622 0.0309584
internal_weight=51395.8 16138.3 35257.5 26253.5 5441.53 9004.02 10696.8 6539.88 16782.8 5670.47 9470.68 1899.92 3541.61 5026.31
internal_count=318268 82683 235585 183475 23975 52110 58708 37242 120220 33257 63255 7491 16484 25451
is_linear=0
shrinkage=0.05


Tree=15
num_leaves=15
num_cat=0
split_feature=0 13 3 0 0 1 14 6 11 14 13 0 10 1
split_gain=11192.8 1658.44 1277.58 716.394 573.967 337.4 279.104 205.712 142.562 134.048 95.8922 92.0138 84.9751 75.3314
threshold=0.39180944859981542 0.26375803351402288 0.59683600068092357 0.12732499837875369 0.26183356344699865 0.30042107403278356 0.22373275458812716 0.61797496676445018 0.16110882163047793 0.2145107984542847 0.14786835759878161 0.073596268892288222 0.18703760206699374 0.24648596346378329
decision_type=2 2 2 2 2 2 2 2 2 2 2 2 2 2
left_child=1 3 5 11 6 12 -3 13 -6 -7 -5 -1 -2 -4
right_child=2 4 7 10 8 9 -8 -9 -10 -11 -12 -13 -14 -15
leaf_value=-0.020684157792663738 0.038455982210655132 -0.0322471458457423 0.04743832172374933 0.022936783067268967 -0.02364783341191638 -0.0031784191810822053 -0.020508960000251746 0.062305917284795224 -0.0058121514513545802 0.017405289976079132 0.0089511753191468951 -0.0055349592595087208 0.026158163984312918 0.030385107648945101
leaf_weight=2348.8597639650106 2312.5585366934538 8124.3484197556973 3259.7598179578781 1621.6557007730007 1363.3141564577818 996.56191942095757 13444.388675048947 2486.3953853547573 6287.2944870740175 3833.7977695465088 5018.7992236465216 1748.4657402187586 3577.9729800075293 808.14422631263733
leaf_count=13693 9696 55676 12856 7522 9033 5482 82702 9168 36578 20005 25906 9826 16403 3690
internal_value=-4.27338e-05 -0.0145817 0.0335855 0.00222186 -0.0207568 0.0229539 -0.0249304 0.0509757 -0.00899041 0.0131586 0.0123666 -0.0142195 0.0309862 0.0440505
internal_weight=57232.3 39957.1 17275.2 10737.8 29219.3 10720.9 21568.7 6554.3 7650.61 4830.36 6640.45 4097.33 5890.53 4067.9
internal_count=318236 240936 77300 56947 183989 51586 138378 25714 45611 25487 33428 23519 26099 16546
is_linear=0
shrinkage=0.05


Tree=16
num_leaves=15
num_cat=0
split_feature=1 4 4 11 13 4 4 1 1 1 1 14 13 12
split_gain=18989.4 2322.06 2002.47 511.226 430.697 342.825 288.638 191.259 121.334 90.3671 71.4784 63.2608 60.1581 56.5903
threshold=0.34447361528873449 0.43690755963325506 0.16372260451316836 0.15112319588661197 0.31585262715816503 0.098629582673311247 0.23967137932777408 0.47614738345146185 0.58017611503601085 0.82321473956108104 0.23563601076602939 0.17055157572031024 0.098213788121938719 0.43480095267295843
decision_type=2 2 2 2 2 2 2 2 2 2 2 2 2 2
left_child=2 4 5 -3 8 12 10 -6 -2 -5 -4 -8 -1 -7
right_child=1 3 6 9 7 13 11 -9 -10 -11 -12 -13 -14 -15
leaf_value=-0.058468987997517187 -0.0050916954099139121 0.035074377281491757 -0.02575280315003858 0.019904383934497154 0.0074899973356723762 -0.032396044876006044 0.0063810440195816095 0.018748274809448139 0.0092448801379557462 0.027923452568306195 -0.017675480168495048 -0.010636343645175246 -0.047124459190440178 -0.039739136501973256
leaf_weight=1551.9963627159595 6857.3023384213448 12907.620174735785 5955.4987097978592 13218.331402331591 9848.2955169081688 6668.341747969389 593.80826246738434 6114.6200282722712 1880.5425102263689 4784.948159918189 5071.1289219856262 6800.420226752758 4730.3165849149227 4325.8227691352367
leaf_count=4316 23438 53244 17977 50471 34967 19556 1964 22824 6823 18725 15967 22115 13290 12559
internal_value=7.85968e-05 0.0183471 -0.0283813 0.0274803 0.0069177 -0.0406095 -0.0169128 0.0118025 -0.0020062 0.0220357 -0.0220381 -0.00926973 -0.049927 -0.0352853
internal_weight=91309 55611.7 35697.3 30910.9 24700.8 17276.5 18420.9 15962.9 8737.84 18003.3 11026.6 7394.23 6282.31 10994.2
internal_count=318236 210492 107744 122440 88052 49721 58023 57791 30261 69196 33944 24079 17606 32115
is_linear=0
shrinkage=0.05


Tree=17
num_leaves=15
num_cat=0
split_feature=2 2 4 2 2 2 2 4 11 13 2 2 7 1
split_gain=10253.8 1842.82 1252.42 460.824 310.061 277.08 268.697 182.516 143.743 135.287 72.8095 50.4661 49.0634 44.0433
threshold=0.31391757726669317 0.61910149455070507 0.27166765928268438 0.16103827953338626 0.82218363881111156 0.43094706535339361 0.10841264948248865 0.23967137932777408 0.13859393447637561 0.28229811787605291 0.24149240553379062 0.53413915634155285 0.092027142643928542 0.061075165867805488
decision_type=2 2 2 2 2 2 2 2 2 2 2 2 2 2
left_child=2 5 6 8 12 7 -1 -2 -4 -8 -5 -7 -3 -6
right_child=1 4 3 10 13 11 9 -9 -10 -11 -12 -13 -14 -15
leaf_value=-0.013045817087337284 0.022955992467176049 0.063067358357451322 -0.033234818352111353 -0.016597342939751271 0.081057077410187001 0.023401755298122367 0.011189522297688931 0.0051569568918009281 -0.023457765469368858 -0.0058647567778852003 -0.0073580277866499792 0.032786847950358529 0.044345215471525902 0.064800365117492029
leaf_weight=2599.4434349387884 2315.2367649525404 387.31620793044567 6230.8769370615482 5922.1277072280645 712.08770459890366 3802.3746489882469 4092.0005449056625 3811.1542178690434 9477.4019474163651 1624.5296333432198 3332.0141275078058 2298.1183980554342 3625.6781005263329 1004.1500820219517
leaf_count=15667 11938 1551 48728 41359 2480 19908 22259 23306 68129 9714 22018 11312 16094 3773
internal_value=-9.23369e-05 0.030359 -0.0165231 -0.0221216 0.053759 0.0193944 0.000282372 0.0118834 -0.027336 0.00634302 -0.0132707 0.0269372 0.0461522 0.0715455
internal_weight=51234.5 17956.1 33278.4 24962.4 5729.23 12226.9 8315.97 6126.39 15708.3 5716.53 9254.14 6100.49 4012.99 1716.24
internal_count=318236 90362 227874 180234 23898 66464 47640 35244 116857 31973 63377 31220 17645 6253
is_linear=0
shrinkage=0.05


Tree=18
num_leaves=15
num_cat=0
split_feature=3 1 3 3 14 1 3 13 3 3 3 10 0 11
split_gain=9956.99 1420.62 1136.19 485.904 400.992 333.813 235.672 187.216 171.766 96.2919 76.4884 65.6908 60.8347 47.548
threshold=0.41213698685169226 0.39818893373012548 0.59683600068092357 0.21706124395132068 0.19143228977918628 0.28614179790019995 0.29432702064514166 0.26191674172878271 0.72584822773933422 0.49195776879787451 0.13097141683101657 0.19135172665119174 0.27932021021842962 0.12564156949520114
decision_type=2 2 2 2 2 2 2 2 2 2 2 2 2 2
left_child=1 3 5 10 12 11 -6 -5 13 -7 -1 -2 -3 -4
right_child=2 4 8 7 6 9 -8 -9 -10 -11 -12 -13 -14 -15
leaf_value=-0.020756166206841845 0.0352414599279594 -0.032314425494852368 0.01434210692906589 0.013954067856676331 -0.020960117464389923 0.007498568931956673 -0.00849397112982434 -0.0012652025265189669 0.056491209582049721 0.020476270222673568 -0.0078958360848850172 0.024327952544063672 -0.019698459819240087 0.041185577843080995
leaf_weight=2118.5707380324602 2573.5789877176285 6910.5657173395157 171.69247567653656 4140.8212387114763 12228.719712138176 3766.6573461741209 5494.8224139213562 3946.5187723487616 2532.2859570980072 2303.4143480360508 2545.247027605772 2970.1827203184366 1108.8692712187767 4210.8172221779823
leaf_count=11932 10438 50042 728 19077 79672 20138 33379 21529 8785 11472 13799 13141 7507 16597
internal_value=-3.71792e-05 -0.0145327 0.030078 -0.000884791 -0.0212929 0.0205242 -0.0170952 0.00652726 0.0461242 0.0124232 -0.0137377 0.0293943 -0.03057 0.0401339
internal_weight=57022.8 38494.1 18528.6 12751.2 25743 11613.8 17723.5 8087.34 6914.8 6070.07 4663.82 5543.76 8019.43 4382.51
internal_count=318236 236937 81299 66337 170600 55189 113051 40606 26110 31610 25731 23579 57549 17325
is_linear=0
shrinkage=0.05


Tree=19
num_leaves=15
num_cat=0
split_feature=1 4 4 11 13 4 4 1 1 7 4 14 9 1
split_gain=16814.6 2032.21 1850.5 472.89 359.466 336.152 295.584 158.025 101.4 85.3774 76.6563 65.4582 62.1614 59.994
threshold=0.36370746791362768 0.16891145706176761 0.44477212429046636 0.15112319588661197 0.31585262715816503 0.10673845931887628 0.23967137932777408 0.49409069120883947 0.58017611503601085 0.43007330596446997 0.073781386017799391 0.16330985724925998 0.4032686203718186 0.23563601076602939
decision_type=2 2 2 2 2 2 2 2 2 2 2 2 2 2
left_child=1 5 4 -4 8 10 13 -6 -2 -5 -1 -8 -7 -3
right_child=2 6 3 9 7 12 11 -9 -10 -11 -12 -13 -14 -15
leaf_value=-0.051634016327708802 -0.0037223378713876557 -0.023386213928129035 0.034395671238094935 0.015195268620212456 0.0087626861502986767 -0.027509050516694375 0.0082778069420992358 0.019393286616110797 0.0092499079939238442 0.023501788208671038 -0.04124471513826547 -0.0085577444636904063 -0.035111757069950844 -0.015897248453424464
leaf_weight=2770.6621216237545 6076.5618382692337 5349.7537933588028 12257.087391704321 4093.3252809792757 9851.4525767117739 5394.2392066419125 618.88681295514107 5418.6474401652813 2002.9826261103153 12664.286215022206 4943.059779137373 8605.3340932130814 5360.2174678742886 5347.3002912700176
leaf_count=7571 20812 15918 52623 15984 35568 15661 2065 20743 7361 49973 13790 28112 15364 16691
internal_value=7.24226e-05 -0.0250634 0.0185 0.026932 0.00802235 -0.0370114 -0.0139869 0.012535 -0.000506416 0.0214728 -0.0449764 -0.00742819 -0.0312984 -0.0196426
internal_weight=90753.8 38389.5 52364.3 29014.7 23349.6 18468.2 19921.3 15270.1 8079.54 16757.6 7713.72 9224.22 10754.5 10697.1
internal_count=318236 115172 203064 118580 84484 52386 62786 56311 28173 65957 21361 30177 31025 32609
is_linear=0
shrinkage=0.05


Tree=20
num_leaves=15
num_cat=0
split_feature=2 2 4 2 2 2 2 4 11 13 2 2 2 7
split_gain=9137.02 1540.55 1126.08 436.993 254.254 242.379 241.406 157.587 143.305 130.371 64.6167 43.8486 41.4131 38.4115
threshold=0.3106271773576737 0.61910149455070507 0.27166765928268438 0.16103827953338626 0.82218363881111156 0.096903771162033095 0.43094706535339361 0.23967137932777408 0.13859393447637561 0.28229811787605291 0.24149240553379062 0.74937701225280773 0.53413915634155285 0.076097346842288985
decision_type=2 2 2 2 2 2 2 2 2 2 2 2 2 2
left_child=2 6 5 8 11 -1 7 -2 -4 -7 -5 -3 -8 -6
right_child=1 4 3 10 13 9 12 -9 -10 -11 -12 -13 -14 -15
leaf_value=-0.014184235607138294 0.021014837539233396 0.038465193424623886 -0.032858965893766655 -0.016013283780072572 0.08264877384253537 0.0096182362734059217 0.021681890189181905 0.0048782799558324411 -0.022892974453803866 -0.00671496122852444 -0.007134920876584884 0.049553517982444666 0.030057555315973303 0.061402280825208266
leaf_weight=2268.0401766598225 2451.1333809345961 2904.3868917375803 5935.9886394441128 5789.7822000458837 246.21538046002388 4315.7682122290134 3895.0022334307432 3953.1378268003464 9194.0857450813055 1704.159484565258 3172.2026686370373 1286.5220179110765 2376.1898659318686 1564.1329843252897
leaf_count=13756 12316 12537 48728 41359 811 23183 19908 24185 68129 10223 21239 5108 11312 5442
internal_value=-8.72085e-05 0.0277634 -0.0161513 -0.0216203 0.0486332 -0.000253826 0.0178824 0.0110543 -0.0268029 0.00499453 -0.0128707 0.0418691 0.0248555 0.0642919
internal_weight=51056.7 18676.7 32380 24092.1 6001.26 8287.97 12675.5 6404.27 15130.1 6019.93 8961.98 4190.91 6271.19 1810.35
internal_count=318236 91619 226617 179455 23898 47162 67721 36501 116857 33406 62598 17645 31220 6253
is_linear=0
shrinkage=0.05


Tree=21
num_leaves=15
num_cat=0
split_feature=3 1 3 3 13 11 1 6 3 9 3 1 10 1
split_gain=8863.7 1295.59 941.366 433.347 352.964 279.162 268.125 147.657 118.601 114.542 84.8883 54.4515 53.1538 34.0116
threshold=0.41213698685169226 0.49409069120883947 0.59683600068092357 0.22618759423494342 0.26772634685039526 0.16110882163047793 0.28614179790019995 0.61797496676445018 0.24744053930044177 0.21747490018606189 0.49195776879787451 0.24648596346378329 0.19135172665119174 0.073656927794218077
decision_type=2 2 2 2 2 2 2 2 2 2 2 2 2 2
left_child=1 3 6 9 -5 -3 12 11 -7 -1 -8 -4 -2 -9
right_child=2 5 7 4 -6 8 10 13 -10 -11 -12 -13 -14 -15
leaf_value=-0.022232815436414494 0.032125480216538931 -0.030494844188900885 0.039281646480613996 0.012421710191156045 -0.0055175639732878588 -0.022045570072773267 0.0072683637459029782 0.058666884177562162 -0.012140037634544451 -0.0086125172977510999 0.019385297876180374 0.025506578627295606 0.022451745737864025 0.047069003993400374
leaf_weight=2816.1700083017349 2662.2123070508242 7325.2885878384113 3523.1340063661337 4553.0402875840664 6893.2619952112436 7894.6688765883446 3781.8658625036478 986.89568892121315 4895.8365911543369 3415.8868550956249 2339.6869137138128 900.8355111181736 3043.19174477458 1758.5150232464075
leaf_count=16932 10438 55364 12860 21037 39896 53500 20138 3117 31518 18690 11472 3913 13141 6220
internal_value=-2.87933e-05 -0.0140331 0.0278335 -0.00415809 0.00161821 -0.0227116 0.0191675 0.0421294 -0.018254 -0.0147673 0.0118995 0.0364767 0.0269656 0.0512381
internal_weight=56790.5 37794.2 18996.3 17678.4 11446.3 20115.8 11827 7169.38 12790.5 6232.06 6121.55 4423.97 5705.4 2745.41
internal_count=318236 236937 81299 96555 60933 140382 55189 26110 85018 35622 31610 16773 23579 9337
is_linear=0
shrinkage=0.05


Tree=22
num_leaves=15
num_cat=0
split_feature=4 4 4 11 4 4 4 7 13 9 3 3 7 9
split_gain=14847.1 1962.39 1547.78 486.937 280.114 205.466 180.222 81.2974 76.5212 74.6463 70.4056 63.2435 35.8816 34.3948
threshold=0.27630864083766943 0.43690755963325506 0.16372260451316836 0.15112319588661197 0.087022304534912123 0.34931766986846929 0.2248770743608475 0.42488291859626776 0.27894595265388494 0.40761065483093267 0.43247240781784063 0.48001678287982946 0.082103349268436446 0.41222879290580755
decision_type=2 2 2 2 2 2 2 2 2 2 2 2 2 2
left_child=2 5 4 -3 12 8 13 -5 -2 -6 -7 -8 -1 -4
right_child=1 3 6 7 9 10 11 -9 -10 -11 -12 -13 -14 -15
leaf_value=-0.051305044055560647 -0.0059749378270051896 0.033448053061799925 -0.016935921982516144 0.014121089362679848 -0.027260926551040433 0.012662025552426097 -0.0061238556992786377 0.022216941516786007 0.0038084396996461616 -0.034758990137040889 0.0024262564174229837 -0.015363859815129039 -0.0421274105962531 -0.023252801791575847
leaf_weight=1665.7100292146206 2543.9359639585018 11944.221131488681 7383.0749953091145 4054.9298522919416 6409.2076558470726 10123.547160759568 5930.5783242583275 13180.329965233803 9325.0983382463455 6885.1353366672993 2014.248702660203 2692.6904487907887 2953.1510091125965 3043.0891099274158
leaf_count=4499 8729 53322 22312 16096 18202 37927 19187 53183 32709 19295 7228 8478 8040 9029
internal_value=6.1971e-05 0.0169777 -0.0242785 0.0256892 -0.0348296 0.00638926 -0.0143567 0.0203122 0.00171153 -0.0311442 0.0109634 -0.00900913 -0.0454372 -0.0187796
internal_weight=90148.9 53186.3 36962.6 29179.5 17913.2 24006.8 19049.4 17235.3 11869 13294.3 12137.8 8623.27 4618.86 10426.2
internal_count=318236 209194 109042 122601 50036 86593 59006 69279 41438 37497 45155 27665 12539 31341
is_linear=0
shrinkage=0.05


Tree=23
num_leaves=15
num_cat=0
split_feature=2 2 7 2 2 2 2 1 11 4 4 2 2 13
split_gain=8167.12 1276.54 1043.33 390.533 210.986 204.494 193.14 155.927 133.734 129.195 66.6289 63.801 36.696 36.4121
threshold=0.3106271773576737 0.61910149455070507 0.35346236824989324 0.16103827953338626 0.82218363881111156 0.43094706535339361 0.16864518821239474 0.30702200531959539 0.13859393447637561 0.23967137932777408 0.19826907664537433 0.23894048482179644 0.71976229548454296 0.10953843593597413
decision_type=2 2 2 2 2 2 2 2 2 2 2 2 2 2
left_child=2 5 6 8 12 9 10 -8 -4 -2 -1 -5 -3 -7
right_child=1 4 3 11 -6 13 7 -9 -10 -11 -12 -13 -14 -15
leaf_value=-0.0036369737467311773 0.019322499487894149 0.034050224713580664 -0.032550582307787894 -0.016157727513554213 0.058199979426585516 0.038929991769727473 0.012838198467916015 -0.0052488160925953133 -0.022631153210138481 0.0048232839823079054 -0.015270952737810213 -0.0067725635898180222 0.043277971425718494 0.022154260612774791
leaf_weight=2653.3066738545895 2511.4668742716312 2391.8892784118652 5768.5785655602813 5059.7111354768276 1893.6836648285389 341.62398870289326 2751.3180254399776 2101.9400479346514 8267.9814663380384 3957.1262689232826 2295.3186311647296 2820.1912188977003 1960.3986842036247 6084.000329092145
leaf_count=15105 12316 10052 49445 36791 6253 1381 14206 13609 62520 24185 15862 19079 7593 29839
internal_value=-7.76947e-05 0.0257155 -0.0156424 -0.0217069 0.0442683 0.0167284 -0.0020825 0.00500473 -0.0267077 0.0104527 -0.00903316 -0.0127988 0.0382067 0.0230462
internal_weight=50858.5 19140.2 31718.3 21916.5 6245.97 12894.2 9801.88 4853.26 14036.6 6468.59 4948.63 7879.9 4352.29 6425.62
internal_count=318236 91619 226617 167835 23898 67721 58782 27815 111965 36501 30967 55870 17645 31220
is_linear=0
shrinkage=0.05


Tree=24
num_leaves=15
num_cat=0
split_feature=0 7 0 0 13 14 10 6 0 14 0 2 5 0
split_gain=7973.29 1231.04 961.592 424.238 284.582 280.678 241.598 198.98 144.586 105.095 78.0484 41.551 34.9577 33.4357
threshold=0.35883806645870214 0.41210228204727178 0.55786019563674938 0.080057129263877883 0.26772634685039526 0.19143228977918628 0.21343664824962619 0.61797496676445018 0.26605233550071722 0.18806105107069018 0.71627360582351696 0.037291742861270911 0.063586488366127028 0.038253197446465499
decision_type=2 2 2 2 2 2 2 2 2 2 2 2 2 2
left_child=1 3 6 13 -5 12 -2 10 -7 -8 -4 -9 -3 -1
right_child=2 5 7 4 -6 8 9 11 -10 -11 -12 -13 -14 -15
leaf_value=-0.025708073914237319 0.025647135503976071 0.040098699258961694 0.027803542777450282 0.0065258018904712145 -0.0095119679960439588 -0.0210138335346855 -0.0079957541284796773 0.058283106437627213 -0.0085472839640052586 0.011456385538231901 0.038860695669630199 0.043869978065195561 -0.03063028055609316 -0.015454324660309895
leaf_weight=1305.9900383651257 3316.2767330259085 17.512655504047871 4796.1715252548456 7607.5918318629265 4346.3351332470775 10135.640581153333 770.92734949290752 665.7440037727356 3018.4538024067879 6991.8417641371489 2391.8326838314533 2008.9951940774918 7139.3140175640583 2032.0767269730568
leaf_count=8089 13445 132 19023 38345 25516 69038 4703 2131 18820 35699 8332 6510 56082 12371
internal_value=-2.14962e-05 -0.0144213 0.0244595 -0.00370622 0.00069462 -0.0224887 0.0143505 0.0358151 -0.0181531 0.00952458 0.0314828 0.0474574 -0.0304572 -0.019466
internal_weight=56544.7 35602.9 20941.8 15292 11953.9 20310.9 11079 9862.74 13154.1 7762.77 7188 2674.74 7156.83 3338.07
internal_count=318236 228393 89843 84321 63861 144072 53847 35996 87858 40402 27355 8641 56214 20460
is_linear=0
shrinkage=0.05


Tree=25
num_leaves=15
num_cat=0
split_feature=1 1 11 1 7 13 13 7 1 1 1 10 9 6
split_gain=13283.7 1536.15 1467.5 530.895 264.448 257.388 248.501 245.297 121.328 104.875 86.1124 66.4093 53.8306 35.617
threshold=0.36697873473167425 0.18579021841287616 0.16442550718784335 0.52482599020004284 0.15629557520151141 0.26587125658988958 0.28753623366355902 0.35880967974662786 0.27883908152580267 0.61447674036026012 0.069692645221948638 0.50878152251243602 0.28402537107467657 0.52610328793525707
decision_type=2 2 2 2 2 2 2 2 2 2 2 2 2 2
left_child=1 4 9 6 10 12 -4 -5 -7 13 -1 -6 -3 -2
right_child=2 5 3 7 11 8 -8 -9 -10 -11 -12 -13 -14 -15
leaf_value=-0.045555431969359225 0.023725295993962683 -0.010557950675405721 -0.0059402395564082042 0.0070874032893968823 -0.027011240479290294 -0.013553949717468379 0.0087011603988049312 0.020462416879169047 -0.0035640353257951813 0.03372778537273239 -0.034975697204071267 -0.0036997818341700222 -0.020895582792198698 -0.021156277515789107
leaf_weight=2758.4838026165962 2901.0594916045666 1534.9802888929844 3733.0030942261219 4397.959368288517 9093.7084206938744 5252.6397521197796 12956.492085397243 15543.711511492729 7212.9256640970707 10404.659260988235 6352.8013963401318 316.1339074075222 7011.5726575255394 44.887868419289589
leaf_count=7403 12304 4627 12454 16694 25544 16025 47979 63770 23769 48453 17443 931 20685 155
internal_value=4.82681e-05 -0.0216091 0.0171782 0.012006 -0.0321071 -0.0123556 0.00542626 0.0175127 -0.00777351 0.0313697 -0.0381788 -0.0262281 -0.0190389 0.0230414
internal_weight=89515 39533.2 49981.8 36631.2 18521.1 21012.1 16689.5 19941.7 12465.6 13350.6 9111.29 9409.84 8546.55 2945.95
internal_count=318236 116427 201809 140897 51321 65106 60433 80464 39794 60912 24846 26475 25312 12459
is_linear=0
shrinkage=0.05


Tree=26
num_leaves=15
num_cat=0
split_feature=2 2 7 2 2 2 2 1 4 4 11 2 0 13
split_gain=7338.54 1070.12 971.877 289.596 229.82 178.369 174.957 170.742 114.691 105.124 90.6833 52.1172 33.1826 32.6878
threshold=0.3106271773576737 0.61910149455070507 0.43261414766311651 0.16103827953338626 0.18669766932725909 0.82218363881111156 0.43094706535339361 0.30702200531959539 0.19826907664537433 0.23967137932777408 0.13859393447637561 0.23894048482179644 0.025561830028891567 0.10437497869133951
decision_type=2 2 2 2 2 2 2 2 2 2 2 2 2 2
left_child=2 6 4 10 8 13 9 -6 -1 -2 -4 -5 -7 -3
right_child=1 5 3 11 7 12 -8 -9 -10 -11 -12 -13 -14 -15
leaf_value=-0.0032374542036256479 0.017806246106043418 0.050231382645876892 -0.032224017366445701 -0.017288444944973912 0.011837407298402833 0.064273787708397243 0.021489186715471415 -0.0054110034700463978 -0.015603668200707667 0.0048151643049143891 -0.023385392367882771 -0.007329292409737698 0.049362194076315674 0.03390086654995688
leaf_weight=3096.2792579829693 2567.5434267222881 330.76167133450508 5435.4991644471884 3782.7177016437054 2623.7336277663708 500.64551681280136 6562.7632840424776 3166.172606870532 4753.4549617469311 3957.4084045290947 6226.1085409298539 2012.5469411015511 1464.1959533393383 4164.9187155216932
leaf_count=17472 12316 1166 48966 28592 13376 1560 31220 21035 34181 24185 49003 13992 4693 16479
internal_value=-6.13138e-05 0.0239441 -0.0151519 -0.0229653 -0.00515185 0.0405948 0.0157248 0.00240523 -0.0107259 0.0099271 -0.0275051 -0.0138299 0.0531617 0.0351024
internal_weight=50644.7 19548.2 31096.5 17456.9 13639.6 6460.52 13087.7 5789.91 7849.73 6524.95 11661.6 5795.26 1964.84 4495.68
internal_count=318236 91619 226617 140553 86064 23898 67721 34411 51653 36501 97969 42584 6253 17645
is_linear=0
shrinkage=0.05


Tree=27
num_leaves=15
num_cat=0
split_feature=0 7 3 0 14 10 3 1 0 11 2 11 0 9
split_gain=7138.29 1139.31 812.557 396.89 274.855 226.852 170.699 163.077 139.595 104.794 55.622 47.2747 36.102 34.0974
threshold=0.35883806645870214 0.41210228204727178 0.54275360703468334 0.073596268892288222 0.19143228977918628 0.24564096331596377 0.67999830842018139 0.24648596346378329 0.26605233550071722 0.16796402633190158 0.037291742861270911 0.11830526962876321 0.24369958788156512 0.40761065483093267
decision_type=2 2 2 2 2 2 2 2 2 2 2 2 2 2
left_child=1 3 7 -1 12 -5 11 13 -6 -9 -8 -4 -3 -2
right_child=2 4 6 5 8 -7 10 9 -10 -11 -12 -13 -14 -15
leaf_value=-0.020027636241160902 0.01722554516093253 -0.031723355040097038 0.0036212754058682441 0.0062625467882379106 -0.020426964140007043 -0.0074450781236416602 0.050968219717163192 -0.0069695057299633033 -0.0080763576257395029 0.01128599581759916 0.037481387279995101 0.028371463391024161 -0.022429396044329225 0.026591151415933569
leaf_weight=2984.0339470133185 2028.0336605906487 5548.6112088933587 199.62318074703217 6941.3584060668945 9865.7865369021893 5340.4260931611061 1002.4201578348875 896.88246142864227 2978.6322861388326 6365.3895261585712 3220.7066666036844 5758.8787307143211 1287.3078570887446 1866.0184233039618
leaf_count=18656 8309 46073 858 34563 69038 31102 3190 5428 18820 32460 10459 22020 10141 7119
internal_value=-8.34684e-06 -0.0139223 0.0227792 -0.00367176 -0.0218735 0.00030213 0.0329926 0.0134581 -0.0175628 0.00903146 0.0406827 0.0275423 -0.0299732 0.0217135
internal_weight=56284.1 34946.2 21338 15265.8 19680.3 12281.8 10181.6 11156.3 12844.4 7262.27 4223.13 5958.5 6835.92 3894.05
internal_count=318236 228393 89843 84321 144072 65665 36527 53316 87858 37888 13649 22878 56214 15428
is_linear=0
shrinkage=0.05


Tree=28
num_leaves=15
num_cat=0
split_feature=1 4 4 14 13 4 1 1 7 13 14 1 7 1
split_gain=11804.6 1473.77 1387.49 390.798 275.977 258.089 216.513 109.278 78.2946 72.9555 70.1735 69.0898 60.2583 55.227
threshold=0.37339510023593908 0.16891145706176761 0.44713632762432104 0.18806105107069018 0.32945396006107336 0.10673845931887628 0.28977246582508093 0.49409069120883947 0.43007330596446997 0.2806593924760819 0.16330985724925998 0.58017611503601085 0.082103349268436446 0.61113035678863536
decision_type=2 2 2 2 2 2 2 2 2 2 2 2 2 2
left_child=1 5 4 13 11 12 10 -6 -5 -8 -3 -2 -1 -4
right_child=2 6 3 8 7 -7 9 -9 -10 -11 -12 -13 -14 -15
leaf_value=-0.044769283570322421 -0.0021984936653634667 0.0027416710913282932 0.023298502709193494 0.013033714318172934 0.0084769334776998804 -0.025050321278901739 -0.011979078235158798 0.017770233958063226 0.021337744072977709 -0.0022710006555115856 -0.016053596060644038 0.0082367868308743011 -0.034448112955760453 0.033052202610472294
leaf_weight=1842.2299835085869 6348.1437894999981 518.7294439971447 1712.262227460742 3802.3991306722164 8553.9493812173605 11170.04476159811 2741.1851794421673 5019.4423743784428 11197.856096029282 6581.973125398159 11646.545586973429 2114.4807993322611 6085.9531126320362 9521.8694710731506
leaf_count=4929 21925 1618 7727 15636 31685 31090 8507 20281 47752 21886 34509 8016 16432 46243
internal_value=3.38404e-05 -0.0198407 0.0167448 0.0245139 0.00749537 -0.0299472 -0.0108585 0.0119136 0.0192328 -0.00512536 -0.0152522 0.000408877 -0.0368464 0.0315656
internal_weight=88857.1 40586.7 48270.4 26234.4 22036 19098.2 21488.4 13573.4 15000.3 9323.16 12165.3 8462.62 7928.18 11234.1
internal_count=318236 118971 199265 117358 81907 52451 66520 51966 63388 30393 36127 29941 21361 53970
is_linear=0
shrinkage=0.05


Tree=29
num_leaves=15
num_cat=0
split_feature=2 2 7 2 2 4 2 4 11 2 2 2 2 13
split_gain=6571.38 1003.81 849.987 243.592 239.247 195.871 165.977 137.851 86.1502 80.3552 63.0646 60.9449 39.1377 31.0133
threshold=0.29447713494300848 0.54216191172599804 0.43769326806068426 0.15960368514060977 0.74937701225280773 0.2466111555695534 0.11164439469575883 0.2321257293224335 0.13859393447637561 0.37433512508869177 0.1903336048126221 0.86463606357574474 0.23894048482179644 0.12097557634115221
decision_type=2 2 2 2 2 2 2 2 2 2 2 2 2 2
left_child=2 7 5 8 -3 6 -1 13 -4 -9 -7 -6 -5 -2
right_child=1 4 3 12 11 10 -8 9 -10 -11 -12 -13 -14 -15
leaf_value=-0.010886681797132034 0.027720792714647988 0.027520189861612806 -0.031879447569486991 -0.016918678327646704 0.039389323192629319 -0.015845934236710584 0.0059448194780743722 0.0014280197743189577 -0.023010102043383246 0.012246699275037862 -0.0058303686822730218 0.053255660061858882 -0.0075257549534303693 0.016543800823985461
leaf_weight=2207.5569310486317 722.54417499899864 5482.8974094688892 5153.0211951360106 3707.4775505661964 2233.2445375323296 4011.0384077429771 4352.456456169486 3162.8873801529408 5841.5873292982578 3752.8273418098688 2584.419101908803 1228.2242591679096 1582.3176148310304 4400.4751526266336
leaf_count=13201 3022 22601 48730 28814 7663 30457 22816 19937 47429 20633 17598 3698 11237 20400
internal_value=-5.03175e-05 0.0213302 -0.0152891 -0.0229253 0.0340176 -0.00583675 0.000280731 0.0119038 -0.027167 0.0072988 -0.0119214 0.0443095 -0.014109 0.0181202
internal_weight=50423 20983.1 29439.9 16284.4 8944.37 13155.5 6560.01 12038.7 10994.6 6915.71 6595.46 3461.47 5289.8 5123.02
internal_count=318236 97954 220282 136210 33962 84072 36017 63992 96159 40570 48055 11361 40051 23422
is_linear=0
shrinkage=0.05


Tree=30
num_leaves=15
num_cat=0
split_feature=3 0 4 14 3 13 0 13 2 0 11 0 0 12
split_gain=6492.38 842.078 833.062 293.49 256.895 209.452 185.181 156.624 137.572 102.633 73.4404 55.2852 31.4885 26.3156
threshold=0.37824524939060217 0.57243439555168163 0.31678679585456854 0.19143228977918628 0.14518291503190997 0.20002886652946475 0.30067309737205511 0.26772634685039526 0.042843254283070571 0.41390703618526464 0.14782070368528369 0.27496290206909185 0.23970860242843631 0.26325912773609167
decision_type=2 2 2 2 2 2 2 2 2 2 2 2 2 2
left_child=2 5 4 11 13 12 -5 -6 -3 -7 -10 -4 -2 -1
right_child=1 8 3 6 7 9 -8 -9 10 -11 -12 -13 -14 -15
leaf_value=-0.022002894690495881 0.00095203936046544418 0.045775002903859961 -0.030620743847120033 -0.018369250537493668 0.0061933826738034183 0.0023995306562270323 -0.0020733979709667387 -0.0071839595955083563 0.0065769638327574965 0.012876236980722695 0.030014129152510689 -0.017198031397610211 0.02280128318694899 -0.011522803935824513
leaf_weight=1441.1685985028744 172.42514559626579 1439.0335844159126 5723.031223654747 12833.262801922858 5206.8171521276236 4270.2281311750412 2017.3927964046597 3773.9846740961075 348.90003804862499 5165.2784412801266 7957.648397475481 885.87345866113901 3778.0972499996424 1025.0291609764099
leaf_count=8646 884 4616 49874 91461 24110 23980 12602 21469 1420 24272 27525 6945 14868 5732
internal_value=2.30094e-05 0.0203217 -0.0142459 -0.0200563 -0.00335332 0.0121818 -0.0161555 0.000571848 0.0315023 0.00813479 0.0290297 -0.0288215 0.0218476 -0.017647
internal_weight=56038.2 23131.6 32906.6 21459.6 11447 13386 14850.7 8980.8 9745.58 9435.51 8306.55 6608.9 3950.52 2466.2
internal_count=318404 97565 220839 160882 59957 64004 104063 45579 33561 48252 28945 56819 15752 14378
is_linear=0
shrinkage=0.05


Tree=31
num_leaves=15
num_cat=0
split_feature=1 4 4 11 13 4 1 1 13 1 1 1 14 7
split_gain=10521.4 1355.1 1263.72 418.639 244.369 222.46 198.192 112.194 79.7122 77.5456 62.0084 45.8939 45.2255 43.7676
threshold=0.36697873473167425 0.44713632762432104 0.16372260451316836 0.15112319588661197 0.28229811787605291 0.098629582673311247 0.26481403410434728 0.48785774409770971 0.2806593924760819 0.82321473956108104 0.6481514871120454 0.23563601076602939 0.16330985724925998 0.076097346842288985
decision_type=2 2 2 2 2 2 2 2 2 2 2 2 2 2
left_child=2 4 5 -3 10 13 12 -6 -8 -5 -2 -7 -4 -1
right_child=1 3 6 9 7 11 8 -9 -10 -11 -12 -13 -14 -15
leaf_value=-0.043860530161210248 -0.0035952269067841707 0.031432140158138583 -1.8297593167185764e-05 0.01616614509809396 0.0067831036375056364 -0.02526364702243011 -0.012178687948683677 0.015261381561150282 -0.0032633603805533743 0.024151828002110552 0.011255793249849438 -0.012748801676129268 -0.016408365148322713 -0.033819201224580799
leaf_weight=1372.0619150102139 5318.9475005716085 10393.821996822953 439.41429576277733 10891.609194263816 10082.308746129274 10979.667038708925 3724.0317388176918 6365.7552776783705 7673.1950873583555 4217.0281900167465 809.89870920777321 784.93234574794769 9980.2977199852467 5190.5667496621609
leaf_count=3665 18156 52499 1349 46263 37180 30109 11313 25866 25028 18778 3103 2229 28959 13907
internal_value=3.26551e-05 0.0158105 -0.0188639 0.0237085 0.00688902 -0.028543 -0.0107331 0.0100644 -0.00617643 0.0183951 -0.00163273 -0.0244287 -0.0157172 -0.0359186
internal_weight=88223.5 48079.4 40144.2 25502.5 22576.9 18327.2 21816.9 16448.1 11397.2 15108.6 6128.85 11764.6 10419.7 6562.63
internal_count=318404 201845 116559 117540 84305 49910 66649 63046 36341 65041 21259 32338 30308 17572
is_linear=0
shrinkage=0.05


Tree=32
num_leaves=15
num_cat=0
split_feature=2 2 13 2 2 2 4 1 2 11 2 13 2 13
split_gain=5861 961.28 738.509 243.041 205.493 175.599 137.27 136.852 106.432 94.9255 34.8635 34.2778 28.9284 27.3369
threshold=0.27435603737831121 0.54216191172599804 0.31585262715816503 0.16103827953338626 0.8029831349849702 0.093791581690311446 0.2297620698809624 0.31384547054767614 0.38738436996936804 0.13859393447637561 0.91566705703735363 0.10437497869133951 0.047468371689319618 0.12738809734582904
decision_type=2 2 2 2 2 2 2 2 2 2 2 2 2 2
left_child=2 6 5 9 11 12 13 -7 -8 -4 -6 -3 -1 -2
right_child=1 4 3 -5 10 7 8 -9 -10 -11 -12 -13 -14 -15
leaf_value=-0.02162550746755891 0.023885887275062943 0.040084281918138148 -0.031397994296173792 -0.013629973380077251 0.040733422149069616 0.0059422305438656745 0.0011016371590820788 -0.0078566048613042515 0.012738754179462845 -0.022197405928681972 0.056167460158804298 0.025704368181777681 -0.011415287135076184 0.014666413631818965
leaf_weight=1087.2866203039885 976.96512345969677 443.67783086001873 4929.1602073460817 5843.869945012033 2014.0522692203522 3722.5608354061842 4613.964481793344 3473.3946261331439 3422.0639156997204 6500.6773432940245 447.11937743425369 6284.3378985673189 1916.6282975897193 4542.5195454210043
leaf_count=7744 4057 1509 48683 44326 6255 19317 29393 25216 18383 52865 1265 24957 13621 20813
internal_value=-8.30441e-05 0.0186903 -0.0156251 -0.0219244 0.0311749 -0.004957 0.0102271 -0.000718289 0.00605719 -0.0261652 0.0435373 0.0266526 -0.0151109 0.0162983
internal_weight=50218.3 22744.7 27473.6 17273.7 9189.19 10199.9 13555.5 7195.96 8036.03 11429.8 2461.17 6728.02 3003.91 5519.48
internal_count=318404 106632 211772 145874 33986 65898 72646 44533 47776 101548 7520 26466 21365 24870
is_linear=0
shrinkage=0.05


Tree=33
num_leaves=15
num_cat=0
split_feature=3 3 7 0 0 1 13 14 0 11 9 2 13 6
split_gain=5845.54 772.428 745.172 289.195 277.766 186.15 185.354 168.667 138.354 72.0975 64.2015 57.2439 45.465 37.5777
threshold=0.37123052775859838 0.54275360703468334 0.41458976268768316 0.080057129263877883 0.29556035995483404 0.32079671323299414 0.26962186396121984 0.22373275458812716 0.71627360582351696 0.16442550718784335 0.22574463486671451 0.03924288600683213 0.19793942570686343 0.58682900667190563
decision_type=2 2 2 2 2 2 2 2 2 2 2 2 2 2
left_child=2 5 3 -1 7 12 -5 -4 13 -7 -6 -10 -2 -3
right_child=1 8 4 6 10 9 -8 -9 11 -11 -12 -13 -14 -15
leaf_value=-0.01835416297569737 0.021243746487388089 0.021290802651644038 -0.029272593817778938 0.0040723647647236847 0.0039996090695768602 -0.0095911968890404278 -0.0097343710535586006 -0.018758382978390303 0.045075859241290185 0.0065901192746497476 -0.012274272674874125 0.03193780637944512 0.01284435092336616 0.03059499820491306
leaf_weight=3203.3166535943747 2887.9590426385403 4605.1373390257359 6601.4016345366836 6416.174028262496 1081.0289604887366 777.00699247419834 3913.5678415298462 9034.4946954920888 1068.9132439941168 6035.6484219878912 1379.3014819100499 3695.5356024801731 3643.9029537141323 1419.7810307443142
leaf_count=20604 10759 17592 58864 31864 7154 4921 23476 65758 3212 32732 9355 11531 15587 4995
internal_value=3.7523e-05 0.0185703 -0.0141034 -0.00522877 -0.0207402 0.010527 -0.00115851 -0.0231974 0.0285183 0.00474458 -0.0051238 0.0348854 0.016558 0.0234834
internal_weight=55763.2 24133.9 31629.3 13533.1 18096.2 13344.5 10329.7 15635.9 10789.4 6812.66 2460.33 4764.45 6531.86 6024.92
internal_count=318404 101329 217075 75944 141131 63999 55340 124622 37330 37653 16509 14743 26346 22587
is_linear=0
shrinkage=0.05


Tree=34
num_leaves=15
num_cat=0
split_feature=1 11 4 4 1 3 4 1 1 13 4 1 2 5
split_gain=9355.94 1265.32 1136.7 481.687 248.493 151.571 145.416 120.89 85.0382 75.6263 52.0316 37.0163 35.7727 30.7125
threshold=0.36697873473167425 0.16110882163047793 0.14383096247911456 0.39600653946399694 0.26481403410434728 0.44503040611743933 0.080729559063911452 0.82321473956108104 0.61113035678863536 0.27156190574169164 0.19076412916183474 0.22097337245941165 0.028241064399480823 0.067664887756109252
decision_type=2 2 2 2 2 2 2 2 2 2 2 2 2 2
left_child=2 8 6 5 10 -3 -1 -5 12 -6 -4 -8 -2 -10
right_child=1 3 4 7 9 -7 11 -9 13 -11 -12 -13 -14 -15
leaf_value=-0.037231171620953872 -0.029122346570521221 0.0065396563151177145 -0.018710903271358742 0.013659484358321853 -0.011899190586329987 -0.0052950025235746628 -0.026404424983897553 0.023315255422111433 -0.0041617774370814511 -0.0032206302533202081 -0.012571204504699491 -0.011676877464854197 0.021972431371522994 0.031857733197508932
leaf_weight=3727.6522206664085 34.732912227511406 12457.220855802298 7305.9931481480598 15459.722272753716 3642.1391859352589 3456.0831397622824 10620.736041814089 4101.6131538748741 59.567342802882195 8077.4038344472647 6539.426230609417 444.50662949681282 2495.7430135458708 9117.1972963213921
leaf_count=9965 123 46095 20392 65084 10896 11921 28724 18761 282 26226 19116 1240 11386 48193
internal_value=1.51539e-05 0.0151329 -0.0176588 0.0104291 -0.0112757 0.00396938 -0.0286901 0.0156841 0.0293862 -0.00591771 -0.015811 -0.0258128 0.0212711 0.0316239
internal_weight=87539.7 47181.9 40357.9 35474.6 25565 15913.3 14792.9 19561.3 11707.2 11719.5 13845.4 11065.2 2530.48 9176.76
internal_count=318404 201845 116559 141861 76630 58016 39929 83845 59984 37122 39508 29964 11509 48475
is_linear=0
shrinkage=0.05


Tree=35
num_leaves=15
num_cat=0
split_feature=5 7 1 5 11 5 1 0 1 0 1 1 5 8
split_gain=4454.01 906.158 534.855 418.465 192.344 181.534 171.284 131.545 125.63 63.4289 60.2279 49.968 49.4805 37.8037
threshold=0.39955316483974462 0.35346236824989324 0.17161387205123904 0.25384032726287847 0.15776825696229937 0.2073643356561661 0.36370746791362768 0.14775193482637408 0.30367144942283636 0.14910081028938296 0.069692645221948638 0.60072776675224315 0.31758078932762152 0.16869776695966723
decision_type=2 2 2 2 2 2 2 2 2 2 2 2 2 2
left_child=1 5 7 4 -3 13 9 10 -7 -4 -2 -8 -5 -1
right_child=2 3 6 12 -6 8 11 -9 -10 -11 -12 -13 -14 -15
leaf_value=-0.015875342302637596 0.046364975317538235 -0.030518251500616756 0.023913513761326392 -0.012272287935425764 -0.01806018235029181 0.0096834970049918725 0.0073188822566932063 0.023487750190563414 -0.0040914077123513793 0.0139543009876933 0.03256852821866453 -0.0073561005097928902 -0.004320624669249205 -0.0052167376205227919
leaf_weight=1226.2863155081868 1175.5914501845837 5185.6560693904757 2568.4031289815903 4038.4887641817331 7696.848970644176 4698.5121936947107 3583.70483314991 3525.4367134124041 2555.4923817738891 4234.6511231064796 2418.3316226303577 692.08751762658358 3794.7076766118407 2586.7098326012492
leaf_count=8052 3373 52828 10464 31828 63251 22672 20895 13375 16886 19266 7904 5012 26478 16120
internal_value=-6.84052e-05 -0.0113628 0.0196569 -0.0175336 -0.023075 0.000187997 0.0127855 0.03035 0.00483078 0.0177143 0.0370814 0.00494356 -0.00842019 -0.00864462
internal_weight=49980.9 31782.7 18198.2 20715.7 12882.5 11067 11078.8 7119.36 7254 6803.05 3593.92 4275.79 7833.2 3813
internal_count=318404 238115 80289 174385 116079 63730 55637 24652 39558 29730 11277 25907 58306 24172
is_linear=0
shrinkage=0.05


Tree=36
num_leaves=15
num_cat=0
split_feature=3 7 3 3 14 3 1 3 13 11 2 3 1 11
split_gain=5264.88 683.745 682.288 256.756 255.975 159.46 152.949 149.167 117.394 48.0933 45.0385 44.4948 41.07 35.7169
threshold=0.36892160773277288 0.38577608764171606 0.51349544525146495 0.14518291503190997 0.21687304228544238 0.26000382006168371 0.36370746791362768 0.67999830842018139 0.2481215372681618 0.15112319588661197 0.035223748534917838 0.24442949891090396 0.22829958051443103 0.12316718325018884
decision_type=2 2 2 2 2 2 2 2 2 2 2 2 2 2
left_child=1 3 6 -1 11 -6 12 13 -5 -8 -9 -3 -2 -4
right_child=2 4 7 8 5 -7 9 10 -10 -11 -12 -13 -14 -15
leaf_value=-0.01706351876015005 0.017660423697745675 -0.030374533846370871 0.0037069602956543639 0.0044328578203771136 -0.019870007185175675 -0.0080268896359391006 -0.011471803338574581 0.042186927519576603 -0.0072444499067089137 0.0038807668651081721 0.029988054239046144 -0.021958978434781659 0.0097971845133398485 0.021909469818747945
leaf_weight=3004.565249606967 3245.7716408520937 4417.0013701021671 278.82175196707249 5444.1678861454129 7305.9998839646578 4651.9868433326483 573.37375620007515 963.44674007594585 3559.4854705929756 4623.1067908108234 3524.7560874819756 2437.3914304822683 3400.1733186691999 8056.4574997723103
leaf_count=18999 12224 41619 1195 26578 54967 31390 3903 2865 20736 26112 10769 21509 15502 30036
internal_value=4.99065e-05 -0.0137285 0.0172663 -0.00440713 -0.0196784 -0.0152627 0.00861288 0.0252577 -0.000183625 0.00218678 0.0326067 -0.027382 0.0136375 0.0213006
internal_weight=55486.5 30820.6 24665.9 12008.2 18812.4 11958 11842.4 12823.5 9003.65 5196.48 4488.2 6854.39 6645.94 8335.28
internal_count=318404 215798 102606 66313 149485 86357 57741 44865 47314 30015 13634 63128 27726 31231
is_linear=0
shrinkage=0.05


Tree=37
num_leaves=15
num_cat=0
split_feature=1 11 4 4 1 13 4 1 1 13 10 9 2 5
split_gain=8338.61 1126.87 1104.6 391.833 256.927 176.385 136.589 82.6793 81.2631 80.1073 49.0918 43.087 32.4692 30.2124
threshold=0.37959454953670507 0.16110882163047793 0.14383096247911456 0.43963779509067541 0.26481403410434728 0.33464446663856512 0.080729559063911452 0.61113035678863536 0.82321473956108104 0.27156190574169164 0.20016440004110339 0.39909332990646368 0.033100867643952377 0.067664887756109252
decision_type=2 2 2 2 2 2 2 2 2 2 2 2 2 2
left_child=2 7 6 5 10 -3 -1 12 -5 -6 -4 -8 -2 -9
right_child=1 3 4 8 9 -7 11 13 -10 -11 -12 -13 -14 -15
leaf_value=-0.035283997085301701 -0.020421763626583846 1.556887521618491e-05 -0.020176975386268704 0.014263630542494528 -0.010942032311136352 0.0097840515246000424 -0.020550958910813558 -0.0047099237984742932 0.022621089904518742 -0.0024656379158403893 -0.013134639220889267 -0.026859876893172065 0.021330008701192487 0.03120532160048712
leaf_weight=3719.9283981919289 47.502861842513084 8008.0502844154835 3217.7111383378506 10754.203123673797 3995.6545737683773 10926.125863105059 4659.3976612985134 58.950582385063171 3986.9180550128222 9217.1602005362511 10716.274750441313 6456.2802044153214 2359.1358548104763 8737.3811186403036
leaf_count=9965 177 28518 8903 47068 11936 42750 12617 282 18729 30203 30605 17358 11100 48193
internal_value=-2.46911e-06 0.0149813 -0.0160198 0.0104115 -0.0100242 0.00565255 -0.0269907 0.0287179 0.016524 -0.00502896 -0.0147609 -0.0242153 0.0205059 0.0309646
internal_weight=86860.7 44878.3 41982.4 33675.3 27146.8 18934.2 14835.6 11203 14741.1 13212.8 13934 11115.7 2406.64 8796.33
internal_count=318404 196817 121587 137065 81647 71268 39940 59752 65797 42139 39508 29975 11277 48475
is_linear=0
shrinkage=0.05


Tree=38
num_leaves=15
num_cat=0
split_feature=2 2 13 2 2 2 1 11 2 4 2 13 2 3
split_gain=4809.36 690.93 660.379 233.145 157.214 153.087 106.135 92.2147 90.31 87.3775 29.974 27.7403 27.575 20.7066
threshold=0.27435603737831121 0.54216191172599804 0.31585262715816503 0.16103827953338626 0.8029831349849702 0.093791581690311446 0.31384547054767614 0.13859393447637561 0.38738436996936804 0.22734902054071429 0.91566705703735363 0.10437497869133951 0.047468371689319618 0.39578442275524145
decision_type=2 2 2 2 2 2 2 2 2 2 2 2 2 2
left_child=2 8 5 7 11 12 -7 -4 9 -2 -6 -3 -1 -5
right_child=1 4 3 13 10 6 -8 -9 -10 -11 -12 -13 -14 -15
leaf_value=-0.020791125919324933 0.013218797016193077 0.034721800157458071 -0.030685003287851561 -0.014230522636688062 0.034852993836934375 0.0050716067948433745 -0.0071049756375166882 -0.021270395467669838 0.013395537353652129 0.001321861367240514 0.048918520598393661 0.02208466838238872 -0.010644570447602978 -0.0068054185424239024
leaf_weight=1043.8169001340866 2316.0579946488142 465.06893183290958 4489.3138654455543 4454.2266534119844 2102.3403797149658 3782.3078039437532 3396.6705998927355 6183.5129197463393 6808.2845965921879 4626.0752979367971 462.00448510050774 6556.1545593291521 1867.7747972905636 1189.7527230754495
leaf_count=7744 10623 1509 48683 36085 6255 19317 25216 52865 32407 29616 1265 24957 13621 8241
internal_value=-5.13569e-05 0.0164871 -0.0146663 -0.0208842 0.0267915 -0.0046117 -0.000689636 -0.0252305 0.0093038 0.00529096 0.0373871 0.0229217 -0.0142821 -0.0126653
internal_weight=49743.4 23336 26407.4 16316.8 9585.57 10090.6 7178.98 10672.8 13750.4 6942.13 2564.34 7021.22 2911.59 5643.98
internal_count=318404 106632 211772 145874 33986 65898 44533 101548 72646 40239 7520 26466 21365 44326
is_linear=0
shrinkage=0.05


Tree=39
num_leaves=15
num_cat=0
split_feature=0 13 0 0 14 10 3 6 14 0 0 5 12 2
split_gain=4782.06 814.278 547.204 337.487 287.112 141.158 115.011 105.825 80.1141 69.2545 44.646 41.1895 31.3237 28.6711
threshold=0.33505588769912725 0.27525769174098974 0.55786019563674938 0.086226273328065886 0.2145107984542847 0.21343664824962619 0.24744053930044177 0.61797496676445018 0.20682561397552493 0.15603690594434741 0.71627360582351696 0.067664887756109252 0.22476013004779818 0.037291742861270911
decision_type=2 2 2 2 2 2 2 2 2 2 2 2 2 2
left_child=1 3 5 12 11 -2 -6 10 -7 -5 -4 -3 -1 -9
right_child=2 4 7 9 6 8 -8 13 -10 -11 -12 -13 -14 -15
leaf_value=-0.026014550537220384 0.017628104665045139 0.019464314758467993 0.019269447063087444 -0.0032229083733595907 -0.018881011551837037 -0.0059518837117872106 -0.0098712354397350512 0.041513754410126967 0.0081918567467088883 0.0072281344768821629 0.027182763118902737 -0.027906084065391863 -0.013490905300863363 0.030149916219803913
leaf_weight=658.14827036857605 4064.1435389667749 46.225344367325306 5311.780278891325 2281.9405853822827 7802.5971663668752 1140.3595189526677 6486.6631353124976 740.5621585547924 8204.3622128814459 5191.1986743882298 2682.5428454726934 6313.6296379491687 2068.5309342518449 2215.7984884232283
leaf_count=4525 15214 373 19089 12725 58112 7449 43446 2124 41282 24732 8368 60950 13524 6491
internal_value=6.13609e-05 -0.0130151 0.0166213 -0.00145685 -0.0187243 0.00984907 -0.014791 0.0249138 0.00646586 0.00403688 0.0219248 -0.0275618 -0.0165138 0.0329965
internal_weight=55208.5 30848.9 24359.5 10199.8 20649.1 13408.9 14289.3 10950.7 9344.72 7473.14 7994.32 6359.85 2726.68 2956.36
internal_count=318404 218387 100017 55506 162881 63945 101558 36072 48731 37457 27457 61323 18049 8615
is_linear=0
shrinkage=0.05


Tree=40
num_leaves=15
num_cat=0
split_feature=1 11 4 4 1 3 4 1 13 1 14 9 5 7
split_gain=7431.46 1069.51 995.042 368.754 225.375 167.648 128.318 73.5955 70.438 66.5496 44.7007 39.5265 31.5625 22.3971
threshold=0.37959454953670507 0.15112319588661197 0.14383096247911456 0.43963779509067541 0.26481403410434728 0.41498804092407232 0.080729559063911452 0.82321473956108104 0.27156190574169164 0.62147840857505809 0.16330985724925998 0.39909332990646368 0.058873571455478675 0.076097346842288985
decision_type=2 2 2 2 2 2 2 2 2 2 2 2 2 2
left_child=2 9 6 5 10 -3 13 -5 -6 12 -4 -8 -2 -1
right_child=1 3 4 7 8 -7 11 -9 -10 -11 -12 -13 -14 -15
leaf_value=-0.039047208347504823 -0.028266710315939986 0.0081608825658476946 0.0013105408449070009 0.013872921061361735 -0.010213988064800759 -0.002700446018816461 -0.019263831819010091 0.021870285671491563 -0.002284868910956174 0.030748589923367122 -0.014312451026903185 -0.025297123303673487 0.021728713303931845 -0.030779804158444991
leaf_weight=1222.3059742450714 32.021404534578323 14266.388795569539 473.87725403904915 11022.759293630719 4020.0400917828083 4730.9858128577471 4674.9300611913204 3892.6144495755434 9235.7524808943272 7883.2325391322374 13539.447944015265 6474.191219329834 2231.1102189123631 2484.0446275770664
leaf_count=3301 118 55169 1422 49317 11936 16794 12617 18786 30203 45600 38086 17358 11033 6664
internal_value=-1.94119e-05 0.014337 -0.0150351 0.0100759 -0.00936315 0.00545605 -0.0254466 0.0159601 -0.00468951 0.0285789 -0.0137841 -0.0227673 0.0210213 -0.0335063
internal_weight=86183.7 44059.1 42124.6 33912.7 27269.1 18997.4 14855.5 14915.4 13255.8 10146.4 14013.3 11149.1 2263.13 3706.35
internal_count=318404 196817 121587 140066 81647 71963 39940 68103 42139 56751 39508 29975 11151 9965
is_linear=0
shrinkage=0.05


Tree=41
num_leaves=15
num_cat=0
split_feature=2 2 13 2 2 2 4 4 11 2 2 2 13 13
split_gain=4348.68 639.192 599.523 197.879 153.388 131.734 94.6244 84.6489 82.7403 80.2892 34.7198 26.6352 24.2734 22.2418
threshold=0.26357844471931463 0.52657547593116771 0.31585262715816503 0.14836215227842334 0.765955150127411 0.093791581690311446 0.2297620698809624 0.19826907664537433 0.13859393447637561 0.37433512508869177 0.91566705703735363 0.047468371689319618 0.11743159592151643 0.10437497869133951
decision_type=2 2 2 2 2 2 2 2 2 2 2 2 2 2
left_child=2 6 5 8 13 11 12 -7 -4 -8 -6 -1 -2 -3
right_child=1 4 3 -5 10 7 9 -9 -10 -11 -12 -13 -14 -15
leaf_value=-0.020327366196009236 0.021437558804606887 0.031125933812828761 -0.030565694427616232 -0.013666835124635929 0.031128718965595149 0.005382330798638665 0.0003453480827465661 -0.0059004777407772567 -0.021127145390378046 0.010198827981502748 0.045806694139630927 -0.010261268439699517 0.011778547538543738 0.019446883046025112
leaf_weight=1020.8921592235565 749.60736437141895 434.95096096396446 4131.6840206161141 6033.6877516955137 2933.9736099243164 2910.2419185638428 4686.3619656935334 3876.9035665467381 5300.9138654023409 3699.2995068430901 467.01884812116623 1844.4932944402099 4916.4906383603811 6496.1989164352417
leaf_count=7744 2942 1400 46959 49500 8869 14462 30697 27903 46605 19851 1265 13621 21664 24922
internal_value=-3.46375e-05 0.0150066 -0.0146358 -0.0207382 0.0244473 -0.00485785 0.00806488 -0.00106255 -0.0252614 0.00469217 0.0331443 -0.0138477 0.0130564 0.0201798
internal_weight=49502.7 24383.9 25118.8 15466.3 10332.1 9652.53 14051.8 6787.15 9432.6 8385.66 3400.99 2865.39 5666.1 6931.15
internal_count=318404 111610 206794 143064 36456 63730 75154 42365 93564 50548 10134 21365 24606 26322
is_linear=0
shrinkage=0.05


Tree=42
num_leaves=15
num_cat=0
split_feature=0 13 3 0 14 0 9 11 0 0 2 5 12 7
split_gain=4301.1 743.268 505.077 279.513 279.51 122.293 118.042 93.2364 68.2336 62.2735 44.5877 40.5362 39.9934 39.0342
threshold=0.32937510311603552 0.26962186396121984 0.50893771648406994 0.080057129263877883 0.2145107984542847 0.71627360582351696 0.20810824632644656 0.16796402633190158 0.39180944859981542 0.15603690594434741 0.03924288600683213 0.067664887756109252 0.30125148594379431 0.18275964260101321
decision_type=2 2 2 2 2 2 2 2 2 2 2 2 2 2
left_child=1 3 7 -1 11 13 -6 12 -9 -5 -7 -3 -2 -4
right_child=2 4 5 9 6 10 -8 8 -10 -11 -12 -13 -14 -15
leaf_value=-0.016359698527043286 0.0046891747735921148 0.019456235760372777 0.023019957015420384 -0.0031017440572896969 -0.020471317064093608 0.036940356423272945 -0.010947057389241359 0.0039428417937123587 0.012167129225308132 0.0067144266670693025 0.025641639933455203 -0.027551487201201014 -0.01603566560192058 0.015789521705342442
leaf_weight=2344.2042993679643 405.63613599538803 46.214047454297543 2847.3778217434883 2409.5076460540295 5064.8644568324089 1124.4481064975262 9095.1265901401639 4007.4025999829173 6803.8532875776291 4904.2090306058526 3907.2799388170242 6004.6463772207499 546.25781030207872 5419.2868877053261
leaf_count=15830 2850 372 9270 13502 38606 3220 63855 21000 29875 23081 11625 60590 3755 20973
internal_value=7.07286e-05 -0.0127452 0.0153449 -0.00133519 -0.0181975 0.0220208 -0.0143538 0.00779778 0.00911864 0.00348048 0.0281666 -0.0271925 -0.00720407 0.01828
internal_weight=54930.3 29868.8 25061.5 9657.92 20210.9 13298.4 14160 11763.1 10811.3 7313.72 5031.73 6050.86 951.894 8266.66
internal_count=318404 215836 102568 52413 163423 45088 102461 57480 50875 36583 14845 60962 6605 30243
is_linear=0
shrinkage=0.05


Tree=43
num_leaves=15
num_cat=0
split_feature=1 1 11 3 2 13 13 1 4 1 1 11 3 2
split_gain=6632.03 973.183 964.416 311.029 235.42 207.522 141.937 75.6717 72.0061 61.1842 44.3235 41.7068 37.2757 32.6192
threshold=0.39187765121459966 0.19612508267164233 0.15112319588661197 0.38837058842182165 0.27435603737831121 0.18960753828287127 0.26587125658988958 0.31729157269001013 0.080729559063911452 0.62147840857505809 0.080949626863002791 0.44904477894306188 0.49195776879787451 0.037291742861270911
decision_type=2 2 2 2 2 2 2 2 2 2 2 2 2 2
left_child=1 5 9 4 -4 8 11 -8 -1 13 -7 -3 -5 -2
right_child=2 6 3 12 -6 10 7 -9 -10 -11 -12 -13 -14 -15
leaf_value=-0.032072768115445016 -0.017288994070156088 -0.014413214861180079 0.015503607505293449 0.0023973659552295364 0.005190895294487621 -0.025940428051618475 -0.0069275992048384201 0.00030417054647366996 -0.023463702682078504 0.030120623737532184 -0.014560484238874242 -0.0072191899614693078 -0.0061130404889975258 0.021565876841375075
leaf_weight=3449.2373127043247 55.443785160779953 5460.4612981677055 18209.072835803032 4123.0930632799864 7950.1482299864292 961.62732195854187 8053.6638610363007 6566.7506775856018 8210.0680319964886 7550.4926571249962 7763.7546945810318 3192.5885574519634 1870.323161482811 2097.5244860649109
leaf_count=9320 230 15579 82577 15758 30582 2581 24225 22441 22016 45600 21224 9205 6352 10714
internal_value=-3.59267e-05 -0.0136698 0.014185 0.0100155 0.0123694 -0.0216464 -0.0066834 -0.00367945 -0.0260106 0.0280005 -0.0158147 -0.0117589 -0.000258417 0.0205653
internal_weight=85514.2 43658.2 41856.1 32152.6 26159.2 20384.7 23273.5 14620.4 11659.3 9703.46 8725.38 8653.05 5993.42 2152.97
internal_count=318404 126591 191813 135269 113159 55141 71450 46666 31336 56544 23805 24784 22110 10944
is_linear=0
shrinkage=0.05


Tree=44
num_leaves=15
num_cat=0
split_feature=2 13 2 2 2 2 11 1 2 4 0 2 13 7
split_gain=3939.57 566.419 546.905 193.614 125.816 122.642 88.649 86.1492 81.8161 77.2528 25.9735 22.9859 21.5184 20.1996
threshold=0.26357844471931463 0.31585262715816503 0.54216191172599804 0.15960368514060977 0.8029831349849702 0.088695026934146895 0.13859393447637561 0.13519745320081714 0.38738436996936804 0.22734902054071429 0.025561830028891567 0.047468371689319618 0.098213788121938719 0.58945256471633922
decision_type=2 2 2 2 2 2 2 2 2 2 2 2 2 2
left_child=1 5 8 6 12 11 -3 -7 9 -2 -6 -1 -4 -10
right_child=2 3 4 -5 10 7 -8 -9 13 -11 -12 -13 -14 -15
leaf_value=-0.019859428066759548 0.011489809494911962 -0.029977592459442998 0.031218276912547607 -0.012373899912157989 0.041802512029947531 0.010477100797493486 -0.020349575795937824 -0.0038450060255144115 0.011225850564290357 0.00092693779239340606 0.029894448700250827 -0.010214144043574184 0.019162250324115185 0.022033428574974673
leaf_weight=998.58601590245962 2607.4876588732004 4068.2444434389472 391.1484110802412 5169.1853536888957 589.78842675685883 1287.5189736783504 5798.221509411931 5690.9068577215075 6494.9791069328785 5149.3592538014054 2048.0584441423416 1619.3974936306477 6884.421817779541 463.17172358930111
leaf_count=7744 11709 48491 1212 42411 1644 6236 52162 37616 29766 33508 5876 12134 25254 2641
internal_value=-1.65022e-05 -0.0141553 0.0141244 -0.0202127 0.0232021 -0.00466468 -0.0243195 -0.00120258 0.00800881 0.00447768 0.0325569 -0.0138932 0.0198104 0.0119453
internal_weight=49260.5 24632.1 24628.4 15035.7 9913.42 9596.41 9866.47 6978.43 14715 7756.85 2637.85 2617.98 7275.57 6958.15
internal_count=318404 206794 111610 143064 33986 63730 100653 43852 77624 45217 7520 19878 26466 32407
is_linear=0
shrinkage=0.05


Tree=45
num_leaves=15
num_cat=0
split_feature=3 14 3 9 13 0 6 1 0 0 12 0 5 9
split_gain=3925.17 535.402 476.066 293.839 183.204 160.361 115.049 107.99 64.343 46.4521 43.4025 42.2824 37.5781 35.2566
threshold=0.35986168682575231 0.22373275458812716 0.50893771648406994 0.21156671643257144 0.23986842483282092 0.23225137591362002 0.58682900667190563 0.36370746791362768 0.27496290206909185 0.41390703618526464 0.27658148109912878 0.70399495959281932 0.079159636050462737 0.41222879290580755
decision_type=2 2 2 2 2 2 2 2 2 2 2 2 2 2
left_child=1 8 7 5 -5 -3 11 13 12 -9 -10 -4 -1 -2
right_child=2 3 6 4 -6 -7 -8 9 10 -11 -12 -13 -14 -15
leaf_value=0.01298653518007126 0.0087060076445828732 -0.021819189896659919 0.015208259211287132 0.0015502828241014694 -0.0096434615813516863 -0.0019821442737680177 0.027060309317649807 -0.00093708696804009964 -0.0014137269728542318 0.0093440101728732763 -0.023215251582111525 0.022820175156913779 -0.02822960188533687 0.01629652816150336
leaf_weight=55.885711506009102 4781.9639775156975 5305.5813300535083 6699.5457609295845 5893.5900579169393 9624.7148972973228 1260.9120331555605 4466.710071131587 4090.154164634645 411.34734411537647 1502.1693451181054 512.97474842518568 2507.0682734549046 5294.4823953956366 2249.43396268785
leaf_count=515 20271 40389 25000 30002 66521 8892 13376 25052 3570 7995 4505 7702 56220 8335
internal_value=9.69067e-05 -0.0128059 0.0140116 -0.00914392 -0.00539227 -0.01801 0.0204757 0.00701008 -0.0256946 0.00182455 -0.013513 0.0172811 -0.0277991 0.0111343
internal_weight=54656.5 28359.5 26297 22084.8 15518.3 6566.49 13673.3 12623.7 6274.69 5592.32 924.322 9206.61 5350.37 7031.4
internal_count=318345 210614 107731 145804 96523 49281 46078 61653 64810 33047 8075 32702 56735 28606
is_linear=0
shrinkage=0.05


Tree=46
num_leaves=15
num_cat=0
split_feature=1 11 1 4 4 13 13 0 10 1 13 11 12 2
split_gain=5878.09 919.891 873.62 296.078 245.313 133.674 83.5225 71.5695 67.2361 61.9031 47.4299 40.8339 39.8847 31.6244
threshold=0.39187765121459966 0.15112319588661197 0.22829958051443103 0.43963779509067541 0.10398672148585321 0.34881131350994116 0.2770394235849381 0.038253197446465499 0.20016440004110339 0.62475481629371654 0.098213788121938719 0.12316718325018884 0.32310043275356298 0.037291742861270911
decision_type=2 2 2 2 2 2 2 2 2 2 2 2 2 2
left_child=2 9 4 5 10 -3 12 -5 -6 13 -1 -8 -4 -2
right_child=1 3 6 7 8 -7 11 -9 -10 -11 -12 -13 -14 -15
leaf_value=-0.034177031392205695 -0.017768879624113498 0.00035739575334578375 -0.0027071145142891911 0.022804533644270597 -0.019340382265513569 0.0091334088795115721 0.014211099701972388 0.013247396131650116 -0.012996428180210448 0.029585078857205321 -0.024540332096221189 -0.0028515069644448089 -0.011330338388014944 0.020908010190860693
leaf_weight=1637.3102097809315 54.206908196210861 8006.3031162470579 1791.7300969958305 2341.530055642128 7424.389517813921 9472.8179909586906 361.35289390385151 11987.643968820572 9547.627153724432 7153.6143424659967 5799.5400506556034 11835.364157795906 5329.6555485725403 2114.0941431373358
leaf_count=4455 226 29068 5298 11508 19971 38342 1252 56409 26287 45130 15598 38262 15404 11135
internal_value=-3.94261e-05 0.0135293 -0.0128023 0.00948127 -0.0190896 0.00511356 -0.00485817 0.0148091 -0.0157716 0.0273419 -0.026662 -0.00234599 -0.00916075 0.0199411
internal_weight=84857.2 41130.2 43727 31808.3 24408.9 17479.1 19318.1 14329.2 16972 9321.92 7436.85 12196.7 7121.39 2168.3
internal_count=318345 191818 126527 135327 66311 67410 60216 67917 46258 56491 20053 39514 20702 11361
is_linear=0
shrinkage=0.05


Tree=47
num_leaves=15
num_cat=0
split_feature=2 13 2 2 2 2 11 2 1 7 0 2 7 2
split_gain=3576.46 517.587 502.088 202.66 117.23 106.981 83.1958 72.9628 71.0349 48.1035 31.5216 29.1075 22.8438 21.4469
threshold=0.2584627121686936 0.30623115599155432 0.52657547593116771 0.13660874217748645 0.78447437286376964 0.082811735570430769 0.13859393447637561 0.35788665711879736 0.29688479006290441 0.22983517497777942 0.027338096871972088 0.19393481314182284 0.10056278854608537 0.66527721285820018
decision_type=2 2 2 2 2 2 2 2 2 2 2 2 2 2
left_child=1 5 7 6 13 -1 -3 9 -7 -2 -6 -5 -9 -4
right_child=2 3 4 11 10 8 -8 12 -10 -11 -12 -13 -14 -15
leaf_value=-0.01385188151036921 0.01042675433776219 -0.03053213310598988 0.015813813013500492 -0.01613068677929811 0.038947898969891044 0.0038583514777307997 -0.020427632849521316 0.021664704435214066 -0.0065584195807012191 0.00059041836987343624 0.0268241385880452 -0.0095160674723423159 0.009600716143655201 0.021265367510028832
leaf_weight=2199.0087479054928 1671.3231263905764 3615.4448148533702 4561.0013594031334 3693.2566600516438 690.78147029876709 3432.3173181638122 4666.2845392152667 413.48616644740105 3128.2237181663513 4849.2919481620193 2394.8166261315346 3025.7255014926195 7694.1681158989668 2984.7273762971163
leaf_count=16782 7737 45080 17573 33796 1921 17356 42936 1495 23872 31253 6913 24318 37319 9994
internal_value=-3.98001e-05 -0.0139649 0.0130587 -0.0196041 0.0213277 -0.0043077 -0.0248388 0.00704917 -0.00110862 0.00311161 0.0295383 -0.013152 0.010216 0.0179702
internal_weight=49019.9 23760.3 25259.6 15000.7 10631.3 8759.55 8281.73 14628.3 6560.54 6520.62 3085.6 6718.98 8107.65 7545.73
internal_count=318345 204140 114205 146130 36401 58010 88016 77804 41228 38990 8834 58114 38814 27567
is_linear=0
shrinkage=0.05


Tree=48
num_leaves=15
num_cat=0
split_feature=3 14 0 3 14 7 6 0 0 3 11 12 5 2
split_gain=3548.11 505.93 415.509 263.628 242.764 103.222 101.185 70.0158 64.1199 49.8632 47.9626 42.3939 36.9256 23.3395
threshold=0.35986168682575231 0.22373275458812716 0.5050739347934724 0.1610410884022713 0.35015222430229193 0.19170728325843814 0.58682900667190563 0.038253197446465499 0.27496290206909185 0.44180342555046087 0.12316718325018884 0.27658148109912878 0.079159636050462737 0.017205452546477321
decision_type=2 2 2 2 2 2 2 2 2 2 2 2 2 2
left_child=1 8 5 7 -5 -2 10 -3 12 -7 -4 -10 -1 -8
right_child=2 3 6 4 -6 9 13 -9 11 -11 -12 -13 -14 -15
leaf_value=0.013151198740264478 0.015082542175384376 -0.024645355822756742 0.0017584625537226161 -0.011872978695837704 0.00067085102618966381 0.00117732799025906 0.043337398985222146 -0.013594687963392008 -0.00089274752680853207 0.0083956365785262804 0.017223347866378042 -0.022675529537686367 -0.027779628575634603 0.024901414775286689
leaf_weight=55.707356490194798 2813.3287108689547 2173.8164545968175 530.28623749315739 7339.4863200858235 8129.3807168602943 5678.309720441699 179.40390126407146 4208.1391168907285 405.8071201145649 4134.5139074772596 9190.8306798487902 496.83681059628725 5069.3730338290334 3983.208832025528
leaf_count=515 10311 17438 2120 53400 44522 31951 511 30444 3570 19573 31800 4505 56220 11465
internal_value=0.000107179 -0.0123461 0.0132034 -0.0088084 -0.0052808 0.00663934 0.0191729 -0.0173588 -0.0251705 0.00421867 0.0163797 -0.0128825 -0.0273347 0.025696
internal_weight=54388.4 27878.5 26509.9 21850.8 15468.9 12626.2 13883.7 6381.96 6027.72 9812.82 9721.12 902.644 5125.08 4162.61
internal_count=318345 210614 107731 145804 97922 61835 45896 47882 64810 51524 33920 8075 56735 11976
is_linear=0
shrinkage=0.05


Tree=49
num_leaves=15
num_cat=0
split_feature=1 11 4 4 1 13 1 1 4 13 10 5 12 11
split_gain=5248.66 963.417 671.864 313.564 168.289 107.195 100.1 85.479 85.0319 45.6584 42.1882 34.6417 25.4787 24.581
threshold=0.36697873473167425 0.16442550718784335 0.13380960375070575 0.39339484274387365 0.23563601076602939 0.34881131350994116 0.82321473956108104 0.61447674036026012 0.080729559063911452 0.2770394235849381 0.52261650562286388 0.067664887756109252 0.29893897473812109 0.59522229433059703
decision_type=2 2 2 2 2 2 2 2 2 2 2 2 2 2
left_child=2 7 8 5 10 -3 -5 12 -1 -6 -4 -9 -2 -10
right_child=1 3 4 6 9 -7 -8 11 13 -11 -12 -13 -14 -15
leaf_value=-0.028755774654349565 0.011746888682096982 -0.0013174259267548808 -0.013415899237482785 0.010618983078461462 -0.0085490628812763588 0.0070424787223580037 0.019919023476547282 -0.0088968038450036712 -0.020543391444484169 -0.0029240102799378935 0.0016884145718598937 0.028755530362496718 0.022080070618281239 -0.011274574633067535
leaf_weight=3666.8285831212997 1043.2524308413267 7859.0267132818699 12053.355258822441 14473.966400593519 5771.1871115267277 7488.0662277936935 3616.2588017582893 61.597328141331673 8519.4155050218105 9622.329857468605 480.74446859955788 7387.9113516658545 1393.2291619628668 780.8679002225399
leaf_count=10035 5394 27571 32995 65343 16648 29327 18687 311 22804 30502 1390 48192 7046 2100
internal_value=-5.47176e-05 0.0120726 -0.0129022 0.00801835 -0.00853524 0.00276149 0.0124781 0.0257853 -0.0223075 -0.0050329 -0.0128366 0.0284442 0.0176556 -0.0197652
internal_weight=84218 43323.3 40894.7 33437.3 27927.6 15347.1 18090.2 9885.99 12967.1 15393.5 12534.1 7449.51 2436.48 9300.28
internal_count=318345 201871 116474 140928 81535 56898 84030 60943 34939 47150 34385 48503 12440 24904
is_linear=0
shrinkage=0.05


Tree=50
num_leaves=15
num_cat=0
split_feature=2 13 2 2 2 2 11 2 1 4 0 2 13 13
split_gain=3237.52 487.095 434.193 197.879 105.064 99.4837 82.3624 64.259 63.3003 43.3232 29.3046 27.7757 20.265 19.9988
threshold=0.2584627121686936 0.30623115599155432 0.52657547593116771 0.13660874217748645 0.78447437286376964 0.082811735570430769 0.13859393447637561 0.35788665711879736 0.29688479006290441 0.22734902054071429 0.021852194331586364 0.19393481314182284 0.36703149974346166 0.11743159592151643
decision_type=2 2 2 2 2 2 2 2 2 2 2 2 2 2
left_child=1 5 7 6 12 -1 -3 9 -7 -2 -6 -5 -4 -9
right_child=2 3 4 11 10 8 -8 13 -10 -11 -12 -13 -14 -15
leaf_value=-0.013427052091164807 0.0088888134183332176 -0.030192630175991549 0.01568120007734455 -0.015614009201348134 0.039153442422800458 0.0035956715901499154 -0.019946694219255372 0.019244962117125869 -0.0062494273093293721 0.00018985801603516644 0.025617784589059681 -0.0090963524929717089 0.022838145241365897 0.0090260704704878455
leaf_weight=2165.3260742127895 2118.7507026046515 3446.9937589541078 6484.0142524838448 3613.0422935038805 471.07363373041153 3449.2903399020433 4550.9808551371098 510.67294581234455 3100.1109598875046 4411.181952945888 2645.4162441790104 2985.2430724799633 1167.1097513139248 7666.6639446765184
leaf_count=16782 9471 45080 22979 33796 1295 17356 42936 1839 23872 29519 7539 24318 4588 36975
internal_value=-2.50291e-05 -0.01349 0.0122962 -0.0190747 0.0199251 -0.00413614 -0.0243625 0.00671086 -0.00106443 0.00301239 0.0276638 -0.0126652 0.0167729 0.00966424
internal_weight=48785.9 23311 25474.9 14596.3 10767.6 8714.73 7997.97 14707.3 6549.4 6529.93 3116.49 6598.29 7651.12 8177.34
internal_count=318345 204140 114205 146130 36401 58010 88016 77804 41228 38990 8834 58114 27567 38814
is_linear=0
shrinkage=0.05


Tree=51
num_leaves=15
num_cat=0
split_feature=3 7 3 14 3 6 1 3 13 12 11 3 3 12
split_gain=3218.3 443.943 442.63 181.976 164.913 107.749 83.2236 79.6598 72.9274 58.1968 37.3613 33.7556 29.4139 26.5805
threshold=0.34270542860031133 0.37781314551830297 0.48001678287982946 0.19143228977918628 0.14518291503190997 0.58682900667190563 0.36370746791362768 0.23375004529953006 0.23565807193517688 0.25441519916057592 0.12316718325018884 0.21706124395132068 0.057847445830702789 0.26195882260799414
decision_type=2 2 2 2 2 2 2 2 2 2 2 2 2 2
left_child=1 4 6 11 12 10 13 -5 -6 -8 -4 -3 -1 -2
right_child=2 3 5 7 8 -7 9 -9 -10 -11 -12 -13 -14 -15
leaf_value=-0.024720960102561779 0.021413438867731477 -0.030127865170898518 0.0013456884643663724 -0.018357159424579866 0.0034055352260983678 0.023672919587029408 0.0093349193333216902 -0.0097556539001128813 -0.0065856837626048215 -0.0024218492820965672 0.015223115804701934 -0.021588015696946447 -0.012312307178662807 0.0077396028539665294
leaf_weight=617.24352702498436 377.78603020310402 2552.8542973697186 507.40846507251263 5930.9097859188914 4374.3035886362195 4589.8698435425758 1371.2707721069455 4928.5059450417757 3135.5827365294099 4529.4412525817752 10983.801331847906 2116.4860725551844 2110.6076309606433 5999.0418665856123
leaf_count=4498 1747 30378 2017 50494 21075 13527 8844 37343 18598 27858 39369 24209 13970 24418
internal_value=0.000117144 -0.0126737 0.0117388 -0.0180026 -0.0045907 0.017197 0.00458976 -0.0144534 -0.000766072 0.000310315 0.0146103 -0.026257 -0.0151201 0.00854969
internal_weight=54125.1 25766.5 28358.6 15528.8 10237.7 16081.1 12277.5 10859.4 7509.89 5900.71 11491.2 4669.34 2727.85 6376.83
internal_count=318345 200565 117780 142424 58141 54913 62867 87837 39673 36702 41386 54587 18468 26165
is_linear=0
shrinkage=0.05


Tree=52
num_leaves=15
num_cat=0
split_feature=4 11 4 1 1 7 1 4 5 3 9 2 1 5
split_gain=4691.61 878.552 604.823 327.925 157.267 122.615 89.5438 81.2714 74.8811 42.9199 42.1408 30.144 24.3425 23.6873
threshold=0.28977462649345404 0.15112319588661197 0.13380960375070575 0.49409069120883947 0.30042107403278356 0.31921316683292394 0.60782316327095043 0.080729559063911452 0.18517271429300311 0.48001678287982946 0.44828899204730993 0.044482989236712463 0.22097337245941165 0.32360087335109716
decision_type=2 2 2 2 2 2 2 2 2 2 2 2 2 2
left_child=2 6 7 8 10 -5 11 -1 -3 -6 -4 -2 -9 -8
right_child=1 3 4 5 9 -7 13 12 -10 -11 -12 -13 -14 -15
leaf_value=-0.027453529427010345 -0.004685126123404576 -0.0068401309809802708 -0.0095026625814029868 0.002229861153477074 -0.00037314473694252843 0.013506834277270488 0.028592414945983587 -0.01908791985819586 0.0034267398649954757 -0.0079867173840292138 -0.015578236882731101 0.018179918361743496 -0.0039962595761612761 0.010250834925396213
leaf_weight=3639.8256372511387 154.84539957344532 2092.1534537374973 15425.153223663568 2809.0569672435522 6359.31797491014 16987.408165082335 6691.7598359584808 9030.8286456763744 11751.435731858015 2611.1056083440781 3502.0817632675171 2085.7177075147629 275.34340280294418 180.78389653563499
leaf_count=10035 619 7334 43277 11078 20795 81536 45916 24182 43661 8033 9514 10474 748 1143
internal_value=-6.84433e-05 0.011509 -0.0121872 0.00777848 -0.00804237 0.0119067 0.02528 -0.021119 0.00187513 -0.0025893 -0.0106268 0.0165997 -0.0186414 0.0281099
internal_weight=83596.8 42753.2 40843.7 33640.1 27897.7 19796.5 9113.11 12946 13843.6 8970.42 18927.2 2240.56 9306.17 6872.54
internal_count=318345 201761 116584 143609 81619 92614 58152 34965 50995 28828 52791 11093 24930 47059
is_linear=0
shrinkage=0.05


Tree=53
num_leaves=15
num_cat=0
split_feature=2 13 2 2 2 2 11 2 1 9 2 2 2 7
split_gain=2929.69 458.68 376.129 192.699 92.468 88.6183 81.6809 66.2913 56.1339 50.6743 26.4267 18.8919 16.921 16.1718
threshold=0.2584627121686936 0.30623115599155432 0.60828465223312389 0.13660874217748645 0.080851573497056975 0.40547111630439764 0.13859393447637561 0.86463606357574474 0.29688479006290441 0.33497890830039984 0.19393481314182284 0.047468371689319618 0.74937701225280773 0.59195369482040416
decision_type=2 2 2 2 2 2 2 2 2 2 2 2 2 2
left_child=1 4 5 6 11 9 -3 12 -6 -2 -5 -1 -4 -7
right_child=2 3 7 10 8 13 -8 -9 -10 -11 -12 -13 -14 -15
leaf_value=-0.018673328910069151 0.0011555957628897361 -0.029855056077832561 0.016484216195061765 -0.015109069467248061 0.0032719562548499124 0.010682840373839082 -0.01945868143585338 0.030598165820693586 -0.0059633234755507728 0.0087519717689345435 -0.008699004286763911 -0.0090183782244977317 0.021659954021675767 0.02029119521268526
leaf_weight=892.93322117626667 5621.1856406405568 3289.4909192547202 4031.8280812799931 3537.4413229227066 3498.9104358330369 7990.7875192910433 4438.4671300277114 1368.6962060928345 3105.9684389904141 3602.3266615271568 2947.7698371261358 1171.2158357352018 2595.8559778034687 463.31677101552486
leaf_count=7212 35733 45080 13761 33796 17574 33848 42936 3705 24166 17031 24318 9058 7690 2437
internal_value=-1.2744e-05 -0.0130221 0.011582 -0.0185507 -0.00395778 0.00751169 -0.023884 0.0205802 -0.00107097 0.00412243 -0.0121955 -0.013195 0.0185114 0.0112094
internal_weight=48556.2 22882.2 25674 14213.2 8669.03 17677.6 7727.96 7996.38 6604.88 9223.51 6485.21 2064.15 6627.68 8454.1
internal_count=318345 204140 114205 146130 58010 89049 88016 25156 41740 52764 58114 16270 21451 36285
is_linear=0
shrinkage=0.05


Tree=54
num_leaves=15
num_cat=0
split_feature=0 10 3 0 13 14 0 11 13 0 12 0 2 14
split_gain=2928.26 552.832 337.73 298.968 125.318 97.4182 96.9607 64.4349 53.7623 44.2353 42.9647 42.6187 28.5741 28.398
threshold=0.30795879662036901 0.40748009085655218 0.48001678287982946 0.073596268892288222 0.23986842483282092 0.19143228977918628 0.70399495959281932 0.16796402633190158 0.53768569231033336 0.1949296370148659 0.29893897473812109 0.038253197446465499 0.03924288600683213 0.20122936367988589
decision_type=2 2 2 2 2 2 2 2 2 2 2 2 2 2
left_child=1 3 7 11 -5 -3 13 10 -9 -7 -2 -1 -8 -4
right_child=2 5 6 4 -6 9 12 8 -10 -11 -12 -13 -14 -15
leaf_value=-0.023400838759204335 0.004799812989858882 -0.026449888144949321 0.0031049283637928269 0.0034052067818399465 -0.0068904145088073262 -0.020580230387604006 0.028400909902409701 0.0053381456288666349 0.022105997108542972 -0.012106468733518122 -0.01669677565577363 -0.013028145700654293 0.019668720403656064 0.014024342904682463
leaf_weight=1805.3514493405819 407.26310536265373 4315.838952600956 634.43674668669701 5738.6714512705803 6094.5111975595355 3333.680788077414 1185.2915123403072 10103.3941295892 501.77976960688829 2862.6397507414222 541.49152271449566 2193.4263120144606 4469.4658931493759 9683.8241944909096
leaf_count=15058 3207 53066 2753 28149 40977 28818 3298 48474 3125 22610 4330 16943 12850 34687
internal_value=0.000122465 -0.0117936 0.0115265 -0.00589159 -0.00189741 -0.0206825 0.0162368 0.00501469 0.00613151 -0.0166654 -0.00746913 -0.0177112 0.0214991 0.0133529
internal_weight=53871.1 26344.1 27526.9 15832 11833.2 10512.2 15973 11553.9 10605.2 6196.32 948.755 3998.78 5654.76 10318.3
internal_count=318345 205621 112724 101127 69126 104494 53588 59136 51599 51428 7537 32001 16148 37440
is_linear=0
shrinkage=0.05


Tree=55
num_leaves=15
num_cat=0
split_feature=1 11 1 3 13 2 4 1 1 10 14 9 5 0
split_gain=4199.59 757.128 667.471 231.901 187.811 177.073 68.8942 55.1767 52.0622 40.4863 39.2828 32.1732 30.9658 26.5042
threshold=0.39818893373012548 0.14782070368528369 0.21739788353443149 0.38574880361557012 0.16477791965007785 0.25586614012718206 0.2808119952678681 0.641278237104416 0.069692645221948638 0.51430532336235057 0.19480647891759875 0.44828899204730993 0.053594080731272704 0.43920348584651953
decision_type=2 2 2 2 2 2 2 2 2 2 2 2 2 2
left_child=2 7 4 5 8 -3 11 12 -1 -6 -8 -4 -2 -5
right_child=1 3 6 13 9 -7 10 -9 -10 -11 -12 -13 -14 -15
leaf_value=-0.028343903139257217 -0.043097117535987509 0.013678520884243978 -0.0052399319742847759 0.0011199680338367629 -0.01318204518786875 0.0047606167698788261 0.01051761725831946 0.028145670676195556 -0.019731330016620689 0.0022816797937578949 -0.0014729894538329695 -0.01207747144228973 0.019471801606127534 -0.0074183475831139101
leaf_weight=2333.0576883852482 19.952723011374474 15854.706998258829 12283.216560050845 4758.8873970806599 13223.812226653099 8577.8389910012484 763.96757633984089 5875.34742449224 7077.920966565609 437.26823875308037 6449.9720279723406 2000.6363950669765 2213.2640374451876 1123.4550498872995
leaf_count=6519 69 77643 36508 18157 35813 34253 2678 42317 19014 1247 21694 5596 12931 3906
internal_value=-8.18514e-05 0.0120318 -0.0105249 0.00840182 -0.0164313 0.0105476 -0.00418608 0.0256028 -0.0218665 -0.0126871 -0.000203165 -0.00619762 0.0189128 -0.000510745
internal_weight=82993.3 38423.5 44569.9 30314.9 23072.1 24432.5 21497.8 8108.56 9410.98 13661.1 7213.94 14283.9 2233.22 5882.34
internal_count=318345 189276 129069 133959 62593 111896 66476 55317 25533 37060 24372 42104 13000 22063
is_linear=0
shrinkage=0.05


Tree=56
num_leaves=15
num_cat=0
split_feature=2 13 2 2 2 2 11 1 0 9 7 13 2 11
split_gain=2659.62 432.118 326.855 184.744 99.2934 90.7847 72.6913 45.604 44.4534 43.904 27.776 25.9698 25.1513 17.9252
threshold=0.2584627121686936 0.31585262715816503 0.66527721285820018 0.13660874217748645 0.40547111630439764 0.093791581690311446 0.13859393447637561 0.22829958051443103 0.027338096871972088 0.33497890830039984 0.076097346842288985 0.21057406067848208 0.19393481314182284 0.57000005245208751
decision_type=2 2 2 2 2 2 2 2 2 2 2 2 2 2
left_child=1 5 4 6 9 11 -3 -7 -4 -2 -10 -1 -5 -6
right_child=2 3 8 12 13 7 -8 -9 10 -11 -12 -13 -14 -15
leaf_value=-0.0060191425057309535 0.0012241849137171943 -0.029510281947221585 0.03158309244503333 -0.014857404500550101 0.011891136359292705 0.0040350293723551969 -0.019370713127144636 -0.004493952406752026 0.03173786619686033 0.0082809824216725381 0.018201718046756334 -0.016045045875313368 -0.0084072562737679563 0.0054441772747137913
leaf_weight=1086.8371109068394 5611.5096232965589 3114.2220451235771 840.20102772116661 3327.4972193092108 9114.8846797794104 2633.7310697957873 4087.768403455615 3870.6383042633533 409.94571337103844 3629.7996493428946 5017.7955424487591 1591.9987864270806 2769.0189897194505 1222.8362439572811
leaf_count=7548 35733 44787 2384 32705 37419 12741 40674 28467 1131 17031 15313 13884 23334 5194
internal_value=4.05076e-06 -0.0125727 0.0109433 -0.0183331 0.00776195 -0.00423085 -0.0237552 -0.00104042 0.0208808 0.00399595 0.0192241 -0.0119774 -0.0119278 0.0111285
internal_weight=48328.7 22481.7 25847 13298.5 19579 9183.21 7201.99 6504.37 6267.94 9241.31 5427.74 2678.84 6096.52 10337.7
internal_count=318345 204140 114205 141500 95377 62640 85461 41208 18828 52764 16444 21432 56039 42613
is_linear=0
shrinkage=0.05


Tree=57
num_leaves=15
num_cat=0
split_feature=0 10 3 0 0 14 10 12 14 0 0 0 14 2
split_gain=2647.27 520.414 297.227 281.617 101.095 94.086 92.9672 56.8737 116.167 83.5661 43.7941 36.1991 34.2698 26.9465
threshold=0.30795879662036901 0.40748009085655218 0.45486930012702947 0.066983755677938475 0.70399495959281932 0.19143228977918628 0.24358218908309939 0.25690954923629766 0.25820302963256841 0.41390703618526464 0.2213975787162781 0.023684883490204815 0.20122936367988589 0.03924288600683213
decision_type=2 2 2 2 2 2 2 2 2 2 2 2 2 2
left_child=1 3 7 11 12 -3 -5 9 -9 -2 -7 -1 -4 -6
right_child=2 5 4 6 13 10 -8 8 -10 -11 -12 -13 -14 -15
leaf_value=-0.027544959394199594 0.0047923184430790364 -0.025962105346027078 0.0018025554456817692 0.0023000113453894243 0.026872752659388283 -0.019308606525138359 -0.0064453527940713578 -0.011289940919296311 0.0047418568604806199 0.027430661023477677 -0.010414302144793058 -0.015347014624713605 0.012805408012811687 0.018419012119657633
leaf_weight=778.60155995190144 1394.8141072615981 4134.422550663352 753.91665455698967 6147.549825206399 1191.990907728672 3938.5361634939909 6009.5521936044097 1374.0420468598604 6360.7428982704878 575.97740003466606 2133.7950924709439 2779.5137955397367 11540.986374676228 4506.1462573111057
leaf_count=6693 9460 53066 3416 30749 3299 34623 41101 9401 29196 3063 16805 22584 42028 12861
internal_value=0.000130614 -0.0113535 0.0108781 -0.00564409 0.0146822 -0.0201443 -0.00202304 0.00382592 0.0018939 0.0114085 -0.0161832 -0.0180162 0.0121307 0.0201874
internal_weight=53620.6 25922 27698.6 15715.2 17993 10206.8 12157.1 9705.58 7734.78 1970.79 6072.33 3558.12 12294.9 5698.14
internal_count=318345 205621 112724 101127 61604 104494 71850 51120 38597 12523 51428 29277 45444 16160
is_linear=0
shrinkage=0.05


Tree=58
num_leaves=15
num_cat=0
split_feature=1 11 4 3 2 1 4 1 14 14 13 5 3 11
split_gain=3744.53 712.968 607.617 210.754 162.022 147.704 88.1339 54.407 45.8396 36.7634 30.4104 28.758 24.3971 23.3932
threshold=0.39818893373012548 0.14782070368528369 0.14144833385944369 0.38574880361557012 0.27160574495792394 0.29341711103916174 0.087022304534912123 0.641278237104416 0.16330985724925998 0.17757028341293338 0.098213788121938719 0.053594080731272704 0.49195776879787451 0.59522229433059703
decision_type=2 2 2 2 2 2 2 2 2 2 2 2 2 2
left_child=2 7 6 4 -3 8 10 11 -4 -7 -1 -2 -5 -8
right_child=1 3 5 12 -6 9 13 -9 -10 -11 -12 -13 -14 -15
leaf_value=-0.030355305597412275 -0.041013735040562292 0.012827288987505249 0.0050721172135647702 0.0016509717601844043 0.0040058776763554895 0.012385194308139011 -0.016455419806908032 0.027543239216899537 -0.0092325302544184248 -0.0021963090621922618 -0.021457100736830062 0.018790829260795925 -0.0053130434607222971 -0.0073418005749669064
leaf_weight=1386.7108563482761 20.290779128670692 16528.072123736143 578.57073482871056 4057.3460133671761 7598.0980423241854 448.7105890661478 9008.5147661566734 5626.1707106083632 17494.760020256042 11795.140307545662 3121.7892512083054 2155.9780070483685 1822.5873819738626 763.82375767827034
leaf_count=3911 69 81762 1744 15929 30134 1646 24141 42317 48720 38212 8638 12931 6134 2057
internal_value=-9.40966e-05 0.0114817 -0.00990762 0.00798046 0.0100491 -0.00590209 -0.0184111 0.0249465 -0.0087746 -0.00166193 -0.024194 0.0182332 -0.000507646 -0.0157431
internal_weight=82406.6 37808.5 44598 30006.1 24126.2 30317.2 14280.8 7802.44 18073.3 12243.9 4508.5 2176.27 5879.93 9772.34
internal_count=318345 189276 129069 133959 111896 90322 38747 55317 50464 39858 12549 13000 22063 26198
is_linear=0
shrinkage=0.05


Tree=59
num_leaves=15
num_cat=0
split_feature=2 13 2 2 2 2 2 11 4 13 0 13 13 13
split_gain=2409.68 376.632 349.05 132.933 75.2896 74.9574 72.5692 71.527 51.7247 45.2993 24.8721 22.5744 20.6578 16.6693
threshold=0.2321155518293381 0.31585262715816503 0.52657547593116771 0.13660874217748645 0.32062056660652166 0.78447437286376964 0.063455920666456236 0.12811917811632159 0.26015049219131475 0.21057406067848208 0.021852194331586364 0.11743159592151643 0.36703149974346166 0.50743931531906139
decision_type=2 2 2 2 2 2 2 2 2 2 2 2 2 2
left_child=1 6 4 7 8 12 -1 -3 -2 -8 -7 -6 -4 -5
right_child=2 3 5 13 11 10 9 -9 -10 -11 -12 -13 -14 -15
leaf_value=-0.01481795457476312 0.0063611622437647793 -0.029530349420970117 0.012706305070666338 -0.01072946459473868 0.016681103552198553 0.033417732402713694 0.0019703352717932569 -0.019178082179228118 -0.0029909826997244291 -0.0063290041797419332 0.021023792600055713 0.0069565225569865347 0.019804730718681503 -0.017063896920320683
leaf_weight=1505.5940914452076 2407.7388502657413 2768.1014173701406 6706.8873684406281 3516.9260912239552 634.62809878587723 476.03543743491173 2944.1563746333122 4200.5418772250414 3830.7853765413165 3723.6126600876451 2704.8281878829002 10006.85970466584 1209.8275315314531 1473.8141231685877
leaf_count=12486 11460 41884 22979 32136 2254 1295 16921 43577 28528 27774 7539 49245 4588 15679
internal_value=1.56014e-05 -0.0131756 0.00950801 -0.0188292 0.0049797 0.0163958 -0.0049032 -0.0232902 0.000618448 -0.00266443 0.0228786 0.00753647 0.0137911 -0.0126001
internal_weight=48110.3 20132.7 27977.6 11959.4 16880 11097.6 8173.36 6968.64 6238.52 6667.77 3180.86 10641.5 7916.71 4990.74
internal_count=318345 190457 127888 133276 91487 36401 57181 85461 39988 44695 8834 51499 27567 47815
is_linear=0
shrinkage=0.05


Tree=60
num_leaves=15
num_cat=0
split_feature=3 10 3 3 3 6 12 10 12 13 14 12 2 2
split_gain=2384.54 364.281 317.403 202.366 104.945 75.856 73.3744 72.845 112.604 70.0194 53.5243 33.2411 30.3336 17.6928
threshold=0.33094677329063421 0.40748009085655218 0.49195776879787451 0.13097141683101657 0.24442949891090396 0.61797496676445018 0.32655993103981024 0.28336346149444586 0.31850653886795049 0.23565807193517688 0.18120428919792178 0.25819419324398046 0.042843254283070571 0.037291742861270911
decision_type=2 2 2 2 2 2 2 2 2 2 2 2 2 2
left_child=1 3 7 11 10 12 -6 -2 -9 -5 -3 -1 -4 -7
right_child=2 4 5 9 6 13 -8 8 -10 -11 -12 -13 -14 -15
leaf_value=-0.020303862378785315 0.0081171681604061355 -0.028445398141689743 0.021573951468404767 0.0018671299520403581 -0.0084636339460445291 0.027071831170659123 -0.024118103943592831 0.0061696541291884326 -0.0057457993161490742 -0.0065992748358986901 -0.018995198617099935 -0.01044453421994968 0.011840451533754674 0.018849081766375713
leaf_weight=2271.4160719960928 6324.9862959757447 2724.6984753012657 861.90835814923048 4426.2532612755895 2792.1660870090127 874.32971780002117 1022.6932081207633 4524.0719610601664 3529.7409511879086 5447.7523523494601 3328.9585262387991 1370.8810410648584 11222.578038647771 2598.2111232876778
leaf_count=19159 26241 37082 2902 21959 24586 2511 11628 26532 21163 37884 30296 10466 38280 7338
internal_value=0.00011122 -0.0118521 0.00945658 -0.0065198 -0.0191555 0.0144063 -0.0126603 0.0041013 0.000947474 -0.00280401 -0.0232487 -0.016593 0.0125347 0.0209194
internal_weight=53320.6 23384.8 29935.8 13516.3 9868.52 15557 3814.86 14378.8 8053.81 9874.01 6053.66 3642.3 12084.5 3472.54
internal_count=318027 193060 124967 89468 103592 51031 36214 73936 47695 59843 67378 29625 41182 9849
is_linear=0
shrinkage=0.05


Tree=61
num_leaves=15
num_cat=0
split_feature=4 11 4 1 7 1 1 4 14 12 3 13 13 1
split_gain=3363.51 725.992 467.621 229.051 105.564 103.801 89.3414 79.4207 55.5279 35.6956 34.6194 30.3658 28.5098 23.0693
threshold=0.28977462649345404 0.15112319588661197 0.14144833385944369 0.49409069120883947 0.42488291859626776 0.30367144942283636 0.60782316327095043 0.087022304534912123 0.32928870618343359 0.30462373793125158 0.43558670580387121 0.2273330092430115 0.098213788121938719 0.22097337245941165
decision_type=2 2 2 2 2 2 2 2 2 2 2 2 2 2
left_child=2 6 7 8 -5 11 9 12 -3 -2 -7 -4 -1 -9
right_child=1 3 5 4 -6 10 -8 13 -10 -11 -12 -13 -14 -15
leaf_value=-0.029090661018648867 0.007654208724557774 0.003837502425428338 -0.01141733472825221 0.005142654397545572 0.012951428466092155 0.00060354996495764481 0.026393338497175775 -0.015611777345548207 -0.0030532618682074116 0.020645145205144572 -0.0059071654374975623 -0.0070844848336274469 -0.020461935557493774 -0.0036388012315681098
leaf_weight=1388.0451232194901 1008.423982411623 9534.1852308958769 6138.490498393774 6682.5452768057585 12283.613673567772 5322.8075319379568 6051.3537085652351 9367.9942540824413 4216.5712822079659 1111.7209772914648 3312.2993961125612 11849.330054730177 3084.6775143146515 420.37112253904343
leaf_count=3954 5191 35929 16657 29247 63317 17448 46972 25129 14991 5899 10248 33315 8592 1138
internal_value=-0.000172532 0.0099675 -0.0103137 0.00663784 0.0102001 -0.00639995 0.0232988 -0.0176199 0.0017245 0.0144661 -0.00189386 -0.00856311 -0.0231397 -0.0150976
internal_weight=81772.4 40888.4 40884 32716.9 18966.2 26622.9 8171.5 14261.1 13750.8 2120.14 8635.11 17987.8 4472.72 9788.37
internal_count=318027 201546 116481 143484 92564 77668 58062 38813 50920 11090 27696 49972 12546 26267
is_linear=0
shrinkage=0.05


Tree=62
num_leaves=15
num_cat=0
split_feature=2 13 2 11 2 2 13 1 0 2 2 7 10 9
split_gain=2207.9 379.76 297.354 125.423 107.141 70.2249 66.3677 53.0241 45.0389 40.5532 35.4777 24.7511 23.562 22.6818
threshold=0.2321155518293381 0.31585262715816503 0.43629616498947149 0.13859393447637561 0.74937701225280773 0.047468371689319618 0.25407944619655615 0.13827272504568103 0.16039857268333438 0.15960368514060977 0.11284140869975091 0.076097346842288985 0.464888945221901 0.33223125338554388
decision_type=2 2 2 2 2 2 2 2 2 2 2 2 2 2
left_child=1 5 6 10 12 -1 13 -7 -8 -5 -3 -6 -4 -2
right_child=2 3 4 9 11 7 8 -9 -10 -11 -12 -13 -14 -15
leaf_value=-0.017473490195021067 0.0023032854622270543 -0.029863678018863929 0.010628598867964634 -0.017927248391417946 0.032611604280203536 0.0052698507143819238 0.007316775870165184 -0.0050096882167644293 -0.0015141158001546911 -0.010736064146227547 -0.018585806166120683 0.019535535036233162 0.018585791892396879 0.0099748848715773327
leaf_weight=905.33797637373209 1295.3373768925667 2389.3149321824312 10230.234806209803 5037.8464964032173 401.66815575957298 1618.428708344698 1913.6985753551126 5578.6194785162807 5880.6463140770793 3209.4546169564128 984.73415085673332 3654.6266146600246 1023.3827321529388 3760.8399022817612
leaf_count=7777 7262 37577 38023 51991 1087 8361 13782 40924 36618 28907 14494 10349 4532 16343
internal_value=0.000170788 -0.0126581 0.00915622 -0.0184512 0.0138634 -0.00434905 0.00354815 -0.00269809 0.00065408 -0.0151288 -0.0265722 0.0208304 0.0113522 0.0080095
internal_weight=47884.2 19723.7 28160.4 11621.4 15309.9 8102.39 12850.5 7197.05 7794.34 8247.3 3374.05 4056.29 11253.6 5056.18
internal_count=318027 190031 127996 132969 53991 57062 74005 49285 50400 80898 52071 11436 42555 23605
is_linear=0
shrinkage=0.05


Tree=63
num_leaves=15
num_cat=0
split_feature=0 7 3 0 14 13 6 9 13 12 5 0 12 9
split_gain=2198.16 432.181 251.739 142.855 126.21 85.7047 69.62 58.174 55.5168 110.147 33.2961 29.4288 27.986 17.7672
threshold=0.29087823629379278 0.42488291859626776 0.47615027427673345 0.073596268892288222 0.18120428919792178 0.27339676022529608 0.61797496676445018 0.21401409804821017 0.27894595265388494 0.25949865579605108 0.063586488366127028 0.67052024602890026 0.22730005532503131 0.4032686203718186
decision_type=2 2 2 2 2 2 2 2 2 2 2 2 2 2
left_child=1 3 8 12 10 -5 11 -6 13 -10 -3 -4 -1 -2
right_child=2 4 6 5 7 -7 -8 -9 9 -11 -12 -13 -14 -15
leaf_value=-0.021841482187733016 0.0056481254336583631 0.08096186131668856 0.010050232431621488 0.0014494513829003772 -0.019270118310591531 -0.0086409961456314615 0.019626665579197469 -0.010749323196344779 0.010080811841810491 -0.0026674931305303807 -0.026186932341052807 0.01511485076039173 -0.011045063343867057 0.011829578650728491
leaf_weight=959.22688012570143 2812.8625100851059 7.2653074637055388 8977.7052342966199 6527.5683159381151 3677.5094227343798 3105.5585703849792 3471.1169345825911 4399.5494868457317 2479.8647288829088 5349.2090887948871 3519.322859056294 4214.8537599891424 1603.8244497701526 1981.2284923493862
leaf_count=7861 11362 71 32833 33171 33663 21038 9766 39460 16003 31485 49683 12395 11808 7428
internal_value=0.000119553 -0.0111669 0.00929141 -0.0045948 -0.0180745 -0.00180354 0.0133261 -0.0146289 0.00396529 0.00137054 -0.0259662 0.0116683 -0.0150856 0.0082027
internal_weight=53086.7 23799.8 29286.8 12196.2 11603.6 9633.13 16663.7 8077.06 12623.2 7829.07 3526.59 13192.6 2563.05 4794.09
internal_count=318027 196755 121272 73878 122877 54209 54994 73123 66278 47488 49754 45228 19669 18790
is_linear=0
shrinkage=0.05


Tree=64
num_leaves=15
num_cat=0
split_feature=1 11 4 3 2 4 1 4 5 14 1 13 13 9
split_gain=3011.85 687.519 444.824 185.307 131.382 92.6475 76.9289 74.5196 31.8943 30.3041 28.2794 27.3747 20.9855 20.7942
threshold=0.37339510023593908 0.16110882163047793 0.14144833385944369 0.41213698685169226 0.27435603737831121 0.24880846589803698 0.61113035678863536 0.087022304534912123 0.067664887756109252 0.17055157572031024 0.30367144942283636 0.098213788121938719 0.4309405386447907 0.39715199172496801
decision_type=2 2 2 2 2 2 2 2 2 2 2 2 2 2
left_child=2 6 7 4 -3 10 12 11 -8 -7 -4 -1 -2 -9
right_child=1 3 5 -5 -6 9 8 13 -10 -11 -12 -13 -14 -15
leaf_value=-0.027974373144502365 0.021413683536789373 0.0106371538513699 -0.0086937373428726105 -0.0020999488405144067 0.0031214683280087968 0.0083832596197542936 -0.014420236051413736 -0.011573045255030901 0.02591850028800376 -0.0025833194484002342 -0.0029457450023208853 -0.019477203521171275 0.010646444657429338 -0.016249999523203572
leaf_weight=1372.5585661530495 685.62687240540981 17352.584377139807 15742.18537068367 5345.2591224610806 8745.444415718317 679.45736791193485 49.406260550022125 4089.4072472453117 5980.3060050010681 8643.8906345367432 2476.4485648870468 3063.2725376486778 1331.0834720134735 5674.2346754074097
leaf_count=3954 3787 85937 43269 19194 34169 2275 273 10972 48035 27280 7375 8592 7654 15261
internal_value=-0.000179534 0.00971892 -0.00954401 0.00638152 0.00811865 -0.0058379 0.0227606 -0.0167326 0.025588 -0.00178411 -0.00791242 -0.0221064 0.014307 -0.0142911
internal_weight=81231.2 39489.7 41741.5 31443.3 26098 27542 8046.42 14199.5 6029.71 9323.35 18218.6 4435.83 2016.71 9763.64
internal_count=318027 199049 118978 139300 120106 80199 59749 38779 48308 29555 50644 12546 11441 26233
is_linear=0
shrinkage=0.05


Tree=65
num_leaves=15
num_cat=0
split_feature=2 13 2 11 2 2 13 1 0 2 2 1 7 11
split_gain=2004.69 357.191 258.516 121.151 95.1633 65.8954 58.4572 48.48 44.1438 39.3119 36.317 27.0332 25.8807 20.421
threshold=0.2321155518293381 0.31585262715816503 0.43629616498947149 0.13859393447637561 0.71976229548454296 0.047468371689319618 0.25407944619655615 0.13827272504568103 0.16039857268333438 0.15960368514060977 0.11284140869975091 0.056424777954816825 0.55121684074401867 0.53773310780525219
decision_type=2 2 2 2 2 2 2 2 2 2 2 2 2 2
left_child=1 5 6 10 12 -1 13 -7 -8 -5 -3 -6 -4 -2
right_child=2 3 4 9 11 7 8 -9 -10 -11 -12 -13 -14 -15
leaf_value=-0.017020701498646876 0.0088622121284809546 -0.029547847350140002 0.0097072897642747555 -0.017466481140232814 0.026539723876324989 0.005011585142483308 0.0072945532317299821 -0.0048059017998060578 -0.0014488917717147927 -0.010324911379381005 -0.017910887469617089 0.017006950940224842 0.019878028277551044 -0.00030715024062407162
leaf_weight=887.79897332563996 4384.4646747037768 2281.0235815681517 9882.1857246607542 4928.1152798980474 915.45464825630188 1626.1116748005152 1914.3349138870835 5547.0429175198078 5870.5695999339223 3164.2507519423962 949.56080311909318 3963.965670645237 667.74052418768406 704.81976223737001
leaf_count=7777 19506 37577 37014 51991 2472 8361 13782 40924 36618 28907 14494 11466 3039 4099
internal_value=0.000172731 -0.012215 0.00865657 -0.0179418 0.0130215 -0.00417074 0.0034253 -0.00258034 0.000701152 -0.014674 -0.0261274 0.0187954 0.010351 0.00759234
internal_weight=47687.4 19383.9 28303.5 11323 15429.3 8060.95 12874.2 7173.15 7784.9 8092.37 3230.58 4879.42 10549.9 5089.28
internal_count=318027 190031 127996 132969 53991 57062 74005 49285 50400 80898 52071 13938 40053 23605
is_linear=0
shrinkage=0.05


Tree=66
num_leaves=15
num_cat=0
split_feature=0 10 0 3 11 13 2 10 12 11 9 5 0 9
split_gain=1993.66 431.123 219.791 218.65 70.9419 66.1485 65.5316 54.1689 108.487 42.5496 39.9444 37.1268 32.7103 13.0494
threshold=0.29087823629379278 0.40748009085655218 0.066983755677938475 0.47615027427673345 0.19092712551355365 0.2770394235849381 0.042843254283070571 0.28336346149444586 0.26325912773609167 0.16796402633190158 0.21401409804821017 0.071748077869415297 0.023684883490204815 0.4032686203718186
decision_type=2 2 2 2 2 2 2 2 2 2 2 2 2 2
left_child=1 2 12 7 11 -4 -5 13 -9 -8 -6 -3 -1 -2
right_child=3 4 5 6 10 -7 9 8 -10 -11 -12 -13 -14 -15
leaf_value=-0.026061530049516137 0.0057916683699817699 0.035010508043266088 0.00090851489156146227 0.02131192776927044 -0.01913549377257236 -0.0070251313651814792 -0.00054660933330779671 0.0095051415022061256 -0.0029982513089132131 0.012021728258337907 -0.0099895608941200469 -0.02486236214220575 -0.014069477744365472 0.011040037135633882
leaf_weight=724.18325681239367 2880.3489226773381 26.065597869455814 6970.1457994952798 1888.5208867266774 2974.4933993369341 4216.8158971890807 707.0013417378068 2621.2958876490593 5130.1271934583783 14173.540687695146 1994.1993174776435 3889.9824489578605 2647.4786550179124 2011.4173781126738
leaf_count=6689 11696 263 36405 5707 27124 30958 2861 16781 30319 46426 17152 55540 22624 7482
internal_value=0.000125251 -0.0107516 -0.00545472 0.00879479 -0.0194312 -0.002082 0.0125381 0.00382993 0.00123002 0.0114246 -0.0154647 -0.0244638 -0.0166452 0.00794972
internal_weight=52855.6 23443.4 14558.6 29412.3 8884.74 11187 16769.1 12643.2 7751.42 14880.5 4968.69 3916.05 3371.66 4891.77
internal_count=318027 196755 96676 121272 100079 67363 54994 66278 47100 49287 44276 55803 29313 19178
is_linear=0
shrinkage=0.05


Tree=67
num_leaves=15
num_cat=0
split_feature=4 11 4 4 4 5 0 7 5 0 5 12 9 4
split_gain=2684.48 635.827 387.904 180.269 81.6903 70.4201 68.5665 64.4339 56.0418 55.9523 29.5321 26.8527 22.2912 22.0196
threshold=0.28977462649345404 0.15112319588661197 0.13380960375070575 0.44713632762432104 0.19826907664537433 0.18768561631441119 0.34986689686775213 0.082103349268436446 0.32360087335109716 0.044145917519927032 0.26995010673999792 0.30925042927265173 0.4032686203718186 0.092920556664466872
decision_type=2 2 2 2 2 2 2 2 2 2 2 2 2 2
left_child=2 6 7 5 12 -3 8 -1 -2 -5 -6 -8 -4 -9
right_child=1 3 4 9 10 -7 11 13 -10 -11 -12 -13 -14 -15
leaf_value=-0.025311783826734033 0.025239124634678207 -0.0036900362102894185 -0.0072333977342718507 0.017565623580808827 -0.0067292886827101002 0.0043575592558743369 0.0031275439555806146 -0.018138164159200588 0.0055027418389225272 0.0090781078521186935 -0.0021229439840039993 0.018134566714576902 -0.011608682341019236 -0.013404990484165547
leaf_weight=1758.8798061609268 6055.1465001627803 3244.8976622074842 7103.3361563980579 2422.6240150034428 5089.744061589241 16751.814532652497 566.15743726491928 3710.9548901319504 382.39534892141819 9782.8545791357756 10998.546521663666 629.54012568295002 4932.6655247211456 7273.2148015201092
leaf_count=5099 50018 11728 19412 13720 14967 66705 2697 10372 2252 51331 33783 3095 13296 19552
internal_value=-0.000186666 0.00904988 -0.00918999 0.00597437 -0.005911 0.00305166 0.0220245 -0.0164268 0.0240668 0.0107628 -0.00358022 0.0110288 -0.0090265 -0.0150041
internal_weight=80702.8 39835.4 40867.3 32202.2 28124.3 19996.7 7633.24 12743 6437.54 12205.5 16088.3 1195.7 12036 10984.2
internal_count=318027 201546 116481 143484 81458 78433 58062 35023 52270 65051 48750 5792 32708 29924
is_linear=0
shrinkage=0.05


Tree=68
num_leaves=15
num_cat=0
split_feature=2 13 2 11 2 13 2 0 1 2 13 2 13 11
split_gain=1823.18 316.169 265.456 105.78 86.8304 65.8894 57.117 46.5073 45.8254 32.4434 28.124 22.9775 19.9946 16.855
threshold=0.21500550955533984 0.31585262715816503 0.43094706535339361 0.13859393447637561 0.74937701225280773 0.25407944619655615 0.047468371689319618 0.18863824009895327 0.13827272504568103 0.11284140869975091 0.48849909007549291 0.91566705703735363 0.43701322376728063 0.53773310780525219
decision_type=2 2 2 2 2 2 2 2 2 2 2 2 2 2
left_child=1 6 5 9 12 13 -1 -7 -8 -3 -5 -6 -4 -2
right_child=2 3 4 10 11 7 8 -9 -10 -11 -12 -13 -14 -15
leaf_value=-0.016609050634264978 0.0080969119107646894 -0.029229721637794054 0.0092874883982244465 -0.01297802217249173 0.017091594211417628 0.0053635110079712665 0.0046366173442926291 -0.002551106792723485 -0.0053013556636859645 -0.017874534860475341 -0.019947701614220589 0.028854208369247843 0.016141894556625215 -0.00017680104608684913
leaf_weight=872.30386516451836 4720.9847881346941 2179.1303885281086 10534.671086490154 5303.2475470378995 3624.0180095136166 2725.6273581013083 1513.3438358306885 5818.1281997635961 4967.834452945739 884.30673414096236 1990.7430474571884 468.89814564585686 1183.448453322053 707.85293713957071
leaf_count=7777 21249 37577 38630 53606 10163 20234 7855 37181 37526 14097 21500 1273 5138 4221
internal_value=0.000177794 -0.0125259 0.00773211 -0.0181549 0.0121696 0.00271077 -0.0045975 -2.61868e-05 -0.00298086 -0.0259519 -0.0148803 0.0184392 0.00997974 0.00701812
internal_weight=47494.5 17710.9 29783.6 10357.4 15811 13972.6 7353.48 8543.76 6481.18 3063.44 7293.99 4092.92 11718.1 5428.84
internal_count=318027 179938 138089 126780 55204 82885 53158 57415 45381 51674 75106 11436 43768 25470
is_linear=0
shrinkage=0.05


Tree=69
num_leaves=15
num_cat=0
split_feature=0 10 0 0 14 13 13 12 2 11 8 3 0 9
split_gain=1805.44 406.046 205.476 193.9 75.6909 60.4309 59.2301 84.9477 57.7277 36.9962 31.0691 29.5953 29.0337 21.6567
threshold=0.29087823629379278 0.40748009085655218 0.062570098787546172 0.54403695464134227 0.18120428919792178 0.23986842483282092 0.29450553655624395 0.31850653886795049 0.042843254283070571 0.16796402633190158 0.073346886783838286 0.20651247352361682 0.023684883490204815 0.41222879290580755
decision_type=2 2 2 2 2 2 2 2 2 2 2 2 2 2
left_child=1 2 12 6 11 -4 13 -8 -5 -10 -6 -3 -1 -2
right_child=3 4 5 8 10 -7 7 -9 9 -11 -12 -13 -14 -15
leaf_value=-0.02563859102420098 0.0053327655788179091 -0.029537597562614877 0.0015531534620389822 0.021660303310594063 0.071584697945140399 -0.0057304898125652625 0.0059769705139260188 -0.0041052417086847402 -0.00028471340613157783 0.012387322271324011 -0.015463630871244461 -0.019964933922307634 -0.014058294661704804 0.010470227154959568
leaf_weight=702.04412634670734 4169.2003162354231 1690.5950449742377 5635.8055795058608 1670.4344291388988 10.270080499351023 5756.4634144380689 5217.0225709676743 3484.6586702391505 609.91929398477077 10349.417019024491 5398.330467030406 1545.5698548816144 2363.2794365808368 4038.1887251287699
leaf_count=6689 16883 26109 28259 4756 125 41048 31135 20206 2274 31445 50344 23501 20680 14573
internal_value=0.000125523 -0.010345 -0.00521921 0.0083145 -0.0189173 -0.00212724 0.00481344 0.00193947 0.0130018 0.0116821 -0.0152983 -0.0249658 -0.0167105 0.00786049
internal_weight=52641.2 23102.4 14457.6 29538.8 8644.77 11392.3 16909.1 8701.68 12629.8 10959.3 5408.6 3236.16 3065.32 8207.39
internal_count=318027 196755 96676 121272 100079 69307 82797 51341 38475 33719 50469 49610 27369 31456
is_linear=0
shrinkage=0.05


Tree=70
num_leaves=15
num_cat=0
split_feature=1 11 4 3 2 1 1 13 14 5 10 1 12 3
split_gain=2410.86 598.061 367.346 153.254 122.903 81.4755 71.0023 59.5305 33.4835 30.1768 29.7185 28.1314 23.6537 14.827
threshold=0.37339510023593908 0.16110882163047793 0.13380960375070575 0.39323833584785467 0.27435603737831121 0.23563601076602939 0.61113035678863536 0.11376338079571725 0.20122936367988589 0.067664887756109252 0.52261650562286388 0.065511871129274382 0.30007375776767736 0.51349544525146495
decision_type=2 2 2 2 2 2 2 2 2 2 2 2 2 2
left_child=2 6 7 4 -3 10 12 -1 -7 -8 -4 -9 -2 -5
right_child=1 3 5 13 -6 8 9 11 -10 -11 -12 -13 -14 -15
leaf_value=-0.021899225502918118 0.0070976384168035186 0.010147334571377162 -0.0089015307548674632 0.00029260252136750038 0.0027373902417246417 0.0066732326165208876 -0.014609187626861317 -0.0201922423126965 -0.0036071363598252138 0.02470588474313181 0.0037615597921280674 -0.012633752141629385 0.018181208748369534 -0.0051892689367703734
leaf_weight=2907.839462608099 863.87228585779667 15980.774374693632 12220.07029235363 4712.3083819895983 8611.3305085599422 834.74415871500969 49.244098857045174 1444.3994596004486 15486.899826586246 5517.8489980101585 481.58715555071831 8332.5523028075695 1087.1653066948056 1670.8538103103638
leaf_count=8298 5014 81993 33036 18038 33897 2788 273 4178 46764 48035 1383 22531 6427 5372
internal_value=-0.000192399 0.00883124 -0.00852053 0.00576083 0.00755262 -0.00541836 0.0214816 -0.0156184 -0.00308136 0.0243581 -0.00842141 -0.0137504 0.0132737 -0.00114233
internal_weight=80201.5 38493.4 41708.1 30975.3 24592.1 29023.3 7518.13 12684.8 16321.6 5567.09 12701.7 9776.95 1951.04 6383.16
internal_count=318027 199049 118978 139300 115890 83971 59749 35007 49552 48308 34419 26709 11441 23410
is_linear=0
shrinkage=0.05


Tree=71
num_leaves=15
num_cat=0
split_feature=5 11 5 13 1 1 13 0 5 5 1 0 13 11
split_gain=1355.73 372.145 192.049 143.679 72.3113 57.3217 46.7786 77.242 39.9708 28.7352 21.1709 20.25 16.0041 12.0907
threshold=0.31758078932762152 0.16442550718784335 0.48338824510574346 0.24400561302900317 0.091451339423656478 0.83496728539466869 0.25407944619655615 0.18863824009895327 0.15333267301321032 0.21956472098827365 0.63157218694686901 0.023684883490204815 0.10953843593597413 0.13859393447637561
decision_type=2 2 2 2 2 2 2 2 2 2 2 2 2 2
left_child=1 9 6 8 11 -5 12 -8 -3 13 -6 -4 -2 -1
right_child=2 3 4 5 10 -7 7 -9 -10 -11 -12 -13 -14 -15
leaf_value=-0.027655208024493734 0.014887864342107142 -0.0069097968271007344 0.029683623530548982 -0.0083574718467845695 0.0099260764406706413 -0.019832634103522758 0.0070057370695681591 -0.0032061538258386008 0.0030146425011380335 -0.016100884865097375 -0.0086129353999053367 0.01696569553972611 0.0058129938821229396 -0.018851637866779684
leaf_weight=2410.5815782397985 543.00188603997231 1374.1103817671537 357.33571979403496 9776.7666109353304 11174.730266213417 1224.5946744680405 2972.4532233737409 4911.3751972131431 3877.1537549197674 925.30303618311882 156.14654385298491 2522.1054041087627 4614.8377530053258 465.28805232048035
leaf_count=42102 1887 9975 974 85929 41037 14970 20779 29863 21441 14151 1157 7048 21312 5402
internal_value=0.000186511 -0.00968083 0.00744755 -0.00638682 0.0114686 -0.00963481 0.00306615 0.000644053 0.000417692 -0.023765 0.0096706 0.018544 0.00676837 -0.0262309
internal_weight=47305.8 20053.8 27252 16252.6 14210.3 11001.4 13041.7 7883.83 5251.26 3801.17 11330.9 2879.44 5157.84 2875.87
internal_count=318027 193970 124057 132315 50216 100899 73841 50642 31416 61655 42194 8022 23199 47504
is_linear=0
shrinkage=0.05


Tree=72
num_leaves=15
num_cat=0
split_feature=3 14 0 9 0 10 13 2 3 12 12 2 12 5
split_gain=1646.32 284.733 198.063 178.389 95.7145 81.7896 81.5558 74.754 40.1614 38.1106 34.0025 27.0812 26.7548 26.0563
threshold=0.32522904872894293 0.22373275458812716 0.41390703618526464 0.21038828045129779 0.22683790326118472 0.28336346149444586 0.23986842483282092 0.096903771162033095 0.22170628607273105 0.25570853054523474 0.25949865579605108 0.037291742861270911 0.31850653886795049 0.046871725469827659
decision_type=2 2 2 2 2 2 2 2 2 2 2 2 2 2
left_child=1 8 5 4 -3 -2 -5 11 13 -9 -10 -4 -7 -1
right_child=2 3 7 6 -6 12 -8 9 10 -11 -12 -13 -14 -15
leaf_value=0.090031181687263609 0.0066184754034891453 -0.018499668654838541 0.020952268377005197 0.00056188333175498492 -0.0003637789727449229 0.0010033664009125947 -0.0077670242223754531 0.020309026616323177 -0.0084165889011106471 0.0077524259822783007 -0.022346926574863858 0.01313842036875227 -0.0059264595568876083 -0.027017655112512931
leaf_weight=4.7646298035979262 5072.755965590477 4327.6363699734211 1416.585759177804 4941.5420693680644 874.52684769779444 3071.6992442347109 7253.1781624406576 633.56381519138813 725.79580445587635 13075.665997952223 1104.9414875395596 5104.641500107944 2548.3393318019807 2270.636148635298
leaf_count=48 22057 39155 4141 25906 7005 20223 56819 2882 9896 44725 15389 17307 17420 35054
internal_value=0.000131233 -0.0104942 0.00751978 -0.00769891 -0.0154509 0.00201569 -0.00439199 0.010429 -0.0223371 0.00833272 -0.0168242 0.0148358 -0.00213888 -0.0267726
internal_weight=52426.3 21503 30923.3 17396.9 5202.16 10692.8 12194.7 20230.5 4106.14 13709.2 1830.74 6521.23 5620.04 2275.4
internal_count=318027 189272 128755 128885 46160 59700 82725 69055 60387 47607 25285 21448 37643 35102
is_linear=0
shrinkage=0.05


Tree=73
num_leaves=15
num_cat=0
split_feature=1 11 4 3 13 4 7 1 12 0 12 9 5 1
split_gain=2153.42 556.987 334.2 148.071 99.1183 73.0097 59.8821 55.7593 31.4205 30.383 29.9342 24.3227 24.1929 24.1487
threshold=0.37339510023593908 0.14782070368528369 0.13380960375070575 0.34270542860031133 0.25009858608245855 0.24880846589803698 0.082103349268436446 0.641278237104416 0.30007375776767736 0.43000620603561407 0.27415889501571661 0.41222879290580755 0.067664887756109252 0.22097337245941165
decision_type=2 2 2 2 2 2 2 2 2 2 2 2 2 2
left_child=2 7 6 4 -3 11 -1 10 -7 -5 -2 -4 -9 -8
right_child=1 3 5 9 -6 8 13 12 -10 -11 -12 -13 -14 -15
leaf_value=-0.023496521652368381 0.0074590590887410923 0.00041735651827112195 -0.0056522202258887976 0.0020290560656976097 0.009495666843637212 -0.0045079665865781727 -0.013843984484766165 -0.026188852025237838 0.0012973661753327829 -0.004721436549956444 0.01981108420626591 -0.0094599334273348951 0.024955859177863651 0.0012774566073477239
leaf_weight=1724.0653826594353 833.85591796040535 3614.0833949446678 13656.564465105534 7823.1117205768824 17889.100666299462 4433.8293852508068 10635.376199215651 23.240490943193436 4913.882691308856 2118.181691378355 1191.1500547528267 6052.7707107961178 4536.6267971470952 270.7474516928196
leaf_count=5099 5394 14806 38021 31547 89752 14152 29180 142 15403 7370 7949 16395 42089 728
internal_value=-0.000198031 0.00840599 -0.00804709 0.00563692 0.00796986 -0.00509553 -0.0148374 0.021629 -0.00145623 0.000590735 0.0147248 -0.00682158 0.0246952 -0.0134686
internal_weight=79716.6 38029.4 41687.2 31444.5 21503.2 29057 12630.2 6584.87 9347.71 9941.29 2025.01 19709.3 4559.87 10906.1
internal_count=318027 199049 118978 143475 104558 83971 35007 55574 29555 38917 13343 54416 42231 29908
is_linear=0
shrinkage=0.05


Tree=74
num_leaves=15
num_cat=0
split_feature=5 11 5 13 1 1 13 0 8 5 1 0 13 11
split_gain=1227.81 350.413 167.426 133.64 64.0823 54.6481 41.8311 73.4553 37.5222 29.1914 18.9195 18.7929 14.1303 12.1099
threshold=0.31758078932762152 0.16442550718784335 0.48338824510574346 0.24400561302900317 0.091451339423656478 0.83496728539466869 0.25407944619655615 0.18863824009895327 0.25386087596416479 0.21956472098827365 0.63157218694686901 0.023684883490204815 0.10953843593597413 0.13859393447637561
decision_type=2 2 2 2 2 2 2 2 2 2 2 2 2 2
left_child=1 9 6 8 11 -5 12 -8 -3 13 -6 -4 -2 -1
right_child=2 3 4 5 10 -7 7 -9 -10 -11 -12 -13 -14 -15
leaf_value=-0.027280192087794169 0.01404005317743732 -0.0045492393913134452 0.028223055461935431 -0.0080471234887991936 0.0093472147142754855 -0.019382617996127331 0.0068545739311505829 -0.0031009594179302827 0.0040173143826024837 -0.015428189198582867 -0.0082679441466961736 0.015938222569373047 0.0055515235732092605 -0.018340628234170545
leaf_weight=2309.2291597090662 548.27253229916096 2202.4389237761497 354.99062702059746 9681.4391391202807 11249.250384047627 1194.4233428016305 2980.3850555345416 4897.4148879311979 3046.2016796544194 896.11022428795695 154.52620407193899 2530.1610870361328 4633.5036636590958 453.17955267429352
leaf_count=42102 1887 14301 974 85929 41037 14970 20779 29863 17115 14151 1157 7048 21312 5402
internal_value=0.000188966 -0.00929958 0.00705267 -0.00612984 0.0107927 -0.00929203 0.00296054 0.000665488 0.00042261 -0.0232698 0.00910852 0.0174498 0.00644968 -0.0258136
internal_weight=47131.5 19783 27348.5 16124.5 14288.9 10875.9 13059.6 7877.8 5248.64 3658.52 11403.8 2885.15 5181.78 2762.41
internal_count=318027 193970 124057 132315 50216 100899 73841 50642 31416 61655 42194 8022 23199 47504
is_linear=0
shrinkage=0.05


Tree=75
num_leaves=15
num_cat=0
split_feature=3 10 0 3 0 1 6 13 1 12 11 2 0 12
split_gain=1492.68 268.233 181.04 169.831 121.685 54.393 52.5341 45.8481 42.9106 47.9476 41.4815 34.5023 34.0848 16.729
threshold=0.33094677329063421 0.40748009085655218 0.062570098787546172 0.49195776879787451 0.2456784397363663 0.073656927794218077 0.21654026955366137 0.26587125658988958 0.32743635773658758 0.25441519916057592 0.1414773911237717 0.057946050539612777 0.023684883490204815 0.28369818627834326
decision_type=2 2 2 2 2 2 2 2 2 2 2 2 2 2
left_child=1 2 12 8 10 -5 -6 -4 13 -10 -3 -7 -1 -2
right_child=3 4 7 5 6 11 -8 -9 9 -11 -12 -13 -14 -15
leaf_value=-0.026159388375505063 0.014708292216198343 -0.025431801388057562 0.0008224874513521153 0.019189280061486083 0.0017505544402468681 0.015136748724787636 -0.013931346511108923 -0.0059653673765094626 0.0081838013241767298 -0.00119936085717543 -0.017097391434704064 0.0086906415446436052 -0.013298955790060405 0.005590413331714888
leaf_weight=663.96395814418793 548.69201511144638 2296.0007775314152 5720.6873966977 1740.4629034399986 1043.3063545040786 2520.2832784727216 1094.1130188293755 4401.8872917257249 1749.9323552884161 6133.1328274235129 4268.4655324928463 11771.294160179794 2299.7593818604946 6049.5235311090946
leaf_count=6640 2312 39928 29630 4727 9802 8027 10562 32716 11198 37715 43446 38368 20707 22740
internal_value=0.00016076 -0.00983534 -0.00531143 0.00729852 -0.0166386 0.0108437 -0.00627678 -0.00212927 0.00337366 0.000883572 -0.0200125 0.0098274 -0.0161801 0.00634863
internal_weight=52301.5 21788.2 13086.3 30513.3 8701.89 16032 2137.42 10122.6 14481.3 7883.07 6564.47 14291.6 2963.72 6598.22
internal_count=318518 193431 89693 125087 103738 51122 20364 62346 73965 48913 83374 46395 27347 25052
is_linear=0
shrinkage=0.05


Tree=76
num_leaves=15
num_cat=0
split_feature=4 11 4 1 13 1 4 1 14 13 13 10 5 5
split_gain=1956.21 552.175 280.58 165.747 67.6427 64.5562 63.3146 55.0338 47.3657 34.6034 26.5991 24.3242 17.7077 16.6865
threshold=0.28308498859405523 0.1414773911237717 0.13380960375070575 0.48490926623344427 0.2481215372681618 0.641278237104416 0.065652024000883116 0.23563601076602939 0.32928870618343359 0.57159155607223522 0.12097557634115221 0.19135172665119174 0.25870281457901007 0.067664887756109252
decision_type=2 2 2 2 2 2 2 2 2 2 2 2 2 2
left_child=2 5 6 8 -5 9 -1 11 -3 -2 -8 -4 -9 -7
right_child=1 3 7 4 -6 13 10 12 -10 -11 -12 -13 -14 -15
leaf_value=-0.02323669508634529 0.02005893726800741 0.0029200392143827443 -0.011433820692966331 0.0016805914065768949 0.0094607535876517785 -0.020452927953306676 -0.017411250830465113 -0.0059972311690530888 -0.0033283444976670157 0.0075059472888270393 -0.011478121906964119 -0.0063275768822300023 -0.0020596285406082986 0.024839147856076767
leaf_weight=1674.6023434400558 1152.9297147765756 9511.5592252612114 3118.2223318815231 3393.1738497465849 15813.858497478068 20.433523550629616 2428.59826618433 3870.8244903534651 4452.8728136718273 1048.0298119708896 8502.6149587333202 9252.7933238148689 10882.075590997934 4251.060787782073
leaf_count=5085 7421 35828 8349 14489 84724 126 6783 11283 15693 6199 23222 25043 33101 41172
internal_value=-0.000178707 0.00767923 -0.00801967 0.00507264 0.00808629 0.021038 -0.0141832 -0.00515516 0.000927602 0.0140816 -0.0127963 -0.00761465 -0.00309277 0.0246225
internal_weight=79373.6 39643.9 39729.7 33171.5 19207 6472.45 12605.8 27123.9 13964.4 2200.96 10931.2 12371 14752.9 4271.49
internal_count=318518 205652 112866 150734 99213 54918 35090 77776 51521 13620 30005 33392 44384 41298
is_linear=0
shrinkage=0.05


Tree=77
num_leaves=15
num_cat=0
split_feature=2 7 2 2 2 13 13 0 11 2 1 1 7 9
split_gain=1438.9 256.882 181.867 82.1807 67.9875 65.3453 41.0068 39.718 38.1979 30.4764 25.6469 25.5099 21.3442 19.1147
threshold=0.21500550955533984 0.49229380488395696 0.40547111630439764 0.13164027035236361 0.67789113521575939 0.21057406067848208 0.25407944619655615 0.19020156562328341 0.12811917811632159 0.07783024758100511 0.19612508267164233 0.056424777954816825 0.55121684074401867 0.33223125338554388
decision_type=2 2 2 2 2 2 2 2 2 2 2 2 2 2
left_child=1 5 6 8 12 10 13 -8 -3 -7 -1 -6 -4 -2
right_child=2 3 4 -5 11 9 7 -9 -10 -11 -12 -13 -14 -15
leaf_value=0.0033134295767063568 7.6632327629537074e-05 -0.027907178626813453 0.0070853195864729827 -0.011770529219217099 0.021798573788779474 -0.015190327898773275 0.0051528803536670768 -0.0025700920536178796 -0.018636088104030956 -0.0072264830491986527 -0.0057766117123002145 0.012862775673159297 0.015410619546627336 0.0074334947693316319
leaf_weight=1887.498930208385 1154.9265050515532 2050.5094800665975 10451.094348043203 2647.585642311722 943.52535229921341 1575.6082004830241 2426.9400219097733 5301.2073914855719 2424.8400378413498 5057.0642197802663 1317.6731497123837 5203.2793008983135 831.09565451741219 3748.8634348064661
leaf_count=9955 6771 40745 39971 31596 2578 15196 18654 34991 30423 42637 9685 15079 3942 16295
internal_value=0.00012285 -0.0115215 0.00669274 -0.0187531 0.0100036 -0.00628556 0.00212452 -0.000144777 -0.0228839 -0.00911831 -0.000423563 0.0142344 0.0076986 0.00570083
internal_weight=47021.7 16960.8 30060.9 7122.94 17429 9837.84 12631.9 7728.15 4475.35 6632.67 3205.17 6146.8 11282.2 4903.79
internal_count=318518 180237 138281 102764 61570 77473 76711 53645 71168 57833 19640 17657 43913 23066
is_linear=0
shrinkage=0.05


Tree=78
num_leaves=15
num_cat=0
split_feature=3 14 0 0 13 2 12 3 12 11 12 12 14 0
split_gain=1362.16 257.008 191.438 163.392 82.8097 75.4103 60.396 52.1253 42.4238 40.86 40.84 32.6478 27.2904 25.255
threshold=0.30992195010185247 0.28593075275421148 0.4026563167572022 0.050054579973220832 0.28399953246116644 0.096903771162033095 0.27658148109912878 0.22774215787649157 0.2906887829303742 0.12060485407710077 0.47240257263183599 0.26570507884025579 0.15627218037843707 0.023684883490204815
decision_type=2 2 2 2 2 2 2 2 2 2 2 2 2 2
left_child=1 7 4 13 -2 9 -5 12 -9 -4 -6 -7 -1 -3
right_child=2 3 5 6 10 11 -8 8 -10 -11 -12 -13 -14 -15
leaf_value=-0.027475555574421107 0.0056938165753819894 -0.025870286408462791 0.0021158847471255469 -0.0086249594047520719 -0.0022039758297121063 0.016238422510282249 -0.00095209633047378802 -0.0076969822115324996 -0.020099159750773431 0.014961324437402957 -0.028445631313135419 0.0065911757208316048 -0.018412780960753921 -0.014773573425946391
leaf_weight=1688.9403398558497 5347.650963537395 726.92295760661364 690.62183660268784 4081.5756228789687 5819.0867502205074 937.19810932129622 6900.9090519100428 1419.3354583978653 1341.0074415840209 5975.3135340064764 152.14292386174202 13647.382702916861 1634.6156670413911 1740.223229713738
leaf_count=29888 23587 7534 3077 32841 40659 4256 41811 16185 16621 18921 1734 46667 18279 16458
internal_value=0.000166162 -0.010273 0.00642709 -0.0064157 0.00117464 0.00922475 -0.00380367 -0.0188005 -0.0137221 0.0136305 -0.0028726 0.0072111 -0.0230182 -0.0180431
internal_weight=52102.9 19533.5 32569.4 13449.6 11318.9 21250.5 10982.5 6083.9 2760.34 6665.94 5971.23 14584.6 3323.56 2467.15
internal_count=318518 179617 138901 98644 65980 72921 74652 80973 32806 21998 42393 50923 48167 23992
is_linear=0
shrinkage=0.05


Tree=79
num_leaves=15
num_cat=0
split_feature=1 11 4 3 2 1 7 14 1 2 5 1 12 12
split_gain=1747.69 533.382 242.717 132.408 105.543 68.2547 62.4073 50.0406 38.7646 29.8442 29.3165 23.1158 22.1718 13.2894
threshold=0.34793832898139959 0.16796402633190158 0.13380960375070575 0.41213698685169226 0.32400515675544744 0.61113035678863536 0.082103349268436446 0.17757028341293338 0.23563601076602939 0.042843254283070571 0.067664887756109252 0.080949626863002791 0.269356518983841 0.40751448273658758
decision_type=2 2 2 2 2 2 2 2 2 2 2 2 2 2
left_child=2 5 6 4 -3 12 -1 9 -9 -4 -7 -8 -2 -5
right_child=1 3 7 13 -6 10 11 8 -10 -11 -12 -13 -14 -15
leaf_value=-0.022476110297873587 0.0055487080653925215 0.0078462432121269351 -0.0083838451590621463 -0.00060598435719893 0.00072736606959521144 -0.011013708797553977 -0.015857538008690341 -0.0074758626366691269 -0.0035511341685309176 0.011628811265139517 0.022873454380781814 -0.010689324378371744 0.015905069213593085 -0.0056091976621516935
leaf_weight=1675.2406318485737 844.38574298471212 19472.061730965972 254.79438742995262 4448.0602670162916 7106.7042197138071 64.634921059012413 2982.2980972230434 12221.381625980139 12966.80962665379 692.88682875037193 5085.4234966784716 7880.8030526340008 1332.1341430544853 1891.673332452774
leaf_count=5063 4920 98133 723 16094 26524 356 8607 32968 38223 2211 49180 21391 7925 6200
internal_value=-0.000184346 0.00710963 -0.00777459 0.00439405 0.00594278 0.0193108 -0.0134934 -0.00503105 -0.00545542 0.00624819 0.0224482 -0.0121082 0.0118873 -0.00209886
internal_weight=78919.3 40245.1 38674.2 32918.5 26578.8 7326.58 12538.3 26135.9 25188.2 947.681 5150.06 10863.1 2176.52 6339.73
internal_count=318518 209332 109186 146951 124657 62381 35061 74125 71191 2934 49536 29998 12845 22294
is_linear=0
shrinkage=0.05


Tree=80
num_leaves=15
num_cat=0
split_feature=2 13 2 14 2 2 9 8 2 1 2 13 0 7
split_gain=1310.87 242.034 158.59 85.7848 59.5676 52.0627 36.7149 41.5779 35.7459 35.442 26.7381 23.5448 23.525 20.409
threshold=0.21500550955533984 0.31585262715816503 0.40547111630439764 0.15974842756986621 0.67789113521575939 0.063455920666456236 0.33497890830039984 0.14261005818843844 0.10950841009616853 0.13827272504568103 0.15960368514060977 0.2806593924760819 0.023684883490204815 0.55121684074401867
decision_type=2 2 2 2 2 2 2 2 2 2 2 2 2 2
left_child=1 5 6 8 13 -1 7 -2 -3 -7 -5 -8 -6 -4
right_child=2 3 4 10 12 9 11 -9 -10 -11 -12 -13 -14 -15
leaf_value=-0.012948560445579245 0.024442598113186831 -0.028466745683521588 0.0066811422703154811 -0.01565078515453135 0.022476024597783559 0.0049731059884128362 0.0069724069529885514 -0.00073734341875450178 -0.016085464177308727 -0.0042789702649671099 -0.0090431115561229423 -0.001502062018913726 0.012336144797471683 0.014785607080005309
leaf_weight=1378.9177050516009 167.72154362499714 1676.7036259919405 10508.799482479692 4625.3237393461168 638.01440042257309 1345.234187990427 4172.4725456759334 7276.9683239683509 893.66423923522234 4489.7418832555413 2288.4854654222727 1019.9697839915752 5529.321922570467 838.8108664304018
leaf_count=12487 1542 33880 39971 55093 1794 6734 18396 50320 15419 34013 22611 6453 15863 3942
internal_value=0.00012574 -0.0111131 0.00634973 -0.0163631 0.00942987 -0.00421083 0.0020807 -0.000170064 -0.024162 -0.00214594 -0.0134636 0.00530774 0.0133851 0.00728022
internal_weight=46850.1 16698.1 30152.1 9484.18 17514.9 7213.89 12637.1 7444.69 2570.37 5834.98 6913.81 5192.44 6167.34 11347.6
internal_count=318518 180237 138281 127003 61570 53234 76711 51862 49299 40747 77704 24849 17657 43913
is_linear=0
shrinkage=0.05


Tree=81
num_leaves=15
num_cat=0
split_feature=0 10 0 0 13 0 14 12 12 2 2 14 1 0
split_gain=1244.81 318.605 175.786 120.132 63.7384 61.0492 48.1113 65.8973 45.3625 41.4694 35.4254 32.0044 27.5768 24.2222
threshold=0.29087823629379278 0.44331806898117071 0.050054579973220832 0.55786019563674938 0.26587125658988958 0.1949296370148659 0.23140510916709903 0.30236111581325537 0.32655993103981024 0.059079712256789214 0.12424910068511964 0.16330985724925998 0.087892714887857451 0.023684883490204815
decision_type=2 2 2 2 2 2 2 2 2 2 2 2 2 2
left_child=1 2 13 6 -4 11 7 -2 -7 -5 -8 -3 -11 -1
right_child=3 5 4 9 -6 8 10 -9 -10 12 -12 -13 -14 -15
leaf_value=-0.025517985953620304 0.0068338345431860729 -0.026902933571458461 0.000649303481406563 0.015946695602323591 -0.0064259957928046998 -0.0083855789390087278 0.011170125380407727 -0.010785331638729322 -0.023628315742664229 0.01511823832314127 0.0042129840229778231 -0.017957961120466718 0.0078186760032831829 -0.014236112067039076
leaf_weight=668.36360716819763 967.25018099695444 1701.0463821142912 7078.2117105424404 2829.3773491308093 5784.3668596111238 2068.4096639417112 2116.8022294789553 1175.7827292308211 638.86154512315989 1552.6126012504101 13493.251819811761 2426.3313391879201 7764.0255736783147 1651.0111127272248
leaf_count=7100 6937 31431 37683 8134 45984 23338 10203 8593 9386 4218 59447 26543 23689 15832
internal_value=0.000169663 -0.00885281 -0.00481715 0.00681348 -0.00253249 -0.0178173 0.00419198 -0.00283298 -0.0119826 0.0106452 0.00515641 -0.0216445 0.00903514 -0.0174872
internal_weight=51915.7 22016.6 15182 29899.1 12862.6 6834.65 17753.1 2143.03 2707.27 12146 15610.1 4127.38 9316.64 2319.37
internal_count=318518 197297 106599 121221 83667 90698 85180 15530 32724 36041 69650 57974 27907 22932
is_linear=0
shrinkage=0.05


Tree=82
num_leaves=15
num_cat=0
split_feature=4 11 4 4 7 0 3 0 4 2 12 9 11 4
split_gain=1557.22 478.775 235.336 118.439 59.779 53.742 49.1084 47.6172 41.4903 34.5968 21.7281 18.855 17.4789 17.2999
threshold=0.28308498859405523 0.1414773911237717 0.13380960375070575 0.43690755963325506 0.082103349268436446 0.038253197446465499 0.44180342555046087 0.34986689686775213 0.1933018043637276 0.22337672114372256 0.30809472501277929 0.4191210418939591 0.12316718325018884 0.098629582673311247
decision_type=2 2 2 2 2 2 2 2 2 2 2 2 2 2
left_child=2 7 4 6 -1 -5 -3 9 11 -2 -9 -4 -10 -6
right_child=1 3 8 5 13 -7 -8 10 12 -11 -12 -13 -14 -15
leaf_value=-0.021672881539729294 0.022875692859211923 0.0034021462265259473 -0.0053536611382023567 0.016153565088367208 -0.013856558687668628 0.0069728299138430332 -0.0027432550496377262 0.0028820698799674411 0.011589454747248193 0.0052316072791717448 0.017300940933893897 -0.0096454645644900583 -0.0030992950986218088 -0.009800509132731226
leaf_weight=1658.425396412611 4735.8974495232105 16008.849160037935 7184.5765824317932 1870.5356708616018 4485.803806334734 10783.822617888451 4079.180166170001 521.08821211755276 205.15583059191704 295.14377477765083 524.02175908535719 3974.9557119905949 15812.405620202422 6350.8370620906353
leaf_count=5064 47840 64605 19482 11578 12840 60478 14073 2550 608 1740 2788 10687 46999 17186
internal_value=-0.000186559 0.0069331 -0.00715302 0.00454102 -0.0128324 0.0083299 0.00215423 0.0198232 -0.00454183 0.0218406 0.0101117 -0.00688237 -0.00291116 -0.0114795
internal_weight=78490.7 38818.5 39672.2 32742.4 12495.1 12654.4 20088 6076.15 27177.1 5031.04 1045.11 11159.5 16017.6 10836.6
internal_count=318518 205652 112866 150734 35090 72056 78678 54918 77776 49580 5338 30169 47607 30026
is_linear=0
shrinkage=0.05


Tree=83
num_leaves=15
num_cat=0
split_feature=2 10 2 13 2 2 13 0 2 3 11 1 1 7
split_gain=1195.94 215.253 172.575 57.0062 56.17 51.8982 44.7269 42.9496 36.4438 36.0297 26.6819 22.2953 20.7753 19.3147
threshold=0.19393481314182284 0.44043494760990148 0.40547111630439764 0.21671713143587115 0.13164027035236361 0.67789113521575939 0.25798559188842779 0.18863824009895327 0.07783024758100511 0.21706124395132068 0.11397715285420419 0.056424777954816825 0.16827002167701724 0.55121684074401867
decision_type=2 2 2 2 2 2 2 2 2 2 2 2 2 2
left_child=1 3 6 12 10 13 -2 -8 -5 -6 -3 -7 -1 -4
right_child=2 4 5 8 9 11 7 -9 -10 -11 -12 -13 -14 -15
leaf_value=0.0025833814572444255 0.0049601798208102812 -0.027942772467622674 0.0062948248939708532 -0.015413090281557877 -0.0022602902482294434 0.019674004148059986 0.0045545190644008249 -0.0030731600706309144 -0.0071923969119562225 -0.017164460204609888 -0.019171363516782405 0.011297070489095255 -0.0057489283276999058 0.014142657870313022
leaf_weight=1576.2350442484021 5639.4543524309993 1670.4415692687035 10564.103612482548 1955.7503588534892 573.38255522400141 935.86309179663658 2651.8750688508153 6069.2089770585299 4339.7124833315611 1384.8727234303951 1802.5771124251187 5250.8833647668362 1423.8843379803002 846.87439855933189
leaf_count=8528 26917 36113 39971 21423 8742 2578 21509 42149 39790 16305 24907 15079 10565 3942
internal_value=0.000124986 -0.0116639 0.00555747 -0.00704323 -0.0195721 0.0088766 0.00149013 -0.000753764 -0.00974624 -0.0128005 -0.0233902 0.0125642 -0.00137121 0.00687726
internal_weight=46685.1 14726.9 31958.3 9295.58 5431.27 17597.7 14360.5 8721.08 6295.46 1958.26 3473.02 6186.75 3000.12 11411
internal_count=318518 166373 152145 80306 86067 61570 90575 63658 61213 25047 61020 17657 19093 43913
is_linear=0
shrinkage=0.05


Tree=84
num_leaves=15
num_cat=0
split_feature=3 14 0 0 13 2 10 3 12 12 11 0 12 1
split_gain=1134.59 227.908 148.465 146.756 69.0327 64.6366 51.6504 50.6974 41.0236 35.2708 33.1743 32.9425 31.5373 26.9674
threshold=0.30992195010185247 0.28593075275421148 0.4026563167572022 0.062570098787546172 0.28753623366355902 0.096903771162033095 0.41560856997966772 0.22774215787649157 0.2906887829303742 0.47240257263183599 0.12060485407710077 0.023684883490204815 0.26570507884025579 0.83496728539466869
decision_type=2 2 2 2 2 2 2 2 2 2 2 2 2 2
left_child=1 7 4 11 -2 10 -5 13 -9 -6 -4 -3 -7 -1
right_child=2 3 5 6 9 12 -8 8 -10 -11 -12 -13 -14 -15
leaf_value=-0.023342631706116349 0.0052074243358713884 -0.025112822790421652 0.0019368055667404759 -0.0013842301796408232 -0.0020097510048983059 0.015216470053076137 -0.010804597236698923 -0.0067553731319058806 -0.019203363338670263 -0.02773409441393164 0.013521533604877164 -0.012698479655779719 0.005799610320777018 -0.0041530798437621292
leaf_weight=2929.0213077440858 5478.5858967453241 686.18062967807055 688.70345029234886 8390.4839064776897 5682.867230001837 950.55384337902069 1760.3177656307817 1376.0972705334425 1275.2347673662007 136.44942650571465 6017.2490885257721 2415.5272191539407 13753.139742732048 195.2905276119709
leaf_count=45661 24161 7534 3077 51787 40141 4256 16361 16185 16621 1678 18921 22962 46667 2506
internal_value=0.000168951 -0.00953883 0.00581661 -0.00592638 0.00117932 0.00826372 -0.00301788 -0.0178278 -0.0127426 -0.00261293 0.0123318 -0.0154449 0.00640838 -0.0221432
internal_weight=51735.7 19028.2 32707.5 13252.5 11297.9 21409.6 10150.8 5775.64 2651.33 5819.32 6705.95 3101.71 14703.7 3124.31
internal_count=318518 179617 138901 98644 65980 72921 68148 80973 32806 41819 21998 30496 50923 48167
is_linear=0
shrinkage=0.05


Tree=85
num_leaves=15
num_cat=0
split_feature=1 11 4 3 2 1 1 13 13 14 5 12 7 1
split_gain=1396.16 455.228 203.818 111.189 89.8006 64.8246 55.4042 39.8094 39.6074 33.1129 24.6458 18.9 14.0943 12.2879
threshold=0.34793832898139959 0.16110882163047793 0.10673845931887628 0.41213698685169226 0.32062056660652166 0.22829958051443103 0.61113035678863536 0.20002886652946475 0.098213788121938719 0.20122936367988589 0.067664887756109252 0.30007375776767736 0.50562644004821788 0.061075165867805488
decision_type=2 2 2 2 2 2 2 2 2 2 2 2 2 2
left_child=2 6 8 4 -3 7 11 -4 -1 -7 -8 -2 -5 -10
right_child=1 3 5 12 -6 9 10 -9 13 -11 -12 -13 -14 -15
leaf_value=-0.021725763513849087 0.0058574469587564012 0.007252557507030518 -0.01028291854445827 -0.00068558428417016715 0.00073413132732014338 0.0078123354068246071 -0.013265175552069249 -0.00530327919627685 -0.016791230642057262 -0.0032795348719181967 0.021806830340661373 0.015841146939679904 -0.0064955364153985494 -0.011347432398400957
leaf_weight=1481.4120326340199 868.38231384754181 19215.64402128756 6716.5774867534637 5112.1787610203028 7287.4488132894039 707.29243671894073 50.644849210977554 9973.0874847769737 1340.8404136300087 13823.13196362555 4581.8290823101997 1043.9094815254211 1311.6806495934725 4568.5245080888271
leaf_count=4541 5204 99057 18076 17589 27360 2304 288 26992 4118 40380 48206 6645 4983 12775
internal_value=-0.000188902 0.00642369 -0.00694893 0.00402976 0.00546021 -0.0051814 0.0184677 -0.00730728 -0.0144153 -0.00273962 0.0214234 0.0113075 -0.00187191 -0.0125826
internal_weight=78082.6 39471.7 38610.9 32927 26503.1 31220.1 6544.77 16689.7 7390.78 14530.4 4632.47 1912.29 6423.86 5909.36
internal_count=318518 209332 109186 148989 126417 87752 60343 45068 21434 42684 48494 11849 22572 16893
is_linear=0
shrinkage=0.05


Tree=86
num_leaves=15
num_cat=0
split_feature=2 10 2 0 2 13 9 3 2 7 7 11 8 8
split_gain=1093.04 203.832 153.763 65.1211 55.0239 53.1988 41.5063 35.7654 35.5481 30.794 27.188 26.276 21.8823 21.7072
threshold=0.19393481314182284 0.44043494760990148 0.32062056660652166 0.14629339426755908 0.13164027035236361 0.21671713143587115 0.37495768070220953 0.21706124395132068 0.041123561561107642 0.10056278854608537 0.076097346842288985 0.11397715285420419 0.13810545951128009 0.28863736987113958
decision_type=2 2 2 2 2 2 2 2 2 2 2 2 2 2
left_child=1 5 6 10 11 13 12 -6 -7 -5 -4 -3 -2 -1
right_child=2 4 3 9 7 8 -8 -9 -10 -11 -12 -13 -14 -15
leaf_value=-0.0041383564417136363 0.016120733646404772 -0.027596487067388584 0.02461759749967864 0.012409948418496693 -0.0017835059909972835 -0.020146576407727278 0.0048356799799092152 -0.016749220650363949 -0.0080782964319259434 0.0043690019056168488 0.010096266661016652 -0.018740878090622436 -0.0028496348537051432 0.0050819563365194021
leaf_weight=2071.4277252964675 155.8123677149415 1598.0268588997424 333.79311418533325 1325.5438939481974 565.50184082984924 685.75023118034005 2887.824808396399 1357.6521498598158 5537.807514321059 11702.091419652104 9387.7725924178958 1760.4224757179618 6235.0020117796957 922.67960161715746
leaf_count=13242 1684 36113 928 4019 8742 7883 14193 16305 53330 48176 34879 24907 48266 5851
internal_value=0.000129153 -0.0112609 0.00528553 0.00749807 -0.0190927 -0.00677339 -0.000139145 -0.0123486 -0.00940805 0.00518716 0.0105949 -0.0229546 -0.00238712 -0.00129698
internal_weight=46527.1 14499.3 32027.8 22749.2 5281.6 9217.67 9278.64 1923.15 6223.56 13027.6 9721.57 3358.45 6390.81 2994.11
internal_count=318518 166373 152145 88002 86067 80306 64143 25047 61213 52195 35807 61020 49950 19093
is_linear=0
shrinkage=0.05


Tree=87
num_leaves=15
num_cat=0
split_feature=3 14 9 0 13 2 3 0 12 0 12 12 11 1
split_gain=1033.13 213.043 147.496 129.654 61.8087 59.6496 49.9133 39.7449 39.7431 33.7879 33.5078 29.519 29.4777 26.4252
threshold=0.30992195010185247 0.28593075275421148 0.20925095677375796 0.4026563167572022 0.28753623366355902 0.096903771162033095 0.22774215787649157 0.062570098787546172 0.2906887829303742 0.023684883490204815 0.47240257263183599 0.26570507884025579 0.12060485407710077 0.83496728539466869
decision_type=2 2 2 2 2 2 2 2 2 2 2 2 2 2
left_child=1 6 9 4 -2 12 13 -4 -8 -3 -6 -7 -5 -1
right_child=3 2 7 5 10 11 8 -9 -10 -11 -12 -13 -14 -15
leaf_value=-0.022901282466125401 0.0049862098073603957 -0.02601928303934305 -0.010473120895660366 0.0019015994547358674 -0.0018364544970978849 0.014506737417585236 -0.0063229839674997972 -0.0012193323070217911 -0.018701906505206443 -0.012397302816470739 -0.02735565858155381 0.0054395721430679578 0.012827294879223215 -0.0037883337991928808
leaf_weight=2835.4359429106116 5496.8126325309277 537.87913396209478 1348.5486899837852 687.66571723669767 5657.5486859939992 960.06824301928282 1357.2502143867314 8313.6059043444693 1241.468673415482 2962.1601609252393 131.62537530064583 13802.514254048467 6038.123696424067 193.16379852220416
leaf_count=45661 24161 6039 13143 3077 40141 4256 16185 52338 16621 27124 1678 46667 18921 2506
internal_value=0.000169503 -0.00917774 -0.00569651 0.00552827 0.00118888 0.00780737 -0.0173203 -0.00251089 -0.0122367 -0.0144907 -0.00241667 0.00602925 0.0117102 -0.0216823
internal_weight=51563.9 18789.5 13162.2 32774.4 11286 21488.4 5627.32 9662.15 2598.72 3500.04 5789.17 14762.6 6725.79 3028.6
internal_count=318518 179617 98644 138901 65980 72921 80973 65481 32806 33163 41819 50923 21998 48167
is_linear=0
shrinkage=0.05


Tree=88
num_leaves=15
num_cat=0
split_feature=1 11 4 3 2 1 1 13 13 11 12 2 5 1
split_gain=1246.06 421.389 189.381 107.124 90.3522 59.3603 46.1163 37.522 37.2823 25.2066 24.0691 14.1977 11.8129 11.5503
threshold=0.34793832898139959 0.13859393447637561 0.10673845931887628 0.41213698685169226 0.27435603737831121 0.22829958051443103 0.641278237104416 0.098213788121938719 0.20002886652946475 0.20513755083084109 0.269356518983841 0.044482989236712463 0.1747003644704819 0.061075165867805488
decision_type=2 2 2 2 2 2 2 2 2 2 2 2 2 2
left_child=2 6 7 4 -3 8 10 -1 -4 -7 -2 -8 -5 -9
right_child=1 3 5 12 -6 9 11 13 -10 -11 -12 -13 -14 -15
leaf_value=-0.020946528304833532 0.0055175922570803518 0.0076594182533418851 -0.0097828929432908131 -0.0038930526243399336 0.0017017467230891162 0.0050897889376267944 0.005509455975489898 -0.016105505055914727 -0.0049626560270118695 -0.0030996574712409998 0.017611801671454441 0.023012810232281841 0.00033791078840955408 -0.010806770861574362
leaf_weight=1465.3197489380836 723.77241200953722 17068.420656681061 6709.3765290677547 3115.9091631025076 10147.361155286431 1009.6598590165377 119.84437689185143 1328.6674649119377 9976.1995616257191 13541.733690977097 953.12061201781034 3480.8969175294042 3506.0622350722551 4551.7936154901981
leaf_count=4541 4916 93482 18076 11116 39711 3180 1259 4118 26992 39504 7117 39458 12273 12775
internal_value=-0.000188703 0.00609995 -0.00656417 0.00405041 0.00543811 -0.00486543 0.0192407 -0.0137878 -0.0069009 -0.00253143 0.0123918 0.0224302 -0.00165293 -0.012004
internal_weight=77698.1 39115.4 38582.8 33837.8 27215.8 31237 5277.63 7345.78 16685.6 14551.4 1676.89 3600.74 6621.97 5880.46
internal_count=318518 209332 109186 156582 133193 87752 52750 21434 45068 42684 12033 40717 23389 16893
is_linear=0
shrinkage=0.05


Tree=89
num_leaves=15
num_cat=0
split_feature=2 10 2 0 13 2 9 2 13 11 7 8 1 1
split_gain=998.33 190.736 143.332 59.1243 49.9737 48.1296 40.9357 31.9211 27.5886 25.9447 25.3313 23.857 23.142 20.3509
threshold=0.1885386407375336 0.44043494760990148 0.32062056660652166 0.14910081028938296 0.22950688749551776 0.13164027035236361 0.37495768070220953 0.041123561561107642 0.10953843593597413 0.11397715285420419 0.076097346842288985 0.13511449843645099 0.5733436942100526 0.16827002167701724
decision_type=2 2 2 2 2 2 2 2 2 2 2 2 2 2
left_child=1 4 6 10 13 9 11 -6 -5 -3 -4 -2 -7 -1
right_child=2 5 3 8 7 12 -8 -9 -10 -11 -12 -13 -14 -15
leaf_value=0.0022091353910306342 0.017280799334506158 -0.027254037269905374 0.02352840866226347 0.012329188440017074 -0.020129388350726474 -0.018687060917752789 0.0046150911574947126 -0.0082137269588911845 0.00412514988481371 -0.018305451631522151 0.0095004957756800873 -0.0028383808856224705 -0.0071190390922586128 -0.0057182671343276982
leaf_weight=1617.3126259297132 150.76500299945474 1531.339715693146 332.95909860730171 1122.4836087226868 633.77121149748564 775.83917798474431 3049.4262065254152 4967.3053899519145 11768.281894885004 1719.5137742683291 9617.929674744606 6495.1919964961708 976.48740397021174 1621.0311052203178
leaf_count=8873 1691 36113 932 3374 7515 8800 15046 49290 48039 24907 35657 51146 14677 12458
internal_value=0.000127677 -0.011119 0.00491247 0.00707455 -0.0067034 -0.0189203 -0.000181232 -0.009562 0.00483953 -0.0225208 0.00996987 -0.00238197 -0.0122408 -0.00175912
internal_weight=46379.6 13842.6 32537 22841.7 8839.42 5003.18 9695.38 5601.08 12890.8 3250.85 9950.89 6645.96 1752.33 3238.34
internal_count=318518 162633 155885 88002 78136 84497 67883 56805 51413 61020 36589 52837 23477 21331
is_linear=0
shrinkage=0.05


Tree=90
num_leaves=15
num_cat=0
split_feature=3 10 0 3 0 6 14 9 12 14 12 12 9 6
split_gain=937.239 206.885 116.816 116.697 63.4068 45.917 39.2984 38.6842 34.6842 31.2678 101.362 19.341 15.7701 15.0864
threshold=0.30992195010185247 0.40748009085655218 0.038253197446465499 0.45486930012702947 0.24369958788156512 0.20336321741342547 0.15974842756986621 0.5833338499069215 0.29545515775680548 0.27118565142154699 0.32073047757148748 0.30348898470401769 0.41222879290580755 0.55345848202705394
decision_type=2 2 2 2 2 2 2 2 2 2 2 2 2 2
left_child=1 2 -1 9 6 -6 -3 11 -4 10 -2 -5 -11 -9
right_child=3 4 8 7 5 -7 -8 13 -10 12 -12 -13 -14 -15
leaf_value=-0.018271330322633117 0.0054589869847552382 -0.023969024486462612 -0.0064819479927322732 0.011679569879016666 0.0035098055818659555 -0.014002321717023848 -0.015085739442369468 -0.006056847533918862 -0.00046857010002874442 0.0019563817767657954 -0.012198291393874182 0.0062863137294897377 0.006865589642237737 0.014954912263114845
leaf_weight=1399.3562183231115 1764.9081057459116 1881.8796699419618 3969.9139995388687 1862.7086804136634 647.64879225939512 886.91118702292442 3678.7376297935843 89.228416636586189 6055.6921429932117 8088.3163191601634 1506.5670480467379 15452.934860251844 2050.617299720645 2005.8078751936555
leaf_count=15064 12446 38879 30000 7277 6725 9629 41585 280 37516 41520 12837 50626 8356 5579
internal_value=9.01047e-05 -0.00890314 -0.00473861 0.00516477 -0.0156091 -0.00661147 -0.0180921 0.0076429 -0.00284973 0.00157785 -0.00267247 0.00686649 0.00294928 0.01406
internal_weight=51341.2 18520.1 11425 32821.1 7095.18 1534.56 5560.62 19410.7 10025.6 13410.4 3271.48 17315.6 10138.9 2095.04
internal_count=318319 179398 82580 138921 96818 16354 80464 63762 67516 75159 25283 57903 49876 5859
is_linear=0
shrinkage=0.05


Tree=91
num_leaves=15
num_cat=0
split_feature=1 11 13 3 1 2 1 13 1 13 11 12 12 2
split_gain=1109.53 325.212 231.771 85.0435 81.7469 69.8972 43.5419 35.6532 35.4897 24.7314 24.6739 22.9805 19.1641 17.7146
threshold=0.41023790836334234 0.13859393447637561 0.20622707158327105 0.35986168682575231 0.17161387205123904 0.27435603737831121 0.31729157269001013 0.11376338079571725 0.641278237104416 0.39434376358985906 0.47767679393291479 0.27415889501571661 0.24310997873544696 0.042843254283070571
decision_type=2 2 2 2 2 2 2 2 2 2 2 2 2 2
left_child=2 8 4 5 7 -3 9 -1 11 -4 -6 -2 -8 -10
right_child=1 3 6 -5 10 -7 12 -9 13 -11 -12 -13 -14 -15
leaf_value=-0.017415051181894899 0.0052120543502836621 0.0085410470693237667 -0.0029550183818266265 -2.1202053527850194e-05 -0.0075806504212944563 0.0022150686231345116 -0.0042198829240592782 -0.010725067036436138 0.00053426732820130083 -0.0078166517422228812 -0.0010982944616559705 0.017802527718883212 0.0014863976746621161 0.022170879673921385
leaf_weight=2605.5903074145317 643.51407834887505 13437.198341704905 15721.910037219524 6716.588591106236 3921.0634907931089 6468.7122061699629 1821.309815466404 8450.6069165766239 97.328353516757488 3138.054655700922 2346.3870871961117 829.71021390706301 7657.9133510142565 3375.1083486229181
leaf_count=7900 4635 78476 43739 26918 10649 26909 6453 23555 1029 9154 6509 6638 26033 39722
internal_value=-0.000176634 0.00703114 -0.00515959 0.0048438 -0.00971568 0.00648533 -0.00237447 -0.0123017 0.0188056 -0.00376393 -0.00515381 0.0123029 0.00039001 0.0215644
internal_weight=77231 31568.2 45662.8 26622.5 17323.6 19905.9 28339.2 11056.2 4945.66 18860 6267.45 1473.22 9479.22 3472.44
internal_count=318319 184327 133992 132303 48613 105385 85379 31455 52024 52893 17158 11273 32486 40751
is_linear=0
shrinkage=0.05


Tree=92
num_leaves=15
num_cat=0
split_feature=2 7 2 2 2 13 13 2 7 11 7 13 7 6
split_gain=897.627 189.677 117.823 49.8763 47.4722 42.1268 36.2258 38.3272 33.1782 29.4614 24.8731 17.4616 15.3778 13.7045
threshold=0.1885386407375336 0.49229380488395696 0.35788665711879736 0.8029831349849702 0.11400138586759569 0.24400561302900317 0.30119736492633825 0.048848787322640426 0.71766394376754772 0.13051253557205203 0.54829522967338573 0.48849909007549291 0.076097346842288985 0.3360342830419541
decision_type=2 2 2 2 2 2 2 2 2 2 2 2 2 2
left_child=1 6 5 10 9 -2 7 -1 -7 -3 -4 -6 -5 -8
right_child=2 4 3 12 11 8 13 -9 -10 -11 -12 -13 -14 -15
leaf_value=-0.013922478620585613 0.004864120719289892 -0.02676682123790311 0.0055093133265333577 0.023773391734138921 -0.007975836750778011 -0.0018243386956076149 -0.0059072913985166661 -0.0015163690205885145 0.022154942342403824 -0.017123472380087514 0.012596774092670293 -0.01639006648410285 0.011945879818651934 -0.01319918084417665
leaf_weight=720.64633128419518 4125.6790131926537 1481.3196440152824 16436.942407138646 309.66778188943863 1179.3584971427917 7708.4027217179537 1063.8860002979636 4573.591362927109 147.00264297053218 1702.0804060958326 1338.734472617507 1292.143154785037 2442.0892968773842 1634.0099229477346
leaf_count=6749 19974 36430 61031 876 15931 58833 11746 32264 1546 23572 6592 19869 6632 16274
internal_value=0.000195329 -0.0105665 0.00471312 0.0070128 -0.0175742 0.000773043 -0.0056081 -0.00320508 -0.0013756 -0.0216108 0.00604309 -0.0123749 0.0132769 -0.0103237
internal_weight=46155.6 13647 32508.5 20527.4 5654.9 11981.1 7992.13 5294.24 7855.41 3183.4 17775.7 2471.5 2751.76 2697.9
internal_count=318319 162835 155484 75131 95802 80353 67033 39013 60379 60002 67623 35800 7508 28020
is_linear=0
shrinkage=0.05


Tree=93
num_leaves=15
num_cat=0
split_feature=3 10 0 3 0 14 6 1 12 14 0 12 2 10
split_gain=850.63 194.125 110.619 102.531 59.0208 43.1802 42.3769 36.4068 30.5699 82.18 76.3153 30.3769 24.8415 23.7486
threshold=0.30992195010185247 0.38698297739028936 0.066983755677938475 0.45486930012702947 0.24369958788156512 0.15974842756986621 0.20336321741342547 0.073656927794218077 0.25441519916057592 0.25685770809650427 0.35288628935813909 0.26195882260799414 0.057946050539612777 0.22208106517791751
decision_type=2 2 2 2 2 2 2 2 2 2 2 2 2 2
left_child=1 2 11 8 5 -3 -6 -5 10 -10 -2 -1 -9 -4
right_child=3 4 13 7 6 -7 -8 12 9 -11 -12 -13 -14 -15
leaf_value=-0.01709262136197362 -0.0026903586004862604 -0.023472707365355852 0.0016509375414128968 0.014003085479324218 0.003490566635487797 -0.014195935987444048 -0.012986610388664636 0.010942756306479796 -0.0095088132354693537 0.002316581141230077 0.016164352901639801 -0.0063760984917312098 0.0057321235097179714 -0.0038037021944725886
leaf_weight=1679.8111821338534 1044.0909165591002 1813.6788069494069 3705.0978715270758 1794.0956996381283 658.9006190225482 4067.7386978045106 956.925018992275 2699.6077808961272 1737.0664292760193 9526.6227819025517 1104.2991799637675 1090.5757592432201 14979.15226585418 4324.5878814011812
leaf_count=17599 8383 38928 18555 4915 6824 45927 10331 8757 14786 45911 6079 10069 50090 31165
internal_value=9.13655e-05 -0.00855006 -0.0042591 0.00489949 -0.0147314 -0.0170567 -0.00626755 0.00721653 0.00153541 0.00049289 0.0070012 -0.012874 0.00652781 -0.00128679
internal_weight=51182.3 18297.3 10800.1 32884.9 7497.24 5881.42 1615.83 19472.9 13412.1 11263.7 2148.39 2770.39 17678.8 8029.69
internal_count=318319 179398 77388 138921 102010 84855 17155 63762 75159 60697 14462 27668 58847 49720
is_linear=0
shrinkage=0.05


Tree=94
num_leaves=15
num_cat=0
split_feature=1 11 13 13 1 0 1 1 13 1 12 14 0 11
split_gain=987.636 299.974 212.336 77.1183 76.0887 70.8228 39.1948 34.1987 34.0927 28.7605 25.8432 23.6467 22.9587 22.4826
threshold=0.41023790836334234 0.13859393447637561 0.20622707158327105 0.26772634685039526 0.17161387205123904 0.040191464126110084 0.31729157269001013 0.68499240279197704 0.098213788121938719 0.6481514871120454 0.27415889501571661 0.16330985724925998 0.26827509701251989 0.47767679393291479
decision_type=2 2 2 2 2 2 2 2 2 2 2 2 2 2
left_child=2 7 4 9 8 -5 11 10 -1 -3 -2 -4 -9 -6
right_child=1 3 6 5 13 -7 -8 12 -10 -11 -12 -13 -14 -15
leaf_value=-0.018795173846574822 0.007245501663103485 -0.0028811396566166716 0.0053279901081092875 0.015913049787066848 -0.0071555434739979489 0.005192485167724338 0.00041842614998821549 0.02217320236374434 -0.010642537329517006 0.0041703707567103728 0.018372668762273805 -0.0038756755099684601 -0.067104504712685406 -0.00096918997885851342
leaf_weight=1481.8104288876057 939.51560642570257 3927.3367613554001 725.80201627314091 1680.0354663282633 3922.8603315502405 18556.292433038354 9481.9666534513235 2672.0699442401528 9526.3974276185036 2288.6869972869754 1173.7008385136724 18149.852995485067 7.2206028327345839 2347.5145640671253
leaf_count=4667 8069 13856 2207 11001 10649 95923 32486 33116 26788 11523 10773 50686 66 6509
internal_value=-0.000177383 0.00667157 -0.00486652 0.00458625 -0.00923579 0.00608251 -0.00220429 0.0181815 -0.01174 -0.000284834 0.0134256 -0.00352178 0.0219326 -0.00483948
internal_weight=76881.1 31244.9 45636.2 26452.4 17278.6 20236.3 28357.6 4792.51 11008.2 6216.02 2113.22 18875.7 2679.29 6270.37
internal_count=318319 184327 133992 132303 48613 106924 85379 52024 31455 25379 18842 52893 33182 17158
is_linear=0
shrinkage=0.05


Tree=95
num_leaves=15
num_cat=0
split_feature=2 7 2 2 2 13 13 2 7 11 7 13 7 3
split_gain=819.691 178.659 102.834 46.609 44.8075 37.7964 35.2683 33.3333 31.078 28.8643 22.9773 16.8049 14.3577 10.2258
threshold=0.1885386407375336 0.49229380488395696 0.35788665711879736 0.11400138586759569 0.8029831349849702 0.24400561302900317 0.3724351972341538 0.076830644160509123 0.71766394376754772 0.13051253557205203 0.54829522967338573 0.48849909007549291 0.076097346842288985 0.19898480921983722
decision_type=2 2 2 2 2 2 2 2 2 2 2 2 2 2
left_child=1 6 5 9 10 -2 7 -1 -7 -3 -4 -5 -6 -8
right_child=2 3 4 11 12 8 13 -9 -10 -11 -12 -13 -14 -15
leaf_value=-0.0095801439077851311 0.0046618911986826333 -0.026408625430442902 0.005196929217665484 -0.0075784229828652835 0.022756384280750625 -0.0016839074287127139 0.0085348890837546425 -0.0018126718937883574 0.021382313716848546 -0.016711412001390001 0.011978723676361824 -0.015908627075841602 0.011286569034976889 -0.014516780972141059
leaf_weight=1928.5927243195474 4139.5252576246858 1421.4413152001798 16500.113067597151 1163.5001638829708 307.1787491440773 7680.4172511585057 50.321392901241779 4866.3761181309819 148.8594385497272 1667.6798659861088 1351.2448249086738 1262.2419236712158 2440.9222191870213 1094.549649450928
leaf_count=17945 19974 36430 61031 15931 876 58833 686 36485 1546 23572 6592 19869 6632 11917
internal_value=0.000194709 -0.010187 0.00448363 -0.0171003 0.00662522 0.000797729 -0.00538515 -0.00401729 -0.00124535 -0.0211735 0.00571027 -0.0119131 0.0125686 -0.0135036
internal_weight=46023 13454.7 32568.3 5514.86 20599.5 11968.8 7939.84 6794.97 7829.28 3089.12 17851.4 2425.74 2748.1 1144.87
internal_count=318319 162835 155484 95802 75131 80353 67033 54430 60379 60002 67623 35800 7508 12603
is_linear=0
shrinkage=0.05


Tree=96
num_leaves=15
num_cat=0
split_feature=3 10 0 0 0 13 2 6 12 14 12 9 14 6
split_gain=775.466 174.113 100.875 100.115 54.2083 51.9741 49.034 41.5591 38.7966 34.5659 32.826 31.8543 29.1288 15.0106
threshold=0.30132375657558447 0.40748009085655218 0.038253197446465499 0.39180944859981542 0.24369958788156512 0.28580850362777716 0.10517855733633043 0.20336321741342547 0.3069653064012528 0.15974842756986621 0.47240257263183599 0.31379401683807379 0.25546008348464971 0.49609734117984777
decision_type=2 2 2 2 2 2 2 2 2 2 2 2 2 2
left_child=1 2 -1 5 9 13 8 -6 -5 -3 -7 -4 -8 -2
right_child=3 4 11 6 7 10 12 -9 -10 -11 -12 -13 -14 -15
leaf_value=-0.017443341535551507 0.0030730684967598346 -0.023056855766100327 -0.0049365667240370672 0.017827290304795039 0.0042266849832078143 -0.0020200640044302862 -0.0018430639624717185 -0.013807009001061181 0.0081347489861329243 -0.014395646556045142 -0.026769731261164206 0.0011453078461480923 0.0055111810889136754 0.010375075974089038
leaf_weight=1344.0959261804819 4592.9323931150138 1723.5674224123359 6141.6232510656118 1233.5437396690249 572.55860528722405 5724.6350125148892 1497.0388319045305 722.75569759309292 6332.2719129770994 3473.3353482857347 137.1841468475759 3315.0247331336141 13384.186264440417 831.17119112610817
leaf_count=15063 20405 38446 43792 5176 6073 42498 6295 8303 19919 40684 1947 20852 45265 3601
internal_value=9.28883e-05 -0.00851603 -0.00462629 0.00450619 -0.0149872 0.000664664 0.00643763 -0.0058357 0.00971504 -0.0172682 -0.00259928 -0.00280457 0.00477135 0.004192
internal_weight=51025.9 17293 10800.7 33733 6492.22 11285.9 22447 1295.31 7565.82 5196.9 5861.82 9456.65 14881.2 5424.1
internal_count=318319 173213 79707 145106 93506 68451 76655 14376 25095 79130 44445 64644 51560 24006
is_linear=0
shrinkage=0.05


Tree=97
num_leaves=15
num_cat=0
split_feature=1 11 13 3 1 2 1 1 13 12 13 0 11 6
split_gain=877.704 276.372 194.798 71.2313 70.7581 58.3892 35.2105 32.5331 32.2252 24.7712 23.7112 21.1999 20.7695 18.0417
threshold=0.41023790836334234 0.13859393447637561 0.20622707158327105 0.35986168682575231 0.17161387205123904 0.27435603737831121 0.31729157269001013 0.68499240279197704 0.098213788121938719 0.27415889501571661 0.39434376358985906 0.26827509701251989 0.47767679393291479 0.1998662352561951
decision_type=2 2 2 2 2 2 2 2 2 2 2 2 2 2
left_child=2 7 4 5 8 -3 10 9 -1 -2 -4 -9 -6 -8
right_child=1 3 6 -5 12 -7 13 11 -10 -11 -12 -13 -14 -15
leaf_value=-0.018102550626499177 0.0068234735511496728 0.0077671231000669642 -0.0024967392360884157 -0.00011453029454420829 -0.0067713962122058734 0.0019546498526357191 -0.0040776892878867646 0.021558077410729529 -0.010138787214644491 0.017818931521869474 -0.0072501082523445505 -0.06233697921888437 -0.00082680948243405307 0.0014963736826579361
leaf_weight=1466.4818373024464 927.42251419275999 13153.667840562761 15738.662006556988 6700.1572261676192 3924.289395019412 6434.1144568175077 1789.2426061928272 2569.1623683050275 9494.3972164094448 1144.1549271419644 3148.3783366382122 7.5522437840700141 2348.782255679369 7694.9688555598259
leaf_count=4667 8069 78476 43739 26918 10649 26909 6199 33116 26788 10773 9154 66 6509 26287
internal_value=-0.000177943 0.00632289 -0.00458778 0.00433565 -0.00878055 0.00585787 -0.0020409 0.0175616 -0.0112043 0.0128964 -0.0032891 0.0213122 -0.00454561 0.0004448
internal_weight=76541.4 30936.2 45605.2 26287.9 17234 19587.8 28371.3 4648.29 10960.9 2071.58 18887 2576.71 6273.07 9484.21
internal_count=318319 184327 133992 132303 48613 105385 85379 52024 31455 18842 52893 33182 17158 32486
is_linear=0
shrinkage=0.05


Tree=98
num_leaves=15
num_cat=0
split_feature=2 7 2 2 0 9 4 11 7 14 2 2 14 3
split_gain=748.443 167.786 90.3424 45.4219 41.7708 33.3031 32.7359 28.3148 27.7349 26.115 23.7673 22.4751 17.1071 12.7036
threshold=0.1885386407375336 0.49229380488395696 0.35788665711879736 0.11400138586759569 0.13921899348497394 0.38031071424484258 0.19826907664537433 0.13051253557205203 0.71766394376754772 0.43212217092514044 0.042843254283070571 0.085774954408407225 0.28959478437900549 0.21706124395132068
decision_type=2 2 2 2 2 2 2 2 2 2 2 2 2 2
left_child=1 6 5 7 9 8 11 -3 -2 -4 -8 -1 -6 -5
right_child=2 3 4 13 12 -7 10 -9 -10 -11 -12 -13 -14 -15
leaf_value=-0.0067373955157216808 -0.0013000842454146337 -0.02603924183648992 0.012344728772107259 -0.0064021264723369197 -0.0019174635649861953 0.0048562479082524257 -0.019125419095410823 -0.016280250825773532 0.020354792903420675 0.0067558406198385979 -0.0066302421471126334 0.0022526221009692956 0.0048920830784341326 -0.014100949203993442
leaf_weight=1099.3663286790252 8245.1127846576273 1364.164363373071 3337.3324674963951 813.33265764266253 1009.0967086479068 3565.1876042708755 415.85854525864124 1633.0170741230249 150.5615455918014 5593.108119443059 4484.7996884323657 1891.1216299086809 10724.685661613941 1570.3746330291033
leaf_count=8069 62018 36430 12839 14228 4740 16792 5051 23572 1543 18333 44068 9845 39219 21572
internal_value=0.000193482 -0.0098172 0.00426587 -0.0166252 0.00626763 0.000807529 -0.00517487 -0.020722 -0.000911742 0.00884442 -0.00769055 -0.0010523 0.00430647 -0.0114741
internal_weight=45897.1 13272 32625.1 5380.89 20664.2 11960.9 7891.15 2997.18 8395.67 8930.44 4900.66 2990.49 11733.8 2383.71
internal_count=318319 162835 155484 95802 75131 80353 67033 60002 63561 31172 49119 17914 43959 35800
is_linear=0
shrinkage=0.05


Tree=99
num_leaves=15
num_cat=0
split_feature=3 10 0 3 0 13 2 11 6 10 12 5 10 13
split_gain=705.564 163.468 100.158 89.0892 55.3646 41.1809 33.051 32.3985 29.7793 28.4983 72.6383 14.783 12.3321 11.6084
threshold=0.30132375657558447 0.4813827127218247 0.038253197446465499 0.45486930012702947 0.19943700730800631 0.26375803351402288 0.041123561561107642 0.12316718325018884 0.20806106179952624 0.28336346149444586 0.3161716908216477 0.094223730266094222 0.16797558218240741 0.4309405386447907
decision_type=2 2 2 2 2 2 2 2 2 2 2 2 2 2
left_child=1 2 12 9 11 -4 13 -8 -6 -2 -11 -3 -1 -5
right_child=3 4 5 6 8 -7 7 -9 -10 10 -12 -13 -14 -15
leaf_value=-0.0069914904519134159 0.0038669195662348779 0.006662175014304746 -0.00036802624933983424 0.011220671936557864 -0.0034962018817222395 -0.0065067492314909159 -0.0081441707627295506 0.0061292197204300888 -0.017099880270526831 0.0032764283646387199 -0.0063188311557771859 -0.020656629231907322 -0.019438019197166492 0.022717098360477327
leaf_weight=237.32135081291199 6059.260671582073 50.363337222486734 5305.307635191828 1627.2911808714271 1017.8069580495358 5632.4424926936626 406.92550349980593 17286.545391619205 665.22565414011478 4807.1331510990858 3344.7533018775284 2956.1916126683354 1232.9061908200383 253.8268818706274
leaf_count=2051 25359 790 30369 5017 13292 50169 1813 56135 10141 31502 24483 51444 14957 797
internal_value=9.47544e-05 -0.00818181 -0.00517618 0.00428318 -0.0161343 -0.00352919 0.00647086 0.00580095 -0.00887311 0.00126985 -0.000660547 -0.020199 -0.0174289 0.0127719
internal_weight=50883.3 17097.6 12408 33785.7 4689.59 10937.8 19574.6 17693.5 1683.03 14211.1 8151.89 3006.55 1470.23 1881.12
internal_count=318319 173213 97546 145106 75667 80538 63762 57948 23433 81344 55985 52234 17008 5814
is_linear=0
shrinkage=0.05


Tree=100
num_leaves=15
num_cat=0
split_feature=4 11 4 1 12 2 5 1 1 11 10 4 9 2
split_gain=782.409 296.483 137.206 82.5156 57.5311 48.6674 38.7168 35.8628 33.3983 29.6857 29.2892 26.1244 15.4001 13.7761
threshold=0.26951447129249578 0.1414773911237717 0.10673845931887628 0.49409069120883947 0.23655734211206439 0.041123561561107642 0.18517271429300311 0.68499240279197704 0.23196136206388476 0.096227809786796584 0.20016440004110339 0.061155881732702262 0.28519049286842352 0.063455920666456236
decision_type=2 2 2 2 2 2 2 2 2 2 2 2 2 2
left_child=2 5 11 6 -5 9 -3 -7 10 -2 -4 -1 -13 -10
right_child=1 3 8 4 -6 7 -8 -9 13 -11 -12 12 -14 -15
leaf_value=-0.018506994843162879 0.0070108502237495943 -0.0050377339311113989 -0.0078208093689074182 0.0094108286392393433 0.0033597277891540289 0.0126803187936688 0.0015808073170286861 0.021158986215924592 -0.0096450515363555017 -0.032190336584862637 -0.0035783014392081675 -0.0045668907298693565 -0.011397201045993378 -0.0016823083824276429
leaf_weight=1148.2496137022972 125.67518825083971 2622.3515928611159 7088.6342969834805 6030.4650799930096 11266.798163041472 2532.1750341802835 14038.559357054532 2457.6623023971915 567.44301520287991 78.433377169072628 9547.6337085366249 987.07846313714981 5033.4890863597393 12702.230614960194
leaf_count=3843 946 8840 19189 35753 60873 20936 52520 32897 1579 414 25763 2900 14649 37217
internal_value=-0.000177341 0.00475206 -0.00538295 0.00305042 0.00546937 0.0158775 0.000539079 0.0168563 -0.00389372 -0.0080531 -0.00538601 -0.0115955 -0.0102774 -0.00202281
internal_weight=76226.9 39152.1 37074.8 33958.2 17297.3 5193.95 16660.9 4989.84 29905.9 204.109 16636.3 7168.82 6020.57 13269.7
internal_count=318319 213179 105140 157986 96626 55193 61360 53833 83748 1360 44952 21392 17549 38796
is_linear=0
shrinkage=0.05


Tree=101
num_leaves=15
num_cat=0
split_feature=2 7 2 2 13 2 2 13 0 14 13 8 13 3
split_gain=683.339 157.587 79.5866 44.3484 33.0684 30.6441 30.0419 29.1407 28.581 27.7486 19.7296 17.2341 16.4384 10.0696
threshold=0.1885386407375336 0.49229380488395696 0.52657547593116771 0.11400138586759569 0.3724351972341538 0.2584627121686936 0.048848787322640426 0.24400561302900317 0.021852194331586364 0.20960830152034762 0.36517083644866949 0.15442520380020144 0.48849909007549291 0.19898480921983722
decision_type=2 2 2 2 2 2 2 2 2 2 2 2 2 2
left_child=1 4 5 9 6 7 -1 -2 -4 -3 -10 -7 -5 -6
right_child=2 3 8 12 13 11 -8 -9 10 -11 -12 -13 -14 -15
leaf_value=-0.01219179395006458 0.004295952269659088 -0.02465924520150968 0.017572335107442546 -0.0066994034883187843 0.0090604517811391973 0.017108411464089094 -0.0023386566908089731 -0.0035896725047480193 0.0058872507441930068 -0.014839694905853365 0.011893478704085296 0.0031262306178983486 -0.015079839965603598 -0.013951980760083752
leaf_weight=891.91088580340147 1726.611208692193 1613.1705636531115 644.55463287234306 1129.8839878812432 49.748321268707514 223.61071476340294 5832.0809188261628 3644.4914949275553 9582.6920480132103 1298.5999027267098 1594.8192749470472 15267.102451242507 1213.7033552192152 1069.1948586069047
leaf_count=9087 8944 41285 1940 15931 686 1623 45343 32540 29126 18717 5303 76008 19869 11917
internal_value=0.000189959 -0.00945942 0.00405702 -0.0161592 -0.00497006 0.00219967 -0.00364564 -0.00105474 0.00733459 -0.0202799 0.00674423 0.00332807 -0.0110395 -0.0129288
internal_weight=45782.2 13098.3 32683.9 5255.36 7842.93 20861.8 6723.99 5371.1 11822.1 2911.77 11177.5 15490.7 2343.59 1118.94
internal_count=318319 162835 155484 95802 67033 119115 54430 41484 36369 60002 34429 77631 35800 12603
is_linear=0
shrinkage=0.05


Tree=102
num_leaves=15
num_cat=0
split_feature=0 10 0 2 14 9 11 13 14 2 13 3 7 12
split_gain=645.811 204.643 96.4422 71.7 63.1835 43.7266 42.5179 56.2777 39.3867 39.0592 36.686 23.756 20.9146 20.5528
threshold=0.26183356344699865 0.40748009085655218 0.038253197446465499 0.1173878274857998 0.22962482273578647 0.31379401683807379 0.12316718325018884 0.45274496078491216 0.15627218037843707 0.1173878274857998 0.19793942570686343 0.21394737809896472 0.388400748372078 0.30007375776767736
decision_type=2 2 2 2 2 2 2 2 2 2 2 2 2 2
left_child=1 2 -1 6 13 -4 12 -8 11 -10 -6 -3 -2 -5
right_child=3 8 5 4 10 -7 7 -9 9 -11 -12 -13 -14 -15
leaf_value=-0.016638104980350309 0.020133142780695296 -0.025945504387774265 -0.0050109466063306511 -0.0010143360629692943 0.0060243850003059178 0.0013546449716019737 0.0073623940355360745 0.01866400815562997 -0.0013508312377682266 -0.014470473849906141 0.0017404921000892259 -0.014109796984782578 -0.0031989056074136612 -0.014306586623651543
leaf_weight=1293.863947302103 105.48779970034957 1070.1837545149028 6115.3862240090966 515.77905929088593 8054.2415665537119 4827.3745257817209 7631.0728453472257 1287.3535126522183 674.9253946505487 3557.9154356047511 13168.815844126046 702.10451060906053 1073.176678866148 666.74701632931828
leaf_count=15067 315 25737 44347 3538 25135 29681 25815 6518 9712 40307 62642 15995 9035 4475
internal_value=9.02482e-05 -0.00743905 -0.00372913 0.00431598 0.0027395 -0.00220278 0.00781423 0.00899376 -0.0149988 -0.0123786 0.00336625 -0.0212567 -0.00111074 -0.00850894
internal_weight=50744.4 18241.8 12236.6 32502.7 22405.6 10942.8 10097.1 8918.43 6005.13 4232.84 21223.1 1772.29 1178.66 1182.53
internal_count=318319 180846 89095 137473 95790 74028 41683 32333 91751 50019 87777 41732 9350 8013
is_linear=0
shrinkage=0.05


Tree=103
num_leaves=15
num_cat=0
split_feature=4 14 4 1 1 0 7 1 12 5 13 7 6 2
split_gain=696.14 261.659 128.069 75.1051 62.4047 52.9824 34.0936 30.5892 28.8248 27.2822 26.6236 25.4911 14.7259 12.6416
threshold=0.26951447129249578 0.17757028341293338 0.10673845931887628 0.49409069120883947 0.67311087250709545 0.040191464126110084 0.53090289235115062 0.19612508267164233 0.28017927706241613 0.063586488366127028 0.19793942570686343 0.082103349268436446 0.29929356276988989 0.063455920666456236
decision_type=2 2 2 2 2 2 2 2 2 2 2 2 2 2
left_child=2 4 11 6 8 -5 -3 10 -2 -6 -4 -1 -13 -9
right_child=1 3 7 5 9 -7 -8 13 -10 -11 -12 12 -14 -15
leaf_value=-0.016892540331129188 0.0050640961012731606 0.0017339910023949645 -0.0082389481624394467 0.012659458255949088 -0.051406540918785465 0.0040705845933036045 -0.0034327487391037042 -0.0086160322193510677 0.01474367606547651 0.020058096839623698 -0.0035410192911268048 -0.0055863605619822674 -0.011205230293468016 -0.0020244446783249815
leaf_weight=1501.001359924674 1726.1468373984098 11929.403860971332 5285.245432972908 2045.8473006486893 13.420203201472757 14676.732759580016 4359.7234766483307 760.21090829372406 1387.2261203229427 2740.2371918037534 7023.0670527815819 1649.1533918082714 3980.7613654732704 16842.763376653194
leaf_count=4934 11424 42877 14371 13482 87 80944 17130 2098 10641 36594 18929 4888 11570 48350
internal_value=-0.000176561 0.0044968 -0.00508163 0.00276756 0.0142267 0.00512135 0.000351133 -0.00364615 0.00937703 0.0197098 -0.00555833 -0.0111029 -0.00955931 -0.00230911
internal_weight=75920.9 38878.7 37042.2 33011.7 5867.03 16722.6 16289.1 29911.3 3113.37 2753.66 12308.3 7130.92 5629.91 17603
internal_count=318319 213179 105140 154433 58746 94426 60007 83748 22065 36681 33300 21392 16458 50448
is_linear=0
shrinkage=0.05


Tree=104
num_leaves=15
num_cat=0
split_feature=2 7 2 0 2 9 13 14 2 14 7 13 3 3
split_gain=628.233 143.78 80.5711 41.7096 35.3504 33.9874 33.7145 30.3623 27.3293 27.256 18.3236 17.9338 14.761 11.5618
threshold=0.17808742821216586 0.49488236010074621 0.33487668633461004 0.13921899348497394 0.10413931310176851 0.37674023211002355 0.3724351972341538 0.21205845475196841 0.076830644160509123 0.43212217092514044 0.71152397990226757 0.098213788121938719 0.22917372733354571 0.18985769152641299
decision_type=2 2 2 2 2 2 2 2 2 2 2 2 2 2
left_child=1 6 5 9 7 10 8 -3 -1 -4 -2 -5 -6 -7
right_child=2 4 3 11 12 13 -8 -9 -10 -11 -12 -13 -14 -15
leaf_value=-0.0087809168381406608 -0.001935206542815569 -0.025404110907836005 0.01153186860076047 0.011019802800162798 -0.0069679036154563865 0.03785416650495052 -0.013464083723846608 -0.014178993090901435 -0.0015748471997233478 0.0059228836169299961 0.014071767309231112 0.0031771321928027148 -0.015048990762276615 0.0040937873618178463
leaf_weight=1882.7725487872958 7604.4821235612035 1372.696676261723 3483.6142687946558 775.20782616734505 922.1017898209393 25.543064147233963 1040.8706778250635 1073.5314884036779 4368.8250276856124 5725.7747913748026 183.0900607034564 12209.382105879486 1459.5219870451838 3539.2968986816704
leaf_count=18055 60982 36477 13629 2255 17911 231 12010 15839 33367 19075 2032 47684 21540 17232
internal_value=0.00019325 -0.0095633 0.00371829 0.00547081 -0.0162563 0.000292114 -0.00513229 -0.0204779 -0.00374507 0.00804458 -0.00155887 0.00364536 -0.0119202 0.00433569
internal_weight=45666.7 12120.3 33546.4 22194 4827.85 11352.4 7292.47 2446.23 6251.6 9209.39 7787.57 12984.6 2381.62 3564.84
internal_count=318319 155199 163120 82643 91767 80477 63432 52316 51422 32704 63014 49939 39451 17463
is_linear=0
shrinkage=0.05


Tree=105
num_leaves=15
num_cat=0
split_feature=0 10 0 2 0 13 13 12 10 14 13 0 12 5
split_gain=581.765 192.808 111.837 71.3491 45.9502 45.6708 43.363 37.8237 46.9061 36.6597 27.0184 17.7207 17.4711 16.3336
threshold=0.28613783419132238 0.4813827127218247 0.04619500786066056 0.1173878274857998 0.1949296370148659 0.26375803351402288 0.19793942570686343 0.3069653064012528 0.50059586763381969 0.21687304228544238 0.72862729430198681 0.023684883490204815 0.32655993103981024 0.099513925611972823
decision_type=2 2 2 2 2 2 2 2 2 2 2 2 2 2
left_child=1 2 11 7 13 -4 -5 10 -9 -8 -2 -1 -6 -3
right_child=3 4 5 6 12 -7 9 8 -10 -11 -12 -13 -14 -15
leaf_value=-0.022430397367236524 0.016021846280220617 0.0063535280574210764 0.00067810182765570956 0.0057849793218629052 -0.0067060930437955902 -0.0051728368554171018 -0.010320814348297014 0.0074513493832246069 -0.008143230697425648 0.0016825828826082809 -0.0041164305714935911 -0.011929476292679514 -0.018729711365043471 -0.019904439185641758
leaf_weight=582.77052475512028 1799.00022951141 60.511893272399902 6889.2280380800366 7761.2960883229971 1456.2218480333686 6465.198297932744 670.47106421738863 7385.9658788777888 515.87274764850736 12405.315994851291 183.54712590202689 1293.4822641536593 381.22002657875419 2782.880870077759
leaf_count=7449 8956 1012 37303 23834 19580 56566 4537 24342 3873 56838 1395 14293 7428 50789
internal_value=0.000169204 -0.00648806 -0.00376045 0.00448398 -0.0153633 -0.00215448 0.00282439 0.00798252 0.00643325 0.0010671 0.0141574 -0.0151911 -0.00920067 -0.0193456
internal_weight=50633 19911.5 15230.7 30721.5 4680.83 13354.4 20837.1 9884.39 7901.84 13075.8 1982.55 1876.25 1837.44 2843.39
internal_count=318195 194420 115611 123775 78809 93869 85209 38566 28215 61375 10351 21742 27008 51801
is_linear=0
shrinkage=0.05


Tree=106
num_leaves=15
num_cat=0
split_feature=4 11 1 13 1 5 2 1 1 11 1 7 0 4
split_gain=623.667 222.592 128.912 61.9308 52.351 46.5911 40.5764 31.3124 29.2399 28.056 27.5478 21.517 20.4286 10.1405
threshold=0.3007407039403916 0.1414773911237717 0.091451339423656478 0.20622707158327105 0.82321473956108104 0.18768561631441119 0.037291742861270911 0.68755376338958751 0.34447361528873449 0.097816579043865218 0.23563601076602939 0.1224040910601616 0.038253197446465499 0.047752633690834052
decision_type=2 2 2 2 2 2 2 2 2 2 2 2 2 2
left_child=2 6 11 10 5 -3 9 -8 -5 -2 -4 13 -6 -1
right_child=1 4 3 8 12 -7 7 -9 -10 -11 -12 -13 -14 -15
leaf_value=-0.022253998381615708 0.0055189748411611826 -0.0016790659102700297 -0.0073058906135764481 -0.0024890295691841467 0.015311387815603672 0.0036187679437161067 0.011637813812609442 0.019813054714138231 0.0019416185718413922 -0.045852381248933344 -0.0025193723906208956 -0.0079892361625598738 0.0063320673174404145 -0.013292016655327974
leaf_weight=359.99046757817268 66.405616298317909 5189.4943301975727 9610.7486654222012 18368.547110393643 1062.9919794052839 20717.826026640832 2427.6766489669681 2263.1530685797334 4670.6006982028484 44.314300589263439 4374.0993098467588 2376.1151808202267 1567.4289492443204 2562.0021988749504
leaf_count=1282 502 23659 26366 51455 8238 98290 21325 32532 16200 230 12576 6921 10577 8042
internal_value=-0.000198877 0.00491576 -0.00422794 -0.00318405 0.00323994 0.00255756 0.0148759 0.0155821 -0.00159083 -0.0150418 -0.00580879 -0.0115227 0.00996074 -0.0143961
internal_weight=75661.4 33339.3 42322.1 37024 28537.7 25907.3 4801.55 4690.83 23039.1 110.72 13984.8 5298.11 2630.42 2921.99
internal_count=318195 195353 122842 106597 140764 121949 54589 53857 67655 732 38942 16245 18815 9324
is_linear=0
shrinkage=0.05


Tree=107
num_leaves=15
num_cat=0
split_feature=2 14 2 13 0 2 13 6 14 8 2 14 3 11
split_gain=575.828 121.629 82.9183 55.2328 46.2666 37.1964 35.1937 31.6926 25.8481 25.7285 24.325 21.7899 14.8018 10.5151
threshold=0.17335840314626697 0.18806105107069018 0.31391757726669317 0.48314251005649572 0.14629339426755908 0.037291742861270911 0.2481215372681618 0.12617680430412295 0.43212217092514044 0.13345280289649966 0.10950841009616853 0.33545765280723577 0.28595843911170965 0.44161029160022741
decision_type=2 2 2 2 2 2 2 2 2 2 2 2 2 2
left_child=1 10 6 5 8 -3 13 -5 -4 -8 -1 -6 -12 -2
right_child=2 3 4 7 11 -7 9 -9 -10 -11 12 -13 -14 -15
leaf_value=-0.023712957208163136 0.0054227707638418946 -0.016930711552920585 0.010801628008732765 0.02097232307366111 -0.0003733223128792564 -0.0046782302814175631 0.015725977576548783 -0.020199675900933252 0.0055908213200519738 -0.0029419020227530639 -0.0086577848390758608 0.0042934621638998837 -0.024991882004842078 -0.00059124320510433226
leaf_weight=1476.7330814860761 2554.501584418118 673.68436906114221 3934.3136892393231 49.184119530022144 3294.6610414013267 7691.6990899499506 189.8795107267797 940.82399928197265 6023.657681144774 6602.079871930182 566.53565178066492 10386.83061401546 183.65764401480556 1015.8454848453403
leaf_count=39140 11714 8136 15834 773 15881 74067 2362 12954 20401 56032 13253 38221 3095 6332
internal_value=0.000142154 -0.00948644 0.00342203 -0.00698659 0.00505678 -0.00566495 -0.000307341 -0.0181542 0.00764957 -0.00242001 -0.0199884 0.00316965 -0.0126566 0.00371165
internal_weight=45584.1 11582.3 34001.8 9355.39 23639.5 8365.38 10362.3 990.008 9957.97 6791.96 2226.93 13681.5 750.193 3570.35
internal_count=318195 151418 166777 95930 90337 82203 76440 13727 36235 58394 55488 54102 16348 18046
is_linear=0
shrinkage=0.05


Tree=108
num_leaves=15
num_cat=0
split_feature=0 10 0 2 0 13 14 12 3 14 14 0 2 9
split_gain=528.839 180.092 104.249 65.0531 43.4441 42.599 39.5658 36.0468 42.3743 24.7188 21.084 17.5822 17.1132 16.6098
threshold=0.28613783419132238 0.48400184512138372 0.04619500786066056 0.1173878274857998 0.1949296370148659 0.26375803351402288 0.2990363091230393 0.3069653064012528 0.564934402704239 0.082495290786027922 0.17757028341293338 0.023684883490204815 0.047468371689319618 0.41222879290580755
decision_type=2 2 2 2 2 2 2 2 2 2 2 2 2 2
left_child=1 2 11 7 -3 -4 10 9 -9 -2 -5 -1 -6 -8
right_child=3 4 5 6 12 -7 13 8 -10 -11 -12 -13 -14 -15
leaf_value=-0.022068795435374603 -0.0015850479740380854 -0.018943214294100494 0.00065121782308251658 -0.015871306519995337 0.023156645409865246 -0.0049944888173636725 0.0025551296572244885 -0.00079320660818197545 0.0080298170793204789 0.01563802512983057 -0.00036176667184488253 -0.011502820391498615 -0.0096584638154490494 0.0058683213368059895
leaf_weight=569.26043092086911 236.2887817248702 2738.4645993225276 6891.7287133559585 228.88590671122074 40.659522220492363 6485.4242308884859 8934.2268040850759 1746.5016724206507 6162.7500116378069 1760.4589729756117 5139.0304638706148 1276.8692305535078 1738.9648661091924 6560.5677155703306
leaf_count=7467 1694 51414 37305 1864 836 57248 37763 10444 17771 8657 25526 14327 25823 20056
internal_value=0.00016251 -0.00622466 -0.00362299 0.00426055 -0.0149907 -0.0020859 0.00267634 0.00759701 0.00608154 0.0135999 -0.00102309 -0.0147609 -0.00890873 0.00395795
internal_weight=50510.1 19741.4 15223.3 30768.7 4518.09 13377.2 20862.7 9906 7909.25 1996.75 5367.92 1846.13 1779.62 15494.8
internal_count=318195 194420 116347 123775 78073 94553 85209 38566 28215 10351 27390 21794 26659 57819
is_linear=0
shrinkage=0.05


Tree=109
num_leaves=15
num_cat=0
split_feature=4 14 1 1 1 1 7 10 12 7 0 5 5 6
split_gain=555.681 206.048 120.204 53.2941 49.5728 49.3718 58.9492 35.0315 28.8671 20.7041 20.0713 18.4075 17.4984 7.65369
threshold=0.3007407039403916 0.17757028341293338 0.091451339423656478 0.23563601076602939 0.68755376338958751 0.82321473956108104 0.75713503360748302 0.20016440004110339 0.29424522817134863 0.082103349268436446 0.038253197446465499 0.2569610476493836 0.063586488366127028 0.2853244692087174
decision_type=2 2 2 2 2 2 2 2 2 2 2 2 2 2
left_child=2 4 9 7 8 6 -3 -4 -2 -1 -7 -5 -6 -11
right_child=1 5 3 11 12 10 -8 -9 -10 13 -12 -13 -14 -15
leaf_value=-0.016877323375658317 0.005420904147809413 0.002364249640222171 -0.0070070742777576427 -0.0036720604320523149 -0.041122168088623359 0.014850396971667177 -0.041318893656197508 -0.002727120559987866 0.01518263511698232 -0.0063692590199701266 0.0058751976887428496 -5.2994609451223159e-05 0.019420654203710544 -0.01093174658902445
leaf_weight=1185.0175626426935 1835.3382669314742 24998.161635220051 9361.1963025927544 4803.3980535715818 11.996999993920324 1040.4565090313554 77.470061302185059 9771.6739013493061 1289.4001573100686 1397.4293233156204 1552.2026794552803 13083.991473317146 2299.938882805407 2685.9416131973267
leaf_count=4052 13444 118015 25733 14091 77 8237 517 26385 11225 4206 10591 40388 33247 7987
internal_value=-0.000194541 0.00465701 -0.0039925 -0.00298687 0.0135558 0.00290844 0.00222929 -0.00482119 0.00944901 -0.0110589 0.00947702 -0.00102484 0.0191065 -0.00937035
internal_weight=75393.6 33105 42288.6 37020.3 5436.67 27668.3 25075.6 19132.9 3124.74 5268.39 2592.66 17887.4 2311.94 4083.37
internal_count=318195 195353 122842 106597 57993 137360 118532 52118 24669 16245 18828 54479 33324 12193
is_linear=0
shrinkage=0.05


Tree=110
num_leaves=15
num_cat=0
split_feature=2 13 0 14 11 1 8 2 13 2 11 13 11 4
split_gain=528.139 115.258 73.8184 72.2186 40.8202 27.0815 25.807 23.3809 23.2171 22.8505 20.7101 20.7056 12.9753 12.746
threshold=0.17335840314626697 0.33800147473812109 0.14629339426755908 0.29082250595092779 0.11397715285420419 0.63157218694686901 0.14553610980510714 0.047468371689319618 0.25407944619655615 0.10413931310176851 0.15440972149372104 0.48314251005649572 0.1011023446917534 0.065652024000883116
decision_type=2 2 2 2 2 2 2 2 2 2 2 2 2 2
left_child=1 7 5 12 9 6 -2 13 -5 -3 -9 -6 -4 -1
right_child=2 4 3 8 11 -7 -8 10 -10 -11 -12 -13 -14 -15
leaf_value=0.0083770848506422978 0.032020270257005101 -0.02633645903475744 0.023536340487317061 0.0043993741221930024 -0.0095026962290328896 -0.00062689990961720999 0.0070909987329846854 -0.024203315307207703 0.00078578889961250639 -0.011953108121155805 -0.0024832861660683729 -0.016920756625353053 -0.0047006460489267578 -0.013992105215857205
leaf_weight=69.611762009561062 104.87955304980278 915.8808828741312 41.097521066665649 10956.105514280498 2889.3624694403261 1188.1407099924982 10225.645903341472 112.25381187908351 7479.5194121673703 395.31515529751778 4918.6874096319079 1394.7994381114841 4041.3872458674014 747.55157316289842
leaf_count=537 711 28375 513 41493 39018 12027 38444 2247 43043 10862 39401 22528 30546 8450
internal_value=0.000142012 -0.00915039 0.0032662 0.00160082 -0.0142804 0.00652189 0.00734409 -0.00424208 0.00293331 -0.022 -0.00296792 -0.0119178 -0.00441639 -0.0120865
internal_weight=45480.2 11443.5 34036.8 22518.1 5595.36 11518.7 10330.5 5848.1 18435.6 1311.2 5030.94 4284.16 4082.48 817.163
internal_count=318195 151418 166777 115595 100783 51182 39155 50635 84536 39237 41648 61546 31059 8987
is_linear=0
shrinkage=0.05


Tree=111
num_leaves=15
num_cat=0
split_feature=3 14 9 0 13 12 5 12 6 4 3 0 14 14
split_gain=483.097 114.625 92.2849 78.0521 45.6081 49.5921 43.4214 43.3551 32.7645 27.2897 26.3422 24.5474 22.7646 22.7553
threshold=0.27422161400318151 0.29441154003143316 0.20925095677375796 0.39180944859981542 0.33631825447082525 0.3161716908216477 0.1302265748381615 0.25949865579605108 0.58682900667190563 0.41387161612510687 0.21548624336719516 0.023684883490204815 0.16330985724925998 0.22578629106283191
decision_type=2 2 2 2 2 2 2 2 2 2 2 2 2 2
left_child=1 6 11 4 13 -6 12 9 -9 -5 -8 -3 -1 -2
right_child=3 2 -4 7 5 -7 10 8 -10 -11 -12 -13 -14 -15
leaf_value=-0.013090492496122997 -0.015975097596216226 -0.023164153690992194 -0.0018088001503326118 0.009655752083101073 -0.00010343909633488391 -0.010313842785935702 -0.020293646778755274 0.0033438188848908487 0.0080910086515736408 0.025954792647208558 -0.011707623796912618 -0.010438906717691042 0.010754616652712221 0.0029851698151140012
leaf_weight=174.15811182558537 161.47932130843401 449.86686715483665 7143.5818048156798 1284.1726819127798 3815.8640671744943 1727.6708064898849 2054.3148990534246 16467.69352561608 4664.1865899860859 321.00801351666451 1580.6853077895939 2404.981639444828 235.35836457461119 7903.8295086696744
leaf_count=4388 1842 6040 51800 5255 30768 17633 39611 56982 12939 1862 24059 24102 3005 37909
internal_value=0.000157646 -0.00771859 -0.00484551 0.00320078 0.000205821 -0.00328556 -0.0148211 0.00499336 0.00439161 0.0129153 -0.01656 -0.0124442 0.00061383 0.00260556
internal_weight=50388.9 14042.9 9998.43 36345.9 13608.8 5543.53 4044.52 22737.1 21131.9 1605.18 3635 2854.85 409.516 8065.31
internal_count=318195 153005 81942 165190 88152 48401 71063 77038 69921 7117 63670 30142 7393 39751
is_linear=0
shrinkage=0.05


Tree=112
num_leaves=15
num_cat=0
split_feature=4 11 1 13 1 5 2 5 1 11 11 13 11 14
split_gain=492.746 189.885 111.573 51.806 46.1846 44.3275 40.8001 35.0204 25.3518 25.0557 24.302 20.2804 18.2498 7.79747
threshold=0.3007407039403916 0.16110882163047793 0.091451339423656478 0.20622707158327105 0.82879194617271434 0.18768561631441119 0.044482989236712463 0.3195005208253861 0.34447361528873449 0.085927091538906111 0.53773310780525219 0.098213788121938719 0.17500507831573489 0.49879504740238195
decision_type=2 2 2 2 2 2 2 2 2 2 2 2 2 2
left_child=2 6 11 10 5 -3 9 -8 -5 -2 -4 13 -6 -1
right_child=1 4 3 8 12 -7 7 -9 -10 -11 -12 -13 -14 -15
leaf_value=-0.014789049730980251 0.012494967211318243 -0.002200806891260653 -0.0062377475312008126 -0.0021769308065258302 -0.048994503108549671 0.0031002661731686022 0.015070779865383724 -0.00038187121178417515 0.0019487640734104188 -0.017656207440545819 -0.0010057641746334114 -0.0090667121216676441 0.0096250959067696838 -0.025876278616590614
leaf_weight=820.04102247953415 115.48750660941005 4908.3656829744577 11195.145852610469 18383.423479199409 13.351248666644095 20061.947561331093 4810.1568677090108 396.90686678141356 4669.2776255458593 170.81700284779072 2768.296883046627 4221.9127073436975 2400.5594478920102 196.5979328006506
leaf_count=2781 1066 22015 31074 51455 98 94357 56211 2772 16200 1085 7868 12760 17749 704
internal_value=-0.000191872 0.00439858 -0.00376362 -0.00279707 0.00269668 0.00205824 0.0128825 0.0138929 -0.00134128 -0.00549404 -0.00520049 -0.0105933 0.00930087 -0.0169331
internal_weight=75132.3 32877.6 42254.7 37016.1 27384.2 24970.3 5493.37 5207.06 23052.7 286.305 13963.4 5238.55 2413.91 1016.64
internal_count=318195 195353 122842 106597 134219 116372 61134 58983 67655 2151 38942 16245 17847 3485
is_linear=0
shrinkage=0.05


Tree=113
num_leaves=15
num_cat=0
split_feature=2 13 0 13 2 1 8 1 11 11 3 2 0 9
split_gain=483.929 113.461 60.7402 47.9792 42.5803 30.1128 27.1377 29.4284 28.5254 26.71 25.5812 25.5481 21.0835 14.7136
threshold=0.1885386407375336 0.37056536972522741 0.14629339426755908 0.25407944619655615 0.10413931310176851 0.14493319392204287 0.15442520380020144 0.61447674036026012 0.20249912142753604 0.11613646149635316 0.21394737809896472 0.037291742861270911 0.19638598710298541 0.27113302052021032
decision_type=2 2 2 2 2 2 2 2 2 2 2 2 2 2
left_child=1 5 6 13 9 -1 8 -8 -2 -3 -6 -7 -5 -4
right_child=2 4 3 12 10 11 7 -9 -10 -11 -12 -13 -14 -15
leaf_value=0.0014503673893089906 0.01133648223124975 -0.026056956061588723 -0.0034345778334454336 0.0033391936365092705 -0.0020400087920441844 -0.018729493355936308 0.0067972943631590043 -0.001822145165627762 0.050523449359195928 -0.014753756418953599 -0.01272259335140675 -0.0051415673079519015 -0.0019145110091229743 0.0045120761774608137
leaf_weight=1764.3077789917588 143.83173367753625 862.85296587646008 617.0021984949708 2511.0431947931647 750.96875181049109 370.46410680375993 10048.145910166204 1098.5183196812868 68.583330608904362 1325.58920282498 2208.5488379299641 5224.1743277702481 7973.2816351093352 10413.972594246268
leaf_count=10556 1341 27798 2394 14919 15481 4913 36919 10143 494 20754 31271 51908 50421 38883
internal_value=0.000142619 -0.00822836 0.00332732 0.00176569 -0.0139223 -0.00424519 0.00628521 0.00594784 0.0239889 -0.0192104 -0.0100119 -0.00604133 -0.000656225 0.00406759
internal_weight=45381.3 12506.9 32874.4 21515.3 5147.96 7358.95 11359.1 11146.7 212.415 2188.44 2959.52 5594.64 10484.3 11031
internal_count=318195 162681 155514 106617 95304 67377 48897 47062 1835 48552 46752 56821 65340 41277
is_linear=0
shrinkage=0.05


Tree=114
num_leaves=15
num_cat=0
split_feature=0 10 0 2 14 12 10 13 0 13 14 9 5 0
split_gain=443.764 158.18 88.0068 62.4459 45.325 34.4803 41.107 32.5706 29.0061 26.2014 25.4781 18.5783 16.746 16.6458
threshold=0.26183356344699865 0.48400184512138372 0.04619500786066056 0.1173878274857998 0.22773436456918719 0.3069653064012528 0.50059586763381969 0.26375803351402288 0.1949296370148659 0.33282446861267095 0.093795910477638259 0.21280522644519809 0.099513925611972823 0.023684883490204815
decision_type=2 2 2 2 2 2 2 2 2 2 2 2 2 2
left_child=1 2 13 5 11 10 -7 -4 12 -6 -2 -5 -3 -1
right_child=3 8 7 4 9 6 -8 -9 -10 -11 -12 -13 -14 -15
leaf_value=-0.021342469808314044 0.00051685059409124366 0.0089451472773074397 0.00035783259290320644 0.0039351412844921578 0.0036848839486691627 0.0063231187040131281 -0.0078966234354333736 -0.0048852428486529228 -0.0090359209979789905 -0.00028205687602132182 0.015057944315897584 -0.011434842997018229 -0.018724091904151096 -0.010856153088636356
leaf_weight=543.39968687295914 364.17266978695989 55.877514649182558 6201.4832703247666 257.27433013916016 15756.820358626544 7527.5220755673945 545.04509286954999 5670.5094532743096 1317.9300993680954 5656.8577798902988 1743.2074586562812 833.76489540934563 2559.018534630537 1246.6606831774116
leaf_count=7467 3004 981 34400 1992 55649 25318 4691 51502 21507 32566 8705 5653 50433 14327
internal_value=0.000153887 -0.00624831 -0.00370473 0.00360033 0.00213044 0.00684981 0.00536303 -0.00214646 -0.0150844 0.00263694 0.0125451 -0.0078105 -0.0181328 -0.0140394
internal_weight=50279.5 17594.9 13662.1 32684.7 22504.7 10179.9 8072.57 11872 3932.83 21413.7 2107.38 1091.04 2614.9 1790.06
internal_count=318195 180617 107696 137578 95860 41718 30009 85902 72921 88215 11709 7645 51414 21794
is_linear=0
shrinkage=0.05


Tree=115
num_leaves=15
num_cat=0
split_feature=1 14 1 13 0 13 0 1 14 11 12 7 5 4
split_gain=439.645 175.453 102.087 50.143 53.3511 47.3896 43.3416 40.2089 34.6747 24.9169 22.0728 19.8927 16.0901 9.65686
threshold=0.37959454953670507 0.17757028341293338 0.091451339423656478 0.33464446663856512 0.086226273328065886 0.20622707158327105 0.41390703618526464 0.68755376338958751 0.17757028341293338 0.53773310780525219 0.29424522817134863 0.1224040910601616 0.063586488366127028 0.047752633690834052
decision_type=2 2 2 2 2 2 2 2 2 2 2 2 2 2
left_child=2 7 11 4 -3 9 -5 10 -7 -4 -2 13 -9 -1
right_child=1 3 5 6 -6 8 -8 12 -10 -11 -12 -13 -14 -15
leaf_value=-0.020741995970525118 0.0047896139316955418 0.0053661765429430588 -0.006218401990384574 0.0052715151616245463 -0.0020054815533251734 0.0075188349136085329 -0.0034861910441367251 -0.039009969557083655 -0.0017684055326034369 -0.00044916011642598944 0.01412646232156743 -0.0067237788267542793 0.018341654478500554 -0.011852034836009889
leaf_weight=347.77238668501377 1475.4612025767565 3474.1975810602307 10182.781923800707 14755.173479624093 8362.035268843174 1050.4624317139387 1562.3347981795669 12.298947006464003 23238.651765987277 2292.9563969969749 1108.584474530071 2349.6597772836685 2165.6524611860514 2511.6742477566004
leaf_count=1282 12308 18823 28028 81760 33764 3411 5957 77 67548 6313 10713 6922 33247 8042
internal_value=-0.000188948 0.00413717 -0.00358146 0.00263584 0.000158264 -0.00265329 0.004433 0.0130133 -0.00136675 -0.00515805 0.00879523 -0.0101324 0.0180178 -0.0129333
internal_weight=74889.7 32915.7 41974 28153.7 11836.2 36764.9 16317.5 4762 24289.1 12475.7 2584.05 5209.11 2177.95 2859.45
internal_count=318195 196649 121546 140304 52587 105300 87717 56345 70959 34341 23021 16246 33324 9324
is_linear=0
shrinkage=0.05


Tree=116
num_leaves=15
num_cat=0
split_feature=2 10 0 13 2 2 11 1 13 11 2 3 13 13
split_gain=445.216 102.543 61.8521 50.8983 33.2297 31.4527 24.4681 34.3355 24.3883 23.5573 23.4613 21.6033 17.3016 14.4089
threshold=0.17335840314626697 0.43761853873729711 0.14629339426755908 0.25407944619655615 0.13164027035236361 0.035223748534917838 0.45699757337570196 0.080949626863002791 0.2770394235849381 0.11196411028504373 0.24635474383831027 0.21706124395132068 0.67070749402046215 0.098213788121938719
decision_type=2 2 2 2 2 2 2 2 2 2 2 2 2 2
left_child=1 5 6 13 9 -1 12 -8 -7 -3 -5 -6 -2 -4
right_child=2 4 3 10 11 8 7 -9 -10 -11 -12 -13 -14 -15
leaf_value=-0.016071317839617724 0.0097618028040429086 -0.024117803879514149 0.0094082038996044972 -0.0046519719991848152 0.0024992589616638942 -0.001433539947549686 0.011061263159961202 0.0023463119719910222 -0.0074354007280904065 -0.014405291907666807 0.00047378554340270722 -0.012540734029068724 -0.0012488075456343903 0.0032407063892779669
leaf_weight=601.85876800119877 4149.7107045650482 1068.7178968843073 1042.2700494229794 3088.9807481393218 332.11337449029088 3741.9033161848783 1415.8374643027782 5602.0442292913795 3090.5185484886169 1501.3607950843871 8050.6980769708753 849.43156141787767 390.34273281693459 10361.165141321719
leaf_count=7381 20547 35254 3262 28802 6518 27496 3994 23717 36299 26126 43655 12344 2924 39876
internal_value=0.000141606 -0.00851439 0.00298097 0.00145622 -0.0152534 -0.00511362 0.00595489 0.00410453 -0.00414837 -0.0184441 -0.000947563 -0.00831323 0.00881514 0.00380441
internal_weight=45287 11185.9 34101 22543.1 3751.62 7434.28 11557.9 7017.88 6832.42 2570.08 11139.7 1181.54 4540.05 11403.4
internal_count=318195 151418 166777 115595 80242 71176 51182 27711 63795 61380 72457 18862 23471 43138
is_linear=0
shrinkage=0.05


Tree=117
num_leaves=15
num_cat=0
split_feature=3 10 0 0 2 13 5 12 13 13 2 3 0 0
split_gain=406.566 105.023 82.5933 61.2346 49.2057 45.83 42.6605 39.5593 23.9524 23.3881 16.9359 16.1544 15.404 11.2426
threshold=0.24744053930044177 0.49216853082180029 0.31587970256805425 0.038253197446465499 0.11622251570224763 0.27525769174098974 0.13372183591127398 0.24437136948108676 0.19793942570686343 0.23565807193517688 0.056747179478406913 0.24442949891090396 0.15904475003480914 0.023684883490204815
decision_type=2 2 2 2 2 2 2 2 2 2 2 2 2 2
left_child=1 3 5 13 7 -2 -7 -4 -6 -5 11 -3 -12 -1
right_child=2 10 4 9 8 6 -8 -9 -10 -11 12 -13 -14 -15
leaf_value=-0.020950015526636733 0.0024460553948815289 -0.0015382615661268567 0.017184108622038768 -0.00024859876466775381 0.0047429042237698855 0.008659365483205261 -0.0057731367946759482 0.0059086209727752491 0.0011035368580558055 -0.0059680756329587277 -0.020849002002372483 0.099386955895756607 -0.013143305630178646 -0.011549874476631562
leaf_weight=533.71297316253185 4572.2195203900337 112.41454314440489 855.06833073496819 2992.3707127049565 7389.9361265525222 570.11682314425707 5024.0537038147449 8618.3843812569976 11645.58152416721 4438.7671118695289 1473.7274402752519 4.1098359301686278 1158.309457000345 787.28935748338699
leaf_count=7502 21791 2736 4555 17707 22192 7069 49695 30058 51181 41605 29943 97 22463 9601
internal_value=0.000147685 -0.00810589 0.00260201 -0.00542829 0.00398181 -0.00126729 -0.00430228 0.00692634 0.00251641 -0.00366496 -0.0166321 0.00202139 -0.0174579 -0.0153477
internal_weight=50176.1 11500.7 38675.4 8752.14 28509 10166.4 5594.17 9473.45 19035.5 7431.14 2748.56 116.524 2632.04 1321
internal_count=318195 131654 186541 76415 107986 78555 56764 34613 73373 59312 55239 2833 52406 17103
is_linear=0
shrinkage=0.05


Tree=118
num_leaves=15
num_cat=0
split_feature=1 14 1 3 14 1 14 13 12 5 7 4 0 7
split_gain=392.064 184.934 77.5468 51.6255 49.4046 39.3726 36.1843 44.7521 20.2504 15.0254 14.9141 14.5405 7.13557 5.61373
threshold=0.31729157269001013 0.17757028341293338 0.080949626863002791 0.40383258461952215 0.33545765280723577 0.68755376338958751 0.18806105107069018 0.42889720201492315 0.29424522817134863 0.063586488366127028 0.50562644004821788 0.055680720135569579 0.64988714456558239 0.060677658766508109
decision_type=2 2 2 2 2 2 2 2 2 2 2 2 2 2
left_child=2 5 11 4 -3 8 12 -8 -2 -7 -5 13 -4 -1
right_child=1 3 6 10 -6 9 7 -9 -10 -11 -12 -13 -14 -15
leaf_value=-0.023906159779532504 0.0047366773334356497 0.005051516608164032 0.011702717474684947 -0.00039265079356066149 0.00073443393667386482 -0.037023581969038037 -0.0031198732809511382 -0.012144741391196102 0.013330638440599871 0.017748982065528541 -0.0055269626721353065 -0.0093190239080927027 0.0029184066681809495 -0.014232050832064009
leaf_weight=220.38219793140888 1615.8435681089759 13938.880507297814 363.79906348884106 6805.7372185364366 12633.791120357811 12.596183821558951 28242.533075809479 1443.8620684444904 1190.4963093288243 2097.8023628480732 1785.4603170081973 3199.4707931578159 634.18200306594372 469.2718101143837
leaf_count=822 12888 74173 1157 23032 59002 77 78178 4120 11127 33247 6857 10000 1839 1676
internal_value=-0.000185674 0.00317964 -0.00408704 0.00190965 0.00299899 0.0122625 -0.003244 -0.00355882 0.00838238 0.0174221 -0.00145969 -0.0107384 0.0061206 -0.0173235
internal_weight=74654.1 40080.6 34573.5 35163.9 26572.7 4916.74 30684.4 29686.4 2806.34 2110.4 8591.2 3889.12 997.981 689.654
internal_count=318195 220403 97792 163064 133175 57339 85294 82298 24015 33324 29889 12498 2996 2498
is_linear=0
shrinkage=0.05


Tree=119
num_leaves=15
num_cat=0
split_feature=2 14 0 14 12 2 5 14 1 0 12 6 11 5
split_gain=409.088 96.5392 57.2854 59.252 44.0685 33.0124 25.8254 24.8663 33.0328 21.5064 17.1423 16.9588 12.7625 12.0633
threshold=0.17335840314626697 0.18806105107069018 0.14629339426755908 0.29082250595092779 0.25949865579605108 0.037291742861270911 0.19033337384462359 0.43212217092514044 0.080949626863002791 0.27282574772834783 0.31850653886795049 0.12438011169433595 0.1011023446917534 0.28924700617790228
decision_type=2 2 2 2 2 2 2 2 2 2 2 2 2 2
left_child=1 6 7 12 9 -6 -1 11 -9 -3 -5 -2 -4 -8
right_child=2 4 3 10 5 -7 13 8 -10 -11 -12 -13 -14 -15
leaf_value=-0.022697434490777098 0.0033413791162259805 -0.0088868017714418112 0.023658050032797778 0.00032304365096279763 -0.015547578373561544 -0.0033306514365526009 -0.013317668909651205 0.010612354484715833 0.0019584961971062693 -0.020403132751447943 0.0036072002310021372 0.01016043108409412 -0.0043819789857413713 0.005933801380505508
leaf_weight=1222.2434803005308 1218.3569174781442 1081.7995382770896 40.996049139648676 5775.4558853209019 602.35657099820673 6742.8484744690359 676.44408004358411 1389.7486011087894 5339.2570106908679 648.36613183282316 12734.379418700933 3623.3864019624889 4003.7347724996507 92.49988866224885
leaf_count=34653 6249 16318 513 32208 7538 63247 18846 3938 22526 8827 52328 18469 30546 1989
internal_value=0.000142749 -0.00821098 0.00285179 0.0013845 -0.00602352 -0.00433252 -0.0181809 0.00571195 0.00374579 -0.0132025 0.00258247 0.00844451 -0.00409777 -0.0110018
internal_weight=45191.9 11066.6 34125.3 22554.6 9075.37 7345.21 1991.19 11570.7 6729.01 1730.17 18509.8 4841.74 4044.73 768.944
internal_count=318195 151418 166777 115595 95930 70785 55488 51182 26464 25145 84536 24718 31059 20835
is_linear=0
shrinkage=0.05


Tree=120
num_leaves=15
num_cat=0
split_feature=3 14 9 2 2 14 0 0 9 12 4 13 14 8
split_gain=365.448 105.224 81.9155 47.4108 46.1943 37.6672 34.361 30.593 26.7912 23.3464 31.5649 19.9212 18.6603 17.1607
threshold=0.30132375657558447 0.29198645055294042 0.24210604280233386 0.061307953670620925 0.10517855733633043 0.23497778177261355 0.29087823629379278 0.023684883490204815 0.41222879290580755 0.33265963196754461 0.28526388108730322 0.44160574674606329 0.084330245852470412 0.15148743242025378
decision_type=2 2 2 2 2 2 2 2 2 2 2 2 2 2
left_child=1 3 7 -1 9 11 -5 -3 -7 12 -11 -6 -2 -4
right_child=4 2 13 6 5 8 -8 -9 -10 10 -12 -13 -14 -15
leaf_value=0.003566300186565586 -0.002467127023526364 -0.020718221486805889 0.022907875167397791 -0.015826248145422869 -0.011375717587285712 0.0010119154551841327 -0.0010858119922673042 -0.0073646508453524941 0.0045050738657639233 0.006737383581771856 -0.00056060249065506833 -0.00017043636006672605 0.012102972871268035 -0.00041622693274061159
leaf_weight=411.35400732047856 247.39613717421889 477.91156834736466 79.788965858519077 3667.7953451834619 767.41115783527493 14052.744137380272 443.11732240393758 4183.28999549523 9007.2875260226429 5057.5975422784686 2095.505903121084 821.00561178103089 1966.6426212601364 6785.4103489667177
leaf_count=8004 1867 6826 1004 67861 5154 66323 4482 39645 28428 14320 13824 5509 9671 45240
internal_value=6.49766e-05 -0.00615428 -0.00361834 -0.0126179 0.00299924 0.00186336 -0.0142374 -0.00873379 0.00237635 0.00598818 0.00459943 -0.00558404 0.0104749 -0.000145149
internal_weight=50064.3 16048.7 11526.4 4522.27 34015.6 24648.4 4110.91 4661.2 23060 9367.14 7153.1 1588.42 2214.04 6865.2
internal_count=318158 173062 92715 80347 145096 105414 72343 46471 94751 39682 28144 10663 11538 46244
is_linear=0
shrinkage=0.05


Tree=121
num_leaves=15
num_cat=0
split_feature=1 11 13 13 0 0 1 10 14 13 4 7 1 8
split_gain=361.411 151.207 99.7034 44.8488 42.2734 40.4451 39.5717 29.2296 22.3057 20.1367 24.0613 15.7491 9.26532 7.29885
threshold=0.37645894289016729 0.12811917811632159 0.13317080587148669 0.34322227537631994 0.086226273328065886 0.41390703618526464 0.17871131747961047 0.49510209262371069 0.20122936367988589 0.41385471820831304 0.53440678119659435 0.060677658766508109 0.13519745320081714 0.22130475938320163
decision_type=2 2 2 2 2 2 2 2 2 2 2 2 2 2
left_child=2 9 11 4 -3 -5 7 -4 -8 13 -11 -1 -13 -2
right_child=1 3 6 5 -6 -7 8 -9 -10 10 -12 12 -14 -15
leaf_value=-0.020141048856112533 0.023136933271560203 0.0049105672873320143 -0.0049833739821728493 0.0051095908408952413 -0.0014758922169127021 -0.0030934380143726129 0.0057512314201026843 0.010066269358026216 -0.0014679734216475489 0.0048936210714790179 0.014856353536393408 -0.010496849136863147 -0.0057258907932262407 -0.028963451749133041
leaf_weight=342.00405701994896 533.2473755441606 3631.0523335114121 12314.547969922423 15107.030208360404 9047.1836081407964 1668.6222380846739 1123.1020845472813 331.31469660997391 22622.238658353686 852.17700960114598 2098.2401531860232 3320.9538063704967 1467.2258208990097 6.8080398328602305
leaf_count=1252 6777 20064 34371 86792 36869 6376 3699 915 65557 8288 32743 10352 4044 59
internal_value=-0.000146937 0.00376361 -0.00324969 0.00259751 0.000353193 0.00429366 -0.00232975 -0.00458908 -0.00112652 0.0136036 0.0119788 -0.00977529 -0.0090349 0.0224801
internal_weight=74465.7 32944.4 41521.4 29453.9 12678.2 16775.7 36391.2 12645.9 23745.3 3490.47 2950.42 5130.18 4788.18 540.055
internal_count=318158 197968 120190 150101 56933 93168 104542 35286 69256 47867 41031 15648 14396 6836
is_linear=0
shrinkage=0.05


Tree=122
num_leaves=15
num_cat=0
split_feature=2 13 2 0 13 3 11 8 1 2 11 11 2 6
split_gain=378.225 101.301 49.9412 40.9575 37.6578 34.1376 33.4539 28.2601 26.8449 23.2308 21.1303 20.3461 20.324 18.2765
threshold=0.19393481314182284 0.32945396006107336 0.10413931310176851 0.1706390976905823 0.29110135138034826 0.21394737809896472 0.11002596840262414 0.15442520380020144 0.14493319392204287 0.041123561561107642 0.20249912142753604 0.33468808233737951 0.31391757726669317 0.23678011447191241
decision_type=2 2 2 2 2 2 2 2 2 2 2 2 2 2
left_child=1 8 6 7 -5 -4 -3 10 11 -10 -2 -1 -9 -6
right_child=3 2 5 4 13 -7 -8 12 9 -11 -12 -13 -14 -15
leaf_value=-0.00079691392246144556 0.011093032105877967 -0.02585377859319159 0.00054209988133053762 0.0032493623098251616 0.0019529336530505249 -0.010728994863312195 -0.013368328515956641 -0.00067966160740116075 -0.017272182750961946 -0.0037527243865438766 0.041034189448762332 0.011316594442326472 0.0055198054807165187 -0.003265004531909053
leaf_weight=1262.4999552965164 170.41028525307775 763.6970438119024 889.04408628121018 11988.946013987064 2669.2798159681261 2749.2929849177599 1803.502283366397 1491.7117320522666 343.24709748290479 4277.5297711901367 90.072172403335571 477.84285332262516 11622.270795091987 4519.6742150299251
leaf_count=7897 1566 27329 17907 46302 19081 38322 29414 13509 4562 38489 640 2344 42380 28416
internal_value=0.000170411 -0.00719754 -0.0117427 0.00301477 0.00153367 -0.00797485 -0.0170825 0.00513854 -0.0027636 -0.004757 0.0214464 0.00252907 0.00481462 -0.00132757
internal_weight=45119 12566.7 6205.54 32552.4 19177.9 3638.34 2567.2 13374.5 6361.12 4620.78 260.482 1740.34 13114 7188.95
internal_count=318158 166264 112972 151894 93799 56229 56743 58095 53292 43051 2206 10241 55889 47497
is_linear=0
shrinkage=0.05


Tree=123
num_leaves=15
num_cat=0
split_feature=3 10 0 0 14 5 2 6 14 8 3 13 12 6
split_gain=336.069 91.207 68.8797 57.185 43.3151 50.6254 39.2116 23.8429 22.2794 40.2872 21.6799 21.5701 17.0485 14.5952
threshold=0.24744053930044177 0.41839496791362768 0.31587970256805425 0.038253197446465499 0.3230105340480805 0.13372183591127398 0.10517855733633043 0.20336321741342547 0.15627218037843707 0.068495292216539397 0.20651247352361682 0.19793942570686343 0.29545515775680548 0.24328649789094928
decision_type=2 2 2 2 2 2 2 2 2 2 2 2 2 2
left_child=1 3 4 -1 5 -2 7 -4 10 -10 -3 -8 -5 -6
right_child=2 8 6 12 13 -7 11 -9 9 -11 -12 -13 -14 -15
leaf_value=-0.014579408110007012 0.0082099525790843217 -0.024268858762552085 0.019888842626594752 -0.0052415473493395426 0.0083301259603309717 -0.0074108497570921431 0.004446647173136785 0.0058944627166122076 0.15278761528365684 -0.011581913579803826 -0.009703703832845436 0.0010763146068206663 -0.00012101469290614144 0.00058874112302648315
leaf_weight=1177.673805449158 606.39942439645529 812.87600134126842 316.3820624537766 3158.2370323985815 688.60305149108171 3585.7163923569024 7627.1418469175696 8011.7071676626801 3.7336432784795752 2424.6780700664967 372.59134508483112 12573.004465118051 3349.5266649983823 5257.0539925172925
leaf_count=15486 7086 24017 1922 26268 4849 39131 22790 28076 78 32888 10208 55112 22703 27544
internal_value=6.43881e-05 -0.00752118 0.00228111 -0.00444076 -0.001259 -0.00515126 0.00353912 0.00642611 -0.0140721 -0.0113292 -0.019691 0.00234888 -0.00260602 0.00148532
internal_weight=49965.3 11299.3 38666 7685.44 10137.8 4192.12 28528.2 8328.09 3613.88 2428.41 1185.47 20200.1 6507.76 5945.66
internal_count=318158 131648 186510 64457 78610 46217 107900 29998 67191 32966 34225 77902 48971 32393
is_linear=0
shrinkage=0.05


Tree=124
num_leaves=15
num_cat=0
split_feature=1 11 13 13 0 0 1 1 10 10 13 7 1 8
split_gain=321.859 139.844 92.4738 42.6936 38.1237 37.3377 36.0479 21.3501 21.0416 19.6476 15.5648 15.1161 8.7307 7.83197
threshold=0.37645894289016729 0.11397715285420419 0.13317080587148669 0.34322227537631994 0.086226273328065886 0.41390703618526464 0.23563601076602939 0.71249830722808849 0.20016440004110339 0.3945810347795487 0.41385471820831304 0.060677658766508109 0.13519745320081714 0.14700976014137271
decision_type=2 2 2 2 2 2 2 2 2 2 2 2 2 2
left_child=2 7 11 4 -3 -5 8 10 -4 -8 -2 -1 -13 -9
right_child=1 3 6 5 -6 -7 9 13 -10 -11 -12 12 -14 -15
leaf_value=-0.019592145782613809 0.021153457690202826 0.0046991487881923024 -0.0054744312894855467 0.0049502379924013865 -0.0013726642010159673 -0.0028171093419567029 0.00050724107214711192 0.020332994596298334 -0.0021782786994981513 -0.0034404641156659532 0.0080202902981009183 -0.010071794381762325 -0.0054350624596372858 0.0072568682156740052
leaf_weight=337.79589168727398 272.68304098024964 3612.4777694493532 8705.5644469559193 15500.82858883962 9091.2636451348662 1718.7375639975071 12556.596959888935 1133.8128188289702 10909.103631108999 4208.0580753535032 1306.6568924039602 3303.8278878629208 1465.5929316580296 127.37732227519155
leaf_count=1252 3328 20066 24443 93176 37275 6658 36755 20109 29736 13608 15141 10352 4044 2215
internal_value=-0.000145122 0.00355921 -0.0030706 0.00255277 0.000353937 0.00417496 -0.00218612 0.0141615 -0.00364121 -0.000483663 0.0102878 -0.0093709 -0.00864698 0.0190123
internal_weight=74250.4 32763.8 41486.5 29923.3 12703.7 17219.6 36379.3 2840.53 19614.7 16764.7 1579.34 5107.22 4769.42 1261.19
internal_count=318158 197968 120190 157175 57341 99834 104542 40793 54179 50363 18469 15648 14396 22324
is_linear=0
shrinkage=0.05


Tree=125
num_leaves=15
num_cat=0
split_feature=2 13 2 2 3 12 10 14 2 3 13 3 8 11
split_gain=347.77 94.1194 41.8875 34.7683 30.647 27.2396 26.4204 23.6506 23.1493 21.1469 20.9728 19.0608 17.9071 10.7188
threshold=0.17808742821216586 0.3724351972341538 0.27435603737831121 0.10413931310176851 0.23682680726051333 0.24180176854133609 0.47316627204418188 0.14966184645891192 0.037291742861270911 0.48392866551876074 0.10953843593597413 0.17272752523422244 0.77519717812538158 0.44904477894306188
decision_type=2 2 2 2 2 2 2 2 2 2 2 2 2 2
left_child=1 6 9 7 -5 12 8 -3 -1 11 -7 -2 -4 -11
right_child=2 3 5 4 -6 10 -8 -9 -10 13 -12 -13 -14 -15
leaf_value=-0.013090655993489056 0.0044518462571252531 -0.024732816563567572 0.0060896771811222057 -0.0010111432304135822 -0.012955204475215429 0.0082022189709519393 -0.023715072361083018 -0.013564350265090017 -0.0023678262592458383 0.0043351407314672795 0.0023118732124187947 -0.0038481655148574281 0.020252950556566288 -0.0094988779168448077
leaf_weight=548.92216873727739 828.80117766186595 794.08770148269832 5518.6134585961699 786.35250754654408 1694.0745439622551 1640.2720795124769 161.69682165235281 1176.0362549740821 6060.9225579593331 2060.7793319448829 19200.465330220759 4181.7600961923599 232.57610231637955 150.22691871970892
leaf_count=6742 8897 28528 25357 17435 25019 4853 4011 19549 53664 9767 75903 37067 691 675
internal_value=0.000167827 -0.00745904 0.00269905 -0.0131072 -0.00916866 0.00361613 -0.0037468 -0.018066 -0.00325832 -0.000677918 0.00277547 -0.00247525 0.00666244 0.00339519
internal_weight=45035.6 11222.1 33813.5 4450.55 2480.43 26591.9 6771.54 1970.12 6609.84 7221.57 20840.7 5010.56 5751.19 2211.01
internal_count=318158 154948 163210 90531 42454 106804 64417 48077 60406 56406 80756 45964 26048 10442
is_linear=0
shrinkage=0.05


Tree=126
num_leaves=15
num_cat=0
split_feature=3 10 0 0 14 2 2 6 11 14 8 3 12 6
split_gain=307.895 85.3616 61.5455 53.8796 39.0563 35.7596 34.4164 22.1829 21.2066 21.1884 37.1448 21.6212 15.7807 13.7656
threshold=0.24744053930044177 0.41839496791362768 0.31587970256805425 0.038253197446465499 0.3230105340480805 0.10517855733633043 0.061307953670620925 0.20336321741342547 0.16110882163047793 0.15627218037843707 0.065653998404741301 0.20651247352361682 0.29545515775680548 0.24328649789094928
decision_type=2 2 2 2 2 2 2 2 2 2 2 2 2 2
left_child=1 3 4 -1 6 7 -2 -4 -7 11 -11 -3 -5 -6
right_child=2 9 5 12 13 8 -8 -9 -10 10 -12 -13 -14 -15
leaf_value=-0.014200428804064713 0.0078712848069890304 -0.02390031204949503 0.01901999385911957 -0.0050406846588644883 0.00804851061518389 -0.012035092761618836 -0.0065142798388210885 0.0056006263821055452 0.0024089743594173105 0.15257142088553657 -0.011211738492272923 -0.009173102519441827 -0.00010651247664537291 0.00054804634365963184
leaf_weight=1158.5547870770097 468.53541705384851 785.78971188142896 320.25330013781786 3140.4596711546183 692.22134374827147 257.39285364001989 3691.7799937799573 8022.2798120714724 19963.257753297687 3.4667940847575656 2392.375001905486 364.96979663148522 3348.0083399377763 5260.8248781636357
leaf_count=15486 5535 24017 1922 26268 4849 1977 40682 28076 75925 63 32903 10208 22703 27544
internal_value=6.10892e-05 -0.0072417 0.00217464 -0.00426815 -0.00117733 0.00336147 -0.00489418 0.00611577 0.00222511 -0.0136531 -0.0109747 -0.0192295 -0.00249468 0.0014202
internal_weight=49870.2 11193.6 38676.5 7647.02 10113.4 28563.2 4160.32 8342.53 20220.7 3546.6 2395.84 1150.76 6488.47 5953.05
internal_count=318158 131648 186510 64457 78610 107900 46217 29998 77902 67191 32966 34225 48971 32393
is_linear=0
shrinkage=0.05


Tree=127
num_leaves=15
num_cat=0
split_feature=1 14 13 3 2 1 2 10 13 5 7 9 14 8
split_gain=287.865 162.276 60.6052 46.4095 45.5018 29.722 23.7465 21.3232 33.5549 18.5471 13.2715 10.6998 7.94715 5.13582
threshold=0.25383481383323675 0.17757028341293338 0.13317080587148669 0.41781835258007055 0.27435603737831121 0.71249830722808849 0.056747179478406913 0.54489311575889599 0.39434376358985906 0.038475748151540763 0.060677658766508109 0.18773120641708377 0.23318394273519519 0.17837014794349673
decision_type=2 2 2 2 2 2 2 2 2 2 2 2 2 2
left_child=2 5 10 4 -3 6 -2 8 -4 -7 13 -5 -12 -1
right_child=1 3 7 11 -6 9 -8 -9 -10 -11 12 -13 -14 -15
leaf_value=-0.038289465932738062 -0.0033373890281671995 0.0040489736456911949 -0.0029231857417857682 0.010065249337741874 0.00024424167282337971 -0.094341877713055633 0.009695029114889113 0.0072552784722561704 -0.011326506336092524 0.016855330781371556 -0.025396708507968213 -0.0017912554017155266 -0.0084082620255001659 -0.017017186077337248
leaf_weight=31.315582618117332 395.48475706204772 15968.997203975916 20038.295610100031 193.66439893841743 15471.460815928876 3.7592461407184592 3008.3572525158525 478.15007795393467 1262.8012339174747 1520.8876790031791 69.934705555438995 10903.509116828442 4399.949188888073 302.07610407471657
leaf_count=120 2895 93532 55355 724 55547 22 28520 1383 3469 26700 230 35123 13406 1132
internal_value=-0.000142332 0.00219065 -0.00430814 0.00119553 0.00217671 0.0107795 0.00818082 -0.00318696 -0.00342136 0.0165812 -0.00939184 -0.00158434 -0.00867406 -0.0190153
internal_weight=74048.6 47466.1 26582.5 42537.6 31440.5 4928.49 3403.84 21779.2 21301.1 1524.65 4803.28 11097.2 4469.88 333.392
internal_count=318158 243063 75095 184926 149079 58137 31415 60207 58824 26722 14888 35847 13636 1252
is_linear=0
shrinkage=0.05


Tree=128
num_leaves=15
num_cat=0
split_feature=2 13 0 14 2 10 14 7 3 2 13 11 13 11
split_gain=319.653 88.2795 37.8146 48.1196 37.8134 32.388 30.9729 26.7261 26.3333 19.0162 18.6071 17.3196 15.8192 13.8007
threshold=0.17808742821216586 0.33800147473812109 0.13625727593898776 0.29082250595092779 0.10413931310176851 0.34476809203624731 0.14966184645891192 0.44509959220886236 0.22917372733354571 0.047468371689319618 0.66253992915153515 0.15440972149372104 0.098213788121938719 0.093156021088361754
decision_type=2 2 2 2 2 2 2 2 2 2 2 2 2 2
left_child=1 9 5 13 6 7 -3 -2 -6 -1 -7 -11 -5 -4
right_child=2 4 3 12 8 10 -8 -9 -10 11 -12 -13 -14 -15
leaf_value=-0.01034019417677871 0.0036864589773674761 -0.024629002185757917 0.030860616831392542 0.0087327690875158102 -0.0005422948395313493 0.010592192603322623 -0.01251132801609056 -0.01670570358483299 -0.011112567478720003 -0.022618812848012357 -0.0014645998831683024 -0.0014857495010785775 0.0021689011165162823 -0.0037205300151396206
leaf_weight=765.86376743018627 7357.7101218029857 797.38764471560717 29.057431608438492 967.11828933656216 827.54648861289024 2851.3042125478387 1557.0334652755409 164.26239346340299 2045.8868587557226 98.857538850978017 360.4586216583848 5026.7741211391985 18044.586009800434 4061.985764618963
leaf_count=8981 28132 29566 351 2955 17914 14248 25530 1328 29976 2239 2581 40742 82812 30803
internal_value=0.000166674 -0.0071881 0.0025836 0.00144427 -0.0119176 0.00503584 -0.0166153 0.00324114 -0.00806834 -0.00299139 0.00923905 -0.00189334 0.0025028 -0.00347491
internal_weight=44955.8 11119.3 33836.5 23102.7 5227.85 10733.7 2354.42 7521.97 2873.43 5891.5 3211.76 5125.63 19011.7 4091.04
internal_count=318158 154948 163210 116921 102986 46289 55096 29460 47890 51962 16829 42981 85767 31154
is_linear=0
shrinkage=0.05


Tree=129
num_leaves=15
num_cat=0
split_feature=3 10 0 0 13 5 12 1 4 14 8 2 3 10
split_gain=282.501 79.0888 64.4007 48.1763 46.9236 48.7107 37.7974 32.8372 24.0256 20.5618 34.9152 15.6701 13.7925 11.9968
threshold=0.23375004529953006 0.4294963032007218 0.30795879662036901 0.038253197446465499 0.27339676022529608 0.13372183591127398 0.25570853054523474 0.073656927794218077 0.4343066811561585 0.15627218037843707 0.077337678521871581 0.07783024758100511 0.20651247352361682 0.16797558218240741
decision_type=2 2 2 2 2 2 2 2 2 2 2 2 2 2
left_child=1 3 4 13 -2 -6 8 -8 -4 12 -11 -5 -3 -1
right_child=2 9 6 11 5 -7 7 -9 -10 10 -12 -13 -14 -15
leaf_value=-0.0030137169079123387 0.0022868548607716437 -0.023495973973578981 0.0062972242059652966 0.006568243963016019 0.0091428939334831927 -0.0059599269623570724 0.0089558864520832421 0.0020979010405046687 0.017712726352327689 0.090557462943005027 -0.011783305455302278 -0.0034653397564279641 -0.009836238957545311 -0.01624195042163409
leaf_weight=208.7646910995245 4748.2839139029384 757.97218953818083 2099.3979826644063 418.88371205702424 594.77768671698868 5214.837875559926 1878.4547218978405 24655.743575941771 590.57794973999262 8.3703342117369157 1923.3841089569032 5479.2214758712798 244.38089688494802 957.55478356778622
leaf_count=2058 22752 24003 10347 5047 7741 55338 5273 91780 4532 160 27283 40842 7198 13804
internal_value=5.8448e-05 -0.00745476 0.00194676 -0.00458887 -0.00140022 -0.00441373 0.00315594 0.0025834 0.00880347 -0.0143549 -0.0113399 -0.00275275 -0.0201656 -0.0138742
internal_weight=49780.6 9998.53 39782.1 7064.42 10557.9 5809.62 29224.2 26534.2 2689.98 2934.11 1931.75 5898.11 1002.35 1166.32
internal_count=318158 120395 197763 61751 85831 63079 111932 97053 14879 58644 27443 45889 31201 15862
is_linear=0
shrinkage=0.05


Tree=130
num_leaves=15
num_cat=0
split_feature=1 14 13 1 7 11 5 10 1 10 13 0 1 13
split_gain=260.301 153.856 52.6229 52.2355 43.1873 41.7371 53.6083 21.0892 20.678 17.133 29.5749 15.0848 13.4754 7.74845
threshold=0.23563601076602939 0.22962482273578647 0.16477791965007785 0.82321473956108104 0.70841267704963695 0.084427498281002059 0.10913179442286493 0.5617208480834962 0.069692645221948638 0.52261650562286388 0.38530139625072485 0.19020156562328341 0.68202516436576854 0.098213788121938719
decision_type=2 2 2 2 2 2 2 2 2 2 2 2 2 2
left_child=2 5 8 4 -3 12 -7 -5 13 10 -4 -10 -2 -1
right_child=1 3 9 7 -6 6 -8 -9 11 -11 -12 -13 -14 -15
leaf_value=-0.016414672769368765 0.01033201789101941 0.00034532691762975042 -0.0022892054678349365 0.0081532676221882771 -0.021686392617286564 -0.0057316352556685997 0.0080079931444046893 -0.083933655843695665 -0.0013636540573093263 0.0066056174093117774 -0.010698546895277411 -0.007330645683212747 0.020519171967682159 -0.0097073480461169655
leaf_weight=676.29172405600548 567.74859585613012 38339.469410389662 13871.214805394411 2335.7605302929878 223.730837225914 796.34223220124841 6543.3153790347278 6.233940362930297 1304.1501762866974 487.06102287769318 1130.7700100243092 5638.7906838357449 758.04213625192642 1185.1358527541161
leaf_count=2520 5428 150663 38031 18162 1321 4225 55247 55 3713 1387 3084 16153 14202 3967
internal_value=-0.000137968 0.00193993 -0.00437791 0.000657828 0.000217506 0.00799207 0.00651726 0.00790815 -0.00746448 -0.00262342 -0.00292306 -0.00620982 0.0161567 -0.0121442
internal_weight=73864.1 49570.6 24293.4 40905.2 38563.2 8665.45 7339.66 2341.99 8804.37 15489 15002 6942.94 1325.79 1861.43
internal_count=318158 249303 68855 170201 151984 79102 59472 18217 26353 42502 41115 19866 19630 6487
is_linear=0
shrinkage=0.05


Tree=131
num_leaves=15
num_cat=0
split_feature=2 10 0 14 3 4 2 8 14 11 8 1 3 2
split_gain=292.785 81.58 34.8258 42.19 31.5497 27.8233 26.4366 26.3196 39.8676 25.284 25.0546 20.8186 11.9188 11.0712
threshold=0.17808742821216586 0.464888945221901 0.1706390976905823 0.29082250595092779 0.18985769152641299 0.19826907664537433 0.041123561561107642 0.14553610980510714 0.22962482273578647 0.10635007172822954 0.16435725241899493 0.62475481629371654 0.45486930012702947 0.085774954408407225
decision_type=2 2 2 2 2 2 2 2 2 2 2 2 2 2
left_child=1 5 7 12 10 13 -7 8 -2 -6 -3 -9 -4 -1
right_child=2 4 3 -5 9 6 -8 11 -10 -11 -12 -13 -14 -15
leaf_value=-0.0042197176128624626 0.011063658700700689 -0.010152124708285295 -0.0052339763648421344 0.0021760921262921908 -0.024713902429192289 -0.017463994344840417 -0.0052096672710192221 0.0047546669489049696 0.064286341879278605 -0.013277233257265295 0.011841903477184725 -0.0020973090683401485 0.0027680621027822098 0.00238669093924494
leaf_weight=1016.7568190954626 182.02281626686454 444.14133908972144 2849.0794811546803 16812.41972405836 656.02167189493775 485.45474886894226 4712.4696816001087 12204.391194544733 43.617069859057665 1835.1718003880233 182.76900729350746 1219.3151627331972 556.18078595772386 1685.3320236727595
leaf_count=7942 1837 14884 22957 76232 24429 7595 54865 46837 330 32526 3753 12026 2991 8954
internal_value=0.000162221 -0.00691769 0.00246556 0.00114815 -0.0137659 -0.00421473 -0.00635415 0.00441694 0.0213518 -0.0162889 -0.00374 0.00413228 -0.003927 -9.92047e-05
internal_weight=44885.1 11018.1 33867 20217.7 3118.1 7900.01 5197.92 13649.3 225.64 2491.19 626.91 13423.7 3405.26 2702.09
internal_count=318158 154948 163210 102180 75592 79356 62460 61030 2167 56955 18637 58863 25948 16896
is_linear=0
shrinkage=0.05


Tree=132
num_leaves=15
num_cat=0
split_feature=3 12 0 14 5 14 12 6 4 4 12 8 0 11
split_gain=259.767 75.2591 58.417 39.8552 46.276 36.9835 35.2264 30.4289 29.2057 25.0363 24.1446 15.9154 11.754 16.4071
threshold=0.23375004529953006 0.19751895219087603 0.31587970256805425 0.27858436107635504 0.13372183591127398 0.29441154003143316 0.25570853054523474 0.44203226268291479 0.69927769899368297 0.4343066811561585 0.27658148109912878 0.13665521889925006 0.20427633821964267 0.27487641572952276
decision_type=2 2 2 2 2 2 2 2 2 2 2 2 2 2
left_child=1 12 3 4 -2 8 9 -8 -3 -4 -7 -5 -1 -14
right_child=2 5 6 11 -6 10 7 -9 -10 -11 -12 -13 13 -15
leaf_value=-0.017482279929672134 0.0083750454286608614 -0.014980583710687417 0.0060552173954188902 0.020163494519581333 -0.009087331935010861 -0.0068434177626467974 0.00080689513200889965 0.0042220907652746322 0.0055182437130393332 0.018053541893031325 -0.00073151818269823112 0.00029689778978492264 -0.012436548480716837 0.022561825332508407
leaf_weight=1698.7014931533486 450.87102283723652 1281.6339194104075 2023.7807751446962 102.0701760314405 2393.1239420250058 2914.8183666914701 13111.960869036615 12977.583267711103 201.01233497075737 553.74415905028582 3625.9923563823104 8176.323808286339 143.897824363783 43.643290638923645
leaf_count=32010 6361 25857 9780 786 32649 29290 55641 38712 3380 4107 26265 49727 3102 491
internal_value=5.92823e-05 -0.0071841 0.00186327 -0.00121246 -0.00631894 -0.0050714 0.00305661 0.0025057 -0.0122014 0.00863288 -0.0034552 0.000541847 -0.0161708 -0.00429197
internal_weight=49699.2 9909.7 39789.5 11122.4 2843.99 8023.46 28667.1 26089.5 1482.65 2577.52 6540.81 8278.39 1886.24 187.541
internal_count=318158 120395 197763 89523 39010 84792 108240 94353 29237 13887 55555 50513 35603 3593
is_linear=0
shrinkage=0.05


Tree=133
num_leaves=15
num_cat=0
split_feature=1 14 13 1 13 14 7 5 1 10 10 13 3 8
split_gain=234.253 139.66 48.9955 47.0937 41.0653 63.9755 39.1363 34.8685 19.3982 18.662 15.9541 27.7647 14.7059 7.1828
threshold=0.23563601076602939 0.22962482273578647 0.16477791965007785 0.82321473956108104 0.43929889798164373 0.13665927946567538 0.70841267704963695 0.10683422908186914 0.061075165867805488 0.5617208480834962 0.52261650562286388 0.39434376358985906 0.18985769152641299 0.11203041672706605
decision_type=2 2 2 2 2 2 2 2 2 2 2 2 2 2
left_child=2 4 8 6 7 -6 -3 -2 13 -5 11 -4 -10 -1
right_child=1 3 10 9 5 -7 -8 -9 12 -11 -12 -13 -14 -15
leaf_value=-0.035114902096302567 0.00049822074304302962 0.00032883159762414345 -0.0021903844318326331 0.0077869786516103672 0.010602134918650211 0.00029749999313920971 -0.020463058404795249 0.015712214007063258 3.6405466745367055e-05 -0.076062389426531887 0.0064425468893792321 -0.010924454131530819 -0.0069479081857010492 -0.012096479541337348
leaf_weight=34.7987160384655 459.55537326261401 38316.753970019519 14023.837544128299 2309.9332714676857 2979.2336638458073 3046.3961769863963 227.66970036178827 2086.4590469971299 850.99440525472164 6.6550078913569441 486.56113186478615 973.04658791422844 6590.2368745058775 1299.0764668136835
leaf_count=129 2198 150663 38461 18162 39403 20415 1321 17086 2464 55 1387 2654 19074 4686
internal_value=-0.000135429 0.0018394 -0.00415963 0.000622161 0.00764199 0.00539239 0.00020602 0.0129661 -0.00714448 0.0075461 -0.00246798 -0.00275708 -0.00614917 -0.012697
internal_weight=73691.2 49432.7 24258.6 40861 8571.64 6025.63 38544.4 2546.01 8775.11 2316.59 15483.4 14996.9 7441.23 1333.88
internal_count=318158 249303 68855 170201 79102 59818 151984 19284 26353 18217 42502 41115 21538 4815
is_linear=0
shrinkage=0.05


Tree=134
num_leaves=15
num_cat=0
split_feature=2 13 2 2 3 12 1 11 11 3 3 7 8 14
split_gain=268.471 80.4 36.0117 27.3715 27.1237 24.948 22.3962 21.8835 18.7994 17.9641 21.3702 17.8159 15.9301 14.2638
threshold=0.17023348063230517 0.3724351972341538 0.27435603737831121 0.10413931310176851 0.22917372733354571 0.24180176854133609 0.14493319392204287 0.11002596840262414 0.10635007172822954 0.48392866551876074 0.17272752523422244 0.082103349268436446 0.77519717812538158 0.22773436456918719
decision_type=2 2 2 2 2 2 2 2 2 2 2 2 2 2
left_child=1 6 9 7 -5 12 13 -3 -8 10 -2 -7 -4 -1
right_child=2 3 5 4 -6 11 8 -9 -10 -11 -12 -13 -14 -15
leaf_value=-0.012018664062628455 0.0047073417543135737 -0.024499151032087642 0.0055170690890394974 -9.8900265496641658e-05 -0.01232621615509755 0.0083334392585938666 -0.031149471261597353 -0.013022116241310354 -0.0047457966806153627 0.0028271160425868201 -0.0037475864458672231 0.0019856217271879868 0.018932381874227109 0.0034034724988021466
leaf_weight=167.82379553839564 897.40352997556329 629.96501486375928 5549.6498969942331 649.40717329643667 1503.8662471733987 1170.8853736519814 68.406486863270402 1219.0528240632266 4650.0017829481512 2458.2900859341025 4469.8606750592589 19747.664562195539 230.47768856585026 1406.1183142140508
leaf_count=1444 9888 25982 25357 15324 23814 3418 2427 22095 49292 11780 40937 77338 691 8371
internal_value=0.000156935 -0.00692978 0.00227009 -0.0124702 -0.00863857 0.00314436 -0.00340574 -0.0169324 -0.00512859 -0.000712657 -0.00233393 0.00234093 0.00605199 0.00175907
internal_weight=44818.9 10294.6 34524.2 4002.29 2153.27 26698.7 6292.35 1849.02 4718.41 7825.55 5367.26 20918.5 5780.13 1573.94
internal_count=318158 148749 169409 87215 39138 106804 61534 48077 51719 62605 50825 80756 26048 9815
is_linear=0
shrinkage=0.05


Tree=135
num_leaves=15
num_cat=0
split_feature=3 10 2 11 12 0 0 6 2 7 14 8 10 3
split_gain=258.207 77.5629 52.6923 50.1027 49.7484 49.7299 32.057 23.5681 19.1479 18.5271 17.7867 38.648 17.3607 11.4483
threshold=0.23375004529953006 0.47607153654098516 0.059079712256789214 0.17500507831573489 0.27658148109912878 0.038253197446465499 0.29087823629379278 0.19755456596612933 0.017205452546477321 0.73163381218910228 0.15627218037843707 0.077337678521871581 0.20016440004110339 0.18522963672876361
decision_type=2 2 2 2 2 2 2 2 2 2 2 2 2 2
left_child=1 5 7 4 -4 -1 -5 9 -9 -2 13 -12 -7 -3
right_child=2 10 3 6 -6 12 -8 8 -10 -11 11 -13 -14 -15
leaf_value=-0.013962729920466398 0.052302040437437726 -0.025204382697905009 0.0052012809784460212 -0.0010333647550834256 -0.011889571815357013 0.00084720677224571061 0.0026125815492896685 0.019094299509829597 0.0056586750531318758 0.011820139560554188 0.099376901753281663 -0.012111897249973243 -0.0047221541911862779 -0.014100252300083311
leaf_weight=1203.1099257059395 50.316271869465709 534.94751798734069 624.17023039981723 7872.268730469048 1339.6360800173134 2096.7615600973368 25748.050730638206 285.00299819558859 3813.1808723006397 64.486599186435342 7.8176480159163466 1369.7637163493782 4206.2903678379953 410.04101370461285
leaf_count=16934 479 17770 7721 54247 17886 12427 98824 1058 16593 929 145 20934 38939 13297
internal_value=0.000139097 -0.00711824 0.00193145 0.00130543 -0.00645747 -0.00464752 0.00175888 0.00721896 0.00659304 0.0295627 -0.0151032 -0.0114792 -0.00286946 -0.0203862
internal_weight=49625.8 9828.73 39797.1 35584.1 1963.81 7506.16 33620.3 4212.99 4098.18 114.803 2322.57 1377.58 6303.05 944.989
internal_count=318183 120446 197737 178678 25607 68300 153071 19059 17651 1408 52146 21079 51366 31067
is_linear=0
shrinkage=0.05


Tree=136
num_leaves=15
num_cat=0
split_feature=1 11 13 13 10 0 1 1 14 0 4 13 7 0
split_gain=219.661 107.718 53.5124 34.6972 34.3064 34.1835 19.4462 19.0523 21.5836 14.2988 12.9964 12.7821 9.3413 6.52533
threshold=0.32743635773658758 0.11397715285420419 0.13317080587148669 0.33800147473812109 0.3945810347795487 0.080057129263877883 0.68499240279197704 0.061075165867805488 0.16330985724925998 0.2456784397363663 0.055680720135569579 0.41385471820831304 0.36976894736289984 0.19020156562328341
decision_type=2 2 2 2 2 2 2 2 2 2 2 2 2 2
left_child=2 6 10 5 -5 -3 11 12 -9 -8 -1 -2 -4 -12
right_child=1 3 7 4 -6 -7 9 8 -10 -11 13 -13 -14 -15
leaf_value=-0.015068563437849595 0.018371014989258149 0.0043076356200864281 -0.010966073278616425 0.0068490589374541853 0.0019650243124204646 -0.0013568048128097204 0.016857290594494263 0.0065486489480136691 -0.0022196259451722979 -0.016459112491051756 -0.0028463241316028054 0.0052838591856832215 0.026908848553290083 -0.0078116717000187965
leaf_weight=547.37186247110367 226.82315365597606 3450.7388842739165 725.88828454911709 4692.492147654295 15379.914822660387 11673.780713487417 1399.0066041089594 719.13667653501034 29172.613526821136 32.963764164596796 810.34648202359676 1051.4461940862238 16.653083473443985 3606.4485375881195
leaf_count=2112 2666 18896 2444 23258 88138 45132 27248 2239 81282 505 2511 10838 48 10866
internal_value=-0.000165046 0.0024837 -0.00298558 0.00174409 0.00310681 -6.44329e-05 0.0120888 -0.00220521 -0.00200868 0.0160904 -0.00780131 0.00760612 -0.0101166 -0.00690068
internal_weight=73505.6 37907.2 35598.5 35196.9 20072.4 15124.5 2710.24 30634.3 29891.8 1431.97 4964.17 1278.27 742.541 4416.8
internal_count=318183 216681 101502 175424 111396 64028 41257 86013 83521 27753 15489 13504 2492 13377
is_linear=0
shrinkage=0.05


Tree=137
num_leaves=15
num_cat=0
split_feature=2 14 2 3 13 3 12 8 7 5 8 7 4 2
split_gain=236.349 70.9084 56.3873 35.6193 22.1053 35.1905 20.9397 17.8054 17.2882 16.2593 13.6614 12.6328 8.75322 7.70646
threshold=0.13540551811456683 0.15974842756986621 0.2609862238168717 0.57096642255783092 0.3126473873853684 0.21394737809896472 0.23116666823625567 0.31996233761310583 0.082103349268436446 0.17340524494647983 0.77519717812538158 0.39874742925167089 0.64740970730781566 0.021795188076794151
decision_type=2 2 2 2 2 2 2 2 2 2 2 2 2 2
left_child=1 9 4 7 11 -6 10 -3 -8 -1 -4 -2 -11 -5
right_child=2 3 6 13 5 -7 8 -9 -10 12 -12 -13 -14 -15
leaf_value=-0.024714822238963399 0.00016241868273741077 -0.010439941235646602 0.0052768429319618292 -0.015320855183126817 0.0037551198460592308 -0.0062505959082015949 0.0080665002244379985 6.8688686888798502e-05 0.0019126816373226945 -0.014804315311007047 0.018672802972301044 0.010101887868745996 0.0079879033244180508 -0.0010044043153726162
leaf_weight=644.6560357902199 4364.3334410563111 3215.227608544752 4847.8371819108725 97.574306111782789 1147.5510872062296 3751.6482573915273 1205.5499428808689 460.86479562520981 21415.836900703609 447.31481135077775 198.09793968498707 344.94475895166397 46.503832835704088 2565.4984029978514
leaf_count=23874 25695 49162 22979 1037 16372 41906 3532 6046 85825 16763 594 3547 1871 18980
internal_value=0.000116841 -0.00799586 0.00174427 -0.00593246 -0.00155565 -0.00390693 0.00289029 -0.00912249 0.00224063 -0.0194851 0.00580275 0.000890464 -0.0126579 -0.00152896
internal_weight=44753.4 7477.64 37275.8 6339.17 9608.48 4899.2 27667.3 3676.09 22621.4 1138.47 5045.94 4709.28 493.819 2663.07
internal_count=318183 117733 200450 75225 87520 58278 112930 55208 89357 42508 23573 29242 18634 20017
is_linear=0
shrinkage=0.05


Tree=138
num_leaves=15
num_cat=0
split_feature=3 12 2 11 12 14 7 0 6 2 8 0 8 1
split_gain=237.524 71.8602 48.9036 48.3647 41.0655 39.9338 30.8172 29.2971 23.478 18.2983 15.4407 11.804 16.4073 15.5325
threshold=0.23375004529953006 0.20857089012861255 0.061307953670620925 0.17158411443233493 0.27899891138076788 0.15627218037843707 0.75217765569686901 0.29087823629379278 0.20690209418535235 0.017205452546477321 0.12444365397095682 0.1764083802700043 0.27546669542789465 0.12225018441677095
decision_type=2 2 2 2 2 2 2 2 2 2 2 2 2 2
left_child=1 11 8 4 -4 -3 -7 -5 10 -10 -2 12 -1 -13
right_child=2 5 3 7 -6 6 -8 -9 9 -11 -12 13 -14 -15
leaf_value=-0.021467967259436321 0.018060361825066845 -0.0209170018350044 0.0040973995696991635 -0.0010221141706786177 -0.012073803110116582 -0.0039049761062308927 0.052918095973336368 0.0024669971715492321 0.018320400833906802 0.0052197606811593055 0.057768538482073542 0.11622501744062244 -0.01201733469298703 -0.0075561333199768614
leaf_weight=856.93541484698653 121.82065142691135 354.05933197773993 582.78069117479026 7859.1201257370412 1202.9099395219237 7140.3752061072737 23.940740076825023 25659.349711179733 285.24074123054743 4066.0523659177125 30.639484789222479 2.5515191853046408 989.62398778274655 377.28299259766936
leaf_count=20873 1639 12165 7324 54307 16876 66127 447 98588 1058 17699 246 12 12940 7882
internal_value=0.000134947 -0.00686168 0.00184768 0.00122175 -0.00679614 -0.00452517 -0.00371509 0.0016489 0.00675429 0.00607855 0.0260404 -0.0147519 -0.0164031 -0.00672464
internal_weight=49552.7 9744.77 39807.9 35304.2 1785.69 7518.38 7164.32 33518.5 4503.75 4351.29 152.46 2226.39 1846.56 379.835
internal_count=318183 120446 197737 177095 24200 78739 66574 152895 20642 18757 1885 41707 33813 7894
is_linear=0
shrinkage=0.05


Tree=139
num_leaves=15
num_cat=0
split_feature=1 14 13 0 7 1 7 5 12 13 13 14 4 1
split_gain=196.382 97.4671 50.1656 32.5547 57.6371 23.1872 21.9712 19.8993 18.6624 18.1878 27.7424 14.7227 10.1324 6.6135
threshold=0.32743635773658758 0.17757028341293338 0.12097557634115221 0.040191464126110084 0.75713503360748302 0.71249830722808849 0.4975790679454804 0.038475748151540763 0.29424522817134863 0.2146532088518143 0.38530139625072485 0.50594201683998119 0.047752633690834052 0.13519745320081714
decision_type=2 2 2 2 2 2 2 2 2 2 2 2 2 2
left_child=2 5 12 6 -5 8 -3 -7 -2 11 -11 -4 -1 -14
right_child=1 3 9 4 -6 7 -8 -9 -10 10 -12 -13 13 -15
leaf_value=-0.018279783861070164 0.0035434830162601274 0.0034695471970474334 -0.0044552772307040623 0.0011351889811705455 -0.040264120018870447 -0.095546381225478774 0.013859698317774609 0.015052401313444539 0.011600584345551961 -0.00025062959802882643 -0.0049956204788275688 -0.0002427961615158539 -0.0091090158572884172 -0.0037069935594262631
leaf_weight=250.71962803602219 1728.5344064123929 1362.0203643813729 10675.020964637399 31167.999284368008 84.300266992300749 4.0790185928344718 812.22354168444872 1383.523255854845 1230.2066123262048 15056.360774591565 3872.800982221961 2574.4372543394566 2402.7206794768572 741.40431767702103
leaf_count=1019 16662 7556 29835 144137 594 22 7167 26868 13675 42001 11302 7405 7855 2085
internal_value=-0.000159816 0.00235094 -0.00282581 0.00143509 0.00102352 0.00939451 0.00735095 0.0147273 0.00689352 -0.00221594 -0.00122143 -0.00363677 -0.00860655 -0.00783519
internal_weight=73346.4 37772.9 35573.5 33426.5 31252.3 4346.34 2174.24 1387.6 2958.74 32178.6 18929.2 13249.5 3394.84 3144.12
internal_count=318183 216681 101502 159454 144731 57227 14723 26890 30337 90543 53303 37240 10959 9940
is_linear=0
shrinkage=0.05


Tree=140
num_leaves=15
num_cat=0
split_feature=2 10 2 13 3 4 2 12 11 14 5 1 8 3
split_gain=217.86 67.3792 50.978 21.2703 45.2893 20.7919 20.7651 19.9052 16.8277 16.2615 15.8595 15.2329 12.4753 11.6187
threshold=0.13540551811456683 0.464888945221901 0.2609862238168717 0.45992051064968115 0.21548624336719516 0.1933018043637276 0.041123561561107642 0.23116666823625567 0.11002596840262414 0.29198645055294042 0.28924700617790228 0.55991312861442577 0.77519717812538158 0.17272752523422244
decision_type=2 2 2 2 2 2 2 2 2 2 2 2 2 2
left_child=1 5 3 10 -5 -1 -7 12 13 -9 -2 -10 -4 -3
right_child=2 8 7 4 -6 6 -8 9 11 -11 -12 -13 -14 -15
leaf_value=-0.00051664750314873401 0.0016040578279997227 -0.0083513312925691599 0.0050929401740670063 0.004044283135834029 -0.011847083868249356 -0.016814126247262674 -0.0055508692233260928 -0.0020316443818423069 -0.01795937792838918 0.0025550556475211548 -0.0030326435989301796 -0.006636083224544724 0.017926881732509344 -0.023881160909786998
leaf_weight=1853.4097582623363 4527.0061869304627 146.98511688224971 4857.3380493372679 699.71177106909454 1248.0339909866452 472.21302532032132 3067.0676468759775 2133.4113859608769 542.5532048586756 20510.217479377985 3111.9580322001129 656.29371193982661 197.03401707112789 666.8526369612664
leaf_count=12531 36100 6492 22979 10737 16061 7657 38447 11756 8450 77601 24622 16070 594 28086
internal_value=0.000112664 -0.00772063 0.00166849 -0.00147408 -0.00613824 -0.00480693 -0.00705362 0.00275618 -0.0155275 0.00212291 -0.00028484 -0.0117606 0.00559324 -0.0210764
internal_weight=44690.1 7405.38 37284.7 9586.71 1947.75 5392.69 3539.28 27698 2012.68 22643.6 7638.96 1198.85 5054.37 813.838
internal_count=318183 117733 200450 87520 26798 58635 46104 112930 59098 89357 60722 24520 23573 34578
is_linear=0
shrinkage=0.05


Tree=141
num_leaves=15
num_cat=0
split_feature=0 9 14 2 2 11 6 8 6 11 0 5 8 14
split_gain=207.58 103.868 74.3481 44.7783 39.3417 38.2044 28.7739 26.3996 20.7392 21.3928 19.801 16.606 15.2305 14.8528
threshold=0.2342047989368439 0.21401409804821017 0.22578629106283191 0.087757863104343428 0.10209097340703012 0.16110882163047793 0.16396317631006244 0.29738974571228033 0.21050851792097094 0.12316718325018884 0.038253197446465499 0.2490561902523041 0.13810545951128009 0.093795910477638259
decision_type=2 2 2 2 2 2 2 2 2 2 2 2 2 2
left_child=1 7 3 -3 8 -6 -7 11 13 -10 -9 -1 -4 -2
right_child=4 2 12 -5 5 6 -8 10 9 -11 -12 -13 -14 -15
leaf_value=-0.010250969976222825 0.0011954576682642159 -0.00076201237403484927 0.011421517003091785 -0.022000392626515944 -0.012853011017034205 0.014589051958473041 0.0012976364059306134 -0.014699296215678302 -0.0027329517046532307 0.0054224439281415964 -0.0047515514192624274 -0.019856230647266493 -0.0011072915467088933 0.020415935535949389
leaf_weight=755.38442266359925 139.62513611838222 381.80619376152754 249.21912840381265 709.1097644213587 471.35892868414521 413.85654974356294 25274.001407839358 738.65212449431419 903.07738869264722 7337.700088005513 1549.8339582011104 1112.9271804764867 9089.8771094605327 358.80854787491262
leaf_count=18777 1822 11345 2737 19233 5904 3333 107847 10477 7785 25340 15215 17409 68073 2886
internal_value=0.000129621 -0.00487934 -0.00221575 -0.0145672 0.00222326 0.00125294 0.00151177 -0.0115627 0.00512775 0.00452872 -0.00796237 -0.0159727 -0.000772953 0.0150317
internal_weight=49485.2 14586.8 10430 1090.92 34898.4 26159.2 25687.9 4156.8 8739.21 8240.78 2288.49 1868.31 9339.1 498.434
internal_count=318183 163266 101388 30578 154917 117084 111180 61878 37833 33125 25692 36186 70810 4708
is_linear=0
shrinkage=0.05


Tree=142
num_leaves=15
num_cat=0
split_feature=1 11 7 3 14 14 10 1 1 0 2 6 9 1
split_gain=175.474 89.1161 46.234 30.161 37.0067 17.251 19.9861 17.158 13.5518 13.4691 11.9296 10.8307 9.66622 8.07503
threshold=0.32743635773658758 0.11397715285420419 0.11563796922564508 0.42058910429477697 0.3230105340480805 0.16330985724925998 0.40218167006969457 0.68499240279197704 0.091451339423656478 0.25763553380966192 0.042843254283070571 0.26491972804069525 0.19145219773054126 0.037618655711412437
decision_type=2 2 2 2 2 2 2 2 2 2 2 2 2 2
left_child=2 7 8 4 -3 10 -7 11 13 -9 -4 -2 -5 -1
right_child=1 3 5 12 -6 6 -8 9 -10 -11 -12 -13 -14 -15
leaf_value=-0.017830355357629616 0.0036064626836122635 0.004090084874653426 -0.0035685874124126793 0.0095839873733675803 0.00044551035671905006 -0.0017296325466041344 -0.0060489283142633942 0.015508637448652754 -0.0044766703659886 -0.036713597462531493 0.0099182890178060156 0.013462597084202166 -0.0016402280802246935 -0.008826767322354493
leaf_weight=281.16141629219055 830.81480449438095 14222.702919926494 242.92369735240936 197.24386040866375 13649.473563872278 27138.539262861013 2971.4264075011015 1346.253720138222 2234.2924190759659 12.46143640950322 504.41877204179764 419.4538809210062 6970.4338007569313 2179.1480709761381
leaf_count=1145 9312 85342 700 755 65285 75623 8547 27585 6452 168 1630 4192 24042 7405
internal_value=-0.00015373 0.00222516 -0.00267293 0.00156137 0.00230528 -0.00196963 -0.00215589 0.0111401 -0.00729566 0.0150297 0.00553438 0.00691311 -0.00133135 -0.00985569
internal_weight=73200.7 37648.8 35551.9 35039.9 27872.2 30857.3 30110 2608.98 4694.6 1358.72 747.342 1250.27 7167.68 2460.31
internal_count=318183 216681 101502 175424 150627 86500 84170 41257 15002 27753 2330 13504 24797 8550
is_linear=0
shrinkage=0.05


Tree=143
num_leaves=15
num_cat=0
split_feature=2 10 2 13 3 1 2 12 11 7 1 5 13 6
split_gain=200.212 63.705 46.049 19.7405 39.5326 19.589 19.3497 18.4478 16.1812 15.4122 14.9701 14.8708 14.5883 11.7914
threshold=0.13540551811456683 0.464888945221901 0.26357844471931463 0.47272749245166784 0.21706124395132068 0.1287973299622536 0.037291742861270911 0.23116666823625567 0.11002596840262414 0.076097346842288985 0.55991312861442577 0.28924700617790228 0.16881600022315982 0.12438011169433595
decision_type=2 2 2 2 2 2 2 2 2 2 2 2 2 2
left_child=1 5 3 11 -5 12 -7 13 -3 -9 -10 -2 -1 -4
right_child=2 8 7 4 -6 6 -8 9 10 -11 -12 -13 -14 -15
leaf_value=0.0068742535088752929 0.0015126732386524467 -0.020668497837412328 0.0028124968256240147 0.0032638679591966203 -0.012029469629179163 -0.016348579522301208 -0.0050540226476868113 0.0084709516255475313 -0.017633142617796912 0.0017612264539830385 -0.0063275862492137005 -0.0028746108540343386 -0.00449665411549447 0.0076597070341792878
leaf_weight=568.92720363289118 4686.4285381119698 789.77332689613104 2373.4778700619936 688.91040646284819 1092.960693443194 421.09282581694424 3812.2678412366658 891.12649521231651 533.29509458318353 21618.154743112624 649.31585295684636 3285.5329639390111 559.42529906705022 2661.5856942534447
leaf_count=3407 37818 34578 9682 10544 14308 6699 44300 2624 8450 85757 16070 26104 4229 13613
internal_value=0.000108416 -0.00744357 0.00159339 -0.00135893 -0.00611673 -0.00461721 -0.00617749 0.00263885 -0.0151267 0.00202686 -0.0114258 -0.000295485 0.00123668 0.00537478
internal_weight=44632.3 7334.1 37298.2 9753.83 1781.87 5361.71 4233.36 27544.3 1972.38 22509.3 1182.61 7971.96 1128.35 5035.06
internal_count=318183 117733 200450 88774 24852 58635 50999 111676 59098 88381 24520 63922 7636 23295
is_linear=0
shrinkage=0.05


Tree=144
num_leaves=15
num_cat=0
split_feature=3 10 0 2 11 12 0 6 2 2 14 8 7 3
split_gain=203.966 65.6772 43.8239 42.8318 40.272 38.9381 24.0731 21.8022 16.9037 16.3689 15.8636 33.4494 13.7494 11.9061
threshold=0.23375004529953006 0.47607153654098516 0.038253197446465499 0.061307953670620925 0.17158411443233493 0.27899891138076788 0.29087823629379278 0.20690209418535235 0.017205452546477321 0.07783024758100511 0.15627218037843707 0.077337678521871581 0.73163381218910228 0.18522963672876361
decision_type=2 2 2 2 2 2 2 2 2 2 2 2 2 2
left_child=1 2 -1 7 5 -5 -6 12 -9 -4 13 -12 -2 -3
right_child=3 10 9 4 6 -7 -8 8 -10 -11 11 -13 -14 -15
leaf_value=-0.013086901565241407 0.039040611949314415 -0.024369021776557778 0.0066045196609858916 0.0043503086012145467 -0.00092253697360373589 -0.011488187616027308 0.00224263595606719 0.017388275147389276 0.0048099107729280659 -0.0032208873849453889 0.088252259074784789 -0.011188847474698692 0.009236292403459757 -0.012606492425676716
leaf_weight=1159.2201024666429 80.521067727357149 491.86377276293933 457.41647898778319 578.98455342650414 7838.4127150811255 1176.7035390567034 25714.96878477186 285.86379782110453 4069.0728556960821 5784.1598409824073 8.5111321397125703 1320.2584969326854 74.496658436954021 382.38106946647167
leaf_count=16934 783 17770 5733 7324 54307 16876 98588 1058 17699 45633 145 20934 1102 13297
internal_value=0.000125557 -0.0064149 -0.00415897 0.00170303 0.00111696 -0.00626502 0.00150322 0.00629147 0.00563557 -0.00250083 -0.0139934 -0.0105519 0.0247176 -0.0192243
internal_weight=49422.8 9603.81 7400.8 39819 35309.1 1755.69 33553.4 4509.95 4354.94 6241.58 2203.01 1328.77 155.018 874.245
internal_count=318183 120446 68300 197737 177095 24200 152895 20642 18757 51366 52146 21079 1885 31067
is_linear=0
shrinkage=0.05


Tree=145
num_leaves=15
num_cat=0
split_feature=1 14 13 0 7 5 1 7 1 11 4 7 1 7
split_gain=158.534 85.3411 43.2091 29.7602 54.5817 20.2413 20.5 19.9896 16.3022 18.2597 9.00627 8.50486 5.02992 4.20269
threshold=0.30367144942283636 0.17757028341293338 0.12097557634115221 0.040191464126110084 0.72799396514892589 0.038475748151540763 0.71249830722808849 0.4975790679454804 0.061075165867805488 0.58187943696975719 0.047752633690834052 0.36976894736289984 0.13519745320081714 0.060677658766508109
decision_type=2 2 2 2 2 2 2 2 2 2 2 2 2 2
left_child=2 5 10 7 -5 -2 -7 -3 11 -10 13 -4 -12 -1
right_child=1 3 8 4 -6 6 -8 -9 9 -11 12 -13 -14 -15
leaf_value=-0.023694912945660992 -0.047670074582484033 0.0031961997470861523 -0.0094681020076397126 0.00095713517754199599 -0.022596888049198318 0.0065055450117846763 0.013996910813659877 0.013105516797355377 -0.0022432180993737661 0.0030040452811565116 -0.008500830307368033 0.026568374572168721 -0.0037243471114429983 -0.010585161754947673
leaf_weight=126.4610857963562 15.926978662610052 1406.9849189221859 872.50288128852844 33664.37328415364 247.76584377512336 2980.3309051804245 1316.6541049405932 797.33559422940016 26635.132545411587 1767.9861120581627 2381.7391833811998 16.685894697904587 717.11993089318275 118.34199421107769
leaf_count=540 62 7709 3002 151222 1677 30630 26868 7176 73961 4930 7855 48 2024 479
internal_value=-0.000147731 0.00194481 -0.00273997 0.00115097 0.000785047 0.00859246 0.008801 0.00678055 -0.0021253 -0.0019166 -0.00812484 -0.00879187 -0.00739548 -0.0173574
internal_weight=73065.3 40429.4 32636 36116.5 33912.1 4312.91 4296.99 2204.32 29292.3 28403.1 3343.66 889.189 3098.86 244.803
internal_count=318183 225344 92839 167784 152899 57560 57498 14885 81941 78891 10898 3050 9879 1019
is_linear=0
shrinkage=0.05


Tree=146
num_leaves=15
num_cat=0
split_feature=2 14 2 3 3 13 0 9 7 5 8 6 4 7
split_gain=184.467 60.2096 41.6131 30.8923 19.4554 42.8407 17.6493 17.3239 17.311 17.0165 16.7016 9.06568 8.82607 7.70633
threshold=0.13540551811456683 0.15974842756986621 0.2609862238168717 0.57096642255783092 0.20951805263757708 0.45992051064968115 0.017637724056839946 0.39909332990646368 0.55121684074401867 0.17340524494647983 0.31996233761310583 0.076958797872066512 0.64740970730781566 0.40141403675079351
decision_type=2 2 2 2 2 2 2 2 2 2 2 2 2 2
left_child=1 9 4 10 7 -6 11 -2 -8 -1 -3 -4 -11 -5
right_child=2 3 6 13 5 -7 8 -9 -10 12 -12 -13 -14 -15
leaf_value=-0.023843032208581295 0.0030670969107013156 -0.009644954150871056 0.0066446346422659903 -0.0020779478377791418 -0.00074207665454890308 -0.010776322024217251 0.0019390392917102068 0.047472686173023082 0.0064095895466881221 -0.013283227012253374 0.00061699548059292609 0.020407890802464915 0.010224341311666607 0.0072014009184090122
leaf_weight=592.75240119919181 1591.2293053343892 3121.0416670870036 328.60815723240376 2394.243801753968 6667.5833227075636 1265.6342242900282 24873.07685507834 22.271350609138608 2371.9044762924314 415.35933119431138 454.19542137533426 188.15188230574131 44.176038846373558 246.80925118364394
leaf_count=23874 20678 49162 1201 17291 49849 16708 97221 285 13837 16763 6046 671 1871 2726
internal_value=0.000102936 -0.00718414 0.00152263 -0.00531182 -0.00132496 -0.0023429 0.00250186 0.00368003 0.00232824 -0.0182447 -0.00834128 0.0116558 -0.0110234 -0.00121078
internal_weight=44577 7268.58 37308.5 6216.29 9546.72 7933.22 27761.7 1613.5 27245 1052.29 3575.24 516.76 459.535 2641.05
internal_count=318183 117733 200450 75225 87520 66557 112930 20963 111058 42508 55208 1872 18634 20017
is_linear=0
shrinkage=0.05


Tree=147
num_leaves=15
num_cat=0
split_feature=3 12 2 11 12 14 10 0 13 11 2 0 11 7
split_gain=187.829 61.7817 41.4781 40.1943 38.0172 29.9106 39.2916 24.4841 21.2097 22.4026 17.5413 9.07369 13.7891 13.4815
threshold=0.22618759423494342 0.19751895219087603 0.061307953670620925 0.17158411443233493 0.27899891138076788 0.15627218037843707 0.70032247900962841 0.29087823629379278 0.4309405386447907 0.11830526962876321 0.017205452546477321 0.1764083802700043 0.2720827609300614 0.57648041844367992
decision_type=2 2 2 2 2 2 2 2 2 2 2 2 2 2
left_child=1 11 8 4 -4 -3 -7 -5 10 -10 -2 13 -13 -1
right_child=2 5 3 7 -6 6 -8 -9 9 -11 -12 12 -14 -15
leaf_value=-0.011687623555644726 0.016825683499130651 -0.019001520626724222 0.0038632218622048561 -0.00097686355763097732 -0.011458390600667737 -0.0038566583723138913 0.12433828557538905 0.0021473591401462572 0.0056288397492802941 0.02155896487971215 0.0034244323765014514 -0.013204450374687591 0.013269986374235898 -0.02151604742226168
leaf_weight=678.49677937477827 263.11314561218023 336.86693657375872 612.42775212600827 8288.9269423931837 1194.5896207652986 6957.7298812679946 5.9823399931192389 25760.071051612496 476.65086751617491 410.99852760136127 3393.4997430369258 197.83316063135862 65.457182180136442 718.26192469894886
leaf_count=9319 976 12629 8349 57982 17815 67166 146 98723 4701 1782 13747 5258 811 18779
internal_value=0.000118917 -0.00643019 0.00157148 0.00100114 -0.00626565 -0.00445043 -0.00374653 0.00138679 0.00607174 0.0130048 0.00438873 -0.0151368 -0.00662258 -0.0167417
internal_weight=49360.9 8960.63 40400.3 35856 1807.02 7300.58 6963.71 34049 4544.26 887.649 3656.61 1660.05 263.29 1396.76
internal_count=318183 114108 204075 182869 26164 79941 67312 156705 21206 6483 14723 34167 6069 28098
is_linear=0
shrinkage=0.05


Tree=148
num_leaves=15
num_cat=0
split_feature=1 14 13 13 14 3 0 7 13 13 13 14 1 14
split_gain=142.592 77.8977 40.6268 33.8049 40.7166 31.4173 31.3854 32.2973 19.6856 16.1301 27.4399 11.0649 8.6112 5.15215
threshold=0.30367144942283636 0.23140510916709903 0.12097557634115221 0.43929889798164373 0.13665927946567538 0.5482783615589143 0.054175181314349181 0.71152397990226757 0.23154359310865405 0.20622707158327105 0.38530139625072485 0.50594201683998119 0.037618655711412437 0.32668095827102667
decision_type=2 2 2 2 2 2 2 2 2 2 2 2 2 2
left_child=2 3 12 5 -5 -2 8 -8 -3 11 -11 -4 13 -1
right_child=1 6 9 4 -6 -7 7 -9 -10 10 -12 -13 -14 -15
leaf_value=-0.0036698594474206593 0.013660961340951114 -0.0019443903741695697 -0.0041965603498846519 0.0087311176562437486 0.00011586459139565552 -0.004758343720851526 0.00038765751676868158 -0.02020390697741797 0.0073992126119291554 -0.00011942098829921897 -0.0052965276159942197 -0.00035815000696354747 -0.0072002108951331458 -0.022683938642720249
leaf_weight=47.062627747654915 1988.3208366073668 719.26429109275341 9443.8657016456127 2631.2764800749719 2864.3526904135942 262.01338273286819 29060.673545464873 191.6827834174037 2606.6247016862035 14384.255020812154 3113.4479363709688 2343.4179824441671 3136.2287237942219 146.61904636025429
leaf_count=194 18111 3095 26552 38986 20332 848 124478 1126 18368 39714 8898 6777 10073 631
internal_value=-0.000140619 0.00184759 -0.00259879 0.00635447 0.0042408 0.0115163 0.000776017 0.000252727 0.00537854 -0.00200373 -0.00104061 -0.00343345 -0.00783208 -0.0180637
internal_weight=72939.1 40324.2 32614.9 7745.96 5495.63 2250.33 32578.2 29252.4 3325.89 29285 17497.7 11787.3 3329.91 193.682
internal_count=318183 225344 92839 78277 59318 18959 147067 125604 21463 81941 48612 33329 10898 825
is_linear=0
shrinkage=0.05


Tree=149
num_leaves=15
num_cat=0
split_feature=2 13 2 12 1 12 4 3 11 6 11 6 3 7
split_gain=169.632 57.1838 37.6834 19.2077 17.6218 17.0533 26.7553 16.6939 15.642 14.0889 13.25 12.6584 12.2563 11.6686
threshold=0.13540551811456683 0.37056536972522741 0.27435603737831121 0.23116666823625567 0.1287973299622536 0.22606672346591952 0.49563033878803259 0.19751566648483279 0.11397715285420419 0.081140570342540755 0.12811917811632159 0.12438011169433595 0.16271952539682391 0.81415262818336498
decision_type=2 2 2 2 2 2 2 2 2 2 2 2 2 2
left_child=1 4 5 11 -1 6 -2 -7 12 -5 -6 -4 -3 -10
right_child=2 8 3 9 10 7 -8 -9 13 -11 -12 -13 -14 -15
leaf_value=0.0020321758481144153 -0.0114087601320935 -0.0030052950560122632 0.0026101667489415985 -0.015976824605606014 -0.023921011932107935 0.0067545610183922774 0.00090356342358688271 -0.00087057934696736837 -0.010502403190041263 0.0019034781183770973 -0.0047382075411532606 0.0076864124734628784 -0.021387341218761406 0.072953322925998848
leaf_weight=1094.2509500011802 929.42229986935854 105.43505661189556 2344.5947740525007 110.73011685162783 92.517823554575443 789.3513405919075 840.03158144652843 7918.3759231567383 1928.0853961668909 21810.498257942498 3332.1680238321424 2578.9501375406981 647.95678474009037 4.1975194774568072
leaf_count=7300 10984 4979 9392 384 3329 9409 12073 61293 35127 84158 37265 12757 29609 124
internal_value=9.85211e-05 -0.00692559 0.00145445 0.00244701 -0.00349151 -0.00108869 -0.0055636 -0.000179364 -0.0127038 0.00181316 -0.00525643 0.0052691 -0.0188148 -0.0103211
internal_weight=44526.6 7204.61 37322 26844.8 4518.94 10477.2 1769.45 8707.73 2685.67 21921.2 3424.69 4923.54 753.392 1932.28
internal_count=318183 117733 200450 106691 47894 93759 23057 70702 69839 84542 40594 22149 34588 35251
is_linear=0
shrinkage=0.05


Tree=150
num_leaves=15
num_cat=0
split_feature=0 9 14 5 12 5 14 0 8 6 13 0 13 6
split_gain=164.013 80.7443 59.7574 34.3273 31.2061 27.1214 41.1181 19.9387 28.113 26.6876 19.1508 18.2886 32.6241 22.09
threshold=0.26183356344699865 0.20810824632644656 0.24344206601381305 0.18768561631441119 0.25949865579605108 0.14898526668548587 0.27244210243225103 0.19943700730800631 0.3026897013187409 0.14408153295516971 0.14329887926578525 0.41390703618526464 0.66253992915153515 0.16509640961885455
decision_type=2 2 2 2 2 2 2 2 2 2 2 2 2 2
left_child=1 7 3 -3 11 -6 -7 8 -1 -9 -4 13 -13 -2
right_child=4 2 10 -5 5 6 -8 9 -10 -11 -12 12 -14 -15
leaf_value=-0.017259768544852658 0.015788124255865833 -0.0026063334728803162 0.0048227988358107363 -0.017732893440521855 0.004404369179165141 -0.0042969127384350336 0.0016355186065459869 0.020682724679280968 -0.0079272147854688411 -0.0066702625382045362 -0.0015196186283803776 0.014623407757664741 -0.0046184540088957705 0.0016566415146117364
leaf_weight=1376.0774018075317 322.18044959008694 654.77877418510616 1361.0368857905269 877.951156379655 6490.6982244700193 3439.2285512499511 19378.10459985584 106.14799418486655 1951.0945681706071 557.67289368249476 9481.6296895742416 1139.1738882958889 273.09354257583618 1952.2074539549649
leaf_count=28868 2776 17997 6251 21330 22925 20127 71441 1620 22883 7718 73926 4467 1267 14801
internal_value=6.80521e-05 -0.0040242 -0.0020298 -0.0112709 0.00209793 0.00155256 0.000741331 -0.0102085 -0.011787 -0.00229639 -0.00072348 0.00643349 0.0109026 0.00365845
internal_weight=49361.1 16366.4 12375.4 1532.73 32994.7 29308 22817.3 3990.99 3327.17 663.821 10842.7 3686.66 1412.27 2274.39
internal_count=318397 180593 119504 39327 137804 114493 91568 61089 51751 9338 80177 23311 5734 17577
is_linear=0
shrinkage=0.05


Tree=151
num_leaves=15
num_cat=0
split_feature=13 14 3 14 1 10 11 1 8 2 1 0 4 11
split_gain=136.158 85.282 41.6819 41.3157 34.691 27.8694 22.1219 18.1617 13.44 11.611 9.87277 9.67108 7.36149 5.24847
threshold=0.23154359310865405 0.15974842756986621 0.43863938748836523 0.3230105340480805 0.069692645221948638 0.37225605547428137 0.58187943696975719 0.71249830722808849 0.19207208603620532 0.056747179478406913 0.17161387205123904 0.042193565517663963 0.047752633690834052 0.17846512049436572
decision_type=2 2 2 2 2 2 2 2 2 2 2 2 2 2
left_child=4 7 3 -3 12 -4 10 9 -9 -2 -6 -8 -1 -14
right_child=1 2 5 -5 6 -7 11 8 -10 -11 -12 -13 13 -15
leaf_value=-0.016397760044072188 -4.8345219233129662e-05 0.0035332205354282886 -7.0471096501850493e-05 -1.2653331415071426e-05 -0.0044230758098709614 -0.0052694686467435279 -0.0031007302357536569 0.014659270465901458 -0.010121642055051595 0.0076835696870437859 -0.0021478806016071383 0.0035203745620283121 -0.025104299516369451 -0.0076060250743217456
leaf_weight=303.63984975218773 605.4023451693356 15641.123019423336 7657.0278978869319 17302.745511494577 8705.1358401477337 3885.7935911491513 769.64276923984289 1123.6916246563196 57.515149440616369 2452.7019220553339 10542.490563992411 1945.9145711958408 43.869504138827324 1849.5529169887304
leaf_count=1277 3415 83310 22546 71858 25000 12768 2539 24695 902 24773 32728 5998 157 6431
internal_value=-0.000111079 0.00141065 0.000764924 0.00167086 -0.00318009 -0.00182067 -0.00258085 0.00818685 0.0134526 0.00615291 -0.00317688 0.00164382 -0.00917046 -0.00801145
internal_weight=72886.2 48726 44486.7 32943.9 24160.2 11542.8 21963.2 4239.31 1181.21 3058.1 19247.6 2715.56 2197.06 1893.42
internal_count=318397 244267 190482 155168 74130 35314 66265 53785 25597 28188 57728 8537 7865 6588
is_linear=0
shrinkage=0.05


Tree=152
num_leaves=15
num_cat=0
split_feature=2 13 14 0 0 14 2 11 0 0 3 5 12 3
split_gain=159.852 61.8561 31.06 28.3529 25.1125 32.6311 24.4155 21.3558 15.1762 14.5275 12.6264 11.4593 10.9373 10.09
threshold=0.17335840314626697 0.48314251005649572 0.22578629106283191 0.30313658714294439 0.1706390976905823 0.29082250595092779 0.047468371689319618 0.50296252965927135 0.021852194331586364 0.088299140334129347 0.16438514739274981 0.2750305980443955 0.34342917799949652 0.48001678287982946
decision_type=2 2 2 2 2 2 2 2 2 2 2 2 2 2
left_child=1 2 11 10 7 13 -4 9 -9 -2 -3 -1 -7 -6
right_child=4 3 6 -5 5 12 -8 8 -10 -11 -12 -13 -14 -15
leaf_value=-0.012726158214625938 0.0085394561199604226 0.00013857742810402009 -0.010610090126401864 -0.022255576907064374 -0.0048542809357169587 -2.0841851633221754e-05 -0.0013321161238180877 0.007843176415356673 0.00028759552303611423 0.0037442010851105865 -0.012023340143135258 0.0068650983838914803 0.0025573259220219736 0.0030408175470382076
leaf_weight=1040.2669050674886 2244.1150267496705 278.0773109793663 798.19428922794759 636.86170779913664 3007.2660862840712 6872.2908363677561 6351.6829458642751 756.89966929703951 5450.8055506721139 5332.7893461734056 917.7018874771893 80.409569516777992 10247.998810753226 467.60893101245165
leaf_count=22666 9717 9257 11401 12452 24928 37290 62907 3112 21139 27930 31148 1634 40409 2407
internal_value=0.000106491 -0.00542261 -0.00358098 -0.0137337 0.00173133 0.00062578 -0.00236789 0.0033831 0.00120884 0.00516445 -0.0091951 -0.0113205 0.00152242 -0.00379185
internal_weight=44483 10103.2 8270.55 1832.64 34379.8 20595.2 7149.88 13784.6 6207.71 7576.9 1195.78 1120.68 17120.3 3474.88
internal_count=318397 151465 98608 52857 166932 105034 74308 61898 24251 37647 40405 24300 77699 27335
is_linear=0
shrinkage=0.05


Tree=153
num_leaves=15
num_cat=0
split_feature=3 12 2 14 12 14 4 0 12 6 14 10 0 10
split_gain=150.379 59.8488 38.9694 46.6571 37.9133 31.2317 34.7685 25.8025 19.971 17.3214 16.9378 16.8008 10.2892 12.2339
threshold=0.24442949891090396 0.17843483388423922 0.090734899044036879 0.21687304228544238 0.29776020348072058 0.29318678379058843 0.60990574955940258 0.073596268892288222 0.30809472501277929 0.22906583547592166 0.084330245852470412 0.51153358817100536 0.1764083802700043 0.5728437900543214
decision_type=2 2 2 2 2 2 2 2 2 2 2 2 2 2
left_child=1 12 8 4 -4 6 -3 -7 10 -5 -2 -10 -1 -14
right_child=2 5 3 9 -6 7 -8 -9 11 -11 -12 -13 13 -15
leaf_value=-0.018629143822838503 -0.0013135591547990917 -0.014499530239543625 0.0018186791455052358 0.0047427750645700553 -0.014264166127937322 -0.0065883919127068986 0.00074289993431743331 -0.00036280447826782095 0.0040107890692298908 0.00069594761727302711 0.012155260385330015 -0.0061387593177860723 0.014930675101639038 -0.012836683901017562
leaf_weight=895.80750480480492 286.59477657265961 1246.9668077025563 609.05206215567887 2938.5353275835514 919.92450711876154 2561.6602059230208 534.48747996613383 4751.3092947937548 6227.9698415100574 26398.602548133582 1258.0429731737822 436.29611044935882 50.487325770780444 185.09695904143155
leaf_count=20471 3354 23900 5432 22038 10850 30058 14543 34514 23880 110500 7476 5811 651 4919
internal_value=5.91467e-05 -0.00533891 0.0014718 0.000657503 -0.00785773 -0.00398974 -0.00992636 -0.00254357 0.00453363 0.0011013 0.00965623 0.00334632 -0.0161839 -0.00688595
internal_weight=49300.8 10225.8 39075 30866.1 1528.98 9094.42 1781.45 7312.97 8208.9 29337.1 1544.64 6664.27 1131.39 235.584
internal_count=318397 129056 189341 148820 16282 103015 38443 64572 40521 132538 10830 29691 26041 5570
is_linear=0
shrinkage=0.05


Tree=154
num_leaves=15
num_cat=0
split_feature=4 14 1 3 14 10 9 10 1 8 6 7 14 1
split_gain=114.763 78.9612 33.355 28.1195 35.6496 26.3409 19.4316 17.3288 16.0683 12.8873 11.9 9.22239 8.17384 6.92379
threshold=0.2030141353607178 0.15974842756986621 0.065511871129274382 0.49610489606857305 0.27616171538829809 0.37702135741710668 0.28519049286842352 0.21343664824962619 0.71249830722808849 0.19207208603620532 0.098296660929918303 0.40401689708232885 0.43002742528915411 0.037618655711412437
decision_type=2 2 2 2 2 2 2 2 2 2 2 2 2 2
left_child=2 8 11 4 -3 -5 12 -8 10 -10 -2 13 -4 -1
right_child=1 3 6 5 -6 -7 7 -9 9 -11 -12 -13 -14 -15
leaf_value=-0.016190440922126983 0.017950389077966283 0.0038021644934001725 -0.0032283444787846549 -0.00028390191488051719 0.00030285543441471203 -0.0073477917784096755 -0.0040741805785630822 -0.00074706276546772561 0.014183935873054433 -0.010087837792351846 0.0051380540616557044 0.027067741421225779 0.0019784434203070395 -0.0080378579405145697
leaf_weight=305.36185322701931 194.30933933332562 9820.8352728299797 987.34633991122246 4402.1457906216383 28113.153526470065 1884.7580096572638 12538.811118736863 5689.2665859758854 1098.7784955762327 57.553371891379356 2692.3369173854589 17.640984833240509 3185.8554802536964 1769.9839380979538
leaf_count=1277 1293 55333 2688 12852 120911 5771 35586 15473 24701 902 26490 50 8846 6224
internal_value=-0.000107639 0.00130702 -0.0028951 0.00069551 0.0012088 -0.00240159 -0.00233112 -0.00303574 0.00799552 0.0129759 0.00600049 -0.00893141 0.000746559 -0.00923741
internal_weight=72758.1 48263.9 24494.3 44220.9 37934 6286.9 22401.3 18228.1 4042.98 1156.33 2886.65 2092.99 4173.2 2075.35
internal_count=318397 248253 70144 194867 176244 18623 62593 51059 53386 25603 27783 7551 11534 7501
is_linear=0
shrinkage=0.05


Tree=155
num_leaves=15
num_cat=0
split_feature=5 14 0 13 12 8 0 14 1 0 9 10 3 6
split_gain=113.836 70.1682 31.1839 53.9803 30.6164 21.891 21.7599 17.7067 17.4966 16.7227 12.874 10.3975 10.2907 11.9313
threshold=0.20607789605855945 0.18806105107069018 0.1706390976905823 0.30462306737899786 0.22989450395107272 0.33916291594505316 0.30067309737205511 0.43002742528915411 0.069692645221948638 0.088299140334129347 0.26418346166610723 0.60914197564125072 0.16958121955394748 0.29450605809688574
decision_type=2 2 2 2 2 2 2 2 2 2 2 2 2 2
left_child=1 12 7 10 11 -6 -5 9 -9 -2 -4 -3 13 -1
right_child=2 4 3 6 5 -7 -8 8 -10 -11 -12 -13 -14 -15
leaf_value=-0.005778316681761376 0.0087456690969431455 -0.018032768896352195 -0.0048118233661319787 -0.00097044442054710831 -0.0029129174507329034 0.018298699198429771 -0.0061687283817433184 0.0071930157343102243 0.00043234246898529114 0.0032902386675188323 0.0022287860854079584 9.2960788317918543e-05 -0.019057045597879851 0.13860663691048508
leaf_weight=131.00129135325551 1973.9244000688195 450.10219806618989 681.58197596669197 4734.0417760275304 5305.2176212109625 124.48911825194955 3502.6580723710358 1114.5099565088749 6771.7694116644561 4871.287646735087 13700.638819599524 95.99225228279829 972.60815228335559 1.4466163590550412
leaf_count=5329 10778 7736 2886 41312 56382 1289 30062 3309 30779 34991 56428 1677 35393 46
internal_value=0.000110635 -0.00570197 0.00121258 4.66455e-05 -0.00356159 -0.00242659 -0.00318102 0.00300278 0.00138778 0.0048634 0.00189513 -0.0148466 -0.0172765 -0.00420132
internal_weight=44431.3 7080.86 37350.4 22618.9 5975.8 5429.71 8236.7 14731.5 7886.28 6845.21 14382.2 546.094 1105.06 132.448
internal_count=318397 107852 210545 130688 67084 57671 71374 79857 34088 45769 59314 9413 40768 5375
is_linear=0
shrinkage=0.05


Tree=156
num_leaves=15
num_cat=0
split_feature=0 9 14 2 12 2 14 0 8 6 10 0 4 6
split_gain=139.074 72.6698 51.2365 51.4321 29.7006 26.9609 29.3058 18.4321 26.4314 25.0324 17.5889 16.1478 25.631 16.5944
threshold=0.26183356344699865 0.20810824632644656 0.24344206601381305 0.090734899044036879 0.25949865579605108 0.055506326258182533 0.22962482273578647 0.19943700730800631 0.3026897013187409 0.14408153295516971 0.20016440004110339 0.35288628935813909 0.34711183607578283 0.16509640961885455
decision_type=2 2 2 2 2 2 2 2 2 2 2 2 2 2
left_child=1 7 3 -3 11 -6 -7 8 -1 -9 -4 13 -13 -2
right_child=4 2 10 -5 5 6 -8 9 -10 -11 -12 12 -14 -15
leaf_value=-0.016633830630772301 0.0141527048371086 0.0019252005747559119 0.0020366531458880458 -0.017474301324517941 0.0058294683102340459 -0.0049182339147373008 0.0013477242425810859 0.020049543498850804 -0.0074679296404177743 -0.006346087218912326 -0.0021647049558741597 0.0026694371569755586 0.013493883506860149 -0.00025712074350896404
leaf_weight=1331.340381057933 238.34907346218824 531.32525769434869 3888.124656625092 957.11691578291357 3053.33871085383 2021.5960854776204 24248.87247633189 107.28605731204152 1921.9645876456052 551.76486559584737 6933.4304903671145 962.51326953619719 1266.4643359556794 1235.1712871827185
leaf_count=28868 2213 15379 20187 23948 10113 13945 90435 1620 22883 7718 59990 3773 6825 10500
internal_value=5.30173e-05 -0.00373811 -0.00185151 -0.0105493 0.0019152 0.00138241 0.000865539 -0.0096742 -0.0112189 -0.00204918 -0.00065518 0.00613494 0.00881969 0.00207374
internal_weight=49248.7 16222.4 12310 1488.44 33026.3 29323.8 26270.5 3912.36 3253.3 659.051 10821.6 3702.5 2228.98 1473.52
internal_count=318397 180593 119504 39327 137804 114493 104380 61089 51751 9338 80177 23311 10598 12713
is_linear=0
shrinkage=0.05


Tree=157
num_leaves=15
num_cat=0
split_feature=13 11 3 12 1 10 11 5 7 0 1 13 4 11
split_gain=114.075 67.9259 38.2525 32.1329 29.9646 26.0279 18.8153 13.5744 10.6581 8.97369 8.55085 7.76085 6.79947 5.03484
threshold=0.23154359310865405 0.11613646149635316 0.43863938748836523 0.42443653941154486 0.069692645221948638 0.35606485605239874 0.58187943696975719 0.30201172828674322 0.29773412644863134 0.042193565517663963 0.17161387205123904 0.47530734539031988 0.047752633690834052 0.17846512049436572
decision_type=2 2 2 2 2 2 2 2 2 2 2 2 2 2
left_child=4 7 3 -3 12 -4 10 8 -2 -8 -6 -9 -1 -14
right_child=1 2 5 -5 6 -7 9 11 -10 -11 -12 -13 13 -15
leaf_value=-0.015544181920327048 -0.020896067263357857 0.0013711288726058967 0.00026597695258494383 0.0095861016783396081 -0.0040710682285861593 -0.0045516441497447935 -0.0030311750581217237 -0.023642380765180885 0.0097754586384714275 0.0033477791490317665 -0.0019522610964869626 0.0012380557868542355 -0.024308935184863351 -0.0070050140856823115
leaf_weight=297.04493516683578 28.617471218109131 32637.512918125838 7073.3292430639267 1235.4165287464857 8681.6765261292458 4644.4557393863797 769.59791103005409 43.478818215429783 2757.7608932368457 1943.9637873470783 10546.107577860355 112.28514418751001 43.024865746498108 1831.7438183426857
leaf_count=1277 88 156825 20724 7781 25000 15146 2539 463 42146 5998 32728 1094 157 6431
internal_value=-0.000102496 0.00129409 0.000818906 0.00167075 -0.00291342 -0.00164353 -0.00235889 0.00865745 0.00946045 0.00153863 -0.00290894 -0.00570689 -0.00851574 -0.00740213
internal_weight=72646 48532.9 45590.7 33872.9 24113.2 11717.8 21941.3 2942.14 2786.38 2713.56 19227.8 155.764 2171.81 1874.77
internal_count=318397 244267 200476 164606 74130 35870 66265 43791 42234 8537 57728 1557 7865 6588
is_linear=0
shrinkage=0.05


Tree=158
num_leaves=15
num_cat=0
split_feature=2 13 0 14 1 0 14 11 8 8 3 11 0 8
split_gain=138.929 54.6479 28.5641 27.6591 24.1761 21.5363 27.538 20.3765 14.5773 13.8142 12.153 11.2145 9.24876 8.89998
threshold=0.17335840314626697 0.48314251005649572 0.30313658714294439 0.22578629106283191 0.14493319392204287 0.1706390976905823 0.29082250595092779 0.50296252965927135 0.14553610980510714 0.74154722690582286 0.15062875300645831 0.10635007172822954 0.69269645214080822 0.42358089983463293
decision_type=2 2 2 2 2 2 2 2 2 2 2 2 2 2
left_child=1 3 10 11 -5 7 13 8 -2 -9 -3 -1 -8 -7
right_child=5 2 -4 4 -6 6 12 9 -10 -11 -12 -13 -14 -15
leaf_value=-0.021554955958489164 0.017132807420961658 0.0032645500427754513 -0.02175323161965776 0.0034943605295522616 -0.0037083908847367732 -0.0031850116435674265 0.001271904823795847 8.5428165170496362e-05 0.0044893149429118219 0.0069811902508624723 -0.010661379219741467 -0.0083877258944835206 0.011025922081687865 -0.024931327612736649
leaf_weight=197.19067702349275 235.25531002134085 186.69503325782716 614.47441827505827 1467.375358402729 5653.7317727319896 3398.5317919589579 16894.228676725179 5364.9356593489647 7363.6652772165835 839.99131564795971 974.04034681618214 898.6459056828171 246.57521460950375 47.710285760462284
leaf_count=8605 2288 6037 12452 8834 65474 27099 76707 21708 35359 2543 34368 15695 992 236
internal_value=0.000108936 -0.00508086 -0.0130362 -0.00336217 -0.00222419 0.00161681 0.000592252 0.00314484 0.00488075 0.00101894 -0.0084215 -0.0107571 0.00141222 -0.00348607
internal_weight=44383 9992.15 1775.21 8216.94 7121.11 34390.9 20587 13803.8 7598.92 6204.93 1160.74 1095.84 17140.8 3446.24
internal_count=318397 151465 52857 98608 74308 166932 105034 61898 37647 24251 40405 24300 77699 27335
is_linear=0
shrinkage=0.05


Tree=159
num_leaves=15
num_cat=0
split_feature=3 12 2 14 13 12 10 12 5 14 10 0 10 10
split_gain=127.859 55.0469 34.7421 38.1733 27.2221 22.8662 24.8619 21.9521 21.8051 16.3395 16.0648 9.90498 11.3292 8.72652
threshold=0.24442949891090396 0.17843483388423922 0.10517855733633043 0.21687304228544238 0.13849581778049472 0.3069653064012528 0.51153358817100536 0.29893897473812109 0.094223730266094222 0.2990363091230393 0.3945810347795487 0.1764083802700043 0.5728437900543214 0.16797558218240741
decision_type=2 2 2 2 2 2 2 2 2 2 2 2 2 2
left_child=1 11 5 7 13 10 -7 -4 -6 -5 -2 -1 -13 -3
right_child=2 4 3 9 8 6 -8 -9 -10 -11 -12 12 -14 -15
leaf_value=-0.018005958804354839 -0.004254129018908503 0.0069471540882929343 -0.00019025794405279559 -0.0013320787251179631 0.0080799365838522524 0.0034136895259983496 -0.0078070037772349906 -0.014212406763347524 -0.0049744976759807684 0.0015110607851954482 0.010127830233561655 0.014472567382388918 -0.012237075199228779 -0.031565149152340315
leaf_weight=864.54521330818534 217.27042113244534 647.93050871789455 473.91611040569842 6628.8665258772671 333.17523055896163 7474.2155492678285 528.58038055151701 679.04783966206014 8014.2038185019046 21262.454226907343 1826.1623032540083 50.914913980290294 180.26206463761628 15.050641492009161
leaf_count=20471 1317 3530 4156 38824 4841 29097 7526 8004 94539 87662 12755 651 4919 105
internal_value=4.74021e-05 -0.00496576 0.00134346 0.000466791 -0.00367892 0.00387795 0.00267257 -0.00844872 -0.00445345 0.000835338 0.00859865 -0.0155477 -0.00635449 0.00607287
internal_weight=49196.6 10106.1 39090.5 29044.3 9010.36 10046.2 8002.8 1152.96 8347.38 27891.3 2043.43 1095.72 231.177 662.981
internal_count=318397 129056 189341 138646 103015 50695 36623 12160 99380 126486 14072 26041 5570 3635
is_linear=0
shrinkage=0.05


Tree=160
num_leaves=15
num_cat=0
split_feature=13 14 3 14 1 10 1 11 6 0 4 14 7 0
split_gain=103.495 64.8277 31.816 33.4921 28.0234 23.869 14.7961 14.3131 11.3116 9.47824 9.46608 9.42364 9.36081 8.5338
threshold=0.23154359310865405 0.15974842756986621 0.43863938748836523 0.33545765280723577 0.091451339423656478 0.37225605547428137 0.71249830722808849 0.58187943696975719 0.098296660929918303 0.042193565517663963 0.055680720135569579 0.28224359452724462 0.54531404376029979 0.1213304214179516
decision_type=2 2 2 2 2 2 2 2 2 2 2 2 2 2
left_child=4 6 3 -3 10 -4 8 11 -2 -9 -1 -6 -8 -12
right_child=1 2 5 -5 7 -7 12 9 -10 -11 13 -13 -14 -15
leaf_value=-0.012286221315888057 0.017087311119438474 0.0029797526642989184 4.1255137880170576e-05 -0.00022200732999140476 0.0022102423564740285 -0.0047639672414733292 -0.023832891431973716 -0.0033626084087971676 0.0045992448411432754 0.0034831227232339692 -0.001265104738552887 -0.0027938617126590159 0.012737725905187494 -0.0069519144836872248
leaf_weight=608.41924829781055 193.89378463104367 17326.059117358178 7656.8588562905788 15452.24258492142 997.807143189013 3900.984114177525 17.781420182436705 705.48676535487175 2798.8340066410601 1784.7855135351419 879.1729748249054 16472.749800667167 1097.8763924129307 2642.6128866225481
leaf_count=2496 1299 91146 22546 64022 2985 12768 295 2341 26889 5525 2897 49325 25302 8561
internal_value=-0.000100042 0.00123182 0.000675038 0.00147039 -0.00277827 -0.0015806 0.00724039 -0.00200256 0.00540833 0.00154375 -0.00652719 -0.00250806 0.0121549 -0.00553227
internal_weight=72535.6 48444.5 44336.1 32778.3 24091 11557.8 4108.39 19960.8 2992.73 2490.27 4130.21 17470.6 1115.66 3521.79
internal_count=318397 244267 190482 155168 74130 35314 53785 60176 28188 7866 13954 52310 25597 11458
is_linear=0
shrinkage=0.05


Tree=161
num_leaves=15
num_cat=0
split_feature=2 10 2 3 4 7 14 4 2 3 11 14 5 0
split_gain=129.586 46.5215 25.947 22.6924 29.1447 19.709 25.2238 18.4885 21.4035 16.8972 15.567 15.5458 11.0693 9.22957
threshold=0.13540551811456683 0.464888945221901 0.2584627121686936 0.49610489606857305 0.51770645380020153 0.55121684074401867 0.29556307196617132 0.1933018043637276 0.028241064399480823 0.17119221389293673 0.11397715285420419 0.29082250595092779 0.085715346038341536 0.39553835988044744
decision_type=2 2 2 2 2 2 2 2 2 2 2 2 2 2
left_child=1 7 3 4 -2 11 -7 -1 -9 12 -11 -4 -3 -5
right_child=2 9 5 13 -6 6 -8 8 -10 10 -12 -13 -14 -15
leaf_value=0.00030100466227001737 -0.0044331489818423657 -0.032435775679307485 -0.0026770337345666012 -0.012631832820080742 0.0039899122196406008 0.0031418436117983048 0.014440493352974891 -0.022419636398874562 -0.0049739139395905988 -0.021407084915052207 -0.01106498484900085 0.001987625598133758 0.0026445157104840016 0.0030656949173461061
leaf_weight=1833.4871796220541 5013.9685261007398 25.036545917391777 1932.1668462529778 96.738118149340153 1291.5030022263527 1741.847729191184 689.50101390480995 185.97508799470961 3216.8537527285516 591.42931342124939 945.58975308761001 23632.147128179669 220.84038261696696 2923.3918793275952
leaf_count=12555 51776 556 10282 708 19240 10364 3782 3251 42861 29784 19854 89603 8895 14886
internal_value=0.000111062 -0.00612173 0.0012833 -0.00100095 -0.00270792 0.0020442 0.006346 -0.00374652 -0.00592738 -0.0130977 -0.0150445 0.00163507 -0.000927553 0.00256289
internal_weight=44340.5 7019.21 37321.3 9325.6 6305.47 27995.7 2431.35 5236.32 3402.83 1782.9 1537.02 25564.3 245.877 3020.13
internal_count=318397 117756 200641 86610 71016 114031 14146 58667 46112 59089 49638 99885 9451 15594
is_linear=0
shrinkage=0.05


Tree=162
num_leaves=15
num_cat=0
split_feature=0 9 14 2 12 2 13 0 8 6 13 0 13 6
split_gain=118.167 65.4615 44.9693 50.0631 28.4614 23.7824 30.5448 17.1841 25.0696 23.4217 15.7721 14.0392 27.775 19.4544
threshold=0.26183356344699865 0.20810824632644656 0.24344206601381305 0.090734899044036879 0.25949865579605108 0.055506326258182533 0.33282446861267095 0.19943700730800631 0.3026897013187409 0.14408153295516971 0.14329887926578525 0.41390703618526464 0.66253992915153515 0.16509640961885455
decision_type=2 2 2 2 2 2 2 2 2 2 2 2 2 2
left_child=1 7 3 -3 11 -6 -7 8 -1 -9 -4 13 -13 -2
right_child=4 2 10 -5 5 6 -8 9 -10 -11 -12 12 -14 -15
leaf_value=-0.016051593511191373 0.014704332913535546 0.0024082641100058103 0.0044401232046344559 -0.016916523774672409 0.0054082714300615299 0.0017191428200995036 -0.0022391582606875113 0.019442884430834265 -0.0070191986871380235 -0.0060017614571778941 -0.0013023665766653471 0.013130883465617688 -0.004598400940694484 0.0015508112476425066
leaf_weight=1292.2092847786844 328.29506719484925 524.35709324851632 1369.3985104933381 928.75038178637624 3053.0667568594217 19825.998882310465 6462.2990810256451 108.40744959376752 1894.4641590937972 545.70869767293334 9427.5674250274897 1160.0962313637137 272.86863519996405 1955.7919113002717
leaf_count=28868 2776 15379 6251 23948 10113 67906 36474 1620 22883 7718 73926 4467 1267 14801
internal_value=4.29466e-05 -0.00347112 -0.0016854 -0.00994313 0.00175339 0.00123121 0.000746097 -0.00916663 -0.0106819 -0.00178479 -0.000574036 0.00587529 0.00975483 0.00344139
internal_weight=49149.3 16090.9 12250.1 1453.11 33058.4 29341.4 26288.3 3840.79 3186.67 654.116 10797 3717.05 1432.96 2284.09
internal_count=318397 180593 119504 39327 137804 114493 104380 61089 51751 9338 80177 23311 5734 17577
is_linear=0
shrinkage=0.05


Tree=163
num_leaves=15
num_cat=0
split_feature=13 14 7 0 1 1 4 7 11 1 8 6 4 11
split_gain=94.417 60.0353 28.8408 36.8943 30.423 24.683 14.8194 14.3056 13.8992 13.8757 12.3056 10.9544 6.00574 4.35107
threshold=0.21671713143587115 0.15974842756986621 0.75713503360748302 0.038253197446465499 0.44652189314365393 0.069692645221948638 0.70639157295227062 0.41458976268768316 0.58187943696975719 0.71249830722808849 0.19207208603620532 0.098296660929918303 0.047752633690834052 0.18160079419612887
decision_type=2 2 2 2 2 2 2 2 2 2 2 2 2 2
left_child=5 9 4 -4 -3 12 8 -8 -7 11 -11 -2 -1 -14
right_child=1 2 3 -5 -6 6 7 -9 -10 10 -12 -13 13 -15
leaf_value=-0.014716052359169247 0.016686077355254934 -0.00036218668165380097 0.030751387167297785 -0.036457049341342911 0.0022656785870036351 -0.002800775745215419 -0.090463489787996024 -0.0020229856769413087 0.0012307546775959929 0.012941438765992686 -0.01103985401607456 0.0043280672160329438 -0.022998212412550921 -0.0065951111659529535
leaf_weight=290.73396989703178 191.6465359441936 29194.717443175614 25.480192556977272 102.81881379708648 17685.781970575452 16784.516559962183 9.369350269436838 8.9307267069816572 2449.9739676937461 1038.1552314870059 56.399257056415081 2788.116404350847 41.378254383802414 1760.7450999319553
leaf_count=1276 1299 91132 248 758 107106 49940 63 65 7594 24700 902 26911 155 6248
internal_value=-9.7936e-05 0.00106902 0.000564393 -0.0231094 0.000629182 -0.00289063 -0.00233005 -0.0473031 -0.00228726 0.00689135 0.0117058 0.00512289 -0.00804756 -0.00697174
internal_weight=72428.8 51083.1 47008.8 128.299 46880.5 21345.6 19252.8 18.3001 19234.5 4074.32 1094.55 2979.76 2092.86 1802.12
internal_count=318397 253056 199244 1006 198238 65341 57662 128 57534 53812 25602 28210 7679 6403
is_linear=0
shrinkage=0.05


Tree=164
num_leaves=15
num_cat=0
split_feature=2 14 2 13 4 4 2 7 14 14 12 0 12 5
split_gain=120.793 46.2052 33.685 29.7545 25.0403 19.7615 16.1706 13.7461 23.2041 14.2788 10.8622 8.5501 9.99041 7.45569
threshold=0.10841264948248865 0.14966184645891192 0.2321155518293381 0.30119736492633825 0.49563033878803259 0.15373446047306064 0.037291742861270911 0.55121684074401867 0.32668095827102667 0.29082250595092779 0.45321710407733923 0.084233511239290251 0.19040445238351825 0.17340524494647983
decision_type=2 2 2 2 2 2 2 2 2 2 2 2 2 2
left_child=1 11 3 10 -5 -3 -7 9 -9 -4 -2 12 -1 -13
right_child=2 5 7 4 -6 6 -8 8 -10 -11 -12 13 -14 -15
leaf_value=0.094220114877522188 -0.00043968017861199338 0.00068160240655819717 -0.0023242691152355797 -0.0064321304110746842 0.0011900355720008645 -0.016498611760408188 -0.0059335910760805388 0.0035352730935010825 0.017674137139769442 0.0018612938434937071 0.0047371235642933414 -0.024212570443186657 -0.033774434861002255 -0.012917945414259774
leaf_weight=3.515079994685947 2723.9174234904349 1025.6220044009387 2219.2044145390391 3584.6112433299422 1540.6150634847581 414.72626239806414 2858.6294720498845 2438.2228251621127 329.38703534752131 24902.24966609478 1613.5238114800304 417.31946122925729 2.692191262729466 224.82795036304742
leaf_count=181 19744 7364 12726 43306 30271 7245 41906 15738 1867 97481 8433 20356 145 11634
internal_value=0.000112476 -0.00725112 0.00103823 -0.00156166 -0.00414095 -0.0053746 -0.00727215 0.00186134 0.00521801 0.00151881 0.00148609 -0.0196936 0.0387069 -0.0202581
internal_weight=44299.1 4947.33 39351.7 9462.67 5125.23 4298.98 3273.36 29889.1 2767.61 27121.5 4337.44 648.355 6.20727 642.147
internal_count=318397 88831 229566 101754 73577 56515 49151 127812 17605 110207 28177 32316 326 31990
is_linear=0
shrinkage=0.05


Tree=165
num_leaves=15
num_cat=0
split_feature=3 14 9 11 2 11 13 8 6 13 7 3 2 2
split_gain=110.14 44.5461 34.2657 68.2401 27.707 27.5115 30.9029 23.231 20.0594 19.3016 18.0279 13.0777 9.8858 6.83803
threshold=0.23375004529953006 0.16330985724925998 0.18896630406379702 0.15112319588661197 0.061307953670620925 0.17846512049436572 0.41385471820831304 0.073346886783838286 0.20690209418535235 0.53768569231033336 0.73163381218910228 0.17750573158264163 0.017205452546477321 0.098970558494329466
decision_type=2 2 2 2 2 2 2 2 2 2 2 2 2 2
left_child=1 11 3 -3 8 6 -6 -4 10 -7 -2 -1 -10 -13
right_child=4 2 7 -5 5 9 -8 -9 12 -11 -12 13 -14 -15
leaf_value=-0.022961788880956777 0.037782196987012497 0.11730003867030853 0.095411513448999882 -0.010220214704780937 -0.013855244277825439 0.00073080302753311297 -0.00048469526736037911 -0.0022037391548012683 0.013086919787935492 0.0080017648663454396 0.0041835228219484185 -0.0042104896964152028 0.0034877725091731603 -0.017077650742184061
leaf_weight=382.29478838853538 85.626570394262671 10.54564239643514 6.1008558198809615 2028.8439592830837 674.15518046915531 32503.679166223854 1203.8892540130764 6333.4578661136329 286.99172011762857 939.11710670590401 74.802182216197252 223.78489204123616 4099.9997839350253 191.70647884532809
leaf_count=15857 808 266 77 28470 8598 144399 16936 59159 1052 7244 1103 9307 17824 7156
internal_value=-5.953e-05 -0.00499826 -0.00392333 -0.00956081 0.00107725 0.000604297 -0.00528428 -0.0021098 0.00475078 0.000934981 0.0221163 -0.016288 0.00411574 -0.0101474
internal_weight=49045 9176.73 8378.95 2039.39 39868.3 35320.8 1878.04 6339.56 4547.42 33442.8 160.429 797.786 4386.99 415.491
internal_count=318256 120292 87972 28736 197964 177177 25534 59236 20787 151643 1911 32320 18876 16463
is_linear=0
shrinkage=0.05


Tree=166
num_leaves=15
num_cat=0
split_feature=13 11 11 14 7 4 3 12 5 14 12 2 14 8
split_gain=78.3305 58.2991 24.0944 28.5482 20.6358 15.0435 14.3837 13.1801 9.75623 15.907 11.6034 6.88778 5.72943 5.83044
threshold=0.21259360760450366 0.11397715285420419 0.56414759159088146 0.33799132704734808 0.082103349268436446 0.6870277225971223 0.10047523677349092 0.34851156175136572 0.30385486781597143 0.11458641290664674 0.26696445047855383 0.82218363881111156 0.51342153549194347 0.17837014794349673
decision_type=2 2 2 2 2 2 2 2 2 2 2 2 2 2
left_child=4 8 3 -3 12 7 -7 -6 10 -10 -2 -4 13 -1
right_child=1 2 11 -5 5 6 -8 -9 9 -11 -12 -13 -14 -15
leaf_value=-0.019420570222648134 0.0057383806169427499 0.001386099291791409 0.0073723490926276437 -0.0011321497544109864 -3.7967960710498558e-05 -0.096213405152121956 -0.016495648613476289 -0.0029758460712695171 0.0089439961478737871 -0.025137115175549736 0.012438600689199629 -0.0015305233352450234 -0.015207787130228221 -0.0059195090046750666
leaf_weight=86.984708219766617 1414.4236261881888 28600.448943831027 1621.0856597051024 18556.341882199049 5271.908714607358 7.8536986634135273 20.244314432144165 13838.857562690973 86.032563239336014 56.8685905598104 1189.6662826612592 250.86983446776867 265.57136872410774 991.03809030354023
leaf_count=357 24140 133848 7128 71271 16636 54 131 40776 859 568 17028 756 1088 3616
internal_value=-2.22889e-05 0.00101314 0.000616001 0.000395161 -0.00263965 -0.00221915 -0.0387776 -0.0021654 0.00810132 -0.00461884 0.00879934 0.00617923 -0.00862947 -0.0070089
internal_weight=72258.2 51775.7 49028.7 47156.8 20482.5 19138.9 28.098 19110.8 2746.99 142.901 2604.09 1871.96 1343.59 1078.02
internal_count=318256 255598 213003 205119 62658 57597 185 57412 42595 1427 41168 7884 5061 3973
is_linear=0
shrinkage=0.05


Tree=167
num_leaves=15
num_cat=0
split_feature=2 11 2 13 3 10 14 7 4 2 3 7 5 12
split_gain=115.81 46.433 35.375 25.6398 32.3732 15.9285 39.6707 26.007 13.86 11.4569 10.7796 14.0443 8.02341 6.81661
threshold=0.10841264948248865 0.13321307301521304 0.23440516740083697 0.2995805442333222 0.22170628607273105 0.42395538091659551 0.32796113193035131 0.46561388671398168 0.15373446047306064 0.025210767053067688 0.16438514739274981 0.75217765569686901 0.26995010673999792 0.54972034692764293
decision_type=2 2 2 2 2 2 2 2 2 2 2 2 2 2
left_child=1 10 3 12 -5 7 -7 -4 13 -10 11 -1 -2 -3
right_child=2 8 5 4 -6 6 -8 -9 9 -11 -12 -13 -14 -15
leaf_value=0.017061285135855375 0.0028053558120222132 -0.0031959913024713809 0.0016397643237422038 0.0026959480688432927 -0.0063100126300612326 0.002245051457611565 0.013538986881210814 -0.007431755718111839 -0.020311219095348918 -0.0060861269773740991 -0.020966877723815676 -0.027133344774699905 -0.001657357433473723 0.0052934391903151521
leaf_weight=44.274409640580416 2790.1569578535855 633.91288193687797 23943.954560652375 1342.8328258395195 3884.0884324526414 3990.18857235834 965.71272629499435 817.0371942743659 148.49780558049679 3023.4003186710179 644.23248122632504 30.264417280443013 1576.0874468423426 377.13009811937809
leaf_count=2409 17339 4547 92412 24179 50614 24546 4719 4807 2622 43073 31832 1704 10792 2661
internal_value=0.000102466 -0.00714444 0.00100611 -0.00163379 -0.00399632 0.00185832 0.0044458 0.00134043 -0.00512717 -0.0067521 -0.0188841 -0.000882715 0.00119445 -2.93408e-05
internal_weight=44211.8 4901.71 39310.1 9593.17 5226.92 29716.9 4955.9 24761 4182.94 3171.9 718.771 74.5388 4366.24 1011.04
internal_count=318256 88848 229408 102924 74793 126484 29265 97219 52903 45695 35945 4113 28131 7208
is_linear=0
shrinkage=0.05


Tree=168
num_leaves=15
num_cat=0
split_feature=3 12 2 11 12 14 7 6 13 7 12 0 11 8
split_gain=102.296 46.6655 26.0938 24.957 30.0753 22.5932 27.395 18.7625 18.4219 16.1209 11.274 10.7012 14.7182 9.22972
threshold=0.23375004529953006 0.19751895219087603 0.061307953670620925 0.16110882163047793 0.26814776659011846 0.16330985724925998 0.77474763989448558 0.20690209418535235 0.54101943969726574 0.73163381218910228 0.40066801011562353 0.1949296370148659 0.2720827609300614 0.25243477523326879
decision_type=2 2 2 2 2 2 2 2 2 2 2 2 2 2
left_child=1 11 7 4 -4 -3 -7 9 -5 -2 -9 13 -13 -1
right_child=2 5 3 8 -6 6 -8 10 -10 -11 -12 12 -14 -15
leaf_value=-0.01878333234780772 0.03586664051632301 -0.015656091690265876 0.0041684778978119249 0.00065485277702639509 -0.011123493534326595 -0.0027142260832263192 0.08021066606087783 0.0075585545960649633 0.0076940317589688908 0.0042419640589817917 0.0021881512217170689 -0.010085449513002612 0.020306295736624472 -0.010524845898665793
leaf_weight=619.20014047436416 87.505866890773177 347.28499908931553 488.69145371392369 32939.304919548333 939.99476450122893 7202.8204039018601 9.9733928423374874 1469.1175925321877 956.44599119201303 74.695864276960492 2918.8452506866306 149.54021816328168 54.302753381431103 745.82566822879016
leaf_count=19600 808 14382 6577 147465 15779 70178 160 8087 7356 1103 10789 3872 633 11467
internal_value=-5.33838e-05 -0.00482784 0.00103969 0.000580629 -0.00589277 -0.00319934 -0.00259956 0.0046035 0.000853479 0.0213031 0.0039862 -0.0126753 -0.00198924 -0.014271
internal_weight=49003.5 9128.95 39874.6 35324.4 1428.69 7560.08 7212.79 4550.16 33895.8 162.202 4387.96 1568.87 203.843 1365.03
internal_count=318256 120292 197964 177177 22356 84720 70338 20787 154821 1911 18876 35572 4505 31067
is_linear=0
shrinkage=0.05


Tree=169
num_leaves=15
num_cat=0
split_feature=13 11 3 14 10 1 13 4 3 10 14 2 13 11
split_gain=71.5185 52.5933 22.4962 36.0256 24.3087 19.5152 14.7019 14.6092 13.1983 11.6665 11.5363 9.46511 13.0832 11.4953
threshold=0.21259360760450366 0.11397715285420419 0.43863938748836523 0.33799132704734808 0.37468639016151434 0.16137699037790301 0.098213788121938719 0.6870277225971223 0.097530327737331404 0.1700147166848183 0.42598666250705725 0.041123561561107642 0.38530139625072485 0.081377521157264723
decision_type=2 2 2 2 2 2 2 2 2 2 2 2 2 2
left_child=5 11 3 -3 -4 6 10 9 -9 -7 -1 13 -13 -2
right_child=1 2 4 -5 -6 7 -8 8 -10 -11 -12 12 -14 -15
leaf_value=-0.0058375188922843609 0.01022065099495289 0.0027451116275511705 0.00024288708473100607 -0.00042429882215224996 -0.0044464818961372108 0.00062800751861719344 -0.0033961921965999712 -0.092858421783719336 -0.016256509646074023 -0.0027054246416249907 -0.016161647324366767 0.019948296710434354 0.0075351156535257875 -0.0103858812092001
leaf_weight=817.71629197895527 123.37679786607623 18852.959226541221 9067.7390121296048 17096.503695070744 3975.0847059339285 5606.0818210840225 8675.8414525538683 7.6484979242086437 21.234932921826839 4935.737114533782 404.39578895270824 234.85644630715251 2207.1605409495533 149.91276359558105
leaf_count=2986 771 103846 26587 69526 13044 16579 25922 49 136 15409 1577 3626 37433 765
internal_value=-2.23764e-05 0.000967884 0.000592476 0.00123783 -0.0011863 -0.00252396 -0.00411943 -0.00103002 -0.0365411 -0.000932724 -0.00925376 0.00774138 0.00872893 -0.00108305
internal_weight=72176.2 51707.6 48992.3 35949.5 13042.8 20468.7 9897.95 10570.7 28.8834 10541.8 1222.11 2715.31 2442.02 273.29
internal_count=318256 255598 213003 173372 39631 62658 30485 32173 185 31988 4563 42595 41059 1536
is_linear=0
shrinkage=0.05


Tree=170
num_leaves=15
num_cat=0
split_feature=2 14 2 13 4 10 0 7 3 11 3 5 7 5
split_gain=107.556 43.926 32.4559 23.5164 31.0343 15.265 38.9416 24.1687 15.0217 13.5406 9.00756 11.2817 7.60543 7.45333
threshold=0.10841264948248865 0.16690271347761157 0.23440516740083697 0.2995805442333222 0.49563033878803259 0.42395538091659551 0.11972086876630784 0.46561388671398168 0.59010395407676708 0.37338486313819891 0.33863933384418493 0.058873571455478675 0.41969817876815801 0.26995010673999792
decision_type=2 2 2 2 2 2 2 2 2 2 2 2 2 2
left_child=1 10 3 13 -5 7 -7 -4 9 -3 11 -1 -10 -2
right_child=2 8 5 4 -6 6 -8 -9 12 -11 -12 -13 -14 -15
leaf_value=0.14324204311181926 0.0026839199717199301 -0.0099798309780025195 0.0015590027985245712 -0.0063677026176206311 0.0020591026920286884 0.010374312810003724 0.001077052037787818 -0.0072087035810071273 -0.0025217111864176333 -0.0013349126176021872 -0.027259406300629774 -0.015180982983784919 0.0095731882124605282 -0.0016167758132178201
leaf_weight=1.1262819375842799 2797.0308891311288 1682.1801159474999 23961.750782296062 3642.1897074095905 1560.7931402046233 1726.2836120426655 3240.3965858146548 812.65299469232559 1711.7010696902871 619.86271530762315 204.87586609553546 503.28723004180938 140.65529067441821 1574.5384998191148
leaf_count=30 17339 28646 92412 44206 30587 7904 21361 4807 13563 9632 6335 28993 1649 10792
internal_value=9.57696e-05 -0.00691843 0.000963488 -0.00156845 -0.00383983 0.0017786 0.00430853 0.0012714 -0.00495504 -0.00765205 -0.0184182 -0.0148272 -0.00160331 0.00113491
internal_weight=44179.3 4863.69 39315.6 9574.55 5202.98 29741.1 4966.68 24774.4 4154.4 2302.04 709.289 504.414 1852.36 4371.57
internal_count=318256 88848 229408 102924 74793 126484 29265 97219 53490 38278 35358 29023 15212 28131
is_linear=0
shrinkage=0.05


Tree=171
num_leaves=15
num_cat=0
split_feature=3 12 2 14 12 14 8 0 11 7 6 0 11 8
split_gain=94.7079 44.0466 24.4613 41.9431 40.9902 21.0859 25.3131 20.2329 19.1266 18.2313 15.1645 10.3553 13.607 8.94359
threshold=0.23375004529953006 0.19751895219087603 0.12424910068511964 0.27616171538829809 0.32780520617961889 0.16330985724925998 0.073346886783838286 0.29556035995483404 0.081377521157264723 0.388400748372078 0.11689128726720811 0.1949296370148659 0.2720827609300614 0.31018513441085821
decision_type=2 2 2 2 2 2 2 2 2 2 2 2 2 2
left_child=1 11 4 7 8 -3 -7 -4 -2 -6 -5 13 -13 -1
right_child=2 5 3 10 9 6 -8 -9 -10 -11 -12 12 -14 -15
leaf_value=-0.017562390333225899 -0.004304017699731078 -0.015250071203966167 -0.0095840371937815378 0.055025925404197568 0.0023489498034021767 0.092467506988202872 -0.0025997397650379954 -0.0021266094284171214 0.0086636285961552394 -0.002833760806012952 0.00098103207083051784 -0.009733315885148296 0.019373030388576157 -0.0093492372678478704
leaf_weight=750.268669327721 312.87175736948848 339.97205516882241 1293.0129710156471 12.986860014498232 6896.4589838497341 7.008857198059558 7188.2768225967884 3066.8031155690551 3119.3810345865786 2250.6039340160787 22928.301744118333 147.5016837194562 55.173442713916302 593.79201981052756
leaf_count=22301 4140 14382 15940 113 22644 82 70256 16048 19537 20256 99286 3872 633 8766
internal_value=-5.15665e-05 -0.00465966 0.000997837 0.000157277 0.00282212 -0.00308207 -0.00250714 -0.0043383 0.00748154 0.00107376 0.00101163 -0.0123452 -0.00180981 -0.0139339
internal_weight=48962.4 9081.99 39880.4 27301.1 12579.3 7535.26 7195.29 4359.82 3432.25 9147.06 22941.3 1546.74 202.675 1344.06
internal_count=318256 120292 197964 131387 66577 84720 70338 31988 23677 42900 99399 35572 4505 31067
is_linear=0
shrinkage=0.05


Tree=172
num_leaves=15
num_cat=0
split_feature=13 11 3 14 10 7 12 1 11 2 8 1 14 8
split_gain=65.509 47.1521 21.5475 35.5579 20.8361 18.8071 12.3682 11.5085 9.29159 15.1123 8.9097 8.42937 5.40655 5.6064
threshold=0.21671713143587115 0.11397715285420419 0.42058910429477697 0.33799132704734808 0.37468639016151434 0.082103349268436446 0.34851156175136572 0.75286406278610241 0.081377521157264723 0.044482989236712463 0.082857225090265288 0.72575834393501293 0.51342153549194347 0.17837014794349673
decision_type=2 2 2 2 2 2 2 2 2 2 2 2 2 2
left_child=5 8 3 -3 -4 12 7 -7 10 -10 -2 -8 13 -1
right_child=1 2 4 -5 -6 6 11 -9 9 -11 -12 -13 -14 -15
leaf_value=-0.018807862927767514 0.015834873628778352 0.002819980530789887 0.00028629375167116099 -0.00042253163147259153 -0.0037955567078555492 0.00041048547435357051 -0.0029188949158689323 -0.013374527322860739 -0.0086450765337184095 0.0067470038642930526 0.0065234007372608404 0.005868633055466338 -0.014553265764729165 -0.0054650393269092927
leaf_weight=85.578670740127563 509.24413480609655 17787.610225394368 9640.4628642499447 16114.905237607658 4626.8772324323654 5429.0189025253057 14041.374040395021 155.75063241273165 178.77553091198206 1476.6658153906465 518.44345961883664 278.30784932523966 261.54760265350342 983.45161654055119
leaf_count=357 7958 99929 28612 66353 15632 16842 40925 903 1067 24067 9500 1407 1088 3616
internal_value=-2.1968e-05 0.000952028 0.000592696 0.00127872 -0.00103744 -0.00235446 -0.00196974 2.60427e-05 0.00740306 0.00508477 0.0111375 -0.00274811 -0.00810965 -0.00653317
internal_weight=72088 50853 48169.9 33902.5 14267.3 21235 19904.5 5584.77 2683.13 1655.44 1027.69 14319.7 1330.58 1069.03
internal_count=318256 253118 210526 166282 44244 65138 60077 17745 42592 25134 17458 42332 5061 3973
is_linear=0
shrinkage=0.05


Tree=173
num_leaves=15
num_cat=0
split_feature=2 14 2 9 4 3 8 1 4 11 7 3 2 12
split_gain=100.113 41.7712 29.6861 19.3182 42.3811 16.2936 15.496 30.0801 14.3635 11.1523 10.9702 8.54597 13.1453 6.30169
threshold=0.10841264948248865 0.14966184645891192 0.23440516740083697 0.25289483368396765 0.49563033878803259 0.20651247352361682 0.14553610980510714 0.54376241564750682 0.15373446047306064 0.54265150427818309 0.79993012547492992 0.33863933384418493 0.028241064399480823 0.54972034692764293
decision_type=2 2 2 2 2 2 2 2 2 2 2 2 2 2
left_child=1 11 3 4 -2 -5 7 -4 13 -8 -10 12 -1 -3
right_child=2 8 6 5 -6 -7 9 -9 10 -11 -12 -13 -14 -15
leaf_value=0.16515935651554298 -0.010918055776803617 -0.0028241881697530368 0.00065485901879114728 0.0093013938024436339 0.0015061461171014306 -0.00070615828670952594 0.0020697054367883961 0.037826512424571294 -0.0067046902825198488 -0.0004264412818988716 0.068395703664582863 -0.029443763525932184 -0.016014557788052851 0.0052881054893395537
leaf_weight=1.0034046927466977 1448.5952455885708 638.1203751899302 145.41919561102986 434.47902777604759 1304.5290218964219 6367.0145414229482 24027.40935382247 86.976454466581345 3198.4496876755729 5498.759845636785 4.8700039489194742 148.06328586023301 454.21948650106788 383.12032949924469
leaf_count=37 19603 4646 919 7019 22763 53539 104853 732 48960 19980 144 5142 27200 2719
internal_value=9.30756e-05 -0.00670188 0.000927529 -0.00149728 -0.00503102 -6.68764e-05 0.00170606 0.0145667 -0.00494435 0.00160484 -0.00659052 -0.0190091 -0.0156152 0.000219154
internal_weight=44141 4827.85 39313.2 9554.62 2753.12 6801.49 29758.6 232.396 4224.56 29526.2 3203.32 603.286 455.223 1021.24
internal_count=318256 88848 229408 102924 42366 60558 126484 1651 56469 124833 49104 32379 27237 7365
is_linear=0
shrinkage=0.05


Tree=174
num_leaves=15
num_cat=0
split_feature=3 14 3 2 14 12 9 5 4 4 8 2 4 7
split_gain=87.6919 42.721 28.2488 26.5501 40.1164 27.4578 25.0495 24.5487 22.8736 15.1468 13.6272 9.69511 46.7211 8.10727
threshold=0.21548624336719516 0.16330985724925998 0.057847445830702789 0.10312802717089654 0.21687304228544238 0.30007375776767736 0.31130392849445349 0.15471817553043368 0.60395520925521862 0.68153658509254467 0.12444365397095682 0.10517855733633043 0.49840272963047033 0.50028386712074291
decision_type=2 2 2 2 2 2 2 2 2 2 2 2 2 2
left_child=1 11 13 6 5 -5 10 -4 -6 -8 -2 12 -1 -3
right_child=3 2 7 4 8 -7 9 -9 -10 -11 -12 -13 -14 -15
leaf_value=0.30247848619438567 0.0030846904651274172 -0.010360809231954607 0.0069471991852438951 -9.2651469129565413e-05 0.00049287677056351583 -0.014675383792791286 0.0016390724851903207 -0.0038202337786808235 0.066144209286792696 0.030057257044150538 0.011232713478280117 -0.022891935341433935 -0.011656935428079357 -0.022925475712934535
leaf_weight=1.1890190709382285 864.98009072616696 446.1574097648263 581.19784748181701 566.8675534594804 29763.673751827329 749.70522076450288 7889.5679239649326 5933.9342668354511 13.273390423506497 47.169106850400567 1261.5828963965178 356.67992080934346 261.61693519167602 180.25363015383482
leaf_count=49 11708 6606 8365 6181 140411 10393 35470 59093 162 536 8377 14596 12720 3589
internal_value=-5.2328e-05 -0.00492736 -0.00383478 0.000866967 0.000144501 -0.0083966 0.00309924 -0.0028597 0.000522142 0.00180797 0.0079185 -0.0175227 -0.0102357 -0.0139764
internal_weight=48917.8 7761.03 7141.54 41156.8 31093.5 1316.57 10063.3 6515.13 29776.9 7936.74 2126.56 619.486 262.806 626.411
internal_count=318256 105018 77653 213238 157147 16574 56091 67458 140573 36006 20085 27365 12769 10195
is_linear=0
shrinkage=0.05


Tree=175
num_leaves=15
num_cat=0
split_feature=1 14 12 5 14 1 7 1 11 6 4 4 7 2
split_gain=60.324 42.0553 36.0953 30.7004 30.0751 20.6139 34.0968 18.7696 13.4819 11.4181 9.5825 8.99676 8.88787 5.01958
threshold=0.23563601076602939 0.22962482273578647 0.29307250678539282 0.13197141140699389 0.084330245852470412 0.89383807778358471 0.72109007835388195 0.09496354311704637 0.13051253557205203 0.076958797872066512 0.047752633690834052 0.35586163401603704 0.70003712177276622 0.017205452546477321
decision_type=2 2 2 2 2 2 2 2 2 2 2 2 2 2
left_child=7 2 4 -4 -2 6 -3 10 11 -10 -1 -9 -7 -12
right_child=1 5 3 -5 -6 12 -8 8 9 -11 13 -13 -14 -15
leaf_value=-0.01367264782076991 0.0093168408282337922 0.00028381541844825254 0.00024647775293999875 0.010668080994504121 -0.0011348460531424801 0.0062871769525314758 -0.023165190195473612 0.011685172065739232 0.0093257771799679975 -0.0016464776829596167 -0.015616449210730242 -0.026586792993826037 0.021833382050706521 -0.0039910520918807471
leaf_weight=283.06213745474815 878.10881951823831 39488.58951683715 954.4617793019861 2721.9682788532227 3184.1520701907575 668.45394391566515 155.63686603680253 267.17369845509529 240.2547020316124 18091.986128553748 94.663670405745506 16.291881084442139 106.59770604223013 4852.2022887766361
leaf_count=1279 16128 161996 6209 28288 28674 6242 929 778 662 49824 321 54 1088 15784
internal_value=-2.22111e-05 0.000996165 0.00437298 0.00796246 0.00112442 0.00034964 0.000191758 -0.0020789 -0.00133536 -0.00150268 -0.00472548 0.00948553 0.00842534 -0.00421352
internal_weight=72003.6 48158 7738.69 3676.43 4062.26 40419.3 39644.2 23845.6 18615.7 18332.2 5229.93 283.466 775.052 4946.87
internal_count=318256 249554 79299 34497 44802 170255 162925 68702 51318 50486 17384 832 7330 16105
is_linear=0
shrinkage=0.05


Tree=176
num_leaves=15
num_cat=0
split_feature=2 11 2 9 4 3 10 0 7 13 3 7 7 1
split_gain=93.0653 39.8354 27.3545 19.8617 38.0804 15.614 14.5333 33.3214 22.7184 12.6621 10.9454 13.8688 7.53572 7.48929
threshold=0.10841264948248865 0.13321307301521304 0.22981262952089312 0.25506976246833807 0.49563033878803259 0.2110131233930588 0.42678739130496984 0.11972086876630784 0.46561388671398168 0.34143237769603735 0.16438514739274981 0.75217765569686901 0.79036831855773937 0.1287973299622536
decision_type=2 2 2 2 2 2 2 2 2 2 2 2 2 2
left_child=1 10 3 4 -2 -5 8 -8 -4 13 11 -1 -11 -3
right_child=2 9 6 5 -6 -7 7 -9 -10 12 -12 -13 -14 -15
leaf_value=0.018640050699417324 -0.010813911922918716 0.0013291389421222601 0.0014189149874306779 0.0091121822141304841 0.0010990015574931376 -0.00065511311833920229 0.0097159197701861336 0.0011207992319733206 -0.0068532032782472737 -0.0088509710133679049 -0.019977257210899952 -0.02657515321122636 0.051124094980689483 -0.0043828013234216874
leaf_weight=42.950498483143747 1399.9719940721989 811.30788502842188 24266.90586578846 438.70223407261074 1287.9688109029084 6078.8754931017756 1723.0887714028358 3262.877527423203 859.40833326429129 1343.8923912663013 600.08084556553513 28.025427157059312 5.2579848170280448 1960.8654906246811
leaf_count=2409 19321 5744 94046 7154 22704 51155 7927 21920 5181 23808 31832 1704 121 23230
internal_value=9.42878e-05 -0.00648401 0.000896105 -0.00148916 -0.00510565 2.32964e-06 0.0016253 0.00409117 0.00113598 -0.00464455 -0.0177811 0.000786456 -0.00861723 -0.00271114
internal_weight=44110.2 4792.38 39317.8 9205.52 2687.94 6517.58 30112.3 4985.97 25126.3 4121.32 671.057 70.9759 1349.15 2772.17
internal_count=318256 88848 229408 100334 42025 58309 129074 29847 99227 52903 35945 4113 23929 28974
is_linear=0
shrinkage=0.05


Tree=177
num_leaves=15
num_cat=0
split_feature=3 12 2 11 12 10 4 5 6 13 7 12 0 11
split_gain=81.5307 40.4674 22.3548 19.9776 35.9896 18.5061 25.2609 19.4471 17.8976 17.4319 13.883 10.4987 9.99623 12.4112
threshold=0.23375004529953006 0.19751895219087603 0.061307953670620925 0.17846512049436572 0.30925042927265173 0.20016440004110339 0.68153658509254467 0.15471817553043368 0.20690209418535235 0.53768569231033336 0.73163381218910228 0.40066801011562353 0.1949296370148659 0.2720827609300614
decision_type=2 2 2 2 2 2 2 2 2 2 2 2 2 2
left_child=1 12 8 4 -4 6 -3 -7 10 -5 -2 -10 -1 -14
right_child=2 5 3 9 -6 7 -8 -9 11 -11 -12 -13 13 -15
leaf_value=-0.013396955522319551 0.033684881971693649 0.00063175328055317843 0.0039651662108515203 0.00058090325967388192 -0.010304743064925348 0.0030477272370700863 0.089838117452919974 -0.005708502907592704 0.0070496922240491063 0.0074605441955138243 0.0044523825253301487 0.0018739456289447948 -0.0091534399960813955 0.018595847452679354
leaf_weight=1311.6916859894991 89.647291133180261 2246.2073921523988 738.11677078157663 32540.558675389737 1100.818048350513 738.32537095062435 7.9640445932745925 4492.073162086308 1475.6022697277367 947.58968334645033 74.259592302143574 2915.9027794804424 144.22181769646704 55.918450865894556
leaf_count=31067 808 14699 8971 144399 16563 12783 90 57148 8087 7244 1103 10789 3872 633
internal_value=-4.78425e-05 -0.00434743 0.000922027 0.000496943 -0.00457705 -0.00284028 0.000946922 -0.00447247 0.00421854 0.000775571 0.0204408 0.00361306 -0.0118088 -0.00140039
internal_weight=48878.9 8996.4 39882.5 35327.1 1838.93 7484.57 2254.17 5230.4 4555.41 33488.1 163.907 4391.51 1511.83 200.14
internal_count=318256 120292 197964 177177 25534 84720 14789 69931 20787 151643 1911 18876 35572 4505
is_linear=0
shrinkage=0.05


Tree=178
num_leaves=15
num_cat=0
split_feature=13 11 11 14 7 4 3 12 5 14 12 2 14 5
split_gain=56.4394 39.0221 22.1014 22.6474 16.6629 16.2077 11.4885 10.4705 8.8579 15.0923 11.174 6.06189 5.13107 5.09996
threshold=0.21259360760450366 0.11397715285420419 0.56414759159088146 0.33799132704734808 0.082103349268436446 0.70639157295227062 0.13320519775152209 0.34851156175136572 0.30385486781597143 0.11458641290664674 0.26570507884025579 0.82218363881111156 0.51342153549194347 0.37028191983699804
decision_type=2 2 2 2 2 2 2 2 2 2 2 2 2 2
left_child=4 8 3 -3 12 7 -7 -6 10 -10 -2 -4 13 -1
right_child=1 2 11 -5 5 6 -8 -9 9 -11 -12 -13 -14 -15
leaf_value=-0.0097538924908264473 0.0044018343676576486 0.0012170609406264188 0.007014148131131737 -0.0010281845290212568 6.963139363752176e-05 -0.089336073775200045 -0.0066617995473519835 -0.0025491426625175169 0.0080588385087515362 -0.025363340153586655 0.011123268853473615 -0.0013489995808320231 -0.014000505014844351 -0.0028164324070037994
leaf_weight=508.63711908459663 1349.2225675545633 28462.980321235955 1609.548320017755 18551.645515069366 5274.2341980785131 9.0221571102738398 7.8653720021247855 13813.563242085278 83.699417177587748 56.631006848067045 1141.4614276066422 250.38070930540562 258.13859422504902 552.86379572749138
leaf_count=1946 24050 133848 7128 71271 16673 56 51 40817 859 568 17118 756 1088 2027
internal_value=-2.00715e-05 0.000861897 0.000542583 0.000331103 -0.0022442 -0.00186886 -0.0508305 -0.00182554 0.00679358 -0.00542884 0.00748222 0.00588831 -0.00767813 -0.00614064
internal_weight=71929.9 51505.6 48874.6 47014.6 20424.3 19104.7 16.8875 19087.8 2631.01 140.33 2490.68 1859.93 1319.64 1061.5
internal_count=318256 255598 213003 205119 62658 57597 107 57490 42595 1427 41168 7884 5061 3973
is_linear=0
shrinkage=0.05


Tree=179
num_leaves=15
num_cat=0
split_feature=2 14 2 9 0 8 1 3 3 11 0 3 2 7
split_gain=85.7486 37.9852 24.8466 18.9634 38.3124 14.6196 26.6907 13.9075 12.8602 12.8328 11.2441 8.74086 10.969 6.09102
threshold=0.10841264948248865 0.14966184645891192 0.22981262952089312 0.23634627461433413 0.27282574772834783 0.14553610980510714 0.54376241564750682 0.19898480921983722 0.59010395407676708 0.37338486313819891 0.021852194331586364 0.33863933384418493 0.028241064399480823 0.41969817876815801
decision_type=2 2 2 2 2 2 2 2 2 2 2 2 2 2
left_child=1 11 3 4 -2 6 -4 -5 9 -3 -7 12 -1 -10
right_child=2 8 5 7 -6 10 -8 -9 13 -11 -12 -13 -14 -15
leaf_value=0.13926255660083242 -0.0010094978077872341 -0.0093150729057516878 0.00039370596520285541 0.0079811827778787162 -0.015046041775933553 0.0073292568504944207 0.034237074813145849 -0.00074446797971695184 -0.0023422131470711032 -0.00087341920732300756 0.0012873713849754036 -0.029142929040197968 -0.015204341362066755 0.0082506485483660654
leaf_weight=1.1523519959300745 1554.9142045732588 1703.8303988017142 147.75519324094057 491.54444395191967 707.2586126178503 790.98629681020975 96.180013224482536 6434.9260947033763 1716.169495139271 611.87504326552153 29099.227776292711 140.34508093539625 434.74230680987239 147.36002760753036
leaf_count=37 25361 31279 943 7861 10595 3009 804 56517 13769 9632 124318 5142 27200 1789
internal_value=8.58071e-05 -0.00625576 0.00085272 -0.00142335 -0.00539796 0.00154675 0.0137376 -0.000125243 -0.00459643 -0.00708455 0.00144726 -0.0182902 -0.014796 -0.00150457
internal_weight=44078.3 4755.47 39322.8 9188.64 2262.17 30134.1 243.935 6926.47 4179.23 2315.71 29890.2 576.24 435.895 1863.53
internal_count=318256 88848 229408 100334 35956 129074 1747 64378 56469 40911 127327 32379 27237 15558
is_linear=0
shrinkage=0.05


Tree=180
num_leaves=15
num_cat=0
split_feature=3 12 2 13 12 12 10 2 4 7 2 10 11 0
split_gain=77.9713 36.7747 23.7832 42.1429 44.4039 35.2842 21.7018 25.7934 16.6012 15.6762 15.6471 15.1861 7.29978 23.9792
threshold=0.22618759423494342 0.18305259197950366 0.12542886286973956 0.33282446861267095 0.31961649656295782 0.3290234655141831 0.20016440004110339 0.17335840314626697 0.66690760850906383 0.36976894736289984 0.028241064399480823 0.42395538091659551 0.27487641572952276 0.23970860242843631
decision_type=2 2 2 2 2 2 2 2 2 2 2 2 2 2
left_child=1 12 5 9 -5 11 7 -3 -7 -4 -8 -2 -1 -14
right_child=2 6 3 4 -6 8 10 -9 -10 -11 -12 -13 13 -15
leaf_value=-0.017515544098659613 0.001128996159764714 0.030388787748842433 0.0010955116514680151 -0.00056630695396526869 -0.0088965832557951988 0.0010224857355945346 0.016341227158542474 0.00016332912311931811 0.031013833654397707 0.0069226606940001496 -0.0051271698678365648 0.0088048760010938833 -0.01049317615915573 0.070150276494239716
leaf_weight=492.46549759060144 840.77159081026912 73.048515431582928 18341.975688565522 5890.3171536568552 2196.1513831913471 9165.3196209724993 86.301674582064152 2091.5110937170684 46.374385809525847 1231.6661940012127 5129.9024126157165 2758.2892394475639 525.14909038692713 9.382698141038416
leaf_count=17832 4619 752 67355 43390 16498 43451 1193 13853 497 7475 71609 21108 8590 91
internal_value=0.000122412 -0.00425895 0.00103263 0.000207746 -0.00282867 0.00281367 -0.00302545 0.00118336 0.00117347 0.00146218 -0.00477198 0.00701172 -0.0131238 -0.00907763
internal_weight=48878.6 8407.76 40470.9 27660.1 8086.47 12810.8 7380.76 2164.56 9211.69 19573.6 5216.2 3599.06 1027 534.532
internal_count=318313 113920 204393 134718 59888 69675 87407 14605 43948 74830 72802 25727 26513 8681
is_linear=0
shrinkage=0.05


Tree=181
num_leaves=15
num_cat=0
split_feature=13 14 2 13 14 6 7 7 11 11 6 4 7 12
split_gain=59.055 31.827 41.1572 46.1396 23.6679 22.086 19.069 13.4794 12.7416 10.2636 8.46805 8.01265 8.25655 6.44948
threshold=0.23154359310865405 0.23140510916709903 0.042843254283070571 0.41385471820831304 0.45660056173801428 0.22396063804626468 0.11563796922564508 0.44509959220886236 0.081377521157264723 0.61890384554862987 0.34207534790039068 0.2030141353607178 0.076097346842288985 0.35904374718666082
decision_type=2 2 2 2 2 2 2 2 2 2 2 2 2 2
left_child=6 2 8 -4 5 -3 11 -6 -2 10 -8 12 -1 -11
right_child=1 4 3 -5 7 -7 9 -9 -10 13 -12 -13 -14 -15
leaf_value=-0.0090388418465423385 0.0078574378770361296 -0.0019917473636425586 0.011384492866831707 0.0025567440481428141 0.0030900606495643883 0.00069775732109820523 -0.003404206934573187 0.012839366951317542 -0.0087231912096504167 0.002986314879887582 -0.0010772389162032605 -0.032852408009013241 -0.0038247372326698989 -0.024716148353913517
leaf_weight=961.22057372331619 135.20183650404215 11110.025854576379 1946.0067942421883 6183.4776452258229 2892.5999558344483 24392.504186410457 5748.1795322410762 404.06170850992203 810.25697068870068 1412.5334273800254 12223.956524007022 25.819961577653885 3613.1967523247004 21.327304363250732
leaf_count=3827 934 54531 15088 64562 11462 91099 18280 3213 3208 4568 36090 74 11316 61
internal_value=-0.000158945 0.000855913 0.00352158 0.0046699 0.000232425 -0.000143886 -0.00218281 0.004285 -0.00635214 -0.0014967 -0.00182149 -0.00507715 -0.00492038 0.00257427
internal_weight=71880.4 47874.1 9074.94 8129.48 38799.2 35502.5 24006.2 3296.66 945.459 19406 17972.1 4600.24 4574.42 1433.86
internal_count=318313 244097 83792 79650 160305 145630 74216 14675 4142 58999 54370 15217 15143 4629
is_linear=0
shrinkage=0.05


Tree=182
num_leaves=15
num_cat=0
split_feature=2 14 0 13 8 3 7 5 0 10 6 13 14 14
split_gain=80.9547 30.3364 20.6863 27.5371 21.103 19.9097 18.951 18.7893 16.9266 13.1808 11.5466 11.3043 9.60858 7.99466
threshold=0.13660874217748645 0.14297498762607577 0.19638598710298541 0.30119736492633825 0.35250760614871984 0.59010395407676708 0.81415262818336498 0.17340524494647983 0.015220855828374626 0.3404987901449204 0.11689128726720811 0.71746632456779491 0.273707926273346 0.48915122449398046
decision_type=2 2 2 2 2 2 2 2 2 2 2 2 2 2
left_child=1 7 4 12 10 6 -3 -1 -6 -5 -2 -9 -4 -7
right_child=2 5 3 9 8 13 -8 11 -10 -11 -12 -13 -14 -15
leaf_value=-0.021978073249379719 -0.00086847770769454867 -0.0062049685680218162 -0.0060831090752061006 -0.0060799036031994437 0.011252851558511237 -0.00041974277468622529 0.11134562348605498 -0.013729070269254929 0.00085980842016171889 -0.0012293519023213436 0.0061567557482026585 0.0050711888754647041 0.0015612755878853352 0.052591446075064954
leaf_weight=392.31552063580602 682.07365107163787 3629.0511635942385 424.41384454071522 1898.4993585497141 405.75462589785457 2449.1135809123516 3.4318783637136212 188.48256135452539 11361.346133884043 5339.83382740058 4104.8916620314121 138.86622357554734 13072.915220312774 7.1329286247491828
leaf_count=21837 5091 61357 2235 11569 1719 18891 100 9360 44894 49280 31908 7317 52711 44
internal_value=0.000123399 -0.00489024 0.00103879 -1.34339e-05 0.00235682 -0.0037428 -0.00609391 -0.0145982 0.00121818 -0.00250157 0.00515576 -0.00575372 0.0013209 -0.000265799
internal_weight=44098.1 6808.39 37289.7 20735.7 16554.1 6088.73 3632.48 719.664 11767.1 7238.33 4786.97 327.349 13497.3 2456.25
internal_count=318313 118906 199407 115795 83612 80392 61457 38514 46613 60849 36999 16677 54946 18935
is_linear=0
shrinkage=0.05


Tree=183
num_leaves=15
num_cat=0
split_feature=0 9 11 2 12 2 4 12 0 13 8 8 2 0
split_gain=73.7258 50.1562 35.4301 41.4845 24.5343 17.6873 17.129 21.224 21.1593 16.3523 16.0493 15.3661 18.45 17.499
threshold=0.26827509701251989 0.21401409804821017 0.19387252628803256 0.087757863104343428 0.25949865579605108 0.035223748534917838 0.4343066811561585 0.19186908006668094 0.36817966401577001 0.33282446861267095 0.13810545951128009 0.29903757572174078 0.16560094803571704 0.071411255747079863
decision_type=2 2 2 2 2 2 2 2 2 2 2 2 2 2
left_child=1 11 3 -3 6 -6 7 -2 -8 -7 -4 12 -1 -13
right_child=4 2 10 -5 5 9 8 -9 -10 -11 -12 13 -14 -15
leaf_value=-0.0042796644341993985 -0.0071673981807483401 0.0026642902367027925 0.011979189556852203 -0.01725715506283099 0.0066493111186477841 0.0014337297291662878 0.0056328808074786463 0.0052333197445711063 0.02165129203941233 -0.0013796989759083029 -0.00047728345334993491 -0.008254456817346335 -0.014404862129269079 0.00098596453002822615
leaf_weight=712.59979338571429 405.04083558917046 425.32623062282801 264.91399668902159 677.74304524809122 1324.2688430026174 20767.4821573589 576.98360150307417 2329.3841756507754 320.77270897850394 6874.2881290391088 10827.528808739036 1265.3606600631028 1220.4948446750641 860.96581491269171
leaf_count=20398 2258 13491 2707 21757 4139 70137 5942 11899 1969 37585 79912 17408 20201 8510
internal_value=0.000118615 -0.00263205 -0.00102965 -0.00957576 0.00149022 0.00100449 0.00536387 0.00339644 0.0113563 0.000734052 -0.000179793 -0.00744607 -0.0106724 -0.00451294
internal_weight=48853.2 16254.9 12195.5 1103.07 32598.2 28966 3632.18 2734.43 897.756 27641.8 11092.4 4059.42 1933.09 2126.33
internal_count=318313 184384 117867 35248 133929 111861 22068 14157 7911 107722 82619 66517 40599 25918
is_linear=0
shrinkage=0.05


Tree=184
num_leaves=15
num_cat=0
split_feature=13 11 3 12 7 10 11 8 2 3 4 4 7 12
split_gain=53.5713 30.0455 21.0615 34.853 17.8452 13.0014 9.66413 9.16194 10.4528 8.69367 8.32913 7.41251 7.81288 6.01577
threshold=0.23154359310865405 0.084427498281002059 0.44180342555046087 0.42060425877571112 0.11563796922564508 0.37225605547428137 0.61890384554862987 0.082857225090265288 0.065604388713836684 0.2647207528352738 0.6870277225971223 0.2030141353607178 0.076097346842288985 0.35904374718666082
decision_type=2 2 2 2 2 2 2 2 2 2 2 2 2 2
left_child=4 7 3 -3 11 -4 10 9 -9 -2 -6 12 -1 -8
right_child=1 2 5 -5 6 -7 13 8 -10 -11 -12 -13 -14 -15
leaf_value=-0.0087502243611479475 0.021076835495655914 0.00089867271191669963 3.6648456364169252e-05 0.0085961419904026642 -0.0016691474887889212 -0.0034266981273045499 0.0029345767499540827 -0.005525154138827551 0.008911976930504972 0.0081840595503770396 -0.020617050507592535 -0.031507469227710715 -0.003665832846948232 -0.02377287061676768
leaf_weight=955.76535859704018 225.34371955692768 33383.27426180616 7541.1463478133082 1538.3298872895539 17915.058528650552 4229.6766206473112 1411.8933590278029 178.77662561461329 419.72128352336586 311.49067978188396 58.186949323862791 25.993216872215271 3607.16399769485 21.4042908847332
leaf_count=3827 5825 175070 22212 12709 53985 14028 4568 2540 8821 2892 385 74 11316 61
internal_value=-0.000150578 0.000816648 0.000621233 0.00123775 -0.00207845 -0.00120786 -0.0014154 0.00885342 0.00459948 0.013596 -0.00173049 -0.0048825 -0.00473083 0.00253574
internal_weight=71823.2 47827.8 46692.4 34921.6 23995.5 11770.8 19406.5 1135.33 598.498 536.834 17973.2 4588.92 4562.93 1433.3
internal_count=318313 244097 224019 187779 74216 36240 58999 20078 11361 8717 54370 15217 15143 4629
is_linear=0
shrinkage=0.05


Tree=185
num_leaves=15
num_cat=0
split_feature=2 14 0 14 8 3 5 7 0 4 3 6 13 14
split_gain=74.6753 28.7334 18.9808 26.2732 19.832 18.6385 18.3711 16.0882 16.0127 14.1073 10.7669 10.7525 10.6921 7.17694
threshold=0.13660874217748645 0.14297498762607577 0.19638598710298541 0.29082250595092779 0.35250760614871984 0.59010395407676708 0.17340524494647983 0.81415262818336498 0.015220855828374626 0.48169541358947759 0.39578442275524145 0.098296660929918303 0.71746632456779491 0.48915122449398046
decision_type=2 2 2 2 2 2 2 2 2 2 2 2 2 2
left_child=1 6 4 10 11 7 -1 -3 -6 -5 -4 -2 -8 -7
right_child=2 5 3 9 8 13 12 -9 -10 -11 -12 -13 -14 -15
leaf_value=-0.021672266378704955 -0.0037325555890172155 -0.0059993514262391846 -0.0058320991974552417 0.00072038505035344519 0.010905893917856334 -0.000392192062539792 -0.013369195384507416 0.096820999446591977 0.00079849296634432469 0.021959976975203032 -0.0002630988452107592 0.0056026746104505766 0.00496838626522685 0.048882670930845869
leaf_weight=382.83016179408878 331.30698852054775 3604.8801344837993 2385.3189341817051 16902.427389681339 405.84802271053195 2447.4418853316456 185.26446071825922 3.8084448911249629 11365.221167173237 78.542574319988489 1364.3392446525395 4473.3392446711659 139.22965159174055 7.4121075868606559
leaf_count=21837 2466 61357 24745 80043 1719 18891 9360 100 44894 1037 9970 34533 7317 44
internal_value=0.000113897 -0.00471692 0.00099066 -1.78154e-05 0.00225192 -0.00360445 -0.0142536 -0.00589084 0.00114698 0.000818625 -0.00380578 0.00495896 -0.00550115 -0.000243413
internal_weight=44077.2 6770.87 37306.3 20730.6 16575.7 6063.54 707.324 3608.69 11771.1 16981 3749.66 4804.65 324.494 2454.85
internal_count=318313 118906 199407 115795 83612 80392 38514 61457 46613 81080 34715 36999 16677 18935
is_linear=0
shrinkage=0.05


Tree=186
num_leaves=15
num_cat=0
split_feature=0 9 6 2 13 12 10 12 8 8 6 2 2 0
split_gain=69.2272 44.9125 26.8414 22.2541 48.0836 23.42 19.9974 17.9083 25.4009 16.5421 15.1451 12.1372 10.9856 10.106
threshold=0.1764083802700043 0.1961699649691582 0.15067603439092639 0.12668997794389728 0.33282446861267095 0.33741906285285955 0.51153358817100536 0.29307250678539282 0.26449851691722875 0.3026897013187409 0.12951166927814486 0.028241064399480823 0.08475909382104875 0.023684883490204815
decision_type=2 2 2 2 2 2 2 2 2 2 2 2 2 2
left_child=1 9 7 5 -5 -4 11 8 -2 10 -1 -3 -9 -11
right_child=2 6 3 4 -6 -7 -8 12 -10 13 -12 -13 -14 -15
leaf_value=-0.0062255261346801805 0.0091123313404788461 0.011669396531281287 0.0060277428976536337 0.001433354832560038 -0.0032535273709947605 0.0012276483237948096 -0.010895283324084064 0.050288836203723222 0.036335167082837426 -0.015269253615645989 -0.020394859209076317 -0.0014016887607466821 -0.018680725618114069 -0.0045616106046043733
leaf_weight=289.04202030319721 381.48314651660621 182.53086011484265 3608.3655440993607 18765.119941715151 7725.0784683860838 8591.7310621552169 558.22201349865645 6.373155675828456 110.51119913347065 272.20845745876431 542.62860961258411 6570.3563964571804 61.374657563865185 1156.897047823295
leaf_count=7590 5550 2005 25700 70395 57439 38201 20747 171 976 4953 13088 56390 1035 14073
internal_value=0.000107847 -0.00370476 0.00103763 0.000880356 6.6565e-05 0.00264735 -0.00180021 0.0119084 0.0152271 -0.00986387 -0.0154704 -0.00104838 -0.0121926 -0.00660115
internal_weight=48821.9 9571.89 39250 38690.3 26490.2 12200.1 7311.11 559.742 491.994 2260.78 831.671 6752.89 67.7478 1429.11
internal_count=318313 118846 199467 191735 127834 63901 79142 7732 6526 39704 20678 58395 1206 19026
is_linear=0
shrinkage=0.05


Tree=187
num_leaves=15
num_cat=0
split_feature=1 14 13 6 6 10 4 7 13 10 7 7 11 12
split_gain=53.1669 31.7263 43.9686 28.2048 21.5376 20.5046 18.2788 20.352 16.0134 26.5818 16.9584 10.6957 10.4532 7.41324
threshold=0.23563601076602939 0.22962482273578647 0.41951024532318121 0.098296660929918303 0.4858203530311585 0.20016440004110339 0.85444226861000072 0.74782073497772228 0.36703149974346166 0.50059586763381969 0.46047021448612219 0.076097346842288985 0.59522229433059703 0.50864997506141674
decision_type=2 2 2 2 2 2 2 2 2 2 2 2 2 2
left_child=5 2 4 -4 -2 11 7 -3 10 -10 -7 13 -13 -1
right_child=1 6 3 -5 -6 8 -8 -9 9 -11 -12 12 -14 -15
leaf_value=-0.013584853467243153 0.012740347387504861 0.00024597092773177533 0.016551516160407877 0.00075337605345885599 -0.0015599066944061556 0.00020178865325114179 0.020168831854405565 -0.028879316138897323 -0.0082880321865172607 0.0045142288071834619 0.020785342514893116 -0.0035131238451924134 0.0012790234685410243 -0.004662700280913667
leaf_weight=410.28568965196609 1585.7183916382492 40134.405506871641 298.16505979001522 5384.7405152618885 315.72272871807218 8787.822564676404 114.95557194203138 60.069710545241833 1390.1573410928249 572.417246773839 101.21788886189461 10790.61968049407 1272.1159628331661 538.22777061164379
leaf_count=1717 14914 168411 2831 60508 1091 23993 1203 385 3799 1630 280 31591 3855 2105
internal_value=-0.000143094 0.000817592 0.00378436 0.00158226 0.0103659 -0.00207123 0.000259385 0.000202444 -0.000466337 -0.00455404 0.00043617 -0.00340974 -0.00300775 -0.00852204
internal_weight=71756.6 47893.8 7584.35 5682.91 1901.44 23862.9 40309.4 40194.5 10851.6 1962.57 8889.04 13011.2 12062.7 948.513
internal_count=318313 249343 79344 63339 16005 68970 169999 168796 29702 5429 24273 39268 35446 3822
is_linear=0
shrinkage=0.05


Tree=188
num_leaves=15
num_cat=0
split_feature=2 13 0 14 11 1 11 0 14 6 2 12 3 14
split_gain=69.3667 27.2374 17.6296 21.9425 17.984 22.6026 16.8919 13.6644 10.4659 10.0413 9.95486 9.22244 12.4415 9.52039
threshold=0.13660874217748645 0.40670825541019445 0.1706390976905823 0.29082250595092779 0.36028604209423071 0.28977246582508093 0.10635007172822954 0.012256528716534378 0.10945155471563341 0.1998662352561951 0.025210767053067688 0.1565082520246506 0.13934133201837542 0.13351719081401828
decision_type=2 2 2 2 2 2 2 2 2 2 2 2 2 2
left_child=1 6 4 8 5 -2 -1 -6 -4 -5 -8 12 -3 -13
right_child=2 11 3 9 7 -7 10 -9 -10 -11 -12 13 -14 -15
leaf_value=-0.026409819067145408 -0.0026553441276040242 0.028569840694478366 0.015079253373290842 0.0056414178373043926 0.013104741890400848 0.0072022386903815867 -0.013112023146128179 0.001009417160181435 -0.003477517817222343 0.00055444303745810753 -0.0017578812382781951 -0.017235109534939973 -0.0052517549543484345 -0.0086360622999108339
leaf_weight=73.353225514292717 719.89887484908104 33.4640974085778 77.386433264240623 1026.6560008823872 238.85032417997718 3025.0522809103131 201.49143303185701 10433.505753856152 4187.8950985185802 17606.831932488829 4607.1882698927075 434.5961645161733 145.04984148684889 1241.0624776380137
leaf_count=4021 2152 1138 1422 6808 996 24226 3035 43426 38599 81778 51493 24638 7833 26748
internal_value=0.000113561 -0.00455627 0.000956548 9.42073e-05 0.00232619 0.0053073 -0.00259689 0.00128011 -0.00314084 0.000834722 -0.00223364 -0.00971533 0.00108842 -0.0108663
internal_weight=44052.3 6736.21 37316.1 22898.8 14417.3 3744.95 4882.03 10672.4 4265.28 18633.5 4808.68 1854.17 178.514 1675.66
internal_count=318313 118906 199407 128607 70800 26378 58549 44422 40021 88586 54528 60357 8971 51386
is_linear=0
shrinkage=0.05


Tree=189
num_leaves=15
num_cat=0
split_feature=0 9 6 2 14 12 14 5 8 12 8 8 6 3
split_gain=64.0092 42.4849 24.9642 20.8246 42.2842 21.753 19.3405 18.0828 17.4208 16.5025 22.6634 15.8913 14.8155 9.82961
threshold=0.1764083802700043 0.1961699649691582 0.15067603439092639 0.12668997794389728 0.31336969137191778 0.33741906285285955 0.18459446728229525 0.038475748151540763 0.10090384259819986 0.28017927706241613 0.26449851691722875 0.3026897013187409 0.12951166927814486 0.42354118824005133
decision_type=2 2 2 2 2 2 2 2 2 2 2 2 2 2
left_child=1 11 9 5 -5 -4 7 -3 -8 10 -2 12 -1 -11
right_child=2 6 3 4 -6 -7 8 -9 -10 13 -12 -13 -14 -15
leaf_value=-0.0059856947452026528 0.0091074845491771455 0.12101275611748935 0.0057987153158035451 -0.0029910738561651456 0.0013637454828665961 0.0011777016174037156 0.025934162627308951 -0.013207075802327562 -0.001337443432430023 -0.013789084198140157 0.035081450139653352 -0.0064018792512971628 -0.020086016264122562 0.06473644741646023
leaf_weight=286.67646145261824 376.95866100303829 2.5252241715788832 3620.4014750942588 7976.8655385263264 18505.758979335427 8587.67240286991 59.064324425533414 400.92176831327379 6833.7955201007426 75.557753093540668 108.05604947172105 1419.8985377177596 532.02377804927528 4.2071445807814589
leaf_count=7590 5412 18 25700 52841 74993 38201 731 18356 60037 1365 931 19026 13088 24
internal_value=9.94022e-05 -0.00357525 0.000991952 0.000839611 5.20247e-05 0.0025481 -0.00172655 -0.012367 -0.00110376 0.0114282 0.0148942 -0.00960074 -0.0151486 -0.00964731
internal_weight=48790.4 9534.91 39255.5 38690.7 26482.6 12208.1 7296.31 403.447 6892.86 564.78 485.015 2238.6 818.7 79.7649
internal_count=318313 118846 199467 191735 127834 63901 79142 18374 60768 7732 6343 39704 20678 1389
is_linear=0
shrinkage=0.05


Tree=190
num_leaves=15
num_cat=0
split_feature=1 14 13 6 7 10 1 7 13 10 7 7 11 13
split_gain=48.608 29.1784 41.402 27.0552 21.1642 19.1116 17.5146 27.5276 15.1122 28.1319 17.4943 10.104 9.80775 9.65981
threshold=0.23563601076602939 0.22962482273578647 0.41951024532318121 0.098296660929918303 0.52238130569458019 0.20016440004110339 0.89383807778358471 0.74782073497772228 0.38161560893058782 0.50059586763381969 0.46047021448612219 0.076097346842288985 0.59522229433059703 0.35971955955028539
decision_type=2 2 2 2 2 2 2 2 2 2 2 2 2 2
left_child=5 2 4 -4 -2 11 7 -3 10 -10 -7 -1 -13 -8
right_child=1 6 3 -5 -6 8 13 -9 9 -11 -12 12 -14 -15
leaf_value=-0.0082548514434586714 0.0053036125833529919 0.00015396443570442461 0.016245695646326323 0.00069356466433673474 0.01596385814025009 8.839107364476436e-05 0.0024191761300557586 -0.036100479441397125 -0.0094518664027298943 0.0043124475517256318 0.017609918358017496 -0.0033717314117946992 0.0012704098541952947 0.013707930774613311
leaf_weight=943.43253172934055 1044.1040516085923 39484.515997488052 294.99505727924407 5375.0246274061501 840.31500107608736 9043.685039550066 399.91721357405186 52.427928164601326 1102.3346816301346 559.70297485589981 144.73956060409546 10778.678919434547 1272.1037750542164 360.17336957901716
leaf_count=3822 5086 162386 2831 60508 10919 24692 3651 291 3015 1595 400 31591 3855 3671
internal_value=-0.000134011 0.000785007 0.00363661 0.0015027 0.0100573 -0.0019783 0.000250421 0.000105889 -0.000429217 -0.00481664 0.000364397 -0.00327181 -0.0028817 0.00776842
internal_weight=71696.2 47851.5 7554.44 5670.02 1884.42 23844.7 40297 39536.9 10850.5 1662.04 9188.42 12994.2 12050.8 760.091
internal_count=318313 249343 79344 63339 16005 68970 169999 162677 29702 4610 25092 39268 35446 7322
is_linear=0
shrinkage=0.05


Tree=191
num_leaves=15
num_cat=0
split_feature=2 13 3 0 8 1 2 5 13 14 11 4 0 6
split_gain=64.4525 29.8621 39.5446 18.3449 18.28 21.5763 17.1367 18.0239 16.9885 16.5697 14.6595 14.4898 12.5108 17.0443
threshold=0.21500550955533984 0.48054222762584692 0.16438514739274981 0.32380925118923193 0.13665521889925006 0.50952446460723888 0.085774954408407225 0.2490561902523041 0.51854348182678234 0.22962482273578647 0.10635007172822954 0.68153658509254467 0.012256528716534378 0.081140570342540755
decision_type=2 2 2 2 2 2 2 2 2 2 2 2 2 2
left_child=1 6 11 -4 5 8 10 -8 -2 -7 -1 -3 -6 -14
right_child=4 2 3 -5 12 9 7 -9 -10 -11 -12 -13 13 -15
leaf_value=-0.026739492662777444 0.031862687776620775 0.012339005062261274 -0.0077377021156199493 -0.018491212271478451 0.012866897132489761 0.019750698330180241 0.0012661888893455574 -0.0036737408638579079 -0.019144272201249309 0.064528774373580081 -0.0045955934985940214 -0.010787430268182588 -0.0058468436046933943 0.0013376690645138924
leaf_weight=76.908019626513124 22.969168741255999 276.28716230858117 1169.291022640653 600.16739032883197 229.13590170443058 102.61285819858313 4841.5622340980917 2984.8842283887789 56.428161237388849 25.867803312838078 2650.952771211043 89.726624364033341 848.82794516906142 30055.416665717959
leaf_count=4441 140 7670 37487 12443 867 925 50351 28825 344 183 35817 3328 3486 132006
internal_value=0.000108064 -0.0028983 -0.00829056 -0.0113851 0.00132531 0.0161031 -0.00180728 -0.000617823 -0.00438827 0.0287661 -0.00521991 0.00666966 0.00122664 0.00114034
internal_weight=44031 12689.8 2135.47 1769.46 31341.3 207.878 10554.3 7826.45 79.3973 128.481 2727.86 366.014 31133.4 30904.2
internal_count=318313 180362 60928 49930 137951 1592 119434 79176 484 1108 40258 10998 136359 135492
is_linear=0
shrinkage=0.05


Tree=192
num_leaves=15
num_cat=0
split_feature=3 12 10 2 13 2 14 10 6 5 5 14 4 0
split_gain=59.529 32.0949 20.5604 25.2409 20.2661 31.8799 33.5876 25.1431 23.803 19.0134 13.7772 11.5276 6.17052 18.4909
threshold=0.22618759423494342 0.17186775803565982 0.20016440004110339 0.17335840314626697 0.54101943969726574 0.16259729862213138 0.13665927946567538 0.53936845064163219 0.22906583547592166 0.39114670455455786 0.18257407099008563 0.280993402004242 0.16891145706176761 0.050054579973220832
decision_type=2 2 2 2 2 2 2 2 2 2 2 2 2 2
left_child=1 12 3 -3 7 6 -6 8 -2 -9 -4 -7 13 -1
right_child=4 2 10 -5 5 11 -8 9 -10 -11 -12 -13 -14 -15
leaf_value=-0.0091287250414362493 0.0058107732165382543 0.02976726606589471 0.00089648812181848225 0.00027888078648104323 0.0027117930671101045 -0.0073174762613219396 0.017311167755848685 -0.0062614509005993815 0.00056142891871916801 0.035389407128546692 -0.0056561603261424814 0.032565889734056531 -0.014855526380656021 0.091053297928794658
leaf_weight=28.858109571039677 2303.6990821082145 75.16586834192276 980.86766293458641 2099.4477917067707 906.01208958029747 453.21615516208112 697.05796211585402 1562.5646923426539 34509.302922941744 27.889141988009214 4403.1293813334778 18.871759638190269 689.60638155974448 5.4807076975703231
leaf_count=412 18181 757 19667 14067 11567 4435 4795 17652 147274 286 58633 203 20335 49
internal_value=9.38139e-05 -0.00376832 -0.00280508 0.00129815 0.000884068 0.00569691 0.00905999 0.000624002 0.000889925 -0.00553109 -0.00446239 -0.00572313 -0.0138254 0.006861
internal_weight=48761.2 8282.56 7558.61 2174.61 40478.6 2075.16 1603.07 38403.5 36813 1590.45 5384 472.088 723.945 34.3388
internal_count=318313 113920 93124 14824 204393 21000 16362 183393 165455 17938 78300 4638 20796 461
is_linear=0
shrinkage=0.05


Tree=193
num_leaves=15
num_cat=0
split_feature=1 14 13 6 7 13 4 10 13 10 7 7 14 13
split_gain=44.2758 26.8721 35.401 24.7704 22.8067 17.8314 16.6172 15.3368 10.2321 26.2912 17.99 7.59634 8.05376 7.42619
threshold=0.23563601076602939 0.23140510916709903 0.41951024532318121 0.098296660929918303 0.52238130569458019 0.160777822136879 0.85444226861000072 0.6439141333103181 0.38161560893058782 0.50059586763381969 0.46047021448612219 0.060677658766508109 0.23318394273519519 0.40142370760440832
decision_type=2 2 2 2 2 2 2 2 2 2 2 2 2 2
left_child=5 2 4 -4 -2 11 7 -3 10 -10 -7 -1 -13 -8
right_child=1 6 3 -5 -6 8 13 -9 9 -11 -12 12 -14 -15
leaf_value=-0.011803256019611397 0.0045425616421810406 0.0002488138792107241 0.015589849814564511 0.0007356825291935054 0.015486590383653617 -0.00066390226410852494 0.0049011496576713571 -0.01311598547917793 -0.0091113353002510965 0.0041977987307623048 0.017067537360771167 -0.017054981929341361 -0.0033250251163520778 0.03095583806262316
leaf_weight=287.03915247321129 1094.7480268292129 39747.228691771626 295.75075292773545 5499.3530648406595 842.32274283096194 14054.043447241187 48.672606371343136 215.82452449202538 1102.1225161254406 559.40887720882893 144.5192751288414 108.33528593182564 7571.8287080824375 62.423669792711735
leaf_count=1272 5313 166440 2852 61196 11017 38913 526 1326 3015 1595 400 381 23394 673
internal_value=-0.000126555 0.00075103 0.00344976 0.00149376 0.0093015 -0.00188732 0.000230319 0.000176636 -0.000917866 -0.00463038 -0.000483424 -0.00381717 -0.0035187 0.019541
internal_weight=71633.6 47806.3 7732.17 5795.1 1937.07 23827.3 40074.1 39963.1 15860.1 1661.53 14198.6 7967.2 7680.16 111.096
internal_count=318313 249343 80378 64048 16330 68970 168965 167766 43923 4610 39313 25047 23775 1199
is_linear=0
shrinkage=0.05


Tree=194
num_leaves=15
num_cat=0
split_feature=5 14 12 8 0 14 14 0 4 3 6 6 11 9
split_gain=46.0989 35.8636 18.6156 23.7703 18.2083 19.6222 18.8335 15.9598 15.164 14.7915 17.0648 13.8579 12.342 11.0437
threshold=0.20607789605855945 0.16690271347761157 0.22989450395107272 0.32819099724292761 0.14629339426755908 0.29082250595092779 0.43002742528915411 0.015220855828374626 0.54836273193359386 0.16958121955394748 0.28838947415351873 0.11689128726720811 0.30533008277416235 0.11668583750724794
decision_type=2 2 2 2 2 2 2 2 2 2 2 2 2 2
left_child=1 9 -3 -4 6 12 11 -8 -7 10 -1 -2 -6 -11
right_child=4 2 3 -5 5 8 7 -9 -10 13 -12 -13 -14 -15
leaf_value=0.00025728787604534762 -0.00043613079770929501 -0.011608259365233693 -0.0021889210944189548 0.016716829776751766 -0.0015778189632250136 0.00062594023899808864 0.010312405291534254 8.3095488467573901e-05 0.040685276530426195 0.10764348661241969 0.17306305785166679 0.0058654490087153123 -0.0078392409787078534 -0.017589420978584184
leaf_weight=111.04521536827087 1096.6326021617278 506.90617663133889 5204.7801154879853 171.74615031853318 3643.8136696014553 20192.07369129546 404.08814749121666 6763.4792665429413 23.651264298707247 1.765466640703379 1.4472678890451778 4267.6964218560606 1003.8147722892463 616.13811519183218
leaf_count=5222 6777 9590 59453 1758 41723 95540 1877 29385 296 85 50 27424 7534 31599
internal_value=0.000102051 -0.00374587 -0.00244859 -0.001585 0.000782604 -6.89149e-07 0.00233666 0.000659796 0.000672807 -0.0141956 0.00248051 0.00457721 -0.00293019 -0.0172316
internal_weight=44009.1 6613.83 5883.43 5376.53 37395.2 24863.4 12531.9 7167.57 20215.7 730.396 112.492 5364.33 4647.63 617.904
internal_count=318313 107757 70801 61211 210556 145093 65463 31262 95836 36956 5272 34201 49257 31684
is_linear=0
shrinkage=0.05


Tree=195
num_leaves=15
num_cat=0
split_feature=0 9 2 14 6 6 0 5 14 6 8 0 2 12
split_gain=50.2281 41.8705 24.4546 37.4612 27.0614 25.5244 21.9489 21.6744 18.6397 15.326 14.9905 13.8283 12.7643 12.7513
threshold=0.17350493371486667 0.18896630406379702 0.1173878274857998 0.27616171538829809 0.14271281659603122 0.1998662352561951 0.25763553380966192 0.28924700617790228 0.18459446728229525 0.1520606800913811 0.073346886783838286 0.023684883490204815 0.07989607006311418 0.33265963196754461
decision_type=2 2 2 2 2 2 2 2 2 2 2 2 2 2
left_child=1 9 5 6 -5 7 -4 -2 12 11 -10 -1 -3 -7
right_child=2 8 3 4 -6 13 -8 -9 10 -11 -12 -13 -14 -15
leaf_value=-0.017511368189555173 0.011044360811350117 0.0019078239920811116 -0.010683622565486989 0.023839111479692435 0.00064319459640234519 0.0051335483726712705 -0.0023502855475221679 0.1163907738417789 0.06931407314333389 -0.017777475883883034 -0.0011108792018749052 -0.0050569717387812891 -0.017784781163148845 0.0010844707843404096
leaf_weight=274.17000521346927 722.40157993417233 115.55598374456167 996.66839040722698 126.42277495935559 23218.84183004871 2571.5798878148198 3813.5220718029886 4.9157757051289073 7.5643806457519522 468.30330097582191 6966.4766872171313 1191.3032384132966 285.8144218409434 7972.2621901230887
leaf_count=5311 10660 5175 16274 1121 100145 16145 22967 97 72 9141 62675 20748 13661 34333
internal_value=-5.11582e-05 -0.00335454 0.000728817 -5.90598e-05 0.000768809 0.00269694 -0.00407695 0.0117564 -0.00163751 -0.00990328 -0.00103449 -0.00738702 -0.0121152 0.00207202
internal_weight=48735.8 9309.19 39426.6 28155.5 23345.3 11271.2 4810.19 727.317 7375.41 1933.78 6974.04 1465.47 401.37 10543.8
internal_count=318525 116783 201742 140507 101266 61235 39241 10757 81583 35200 62747 26059 18836 50478
is_linear=0
shrinkage=0.05


Tree=196
num_leaves=15
num_cat=0
split_feature=1 11 10 6 6 13 13 14 5 12 13 7 12 1
split_gain=39.0632 28.0884 21.1013 16.798 13.4207 12.1636 11.825 11.3345 11.042 8.68211 6.38198 6.21441 5.36813 5.21361
threshold=0.17871131747961047 0.084427498281002059 0.49510209262371069 0.091958139091730132 0.23025846481323245 0.098213788121938719 0.36160451173782354 0.20392727106809619 0.046871725469827659 0.44581159949302679 0.35971955955028539 0.43769326806068426 0.30925042927265173 0.09496354311704637
decision_type=2 2 2 2 2 2 2 2 2 2 2 2 2 2
left_child=2 8 5 7 -5 9 -7 -3 -2 -1 -10 13 -13 -4
right_child=1 3 11 4 -6 6 -8 -9 10 -11 -12 12 -14 -15
leaf_value=-0.015792339645420542 -0.07410329002169691 0.016414138403875848 0.0029690685580776414 -0.0008161264566693611 0.00088010292304907729 -0.0016979627295617941 -0.0081625491288428356 0.0039263578958169806 0.026709371467534933 -0.005140606564636027 0.0082593784119757291 0.0022372414691303258 0.017400664354554823 0.033717515130100621
leaf_weight=237.77388380467892 3.9983868151903144 211.70008085481822 19.985228359699249 17416.155118754134 35291.11202246882 14105.993821129203 744.73702983558178 1282.5680893436074 49.247595462948084 978.85856953263283 971.2152354195714 189.07324606180191 84.431197077035904 44.441546082496643
leaf_count=1003 14 1755 56 102842 138695 41199 2056 6547 888 3676 18908 526 238 122
internal_value=-1.35408e-05 0.000622849 -0.00215585 0.000467823 0.000319615 -0.00241591 -0.00202215 0.00569556 0.00882485 -0.00722234 0.00914978 0.0102091 0.00691821 0.0241793
internal_weight=71631.3 55226 16405.3 54201.5 52707.3 16067.4 14850.7 1494.27 1024.46 1216.63 1020.46 337.931 273.504 64.4268
internal_count=318525 269649 48876 249839 241537 47934 43255 8302 19810 4679 19796 942 764 178
is_linear=0
shrinkage=0.05


Tree=197
num_leaves=15
num_cat=0
split_feature=2 14 0 13 11 10 3 0 11 0 10 3 2 7
split_gain=52.1591 32.0308 15.3869 31.1796 29.0931 16.5395 14.3499 12.3196 10.6527 10.5696 9.97497 8.90669 11.1417 6.66584
threshold=0.10841264948248865 0.14966184645891192 0.19638598710298541 0.3126473873853684 0.50296252965927135 0.3404987901449204 0.59010395407676708 0.021852194331586364 0.37338486313819891 0.077999055385589613 0.38939639925956732 0.33863933384418493 0.028241064399480823 0.40141403675079351
decision_type=2 2 2 2 2 2 2 2 2 2 2 2 2 2
left_child=1 11 4 10 9 -5 8 -6 -3 -2 -4 12 -1 -8
right_child=2 6 3 5 7 -7 13 -9 -10 -11 -12 -13 -14 -15
leaf_value=0.1446180722261014 0.0067433367473129398 -0.0082350868188553854 0.0012099889381551724 -0.0076094812642062762 0.005125110682751564 -0.0016837648800958644 -0.0011804287751542254 -0.0015291204333974953 -0.00043918702653934321 0.0026782325236423864 -0.014732802302397693 -0.028370478165990851 -0.013440500378935719 0.0090204155383100237
leaf_weight=1.1181029528379429 1971.9573626387864 1643.6224752673879 14829.816192567348 1477.8680094927549 786.69846324250102 5794.8058821083978 1662.2503602318466 6004.7397901788354 597.48305720090866 8455.2453996855766 98.765636036172509 123.54928688053042 395.11848653480411 177.2227960601449
leaf_count=36 10515 31365 62834 9688 3677 60286 13373 24531 9591 57224 921 5165 27189 2130
internal_value=7.86724e-05 -0.00495947 0.000666632 -0.000203325 0.00178833 -0.00288792 -0.00347042 -0.000758316 -0.00615668 0.00344701 0.00110451 -0.0166492 -0.0129945 -0.000197635
internal_weight=44020.3 4600.36 39419.9 22201.3 17218.6 7272.67 4080.58 6791.44 2241.11 10427.2 14928.6 519.786 396.237 1839.47
internal_count=318525 88849 229676 133729 95947 69974 56459 28208 40956 67739 63755 32390 27225 15503
is_linear=0
shrinkage=0.05


Tree=198
num_leaves=15
num_cat=0
split_feature=0 9 2 14 0 6 6 5 14 6 8 0 12 2
split_gain=46.9066 39.5 22.8047 35.6957 30.4188 23.767 23.5894 22.5733 17.4451 14.8741 14.1973 13.2106 12.352 12.3469
threshold=0.17350493371486667 0.18896630406379702 0.1173878274857998 0.31685169041156774 0.30795879662036901 0.19871317595243457 0.14005336910486224 0.29097679257392889 0.18459446728229525 0.1520606800913811 0.10090384259819986 0.023684883490204815 0.33265963196754461 0.07989607006311418
decision_type=2 2 2 2 2 2 2 2 2 2 2 2 2 2
left_child=1 9 5 4 -4 7 -5 -2 13 11 -10 -1 -7 -3
right_child=2 8 3 6 -6 12 -8 -9 10 -11 -12 -13 -14 -15
leaf_value=-0.01716165876493092 0.010747131219097431 0.001976390999928258 -0.0068580146276474539 0.031832093783289231 -0.00068841974080792586 0.0050072771697412003 0.0011102250847580633 0.12494012772008155 0.023641040367844753 -0.017468967121971667 -0.0012073878386627481 -0.0048897312930680677 0.0010355111368330007 -0.017459159017656333
leaf_weight=269.09511106833816 708.20689330156893 115.336166462861 2864.8291065953672 62.693314075469971 6601.9269554018974 2594.4341547749937 18617.4803420268 4.3542898930609217 57.966286243870854 460.84797559119761 6910.2298940066248 1185.059479999356 7974.0465560536832 280.32241844199598
leaf_count=5311 10443 5175 34265 495 30585 16326 75162 84 709 9141 62038 20748 34382 13661
internal_value=-4.56952e-05 -0.0032442 0.000707031 -5.42398e-05 -0.00255546 0.00260645 0.00121333 0.0114449 -0.00158058 -0.00964139 -0.00100068 -0.00716068 0.00201053 -0.0117936
internal_weight=48706.8 9278.86 39428 28146.9 9466.76 11281 18680.2 712.561 7363.85 1915 6968.2 1454.15 10568.5 395.659
internal_count=318525 116783 201742 140507 64850 61235 75657 10527 81583 35200 62747 26059 50708 18836
is_linear=0
shrinkage=0.05


Tree=199
num_leaves=15
num_cat=0
split_feature=1 11 14 2 11 1 12 4 2 3 14 12 5 7
split_gain=36.3318 32.2606 21.8222 38.2753 22.9696 8.1577 8.58641 5.39869 5.39223 4.96179 3.2664 5.60007 3.01561 0.0917005
threshold=0.09496354311704637 0.081377521157264723 0.28224359452724462 0.16560094803571704 0.58187943696975719 0.037618655711412437 0.63274729251861583 0.15877331048250201 0.017205452546477321 0.19592952728271487 0.23318394273519519 0.60710647702217113 0.34480381011962896 0.10835316404700281
decision_type=2 2 2 2 2 2 2 2 2 2 2 2 2 2
left_child=5 7 3 -3 -4 10 9 -2 -9 -7 13 -12 -8 -1
right_child=1 2 4 -5 -6 6 12 8 -10 -11 11 -13 -14 -15
leaf_value=-0.026657609450438009 0.073302858326811091 -0.00036848171471516144 -0.00069426036648839566 0.0043060745784732563 0.0035495574957117924 -0.00059964177947809561 -0.017433629963530126 -0.053277172223214576 0.0095660718768693156 -0.0042024745661191788 -0.013227335573926361 0.010212681129506192 0.003124143946649741 -0.032872353072716236
leaf_weight=11.08730484545231 3.3100275993347159 10079.604617478326 44234.94357829541 7742.8949503824115 3436.1320771425962 1332.3456486314535 142.4998075813055 3.4261380136013022 920.5837729293853 3379.8377982228994 232.53264565765858 28.616944462060928 20.391375109553337 12.774407953023909
leaf_count=53 9 70606 161694 39179 12260 4348 558 10 17339 11135 1077 133 77 47
internal_value=-1.31631e-05 0.000300809 0.000169689 0.00166236 -0.000388366 -0.00405462 -0.00357393 0.00956139 0.00933306 -0.00318379 -0.0122768 -0.0106588 -0.0148601 -0.0299847
internal_weight=71581 66420.9 65493.6 17822.5 47671.1 5160.09 4875.07 927.32 924.01 4712.18 285.011 261.15 162.891 23.8617
internal_count=318525 301097 283739 109785 173954 17428 16118 17358 17349 15483 1310 1210 635 100
is_linear=0
shrinkage=0.05


Tree=200
num_leaves=15
num_cat=0
split_feature=2 14 0 13 11 10 3 0 2 0 10 3 2 7
split_gain=48.2952 30.3494 14.0321 29.0725 27.4332 15.5288 13.4966 11.5646 10.3981 9.80316 9.48015 8.84388 9.31334 6.2363
threshold=0.10841264948248865 0.14966184645891192 0.19638598710298541 0.3126473873853684 0.50296252965927135 0.3404987901449204 0.59010395407676708 0.021852194331586364 0.03924288600683213 0.077999055385589613 0.40748009085655218 0.33863933384418493 0.028241064399480823 0.40141403675079351
decision_type=2 2 2 2 2 2 2 2 2 2 2 2 2 2
left_child=1 11 4 10 9 -5 8 -6 -3 -2 -4 12 -1 -8
right_child=2 6 3 5 7 -7 13 -9 -10 -11 -12 -13 -14 -15
leaf_value=0.12212525782442425 0.0064852063352929985 -0.014665379489730049 0.0011487697879489431 -0.0073820215667735507 0.0049335259976999082 -0.0016259213092927596 -0.0011331032813892627 -0.0015149070488678074 -0.0046247378097109496 0.002574830903153131 -0.018203465895278517 -0.028173578192121553 -0.013084623924584505 0.0087042795016405751
leaf_weight=1.2777768839150656 1976.9283468350768 297.62668425031006 14872.041122248396 1469.2221206035465 786.3830517269671 5786.305307420902 1660.2901141792536 6001.7561718188226 1929.5298805320635 8468.3187023727223 63.554262544959784 119.82627362012863 388.40251820534468 178.41695746593177
leaf_count=36 10515 6379 63104 9688 3677 60286 13373 24531 34577 57224 651 5165 27189 2130
internal_value=7.19979e-05 -0.00479057 0.000636319 -0.000194955 0.00170673 -0.00279151 -0.00334902 -0.000767878 -0.00596652 0.00331493 0.00106642 -0.0162942 -0.0126413 -0.000178543
internal_weight=43999.9 4575.37 39424.5 22191.1 17233.4 7255.53 4065.86 6788.14 2227.16 10445.2 14935.6 509.507 389.68 1838.71
internal_count=318525 88849 229676 133729 95947 69974 56459 28208 40956 67739 63755 32390 27225 15503
is_linear=0
shrinkage=0.05


Tree=201
num_leaves=15
num_cat=0
split_feature=0 9 6 2 14 12 8 14 6 9 8 7 0 5
split_gain=43.436 37.0513 22.3983 19.995 30.7413 17.9001 18.5832 16.2981 14.3669 14.0974 12.985 12.7349 12.6826 12.0552
threshold=0.17350493371486667 0.18896630406379702 0.14679283648729327 0.10841264948248865 0.27616171538829809 0.29307250678539282 0.26288093626499182 0.18459446728229525 0.1520606800913811 0.30527903139591223 0.10090384259819986 0.70841267704963695 0.023684883490204815 0.18517271429300311
decision_type=2 2 2 2 2 2 2 2 2 2 2 2 2 2
left_child=1 8 5 9 -5 6 -2 13 12 -4 -9 -7 -1 -3
right_child=2 7 3 4 -6 11 -8 10 -10 -11 -12 -13 -14 -15
leaf_value=-0.016822799411974895 0.0089462515525525858 -0.0010865965912136119 0.006148240410904544 -0.003671784407281681 0.00062350849484866773 -0.027324980679138761 0.032989013839707308 0.022352579341964798 -0.017132569168319602 0.0015105968718838248 -0.0011671705001028826 0.023126619439476713 -0.0047045589153428755 -0.018911047584367076
leaf_weight=264.34830359369516 330.12119740340859 162.83959161490202 2062.7690006410703 5047.1036743046716 23850.140580534935 46.148897854611278 106.23248172365129 59.186482526361942 452.96287921257317 7969.7899135155603 6903.3784267269075 17.15850895550102 1178.2552426084876 227.23037805594504
leaf_count=5311 4945 7766 18616 39935 102339 624 911 709 9141 33850 62038 522 20748 11070
internal_value=-4.73552e-05 -0.00313134 0.000675994 0.000540985 -0.000126694 0.0111949 0.0147996 -0.00152443 -0.00936431 0.00246413 -0.000967237 -0.0136508 -0.00692515 -0.01147
internal_weight=48677.7 9248.2 39429.5 38929.8 28897.2 499.661 436.354 7352.63 1895.57 10032.6 6962.56 63.3074 1442.6 390.07
internal_count=318525 116783 201742 194740 142274 7002 5856 81583 35200 52466 62747 1146 26059 18836
is_linear=0
shrinkage=0.05


Tree=202
num_leaves=15
num_cat=0
split_feature=13 11 14 6 1 11 2 8 1 12 1 7 2 5
split_gain=34.2838 25.1682 19.9815 16.3473 12.7785 12.1333 8.06734 7.31509 7.938 6.53033 5.80707 4.45056 3.64268 2.89018
threshold=0.23154359310865405 0.081377521157264723 0.49539349973201757 0.23025846481323245 0.056424777954816825 0.58846008777618419 0.86463606357574474 0.071033604443073287 0.09496354311704637 0.35244819521903997 0.17871131747961047 0.16209238767623904 0.021795188076794151 0.053594080731272704
decision_type=2 2 2 2 2 2 2 2 2 2 2 2 2 2
left_child=4 7 3 -3 11 10 -4 12 -9 -7 -6 13 -2 -1
right_child=1 2 6 -5 5 9 -8 8 -10 -11 -12 -13 -14 -15
leaf_value=-0.020448940833662117 -0.0086547841198482307 -0.00082444144100122249 0.0073074339136370257 0.0011424046554857101 -0.0025810572496846353 0.0025953175318644437 -0.0059103159648093316 -0.048563482268600605 0.0065199231996057984 -0.0069827346055514041 -0.00088233803135244731 0.010086831991264318 0.016912275189608833 -0.0068114942918113585
leaf_weight=40.329733997583389 14.695984140038489 16855.871615147218 1403.2304104194045 28303.612817866728 9896.1843472421169 2435.2276801243424 125.78798489272594 6.6065601408481589 653.85971150547266 191.98944512009621 10233.455753367394 38.027447313070297 267.83087057992816 1059.4095687270164
leaf_count=173 45 102984 6590 116942 29298 7789 393 18 12846 559 31907 133 4512 4336
internal_value=-1.33785e-05 0.000761949 0.000598607 0.000408275 -0.00155892 -0.00130037 0.00622005 0.00884918 0.00596893 0.00189538 -0.00171747 -0.0067301 0.0155824 -0.00731161
internal_weight=71526.1 47631.5 46688.5 45159.5 23894.6 22756.9 1529.02 942.993 660.466 2627.22 20129.6 1137.77 282.527 1099.74
internal_count=318525 244330 226909 219926 74195 69553 6983 17421 12864 8348 61205 4642 4557 4509
is_linear=0
shrinkage=0.05


Tree=203
num_leaves=15
num_cat=0
split_feature=5 14 12 8 0 1 11 0 4 9 3 6 10 4
split_gain=29.1556 37.0153 22.3472 21.7833 13.049 33.8707 17.8671 13.3391 13.1461 12.3317 11.8729 19.2761 10.0722 9.82377
threshold=0.21014624834060672 0.16690271347761157 0.22730005532503131 0.32819099724292761 0.28851053118705755 0.30367144942283636 0.5192144811153413 0.017637724056839946 0.36978012323379522 0.1602173522114754 0.20504212379455569 0.2620557993650437 0.60914197564125072 0.2808119952678681
decision_type=2 2 2 2 2 2 2 2 2 2 2 2 2 2
left_child=1 10 12 -4 6 13 9 -8 -7 -2 11 -1 -3 -6
right_child=4 2 3 -5 5 8 7 -9 -10 -11 -12 -13 -14 -15
leaf_value=-0.0075754466718074009 0.0059671670497964549 -0.01524883312257566 -0.0013509494994524028 0.015398763292540578 0.0011959724688370267 -0.0032767936537561292 0.006920743388129761 -0.0014702772710367528 -0.011171212595333258 0.0017211173924061665 -0.01801172099832235 0.059568684192931091 0.0026411711353058354 -0.010454888752189513
leaf_weight=227.79567589424551 1931.5498523479328 403.95130137819797 5403.7286862460896 201.34296775236726 9475.6739447824657 3247.6458323877305 512.45870181918144 6250.3968316875398 629.57775360066444 14907.761101895943 491.28210394829512 11.215422173961995 97.706593560986221 184.44834157824516
leaf_count=12129 13412 7673 61930 2012 37182 25495 2406 25489 8940 92723 25499 523 1889 1223
internal_value=7.41771e-05 -0.0029264 -0.00165415 -0.000749274 0.000626554 -0.000610958 0.00133635 -0.000834444 -0.00455868 0.00220816 -0.013565 -0.00442476 -0.0117644 0.000973513
internal_weight=43976.5 6837.02 6106.73 5605.07 37139.5 13537.3 23602.2 6762.86 3877.22 16839.3 730.293 239.011 501.658 9660.12
internal_count=318525 111655 73504 63942 206870 72840 134030 27895 34435 106135 38151 12652 9562 38405
is_linear=0
shrinkage=0.05


Tree=204
num_leaves=15
num_cat=0
split_feature=3 0 14 2 6 2 0 2 10 9 13 7 1 6
split_gain=40.9762 25.2731 28.1846 57.2446 13.4756 13.4993 13.1952 12.1675 16.5313 13.3915 11.7876 7.54832 5.95422 4.77869
threshold=0.29432702064514166 0.023684883490204815 0.33418071269989019 0.14836215227842334 0.22906583547592166 0.035223748534917838 0.080057129263877883 0.1173878274857998 0.53394615650177013 0.17942705005407336 0.17295563220977786 0.10056278854608537 0.8712562918663026 0.11283263191580774
decision_type=2 2 2 2 2 2 2 2 2 2 2 2 2 2
left_child=1 11 3 -3 7 12 -4 9 -9 -2 -7 13 -6 -1
right_child=4 2 6 -5 5 10 -8 8 -10 -11 -12 -13 -14 -15
leaf_value=-0.0062475968910372182 0.02139577669121762 0.0020795633651747784 -0.003373007008725558 -0.0092491566486485686 0.0055664987881917987 0.0019114071106070829 0.00098540824302520836 0.0058622616115682575 -0.0034669762700887071 0.0059746073099631383 -0.00027210568835556555 -0.016855229977197853 -0.018083964757312741 0.034715451992281536
leaf_weight=19.028066914528612 174.57668916136026 1768.5425677327439 2435.4278644621372 3017.9958978053182 1506.3289562277496 8595.2594551444054 6052.0525241084397 1128.1054307185113 820.00990068539977 727.14258050173521 22004.467445988208 363.19104068353772 27.091110408306122 11.37650679796934
leaf_count=266 1129 49436 27717 44584 5280 26097 38881 7290 6184 5372 98653 7272 235 129
internal_value=-4.41156e-05 -0.00236564 -0.00199541 -0.00506339 0.00086289 0.000570643 -0.000265211 0.0041581 0.00193535 0.00896021 0.000341229 -0.0148518 0.00514866 0.00907958
internal_weight=48650.6 13667.6 13274 4786.54 34983 32133.1 8487.48 2849.83 1948.12 901.719 30599.7 393.596 1533.42 30.4046
internal_count=318525 168285 160618 94020 150240 130265 66598 19975 13474 6501 124750 7667 5515 395
is_linear=0
shrinkage=0.05


Tree=205
num_leaves=15
num_cat=0
split_feature=1 11 14 2 11 8 1 2 1 6 14 4 14 14
split_gain=31.826 28.2948 18.6516 36.2402 19.4626 8.08738 7.47038 7.03548 6.43836 5.9886 9.46389 5.25373 3.13765 4.20469
threshold=0.09496354311704637 0.084427498281002059 0.28224359452724462 0.16560094803571704 0.53773310780525219 0.082857225090265288 0.037618655711412437 0.061307953670620925 0.68202516436576854 0.2929226160049439 0.5095619559288026 0.14383096247911456 0.23318394273519519 0.28721702098846441
decision_type=2 2 2 2 2 2 2 2 2 2 2 2 2 2
left_child=6 5 3 -3 -4 8 12 -7 -2 11 -11 -8 -1 -14
right_child=1 2 4 -5 -6 7 9 -9 -10 10 -12 -13 13 -15
leaf_value=-0.029306256193591632 0.0082353938133218115 -0.00045676320828020125 -0.00073617135554537589 0.0041128427129266884 0.0023815856717072799 -0.0054737354774226348 -0.00011940388812882875 0.0075079482037169369 0.019848645236281919 -0.0039095840265795205 -0.015900659843400184 -0.014187622216530475 0.0070911935720209835 -0.012505064770912899
leaf_weight=23.280013278126717 284.58147801458836 9934.5783366076648 41963.841403223574 7703.0800127461553 5683.5419192314148 138.27558347396553 1462.7884590029716 425.63149720802903 205.54708274453878 3153.6921249181032 173.60645422339439 69.517408311367035 31.131232976913452 226.76470522582531
leaf_count=100 2624 68097 153204 39074 20750 1909 4754 9441 5998 10575 596 193 138 1072
internal_value=-1.25763e-05 0.000281121 0.000149913 0.00153897 -0.000364275 0.00840788 -0.00380258 0.00432471 0.0131057 -0.00334411 -0.00453524 -0.000757649 -0.0117265 -0.0101396
internal_weight=71479.9 66339.1 65285 17637.7 47647.4 1054.04 5140.78 563.907 490.129 4859.6 3327.3 1532.31 281.176 257.896
internal_count=318525 301097 281125 107171 173954 19972 17428 11350 8622 16118 11171 4947 1310 1210
is_linear=0
shrinkage=0.05


Tree=206
num_leaves=15
num_cat=0
split_feature=2 14 0 13 11 10 3 2 11 0 4 12 8 10
split_gain=42.957 27.4733 13.462 28.1351 24.5683 15.1717 13.1703 12.951 10.7402 10.3461 9.30991 8.46913 24.4568 8.38171
threshold=0.098970558494329466 0.14966184645891192 0.19638598710298541 0.3126473873853684 0.50296252965927135 0.3404987901449204 0.72584822773933422 0.025210767053067688 0.12316718325018884 0.021852194331586364 0.25098544359207159 0.16661591082811358 0.19737689197063449 0.40748009085655218
decision_type=2 2 2 2 2 2 2 2 2 2 2 2 2 2
left_child=1 11 4 13 10 -5 7 -3 -8 -6 -2 12 -1 -4
right_child=2 6 3 5 9 -7 8 -9 -10 -11 -12 -13 -14 -15
leaf_value=-0.0075241849056061506 0.0010332581596820465 -0.021425768571632958 0.0010637703245904438 -0.0072918447051105954 0.0046306107315817668 -0.001639273540388225 0.050820924951494241 -0.0044814981864475679 0.001193407564600751 -0.001451130448278189 0.004163527553405183 -0.020722534961621519 0.17149433327651165 -0.016929970902726594
leaf_weight=95.605135218240321 3587.2749842554331 118.11710646562278 15128.338959055021 1483.3210693169385 791.40423738583922 5944.0997595684603 11.03995171561837 2491.5615893732756 872.86729957908392 6008.6131191179156 7030.7157728001475 329.71155090350658 1.9466934334486712 64.996753115206957
leaf_count=6802 10682 2449 64756 9944 3788 64623 151 39567 7031 24780 61591 21558 82 721
internal_value=6.92727e-05 -0.00492544 0.000558386 -0.000246122 0.0016032 -0.00276814 -0.00346175 -0.00524842 0.00181325 -0.000743321 0.00310597 -0.0168935 -0.00395178 0.000986793
internal_weight=43959.6 3920.85 40038.8 22620.8 17418 7427.42 3493.59 2609.68 883.907 6800.02 10618 427.263 97.5518 15193.3
internal_count=318525 77640 240885 140044 100841 74567 49198 42016 7182 28568 72273 28442 6884 65477
is_linear=0
shrinkage=0.05


Tree=207
num_leaves=15
num_cat=0
split_feature=0 9 6 2 13 12 5 14 6 9 8 8 2 0
split_gain=38.0971 33.4215 21.2197 17.6983 27.7456 16.4992 16.9132 15.0693 14.1148 13.3812 12.2773 12.1164 11.8495 11.5838
threshold=0.17350493371486667 0.18896630406379702 0.14679283648729327 0.10841264948248865 0.33282446861267095 0.29307250678539282 0.38844296336174017 0.18459446728229525 0.1520606800913811 0.30527903139591223 0.19207208603620532 0.073346886783838286 0.07989607006311418 0.023684883490204815
decision_type=2 2 2 2 2 2 2 2 2 2 2 2 2 2
left_child=1 8 5 9 -5 6 -2 12 13 -4 -7 -9 -3 -1
right_child=2 7 3 4 -6 10 -8 11 -10 -11 -12 -13 -14 -15
leaf_value=-0.016140110076997668 0.0096286660600864108 0.0024531972077385879 0.0058867611338839628 0.00090157908652782322 -0.0024569218327163706 0.016503259470069687 0.035049481068004158 0.059442400236311699 -0.016709690830667406 0.0013755449990104985 -0.029806085166336517 -0.00096375742587815239 -0.016784961418087104 -0.0043802575528701137
leaf_weight=255.22223203442991 360.58092830888927 113.83778844866902 2070.9715506192297 20003.699403848499 8879.1951745636761 22.277831709012389 79.936720237135887 8.3113463819026929 443.34190997108817 7969.216209994629 40.027560630813241 6940.0568785499781 269.60332387778908 1166.4602087149397
leaf_count=5311 5190 5175 18616 74888 67386 631 666 72 9141 33850 515 62675 13661 20748
internal_value=-4.64045e-05 -0.0029442 0.000629561 0.000497719 -0.000130893 0.0108353 0.0142415 -0.001424 -0.00892043 0.00230607 -0.0132478 -0.000891502 -0.0110734 -0.0064914
internal_weight=48622.7 9196.83 39425.9 38923.1 28882.9 502.823 440.518 7331.81 1865.02 10040.2 62.3054 6948.37 383.441 1421.68
internal_count=318525 116783 201742 194740 142274 7002 5856 81583 35200 52466 1146 62747 18836 26059
is_linear=0
shrinkage=0.05


Tree=208
num_leaves=15
num_cat=0
split_feature=13 11 14 5 13 12 5 11 6 1 7 8 1 3
split_gain=29.8002 22.1221 18.079 15.4753 11.6531 9.99155 8.4866 7.70628 10.5641 7.65147 7.07834 6.91532 7.27739 3.51734
threshold=0.23154359310865405 0.081377521157264723 0.49539349973201757 0.17859894782304767 0.098213788121938719 0.44581159949302679 0.13849860429763797 0.43668533861637121 0.28688660264015203 0.056424777954816825 0.23894727230072024 0.071033604443073287 0.09496354311704637 0.28763803839683538
decision_type=2 2 2 2 2 2 2 2 2 2 2 2 2 2
left_child=4 11 3 -3 5 13 -7 8 -6 -9 -4 -2 -13 -1
right_child=1 2 10 -5 7 6 -8 9 -10 -11 -12 12 -14 -15
leaf_value=-0.010016279459472092 0.014999540250967482 -0.0013563188041319553 -4.066201509498973e-05 0.00087207122905336686 -0.011869871080890699 -0.01816867783745181 -0.0025711901388835437 -0.0067493450428378725 -0.0018380508787474053 5.9251645824756696e-05 0.0078740465228930769 -0.046783282445188513 0.0060840502676437766 -0.022143512266125764
leaf_weight=142.41723126173019 275.57270065881312 10013.432441286743 375.00250464677811 35104.668528430164 268.52554519847035 95.604103446006775 993.22273036837578 429.90270085632801 11558.800991743803 10275.279639698565 1145.0653651952744 6.575822412967681 644.39196499064565 103.0559184551239
leaf_count=638 4557 58042 1136 161884 977 402 3614 1685 34679 31800 5847 18 12846 400
internal_value=-1.32334e-05 0.000710185 0.0005582 0.000377506 -0.00145495 -0.00599511 -0.00394072 -0.0011861 -0.00206581 -0.000214171 0.00592148 0.0083605 0.00555001 -0.0151076
internal_weight=71431.5 47564.7 46638.2 45118.1 23866.8 1334.3 1088.83 22532.5 11827.3 10705.2 1520.07 926.54 650.968 245.473
internal_count=318525 244330 226909 219926 74195 5054 4016 69141 35656 33485 6983 17421 12864 1038
is_linear=0
shrinkage=0.05


Tree=209
num_leaves=15
num_cat=0
split_feature=2 13 7 10 13 0 7 3 1 2 11 5 14 3
split_gain=40.4971 27.4859 11.0729 11.2154 16.7811 11.0073 10.2691 12.0624 9.28779 9.62211 8.58 8.87837 5.56457 4.66892
threshold=0.13540551811456683 0.3724351972341538 0.076097346842288985 0.12878175824880603 0.10953843593597413 0.19638598710298541 0.42488291859626776 0.49610489606857305 0.1287973299622536 0.025210767053067688 0.29160009324550634 0.39955316483974462 0.22773436456918719 0.50471165776252758
decision_type=2 2 2 2 2 2 2 2 2 2 2 2 2 2
left_child=1 8 10 4 -4 -5 -3 -8 12 -10 13 -12 -1 -2
right_child=2 6 3 5 -6 -7 7 -9 9 -11 11 -13 -14 -15
leaf_value=-0.0069038260855280534 0.017431566010864524 -0.018893433335905974 0.0033882240555004983 0.0018603955694370068 -0.0040243140393946717 1.5799026836242507e-05 -0.0087167349169788282 0.0020633616056226637 -0.017380045031952684 -0.0020934512109828597 0.016282557465611146 0.0046840266846436681 0.0040981340279335858 -0.011548928751092697
leaf_weight=130.80181883275509 16.278167903423309 201.57023897115141 1051.2154885083437 14924.868340527639 2789.9948955625296 17654.062525806949 1676.7058910289779 307.0079089300707 106.45753881335258 3116.4951740531251 215.02085599303246 709.15465524792671 947.12053307890892 95.0390784740448
leaf_count=1276 45 2869 3297 78688 9466 106027 61310 5123 1954 39252 731 2109 6031 347
internal_value=7.286e-05 -0.00357474 0.000704512 0.000559553 -0.00199574 0.000860835 -0.00814095 -0.00704836 -0.00125465 -0.00259838 0.00580298 0.00738257 0.00276309 -0.00731105
internal_weight=43941.8 6486.16 37455.6 36420.1 3841.21 32578.9 2185.28 1983.71 4300.88 3222.95 1035.49 924.176 1077.92 111.317
internal_count=318525 117815 200710 197478 12763 184715 69302 66433 48513 41206 3232 2840 7307 392
is_linear=0
shrinkage=0.05


Tree=210
num_leaves=15
num_cat=0
split_feature=0 9 6 11 2 6 0 13 11 5 2 7 12 4
split_gain=48.1648 34.3842 26.1415 22.6163 42.6132 18.5611 18.3738 16.6082 27.7469 21.5804 12.9949 11.2481 10.2986 7.20104
threshold=0.26183356344699865 0.21401409804821017 0.18101350218057635 0.19387252628803256 0.090734899044036879 0.1952522620558739 0.2342047989368439 0.54101943969726574 0.16796402633190158 0.3403726220130921 0.037291742861270911 0.63212835788726818 0.26570507884025579 0.39850890636444097
decision_type=2 2 2 2 2 2 2 2 2 2 2 2 2 2
left_child=1 5 7 4 -3 6 -1 9 -9 -2 13 -5 -12 -4
right_child=2 3 10 11 -6 -7 -8 8 -10 -11 12 -13 -14 -15
leaf_value=-0.005759520168848919 -0.0026049763376678348 0.0039713177046799639 0.0042237802191133064 -0.00048966501394215019 -0.016821556329142923 -0.014020483077199775 0.010378634812613346 0.0013889661485379067 0.026922767566257173 0.021420335599237394 0.003290830236902716 0.010592402050234149 0.00032302098604305589 0.015807032616896449
leaf_weight=2959.9889717716724 389.51857916079462 425.44910028856248 1402.3313864320517 10421.565460864455 585.53098654653877 659.94585024658591 187.54725642316043 180.86848339252174 258.39742940291762 122.97705653682351 3273.1792551651597 234.11308681592345 27331.64456095919 148.37222848832607
leaf_count=52802 2728 14133 4139 76863 20307 10771 2412 1685 1767 775 19262 3484 106391 824
internal_value=3.20813e-05 -0.00227073 0.0011084 -0.000924275 -0.00807133 -0.00639646 -0.00479792 0.00927493 0.0164092 0.00316007 0.000866683 -0.000246184 0.000640428 0.00533207
internal_weight=48581.4 15474.1 33107.3 11666.7 1010.98 3807.48 3147.54 951.762 439.266 512.496 32155.5 10655.7 30604.8 1550.7
internal_count=318343 180772 137571 114787 34440 65985 55214 6955 3452 3503 130616 80347 125653 4963
is_linear=0
shrinkage=0.05


Tree=211
num_leaves=15
num_cat=0
split_feature=14 8 14 7 1 1 7 12 3 12 2 3 10 7
split_gain=29.0955 28.8024 27.4357 30.0914 26.9788 21.7519 25.9697 26.4843 23.8791 20.9457 16.9326 16.7471 14.6582 12.6406
threshold=0.28593075275421148 0.20387546718120578 0.17757028341293338 0.75713503360748302 0.69298991560935985 0.65134406089782726 0.51130479574203502 0.31850653886795049 0.15062875300645831 0.26195882260799414 0.042843254283070571 0.49195776879787451 0.49510209262371069 0.55677708983421337
decision_type=2 2 2 2 2 2 2 2 2 2 2 2 2 2
left_child=1 2 10 -4 11 6 7 -2 -8 -7 -1 -3 -11 -6
right_child=5 4 3 -5 13 9 8 -9 -10 12 -12 -13 -14 -15
leaf_value=-0.0053101089223572401 0.00087795107624379369 0.0056501382235021836 -0.0011193808561583826 -0.029646935361114797 -0.027683303149329788 0.0062776826207415655 -0.015609686684428293 -0.0016969205481949961 -0.0035689306336698238 6.2431180891472793e-05 0.0049249446707097747 -0.00027585982721834806 -0.041089202425034763 -0.0030264010180788611
leaf_weight=460.58145517110825 16053.449143469334 5931.343745123595 8958.3416314981878 93.40238069742918 91.180657371878624 2060.2801865786314 483.20641624927521 26425.406606040895 2785.0824457556009 3077.8799313530326 3294.880911719054 1492.1472061946988 21.792738497257233 120.90221298858523
leaf_count=2397 54089 28527 43185 614 777 16504 1831 79841 13052 18913 52583 4431 173 1426
internal_value=-6.73296e-05 0.001526 7.68691e-05 -0.00141375 0.00395664 -0.000707164 -0.00105428 -0.000723835 -0.00534912 0.00237027 0.00366969 0.00445899 -0.000226892 -0.0136271
internal_weight=71349.9 20442.8 12807.2 9051.74 7635.57 50907.1 45747.1 42478.9 3268.29 5159.95 3755.46 7423.49 3099.67 212.083
internal_count=318343 133940 98779 43799 35161 184403 148813 133930 14883 35590 54980 32958 19086 2203
is_linear=0
shrinkage=0.05


Tree=212
num_leaves=15
num_cat=0
split_feature=2 14 2 13 11 5 10 14 7 0 3 11 7 7
split_gain=46.1101 19.546 15.4051 17.9569 37.1226 23.3656 15.4076 31.2011 18.6353 10.9139 10.0599 17.4064 9.27961 8.55019
threshold=0.098970558494329466 0.16690271347761157 0.22981262952089312 0.48054222762584692 0.21497931331396106 0.2490561902523041 0.42395538091659551 0.32796113193035131 0.46561388671398168 0.080057129263877883 0.55370846390724193 0.3947120755910874 0.40141403675079351 0.75217765569686901
decision_type=2 2 2 2 2 2 2 2 2 2 2 2 2 2
left_child=1 9 3 5 -5 -2 8 -8 -4 13 11 -3 -12 -1
right_child=2 10 6 4 -6 -7 7 -9 -10 -11 12 -13 -14 -15
leaf_value=0.16368577707688495 0.0023072448459939532 -0.0093652503502976818 0.00087441859524768238 0.001593513701835193 -0.013292490163773785 -0.0031017618653181255 0.0017155553379224699 0.011554262869697979 -0.0067811421151589904 -0.015148892870311412 -0.0024713190391517318 0.0028298790117014063 0.0088459729323297504 -0.0022333578498316699
leaf_weight=1.5187400681897991 4355.1995973531157 1280.0866531934589 24330.25744369626 836.14671917818487 839.11892791837454 3686.6047730650753 4149.3227072246373 1000.0208097025752 821.7647970020771 479.39104939810932 1539.8600912801921 379.30279038846493 205.27301553823054 1.5887016020715234
leaf_count=84 42781 24666 93907 22159 12873 33607 25589 4823 4962 30795 13028 6441 2524 104
internal_value=7.3918e-05 -0.00512521 0.000578913 -0.00115344 -0.00586269 -0.000172406 0.00113444 0.00362627 0.000624297 -0.0145435 -0.00379043 -0.00657769 -0.00114011 0.0788584
internal_weight=43905.5 3887.02 40018.4 9717.07 1675.27 8041.8 30301.4 5149.34 25152 482.498 3404.52 1659.39 1745.13 3.10744
internal_count=318343 77642 240701 111420 35032 76388 129281 30412 98869 30983 46659 31107 15552 188
is_linear=0
shrinkage=0.05


Tree=213
num_leaves=15
num_cat=0
split_feature=3 14 2 0 14 9 0 12 8 10 2 12 2 9
split_gain=45.0677 23.9848 18.1658 20.6597 44.9569 27.4904 17.4252 14.2298 16.2896 13.2917 12.4898 6.49059 2.36252 1.95589
threshold=0.16619931161403659 0.16330985724925998 0.063455920666456236 0.29087823629379278 0.3230105340480805 0.24802118539810183 0.023684883490204815 0.37866021692752844 0.081047784537076964 0.71755757927894603 0.017205452546477321 0.30577552318573004 0.26627436280250555 0.30054521560668951
decision_type=2 2 2 2 2 2 2 2 2 2 2 2 2 2
left_child=1 12 7 4 -4 -5 11 8 -2 -8 -9 -3 13 -1
right_child=2 6 3 5 -6 -7 9 10 -10 -11 -12 -13 -14 -15
leaf_value=-0.015816905630124219 -0.0041334776602803642 -0.015586129820092632 -0.0057352541112079651 0.0054158172043306529 0.00067132684582527254 0.00035262047873835809 -0.0029576918836616332 0.011912785155747068 0.0093245039735446941 0.08040712427203317 0.00061170282466388231 0.014238620981707729 -0.029330549829307009 -0.03376689492705031
leaf_weight=175.51971230842173 268.41947892960161 360.30760674923658 4213.1663831463084 3019.688845673576 7822.490788385272 23890.612633034587 3916.2792883161455 265.06670547276735 1385.2161096520722 4.7872432414442292 3149.0923206349835 19.21472829207778 52.575395170599222 16.612307872623205
leaf_count=9936 3468 7359 71707 17514 46969 89660 44775 968 10061 110 12869 279 1729 939
internal_value=2.75456e-05 -0.00471248 0.000517048 0.000150626 -0.00157134 0.000920778 -0.00384608 0.003333 0.00713999 -0.00285591 0.00148909 -0.0140761 -0.0199389 -0.0173689
internal_weight=48559 4545.3 44013.8 38946 12035.7 26910.3 4300.59 5067.79 1653.64 3921.07 3414.16 379.522 244.707 192.132
internal_count=318343 65127 253216 225850 118676 107174 52523 27366 13529 44885 13837 7638 12604 10875
is_linear=0
shrinkage=0.05


Tree=214
num_leaves=15
num_cat=0
split_feature=14 8 11 2 1 1 12 10 3 4 2 12 0 10
split_gain=26.801 27.0526 28.3066 32.0718 25.493 19.4557 19.9304 20.7355 15.6108 14.539 17.3132 14.6578 12.7891 12.0409
threshold=0.28593075275421148 0.20387546718120578 0.16442550718784335 0.044482989236712463 0.69298991560935985 0.65134406089782726 0.20174198597669604 0.49510209262371069 0.49195776879787451 0.56473785638809215 0.28284035623073583 0.3909310400485993 0.22501857578754428 0.41560856997966772
decision_type=2 2 2 2 2 2 2 2 2 2 2 2 2 2
left_child=1 2 3 -1 8 9 13 -8 -3 11 -11 -2 -4 -7
right_child=5 4 12 -5 -6 6 7 -9 -10 10 -12 -13 -14 -15
leaf_value=-0.0063189220287966502 -0.00037940149141102745 0.0054722805971044904 0.0020038481724923957 0.005105159797437849 -0.013196835753534732 0.0062232785863772649 0.0014501920473083706 -0.024353168650180571 -0.00025111438729606342 -0.046431961239715151 0.00090208896789346438 -0.0023308813701395708 -0.0027244909585315497 0.021178262765052358
leaf_weight=733.59860348515213 31898.517197988927 5910.0738575868309 1838.485172521323 3779.6656662169844 213.74020389281213 534.96869567036629 4348.8464131578803 79.277272455394268 1492.21568428725 38.489487238228321 38.785145148634911 13778.722620382905 6437.8703963533044 179.84193026274443
leaf_count=3623 107414 28527 12487 57603 2203 4556 28779 643 4431 245 197 40957 25066 1612
internal_value=-6.32023e-05 0.00146776 6.28924e-05 0.00324826 0.00382695 -0.00067699 0.0022388 0.000988231 0.00431851 -0.00100473 -0.0226744 -0.000968073 -0.00167415 0.00998586
internal_weight=71303.1 20405.6 12789.6 4513.26 7616.03 50897.4 5142.93 4428.12 7402.29 45754.5 77.2746 45677.2 8276.36 714.811
internal_count=318343 133940 98779 61226 35161 184403 35590 29422 32958 148813 442 148371 37553 6168
is_linear=0
shrinkage=0.05


Tree=215
num_leaves=15
num_cat=0
split_feature=5 14 12 8 0 1 5 11 0 3 6 12 13 0
split_gain=28.9277 24.3887 19.7477 19.7301 16.3353 33.0599 14.8753 10.7708 14.9446 10.4401 21.742 10.2631 8.70705 8.03415
threshold=0.20607789605855945 0.16690271347761157 0.22730005532503131 0.32819099724292761 0.28851053118705755 0.43103611469268804 0.46288242936134344 0.58846008777618419 0.023684883490204815 0.20951805263757708 0.2620557993650437 0.40066801011562353 0.58296573162078869 0.13029550015926364
decision_type=2 2 2 2 2 2 2 2 2 2 2 2 2 2
left_child=1 9 12 -4 7 11 -7 13 -9 10 -1 -6 -3 -2
right_child=4 2 3 -5 5 6 -8 8 -10 -11 -12 -13 -14 -15
leaf_value=-0.0070187327716587783 0.0030711159235742073 -0.014593624431319785 -0.0016787643834505492 0.01524928810048547 -0.001375200482930607 -0.0094517722370210024 0.079104620083956745 0.0051752872375745631 -0.0028796426570199475 -0.016565185563772254 0.062263817888668666 0.0014809175761623062 0.0057434621415860462 0.0010341200644674914
leaf_weight=219.56355403829366 8027.1894187238067 399.23186038434505 5162.1332715852186 178.06736242026091 6733.0222535002977 1097.6996684772894 4.7626346871256819 730.0901702567935 2725.5196009837091 439.52747710049152 11.93953877687454 5902.8688598675653 60.621635297313333 12193.773774651811
leaf_count=12434 44094 7855 59877 1782 36925 14362 43 3119 10483 24062 566 23232 1222 78287
internal_value=7.22081e-05 -0.00301451 -0.00197044 -0.0011143 0.000606071 -0.000765452 -0.00906921 0.0014019 -0.00117782 -0.012039 -0.00344556 -4.09621e-05 -0.0119126 0.00184275
internal_weight=43886 6471.08 5800.05 5340.2 37414.9 13738.4 1102.46 23676.6 3455.61 671.031 231.503 12635.9 459.853 20221
internal_count=318343 107798 70736 61659 210545 74562 14405 135983 13602 37062 13000 60157 9077 122381
is_linear=0
shrinkage=0.05


Tree=216
num_leaves=15
num_cat=0
split_feature=3 14 2 11 2 0 6 12 8 10 2 12 2 9
split_gain=41.4652 22.8971 16.4611 18.7749 18.2797 16.4517 13.4843 13.4802 15.1671 11.637 11.5196 6.15874 2.35825 1.96001
threshold=0.16619931161403659 0.16330985724925998 0.063455920666456236 0.17500507831573489 0.11164439469575883 0.023684883490204815 0.21891595423221591 0.37866021692752844 0.081047784537076964 0.71755757927894603 0.017205452546477321 0.30577552318573004 0.26627436280250555 0.30054521560668951
decision_type=2 2 2 2 2 2 2 2 2 2 2 2 2 2
left_child=1 12 7 4 -4 11 -5 8 -2 -7 -9 -3 13 -1
right_child=2 5 3 6 -6 9 -8 10 -10 -11 -12 -13 -14 -15
leaf_value=-0.015460799136141533 -0.0040358307261543483 -0.015228964170066717 -0.0010014423476391802 0.0030189191525878093 -0.010823094910549315 -0.0028405503991485769 4.9840664311905118e-05 0.011380473969707063 0.0089617328124883388 0.072447269725241889 0.00052762857431241515 0.013688522915558915 -0.029148232916745093 -0.033751178955655853
leaf_weight=172.18098377343267 267.62807949632406 354.07734175957739 1330.1752711702138 4333.3442563824356 735.78924570977688 3903.5200601480901 32538.340577194467 265.09004297107458 1391.1505654333159 5.1392797399312249 3148.8280137013644 19.422393620014191 50.89225903339684 16.008991518057883
leaf_count=9936 3468 7359 26579 38600 17024 44775 143647 968 10061 110 12869 279 1729 939
internal_value=1.94808e-05 -0.00454034 0.000487917 0.000138892 -0.0044994 -0.00369958 0.000398782 0.00316701 0.0068647 -0.00274156 0.00137035 -0.0137252 -0.0195991 -0.0170167
internal_weight=48531.6 4521.24 44010.3 38937.6 2065.96 4282.16 36871.7 5072.7 1658.78 3908.66 3413.92 373.5 239.082 188.19
internal_count=318343 65127 253216 225850 43603 52523 182247 27366 13529 44885 13837 7638 12604 10875
is_linear=0
shrinkage=0.05


Tree=217
num_leaves=15
num_cat=0
split_feature=11 13 1 14 10 5 8 7 2 7 7 1 2 2
split_gain=24.8578 22.4973 13.6564 13.5133 7.6848 7.69354 7.40217 7.15108 6.73229 9.46418 6.65753 5.06386 7.27072 4.52387
threshold=0.084427498281002059 0.13047187775373462 0.90223798155784618 0.28593075275421148 0.16593341529369357 0.15612601488828662 0.082857225090265288 0.70560353994369518 0.073865767568349852 0.55955979228019725 0.060677658766508109 0.68202516436576854 0.085774954408407225 0.13927879184484485
decision_type=2 2 2 2 2 2 2 2 2 2 2 2 2 2
left_child=6 4 3 -3 10 -6 11 -4 9 -8 -2 12 -1 -10
right_child=1 2 7 -5 5 -7 8 -9 13 -11 -12 -13 -14 -15
leaf_value=0.011644184723850162 -0.011402289723523206 0.0011199430405657426 0.0052899649527500762 -0.00046870010227092421 -0.017646006198993015 0.022087201446344695 0.024024680289030521 0.020758908888365509 0.01103806597834244 -0.0068047025696832937 -0.0033464414495903991 0.018261948113645243 -0.0081580841558084576 -0.0039265418445011786
leaf_weight=248.21235631778836 273.22734203934669 18845.217776976526 527.07833402603865 46208.285713590682 15.806185975670813 53.150922134518623 28.415166979655623 87.051354184746742 265.07809589989483 200.88480004668236 4180.7941298335791 194.94719965942204 56.998625140637159 62.389884136617184
leaf_count=1892 1254 111556 5253 165410 48 164 194 972 6650 3631 13574 6005 823 917
internal_value=-5.8754e-05 -0.000173358 6.15685e-05 -8.48929e-06 -0.00358418 0.0129796 0.00755211 0.00748265 0.00358619 -0.00298428 -0.00384062 0.0119669 0.00794608 0.00818698
internal_weight=71247.5 70190.6 65667.6 65053.5 4522.98 68.9571 1056.93 614.13 556.768 229.3 4454.02 500.158 305.211 327.468
internal_count=318343 298231 283191 276966 15040 212 20112 6225 11392 3825 14828 8720 2715 7567
is_linear=0
shrinkage=0.05


Tree=218
num_leaves=15
num_cat=0
split_feature=2 14 7 0 13 14 0 4 2 4 9 11 8 2
split_gain=40.9952 17.3966 14.3041 15.2908 30.8683 11.8483 9.7476 8.16602 13.3073 7.23171 7.05338 5.67543 10.1806 9.3476
threshold=0.098970558494329466 0.16690271347761157 0.082103349268436446 0.28851053118705755 0.50206339359283458 0.45186547935009008 0.080057129263877883 0.087022304534912123 0.037291742861270911 0.62469902634620678 0.2385935187339783 0.28196783363819128 0.18523989617824557 0.24149240553379062
decision_type=2 2 2 2 2 2 2 2 2 2 2 2 2 2
left_child=1 6 11 5 -5 -4 10 -3 -9 -8 -1 12 -2 -13
right_child=2 7 3 4 -6 -7 9 8 -10 -11 -12 13 -14 -15
leaf_value=0.12177815193781057 0.036595696169797208 0.0040030593952643575 0.0019754744402751697 -0.00046003256891616296 -0.012985897707410652 -0.00037356835627680017 -0.018367803879481791 -0.012229915544433938 -0.0030114549967843055 -0.0044097715832083374 -0.033798686604449645 0.018727814911545123 -0.0092368564727385912 0.004980290228578336
leaf_weight=2.2491798847913738 13.513734251260756 319.49942400306463 15399.608780808747 14419.338129352778 509.22590648196638 8240.4596709534526 335.59784633852541 460.71398121397942 2605.2810394465923 128.26292470935732 1.0775618804618714 138.23601751029491 117.15373472869396 1171.7919646650553
leaf_count=121 60 2277 111627 82001 8036 34493 20597 8175 36207 10198 67 558 431 3495
internal_value=7.38827e-05 -0.00485208 0.000548226 0.000365505 -0.0008873 0.00115664 -0.0138966 -0.00360397 -0.00439667 -0.0145082 0.0713854 0.00543983 -0.00449682 0.00643095
internal_weight=43862 3852.68 40009.3 38568.6 14928.6 23640.1 467.188 3385.49 3066 463.861 3.32674 1440.7 130.667 1310.03
internal_count=318343 77642 240701 236157 90037 146120 30983 46659 44382 30795 188 4544 491 4053
is_linear=0
shrinkage=0.05


Tree=219
num_leaves=15
num_cat=0
split_feature=3 14 8 6 5 2 0 3 13 13 9 0 2 14
split_gain=38.7846 25.5025 23.4544 18.4172 18.6486 30.3318 18.2678 17.1316 23.2216 11.9642 10.7589 8.78669 7.73641 2.54343
threshold=0.21860496699810031 0.15974842756986621 0.073346886783838286 0.22906583547592166 0.38046748936176306 0.1671620458364487 0.023684883490204815 0.39841654896736151 0.34700943529605871 0.46734181046485906 0.27231389284133917 0.14775193482637408 0.10950841009616853 0.082495290786027922
decision_type=2 2 2 2 2 2 2 2 2 2 2 2 2 2
left_child=1 11 -3 4 5 -2 -4 8 -5 -6 -9 13 -13 -1
right_child=3 2 6 7 9 -7 -8 10 -10 -11 -12 12 -14 -15
leaf_value=-0.028295668374935152 0.0058394156551763894 0.087106983376043112 -0.013405946035316613 0.00011863089925742926 0.0077808676292834555 -0.0030743419406436311 -0.0019635430896421365 0.0053201661527491348 -0.0047360942162109855 0.02487442710203602 0.00074216400155900652 -0.00019745140594619413 -0.016966035471118423 -0.017308049669268282
leaf_weight=74.146900288760662 2236.6628008848056 7.2995061054825774 368.20067661814392 8290.3414078373462 786.12249882519245 1664.6719797300175 6624.2402927083895 1359.1485256776214 3504.4665495650843 117.69223561882973 23021.129472227767 154.60581337101758 123.91236153896898 181.82309231068939
leaf_count=4841 25727 83 7642 43453 4967 15733 72033 5823 36773 1148 76994 7798 5593 9735
internal_value=2.0706e-05 -0.00327639 -0.00247255 0.000626879 0.00353522 0.00203598 -0.00256607 0.000240562 -0.0013238 0.0100067 0.000997378 -0.0138036 -0.00765777 -0.0204908
internal_weight=48514.5 7534.23 6999.74 40980.2 4805.15 3901.33 6992.44 36175.1 11794.8 903.815 24380.3 534.488 278.518 255.97
internal_count=318343 107725 79758 210618 47575 41460 79675 163043 80226 6115 82817 27967 13391 14576
is_linear=0
shrinkage=0.05


Tree=220
num_leaves=15
num_cat=0
split_feature=11 13 1 7 10 5 8 7 14 2 7 7 1 2
split_gain=22.7633 20.8436 12.3552 12.9412 7.17198 7.20743 6.97243 6.86076 6.52928 6.80327 6.22956 5.27642 4.93039 6.8678
threshold=0.084427498281002059 0.13047187775373462 0.90223798155784618 0.72109007835388195 0.16593341529369357 0.15612601488828662 0.082857225090265288 0.70560353994369518 0.16330985724925998 0.061307953670620925 0.060677658766508109 0.70841267704963695 0.68202516436576854 0.085774954408407225
decision_type=2 2 2 2 2 2 2 2 2 2 2 2 2 2
left_child=6 4 3 -3 10 -6 12 -4 9 -8 -2 -10 13 -1
right_child=1 2 7 -5 5 -7 8 -9 11 -11 -12 -13 -14 -15
leaf_value=0.011247763449230981 -0.011046070486157845 7.625226016857386e-05 0.0050163541161346572 -0.0062137352886445828 -0.017052936565969099 0.021406611817747771 -0.0074202252225879645 0.020333806738237592 0.039873971454015028 0.0055796154225146695 -0.003221138662102645 -0.024245380960147739 0.017881915206014693 -0.007985667390953459
leaf_weight=246.07675246335566 270.85550545156002 64218.20964772813 522.81309276819229 828.28733259811997 15.817030385136603 53.00393445789814 135.00120210088789 84.98720046505332 19.470287367701534 395.44236253015697 4174.5730268061161 3.8415347635745993 190.61846172250807 57.202736807987094
leaf_count=1892 1254 265713 5253 11253 48 164 1858 972 275 9201 13574 58 6005 823
internal_value=-5.42794e-05 -0.000163508 6.24598e-05 -3.84301e-06 -0.00344993 0.0125675 0.00726149 0.00715816 0.00340926 0.00227107 -0.0036979 0.0293078 0.0115806 0.00762007
internal_weight=71216.2 70168.5 65654.3 65046.5 4514.25 68.821 1047.65 607.8 553.755 530.444 4445.43 23.3118 493.898 303.279
internal_count=318343 298231 283191 276966 15040 212 20112 6225 11392 11059 14828 333 8720 2715
is_linear=0
shrinkage=0.05


Tree=221
num_leaves=15
num_cat=0
split_feature=2 14 7 0 13 0 14 3 1 7 9 5 2 4
split_gain=37.7461 15.6912 13.051 13.4669 28.5639 11.3858 11.1974 9.79162 17.0712 10.175 8.57945 13.6068 8.02849 7.46255
threshold=0.1010430157184601 0.16690271347761157 0.076097346842288985 0.28851053118705755 0.50206339359283458 0.080057129263877883 0.45186547935009008 0.55370846390724193 0.44652189314365393 0.40141403675079351 0.56274497509002697 0.3403726220130921 0.47105379402637487 0.62469902634620678
decision_type=2 2 2 2 2 2 2 2 2 2 2 2 2 2
left_child=1 5 10 6 -5 -1 -4 8 -3 -9 11 -2 -12 -7
right_child=2 7 3 4 -6 13 -8 9 -10 -11 12 -13 -14 -15
leaf_value=0.074272620028597025 0.033792144090480133 -0.020240470918093462 0.0019155083150780847 -0.00039207732127062269 -0.012590078047063052 -0.01769957842843457 -0.00035617137494327187 -0.002220625188789016 -0.0043624666927453148 0.0094944481106302697 0.004287512355777014 0.0072410639910123519 -0.012304877713999648 -0.0036900255099180804
leaf_weight=3.699270471930503 52.115465402603149 190.70355111919343 15431.886268889531 14523.837812368758 496.33333513699472 340.54599994746968 8364.9976768456399 1575.488622751087 1507.0287296222523 210.05944783240557 269.42050370573997 651.18900598585606 99.951447278261185 131.86214235052466
leaf_count=197 188 2795 110346 81867 7847 21317 34759 13317 29385 2577 975 1966 274 10533
internal_value=6.52473e-05 -0.00459106 0.000527425 0.000377081 -0.000795154 -0.0131049 0.00111698 -0.00342736 -0.00614602 -0.000842414 0.00596792 0.00920852 -0.000202361 -0.0137891
internal_weight=43849.1 3959.39 39889.7 38817.1 15020.2 476.107 23796.9 3483.28 1697.73 1785.55 1072.68 703.304 369.372 472.408
internal_count=318343 80121 238222 234819 89714 32047 145105 48074 32180 15894 3403 2154 1249 31850
is_linear=0
shrinkage=0.05


Tree=222
num_leaves=15
num_cat=0
split_feature=3 14 2 14 12 13 12 11 0 2 10 12 2 9
split_gain=36.3061 21.1367 15.6003 33.4966 31.6846 21.8897 15.0911 20.564 14.6703 11.8957 11.3239 5.97976 2.39955 1.99769
threshold=0.16619931161403659 0.16330985724925998 0.10517855733633043 0.25685770809650427 0.32427661120891577 0.50206339359283458 0.37274636328220373 0.085927091538906111 0.023684883490204815 0.017205452546477321 0.72208938002586376 0.30577552318573004 0.26627436280250555 0.30054521560668951
decision_type=2 2 2 2 2 2 2 2 2 2 2 2 2 2
left_child=1 12 6 4 -4 -5 7 -2 11 -8 -10 -3 13 -1
right_child=2 8 3 5 -6 -7 9 -9 10 -11 -12 -13 -14 -15
leaf_value=-0.014796177502258806 -0.0050760132409281107 -0.014603012605372813 -0.00013834250408623408 0.0007227925790614071 -0.0091833229885629076 -0.0077890167957087308 0.010897846585170928 0.0056839851270957427 -0.0026625284001657854 0.00015073533973301471 0.076844324450796558 0.01399638630537613 -0.028887841916083398 -0.033730937658820091
leaf_weight=166.26499180402607 503.30057066865265 343.63192616216838 2033.6337247826159 28565.445142135024 1848.0991747118533 775.84550024569035 268.55314843356609 3771.3039768394083 3885.8636546097696 6245.7230668710545 4.4835897162556639 19.303959976881742 48.643029795959592 15.203709984198211
leaf_count=9936 10968 7359 23625 132275 19305 8330 982 27390 44794 30341 91 279 1729 939
internal_value=2.00533e-05 -0.00426634 0.000456698 -7.97402e-05 -0.00444467 0.000497722 0.00210859 0.00441708 -0.00346781 0.000593788 -0.0025709 -0.0130819 -0.019026 -0.0163826
internal_weight=48495.3 4483.39 44011.9 33223 3881.73 29341.3 10788.9 4274.6 4253.28 6514.28 3890.35 362.936 230.112 181.469
internal_count=318343 65127 253216 183535 42930 140605 69681 38358 52523 31323 44885 7638 12604 10875
is_linear=0
shrinkage=0.05


Tree=223
num_leaves=15
num_cat=0
split_feature=14 8 1 11 2 1 7 12 10 12 10 2 10 0
split_gain=22.2279 26.2948 24.2162 23.4371 28.383 16.048 23.6302 24.3248 22.7914 18.092 20.1049 15.01 12.4473 11.795
threshold=0.28593075275421148 0.20387546718120578 0.69298991560935985 0.16442550718784335 0.044482989236712463 0.65134406089782726 0.49488236010074621 0.31850653886795049 0.51702946424484264 0.20174198597669604 0.45965279638767248 0.088695026934146895 0.6439141333103181 0.084233511239290251
decision_type=2 2 2 2 2 2 2 2 2 2 2 2 2 2
left_child=1 3 11 4 -1 6 7 -2 -8 13 -11 -3 -5 -7
right_child=5 2 -4 12 -6 9 8 -9 -10 10 -12 -13 -14 -15
leaf_value=-0.0061182823270299717 0.001009458144788243 -0.0056043540508509673 -0.012862572501839068 -0.0012438809666766499 0.0046478868821611553 0.0065005705576038344 -0.0073876710075478288 -0.0014856630836267044 0.00070642546911869864 0.0015106326039538336 -0.016631642623414603 0.0046792726764369194 -0.011698483902464458 0.023499341226646143
leaf_weight=732.47298736125231 15523.877392016351 373.77658240124583 215.06488117389381 7977.1790145039558 3727.451784895733 579.24106081575155 2561.971203789115 26344.872356973588 1316.6797845438123 4255.0272918716073 158.39127553999424 7002.5208788439631 295.2445984184742 123.8700530230999
leaf_count=3623 51912 1232 2203 35731 57603 5185 10901 79583 6417 28085 1337 31726 1822 983
internal_value=-5.0903e-05 0.00134682 0.00367597 -4.18837e-05 0.00287971 -0.000609391 -0.000906407 -0.000560535 -0.00463998 0.00204626 0.000859532 0.00415817 -0.00161701 0.00949532
internal_weight=71187.6 20323.7 7591.36 12732.3 4459.92 50863.9 45747.4 41868.7 3878.65 5116.53 4413.42 7376.3 8272.42 703.111
internal_count=318343 133940 35161 98779 61226 184403 148813 131495 17318 35590 29422 32958 37553 6168
is_linear=0
shrinkage=0.05


Tree=224
num_leaves=15
num_cat=0
split_feature=2 13 11 0 6 8 1 13 2 5 12 11 12 12
split_gain=35.2812 21.9832 24.2479 24.2745 16.4486 15.6266 16.6564 18.4038 12.9743 21.4562 11.0605 10.255 8.45523 12.8628
threshold=0.21500550955533984 0.46734181046485906 0.21724485605955127 0.30313658714294439 0.10108963027596475 0.15148743242025378 0.54376241564750682 0.51854348182678234 0.082811735570430769 0.2490561902523041 0.16275846213102343 0.1011023446917534 0.1407292261719704 0.24180176854133609
decision_type=2 2 2 2 2 2 2 2 2 2 2 2 2 2
left_child=1 8 3 -3 -4 6 7 -2 11 -10 -8 -1 -7 -14
right_child=5 2 4 -5 -6 12 10 -9 9 -11 -12 -13 13 -15
leaf_value=-0.027466118833415057 0.024576042813904742 0.0016570813973733911 0.034293407868942333 -0.014037216881474621 -0.013895312147375377 -0.0059077668141718524 0.041847647684537623 -0.0080334903460322592 0.0018238171309916857 -0.0036131777239737394 0.013855404573964614 -0.0039425405652477171 0.0029884265685778399 0.00042159093765171469
leaf_weight=47.247186165768653 62.321416802704334 971.21595149300992 18.06475992500782 330.128512179479 897.53759461827576 458.56786659359932 54.402078352868557 141.51521494612098 4839.585780554451 2903.0614479584619 100.44489230215549 2388.2921053543687 6092.8272281996906 24531.876681208611
leaf_count=3352 440 40572 317 9291 14950 2248 453 924 50161 27899 894 33700 30631 102511
internal_value=6.04778e-05 -0.0021987 -0.00671047 -0.00232429 -0.0129446 0.000951096 0.0113277 0.00193661 -0.00121597 -0.000214753 0.0236899 -0.00439888 0.000831356 0.000932266
internal_weight=43837.1 12395.1 2216.95 1301.34 915.602 31442 358.684 203.837 10178.2 7742.65 154.847 2435.54 31083.3 30624.7
internal_count=318343 180242 65130 49863 15267 138101 2711 1364 115112 78060 1347 37052 135390 133142
is_linear=0
shrinkage=0.05


Tree=225
num_leaves=15
num_cat=0
split_feature=3 14 2 6 5 10 0 10 2 5 8 7 8 14
split_gain=30.8851 26.7767 15.5211 16.3079 21.6169 20.216 15.224 10.0741 7.53372 13.9491 7.23033 7.15223 5.45967 3.99402
threshold=0.18985769152641299 0.18120428919792178 0.017205452546477321 0.22016524523496631 0.39955316483974462 0.19135172665119174 0.023684883490204815 0.7132461965084077 0.10517855733633043 0.32360087335109716 0.11672076955437662 0.10056278854608537 0.053444666787981994 0.26603701710700994
decision_type=2 2 2 2 2 2 2 2 2 2 2 2 2 2
left_child=1 8 10 4 -4 -5 11 -8 9 -1 12 -3 -2 -12
right_child=2 6 3 5 -6 -7 7 -9 -10 -11 13 -13 -14 -15
leaf_value=-0.0079089725949277444 0.033728895340189378 0.011353942853428773 0.0013837035115730947 0.0015632390769067723 0.0097449602956881463 -0.00087898011926363512 -0.0019331451904695156 0.071153890812854767 -0.02109427974527113 0.19052566531471363 0.0058521902189442284 -0.014549572805339642 0.011731095861919949 -0.034174221741916498
leaf_weight=137.32352225296199 32.151614546775818 28.96346615254879 3921.3871060134843 12913.245470553637 962.82043839618564 24646.058638307266 4993.5377689283341 4.7192784883081904 258.11197859887034 0.8913734732195725 12.730705149471762 333.32622753828764 229.86936070770025 12.209864556789396
leaf_count=8120 98 394 49166 42174 6957 135208 55105 86 12802 45 57 7336 870 77
internal_value=-7.07238e-05 -0.00350873 0.000392462 0.000314106 0.00303195 -3.9322e-05 -0.00258152 -0.00186414 -0.0160497 -0.00662923 0.0119817 -0.0124787 0.0144304 -0.0137431
internal_weight=48487.3 5756.87 42730.5 42443.5 4884.21 37559.3 5360.55 4998.26 396.327 138.215 286.962 362.29 262.021 24.9406
internal_count=318495 83888 234607 233505 56123 177382 62921 55191 20967 8165 1102 7730 968 134
is_linear=0
shrinkage=0.05


Tree=226
num_leaves=15
num_cat=0
split_feature=13 14 14 6 7 1 10 12 8 11 7 1 2 10
split_gain=25.2195 19.9561 15.1658 19.7353 11.165 9.31954 10.5143 7.24426 7.19973 5.94462 5.29203 4.27062 3.06207 1.51207
threshold=0.21671713143587115 0.078842625021934523 0.45660056173801428 0.22396063804626468 0.44509959220886236 0.091451339423656478 0.3179317712783814 0.17011390626430514 0.071033604443073287 0.18467679619789126 0.11903053894639017 0.71249830722808849 0.052985889837145812 0.15249847620725634
decision_type=2 2 2 2 2 2 2 2 2 2 2 2 2 2
left_child=5 8 3 -3 -4 9 7 -7 12 13 -11 -10 -2 -1
right_child=1 2 4 -5 -6 6 -8 -9 11 10 -12 -13 -14 -15
leaf_value=-0.024405377908216164 0.0093173204513075161 -0.0012899974813320369 0.0025528076467054412 0.00093632305367608655 0.011465305021559406 -0.022311001037018486 -0.040452780637664554 -0.00088767690987762648 0.0028041110236466313 -0.0048979874505626674 -0.0010207390490690595 0.011720831843135528 0.024554865497658705 -0.0096920775401481835
leaf_weight=40.281304135918617 51.837642790749669 14755.338904639706 3637.9763439744711 30592.641153713688 388.96909692883492 39.550870969891548 16.84983741119504 17234.965836130083 331.831393847242 2329.9424018114805 1414.2599630504847 225.5609993301332 90.586387358605862 30.823985025286674
leaf_count=174 650 94456 14281 127293 3277 127 65 51666 3971 8800 4465 7076 2078 116
internal_value=-1.91348e-05 0.000591886 0.000473053 0.000211922 0.00341368 -0.00146876 -0.000975234 -0.000936727 0.00897604 -0.00370545 -0.00343347 0.00641246 0.0190089 -0.0180272
internal_weight=71181.4 50074.7 49374.9 45348 4026.95 21106.7 17291.4 17274.5 699.816 3815.31 3744.2 557.392 142.424 71.1053
internal_count=318495 253082 239307 221749 17558 65413 51858 51793 13775 13555 13265 11047 2728 290
is_linear=0
shrinkage=0.05


Tree=227
num_leaves=15
num_cat=0
split_feature=2 13 1 11 4 11 1 14 14 2 10 8 11 5
split_gain=31.9451 19.3015 15.5869 13.3862 11.9005 12.2658 12.0396 11.7715 11.5486 10.8281 10.5251 10.17 9.99913 6.79425
threshold=0.13540551811456683 0.48314251005649572 0.55657970905303966 0.13051253557205203 0.51198047399520885 0.06887767463922502 0.641278237104416 0.29082250595092779 0.13982754945755008 0.025210767053067688 0.40748009085655218 0.12287361547350885 0.22152923792600634 0.063586488366127028
decision_type=2 2 2 2 2 2 2 2 2 2 2 2 2 2
left_child=1 3 -3 13 6 11 7 -2 -8 -5 -7 -6 -4 -1
right_child=4 2 12 9 5 10 8 -9 -10 -11 -12 -13 -14 -15
leaf_value=0.012055167082819458 -0.0015148471341407752 -0.019231103492801681 -0.0026186626792088731 -0.013084330960094124 0.036617964408224041 -0.00057083044737060468 0.027219082120669785 0.0010014329351684412 -0.0067782146093537292 -0.0010335143809107065 0.0073524572469114095 0.1690774610933159 -0.018563027683399316 -0.016994137234347464
leaf_weight=22.398129785433412 5521.0590220615268 295.93842877913266 552.0825901562348 193.66647211648524 9.1452141273766738 678.45996338315308 25.829627584666014 29388.419673617929 758.85798506624997 4972.2122020861134 1096.5662758704275 1.7219352759420861 119.63904704339802 198.63455034652725
leaf_count=421 43002 7685 32383 3295 251 7173 527 126087 8009 59425 15753 51 2602 11831
internal_value=0.000109303 -0.00316878 -0.00967055 -0.00200086 0.000665087 0.0046482 0.0004658 0.000603474 -0.00565912 -0.00148529 0.00432398 0.0576066 -0.00545848 -0.0140505
internal_weight=43834.6 6354.57 967.66 5386.91 37480.1 1785.89 35694.2 34909.5 784.688 5165.88 1775.03 10.8671 671.722 221.033
internal_count=318495 117642 42670 74972 200853 23228 177625 169089 8536 62720 22926 302 34985 12252
is_linear=0
shrinkage=0.05


Tree=228
num_leaves=15
num_cat=0
split_feature=3 14 2 6 5 10 0 10 2 5 8 7 8 14
split_gain=28.7977 25.4703 14.4096 14.8702 20.0721 18.1771 14.3754 8.81188 7.438 11.0112 6.7714 6.76557 5.19955 3.80132
threshold=0.18985769152641299 0.18120428919792178 0.017205452546477321 0.22016524523496631 0.38046748936176306 0.19135172665119174 0.023684883490204815 0.7132461965084077 0.10517855733633043 0.32360087335109716 0.11672076955437662 0.10056278854608537 0.053444666787981994 0.26603701710700994
decision_type=2 2 2 2 2 2 2 2 2 2 2 2 2 2
left_child=1 8 10 4 -4 -5 11 -8 9 -1 12 -3 -2 -12
right_child=2 6 3 5 -6 -7 7 -9 -10 -11 13 -13 -14 -15
leaf_value=-0.0075985322802503965 0.032805209298470743 0.010862938808408207 0.0011744122985056036 0.0014868272621470365 0.0088442151747226937 -0.0008289974863581322 -0.0018649624985265193 0.064270973013469374 -0.020815612071102243 0.1537761409169674 0.0055849570260750585 -0.014229081029965044 0.011289158870007558 -0.033632966025352061
leaf_weight=135.71730712521821 31.986038267612457 29.25798461586237 3798.0003522243351 12918.701727636158 1100.1186006851494 24624.109198176302 4984.5467236917466 5.0416503064334384 252.81824640650302 1.0653692437335838 12.72990369051695 328.34134314022958 229.87290393561125 12.006528578698633
leaf_count=8120 98 394 47872 42174 8251 135208 55105 86 12802 45 57 7336 870 77
internal_value=-6.51985e-05 -0.00339147 0.000381401 0.000305947 0.00289705 -3.21086e-05 -0.00249218 -0.00179814 -0.015734 -0.00634162 0.0115552 -0.0121761 0.0139173 -0.0134506
internal_weight=48464.3 5736.79 42727.5 42440.9 4898.12 37542.8 5347.19 4989.59 389.601 136.783 286.595 357.599 261.859 24.7364
internal_count=318495 83888 234607 233505 56123 177382 62921 55191 20967 8165 1102 7730 968 134
is_linear=0
shrinkage=0.05


Tree=229
num_leaves=15
num_cat=0
split_feature=13 14 14 6 7 12 10 4 8 2 12 1 2 10
split_gain=22.6714 18.7212 14.1773 15.3187 8.79071 8.46028 8.44009 7.31639 6.93989 5.55647 6.30365 4.03515 2.99826 2.68832
threshold=0.21671713143587115 0.078842625021934523 0.49539349973201757 0.22396063804626468 0.060677658766508109 0.17011390626430514 0.3179317712783814 0.10913971066474916 0.071033604443073287 0.08475909382104875 0.43910393118858343 0.71249830722808849 0.052985889837145812 0.16593341529369357
decision_type=2 2 2 2 2 2 2 2 2 2 2 2 2 2
left_child=4 8 3 -3 9 13 -7 -4 12 -1 -11 -10 -2 -6
right_child=1 2 7 -5 5 6 -8 -9 11 10 -12 -13 -14 -15
leaf_value=-0.033303952027231062 0.0090642921981649218 -0.00098224084023410549 -0.0061205565585455077 0.00091624513554976596 -0.0072194501470883334 -0.0012008144432195183 -0.036003021234419834 0.0054727171560604304 0.0027003390725606133 -0.021282833181378174 -0.0032392305382916474 0.01140695554990679 0.024236532812492113 -0.031165119814223503
leaf_weight=24.05412420630455 51.491196535527706 16085.917450111359 147.09677518904209 31301.124418228865 19.077962562441826 20759.37807931006 17.435650713741779 1818.6445350572467 331.02339181862772 66.362029433250427 178.87819550931454 222.54123046062887 88.574299110099673 30.395233377814293
leaf_count=123 650 100553 467 130017 66 63919 66 8270 3971 354 786 7076 2078 99
internal_value=-2.04671e-05 0.000559036 0.00044439 0.000271789 -0.00139526 -0.0012792 -0.00123002 0.00460519 0.00871626 -0.0103712 -0.00812183 0.00620053 0.0186589 -0.0219311
internal_weight=71142 50046.4 49352.8 47387 21095.6 20826.3 20776.8 1965.74 693.63 269.294 245.24 553.565 140.065 49.4732
internal_count=318495 253082 239307 230570 65413 64150 63985 8737 13775 1263 1140 11047 2728 165
is_linear=0
shrinkage=0.05


Tree=230
num_leaves=15
num_cat=0
split_feature=2 13 1 11 0 11 4 14 4 2 11 4 14 5
split_gain=29.5969 18.1764 15.1449 12.7187 11.3086 15.8228 26.3564 10.558 14.199 10.2226 9.6948 9.4103 9.36642 6.54452
threshold=0.13540551811456683 0.48314251005649572 0.55657970905303966 0.13051253557205203 0.1706390976905823 0.36028604209423071 0.28308498859405523 0.29082250595092779 0.48726917803287512 0.025210767053067688 0.22152923792600634 0.31897673010826116 0.10945155471563341 0.063586488366127028
decision_type=2 2 2 2 2 2 2 2 2 2 2 2 2 2
left_child=1 3 -3 13 5 6 -2 12 -9 -5 -4 -7 -6 -1
right_child=4 2 10 9 7 11 -8 8 -10 -11 -12 -13 -14 -15
leaf_value=0.011753205820233457 -0.0043871881665950539 -0.018929595134444935 -0.0024627128218849895 -0.012771975150497984 0.014871419206503833 0.001583359818960065 0.0064122918539951876 0.00035020946790295681 0.018507030340754252 -0.00098895805870236682 -0.018277240325567875 -0.0018686151411015349 -0.0026450148600903924 -0.016701800778222402
leaf_weight=22.538292341865599 688.04985572397709 290.57433052174747 549.3627466885373 191.15628297068179 77.759031819179654 8094.7959304973483 3158.1511777397245 18634.569649584591 108.30148514360189 4966.3816449241713 117.66620260477066 2611.1129633262753 4115.7743552420288 195.34946230333298
leaf_count=421 2147 7685 32383 3295 1478 25427 24605 87573 1342 59425 2602 19206 39075 11831
internal_value=0.000105333 -0.00305616 -0.00940263 -0.00192557 0.000639413 0.00172966 0.00448036 -5.22992e-05 0.000455125 -0.00142568 -0.00525245 0.000741442 -0.00232021 -0.0137584
internal_weight=43821.5 6333.03 957.603 5375.43 37488.5 14552.1 3846.2 22936.4 18742.9 5157.54 667.029 10705.9 4193.53 217.888
internal_count=318495 117642 42670 74972 200853 71385 26752 129468 88915 62720 34985 44633 40553 12252
is_linear=0
shrinkage=0.05


Tree=231
num_leaves=15
num_cat=0
split_feature=0 6 14 2 8 13 0 12 14 5 0 12 4 12
split_gain=27.6734 22.1601 21.6237 55.065 20.1717 18.5112 17.7897 14.7986 14.4708 22.5168 12.6857 10.9382 17.1811 15.9353
threshold=0.26183356344699865 0.19299137592315677 0.27858436107635504 0.10735905170440675 0.094502184540033354 0.23986842483282092 0.023684883490204815 0.12933714687824252 0.26337827742099768 0.34923885762691503 0.30557119846344 0.18608821183443072 0.38139419257640844 0.24815414100885394
decision_type=2 2 2 2 2 2 2 2 2 2 2 2 2 2
left_child=2 8 3 4 -1 -5 -4 -8 10 -10 -2 12 -3 -13
right_child=1 11 6 5 -6 -7 7 -9 9 -11 -12 13 -14 -15
leaf_value=-0.006452368578184953 9.7416707985064512e-05 -0.025404575885965393 -0.012053675938455848 0.037118072749760582 0.0084321907505012453 -0.011091935761290288 0.049340672202505369 -0.00063213167093549517 -0.0039728092885620205 0.017781568609161507 0.015412073992821351 0.0050950913383634184 -0.00039068446886217671 0.00029244706341968648
leaf_weight=335.67541913595051 178.15650483965874 104.29288601130247 347.04123396240175 20.118965419009328 707.1017768252641 1929.1292376117781 14.833137594163416 11946.441251404583 478.31692233681679 158.31671893596649 561.07197297737002 1834.1090438794345 200.85712391883135 29628.88392719999
leaf_count=13175 2242 480 7616 120 18717 43606 242 97383 3020 917 3560 10396 1903 115118
internal_value=-6.18465e-05 0.000750101 -0.00182071 -0.00563314 0.00364077 -0.0105943 -0.000893946 -0.000570161 0.00696254 0.00143702 0.0117212 0.000481043 -0.00893983 0.000572413
internal_weight=48444.3 33144 15300.3 2992.03 1042.78 1949.25 12308.3 11961.3 1375.86 636.634 739.228 31768.1 305.15 31463
internal_count=318495 137636 180859 75618 31892 43726 105241 97625 9739 3937 5802 127897 2383 125514
is_linear=0
shrinkage=0.05


Tree=232
num_leaves=15
num_cat=0
split_feature=7 14 4 13 14 2 1 12 8 7 1 11 1 2
split_gain=20.797 18.5771 10.8716 11.5935 11.0439 8.92755 9.11663 12.8843 6.6764 4.50579 3.79455 3.38552 3.13402 2.9316
threshold=0.1443949639797211 0.078842625021934523 0.80937808752059948 0.3724351972341538 0.27616171538829809 0.035223748534917838 0.15481656044721606 0.20318114012479785 0.071033604443073287 0.060677658766508109 0.71249830722808849 0.26924709975719457 0.061075165867805488 0.052985889837145812
decision_type=2 2 2 2 2 2 2 2 2 2 2 2 2 2
left_child=5 8 4 -4 -3 11 9 -8 13 -7 -10 12 -1 -2
right_child=1 2 3 -5 -6 6 7 -9 10 -11 -12 -13 -14 -15
leaf_value=-0.016702635724598212 0.0088165447187740966 0.0012521854982637261 -0.002033643134068606 0.016636928820113469 -0.00025495060383594548 -0.0096184923431093874 -0.036414390887385302 0.00085608908599579001 0.0026116073962537132 -0.0029000533125755779 0.011092004071340129 -0.027185942491765775 -0.0011493274909854868 0.023912937698251591
leaf_weight=75.381171107292175 51.154386477544904 16634.611992673948 139.99942565709352 204.74082361906767 45136.914691902697 261.37757045030594 23.421085610985756 2333.4855144172907 330.33770502358675 5519.3531572520733 219.59219247102737 36.697440400719643 56.789601489901543 86.601710809394717
leaf_count=332 650 107820 1479 2302 166669 1230 66 6498 3973 18005 7077 128 188 2078
internal_value=-2.01635e-05 0.000290807 0.000200326 0.00905479 0.00015091 -0.00237135 -0.00213522 0.000485724 0.00846365 -0.00320383 0.00599791 -0.0137503 -0.0100199 0.018307
internal_weight=71110.5 62804 62116.3 344.74 61771.5 8306.51 8137.64 2356.91 687.686 5780.73 549.93 168.868 132.171 137.756
internal_count=318495 292048 278270 3781 274489 26447 25799 6564 13778 19235 11050 648 520 2728
is_linear=0
shrinkage=0.05


Tree=233
num_leaves=15
num_cat=0
split_feature=2 13 4 1 11 14 14 7 4 10 10 8 2 8
split_gain=27.4708 17.1089 10.6647 11.1832 10.7404 10.7035 10.4567 9.10905 16.6048 8.84068 8.735 8.64565 6.86605 4.4883
threshold=0.13540551811456683 0.37056536972522741 0.51198047399520885 0.641278237104416 0.06887767463922502 0.29082250595092779 0.13982754945755008 0.40940712392330175 0.28745952248573309 0.40748009085655218 0.464888945221901 0.12444365397095682 0.025210767053067688 0.097687274217605605
decision_type=2 2 2 2 2 2 2 2 2 2 2 2 2 2
left_child=1 10 3 5 11 -2 -5 13 -9 -6 12 -4 -1 -3
right_child=2 7 4 6 9 -7 -8 8 -10 -11 -12 -13 -14 -15
leaf_value=-0.010703448931518381 -0.0014636229839994346 0.010955865641210439 0.03326596015392827 0.025297904899211639 -0.00044369547053323675 0.00093706973596701314 -0.0065791967378630014 0.0088026417405326733 -0.007181190045979037 0.0068089484390956162 -0.018077470948144058 0.15005930643093054 -0.00038813683389936891 -0.020834939818935118
leaf_weight=168.14952351152897 5513.512342851609 12.045088803395627 9.5924711823463422 26.634740930050611 676.22205780074 29404.007305681705 754.28703596256673 178.9400166682899 1766.8363230950199 1109.7044434752315 74.534647949971259 1.8980667162686575 3970.5346527528018 141.86721458751708
leaf_count=2710 43002 233 254 527 7173 126087 8009 2552 64993 15753 3431 48 41729 1994
internal_value=0.00010112 -0.0029503 0.000614866 0.000425652 0.00437284 0.000557998 -0.00549197 -0.0066375 -0.00571126 0.00406281 -0.00111276 0.0525585 -0.000807235 -0.018347
internal_weight=43808.8 6312.91 37495.9 35698.4 1797.42 34917.5 780.922 2099.69 1945.78 1785.93 4213.22 11.4905 4138.68 153.912
internal_count=318495 117642 200853 177625 23228 169089 8536 69772 67545 22926 47870 302 44439 2227
is_linear=0
shrinkage=0.05


Tree=234
num_leaves=15
num_cat=0
split_feature=0 10 5 14 12 1 6 3 9 14 0 3 7 4
split_gain=25.6354 21.0155 22.2341 39.7986 20.9252 18.0372 18.8734 16.468 10.0926 9.42872 12.3849 8.81901 8.35401 5.6963
threshold=0.26183356344699865 0.18703760206699374 0.19950096309185031 0.280993402004242 0.26195882260799414 0.84889018535614025 0.32118089497089392 0.057847445830702789 0.66283288598060619 0.078842625021934523 0.43000620603561407 0.32522904872894293 0.36705365777015692 0.28308498859405523
decision_type=2 2 2 2 2 2 2 2 2 2 2 2 2 2
left_child=1 5 7 -4 9 12 -7 -3 11 13 -11 -6 -1 -2
right_child=4 2 3 -5 8 6 -8 -9 -10 10 -12 -13 -14 -15
leaf_value=0.001141665544897327 -0.025340873083961421 -0.018598571711122551 -0.01048671600499144 -0.0022793428153890932 -0.0031880840697753815 -0.0052264421886516407 0.10938721602439459 0.0019562101793105854 0.007979363197004239 0.002667078715117936 0.0087455924053953891 0.00037895519041945694 0.044429300204922063 -0.0026710176287572428
leaf_weight=3751.2307578921318 33.117507085204124 101.27777927555144 1876.3112392164767 6941.6685192063451 1852.038068331778 6.5968161560595018 7.8851305916905403 2574.1362850004807 417.51025635004044 2512.9762963429093 1257.228941231966 26910.259938368574 11.178917936980723 169.70350353978574
leaf_count=20836 100 2406 43105 65015 13643 81 69 49229 1258 17661 4630 98641 118 1703
internal_value=-5.59583e-05 -0.00175108 -0.00281439 -0.00402573 0.000724819 0.00148465 0.0571784 0.00117811 0.000261304 0.0041291 0.00469405 0.000149269 0.00127028 -0.00637265
internal_weight=48423.1 15270.3 11493.4 8817.98 33152.8 3776.89 14.4819 2675.41 29179.8 3973.03 3770.21 28762.3 3762.41 202.821
internal_count=318495 180859 159755 108120 137636 21104 150 51635 113542 24094 22291 112284 20954 1803
is_linear=0
shrinkage=0.05


Tree=235
num_leaves=15
num_cat=0
split_feature=7 14 6 12 13 2 12 1 4 4 4 2 11 4
split_gain=19.2079 17.4168 13.4226 20.3478 13.9011 8.45487 8.71454 10.0807 7.88109 6.43796 5.48191 3.97702 3.21894 3.0931
threshold=0.1443949639797211 0.078842625021934523 0.091958139091730132 0.22989450395107272 0.58957374095916759 0.035223748534917838 0.22068765014410022 0.15481656044721606 0.17856335639953616 0.26015049219131475 0.57604274153709423 0.03924288600683213 0.26924709975719457 0.047752633690834052
decision_type=2 2 2 2 2 2 2 2 2 2 2 2 2 2
left_child=5 9 3 -3 -4 12 8 -8 -7 11 -11 -2 13 -1
right_child=1 2 4 -5 -6 6 7 -9 -10 10 -12 -13 -14 -15
leaf_value=-0.02753397479363226 0.010813002725990818 0.0022894373558492659 0.00021674849487503397 0.017544045007055625 -0.0037299091888378108 -0.0099573952467715346 -0.0029613478694401289 0.00095580692581479605 -0.046696823945129452 0.0021703702220250069 0.011418832338989856 0.042511535060919842 -0.026574034601265586 -0.0064427167000024911
leaf_weight=20.619080185890198 18.521560728549957 1548.4811270069331 57969.456924386322 254.53563719242811 2320.4675175864249 135.6381498426199 5663.5085533410311 2313.2933267354965 16.357236266136169 305.77400374785066 336.60959295555949 21.245358854532242 36.297577992081642 110.76410880684853
leaf_count=105 51 8008 243079 1347 25836 475 18835 6441 48 3809 9854 64 128 415
internal_value=-1.95541e-05 0.00027927 0.000191977 0.00444296 6.48476e-05 -0.0022806 -0.00205135 -0.00182536 -0.0139112 0.00822513 0.00701657 0.0277478 -0.013394 -0.00975275
internal_weight=71071.6 62775.1 62092.9 1803.02 60289.9 8296.48 8128.8 7976.8 151.995 682.151 642.384 39.7669 167.681 131.383
internal_count=318495 292048 278270 9355 268915 26447 25799 25276 523 13778 13663 115 648 520
is_linear=0
shrinkage=0.05


Tree=236
num_leaves=15
num_cat=0
split_feature=2 13 1 3 8 4 13 11 1 11 2 13 6 0
split_gain=25.5104 19.5332 31.3328 15.2205 12.6596 11.6171 12.5707 11.8529 11.2128 13.4161 12.0356 7.95569 7.66914 13.571
threshold=0.19576845318078998 0.48054222762584692 0.56645727157592785 0.13934133201837542 0.15148743242025378 0.50373110175132763 0.51577875018119823 0.18776062875986102 0.13827272504568103 0.36186310648918157 0.037291742861270911 0.50206339359283458 0.085083529353141799 0.027338096871972088
decision_type=2 2 2 2 2 2 2 2 2 2 2 2 2 2
left_child=1 8 11 -4 5 6 -2 -7 9 -1 -10 -3 -6 -14
right_child=4 2 3 -5 12 7 -8 -9 10 -11 -12 -13 13 -15
leaf_value=0.000600024863174593 0.017401368741575624 -0.0061795272053345182 0.01271826906826992 -0.004356489708515726 -0.0032183560434503929 0.008085431681283296 -0.005613858387266718 0.034523198823362321 -0.01111640162616289 0.012525224287823364 -0.0014838291536609577 -0.019845885063193659 0.0085874143363065172 0.00068517032195217437
leaf_weight=1439.8941353093833 92.089627027511597 141.58216406684369 149.57258850615472 1024.3314253571443 1218.4991252422333 100.01981572061777 166.77440855279565 73.585053734481335 339.92066814284772 282.04763136804104 7048.8960084700957 429.6572115952149 553.09125456959009 30736.025817044079
leaf_count=9415 763 2588 4465 40561 5141 1151 1214 511 6936 1318 92115 10362 2233 139722
internal_value=9.36024e-05 -0.00200844 -0.00685446 -0.00218092 0.000786361 0.00928467 0.0025737 0.0192915 -0.00108019 0.00255333 -0.00192697 -0.0164587 0.000673303 0.000824857
internal_weight=43796 10855.9 1745.14 1173.9 32940.1 432.469 258.864 173.605 9110.76 1721.94 7388.82 571.239 32507.6 31289.1
internal_count=318495 167760 57976 45026 150735 3639 1977 1662 109784 10733 99051 12950 147096 141955
is_linear=0
shrinkage=0.05


Tree=237
num_leaves=15
num_cat=0
split_feature=3 14 4 14 9 6 5 13 0 13 7 1 4 8
split_gain=24.4033 23.2481 15.244 14.526 22.5718 12.8381 19.5337 16.8752 12.5957 8.5108 6.45831 6.31484 9.91578 6.09449
threshold=0.18985769152641299 0.18120428919792178 0.65874299407005321 0.10694218426942827 0.21867140382528308 0.22016524523496631 0.39955316483974462 0.33282446861267095 0.023684883490204815 0.13849581778049472 0.10056278854608537 0.66099879145622265 0.48169541358947759 0.14115988463163379
decision_type=2 2 2 2 2 2 2 2 2 2 2 2 2 2
left_child=1 11 5 13 -5 6 -2 -7 10 -10 -3 -1 -13 -4
right_child=2 8 3 4 -6 7 -8 -9 9 -11 -12 12 -14 -15
leaf_value=-0.024696866689901613 0.0011189243373594302 0.011042847200606526 -0.020374550682373312 0.11032137766740975 0.015637084782332708 0.00062821424400708763 0.0090336191940927051 -0.0017436417239168401 0.0056840562014817712 -0.0022187762223109019 -0.013546137649453244 0.068176753083675032 -0.011964264068884824 0.096881626420995903
leaf_weight=118.24586681462824 3885.3212556792423 29.150676131248474 33.156723438762128 6.522033284418284 180.29195688758045 27287.47991262842 975.25280354917049 10341.104916768149 367.93167531117797 4599.3566476758569 318.17131238430738 3.9190465500578275 255.03108538035303 1.1464863047003735
leaf_count=4621 47585 394 1486 123 2191 104310 6957 71903 2204 52987 7336 187 16159 52
internal_value=-5.2955e-05 -0.00312837 0.000356891 0.0134511 0.0189427 0.000288748 0.00270697 -2.36203e-05 -0.00227706 -0.00163341 -0.0114824 -0.0151231 -0.0107514 -0.0164556
internal_weight=48402.1 5691.81 42710.3 221.117 186.814 42489.2 4860.57 37628.6 5314.61 4967.29 347.322 377.196 258.95 34.3032
internal_count=318495 83888 234607 3852 2314 230755 54542 176213 62921 55191 7730 20967 16346 1538
is_linear=0
shrinkage=0.05


Tree=238
num_leaves=15
num_cat=0
split_feature=1 11 6 12 7 4 8 1 12 8 5 12 8 10
split_gain=17.8661 14.3845 11.1756 12.5872 10.8183 7.66998 6.71981 5.87324 7.01837 4.86694 3.82303 4.6413 2.72222 0.206974
threshold=0.091451339423656478 0.084427498281002059 0.091958139091730132 0.22989450395107272 0.72109007835388195 0.15877331048250201 0.082857225090265288 0.037618655711412437 0.63274729251861583 0.1715408191084862 0.053594080731272704 0.60710647702217113 0.28366865217685705 0.14330053329467776
decision_type=2 2 2 2 2 2 2 2 2 2 2 2 2 2
left_child=7 5 3 -3 -4 -2 -7 10 9 -9 13 -12 -10 -1
right_child=1 2 4 -5 -6 6 -8 8 12 -11 11 -13 -14 -15
leaf_value=-0.02478286552585799 0.06927901501639136 0.0022306564152069805 6.3649893831221738e-05 0.013973562301073087 -0.0059265748495399458 0.01039186126677662 0.0020819182582804533 0.0020850896280354995 -0.016259392861906582 -0.0028662615309007181 -0.010964180467840227 0.010415700541561062 0.00050357157560550583 -0.034428018626982838
leaf_weight=10.265769258141519 4.7936607897281638 1472.8281396348029 62893.179459471256 270.04215832985938 762.8678862862289 447.91947469674051 532.48125031590462 574.12201909720898 125.25619485974312 3661.6723089516163 213.35966518521309 28.812539473176003 30.024889200925827 12.139170512557028
leaf_count=54 13 7752 262555 1378 10620 8635 11331 1922 519 12363 1044 142 118 49
internal_value=-1.96378e-05 0.000190349 0.000100014 0.00405011 -8.13826e-06 0.006187 0.00587851 -0.00301381 -0.00257788 -0.00219515 -0.0102486 -0.0084205 -0.0130181 -0.0300087
internal_weight=71039.8 66384.1 65398.9 1742.87 63656 985.194 980.401 4655.65 4391.08 4235.79 264.577 242.172 155.281 22.4049
internal_count=318495 302284 282305 9130 273175 19979 19966 16211 14922 14285 1289 1186 637 103
is_linear=0
shrinkage=0.05


Tree=239
num_leaves=15
num_cat=0
split_feature=2 13 1 11 5 0 11 4 11 14 4 3 1 5
split_gain=23.7598 15.4953 14.4355 11.7698 10.168 10.0047 14.5493 24.0874 9.62607 8.94712 13.0127 9.59957 8.1466 6.33764
threshold=0.13540551811456683 0.48314251005649572 0.55657970905303966 0.13051253557205203 0.22525271773338321 0.1706390976905823 0.36028604209423071 0.28308498859405523 0.22152923792600634 0.29082250595092779 0.48726917803287512 0.42058910429477697 0.61788472533226024 0.063586488366127028
decision_type=2 2 2 2 2 2 2 2 2 2 2 2 2 2
left_child=1 3 -3 13 -5 6 7 -2 -4 11 -11 -7 -8 -1
right_child=5 2 8 4 -6 9 12 -9 -10 10 -12 -13 -14 -15
leaf_value=0.011849730453383729 -0.0042681967752424659 -0.018231020407822048 -0.0018432504432853193 -0.00040986252191304543 -0.0071971755768529717 -0.0036384030869768286 0.0011471533102112453 0.0060544134631790947 -0.017804947921397103 0.00028083415949488994 0.017509767159894388 0.0017524758173745819 -0.0031234506493300761 -0.016216991910041015
leaf_weight=22.493136539123952 687.26776432991028 278.78776623401791 538.84713494451717 4502.0874885432422 628.87689866591245 3044.9864104576409 9433.770213842392 3180.0595663636923 114.53311719186604 18652.36108526215 110.24239556118846 1133.0880230795592 1266.6384053118527 190.10638608410954
leaf_count=421 2147 7685 32383 54790 7930 32543 32237 24605 2602 87573 1342 8010 12396 11831
internal_value=9.04025e-05 -0.00275711 -0.00870559 -0.00171941 -0.00124175 0.000566834 0.00159158 0.00421997 -0.00464123 -8.38964e-05 0.000382065 -0.0021764 0.00064163 -0.0132475
internal_weight=43784.1 6275.73 932.168 5343.56 5130.96 37508.4 14567.7 3867.33 653.38 22940.7 18762.6 4178.07 10700.4 212.6
internal_count=318495 117642 42670 74972 62720 200853 71385 26752 34985 129468 88915 40553 44633 12252
is_linear=0
shrinkage=0.05


Tree=240
num_leaves=15
num_cat=0
split_feature=0 10 4 7 12 5 14 13 3 12 7 4 10 7
split_gain=25.0563 22.8044 24.4735 20.0971 19.9762 19.1971 37.6907 15.5455 21.3465 13.913 11.7537 11.6726 10.4323 8.76482
threshold=0.26183356344699865 0.18926773220300677 0.65874299407005321 0.50028386712074291 0.43480095267295843 0.19950096309185031 0.26603701710700994 0.33631825447082525 0.49610489606857305 0.47240257263183599 0.6629011631011964 0.49000847339630133 0.51430532336235057 0.36705365777015692
decision_type=2 2 2 2 2 2 2 2 2 2 2 2 2 2
left_child=1 2 11 7 12 9 -7 13 -9 -3 -6 -1 -5 -2
right_child=3 5 -4 4 10 6 -8 8 -10 -11 -12 -13 -14 -15
leaf_value=0.0010301290536683127 0.00061946000996941511 0.00183465371507422 0.080337801178453599 0.0071600148390799402 -0.013840175723410049 -0.011137631184969769 -0.002395568368524567 -0.0045117346787863612 0.0018015199572444488 -0.013895650842151594 0.0183511863793113 0.017799206195256545 0.0024959668141874888 0.0045899718001046804
leaf_weight=3742.333432726562 20747.60841935128 2520.9006828274578 9.8679198548197729 2002.7778127733618 228.0277210958302 1487.0169053897262 7216.362508315593 3440.9990985263139 2191.7974181547761 148.86872837599367 32.38219397328794 106.73346642777324 2987.1330684367567 1489.7204883918166
leaf_count=20543 67914 48380 98 11333 2669 38150 69433 20575 7055 3185 570 970 20562 6823
internal_value=5.38262e-05 -0.00162454 0.00169674 0.000825707 0.0036634 -0.00275146 -0.00388919 0.000291128 -0.00205516 0.000957518 -0.00983715 0.00149513 0.00436795 0.000885452
internal_weight=48352.5 15232.1 3858.93 33120.4 5250.32 11373.1 8703.38 27870.1 5632.8 2669.77 260.41 3849.07 4989.91 22237.3
internal_count=318260 180759 21611 137501 35134 159148 107583 102367 27630 51565 3239 21513 31895 74737
is_linear=0
shrinkage=0.05


Tree=241
num_leaves=15
num_cat=0
split_feature=1 14 6 14 13 8 2 0 0 6 14 4 13 7
split_gain=15.7626 14.3037 10.7302 16.1989 11.5851 6.48102 20.271 7.39075 5.2561 4.72424 10.5774 5.46591 2.53569 3.31689
threshold=0.09496354311704637 0.082495290786027922 0.081140570342540755 0.22962482273578647 0.58957374095916759 0.084588326513767256 0.23440516740083697 0.14629339426755908 0.015220855828374626 0.29768030345439916 0.5095619559288026 0.14383096247911456 0.13047187775373462 0.1045580990612507
decision_type=2 2 2 2 2 2 2 2 2 2 2 2 2 2
left_child=8 5 3 -3 -4 6 -2 -7 12 11 -11 -10 -1 -14
right_child=1 2 4 -5 -6 7 -8 -9 9 10 -12 -13 13 -15
leaf_value=0.0065884113376437738 0.014208554627537631 0.019838026115303452 0.00013249778690144323 0.0025072771830415689 -0.0034935154372357684 0.012859019979395734 -0.11911532716353204 -0.00038662804677248332 0.0003906054820803531 -0.002906256848930075 -0.015672486600097315 -0.01396077180783732 -0.033857949762745407 -0.011463495341339593
leaf_weight=13.147371932864187 282.56411820650101 157.18539901077747 61722.820104716346 948.08158863708377 2284.3656813278794 148.38388064689934 2.8800750300288191 362.81491377204657 1510.2343690246344 3200.2180386781693 170.91895577311516 69.394708096981049 21.866903200745583 67.803314551711082
leaf_count=76 6000 1040 254637 4603 24322 3846 22 6373 5092 11073 631 193 102 250
internal_value=-3.74381e-05 0.000168908 8.74337e-05 0.00497197 3.08825e-06 0.00682811 0.0128633 0.00345814 -0.00272862 -0.00249624 -0.00355351 -0.000239865 -0.013918 -0.0169246
internal_weight=70962.7 65909.1 65112.5 1105.27 64007.2 796.643 285.444 511.199 5053.58 4950.77 3371.14 1579.63 102.818 89.6702
internal_count=318260 300843 284602 5643 278959 16241 6022 10219 17417 16989 11704 5285 428 352
is_linear=0
shrinkage=0.05


Tree=242
num_leaves=15
num_cat=0
split_feature=0 5 14 0 1 6 7 7 12 8 14 6 4 6
split_gain=12.0669 10.8647 26.2042 12.0028 25.2882 13.3093 11.1568 5.585 7.96915 7.7947 12.6213 4.77451 3.47137 1.08695
threshold=0.015220855828374626 0.15045812726020816 0.14297498762607577 0.28851053118705755 0.4341463595628739 0.081140570342540755 0.79993012547492992 0.54829522967338573 0.12436000630259515 0.41396155953407293 0.45904928445816046 0.076958797872066512 0.5429377853870393 0.13867159932851794
decision_type=2 2 2 2 2 2 2 2 2 2 2 2 2 2
left_child=7 2 12 5 -5 -3 -4 9 -9 10 -1 -11 -2 -10
right_child=1 3 6 4 -6 -7 -8 8 13 11 -12 -13 -14 -15
leaf_value=0.10570266756313709 -0.028605298649308466 -0.0054132415842702598 -0.0018274291659761402 -0.00028516842124740949 -0.0070738001434694255 0.0010514552113461988 0.077114766820728403 0.069182251586636295 -0.023106649081023764 0.0048992961462551547 -0.00048396091708661679 0.016679293060735984 -0.015190994734143932 0.014786931520123697
leaf_weight=5.4237972386181337 75.778380322735757 824.02076229313388 2849.1034875400364 14342.562089060433 1516.8922822326422 23544.497451907024 4.4827386308461419 2.7297559399157789 25.845501217991117 271.60836755856872 5.781038835644722 125.88124553114176 132.65700418502092 2.0419306363910428
leaf_count=75 4039 4516 39664 73510 23012 159902 124 48 539 1164 91 614 10905 57
internal_value=1.23651e-06 -8.24343e-05 -0.00295351 0.000136102 -0.000934473 0.000832852 -0.00170342 0.0082462 -0.0123512 0.00978925 0.0509166 0.00862991 -0.0200679 -0.0203321
internal_weight=43729.3 43290 3062.02 40228 15859.5 24368.5 2853.59 439.312 30.6172 408.694 11.2048 397.49 208.435 27.8874
internal_count=318260 315672 54732 260940 96522 164418 39788 2588 644 1944 166 1778 14944 596
is_linear=0
shrinkage=0.05


Tree=243
num_leaves=15
num_cat=0
split_feature=0 9 7 12 14 2 13 1 7 7 8 3 1 7
split_gain=23.1077 22.6044 19.4294 20.0045 19.3808 36.3367 15.2783 29.3351 14.7279 13.7528 16.7755 13.3695 11.0263 9.60499
threshold=0.25148464739322668 0.20925095677375796 0.50028386712074291 0.43480095267295843 0.24344206601381305 0.090734899044036879 0.33631825447082525 0.30042107403278356 0.54829522967338573 0.75217765569686901 0.29903757572174078 0.20347455143928531 0.11241794377565385 0.6387166976928712
decision_type=2 2 2 2 2 2 2 2 2 2 2 2 2 2
left_child=1 9 6 12 5 -3 -2 -8 -6 10 -1 -11 -4 -5
right_child=2 4 3 13 8 -7 7 -9 -10 11 -12 -13 -14 -15
leaf_value=-0.0099427608758546997 0.00082335010352713092 0.0043162402015080644 -0.023654193597163458 -0.014724561156874986 -0.00036546492314107971 -0.013956565683395601 0.0026896658965871812 -0.0047453348374634757 0.007273699737401159 -0.0007996820197945561 -0.0026307150253324723 0.03601326785876479 0.0043794083418719747 0.0080994449645207748
leaf_weight=1405.5284865880385 22654.755548449233 449.84923981223255 35.316548407077789 211.72000322677195 9370.6216151416302 688.4189780857414 2075.7841125205159 3676.2338587529957 676.48889165185392 69.207668107002974 1774.9819412492216 38.319281520321965 5149.9860143940896 58.923593536950648
leaf_count=31819 76755 14599 97 2508 66854 22662 6840 22004 9569 3504 24252 1240 34452 1105
internal_value=4.92232e-05 -0.00162298 0.000763945 0.00349679 -0.000551645 -0.00673506 0.000239063 -0.0020622 0.000148893 -0.00526747 -0.00586205 0.0123193 0.00418847 -0.0097554
internal_weight=48336.1 14473.4 33862.7 5455.95 11185.4 1138.27 28406.8 5752.02 10047.1 3288.04 3180.51 107.527 5185.3 270.644
internal_count=318260 174499 143761 38162 113684 37261 105599 28844 76423 60815 56071 4744 34549 3613
is_linear=0
shrinkage=0.05


Tree=244
num_leaves=15
num_cat=0
split_feature=1 14 6 14 13 4 10 3 6 14 11 5 4 13
split_gain=14.5286 13.3194 9.72371 13.4007 10.1957 6.27039 6.44134 4.77021 4.53116 9.9871 5.17618 2.1294 1.25399 2.32099
threshold=0.09496354311704637 0.082495290786027922 0.076958797872066512 0.22962482273578647 0.58957374095916759 0.67633321881294262 0.5905975103378297 0.038284739479422576 0.29768030345439916 0.5095619559288026 0.38209435343742376 0.16305418312549594 0.055680720135569579 0.27156190574169164
decision_type=2 2 2 2 2 2 2 2 2 2 2 2 2 2
left_child=7 5 3 -3 -4 6 -2 12 10 -10 -9 -7 -1 -14
right_child=1 2 4 -5 -6 11 -8 8 9 -11 -12 -13 13 -15
leaf_value=-0.023065501207272802 0.024158211764701482 0.020460550594762039 0.00013443681932822141 0.0028010068070699872 -0.003241245480070782 0.026782264094408648 0.0041754657213428255 0.017671214182342781 -0.0027993212109570452 -0.015250918191262734 -0.00063635149175494618 0.0024283250986843526 -0.0026037759836600072 -0.019160265373319788
leaf_weight=23.933367863297462 42.834901390597224 124.55310054495931 61875.660815177485 781.23774953559041 2320.7412456423044 48.253842048346996 689.04744056239724 39.607250407338142 3195.4986522942781 169.58461785316467 1531.8466760516167 11.026487123221157 46.654071465134621 38.748917758464813
leaf_count=122 695 775 255485 3755 24587 1699 13502 111 11073 631 5177 345 174 129
internal_value=-3.4655e-05 0.000163355 8.49887e-05 0.00522933 1.24037e-05 0.00661183 0.005345 -0.00262044 -0.00239164 -0.00342682 -0.000174924 0.0222523 -0.0129504 -0.0101158
internal_weight=70939.2 65893.4 65102.2 905.791 64196.4 791.163 731.882 5045.87 4936.54 3365.08 1571.45 59.2803 109.336 85.403
internal_count=318260 300843 284602 4530 280072 16241 14197 17417 16992 11704 5288 2044 425 303
is_linear=0
shrinkage=0.05


Tree=245
num_leaves=15
num_cat=0
split_feature=0 1 10 11 6 0 8 9 8 6 12 11 13 1
split_gain=11.2785 13.0614 20.8644 21.9661 11.8955 14.955 11.3764 9.49301 7.09638 6.86549 6.47847 5.03364 2.00761 8.19444e-06
threshold=0.023684883490204815 0.83496728539466869 0.6155105233192445 0.19971859455108645 0.081140570342540755 0.14629339426755908 0.16435725241899493 0.1102624610066414 0.17009831964969638 0.18432200700044635 0.3114925622940064 0.28883995115756994 0.50743931531906139 0.93899670243263256
decision_type=2 2 2 2 2 2 2 2 2 2 2 2 2 2
left_child=8 4 6 -4 7 -6 -3 -2 12 11 -11 -10 13 -1
right_child=1 2 3 -5 5 -7 -8 -9 9 10 -12 -13 -14 -15
leaf_value=-0.034211112155798119 0.0047024605621772964 -0.021072675220123814 0.030423320643279128 0.22237111875776427 0.0016189783505051762 -0.000508990629884531 -0.0048718024135129406 -0.011070697808545076 0.043068761321571343 0.01830721529901207 0.089666400100755758 0.0046079783586642168 0.022259159232815382 -0.034130637279909906
leaf_weight=4.6903985738754281 124.13242216221988 136.26375687308609 10.10772720351815 1.7482858337461937 11397.166454261634 29961.75104636047 529.15451768878847 411.98433216847479 8.5732632279396039 11.555498445406554 4.3885739780962458 1103.8042865097523 1.7707699928432692 9.7157725673168898
leaf_count=126 582 3491 595 29 68175 225108 10210 2320 51 193 52 6991 49 288
internal_value=1.81027e-06 -0.000129869 -0.00701798 0.0587279 -1.85156e-05 7.74081e-05 -0.0081894 -0.00741858 0.00489992 0.00537134 0.0379487 0.0049044 -0.0279814 -0.0341568
internal_weight=43716.8 42572.3 677.274 11.856 41895 41358.9 665.418 536.117 1144.5 1128.32 15.9441 1112.38 16.1769 14.4062
internal_count=318260 310510 14325 624 296185 293283 13701 2902 7750 7287 245 7042 463 414
is_linear=0
shrinkage=0.05


Tree=246
num_leaves=15
num_cat=0
split_feature=3 13 10 2 14 6 12 3 14 2 0 12 12 8
split_gain=21.6645 16.4269 56.1242 14.3867 49.4173 25.5266 23.719 14.6132 13.6243 11.3098 10.5126 3.11009 3.04975 0.495043
threshold=0.16271952539682391 0.63453334569931041 0.71755757927894603 0.1671620458364487 0.26603701710700994 0.14271281659603122 0.33023726940155035 0.47615027427673345 0.084330245852470412 0.017205452546477321 0.023684883490204815 0.11869786679744722 0.20990028977394107 0.35250760614871984
decision_type=2 2 2 2 2 2 2 2 2 2 2 2 2 2
left_child=1 2 10 6 7 -6 8 -5 -2 -8 -1 13 -13 -3
right_child=3 11 -4 4 5 -7 9 -9 -10 -11 -12 12 -14 -15
leaf_value=-0.011292508257253427 -0.0039960003384299008 -0.033847796708048862 0.18978042639466383 -0.0091074261806264392 0.016719708331492798 0.00013166697300569295 0.010150288287487527 0.0013839354276775505 0.0046081709025026603 -7.3270011161438589e-05 -0.0021078022270675108 -0.011759483550396896 -0.031525371026665264 -0.018287915469599025
leaf_weight=340.46142696402967 499.7776107294485 29.223189447075129 3.7833693074062458 1945.2579022366554 234.29986647889018 22859.436754569411 276.69530326873064 400.19423331320286 5792.8563656508923 12109.758506707847 3667.8875615922734 131.33361338637769 22.92099052388221 6.1954782102257004
leaf_count=7719 12733 1622 92 21863 2526 108244 1047 1379 44976 62882 44241 7303 1486 147
internal_value=4.4622e-05 -0.00338599 -0.00270625 0.000371352 -0.00040234 0.000299963 0.00142505 -0.00731733 0.0039248 0.000155109 -0.00288793 -0.0177645 -0.0146965 -0.031126
internal_weight=48320.1 4201.81 4012.13 44118.3 25439.2 23093.7 18679.1 2345.45 6292.63 12386.5 4008.35 189.673 154.255 35.4187
internal_count=318260 62610 52052 255650 134012 110770 121638 23242 57709 63929 51960 10558 8789 1769
is_linear=0
shrinkage=0.05


Tree=247
num_leaves=15
num_cat=0
split_feature=1 14 4 7 12 8 5 0 12 6 14 14 14 10
split_gain=13.3667 12.6369 9.05761 10.1234 7.15232 6.25366 17.9173 6.99812 4.8219 4.99382 9.50221 6.04415 4.25537 3.75268
threshold=0.09496354311704637 0.082495290786027922 0.85444226861000072 0.70841267704963695 0.32427661120891577 0.084588326513767256 0.34253737330436712 0.14629339426755908 0.20041334629058841 0.29768030345439916 0.5095619559288026 0.30266739428043371 0.28959478437900549 0.41019922494888311
decision_type=2 2 2 2 2 2 2 2 2 2 2 2 2 2
left_child=8 5 3 -3 -4 6 -2 -7 12 11 -11 -10 -1 -14
right_child=1 2 4 -5 -6 7 -8 -9 9 10 -12 -13 13 -15
leaf_value=-0.037058460359554207 0.013783612749658575 0.00014443172203708506 0.019874871724903612 -0.0044531582466598258 -0.020654938856471974 0.012391499674746299 -0.10587944194421783 -0.00059893706035502872 0.032184646670677171 -0.0026614742387828694 -0.014850987499609176 -0.00010918716145270163 -0.010459600823724373 0.014708666140814433
leaf_weight=13.739198029041289 277.82456117123365 63768.278246283531 89.751352943480015 1220.2243009954691 12.387627176940439 145.48737457208335 3.1638051010668269 360.73971507884562 14.633018523454664 3189.0514789521694 168.31752943992615 1471.3324478268623 164.54077599942684 16.275677070021629
leaf_count=38 5980 266662 1098 16712 130 3846 42 6373 40 11068 631 5033 556 51
internal_value=-3.21834e-05 0.000157647 8.14901e-05 5.81074e-05 0.0149593 0.00645464 0.0124363 0.00313446 -0.00251449 -0.00220446 -0.00327258 0.000208826 -0.0102325 -0.00819415
internal_weight=70915.7 65877.9 65090.6 64988.5 102.139 787.215 280.988 506.227 5037.89 4843.33 3357.37 1485.97 194.556 180.816
internal_count=318260 300843 284602 283374 1228 16241 6022 10219 17417 16772 11699 5073 645 607
is_linear=0
shrinkage=0.05


Tree=248
num_leaves=15
num_cat=0
split_feature=2 8 14 13 3 13 5 14 14 9 1 10 7 9
split_gain=23.8771 19.3192 20.2793 18.3926 25.1791 15.8917 15.1678 15.9164 15.6767 13.746 12.6443 11.0744 15.269 12.1044
threshold=0.1885386407375336 0.14261005818843844 0.22962482273578647 0.48849909007549291 0.16438514739274981 0.76627424359321605 0.26504991948604589 0.13665927946567538 0.18806105107069018 0.15393450856208804 0.55022186040878307 0.16166709363460544 0.15629557520151141 0.506648749113083
decision_type=2 2 2 2 2 2 2 2 2 2 2 2 2 2
left_child=3 2 5 6 -5 -2 8 -8 -1 -4 -6 12 -3 -13
right_child=1 11 9 4 10 -7 7 -9 -10 -11 -12 13 -14 -15
leaf_value=-0.0101627168406684 -8.7681766870843238e-05 -3.075262731541111e-05 0.059413188890896362 0.0063779190582622484 -0.017124426976572446 0.03529399842239677 0.044739972943677271 -0.0066915984841864583 0.00021260796573739947 0.018312904055049369 -0.0065497924563173854 0.00095056579152872289 -0.0055586820231288518 0.012915125021098371
leaf_weight=384.15165398363024 210.25681211054325 6690.927846327424 31.878518506884575 280.28544183913618 431.91128167230636 37.377808660268784 15.215128275565801 1327.5198320141062 6966.6420001499355 56.222696095705032 818.18491580476984 24705.81131247431 1535.9335592910647 213.21707395836711
leaf_count=15605 1896 21113 196 9830 10512 377 579 14725 77466 458 33976 124233 6350 944
internal_value=2.8869e-06 0.000648686 0.0125825 -0.002112 -0.00716654 0.00525281 -0.00122222 -0.0061088 -0.000329605 0.0331846 -0.0102034 0.000527809 -0.0010628 0.00105294
internal_weight=43705.5 33481.6 335.736 10223.9 1530.38 247.635 8693.53 1342.73 7350.79 88.1012 1250.1 33145.9 8226.86 24919
internal_count=318260 155567 2927 162693 54318 2273 108375 15304 93071 654 44488 152640 27463 125177
is_linear=0
shrinkage=0.05


Tree=249
num_leaves=15
num_cat=0
split_feature=0 9 7 12 14 2 6 0 7 12 8 1 14 7
split_gain=20.465 20.7359 17.8824 18.5374 17.8274 34.3862 14.6076 20.3444 13.8625 12.7716 15.2352 10.2173 9.5577 9.09812
threshold=0.25148464739322668 0.20925095677375796 0.50028386712074291 0.43480095267295843 0.24344206601381305 0.090734899044036879 0.15818810462951663 0.13625727593898776 0.54829522967338573 0.21257856488227847 0.31996233761310583 0.11241794377565385 0.36845588684082037 0.6387166976928712
decision_type=2 2 2 2 2 2 2 2 2 2 2 2 2 2
left_child=1 6 9 11 5 -3 7 -1 -6 10 -2 -4 -8 -5
right_child=2 4 3 13 8 -7 12 -9 -10 -11 -12 -13 -14 -15
leaf_value=-0.0050592388259815485 -0.026445337577327754 0.004230446058041815 -0.022841475650383705 -0.014375745641439442 -0.00034084325185648219 -0.013593466625395428 -0.012139962903635129 0.0071072369277958682 0.007053835999525096 0.00028444230728292641 0.008824652743387831 0.0041758980759502972 -0.0025533135452967376 0.007815519100665554
leaf_weight=1578.7243986530229 93.57103306055069 450.7222810909152 35.232202857732773 209.28573571890593 9364.7888543941081 677.08629135321826 876.48569617420435 439.1902472935617 679.79081600904465 28261.746409226209 45.509467955678701 5167.6679418254644 369.63711646012962 59.267837124876678
leaf_count=28987 516 14599 97 2508 66854 22662 18607 9243 9569 104839 244 34452 3978 1105
internal_value=4.24642e-05 -0.0015339 0.000714313 0.00333174 -0.000509648 -0.00647024 -0.00503978 -0.00241126 0.000159609 0.000210062 -0.0149044 0.00399295 -0.00929628 -0.00947829
internal_weight=48308.7 14436.4 33872.3 5471.45 11172.4 1127.81 3264.04 2017.91 10044.6 28400.8 139.081 5202.9 1246.12 268.554
internal_count=318260 174499 143761 38162 113684 37261 60815 38230 76423 105599 760 34549 22585 3613
is_linear=0
shrinkage=0.05


Tree=250
num_leaves=15
num_cat=0
split_feature=1 11 11 14 12 10 1 12 6 14 11 7 4 7
split_gain=12.4696 11.9124 9.18961 9.01563 7.77773 5.52561 6.76271 4.52458 4.66015 8.98306 6.7437 4.08214 4.05264 3.30985
threshold=0.09496354311704637 0.084427498281002059 0.61890384554862987 0.3230105340480805 0.36584201455116278 0.55602613091468822 0.68202516436576854 0.20041334629058841 0.29768030345439916 0.5095619559288026 0.37692271173000341 0.4068154245615006 0.15373446047306064 0.11563796922564508
decision_type=2 2 2 2 2 2 2 2 2 2 2 2 2 2
left_child=7 5 3 -3 -4 11 -7 12 10 -10 -9 -2 13 -1
right_child=1 2 4 -5 -6 6 -8 8 9 -11 -12 -13 -14 -15
leaf_value=-0.026685204538404624 -0.039183918244117037 0.00064268409632129743 0.0038235830081905925 -0.0005634936351702007 -0.019837273663333359 0.0002342770687050442 0.0090971826826471442 0.023815287782209201 -0.0025681526272416516 -0.014461687226645368 -0.00027759755743414743 0.018561018264730181 -0.0307293652093662 -0.0049252705178261394
leaf_weight=19.725133970379829 3.1596550829708567 27625.956573573872 1968.1804780736566 35272.455898124725 35.356084153056145 460.50881564617157 404.10214846581221 29.635310411453247 3184.8907980322838 167.08951841294765 1456.3220165073872 97.583220209926367 20.874182283878326 153.23887479305267
leaf_count=87 12 147979 6889 125896 99 4856 13452 83 11068 631 4990 1660 58 500
internal_value=-2.88034e-05 0.000154471 7.24646e-05 -3.37217e-05 0.00340604 0.00566788 0.00437662 -0.00242792 -0.0021278 -0.00316102 0.000202901 0.0167499 -0.00991839 -0.00740681
internal_weight=70899.1 65867.3 64901.9 62898.4 2003.54 965.354 864.611 5031.78 4837.94 3351.98 1485.96 100.743 193.838 172.964
internal_count=318260 300843 280863 273875 6988 19980 18308 17417 16772 11699 5073 1672 645 587
is_linear=0
shrinkage=0.05


Tree=251
num_leaves=15
num_cat=0
split_feature=2 8 14 13 3 13 11 5 11 11 11 10 7 9
split_gain=22.1251 17.6395 19.6596 17.2977 23.8003 17.2181 16.9966 14.281 16.3231 16.261 12.8861 10.5923 14.2147 11.1935
threshold=0.1885386407375336 0.13810545951128009 0.22962482273578647 0.48849909007549291 0.16438514739274981 0.76627424359321605 0.23899344354867938 0.26504991948604589 0.18467679619789126 0.17500507831573489 0.21497931331396106 0.16166709363460544 0.15629557520151141 0.506648749113083
decision_type=2 2 2 2 2 2 2 2 2 2 2 2 2 2
left_child=3 2 5 7 -5 -2 -4 8 -1 -9 -6 12 -3 -13
right_child=1 11 6 4 10 -7 -8 9 -10 -11 -12 13 -14 -15
leaf_value=-0.0073506238111207605 -0.00020291615196056168 -4.8500641068525033e-05 0.055118693124372536 0.0061538329995441685 -0.0058463792771667302 0.037806031556955749 0.0017612395047722123 0.015158517930011798 0.00047628604663245823 -0.0073757938389517764 -0.016295458682095025 0.00092726780888456768 -0.0053885575823560371 0.012389228070318089
leaf_weight=740.83775231428444 188.21248980239034 6690.6868205294013 43.533766079694033 281.78927490580827 751.86344306217507 35.399733021855354 22.711018905043602 85.53341849707067 6606.2545039001852 1250.3601939715445 485.63427889533341 24767.571626354009 1531.4321533441544 214.85209218785167
leaf_count=22151 1693 21113 287 9830 35025 349 177 2169 70920 13135 9463 124654 6350 944
internal_value=-2.11768e-07 0.00062073 0.0129017 -0.00203878 -0.00696065 0.00581423 0.0368259 -0.00117759 -0.000312934 -0.00593299 -0.00994694 0.000513523 -0.00104313 0.00102584
internal_weight=43696.7 33494.4 289.857 10202.3 1519.29 223.612 66.2448 8682.99 7347.09 1335.89 1237.5 33204.5 8222.12 24982.4
internal_count=318260 155567 2506 162693 54318 2042 464 108375 93071 15304 44488 153061 27463 125598
is_linear=0
shrinkage=0.05


Tree=252
num_leaves=15
num_cat=0
split_feature=0 2 14 9 14 6 3 10 4 1 4 6 12 9
split_gain=19.8005 17.1399 56.3636 22.7132 21.2176 19.521 17.9252 14.9548 13.8834 8.99423 8.02817 11.9978 6.93977 6.27348
threshold=0.062570098787546172 0.16560094803571704 0.26603701710700994 0.2923313975334168 0.097916897386312499 0.14271281659603122 0.39081095159053808 0.15936435759067538 0.65874299407005321 0.7774503529071809 0.72360444068908703 0.1605692803859711 0.36162027716636663 0.27940098941326147
decision_type=2 2 2 2 2 2 2 2 2 2 2 2 2 2
left_child=7 3 6 4 -2 -4 -3 9 -5 12 13 -12 -1 -9
right_child=1 2 5 8 -6 -7 -8 10 -10 -11 11 -13 -14 -15
leaf_value=0.0064185153856986298 -0.0036533981606948459 -0.010581837235183378 0.0090310839647344422 0.00019513071526594886 0.0057998424001261895 -2.5902545072878597e-05 -0.0018077972664607867 -0.0069812197369134776 0.011794630855368386 0.070014650391313674 -0.0093407434902748193 0.0064113321509671603 -0.015095986230283404 -0.01681244206888715
leaf_weight=310.43509982526302 695.42099970020354 1694.19494258333 609.96796357631683 13724.316947899759 4053.0222111335024 24150.535287940875 886.80889562889934 1187.3575314721093 262.90519841387868 5.2074887119233599 224.30318305455148 262.17779824510217 42.628998197615147 187.95478437095881
leaf_count=3052 20860 26394 6689 67967 37453 118394 3990 18182 3749 61 4890 4093 305 2181
internal_value=4.03246e-05 0.000262546 -0.000535733 0.0014275 0.00441539 0.000197214 -0.00756716 -0.00457186 0.000413156 0.00478298 -0.00637205 -0.000851523 0.00382085 -0.00832479
internal_weight=48297.2 46077.2 27341.5 18735.7 4748.44 24760.5 2581 2220.06 13987.2 358.272 1861.79 486.481 353.064 1375.31
internal_count=318260 285496 155467 130029 58313 125083 30384 32764 71716 3418 29346 8983 3357 20363
is_linear=0
shrinkage=0.05


Tree=253
num_leaves=15
num_cat=0
split_feature=1 14 6 14 13 8 2 0 0 6 14 10 13 7
split_gain=11.6769 11.1764 8.67544 12.6945 9.25506 5.92295 15.6919 6.79653 4.37985 3.8107 8.43049 4.82669 2.41659 3.32502
threshold=0.09496354311704637 0.082495290786027922 0.076958797872066512 0.22962482273578647 0.58957374095916759 0.084588326513767256 0.23440516740083697 0.14629339426755908 0.015220855828374626 0.29768030345439916 0.5095619559288026 0.068058650940656676 0.13047187775373462 0.1045580990612507
decision_type=2 2 2 2 2 2 2 2 2 2 2 2 2 2
left_child=8 5 3 -3 -4 6 -2 -7 12 11 -11 -10 -1 -14
right_child=1 2 4 -5 -6 7 -8 -9 9 10 -12 -13 13 -15
leaf_value=0.0074712775154309428 0.013311727177226732 0.019899143243489015 0.00012798321139888212 0.0025957589931575945 -0.0030841189655543815 0.01207276342992817 -0.09508520186016628 -0.00080615261746301277 -0.033639058622326606 -0.0025202977155869095 -0.014081821189704352 0.00011612988758713584 -0.03307882476887071 -0.010209804194865633
leaf_weight=12.929253861308096 272.95151476562023 122.69502012059093 61842.984110053629 778.8445678986609 2326.9208108596504 143.38107923418283 3.3800727277994147 358.75636263377964 10.662398084998129 3182.9449155330658 165.89288724958897 1566.3157909065485 20.906148672103882 66.299417302012444
leaf_count=76 6000 775 255485 3755 24587 3846 22 6373 64 11073 631 5221 102 250
internal_value=-2.61195e-05 0.000151184 7.99365e-05 0.00495066 1.15064e-05 0.00610667 0.0119858 0.00287131 -0.00234914 -0.0021387 -0.00309303 -0.000112099 -0.0127014 -0.0156923
internal_weight=70875.9 65849.9 65071.4 901.54 64169.9 778.469 276.332 502.137 5025.95 4925.82 3348.84 1576.98 100.135 87.2056
internal_count=318260 300843 284602 4530 280072 16241 6022 10219 17417 16989 11704 5285 428 352
is_linear=0
shrinkage=0.05


Tree=254
num_leaves=15
num_cat=0
split_feature=2 8 1 13 13 0 5 11 11 11 14 10 7 9
split_gain=20.4588 16.4593 17.4211 16.8617 16.0931 22.6415 13.4527 15.251 15.2126 13.171 12.1519 9.86375 13.1835 10.4121
threshold=0.1885386407375336 0.14261005818843844 0.50952446460723888 0.51854348182678234 0.48849909007549291 0.30313658714294439 0.26504991948604589 0.18467679619789126 0.17500507831573489 0.22367751598358157 0.22962482273578647 0.16166709363460544 0.15629557520151141 0.506648749113083
decision_type=2 2 2 2 2 2 2 2 2 2 2 2 2 2
left_child=4 2 3 -2 6 9 7 -1 -8 -6 -4 12 -3 -13
right_child=1 11 10 -5 5 -7 8 -9 -10 -11 -12 13 -14 -15
leaf_value=-0.0071300881097556158 0.022725907115038149 -6.4065916084633258e-05 0.012670624966476024 -0.018249786448260776 0.00053352717437697868 -0.016079494649027075 0.014488835940362557 0.00046139091965664148 -0.0071769308408119589 -0.012330074048619096 0.039049982024496062 0.00088101257563075208 -0.0052131316698543094 0.011896571178776669
leaf_weight=735.18410251801834 37.685850817710161 6690.6114509105682 170.58329590037465 75.216709870845079 787.83549932576716 453.21218476537615 86.670975145883858 6608.5883847977966 1242.8195970319211 266.23764371313155 58.673366338014603 24730.106834348291 1526.8109613656998 216.39624363929033
leaf_count=22151 256 21113 1756 502 36749 12535 2169 70920 13135 5034 413 124233 6350 944
internal_value=-2.20493e-06 0.000594225 0.0115044 -0.00457247 -0.00196517 -0.00673384 -0.00113644 -0.000298591 -0.00576452 -0.00271556 0.0194219 0.000481662 -0.00102077 0.000976566
internal_weight=43686.6 33506.1 342.159 112.903 10180.5 1507.29 8673.26 7343.77 1329.49 1054.07 229.257 33163.9 8217.42 24946.5
internal_count=318260 155567 2927 758 162693 54318 108375 93071 15304 41783 2169 152640 27463 125177
is_linear=0
shrinkage=0.05


Tree=255
num_leaves=14
num_cat=0
split_feature=0 5 14 0 10 12 14 10 13 12 9 0 7
split_gain=20.248 17.3308 42.44 24.546 19.7955 18.4907 17.5807 12.1632 10.2294 9.99491 8.89452 5.83793 4.87709
threshold=0.04619500786066056 0.23382306843996051 0.27616171538829809 0.22858332097530368 0.49510209262371069 0.33979919552803045 0.093795910477638259 0.48400184512138372 0.12738809734582904 0.36441746354103094 0.42875766754150396 0.021852194331586364 0.069055866450071349
decision_type=2 2 2 2 2 2 2 2 2 2 2 2 2
left_child=8 5 3 -3 -4 6 -2 -7 9 12 11 -10 -1
right_child=1 2 4 -5 -6 7 -8 -9 10 -11 -12 -13 -14
leaf_value=0.00067729171707841455 -0.0041074424187224146 -0.012269495803355152 0.00033024950268493379 -0.0030092296620439335 -0.0072648450067421717 0.00054056535061745967 0.0042731776285287789 -0.0061610997022637113 -0.013882385851499118 -0.027897057304571621 0.052586549025110778 -0.0055467637658306885 0.035048326008304924
leaf_weight=15.032705105841158 697.78472480084747 1055.805492320098 24061.024456612766 2220.8701324705034 889.62750885635614 11213.311898679473 6064.7185971848667 720.56027509272099 262.94470763765275 11.353052183985708 6.2457299046218386 1044.1854573804885 32.927602179348469
leaf_count=163 18920 25724 118848 16738 9995 43830 46904 14481 6273 93 78 15965 310
internal_value=-3.62091e-05 0.000138894 -0.000643142 -0.00599306 5.94428e-05 0.00131959 0.00340843 0.000135923 -0.00602189 0.0142889 -0.00693915 -0.00722357 0.0242751
internal_weight=48296.4 46923.7 28227.3 3276.68 24950.7 18696.4 6762.5 11933.9 1372.69 59.3134 1313.38 1307.13 47.9603
internal_count=318322 295440 171305 42462 128843 124135 65824 58311 22882 566 22316 22238 473
is_linear=0
shrinkage=0.05


Tree=256
num_leaves=15
num_cat=0
split_feature=13 10 14 12 1 13 8 1 12 6 9 5 0 9
split_gain=12.1142 18.0603 34.6444 21.7745 18.9854 16.2651 15.9589 13.3646 8.48076 7.35978 9.51067 7.76574 6.7152 9.70511
threshold=0.26587125658988958 0.34476809203624731 0.32928870618343359 0.46369068324565893 0.641278237104416 0.34143237769603735 0.24805076420307162 0.189327247440815 0.29661224782466894 0.34207534790039068 0.4032686203718186 0.46670129895210272 0.027338096871972088 0.13757545500993731
decision_type=2 2 2 2 2 2 2 2 2 2 2 2 2 2
left_child=8 5 3 -3 -4 6 -2 -7 12 11 -11 -10 13 -1
right_child=1 2 4 -5 -6 7 -8 -9 9 10 -12 -13 -14 -15
leaf_value=0.004347971256113691 -0.0022929178864545814 0.00041564197619312402 -0.0050758504960065629 0.0097652206953751687 0.0030275997994325208 -0.0042470132070674569 0.0021999208033664434 0.0068073638771241037 -0.0050581682863505024 0.0012595063846349765 -0.0013088271880255268 -0.0014218664076924262 0.0019677975704269729 -0.0072684968528676369
leaf_weight=280.59579270333052 2554.6792308390141 20891.393253272399 4538.4025694057345 641.86888844892383 859.72540703043342 309.29687900841236 8733.4754398688674 2357.0732903517783 2104.7898948695511 4952.4730900116265 13243.369384102523 4855.0393312871456 4048.4062714204192 500.53657969087362
leaf_count=1036 9715 137492 16551 7760 7703 860 32234 10570 8011 15001 40779 14332 14171 2107
internal_value=-6.93874e-06 0.000552883 -0.000203555 0.000694337 -0.00378527 0.00201276 0.00118312 0.00552506 -0.000770276 -0.00113872 -0.000609788 -0.00252156 0.00114883 -0.00309567
internal_weight=70871.1 40885.9 26931.4 21533.3 5398.13 13954.5 11288.2 2666.37 29985.2 25155.7 18195.8 6959.83 4829.54 781.132
internal_count=318322 222885 169506 145252 24254 53379 41949 11430 95437 78123 55780 22343 17314 3143
is_linear=0
shrinkage=0.05


Tree=257
num_leaves=15
num_cat=0
split_feature=2 14 8 12 7 3 14 12 8 0 6 7 14 10
split_gain=20.3693 15.3133 13.4668 30.3789 40.269 11.032 12.224 9.18551 15.0487 8.93546 15.1259 7.58998 6.41439 5.95662
threshold=0.098970558494329466 0.14966184645891192 0.058863271027803428 0.32073047757148748 0.71152397990226757 0.57709047198295604 0.55978429317474376 0.19186908006668094 0.19737689197063449 0.021852194331586364 0.091958139091730132 0.41458976268768316 0.44954304397106176 0.71755757927894603
decision_type=2 2 2 2 2 2 2 2 2 2 2 2 2 2
left_child=1 7 3 13 -5 6 -3 8 -1 12 -11 -7 -4 -2
right_child=2 5 9 4 -6 11 -8 -9 -10 10 -12 -13 -14 -15
leaf_value=-0.0055004333837473853 -0.03452595043092635 -0.0054185609330665843 0.018077025573514587 0.0066628576955996988 0.41416263647611018 -0.00061412021229983072 0.10541373481574322 -0.01939977327340538 0.10279726565677937 -0.0056893465335284277 0.00041822529919096274 0.011013520528889839 0.0039194129163820689 0.095276773366817641
leaf_weight=127.9699276345782 3.7160929245874277 1704.9398030764423 89.021574672311544 1.1979627991095188 1.2274201083928344 1487.3522325828671 2.4914637990295878 227.19462651479989 3.2902173558250061 1041.47035629116 38060.318195895758 154.96774770785123 789.86417048424482 1.1596488459035752
leaf_count=10621 155 34313 610 41 61 12812 37 17795 140 5791 230069 1984 3834 59
internal_value=5.1275e-05 -0.00349375 0.000380016 0.0682798 0.212887 -0.00244268 -0.00525684 -0.013316 -0.0027858 0.000367616 0.000255551 0.000483053 0.00535343 -0.00365361
internal_weight=43696.2 3708.21 39988 7.30112 2.42538 3349.75 1707.43 358.455 131.26 39980.7 39101.8 1642.32 878.886 4.87574
internal_count=318322 77702 240620 316 102 49146 34350 28556 10761 240304 235860 14796 4444 214
is_linear=0
shrinkage=0.05


Tree=258
num_leaves=15
num_cat=0
split_feature=0 5 14 0 10 12 14 10 10 4 9 3 12 7
split_gain=18.9019 15.9392 39.816 24.8477 20.3914 16.1022 15.7631 11.1818 9.2377 27.0093 7.63042 5.63252 16.1037 3.69473
threshold=0.038253197446465499 0.23382306843996051 0.27118565142154699 0.22858332097530368 0.49510209262371069 0.33979919552803045 0.093795910477638259 0.48400184512138372 0.16797558218240741 0.49000847339630133 0.18660524487495425 0.13535454124212268 0.33265963196754461 0.6606334149837495
decision_type=2 2 2 2 2 2 2 2 2 2 2 2 2 2
left_child=8 5 3 -3 -4 6 -2 -7 9 10 -1 13 -13 -10
right_child=1 2 4 -5 -6 7 -8 -9 11 -11 -12 12 -14 -15
leaf_value=-0.013133504178892523 -0.0039751932656419279 -0.012729430813072779 0.0002762129477150216 -0.002934251535924587 -0.0070805831958470518 0.00051248152713451785 0.0039650899429048659 -0.0059312657050372541 -0.0088255587654622325 0.13487071576734053 0.0088201270669543263 -0.010663353245283457 0.077862703805693739 -0.020006880284381138
leaf_weight=63.585507906973362 695.31002700328827 964.90368846058846 24570.94518891722 1967.8547765715048 979.45845098979771 11235.127382422797 6184.9399882918224 716.16543591022491 680.62887845188379 3.8265497945249072 104.83888013660908 18.628688950091604 7.093219991773366 82.877948265522718
leaf_count=923 18920 24593 123555 15219 11196 44100 48495 14485 13438 60 1059 312 111 1856
internal_value=-3.39924e-05 0.000107043 -0.000639156 -0.00615695 -5.80515e-06 0.00123569 0.00316265 0.000126348 -0.00697438 0.00351627 0.00053194 -0.00926399 0.0137491 -0.0100393
internal_weight=48276.2 47314.7 28483.2 2932.76 25550.4 18831.5 6880.25 11951.3 961.48 172.251 168.424 789.229 25.7219 763.507
internal_count=318322 300563 174563 39812 134751 126000 67415 58585 17759 2042 1982 15717 423 15294
is_linear=0
shrinkage=0.05


Tree=259
num_leaves=15
num_cat=0
split_feature=14 8 12 12 11 2 6 12 6 14 0 7 0 5
split_gain=11.0265 22.597 18.5676 24.7243 11.6226 21.29 11.0578 10.7365 18.5433 24.0835 15.6499 14.3371 19.4501 9.16199
threshold=0.27118565142154699 0.21728539466857913 0.3161716908216477 0.51337742805480968 0.16442550718784335 0.044482989236712463 0.081140570342540755 0.36030194163322454 0.24328649789094928 0.43212217092514044 0.43448722362518316 0.38049298524856573 0.20103310793638232 0.058873571455478675
decision_type=2 2 2 2 2 2 2 2 2 2 2 2 2 2
left_child=1 4 6 -4 5 -1 -3 8 9 -2 -10 -9 -13 -6
right_child=7 2 3 -5 13 -7 -8 11 10 -11 -12 12 -14 -15
leaf_value=-0.0058118989013012917 -0.0026703462137071016 0.014654225750884915 0.0095703012095479413 -0.0052721701828494566 0.00563773724724876 0.0035854538073482253 -6.8141881609571327e-05 -0.00091109138705131466 0.0022647481500220001 0.0011131436602190455 -0.0013984152291361283 0.0019384286386126858 -0.011131156887014187 -0.0015799309480341453
leaf_weight=719.4681292232126 9257.0293748453259 136.22904371470213 1908.2643327564001 328.94147902354598 467.76608157902956 3713.7177749369293 2000.2037823423743 19734.959795631468 12498.098248064518 7708.4903161339462 3802.8377678543329 443.21362494677305 795.78429286181927 7322.5670293085277
leaf_count=3588 43564 640 9025 1125 1985 58515 10413 59932 48341 30684 11220 2733 2985 33572
internal_value=-7.63139e-06 0.00112009 0.00420439 0.00738798 1.65157e-05 0.00206034 0.000870626 -0.000352706 0.000205861 -0.000951272 0.00141017 -0.00123864 -0.00645591 -0.00114655
internal_weight=70837.6 16597.2 4373.64 2237.21 12223.5 4433.19 2136.43 54240.4 33266.5 16965.5 16300.9 20974 1239 7790.33
internal_count=318322 118863 21203 10150 97660 62103 11053 199459 133809 74248 59561 65650 5718 35557
is_linear=0
shrinkage=0.05


Tree=260
num_leaves=15
num_cat=0
split_feature=2 14 8 12 7 3 0 12 8 0 6 7 14 10
split_gain=18.9393 14.5434 11.4553 20.9394 30.1411 10.3014 12.2191 8.86467 12.8125 8.1674 14.3112 7.08343 5.95589 5.26978
threshold=0.098970558494329466 0.14966184645891192 0.058863271027803428 0.32073047757148748 0.72429460287094127 0.57709047198295604 0.51139730215072643 0.19186908006668094 0.19737689197063449 0.021852194331586364 0.085083529353141799 0.41458976268768316 0.44954304397106176 0.71755757927894603
decision_type=2 2 2 2 2 2 2 2 2 2 2 2 2 2
left_child=1 7 3 13 -5 6 -3 8 -1 12 -11 -7 -4 -2
right_child=2 5 9 4 -6 11 -8 -9 -10 10 -12 -13 -14 -15
leaf_value=-0.0053368002750775606 -0.034489465349165256 -0.0036251232496441067 0.017355907441443452 -0.00040278870810897755 0.31568589172517225 -0.00059706605116512101 -0.01740044818855364 -0.019093346808850525 0.0899320696558292 -0.0066354206173765687 0.0003802491953997884 0.010592184284345435 0.0037361424032203911 0.083996281764639913
leaf_weight=127.23765590181574 3.5968850953504434 1517.948976972606 89.348268244415522 1.4500623270869257 1.5715876501053569 1486.7188559919596 180.07966997940093 222.54527846630663 3.6298481551930299 740.94390701781958 38364.073149957694 156.31451691687107 789.91509640216827 1.2696872781962154
leaf_count=10621 155 31620 610 52 50 12812 2730 17795 140 4084 231776 1984 3834 59
internal_value=4.99378e-05 -0.00337529 0.00036636 0.0606142 0.163998 -0.00235499 -0.00508603 -0.0130209 -0.00269434 0.000354474 0.00024732 0.000467454 0.00512014 -0.00357657
internal_weight=43686.6 3694.47 39992.2 7.88822 3.02165 3341.06 1698.03 353.413 130.868 39984.3 39105 1643.03 879.263 4.86657
internal_count=318322 77702 240620 316 102 49146 34350 28556 10761 240304 235860 14796 4444 214
is_linear=0
shrinkage=0.05


Tree=261
num_leaves=14
num_cat=0
split_feature=0 5 14 0 12 10 14 10 4 9 1 4 11
split_gain=17.9015 15.0283 43.9762 27.4703 12.4659 13.4094 13.2142 9.45671 13.2752 10.8344 8.22394 5.85578 4.52985
threshold=0.04619500786066056 0.25870281457901007 0.33799132704734808 0.17350493371486667 0.33265963196754461 0.52261650562286388 0.093795910477638259 0.16797558218240741 0.49000847339630133 0.45140349864959722 0.45524249970912939 0.12880938500165942 0.20759841054677966
decision_type=2 2 2 2 2 2 2 2 2 2 2 2 2
left_child=7 4 3 -3 6 -6 -2 8 11 12 -4 -1 -9
right_child=1 2 10 -5 5 -7 -8 9 -10 -11 -12 -13 -14
leaf_value=0.0066350054169328114 -0.0037672488974103227 -0.010991847230918065 0.0002796595627205811 -0.0026091671775275629 0.00053402213441402634 -0.0073441937992186693 0.0034135329964373553 0.025873825225575214 0.07058941288280382 0.091145571251192312 0.0036720709197776372 -0.0098266755499038794 -0.0082266406216185955
leaf_weight=161.41871383786201 707.00310507323593 1152.0612162677571 15793.329634569585 6443.4615216189995 13398.256462490186 562.81330048106611 6829.0304518034682 9.8260957542806846 7.0787094682455054 2.7666550986468783 2014.3574531897902 81.197428941726685 1095.5552153885365
leaf_count=1662 20053 21921 67439 44694 55807 13307 54307 156 92 35 17912 953 19984
internal_value=-3.5767e-05 0.000128091 -0.000695256 -0.00388062 0.00110104 0.000216427 0.00273986 -0.00569546 0.00309496 -0.00767617 0.0006634 0.0011257 -0.00792351
internal_weight=48258.2 46900.3 25403.2 7595.52 21497.1 13961.1 7536.03 1357.84 249.695 1108.15 17807.7 242.616 1105.38
internal_count=318322 295440 151966 66615 143474 69114 74360 22882 2707 20175 85351 2615 20140
is_linear=0
shrinkage=0.05


Tree=262
num_leaves=15
num_cat=0
split_feature=13 10 14 12 1 13 8 4 11 0 6 8 7 9
split_gain=10.5954 17.4618 31.0909 19.6732 17.0856 15.1637 14.6727 13.0701 7.63761 10.0518 10.6591 6.62089 13.299 6.27273
threshold=0.26587125658988958 0.34476809203624731 0.32928870618343359 0.46369068324565893 0.641278237104416 0.34143237769603735 0.24805076420307162 0.22020247578620913 0.58846008777618419 0.042193565517663963 0.091958139091730132 0.1715408191084862 0.13822686672210696 0.13478083908557895
decision_type=2 2 2 2 2 2 2 2 2 2 2 2 2 2
left_child=8 5 3 -3 -4 6 -2 -7 11 13 -11 12 -1 -10
right_child=1 2 4 -5 -6 7 -8 -9 9 10 -12 -13 -14 -15
leaf_value=-0.006595874798886155 -0.0021793106546125884 0.00036064845762374498 -0.0048370457017429371 0.0093048122913943158 0.0028637218968862342 -0.0017592244250337963 0.0021280955078980339 0.007080694989361213 0.0041255621918102198 0.024614896340270424 0.0030120316222505958 -0.0012241783858466533 0.0039278929412352847 -0.0040890916127833132
leaf_weight=374.2692364603281 2556.3301199451089 20855.963564807549 4549.7041766121984 633.47744352556765 855.76012528315187 519.87160296738148 8724.6812853515148 2136.7667656056583 309.1907571554184 58.721311911940575 2068.3047468364239 24713.539152050391 1516.9925286881626 935.58069912344217
leaf_count=1389 9715 137492 16551 7760 7703 1455 32234 9975 1135 187 6675 77571 4986 3494
internal_value=-8.02111e-06 0.000516028 -0.000228311 0.000624309 -0.00361791 0.00195235 0.00115202 0.00535083 -0.000721853 0.00152 0.00360843 -0.00100598 0.0018453 -0.00204864
internal_weight=70809.2 40832.6 26894.9 21489.4 5405.46 13937.6 11281 2656.64 29976.6 3371.8 2127.03 26604.8 1891.26 1244.77
internal_count=318322 222885 169506 145252 24254 53379 41949 11430 95437 11491 6862 83946 6375 4629
is_linear=0
shrinkage=0.05


Tree=263
num_leaves=15
num_cat=0
split_feature=2 14 7 4 3 12 3 0 6 9 11 14 13 3
split_gain=17.6995 13.697 9.96812 17.6481 10.5459 8.6056 12.6782 7.6114 13.3382 10.3352 8.80559 5.47032 7.96449 4.362
threshold=0.098970558494329466 0.14966184645891192 0.79036831855773937 0.80937808752059948 0.57709047198295604 0.19186908006668094 0.16791681200265887 0.021852194331586364 0.091958139091730132 0.11668583750724794 0.59522229433059703 0.44954304397106176 0.33974944055080419 0.057847445830702789
decision_type=2 2 2 2 2 2 2 2 2 2 2 2 2 2
left_child=1 5 4 -4 -3 6 -1 11 9 -9 -10 13 -13 -2
right_child=7 2 3 -5 -6 -7 -8 8 10 -11 -12 12 -14 -15
leaf_value=0.027392649634179228 0.012899615582804492 -0.005180011758553647 0.13412683837403624 -0.034318319349492678 0.00045015755786026901 -0.018777888171707641 -0.010667339836063574 0.0039248828413412486 0.00059742862106089856 -0.0080350113528539196 -0.0026245054719604998 0.004955217783368872 -0.015348993411703635 0.04902903268492944
leaf_weight=27.830651904456317 80.495106983929873 1683.5473702973686 3.555526944808661 2.7635822724550962 1643.8223978066817 217.94266024557874 102.34323460515589 233.08496386185288 35826.463686272036 802.74045942211524 2254.0527738071978 738.55071925371885 51.677070297300816 9.3216343559324724
leaf_count=1946 533 34178 103 69 14796 17795 8815 1200 221901 4598 8477 3445 389 77
internal_value=5.25208e-05 -0.00326488 -0.00227939 0.0604595 -0.00239854 -0.0127023 -0.00253027 0.000357899 0.000254441 -0.00534376 0.000406717 0.00495643 0.00362742 0.0166493
internal_weight=43678.2 3681.81 3333.69 6.31911 3327.37 348.117 130.174 39996.4 39116.3 1035.83 38080.5 880.045 790.228 89.8167
internal_count=318322 77702 49146 172 48974 28556 10761 240620 236176 5798 230378 4444 3834 610
is_linear=0
shrinkage=0.05


Tree=264
num_leaves=15
num_cat=0
split_feature=0 6 9 5 1 2 6 0 5 3 14 14 2 2
split_gain=16.7681 20.3513 19.1718 18.6075 18.0778 18.0052 13.2079 14.2359 13.4593 10.4211 34.5898 8.79617 7.87171 7.57317
threshold=0.17350493371486667 0.20806106179952624 0.17155207693576816 0.40542292594909674 0.55355966091156017 0.16560094803571704 0.1225307695567608 0.11972086876630784 0.11553942412137987 0.28595843911170965 0.31685169041156774 0.082495290786027922 0.50396135449409496 0.20520769059658053
decision_type=2 2 2 2 2 2 2 2 2 2 2 2 2 2
left_child=2 3 6 5 -5 -2 7 -1 -8 10 -3 -4 -11 -13
right_child=1 9 11 4 -6 -7 8 -9 -10 12 -12 13 -14 -15
leaf_value=-0.0057094711672049762 0.0061106710429147566 -0.010539418237231922 -0.016235739857605781 0.011612045200234502 0.089000392090493652 -0.0018543860773819502 0.076164133320503993 0.020000630071443686 -0.01513864997421926 0.0001181335885236815 0.00096562066341158493 0.0012940527127574056 0.0033263243548352253 -0.0020356390993762851
leaf_weight=662.37921383976936 1574.4715352701023 967.63599636312574 94.541584211401641 520.57969213277102 7.6573056131601325 1291.5089360056445 4.0712757464498273 58.605046330019832 471.15943215973675 30975.745376322418 2011.0786637626588 2604.0711273923516 2037.7864216901362 4961.0261596459895
leaf_count=12990 19757 17483 6645 3697 125 13113 122 1678 10746 128861 11327 43661 7257 40860
internal_value=-3.23882e-05 0.000409629 -0.00199826 0.0041107 0.0127339 0.00252134 -0.00788515 -0.00361963 -0.0143565 6.06029e-05 -0.00277179 -0.0010789 0.000316162 -0.000889487
internal_weight=48242.3 39386.5 8855.85 3394.22 528.237 2865.98 1196.21 720.984 475.231 35992.2 2978.71 7659.64 33013.5 7565.1
internal_count=318322 201620 116702 36692 3822 32870 25536 14668 10868 164928 28810 91166 136118 84521
is_linear=0
shrinkage=0.05


Tree=265
num_leaves=15
num_cat=0
split_feature=1 11 11 14 8 14 8 9 12 2 13 11 14 14
split_gain=9.91809 10.3935 9.35246 9.09176 6.50305 6.7803 5.67337 5.37599 5.5164 7.02099 5.96705 5.08282 2.07127 2.36933
threshold=0.080949626863002791 0.084427498281002059 0.58846008777618419 0.32928870618343359 0.082857225090265288 0.13982754945755008 0.77519717812538158 0.66283288598060619 0.50412410497665416 0.44174599647521978 0.098213788121938719 0.076979458332061781 0.2145107984542847 0.19143228977918628
decision_type=2 2 2 2 2 2 2 2 2 2 2 2 2 2
left_child=7 4 3 -3 11 -6 -4 8 10 -10 -1 -2 13 -9
right_child=1 2 6 -5 5 -7 -8 12 9 -11 -12 -13 -14 -15
leaf_value=-0.010331821699004226 0.0066883053411609071 0.00055538614806318633 0.0031863728653634552 -0.00064662019930865995 -0.00050058537759025909 0.018049836970401498 -0.0058525836898826421 -0.0090734865847949576 -0.00077330510464451263 0.011311498903092156 -0.0025670395734083418 0.01914512459649316 -0.0082107326995077747 -0.033581295569470836
leaf_weight=283.41291670501232 331.6097437441349 29587.2699127011 3051.9748235493898 33593.346516892314 459.56132663600147 55.172209609299898 184.0676521062851 19.961546465754509 858.68560400605202 139.74750784039497 1948.4361842572689 108.74380429647863 140.0027037113905 19.491244375705719
leaf_count=1318 6651 155370 11046 118876 10338 970 531 86 3203 564 6617 2036 629 87
internal_value=-8.12417e-06 0.000125027 5.05548e-05 -8.37247e-05 0.00530383 0.00148776 0.00267223 -0.00263901 -0.00217107 0.000918166 -0.00355306 0.00976447 -0.0110623 -0.0211813
internal_weight=70781.5 67371.7 66416.7 63180.6 955.087 514.734 3236.04 3409.74 3230.28 998.433 2231.85 440.354 179.455 39.4528
internal_count=318322 305818 285823 274246 19995 11308 11577 12504 11702 3767 7935 8687 802 173
is_linear=0
shrinkage=0.05


Tree=266
num_leaves=15
num_cat=0
split_feature=5 14 7 11 1 0 11 1 1 0 14 0 1 5
split_gain=9.04118 22.356 8.46384 14.8477 8.77364 7.62362 14.4202 18.4191 12.2139 13.5565 7.24004 5.94498 3.4545 9.57607
threshold=0.15184450894594195 0.14297498762607577 0.79036831855773937 0.21724485605955127 0.83496728539466869 0.1706390976905823 0.36028604209423071 0.28977246582508093 0.30367144942283636 0.30313658714294439 0.28721702098846441 0.78498014807701122 0.42515803873538976 0.046871725469827659
decision_type=2 2 2 2 2 2 2 2 2 2 2 2 2 2
left_child=1 12 4 -4 -3 6 7 -2 11 -10 -8 -7 -1 -14
right_child=5 2 3 -5 -6 8 10 -9 9 -11 -12 -13 13 -15
leaf_value=-0.031567545672491988 -0.003619385139083546 -0.000360494579583939 0.1165526510022499 -0.03438251214581891 -0.0078232664304157679 0.00046503770594641679 -0.015487198532551795 0.005094551744164141 -8.3827874166273299e-05 -0.0037779297921952306 0.00028290411070638438 0.0069224666342905059 0.16075711976607621 -0.016262639901307663
leaf_weight=41.857118938118219 732.30413827300072 2418.7442783946171 3.9666591491550198 2.7652154695242643 470.44080449594185 14508.426457690075 73.258196786046028 3527.991106654983 5966.8421619320288 4254.2393843210302 11150.016927525401 365.40434529073536 0.7677591247484078 155.35099516855553
leaf_count=1829 2177 29787 106 67 10936 56800 397 41068 63208 44043 52377 1960 20 13547
internal_value=4.89445e-05 -0.00255646 -0.00144517 0.0545538 -0.00157564 0.000247592 0.00112008 0.00359671 -0.000290734 -0.00162139 0.000179967 0.000623677 -0.018812 -0.0153921
internal_weight=43672.4 3093.89 2895.92 6.73187 2889.19 40578.5 15483.6 4260.3 25094.9 10221.1 11223.3 14873.8 197.976 156.119
internal_count=318322 56292 40896 173 40723 262030 96019 43245 166011 107251 52774 58760 15396 13567
is_linear=0
shrinkage=0.05


Tree=267
num_leaves=15
num_cat=0
split_feature=3 2 14 2 12 6 2 10 12 14 9 13 11 3
split_gain=14.7229 13.425 20.2384 18.7372 16.7418 15.6866 9.39347 7.86448 6.91979 23.967 9.55109 4.11389 5.71885 0.333586
threshold=0.091145325452089324 0.068755123764276518 0.2145107984542847 0.10735905170440675 0.40066801011562353 0.14679283648729327 0.017205452546477321 0.18509101867675784 0.22068765014410022 0.20682561397552493 0.27113302052021032 0.60577508807182323 0.52789050340652477 0.088048763573169722
decision_type=2 2 2 2 2 2 2 2 2 2 2 2 2 2
left_child=8 4 3 -3 7 -4 -6 -2 11 -10 -11 12 -1 -13
right_child=1 2 5 -5 6 -7 -8 -9 9 10 -12 13 -14 -15
leaf_value=-0.002138871950372676 0.030701380939075314 1.8999441257998015e-05 0.0060970582942033698 -0.0083568129766814127 0.009603265704215715 -8.1255129636886099e-05 -0.00067284094523342068 0.0050715517986924634 0.13283148993713997 -0.00011626370250097415 -0.015587328416910254 -0.031855520417611125 -0.01223119281609769 -0.011409151104733634
leaf_weight=230.58188861049712 30.286929845809937 1263.983797444962 1056.6279657892883 1415.4407848492265 239.00284398719668 37108.349584169686 3198.7598388213664 2545.7025493877009 3.284168940037488 638.64184399694204 118.22669224813581 20.689293242059652 358.77010840363801 2.207747306674718
leaf_count=4781 143 25775 12623 31864 866 188351 13223 22600 78 8912 1626 621 6771 88
internal_value=-2.98668e-05 0.000119637 -0.000205107 -0.00440563 0.00232525 8.97964e-05 4.15826e-05 0.00537289 -0.00513441 -0.00194809 -0.00253292 -0.00909046 -0.00828261 -0.0298841
internal_weight=48230.6 46858.2 40844.4 2679.42 6013.75 38165 3437.76 2575.99 1372.4 760.153 756.869 612.249 589.352 22.897
internal_count=318322 295445 258613 57639 36832 200974 14089 22743 22877 10616 10538 12261 11552 709
is_linear=0
shrinkage=0.05


Tree=268
num_leaves=15
num_cat=0
split_feature=13 14 14 5 10 0 7 5 1 4 3 7 10 0
split_gain=9.29876 11.2644 14.036 26.3335 17.8574 13.1018 11.4558 7.71403 6.78763 6.704 10.1292 6.85578 4.35559 7.10434
threshold=0.20622707158327105 0.45660056173801428 0.33799132704734808 0.25870281457901007 0.34476809203624731 0.49360084533691412 0.49488236010074621 0.29835873842239385 0.18579021841287616 0.13135553151369098 0.72584822773933422 0.092027142643928542 0.21771002560853961 0.11329082027077676
decision_type=2 2 2 2 2 2 2 2 2 2 2 2 2 2
left_child=8 2 3 -2 -4 6 -3 -7 12 11 -11 -10 -1 -14
right_child=1 5 4 -5 -6 7 -8 -9 9 10 -12 -13 13 -15
leaf_value=-0.0019444466538560594 -0.00056775380834650556 0.0018859938992677331 -8.1649258829984101e-05 0.0023854293187927419 -0.0038028645160178651 0.046931478813967573 0.014632871024109595 0.01011523211905851 -0.01227139615897241 1.6843237627609604e-05 -0.012682601460262755 0.0073676218496449789 -0.015285664531588042 0.007727949110746677
leaf_weight=10480.145761668682 16978.923269191757 4342.8067849949002 12271.69561605528 13591.026870669797 4372.7168530225754 25.490768194198608 183.7186195962131 32.201617628335953 48.946726649999619 7516.3602037280798 160.36706668138504 482.44984528422356 39.120807722210884 234.8498127758503
leaf_count=32998 112953 17648 43185 64162 19389 70 1836 87 139 23319 440 1332 111 653
internal_value=-7.96949e-06 0.000338825 0.000109072 0.000745195 -0.00105926 0.00270513 0.00240335 0.0263821 -0.000955297 0.000127507 -0.000248449 0.00555868 -0.00178175 0.00444179
internal_weight=70760.8 51798.6 47214.4 30570 16644.4 4584.22 4526.53 57.6924 18962.2 8208.12 7676.73 531.397 10754.1 273.971
internal_count=318322 259330 239689 177115 62574 19641 19484 157 58992 25230 23759 1471 33762 764
is_linear=0
shrinkage=0.05


Tree=269
num_leaves=15
num_cat=0
split_feature=2 14 8 12 1 3 0 4 0 0 6 7 1 14
split_gain=15.7509 12.4615 10.1109 15.7631 18.3259 8.75979 11.8077 8.50996 10.4488 7.12339 12.4796 6.63881 5.04466 5.03995
threshold=0.098970558494329466 0.14966184645891192 0.058863271027803428 0.32073047757148748 0.66410091519355785 0.57709047198295604 0.51139730215072643 0.62469902634620678 0.15603690594434741 0.021852194331586364 0.085083529353141799 0.41458976268768316 0.84153133630752575 0.44954304397106176
decision_type=2 2 2 2 2 2 2 2 2 2 2 2 2 2
left_child=1 7 3 -2 -5 6 -3 12 -9 13 -11 -7 -1 -4
right_child=2 5 9 4 -6 11 -8 8 -10 10 -12 -13 -14 -15
leaf_value=-0.018294697655186848 -0.0033033459674550788 -0.0032650148824810554 0.015971684420998462 0.021723312584096877 0.24997905106434626 -0.00060052282155691498 -0.016951695308102078 0.015529184515922445 -0.015158089447394827 -0.0062265816667304652 0.00034537266563546682 0.010191393299878206 0.079640256946897359 0.0034926710753761595
leaf_weight=227.38499699532986 4.8260272950865311 1501.1952780960128 90.151553589850664 1.7584021752700212 1.7589965146034954 1486.7301741540432 176.06508331932127 51.872721692081541 59.621937966905534 736.21497149486095 38379.174578794744 157.61365560442209 1.3225603546015907 789.34653447195888
leaf_count=18366 214 31620 610 44 58 12812 2730 4467 5628 4084 231776 1984 95 3834
internal_value=4.59045e-05 -0.00309284 0.000333218 0.0553692 0.13587 -0.00215936 -0.00470173 -0.0122069 -0.000880882 0.000321736 0.000221678 0.000433904 -0.0177284 0.00477181
internal_weight=43665 3661.81 40003.2 8.34343 3.5174 3321.6 1677.26 340.202 111.495 39994.9 39115.4 1644.34 228.708 879.498
internal_count=318322 77702 240620 316 102 49146 34350 28556 10095 240304 235860 14796 18461 4444
is_linear=0
shrinkage=0.05


Tree=270
num_leaves=15
num_cat=0
split_feature=0 6 5 2 9 10 13 3 8 6 4 2 9 10
split_gain=14.3912 18.9524 21.7781 20.7238 17.0872 15.3897 14.9986 34.3753 13.408 16.6119 10.6439 7.21801 11.2996 9.02486
threshold=0.17350493371486667 0.21891595423221591 0.39955316483974462 0.1671620458364487 0.1961699649691582 0.44887816905975347 0.33282446861267095 0.31182309985160833 0.29213929176330572 0.12951166927814486 0.37429200112819677 0.025210767053067688 0.52356430888175975 0.44612093269824987
decision_type=2 2 2 2 2 2 2 2 2 2 2 2 2 2
left_child=4 2 3 -2 8 -4 10 -8 9 -1 -3 13 -13 -6
right_child=1 6 5 -5 11 -7 7 -9 -10 -11 -12 12 -14 -15
leaf_value=-0.0011429993462336455 0.0052913609512988992 0.00040396966434530783 0.0072693668628594325 -0.0025167395049790994 0.0061376044681542763 0.024262127706289535 -0.0083748620295961782 -0.00037686324247252959 -0.003059753076617489 -0.017814883379976523 0.0053577514347909107 -0.00076268684103459813 -0.024135817600515516 0.047132615017201944
leaf_weight=232.11573827452958 1960.1382664497942 24145.663858659565 533.45998180657625 1500.2074637366459 121.26077974960208 177.60199305601418 1601.7682107109576 8330.6126787737012 1276.9377843718976 419.34972176421434 1135.3279105462134 6702.2652776199393 52.11125461384654 15.096505787223576
leaf_count=7276 23610 83246 3153 14832 1218 1888 22976 43787 19659 12433 8138 75436 312 197
internal_value=-5.16734e-05 0.000357141 0.00354391 0.00190622 -0.00187737 0.0115136 -2.03664e-05 -0.00166668 -0.00603768 -0.0118747 0.000626436 -0.000713086 -0.000943015 0.0106763
internal_weight=48203.9 39384.8 4171.41 3460.35 8819.14 711.062 35213.4 9932.38 1928.4 651.465 25281 6890.73 6754.38 136.357
internal_count=318161 201630 43483 38442 116531 5041 158147 66763 39368 19709 91384 77163 75748 1415
is_linear=0
shrinkage=0.05


Tree=271
num_leaves=13
num_cat=0
split_feature=1 14 8 1 10 8 13 14 7 5 0 10
split_gain=9.87824 9.46891 17.0262 24.8661 10.0623 19.7256 17.934 9.73195 7.07765 5.0629 4.38838 2.68743
threshold=0.065511871129274382 0.27616171538829809 0.21728539466857913 0.61788472533226024 0.34476809203624731 0.28863736987113958 0.29450553655624395 0.17757028341293338 0.39352485537528997 0.046871725469827659 0.03458578139543534 0.31014172732830053
decision_type=2 2 2 2 2 2 2 2 2 2 2 2
left_child=8 2 7 -4 6 -6 -3 -2 9 11 -11 -1
right_child=1 4 3 -5 5 -7 -8 -9 -10 10 -12 -13
leaf_value=-0.0115273715983752 0.0022854616014920366 -0.00039658562295467718 0.0046093430532867258 -0.0086098529841899703 6.6494098296476038e-05 -0.0039462590866504599 0.0023221024764246488 -0.00079660372296910711 0.026329148998543214 -0.0091771448603381201 -0.00230593217086579 -0.034159147591072518
leaf_weight=62.416476681828499 3606.6879792157561 30952.233568243682 4532.1535810977221 386.04526912048459 7971.0417972169816 4973.3851491995156 7544.5148419700563 8836.4215669389814 19.569086462259293 274.13436426967382 1525.1878479868174 16.607260420918465
leaf_count=267 55744 99174 19904 3705 39443 19220 30151 43250 56 1166 6024 57
internal_value=-2.66807e-05 7.14795e-05 0.00108116 0.00357173 -0.000269285 -0.00147525 0.000136217 9.6746e-05 -0.00358515 -0.0038968 -0.00335279 -0.0162836
internal_weight=70700.4 68802.5 17361.3 4918.2 51441.2 12944.4 38496.7 12443.1 1897.92 1878.35 1799.32 79.0237
internal_count=318161 310591 122603 23609 187988 58663 129325 98994 7570 7514 7190 324
is_linear=0
shrinkage=0.05


Tree=272
num_leaves=15
num_cat=0
split_feature=2 14 0 11 1 11 3 14 12 8 7 7 11 3
split_gain=13.9785 14.2684 11.059 18.6546 20.8541 12.4723 17.5024 10.4224 9.19505 16.1721 8.98993 8.38521 11.7403 7.86019
threshold=0.098970558494329466 0.13351719081401828 0.13029550015926364 0.36028604209423071 0.28977246582508093 0.090278781950473799 0.20504212379455569 0.2686238586902619 0.18156374245882037 0.1728395223617554 0.46822060644626623 0.79036831855773937 0.21724485605955127 0.72584822773933422
decision_type=2 2 2 2 2 2 2 2 2 2 2 2 2 2
left_child=1 8 3 4 -2 6 -4 -7 9 -1 -5 13 -13 -3
right_child=2 11 5 10 -6 7 -8 -9 -10 -11 -12 12 -14 -15
leaf_value=-0.0067534201376744487 -0.0029908511419963063 -0.0034968259857175417 0.031566033673256347 0.0010720247709964882 0.0079821995009658232 -0.0025508688494607201 -0.0079210169041336164 0.0001741359971840867 -0.020282843996732899 0.075092834502683004 -0.0050046912602768751 0.095711284432339783 -0.034346953916984967 0.0020335069266423918
leaf_weight=100.50988280773163 558.1767842322588 2478.0776687250473 71.605874293018132 8057.4656113088131 1930.557581840083 4093.5850484706461 46.148470837622881 24567.678359480575 183.59241555444896 6.4210054595023385 658.36828435212374 4.9776538917794815 2.6637403815984726 867.38445722684264
leaf_count=8728 1636 44331 2548 33976 17044 51070 2521 126129 16575 323 5797 140 67 7276
internal_value=0.000100332 -0.00286446 0.000370508 0.00170319 0.00552115 -0.000148348 0.0160909 -0.000215067 -0.0134942 -0.0018387 0.000613008 -0.00194347 0.0503738 -0.00206297
internal_weight=43627.2 3643.63 39983.6 11204.6 2488.73 28779 117.754 28661.3 290.523 106.931 8715.83 3353.1 7.64139 3345.46
internal_count=318161 77440 240721 58453 18680 182268 5069 177199 25626 9051 39773 51814 207 51607
is_linear=0
shrinkage=0.05


Tree=273
num_leaves=15
num_cat=0
split_feature=2 11 12 0 13 3 13 4 7 0 6 9 11 5
split_gain=13.6038 15.7789 29.3006 22.6392 17.3816 13.4939 13.057 16.1456 13.5789 12.9712 16.0933 9.0864 3.40322 3.44964
threshold=0.059079712256789214 0.20513755083084109 0.29545515775680548 0.29087823629379278 0.72319713234901439 0.064831707626581206 0.3126473873853684 0.54836273193359386 0.33488194644451147 0.075719065964221968 0.14679283648729327 0.13986595720052722 0.24582467973232272 0.18257407099008563
decision_type=2 2 2 2 2 2 2 2 2 2 2 2 2 2
left_child=5 2 4 -4 -2 12 8 -8 -7 11 -11 -3 -1 -14
right_child=1 9 3 -5 -6 6 7 -9 -10 10 -12 -13 13 -15
leaf_value=0.028584680637483123 0.0043946370508439149 -0.012018362816892454 -0.015155872532416138 -0.0038240836694571757 -0.0074198884374083954 0.0021252371160603053 0.0029741640063128297 0.012685508305679992 -0.0071484374024585601 0.0070885729458087651 3.5582007957523867e-05 -0.0024728694761717018 -0.027475933863167431 0.038433092833810134
leaf_weight=3.1508251428604117 1244.5721330074593 282.26613064855337 656.6978340819478 1340.4372310489416 415.16015981324017 2103.3279475457966 1544.3059241417795 592.08324136026204 485.92295765131712 827.12068727053702 36506.512499880046 2135.1335044857115 50.866828106343746 2.0659189485013476
leaf_count=55 20131 5665 22087 9026 17127 6757 6351 10439 3914 9977 178217 27103 1250 62
internal_value=-4.83039e-05 -0.000327129 -0.00347012 -0.0075502 0.00143939 0.00248283 0.00277219 0.00566559 0.000384853 -3.79915e-05 0.00019184 -0.00358744 -0.0218985 -0.0249036
internal_weight=48189.6 43407.9 3656.87 1997.14 1659.73 4781.72 4725.64 2136.39 2589.25 39751 37333.6 2417.4 56.0836 52.9327
internal_count=318161 289333 68371 31113 37258 28828 27461 16790 10671 220962 188194 32768 1367 1312
is_linear=0
shrinkage=0.05


Tree=274
num_leaves=15
num_cat=0
split_feature=11 13 12 5 14 8 2 11 13 14 11 7 13 3
split_gain=9.68585 9.01499 11.2392 8.97768 7.03217 8.09079 7.44719 6.92469 9.29198 6.76342 6.11527 4.21596 8.1099 3.18801
threshold=0.084427498281002059 0.098213788121938719 0.44581159949302679 0.13849860429763797 0.14966184645891192 0.082857225090265288 0.065604388713836684 0.090278781950473799 0.71746632456779491 0.080612137913703932 0.076979458332061781 0.71463012695312511 0.47272749245166784 0.2459676414728165
decision_type=2 2 2 2 2 2 2 2 2 2 2 2 2 2
left_child=4 2 -2 -4 5 10 -7 8 -3 -9 -1 13 -13 -6
right_child=1 7 3 -5 11 6 -8 9 -10 -11 -12 12 -14 -15
leaf_value=0.0055397281270870595 -0.01429786315354304 -0.00096099464014085922 -0.017000471587614936 -0.00066357148352309912 0.004154956281144268 -0.0099054079176563396 0.0036110239750412319 0.0086040726163319394 -0.020127078360619409 -1.269869842082854e-05 0.019480126730847841 -0.06477916521427661 0.02867552729324585 0.036450344552517798
leaf_weight=332.5262577328831 228.19354683160782 172.97548351623118 92.03045280277729 975.13969022035599 9.8606038838624936 147.9510485548526 327.46368812583387 228.4946583583951 99.681106271222234 67917.621272869408 103.04853657633066 3.7579278741031867 6.0728567112237215 33.955247206613421
leaf_count=6588 1029 2942 412 3658 237 2352 8320 4312 2076 283678 1919 65 101 472
internal_value=-2.50074e-05 -9.38592e-05 -0.00422608 -0.00207243 0.00495091 0.00391494 -0.000595346 -1.56243e-05 -0.00796796 1.61934e-05 0.00883776 0.022543 -0.00704858 0.0291824
internal_weight=70678.8 69714.1 1295.36 1067.17 964.636 910.99 475.415 68418.8 272.657 68146.1 435.575 53.6466 9.83078 43.8159
internal_count=318161 298107 5099 4070 20054 19179 10672 293008 5018 287990 8507 875 166 709
is_linear=0
shrinkage=0.05


Tree=275
num_leaves=15
num_cat=0
split_feature=2 13 1 11 14 5 7 11 1 1 10 1 9 3
split_gain=13.1501 14.7114 25.3896 12.4737 12.409 9.91397 9.7908 7.44974 9.04632 11.0645 6.36273 11.555 7.85499 5.76539
threshold=0.17808742821216586 0.48314251005649572 0.53419834375381481 0.21724485605955127 0.55301114916801464 0.30201172828674322 0.46302093565464025 0.093156021088361754 0.51266077160835277 0.63157218694686901 0.16166709363460544 0.17513287812471393 0.506648749113083 0.13535454124212268
decision_type=2 2 2 2 2 2 2 2 2 2 2 2 2 2
left_child=1 4 -3 -4 5 -1 -6 8 13 -10 11 -9 -12 -2
right_child=7 2 3 -5 6 -7 -8 10 9 -11 12 -13 -14 -15
leaf_value=-0.00042827046976883995 -0.040668640246990649 -0.017649941262957988 0.00094705533855471012 -0.01133781340875057 0.018675349220758346 -0.0081055691483863761 0.097253072737316398 0.00053650667455995722 0.052666691210836225 0.0036714934541444595 0.00081546551489237746 -0.0035234957246359404 0.009758871977079947 0.015766970688225121
leaf_weight=7427.186632304918 9.037467688322069 363.73738351790234 773.98644033633173 281.88415150344372 31.272056821733713 445.74085524491966 4.5397167205810538 5808.8898691982031 24.153558637946844 22.03553543612361 25660.332177437842 2509.628581173718 247.88777078688145 9.0643924139440042
leaf_count=95166 44 9476 38641 5749 367 5503 72 17901 245 375 133397 10066 1099 60
internal_value=9.38857e-05 -0.00157061 -0.00625728 -0.00233262 -0.000729359 -0.000862935 0.0286363 0.000546686 0.017551 0.0292924 0.000514746 -0.000688363 0.000901035 -0.0124089
internal_weight=43619.4 9328.35 1419.61 1055.87 7908.74 7872.93 35.8118 34291 64.291 46.1891 34226.7 8318.52 25908.2 18.1019
internal_count=318161 154974 53866 44390 101108 100669 439 163187 724 620 162463 27967 134496 104
is_linear=0
shrinkage=0.05


Tree=276
num_leaves=15
num_cat=0
split_feature=2 13 12 4 9 7 7 3 12 13 2 4 0 4
split_gain=13.2438 28.1987 31.218 20.4371 17.1746 16.9254 13.5951 12.8039 11.1751 10.5077 10.2775 8.96249 8.71482 8.38966
threshold=0.134121909737587 0.2995805442333222 0.3924687802791596 0.27401696145534521 0.28868946433067327 0.33221670985221868 0.54531404376029979 0.057847445830702789 0.30577552318573004 0.81058362126350414 0.025210767053067688 0.15130255371332171 0.069207824766635909 0.65874299407005321
decision_type=2 2 2 2 2 2 2 2 2 2 2 2 2 2
left_child=4 5 3 -3 7 8 -4 -1 -2 -9 13 -7 -12 -6
right_child=1 2 6 -5 10 11 -8 9 -10 -11 12 -13 -14 -15
leaf_value=-0.0121661314840046 -0.0028930809118027081 0.0013023291375723119 -0.010205320466869337 -0.0033192734292184969 0.0039855853812563943 0.063844668334993679 -0.03026776578546499 0.0048729762010423045 0.00058971960103484716 -0.019963155719408918 -0.0090489615534071616 0.0052974429887450592 2.7067063101190943e-05 0.021341396262706928
leaf_weight=117.72017668001354 2680.5913875605911 3403.6883050575852 517.53498239163309 8048.3000009716488 737.45693171769381 6.5646205358207217 100.90516877174377 3658.2698227968067 16360.517000861466 43.088818944524974 271.24331863597035 1534.8176180804148 10620.644173103385 76.889539310708642
leaf_count=3215 19534 18364 3919 85921 2680 42 2977 47814 59552 1945 3724 11585 56045 844
internal_value=-4.62345e-05 -0.000617859 -0.00253658 -0.00194567 0.00115601 0.000507357 -0.0134787 0.00406754 9.94138e-05 0.00458385 0.00020614 0.00554679 -0.000198955 0.0056243
internal_weight=48178.2 32652.9 12070.4 11452 15525.3 20582.5 618.44 3819.08 19041.1 3701.36 11706.2 1541.38 10891.9 814.346
internal_count=318161 201894 111181 104285 116267 90713 6896 52974 79086 49759 63293 11627 59769 3524
is_linear=0
shrinkage=0.05


Tree=277
num_leaves=15
num_cat=0
split_feature=11 7 4 11 6 12 8 6 2 11 10 2 0 4
split_gain=9.10266 8.56262 9.08981 7.36999 11.0853 7.30356 6.66395 7.07329 12.048 6.4399 8.1691 5.02314 5.00555 3.12572
threshold=0.084427498281002059 0.11563796922564508 0.21030142903327945 0.61890384554862987 0.22777157276868823 0.3550510853528977 0.082857225090265288 0.25120162963867193 0.073865767568349852 0.076979458332061781 0.41560856997966772 0.14567809551954272 0.83722016215324413 0.49286180734634405
decision_type=2 2 2 2 2 2 2 2 2 2 2 2 2 2
left_child=6 2 12 4 -3 -5 9 8 -8 10 -1 -9 -2 -11
right_child=1 3 -4 5 -6 -7 7 11 -10 13 -12 -13 -14 -15
leaf_value=-0.075712962193613648 -0.0016000445354783233 -0.0010518738146977327 -0.036534397175524529 0.0034399752480082607 0.00039275003034377684 -0.02393202286398512 -0.014586608694160737 0.012699271405520452 0.004027956242351533 0.010717050024617071 0.0065955229212851397 -0.041492918693104779 -0.0080903128048678864 0.027659542101083175
leaf_weight=3.0418895594775668 4054.3627629354596 18940.104017516598 19.222013860940933 1913.1349336504936 44431.437146514654 24.684785425662994 134.35030955821276 127.70079396292567 246.25285365059972 50.74417950026691 335.6218944247812 4.4241831302642813 320.56361655145884 58.730109052732587
leaf_count=12 13749 109635 55 6888 166346 71 2878 1812 6570 308 6695 53 1363 1726
internal_value=-2.32476e-05 -8.98758e-05 -0.00222634 5.38702e-05 -3.90104e-05 0.0030913 0.00481012 0.00091728 -0.00254286 0.00926404 0.00585623 0.0108847 -0.00207561 0.0198063
internal_weight=70664.4 69703.5 4394.15 65309.4 63371.5 1937.82 960.866 512.728 380.603 448.138 338.664 132.125 4374.93 109.474
internal_count=318161 298107 15167 282940 275981 6959 20054 11313 9448 8741 6707 1865 15112 2034
is_linear=0
shrinkage=0.05


Tree=278
num_leaves=15
num_cat=0
split_feature=2 14 0 11 1 11 3 13 12 8 7 7 10 12
split_gain=12.5616 13.3878 9.88057 17.4934 19.3501 11.333 15.6189 12.8018 8.86775 14.2243 8.47607 7.51259 10.1282 7.49014
threshold=0.098970558494329466 0.13351719081401828 0.13029550015926364 0.36028604209423071 0.28977246582508093 0.090278781950473799 0.21548624336719516 0.50480654835701 0.18156374245882037 0.1728395223617554 0.46822060644626623 0.79036831855773937 0.5905975103378297 0.59082725644111644
decision_type=2 2 2 2 2 2 2 2 2 2 2 2 2 2
left_child=1 8 3 4 -2 6 -4 -7 9 -1 -5 13 -13 -3
right_child=2 11 5 10 -6 7 -8 -9 -10 -11 -12 12 -14 -15
leaf_value=-0.0064997768994249951 -0.0029182488867445637 -0.0025506976988470156 0.02774250153240776 0.0009907475077511592 0.0076475082448963895 8.2501164461220211e-05 -0.010805798717811848 -0.004022830768310089 -0.019923691359022336 0.06786646370017918 -0.0049163264303253443 -0.034227335557632133 0.085819818544490237 0.0074975723814532163
leaf_weight=99.580037284176797 557.77841874957085 3138.0539235062897 80.789026459213346 8057.9057851098478 1942.2534094210714 26606.70320669096 38.944002775475383 2044.905552319251 178.88513044873253 6.8739745598286381 656.77932882681489 2.6097311452031127 5.3771172184497118 197.10784147307277
leaf_count=8728 1636 50055 2887 33976 17044 149640 2182 27559 16575 323 5797 75 132 1552
internal_value=8.8738e-05 -0.00272815 0.000344353 0.00160326 0.0052902 -0.000146352 0.0152044 -0.000210502 -0.013124 -0.00169778 0.000545563 -0.00184086 0.046594 -0.00195685
internal_weight=43614.5 3628.49 39986.1 11214.7 2500.03 28771.3 119.733 28651.6 285.339 106.454 8714.69 3343.15 7.98685 3335.16
internal_count=318161 77440 240721 58453 18680 182268 5069 177199 25626 9051 39773 51814 207 51607
is_linear=0
shrinkage=0.05


Tree=279
num_leaves=15
num_cat=0
split_feature=0 6 5 9 13 10 13 5 7 8 6 10 7 1
split_gain=12.9138 17.3959 20.0436 15.5998 14.7805 13.9944 13.1972 32.7199 14.3471 13.0284 16.1005 7.20076 10.3674 8.5381
threshold=0.17350493371486667 0.21891595423221591 0.39955316483974462 0.1961699649691582 0.54101943969726574 0.43492554128170019 0.33282446861267095 0.25538852810859686 0.37514415383338934 0.29213929176330572 0.12951166927814486 0.18509101867675784 0.29773412644863134 0.84889018535614025
decision_type=2 2 2 2 2 2 2 2 2 2 2 2 2 2
left_child=3 2 4 9 -2 -4 8 -8 -3 10 -1 13 -13 -5
right_child=1 6 5 11 -6 -7 7 -9 -10 -11 -12 12 -14 -15
leaf_value=-0.0010092987616256708 -0.00074731275379480129 0.0002856329117778865 0.0065513057796540977 0.001595130179201768 0.0059759050964209477 0.021961877632720714 0.00052795698290047661 -0.0055104595220330232 0.0052938197409008077 -0.0028326687874632561 -0.017496636041289509 -0.0057635971170622181 -0.00039449635239665232 0.041564763971356958
leaf_weight=231.18780235946178 2143.7051146458834 23763.109186913818 510.6984290368855 1982.4418991617858 1321.3622764004394 207.04294828884304 6468.666359574534 3434.5120875565335 1521.5879140971228 1268.3915428323671 411.87858775118366 1187.8561006113887 3698.562527816277 13.451727174222468
leaf_count=7276 20358 82407 2943 11647 18084 2098 41047 25716 8977 19659 12433 7825 57570 121
internal_value=-4.35528e-05 0.00034338 0.00339177 -0.00177589 0.00181651 0.0109967 -1.89845e-05 -0.00156622 0.000587017 -0.00577191 -0.0115693 -0.000666059 -0.00169969 0.00186451
internal_weight=48164.5 39370.7 4182.81 8793.77 3465.07 717.741 35187.9 9903.18 25284.7 1911.46 643.066 6882.31 4886.42 1995.89
internal_count=318161 201630 43483 116531 38442 5041 158147 66763 91384 39368 19709 77163 65395 11768
is_linear=0
shrinkage=0.05


Tree=280
num_leaves=15
num_cat=0
split_feature=11 13 12 5 14 8 2 12 6 11 7 4 7 3
split_gain=8.68699 8.11583 10.6692 8.34465 6.71517 7.24561 6.61329 6.30047 6.59438 5.62633 4.03599 8.75349 3.68641 3.12943
threshold=0.084427498281002059 0.098213788121938719 0.44581159949302679 0.13849860429763797 0.14966184645891192 0.082857225090265288 0.065604388713836684 0.60710647702217113 0.2213467136025429 0.076979458332061781 0.71463012695312511 0.53440678119659435 0.28140664100646978 0.2459676414728165
decision_type=2 2 2 2 2 2 2 2 2 2 2 2 2 2
left_child=4 2 -2 -4 5 9 -7 8 -3 -1 13 -12 -9 -6
right_child=1 7 3 -5 10 6 -8 12 -10 -11 11 -13 -14 -15
leaf_value=0.0052530826212274853 -0.013882952810330633 -0.00073800502170874962 -0.016429025981641556 -0.00056961586257388926 0.0039430297593764235 -0.0092435539945305515 0.0034467498310249175 -0.0058645811627190177 0.00033921354273980264 0.018789283953799554 -0.060219846321512886 0.03480368624777469 -0.030925568991853766 0.036150716752245314
leaf_weight=329.72269490733743 225.96647089719772 20199.12137311697 90.664747402071953 973.72137765586376 9.7892989609390479 149.90123336203396 325.77946988493204 296.17608819901943 47892.437712021172 100.06334671936929 4.3074587620794755 5.5415274109691381 15.438887523487208 32.853077340871096
leaf_count=6588 1029 112408 412 3658 237 2352 8320 1026 179395 1919 42 124 179 472
internal_value=-2.19073e-05 -8.69085e-05 -0.00401539 -0.00192053 0.00470707 0.00369913 -0.000552345 -1.2802e-05 1.96604e-05 0.0084046 0.0220938 -0.0067549 -0.00710622 0.0287569
internal_weight=70651.5 69693.5 1290.35 1064.39 957.958 905.467 475.681 68403.2 68091.6 429.786 52.4914 9.84899 311.615 42.6424
internal_count=318161 298107 5099 4070 20054 19179 10672 293008 291803 8507 875 166 1205 709
is_linear=0
shrinkage=0.05


Tree=281
num_leaves=15
num_cat=0
split_feature=2 14 0 13 11 2 11 0 0 1 9 3 5 11
split_gain=11.6852 12.6866 9.29567 22.3297 13.3081 8.68827 7.78681 9.04121 8.8269 7.49196 9.91261 7.02197 12.2926 11.2154
threshold=0.098970558494329466 0.14966184645891192 0.29087823629379278 0.49924211204051977 0.18776062875986102 0.2321155518293381 0.5192144811153413 0.012256528716534378 0.077999055385589613 0.48785774409770971 0.44529171288013464 0.72584822773933422 0.058873571455478675 0.12316718325018884
decision_type=2 2 2 2 2 2 2 2 2 2 2 2 2 2
left_child=1 9 6 4 -4 -5 8 -8 -2 -1 -11 12 -3 -13
right_child=2 11 3 5 -6 -7 7 -9 -10 10 -12 13 -14 -15
leaf_value=-0.029892897009371817 0.0043709299734016596 -0.017319900174651709 -0.013719696867312475 -0.015477781809310804 -0.00012630604678443675 -0.00038073885731477542 0.0095576403239399296 -0.00085841283347311021 0.0010523810787474947 -0.010074289340585033 0.063846373717660818 0.05279286975651392 -0.0021955799137611544 0.0015252700431145514
leaf_weight=49.903742276597768 2300.2190322764218 142.72596725355834 182.26842511631548 343.91469768621027 14816.186088234186 131.82929345592856 215.28212069347501 6454.9843080788851 15548.849322278053 269.84007066627964 4.6127229379490009 10.802933346480129 2288.759373633191 851.87410910800099
leaf_count=2565 12733 3208 3138 7197 80189 1070 944 26667 108783 25464 379 155 38668 7001
internal_value=8.35889e-05 -0.00263732 0.000329771 -0.000629775 -0.000291499 -0.0112944 0.000935342 -0.000522236 0.00148004 -0.0120722 -0.00883191 -0.00170832 -0.00308336 0.00216727
internal_weight=43612.1 3618.52 39993.5 15474.2 14998.5 475.744 24519.3 6670.27 17849.1 324.357 274.453 3294.16 2431.49 862.677
internal_count=318161 77440 240721 91594 83327 8267 149127 27611 121516 28408 25843 49032 41876 7156
is_linear=0
shrinkage=0.05


Tree=282
num_leaves=15
num_cat=0
split_feature=0 6 5 2 12 13 3 7 7 8 13 3 4 5
split_gain=12.1375 15.9673 15.6063 19.0794 14.9874 13.351 35.4078 13.7782 11.5136 10.3498 14.4703 9.08834 8.93531 8.30957
threshold=0.17350493371486667 0.22906583547592166 0.38046748936176306 0.1671620458364487 0.19610616564750674 0.33282446861267095 0.31182309985160833 0.41969817876815801 0.61836466193199169 0.33472044765949255 0.38530139625072485 0.050578450784087188 0.69927769899368297 0.23382306843996051
decision_type=2 2 2 2 2 2 2 2 2 2 2 2 2 2
left_child=4 2 3 -2 9 7 -7 -3 -4 13 -11 -6 -13 -1
right_child=1 5 8 -5 11 6 -8 -9 -10 10 -12 12 -14 -15
leaf_value=-0.0042961337734994717 0.0044944190004396227 0.00037219297835788335 0.0073118645760187929 -0.0026036561072904185 -0.012107380938012637 -0.0090036882283284787 -0.00036817960716832538 0.0081195741846543049 0.032086412596024537 -0.0075830299058343518 0.012780002838371749 -0.0012325945396317783 0.0049729802443018766 -0.016418869579419879
leaf_weight=231.84766946919262 2290.5208873320371 24549.640592055395 969.12019030377269 1613.7083140611649 179.21280568093061 1396.3936402779073 7917.2723895842209 587.61931023932993 49.281296631321311 285.96428755111992 125.54560630768538 6962.7483187327161 632.79598633665591 362.17297097714618
leaf_count=11091 26757 86369 6582 15676 3588 20077 41393 4146 630 5471 2168 73437 10065 10711
internal_value=-4.00919e-05 0.000334771 0.00299847 0.00156062 -0.00172109 -4.58405e-05 -0.0016629 0.000553299 0.00851073 -0.00746524 -0.00137057 -0.000978186 -0.000715599 -0.0116873
internal_weight=48153.8 39373.6 4922.63 3904.23 8780.29 34450.9 9313.67 25137.3 1018.4 1005.53 411.51 7774.76 7595.54 594.021
internal_count=318161 201630 49645 42433 116531 151985 61470 90515 7212 29441 7639 87090 83502 21802
is_linear=0
shrinkage=0.05


Tree=283
num_leaves=15
num_cat=0
split_feature=14 8 1 2 13 11 2 4 13 2 6 7 1 10
split_gain=8.23645 16.9621 25.0546 15.5605 13.2592 12.412 20.0812 9.49047 7.9772 28.1543 20.5375 15.8177 26.7362 9.35287
threshold=0.27616171538829809 0.20387546718120578 0.69298991560935985 0.20711787045001986 0.48314251005649572 0.16442550718784335 0.044482989236712463 0.57604274153709423 0.50206339359283458 0.29447713494300848 0.091958139091730132 0.54829522967338573 0.7231484353542329 0.53103807568550121
decision_type=2 2 2 2 2 2 2 2 2 2 2 2 2 2
left_child=1 5 4 -4 -3 6 -1 -7 11 10 -10 13 -13 -2
right_child=8 2 3 -5 -6 7 -8 -9 9 -11 -12 12 -14 -15
leaf_value=-0.0056963874794869716 -0.00026289611413820674 0.0053782132810200299 -0.012790015383161081 -0.097727666432103955 0.00037200749613987044 -0.00095578669766015591 0.0034861371501665435 -0.0080883815051076471 -0.057029692243466983 -0.0045139765857825798 0.011481601576860781 -0.0072106401671451804 0.0036265313463610758 0.010857703678088958
leaf_weight=715.20775996148586 48740.567511744797 3800.8063946180046 171.36242269165814 5.5673512369394293 2028.5470523573458 6876.7751435674727 3554.1488129245117 500.3016367033124 11.116833783686159 584.39936128258705 682.40402754768729 1981.0258185192943 798.53503803908825 189.80894355475903
leaf_count=3583 169398 16646 1879 44 10710 29508 57380 4148 93 2303 4283 9179 8099 908
internal_value=-2.0117e-05 0.000915279 0.00307351 -0.0154627 0.00363611 -0.000197761 0.00194787 -0.00143951 -0.000331741 0.00357075 0.0103834 -0.000428184 -0.00409725 -0.000219757
internal_weight=70640.6 17652.7 6006.28 176.93 5829.35 11646.4 4269.36 7377.08 52987.9 1277.92 693.521 51709.9 2779.56 48930.4
internal_count=318161 123898 29279 1923 27356 94619 60963 33656 194263 6679 4376 187584 17278 170306
is_linear=0
shrinkage=0.05


Tree=284
num_leaves=15
num_cat=0
split_feature=2 14 3 7 0 13 8 2 6 11 7 2 4 9
split_gain=10.8471 12.0529 8.76021 14.2816 8.48598 21.1465 12.2191 10.2084 8.02643 7.68858 6.78403 8.74727 6.80494 4.40565
threshold=0.098970558494329466 0.13351719081401828 0.15062875300645831 0.75713503360748302 0.29087823629379278 0.50206339359283458 0.15301355719566348 0.2321155518293381 0.54656571149826061 0.5192144811153413 0.79036831855773937 0.044482989236712463 0.087022304534912123 0.17678955942392352
decision_type=2 2 2 2 2 2 2 2 2 2 2 2 2 2
left_child=1 2 3 -1 8 6 -6 -7 9 -2 12 -12 -3 -4
right_child=4 10 13 -5 5 7 -8 -9 -10 -11 11 -13 -14 -15
leaf_value=0.046118762669241614 0.0014664703190403867 0.0050793126966519313 0.0019513636164913773 -0.033629206685051469 0.012699955308864995 -0.015974987641651096 -0.00044050429928929212 0.00084474971934870094 -0.023987516306176508 -0.00052349162243723886 -0.034590500898425212 0.077218221221117281 -0.0025682926987474616 -0.017804280418256106
leaf_weight=15.026774801313879 17832.336141081061 322.10546870902181 32.343313372228295 8.9624654389917833 179.04698158893734 324.14757857564837 14836.063848402351 124.99803971871734 32.374831940978765 6669.3727207630873 2.5064832232892496 5.7905314890667796 3000.5298865763471 221.39982619415969
leaf_count=1006 121353 2330 3000 738 2729 6930 80916 1019 163 27611 64 143 49277 20882
internal_value=7.68604e-05 -0.00254855 -0.0125557 0.0163246 0.000313726 -0.000603593 -0.000283812 -0.011294 0.000891928 0.000924802 -0.00171415 0.0434414 -0.00182691 -0.0152861
internal_weight=43607 3608.66 277.732 23.9892 39998.3 15464.3 15015.1 449.146 24534.1 24501.7 3330.93 8.29701 3322.64 253.743
internal_count=318161 77440 25626 1744 240721 91594 83645 7949 149127 148964 51814 207 51607 23882
is_linear=0
shrinkage=0.05


Tree=285
num_leaves=15
num_cat=0
split_feature=0 12 4 9 12 10 11 14 0 14 9 7 13 4
split_gain=13.6192 12.5417 12.3571 24.914 23.8096 10.4393 11.3054 10.3972 9.46692 22.902 17.3302 8.71936 7.18386 6.31
threshold=0.050054579973220832 0.30462373793125158 0.70639157295227062 0.15033888071775439 0.21940171718597415 0.45965279638767248 0.62773287296295177 0.12225941568613054 0.29087823629379278 0.34880724549293524 0.28993561863899237 0.4975790679454804 0.41205236315727239 0.73436176776885997
decision_type=2 2 2 2 2 2 2 2 2 2 2 2 2 2
left_child=1 11 8 4 -4 6 -3 -5 9 -2 -10 13 -7 -1
right_child=2 5 3 7 -6 12 -8 -9 10 -11 -12 -13 -14 -15
leaf_value=-0.004833325962609325 -0.0032568199635577342 -0.00025725428754492461 0.047898529046184662 -0.023367508342810619 0.27996472423258517 0.099327698687779326 0.034600336073212411 0.010903819037334901 0.0030325106691549706 0.00067837592419182609 1.5002662407414422e-05 -0.012994464777851503 0.014128992297793311 0.016470978347324867
leaf_weight=853.56936813145876 6266.6616911413148 220.43090193718672 3.6453067027032366 24.009439717512578 1.5862125819548962 4.840828809887169 26.005272835493088 282.81554420199245 5866.222033245489 9017.4651282094419 25192.288715520874 382.30705643631518 5.0607861764729023 36.231727778911591
leaf_count=13284 109059 2741 134 1461 25 77 226 3647 31597 57383 89791 8160 71 750
internal_value=-1.75734e-06 -0.00464607 0.000150394 0.0100668 0.118262 0.00544366 0.00342111 0.00822204 8.36201e-05 -0.000935098 0.000584939 -0.00667921 0.055782 -0.00396584
internal_weight=48183.1 1528.45 46654.7 312.057 5.23152 256.338 246.436 306.825 46342.6 15284.1 31058.5 1272.11 9.90161 889.801
internal_count=318406 25309 293097 5267 159 3115 2967 5108 287830 166442 121388 22194 148 14034
is_linear=0
shrinkage=0.05


Tree=286
num_leaves=15
num_cat=0
split_feature=14 11 8 4 10 12 8 12 6 7 11 13 5 2
split_gain=9.62134 22.4362 21.6058 19.6305 17.9806 21.9363 18.1265 15.853 14.6331 11.142 10.8002 10.0081 9.38476 8.98139
threshold=0.3205526620149613 0.35099187493324285 0.36479589343070989 0.39600653946399694 0.34476809203624731 0.31850653886795049 0.29213929176330572 0.17356743663549426 0.30895741283893591 0.46822060644626623 0.45966923236846929 0.2995805442333222 0.56851476430892955 0.44741781055927282
decision_type=2 2 2 2 2 2 2 2 2 2 2 2 2 2
left_child=1 2 11 -4 5 9 7 -6 -7 -2 12 -1 -3 -8
right_child=4 10 3 -5 6 8 13 -9 -10 -11 -12 -13 -14 -15
leaf_value=-0.0017442045064168486 0.0013131040930760565 0.0073363052688762784 0.011446718205038155 -0.015850062746785319 0.013364889010455114 -0.0034179751472121767 -0.0077275401548075294 -0.0010270889762595751 -0.00028933354625417418 0.0081717806014350615 -0.040318821642639342 0.00063453681268843868 -0.0079368957962498189 -0.0026225544351721549
leaf_weight=5601.579893341288 12061.854226857424 1695.3834050558507 671.51679557561874 73.026721298694611 205.22472483664751 4744.5171138569713 1848.0107621327043 2828.6624710448086 17605.998426988721 622.70686199888587 12.439791537821291 20994.317273523659 106.92107616364956 1614.1044905632734
leaf_count=18658 43827 7041 2297 399 1391 15699 8485 14411 54234 5237 59 141687 309 4672
internal_value=2.98295e-05 0.000726053 0.000368705 0.00876938 -0.000458926 -1.09477e-05 -0.00287502 -5.35558e-05 -0.000953475 0.00164981 0.00610977 0.000133531 0.00643023 -0.0053475
internal_weight=70686.3 29155.2 27340.4 744.544 41531.1 35035.1 6496 3033.89 22350.5 12684.6 1814.74 26595.9 1802.3 3462.12
internal_count=318406 170450 163041 2696 147956 118997 28959 15802 69933 49064 7409 160345 7350 13157
is_linear=0
shrinkage=0.05


Tree=287
num_leaves=15
num_cat=0
split_feature=2 11 8 14 5 10 12 10 14 13 2 8 4 0
split_gain=12.916 12.3954 10.6667 11.5057 17.1373 10.5453 8.42469 15.5379 7.78375 7.3555 23.1375 11.5995 6.97388 5.47842
threshold=0.10841264948248865 0.10274763032794 0.12132408469915391 0.23140510916709903 0.2750305980443955 0.75675225257873546 0.1407292261719704 0.70873957872390758 0.55978429317474376 0.5101890265941621 0.28579716384410864 0.20786286890506747 0.087022304534912123 0.10990092158317567
decision_type=2 2 2 2 2 2 2 2 2 2 2 2 2 2
left_child=1 6 3 5 -5 -2 7 -1 12 11 -11 -4 -3 -8
right_child=2 8 9 4 -6 -7 13 -9 -10 10 -12 -13 -14 -15
leaf_value=0.060745217847164724 0.0038949943234372259 0.0046216659642668917 0.0040620572126267001 0.012270964555930431 0.088124021007605371 0.045165831016551528 0.013427538993658054 -0.01153409603340751 0.058380498929368731 -0.0068961908002594975 0.0018339925614446776 0.00013500733139338463 -0.0027010671308522003 -0.01785676247186686
leaf_weight=10.598535879980771 338.60180524177849 357.87344549968839 1990.4714635880664 23.84380029886961 10.827579483389853 16.219376138411462 14.881537779700009 24.913247983902693 5.3392296284437171 1412.082329900004 1640.8299276977777 34000.909703975543 3554.5179774998687 234.64819448627532
leaf_count=930 8735 2485 22170 333 66 492 1311 2227 71 23158 8203 166407 59613 22205
internal_value=-4.63799e-05 -0.00268135 0.00023445 0.00846786 0.0359592 0.00578154 -0.0127482 0.0100378 -0.00194891 0.000152316 -0.00220403 0.000352189 -0.00203124 -0.015991
internal_weight=43636.6 4202.77 39433.8 389.493 34.6714 354.821 285.042 35.5118 3917.73 39044.3 3052.91 35991.4 3912.39 249.53
internal_count=318406 88842 229564 9626 399 9227 26673 3157 62169 219938 31361 188577 62098 23516
is_linear=0
shrinkage=0.05


Tree=288
num_leaves=15
num_cat=0
split_feature=0 4 14 6 0 14 9 12 14 7 4 10 9 3
split_gain=12.8086 10.2607 24.0576 63.2421 10.4998 32.8746 16.8324 9.89168 10.8758 8.61393 7.81623 6.94541 6.85629 3.36132
threshold=0.062570098787546172 0.60990574955940258 0.15284361690282824 0.12438011169433595 0.29087823629379278 0.34880724549293524 0.28993561863899237 0.26452587544918066 0.20682561397552493 0.4975790679454804 0.66257721185684215 0.28151887655258184 0.28751759231090551 0.057847445830702789
decision_type=2 2 2 2 2 2 2 2 2 2 2 2 2 2
left_child=7 4 10 -4 5 -2 -6 9 -9 11 -3 -1 -10 -11
right_child=1 2 3 -5 6 -7 -8 8 12 13 -12 -13 -14 -15
leaf_value=-0.0068663432652919867 -0.0040611880855405949 -0.00034300649491469877 0.087351958395034512 0.0075137021486250434 0.0029859205045148756 0.00090069580119929177 9.4610691428615765e-06 0.079040852578746018 0.0036988612545478376 -0.020157455153972163 -0.015971132621192652 0.0025895728290939407 -0.0053081373340604886 -0.009828453575359131
leaf_weight=629.90440780110657 5559.9511285498738 249.85043962625787 25.749090905301273 675.88738821446896 5854.1446072086692 8353.6082173734903 25182.191769015044 4.3671454777941099 506.06746347621083 113.54550478607416 117.69358295574784 280.74077966250479 362.72376930713654 257.13729764334857
leaf_count=9623 85506 12796 487 8655 31271 50241 89631 73 5969 3180 7088 4700 4302 4884
internal_value=-2.03347e-06 0.000174375 0.00501529 0.0104437 5.92285e-05 -0.00108211 0.000570888 -0.00377005 0.000334039 -0.00656677 -0.00534739 -0.0039512 -6.15962e-05 -0.0129924
internal_weight=48173.6 46019.1 1069.18 701.636 44949.9 13913.6 31036.3 2154.49 873.158 1281.33 367.544 910.645 868.791 370.683
internal_count=318406 285675 29026 9142 256649 135747 120902 32731 10344 22387 19884 14323 10271 8064
is_linear=0
shrinkage=0.05


Tree=289
num_leaves=15
num_cat=0
split_feature=14 11 8 4 10 12 8 12 6 7 11 3 3 5
split_gain=8.87566 21.021 20.2204 18.3676 16.8113 20.4878 16.8687 14.8868 13.6218 10.3153 9.9649 9.52439 9.25027 8.79707
threshold=0.3205526620149613 0.35099187493324285 0.36479589343070989 0.39600653946399694 0.34476809203624731 0.31850653886795049 0.29213929176330572 0.17356743663549426 0.3040235191583634 0.46822060644626623 0.45966923236846929 0.22618759423494342 0.37355397641658789 0.56851476430892955
decision_type=2 2 2 2 2 2 2 2 2 2 2 2 2 2
left_child=1 2 12 -4 5 9 7 -6 -7 -2 13 -8 -1 -3
right_child=4 10 3 -5 6 8 11 -9 -10 -11 -12 -13 -14 -15
leaf_value=0.0011152484149646411 0.0012746960934742809 0.0071086287216120293 0.011096293605698434 -0.015190782972711901 0.013021808211738629 -0.0033978404127866196 -0.002926468054760514 -0.00099104541795289112 -0.00030428967670905713 0.0078996777983307408 -0.038254824069182042 -0.0082331499272890792 -0.00075372853723711943 -0.0076757784447929744
leaf_weight=12478.481096593663 12057.901016682386 1689.4264362715185 669.27755672484636 73.777417734265327 203.14050325006247 4440.6656253486872 2011.5353659540415 2829.8569818027318 17911.096941269934 617.65886550024152 12.678870342671869 1458.67797421664 14102.475082835183 106.98857507109642
leaf_count=110687 43827 7041 2297 399 1391 14727 8064 14411 55206 5237 59 5093 49658 309
internal_value=2.76146e-05 0.000696671 0.000351081 0.00848627 -0.000441719 -8.26126e-06 -0.00277639 -5.25092e-05 -0.000918891 0.00159752 0.00591636 -0.00515709 0.000123666 0.00622812
internal_weight=70663.6 29133.1 27324 743.055 41530.5 35027.3 6503.21 3033 22351.8 12675.6 1809.09 3470.21 26581 1796.42
internal_count=318406 170450 163041 2696 147956 118997 28959 15802 69933 49064 7409 13157 160345 7350
is_linear=0
shrinkage=0.05


Tree=290
num_leaves=15
num_cat=0
split_feature=2 3 11 14 7 0 8 14 10 5 1 11 0 0
split_gain=12.064 10.9436 15.7465 11.1494 17.0764 9.19715 9.05646 16.9946 11.3351 10.0596 8.15899 6.28349 13.0844 11.8124
threshold=0.13660874217748645 0.51349544525146495 0.39845941960811621 0.15627218037843707 0.4068154245615006 0.48269285261631018 0.12132408469915391 0.23140510916709903 0.75675225257873546 0.2750305980443955 0.93899670243263256 0.54265150427818309 0.11651141196489335 0.04619500786066056
decision_type=2 2 2 2 2 2 2 2 2 2 2 2 2 2
left_child=1 2 5 -3 -5 -1 7 8 -2 -9 -4 12 -8 -13
right_child=6 3 10 4 -6 -7 11 9 -10 -11 -12 13 -14 -15
leaf_value=-0.004956866428165666 0.0028497571792055667 -0.024354856516176311 0.0020060949405413088 -0.00094111885974209599 0.010756035206736332 -0.01534957932290877 0.0027921715656743988 0.021358023186588946 0.054682327794839738 0.083599686892618361 0.046325891372727232 0.0017312565118584229 5.1697769885334693e-05 -0.0030084066773995344
leaf_weight=2299.4769235923886 226.00986528769135 45.902920368127525 658.50099719315767 2568.4973987583071 355.15974903479218 234.59886391088367 5221.2450667303056 15.544062102213504 11.06410310603678 11.147009856998919 10.550769688561557 2056.7664346843958 26269.583401501179 3642.8982308544219
leaf_count=77324 3784 1824 10354 20183 4693 4233 24876 178 204 61 282 8903 147758 13749
internal_value=-4.24827e-05 -0.00209058 -0.00411766 9.59369e-05 0.000479827 -0.005919 0.000295057 0.00952727 0.00526875 0.047352 0.00270501 0.000229579 0.000506074 -0.00129806
internal_weight=43626.9 6172.69 3203.13 2969.56 2923.66 2534.08 37454.3 263.765 237.074 26.6911 669.052 37190.5 31490.8 5699.66
internal_count=318406 118893 92193 26700 24876 81557 199513 4227 3988 239 10636 195286 172634 22652
is_linear=0
shrinkage=0.05


Tree=291
num_leaves=15
num_cat=0
split_feature=0 6 12 13 14 9 0 12 2 2 10 4 2 10
split_gain=11.8316 10.6743 22.3662 20.0475 14.9352 11.9023 20.5656 10.0979 7.28735 7.26358 26.0787 6.39403 6.13719 5.79413
threshold=0.077999055385589613 0.16396317631006244 0.31265673041343695 0.50743931531906139 0.41813465952873236 0.17942705005407336 0.2456784397363663 0.26195882260799414 0.055506326258182533 0.028241064399480823 0.45170505344867712 0.17614080756902697 0.035223748534917838 0.71755757927894603
decision_type=2 2 2 2 2 2 2 2 2 2 2 2 2 2
left_child=7 2 3 -2 -4 6 -3 12 -7 10 -9 -11 -1 -14
right_child=1 5 4 -5 -6 8 -8 9 -10 11 -12 -13 13 -15
leaf_value=-0.025689003047599402 0.011240905163426573 -0.015095309105690997 -0.016493328535010048 0.00082377309512760325 0.026184384328071811 0.0022327669104859251 -0.00012430038445724795 0.0038161565055656642 -5.3947953133600749e-05 0.0039383042428449908 0.090632581767163947 -0.0033778182526419754 -0.0055804485760604736 0.041502897717874007
leaf_weight=38.123739870265126 827.0515367873013 351.90017005382106 186.49172368133441 1045.9467548187822 23.031530812382698 3832.7874139137566 658.92156842909753 68.634015381336212 38292.446890938561 452.46039236336946 9.8975102156400663 878.47343909367919 1492.6658632573672 6.5629485133104017
leaf_count=709 7953 7907 4403 25542 130 17629 4796 840 208519 3378 120 11116 25093 271
internal_value=-5.80423e-06 0.000194248 0.00369054 0.00542362 -0.011802 2.54538e-05 -0.0053362 -0.00307558 0.00015411 -1.87602e-05 0.0147578 -0.000890651 -0.00587811 -0.00537434
internal_weight=48165.4 45218.6 2082.52 1873 209.523 43136.1 1010.82 2946.82 42125.2 1409.47 78.5315 1330.93 1537.35 1499.23
internal_count=318406 276879 38028 33495 4533 238851 12703 41527 226148 15454 960 14494 26073 25364
is_linear=0
shrinkage=0.05


Tree=292
num_leaves=14
num_cat=0
split_feature=13 14 6 12 5 0 4 3 14 12 9 10 9
split_gain=8.93493 9.02448 10.5543 17.6313 14.6614 9.7347 7.58618 12.4186 8.92366 6.36827 7.45164 6.1338 5.0447
threshold=0.20002886652946475 0.49879504740238195 0.28388290107250219 0.39733408391475683 0.28924700617790228 0.36817966401577001 0.66257721185684215 0.11965794116258623 0.38394869863986975 0.19468020647764209 0.13478083908557895 0.16797558218240741 0.11668583750724794
decision_type=2 2 2 2 2 2 2 2 2 2 2 2 2
left_child=6 2 3 -2 -4 11 9 -8 -9 12 -11 -3 -1
right_child=1 5 4 -5 -6 -7 7 8 -10 10 -12 -13 -14
leaf_value=0.011504151918629725 -0.0007437305717805957 0.013420170611651062 -1.2574168009845457e-05 0.0060040101961412289 0.0025081230304147685 0.036601280301976145 -0.079119423478461473 -0.047271660342645655 0.019334546161412718 0.020613576413976601 -0.00087514856932758797 0.0024332883727412442 -0.017380217060199304
leaf_weight=17.994839876890182 25197.723217028193 134.84302778542042 14924.728561274707 1006.7471518982202 9403.1121210828424 21.84771990776062 8.0788456723094004 8.172686807811262 13.071751661598681 40.436003103852272 17577.65820569545 2193.6577972024679 94.503088504076004
leaf_count=63 148948 483 60353 12611 31109 62 48 49 78 136 54637 9515 314
internal_value=2.67541e-05 0.000352625 0.00021176 -0.00048449 0.000961717 0.00338123 -0.000943574 -0.0263543 -0.00628871 -0.000901549 -0.000825829 0.00306954 -0.01276
internal_weight=70642.6 52882.7 50532.3 26204.5 24327.8 2350.35 17759.9 29.3233 21.2444 17730.6 17618.1 2328.5 112.498
internal_count=318406 263081 253021 161559 91462 10060 55325 175 127 55150 54773 9998 377
is_linear=0
shrinkage=0.05


Tree=293
num_leaves=15
num_cat=0
split_feature=2 11 8 11 6 1 12 10 13 7 2 4 2 0
split_gain=11.4676 11.4875 9.65034 9.04748 8.7157 8.31769 8.05147 13.7701 6.31856 24.2801 20.116 6.27347 8.97254 5.25081
threshold=0.10841264948248865 0.10274763032794 0.11516663059592248 0.16110882163047793 0.11494628712534906 0.36370746791362768 0.1407292261719704 0.70873957872390758 0.5101890265941621 0.59944105148315441 0.28579716384410864 0.087022304534912123 0.037291742861270911 0.10990092158317567
decision_type=2 2 2 2 2 2 2 2 2 2 2 2 2 2
left_child=1 6 3 4 -2 -5 7 -1 9 -4 -10 -3 -13 -8
right_child=2 11 8 5 -6 -7 13 -9 10 -11 -12 12 -14 -15
leaf_value=0.055862120250118399 -0.022093785669420114 0.0044733494003695549 0.00012565611496568232 -0.030170849959388998 0.0081938118493019903 0.033808755356453266 0.013110417798757303 -0.011126803278455322 -0.0063261866555965711 0.0080631138481793846 0.0017527214983044999 -0.0091565690331298737 -0.0015176326998853464 -0.017443984959361666
leaf_weight=11.175106176175175 26.53123430814594 358.98256081342697 35035.376751395874 5.6554167680442324 226.80488409195095 49.923450592905283 14.981939163058994 24.467463451437652 1442.118495170027 990.68987415451556 1654.4656884521246 438.70148990210146 3105.9335534810089 228.76916409330443
leaf_count=930 701 2485 177504 46 6723 526 1311 2227 24081 11713 8270 8582 51102 22205
internal_value=-3.69238e-05 -0.00252617 0.000227143 0.00902981 0.00502187 0.0272985 -0.0123203 0.00987641 0.000157637 0.00034393 -0.00200973 -0.00182518 -0.00246307 -0.015566
internal_weight=43614.6 4183.01 39431.6 308.915 253.336 55.5789 279.394 35.6426 39122.7 36026.1 3096.58 3903.62 3544.64 243.751
internal_count=318406 88842 229564 7996 7424 572 26673 3157 221568 189217 32351 62169 59684 23516
is_linear=0
shrinkage=0.05


Tree=294
num_leaves=15
num_cat=0
split_feature=0 2 11 13 14 12 10 14 12 2 10 4 2 10
split_gain=11.1189 10.1756 31.4221 18.8299 14.5317 12.4277 11.1241 11.0942 9.44488 6.66728 22.2189 6.00025 5.94944 5.24958
threshold=0.077999055385589613 0.10312802717089654 0.16110882163047793 0.38530139625072485 0.35701467096805578 0.30007375776767736 0.464888945221901 0.093795910477638259 0.26195882260799414 0.028241064399480823 0.44887816905975347 0.17614080756902697 0.035223748534917838 0.71755757927894603
decision_type=2 2 2 2 2 2 2 2 2 2 2 2 2 2
left_child=8 3 5 6 -4 -3 -2 -5 12 10 -10 -11 -1 -14
right_child=1 2 4 7 -6 -7 -8 -9 9 11 -12 -13 13 -15
leaf_value=-0.025440880721596421 0.00036717878457882819 -0.0039732909181902859 -0.0010381769441889759 -0.0015024216648098097 0.0010280073433204576 -0.016785115605168276 -0.012168898417676162 0.0058291684907583177 0.003260425289635441 0.0037902838693331187 0.078853924741563219 -0.0032924555744678098 -0.0054161002077728875 0.03854105742166853
leaf_weight=37.266506901010871 6706.2892458727583 383.51665157172829 16914.17901866138 627.46192702604458 17126.33727985993 373.73526692669839 181.7596112601459 2904.4341735374182 68.304287943989038 453.91433909907937 11.33350372686982 876.31171093415469 1484.8967269640416 6.8233322319574645
leaf_count=709 25981 14238 106727 16156 74642 11433 3222 24480 832 3378 128 11116 25093 271
internal_value=-5.98945e-06 0.000187701 -0.000222742 0.00155839 1.35397e-06 -0.0102965 3.63808e-05 0.00452667 -0.00298614 -3.43018e-05 0.0140184 -0.000875605 -0.00570801 -0.00521503
internal_weight=48156.6 45217.7 34797.8 10419.9 34040.5 757.252 6888.05 3531.9 2938.85 1409.86 79.6378 1330.23 1528.99 1491.72
internal_count=318406 276879 207040 69839 181369 25671 29203 40636 41527 15454 960 14494 26073 25364
is_linear=0
shrinkage=0.05


Tree=295
num_leaves=15
num_cat=0
split_feature=14 11 8 10 12 8 12 6 7 11 5 3 2 4
split_gain=8.16795 19.6152 18.8912 15.3103 18.9534 15.4528 14.1242 12.6443 9.60788 9.20868 9.20559 8.96356 8.19412 7.85334
threshold=0.3205526620149613 0.35099187493324285 0.38979621231555944 0.34476809203624731 0.31850653886795049 0.29213929176330572 0.17356743663549426 0.30895741283893591 0.46822060644626623 0.45966923236846929 0.17859894782304767 0.22618759423494342 0.17655857652425769 0.42420911788940435
decision_type=2 2 2 2 2 2 2 2 2 2 2 2 2 2
left_child=1 2 10 4 8 6 -5 -6 -2 12 -1 -7 -3 -4
right_child=3 9 13 5 7 11 -8 -9 -10 -11 -12 -13 -14 -15
leaf_value=-0.0010289431975801647 0.0012236009811871331 -0.00081026365867907621 0.012063568724951707 0.012749699813137831 -0.0031770299629192548 -0.0027623088840861235 -0.00095318979733269782 -0.00026932293435387168 0.0076412898786336614 -0.036375015367301609 0.00088222668936717658 -0.0079036559484134596 0.0076962076461250667 -0.017532541106426588
leaf_weight=10098.605710785836 12050.765769153833 352.51366216689348 425.39952206611633 201.43467249721289 4747.1455333679914 2014.1136266477406 2830.8422188647091 17602.111540697515 612.84861572831869 12.900325044989584 16753.974119836465 1463.9160532727838 1437.7654313519597 23.660993874073029
leaf_count=61486 43827 1750 1469 1391 15699 8064 14411 54234 5237 59 99958 5093 5600 128
internal_value=2.49078e-05 0.000667153 0.000333566 -0.000425261 -1.12585e-05 -0.00265179 -4.29045e-05 -0.000886941 0.00153418 0.00571794 0.000163482 -0.00492632 0.00602125 0.0105042
internal_weight=70628 29104.8 27301.6 41523.2 35012.9 6510.31 3032.28 22349.3 12663.6 1803.18 26852.6 3478.03 1790.28 449.061
internal_count=318406 170450 163041 147956 118997 28959 15802 69933 49064 7409 161444 13157 7350 1597
is_linear=0
shrinkage=0.05


Tree=296
num_leaves=15
num_cat=0
split_feature=2 8 3 1 14 13 8 14 11 13 0 11 0 0
split_gain=10.8868 13.0933 11.6112 15.4024 12.1535 10.3647 9.3433 9.72769 14.2408 13.9299 7.4531 6.57006 9.25153 8.57413
threshold=0.1671620458364487 0.32207471132278448 0.51349544525146495 0.55657970905303966 0.36418841779232031 0.19579792022705081 0.13345280289649966 0.23140510916709903 0.23899344354867938 0.75569337606430065 0.023684883490204815 0.59522229433059703 0.012256528716534378 0.11651141196489335
decision_type=2 2 2 2 2 2 2 2 2 2 2 2 2 2
left_child=1 2 3 -1 -4 -3 7 9 -9 -2 -7 13 -13 -8
right_child=6 5 4 -5 -6 10 11 8 -10 -11 -12 12 -14 -15
leaf_value=-0.0089621455458604726 -0.0010965836419360854 0.012946499916414118 0.0010779427490016089 -0.0021581833927196634 -0.0066569113702606743 0.014076392662050075 0.0021235793957355823 0.043752033133121468 -0.012258462802229662 0.028728058684318894 -0.0010908391099703969 0.0087764752006374656 -0.0025843083368533477 7.899099342033078e-05
leaf_weight=1193.2282582339831 197.05096429027617 236.43018062412739 2913.8001080714166 2745.8168714568019 615.05192396044731 93.063705913722515 6431.4680725242943 40.157266560941935 15.818826813250778 48.857749635353684 624.63384611345828 190.71923967450857 2966.8021119758487 25293.682140216231
leaf_count=21493 2163 1623 26038 84159 4022 1594 27794 279 137 549 7457 732 11340 129026
internal_value=-3.37279e-05 -0.0016485 -0.00235318 -0.00421926 -0.000270183 0.00386696 0.000352796 0.00911127 0.0279235 0.00482905 0.000875893 0.000276998 -0.0018981 0.000493479
internal_weight=43606.6 8422.02 7467.9 3939.05 3528.85 954.128 35184.6 301.885 55.9761 245.909 717.698 34882.7 3157.52 31725.2
internal_count=318406 146386 135712 105652 30060 10674 172020 3128 416 2712 9051 168892 12072 156820
is_linear=0
shrinkage=0.05


Tree=297
num_leaves=15
num_cat=0
split_feature=0 4 9 12 12 10 11 2 2 11 13 7 4 6
split_gain=10.2933 11.3253 19.055 18.8341 10.5408 9.34623 8.58679 9.61861 8.29943 28.7775 18.7279 7.92093 6.00531 5.63178
threshold=0.050054579973220832 0.70639157295227062 0.15033888071775439 0.22210688143968585 0.30462373793125158 0.20687517523765567 0.62773287296295177 0.025210767053067688 0.090734899044036879 0.22152923792600634 0.38707700371742254 0.4975790679454804 0.73436176776885997 0.1225307695567608
decision_type=2 2 2 2 2 2 2 2 2 2 2 2 2 2
left_child=4 8 3 -3 11 -4 7 -6 10 -10 -2 12 -1 -8
right_child=1 2 5 -5 6 -7 13 -9 9 -11 -12 -13 -14 -15
leaf_value=-0.0042634021379536974 -0.00013444175678200797 0.037870672975746644 0.09518040841204084 0.22832306319661819 0.036310740745554952 0.0069852491311824753 0.072628116136447027 -0.0010387877684966248 -0.0049320042634766756 0.00014559091366913573 0.0048411744972409422 -0.012142542849508919 0.016541493545482996 0.019023261352271986
leaf_weight=838.57674458064139 5947.0866858558729 4.1400039279833427 3.0336756929755202 1.8910647612065075 18.760050006210804 306.16134679503739 6.4301878735423115 212.43836525082588 3035.4606274450198 34574.075994404033 2773.0177458897233 368.45357234030962 36.181772716343403 20.587140470743179
leaf_count=13284 25428 137 26 22 228 5082 61 2661 51128 180893 30381 8160 750 165
internal_value=-8.88297e-06 0.000122282 0.00956748 0.0975878 -0.00408377 0.00785058 0.00510875 0.00199185 5.80167e-05 -0.000264221 0.00144782 -0.00599307 -0.00340287 0.0317813
internal_weight=48146.3 46644.9 315.226 6.03107 1501.43 309.195 258.216 231.198 46329.6 37609.5 8720.1 1243.21 874.759 27.0173
internal_count=318406 293097 5267 159 25309 5108 3115 2889 287830 232021 55809 22194 14034 226
is_linear=0
shrinkage=0.05


Tree=298
num_leaves=15
num_cat=0
split_feature=13 11 6 12 5 4 3 14 12 9 0 9 3 13
split_gain=7.95651 9.34622 9.09401 15.6299 14.0289 6.93827 10.6716 8.69047 6.03323 6.92394 5.74894 4.76594 4.43062 4.09794
threshold=0.20002886652946475 0.61890384554862987 0.28388290107250219 0.39733408391475683 0.28924700617790228 0.66257721185684215 0.11965794116258623 0.38232606649398809 0.19468020647764209 0.13478083908557895 0.012256528716534378 0.11668583750724794 0.11188717558979989 0.21671713143587115
decision_type=2 2 2 2 2 2 2 2 2 2 2 2 2 2
left_child=5 2 3 -2 -4 8 -7 -8 11 -10 13 -1 -12 -3
right_child=1 10 4 -5 -6 6 7 -9 9 -11 12 -13 -14 -15
leaf_value=0.011203146329583956 -0.00061121893400363015 -0.028152574178840258 -8.2645662017521374e-06 0.0057588840678975588 0.0024518859796898744 -0.072137392531844688 -0.046226647870622292 0.019289493358321651 0.019911322915598616 -0.00082652849654466615 0.0055441737949393647 -0.016887598945794623 0.017592495899232365 -0.001278711807201787
leaf_weight=17.971972674131393 26540.508841135539 16.940101951360703 14949.516300862655 999.20351757667959 9462.9149705506861 8.5562360435724276 8.2530061453580874 13.089257925748823 40.342420235276222 17572.801604576409 706.30556822568178 94.471099153161049 85.546723455190659 87.237898319959641
leaf_count=63 154973 58 60501 12610 31332 48 48 79 136 54637 2954 314 309 344
internal_value=2.24015e-05 0.00033006 0.000242736 -0.000380097 0.000945356 -0.000893327 -0.0249594 -0.00604545 -0.000852733 -0.000779029 0.00539312 -0.0123978 0.0068458 -0.0056486
internal_weight=70603.7 52848.2 51952.1 27539.7 24412.4 17755.5 29.8985 21.3423 17725.6 17613.1 896.03 112.443 791.852 104.178
internal_count=318406 263081 259416 167583 91833 55325 175 127 55150 54773 3665 377 3263 402
is_linear=0
shrinkage=0.05


Tree=299
num_leaves=14
num_cat=0
split_feature=2 11 8 11 6 12 10 1 14 6 14 3 0
split_gain=10.4541 10.8776 8.81966 8.06022 8.22871 7.64678 12.1933 7.56715 6.79946 6.26183 6.3228 6.24874 5.01417
threshold=0.10841264948248865 0.10274763032794 0.11516663059592248 0.16110882163047793 0.11494628712534906 0.1407292261719704 0.70873957872390758 0.36370746791362768 0.55978429317474376 0.74441298842430126 0.23140510916709903 0.72584822773933422 0.10990092158317567
decision_type=2 2 2 2 2 2 2 2 2 2 2 2 2
left_child=1 5 3 4 -2 6 -1 -5 11 10 -4 -3 -7
right_child=2 8 9 7 -6 12 -8 -9 -10 -11 -12 -13 -14
leaf_value=0.051174120466380257 -0.021823581565600381 -0.0029312887585768725 -0.0023449570646210983 -0.029937878494435799 0.0078362303120786871 0.012607363907816097 -0.010846659373036969 0.03159390965805825 0.053078469208064152 0.028258710851847686 0.00030672542930201894 0.0017700653470994116 -0.017118517798545965
leaf_weight=11.790679449681191 26.050100478343666 2958.2825373145752 2394.7426937120035 5.534624468535184 228.56597806327045 15.14398781955242 24.169919945765287 51.398101603612304 5.6508516594767562 19.815425530076027 36699.944945145398 928.65568350255489 224.3292159079574
leaf_count=930 701 54517 30813 46 6723 1311 2227 526 71 82 190673 7581 22205
internal_value=-2.64703e-05 -0.00240783 0.000225281 0.00860463 0.0048017 -0.0120103 0.00948857 0.0256122 -0.00172838 0.00015854 0.000144297 -0.00180806 -0.0152387
internal_weight=43594.1 4168.02 39426.1 311.549 254.616 275.434 35.9606 56.9327 3892.59 39114.5 39094.7 3886.94 239.473
internal_count=318406 88842 229564 7996 7424 26673 3157 572 62169 221568 221486 62098 23516
is_linear=0
shrinkage=0.05


Tree=300
num_leaves=15
num_cat=0
split_feature=2 14 3 13 14 6 12 3 9 7 6 11 12 10
split_gain=11.6018 34.4305 16.6048 13.774 33.1046 18.2152 16.4875 10.668 9.59945 29.1882 17.6206 9.56086 7.2818 5.91487
threshold=0.17335840314626697 0.26603701710700994 0.2247114181518555 0.54101943969726574 0.13351719081401828 0.18101350218057635 0.18305259197950366 0.21548624336719516 0.23162224143743518 0.4842058420181275 0.15818810462951663 0.29160009324550634 0.33979919552803045 0.38190782070159918
decision_type=2 2 2 2 2 2 2 2 2 2 2 2 2 2
left_child=3 2 -2 6 7 -6 13 -5 10 -10 -3 -4 -8 -1
right_child=1 8 11 4 5 -7 12 -9 9 -11 -12 -13 -14 -15
leaf_value=0.001696505365247069 -0.014957706345702277 0.0014277227771727688 -0.0024518338146331618 -0.009388014038431293 0.020767032645173572 0.0062684940207925676 0.0020386974562558243 0.001814940466030772 -8.0816772268086414e-05 0.010602428160098917 -0.0055361118240865332 -0.011056610048681328 -0.00010159014506327836 -0.01982590587117445
leaf_weight=41.785192517563701 466.90017332741991 1605.739562580362 1425.0253780065104 275.25064544891939 353.29815456923097 560.02823000587523 5856.4152969419956 932.10130301304162 20935.350415606052 659.49455878324807 2091.5987632088363 417.36609472706914 12364.15398830222 135.25392104685307
leaf_count=1268 13146 21118 12206 18021 4031 4050 44449 13442 92347 5349 19482 3239 64384 1669
internal_value=-2.18395e-05 -0.000691224 -0.00653548 0.000878625 0.00469432 0.0118769 0.000438793 -0.000739096 -0.000157616 0.000245444 -0.00251175 -0.00440112 0.000586336 -0.0147461
internal_weight=48119.8 27601.5 2309.29 20518.3 2120.68 913.326 18397.6 1207.35 25292.2 21594.8 3697.34 1842.39 18220.6 177.039
internal_count=318201 166887 28591 151314 39544 8081 111770 31463 138296 97696 40600 15445 108833 2937
is_linear=0
shrinkage=0.05


Tree=301
num_leaves=15
num_cat=0
split_feature=7 11 7 14 8 2 14 9 1 2 3 2 14 9
split_gain=9.27112 7.96972 7.99711 16.671 7.69272 7.33113 7.03517 5.18204 5.09387 5.14978 4.42559 2.34325 1.91541 4.65728
threshold=0.060677658766508109 0.084427498281002059 0.72109007835388195 0.16330985724925998 0.082857225090265288 0.073865767568349852 0.27488853037357336 0.16735108941793445 0.045670481398701675 0.48377433419227606 0.41213698685169226 0.13164027035236361 0.39859320223331457 0.63287559151649486
decision_type=2 2 2 2 2 2 2 2 2 2 2 2 2 2
left_child=8 4 6 -4 7 -6 -3 -2 12 11 -11 -10 13 -1
right_child=1 2 3 -5 5 -7 -8 -9 9 10 -12 -13 -14 -15
leaf_value=0.014250181295767229 -0.015001784078860263 0.00093001733165982536 0.0018781976932394171 -0.011889321526908829 -0.0066418578408051366 0.0055262567093056084 -0.00028146101794611068 0.010623947000371479 -0.031706218261890483 -0.0021660565238976171 0.02586029770280749 -0.0080879235803880244 -0.023173625657379987 -0.020765347769103621
leaf_weight=13.911068335175512 20.708002623170614 15485.413617879152 453.04834558442235 427.2359120734036 215.0557950809598 291.66094373259693 52990.711156375706 416.97240042220801 12.281851097941397 41.300680354237556 21.375987157225609 72.45605643093586 65.087050274014473 29.922306470572948
leaf_count=70 571 91186 8737 3177 3801 7508 193796 8155 61 188 89 317 384 161
internal_value=-4.08549e-05 -6.24585e-06 -6.83678e-05 -0.00480371 0.00455598 0.000361984 -7.49336e-06 0.00941152 -0.00953251 -0.00347388 0.00739238 -0.0115111 -0.0177323 -0.00965273
internal_weight=70557.1 70300.8 69356.4 880.284 944.397 506.717 68476.1 437.68 256.335 147.415 62.6767 84.7379 108.92 43.8334
internal_count=318201 316931 296896 11914 20035 11309 284982 8726 1270 655 277 378 615 231
is_linear=0
shrinkage=0.05


Tree=302
num_leaves=15
num_cat=0
split_feature=2 13 1 13 5 8 11 13 8 2 0 14 0 14
split_gain=11.8263 13.0506 7.96026 23.2672 9.99438 6.71526 9.11135 6.00434 5.67894 16.6642 19.1886 11.2768 14.168 9.63632
threshold=0.17808742821216586 0.2770394235849381 0.55991312861442577 0.50206339359283458 0.058873571455478675 0.32207471132278448 0.40816155076026922 0.19579792022705081 0.23809864372015002 0.28857839107513433 0.064790032804012312 0.29082250595092779 0.10491395741701127 0.36418841779232031
decision_type=2 2 2 2 2 2 2 2 2 2 2 2 2 2
left_child=1 5 3 -3 -4 6 -1 -7 9 10 -2 12 -10 -11
right_child=8 2 4 -5 -6 7 -8 -9 11 13 -12 -13 -14 -15
leaf_value=0.0005337949390161388 0.060010606935000314 -0.0033833405454618904 -0.019398938109043948 -0.018196494635096549 -0.00079130736136772512 0.010351980052136627 -0.0088783920902166195 0.0010843907464557921 0.00525220324548736 0.0052747929832216694 -0.001105794705834129 0.0005793583238586622 -0.0045294251474503177 0.034349409691999629
leaf_weight=2940.1168405306526 12.921220660209654 2199.8280651960522 74.129945495165884 301.40809599496424 2719.4454791583121 306.85386466607451 281.76487779244781 406.0323080830276 446.52546507492661 1847.0832074508071 2121.8396749719977 27725.333201434463 2165.4616067893803 28.94516633450985
leaf_count=22942 119 28768 2019 9087 83417 2024 2643 4139 1819 10173 21716 114525 14668 142
internal_value=9.02645e-05 -0.00149873 -0.00311953 -0.00516838 -0.00128508 0.000682288 -0.000289334 0.00507352 0.000517239 0.00228542 -0.000735871 0.000283474 -0.00285723 0.00572338
internal_weight=43577.7 9229.58 5294.81 2501.24 2793.58 3934.77 3221.88 712.886 34348.1 4010.79 2134.76 30337.3 2611.99 1876.03
internal_count=318201 155039 123291 37855 85436 31748 25585 6163 163162 32150 21835 131012 16487 10315
is_linear=0
shrinkage=0.05


Tree=303
num_leaves=15
num_cat=0
split_feature=2 11 9 8 9 14 7 10 3 0 14 2 4 8
split_gain=10.9064 32.4854 12.796 12.7562 12.4886 12.4797 11.1082 10.7872 19.9758 10.2542 9.99808 7.53281 8.23892 6.57487
threshold=0.17335840314626697 0.22152923792600634 0.40533396601676946 0.21321414411067965 0.2923313975334168 0.35144749283790594 0.36426059901714331 0.18926773220300677 0.18368520587682727 0.069207824766635909 0.22578629106283191 0.025210767053067688 0.65874299407005321 0.091184008866548552
decision_type=2 2 2 2 2 2 2 2 2 2 2 2 2 2
left_child=4 3 5 10 7 -3 -4 8 -1 -9 -2 12 -6 -13
right_child=1 2 6 -5 11 -7 -8 9 -10 -11 -12 13 -14 -15
leaf_value=0.071169976868739479 -0.011892876473784229 -0.002796891974476978 0.0011966339378356077 -0.017915786039478951 0.0031121209609682914 -0.00012288672874280436 0.019247855711088141 -0.0033708988384553947 -0.0012886759154120775 0.0034181820821872857 0.002209959295897043 -0.0057641136233803321 0.019993401484852222 3.0749583018886824e-05
leaf_weight=16.352281246334314 270.16598164336756 6638.8250441551208 7290.651341535151 334.96901714801788 722.72780293226242 12730.163085583597 86.233465045690536 625.52570487791672 22.738327473402023 5017.3983862064779 234.97886838391423 507.85258614970371 80.308171266689897 13535.083105396479
leaf_count=186 6906 54565 23284 5432 2626 73807 501 12450 150 60392 2392 7488 838 67184
internal_value=-1.91913e-05 -0.000668578 -0.000364482 -0.0103498 0.00085347 -0.00103942 0.00140765 0.00284693 0.029022 0.0026656 -0.00533264 9.05113e-05 0.00480035 -0.000178817
internal_weight=48114 27586 26745.9 840.114 20528 19369 7376.88 5682.01 39.0906 5642.92 505.145 14846 803.036 14042.9
internal_count=318201 166887 152157 14730 151314 128372 23785 73178 336 72842 9298 78136 3464 74672
is_linear=0
shrinkage=0.05


Tree=304
num_leaves=15
num_cat=0
split_feature=7 11 7 14 8 2 14 9 1 2 3 5 14 9
split_gain=8.73085 7.40055 7.30489 13.913 7.2961 6.81476 6.20533 4.87167 4.86411 4.83793 4.05087 2.37973 1.85686 4.40405
threshold=0.060677658766508109 0.084427498281002059 0.71766394376754772 0.15284361690282824 0.082857225090265288 0.073865767568349852 0.27488853037357336 0.16735108941793445 0.045670481398701675 0.48377433419227606 0.41213698685169226 0.16965847462415698 0.39859320223331457 0.63287559151649486
decision_type=2 2 2 2 2 2 2 2 2 2 2 2 2 2
left_child=8 4 6 -4 7 -6 -3 -2 12 11 -11 -10 13 -1
right_child=1 2 3 -5 5 -7 -8 -9 9 10 -12 -13 -14 -15
leaf_value=0.013644342196796217 -0.014364489438363182 0.00087998679601241671 0.0018761411981931559 -0.0101993403364109 -0.0064016228058004099 0.0053305625911147661 -0.0002599517464146159 0.010345481599944842 -0.031753387876004568 -0.0020906457515622433 0.024594493834078079 -0.0077724285104216508 -0.022785239055645348 -0.02037464298822142
leaf_weight=14.04547345638275 20.957609623670578 15410.367503341287 458.59013860486448 497.10413495637476 216.04419635049999 289.81363803055137 52986.627286486328 413.56789876334369 12.079736575484274 41.238129913806915 21.707999408245087 72.040754124522209 63.969495497643948 29.486189462244511
leaf_count=70 571 90428 8895 3858 3801 7508 193715 8155 60 188 89 318 384 161
internal_value=-3.7506e-05 -4.03241e-06 -6.37726e-05 -0.00440492 0.00440177 0.000319924 -3.11485e-06 0.00915369 -0.00928048 -0.00337141 0.00711216 -0.0112161 -0.0173644 -0.00939843
internal_weight=70547.6 70293.1 69352.7 955.694 940.383 505.858 68397 434.526 254.568 147.067 62.9461 84.1205 107.501 43.5317
internal_count=318201 316931 296896 12753 20035 11309 284143 8726 1270 655 277 378 615 231
is_linear=0
shrinkage=0.05


Tree=305
num_leaves=15
num_cat=0
split_feature=2 13 5 11 8 12 1 6 12 3 11 7 7 14
split_gain=10.9001 12.1221 7.50644 20.6354 8.63466 6.40023 6.07184 5.73517 12.7398 8.6496 12.7044 8.28672 7.87046 7.30388
threshold=0.17808742821216586 0.2770394235849381 0.30201172828674322 0.17500507831573489 0.42358089983463293 0.17843483388423922 0.14493319392204287 0.12438011169433595 0.28132407367229467 0.10332772508263589 0.38751271367073065 0.076097346842288985 0.18876009434461596 0.17397791892290118
decision_type=2 2 2 2 2 2 2 2 2 2 2 2 2 2
left_child=1 5 4 -4 -3 -1 -7 8 12 10 -9 -10 -2 -11
right_child=7 2 3 -5 -6 6 -8 9 11 13 -12 -13 -14 -15
leaf_value=0.047611607206388309 0.0044391398935312914 -0.0026795735269834853 0.01693182880286764 -0.015344352332339221 0.022281883089075159 0.003086987373363409 -0.00096543732571008887 0.016462241819096796 0.023133091048964511 0.0072007724924736984 0.0026507657464178314 -0.013734102692856315 -0.0017127923873059853 0.00043550681771568867
leaf_weight=7.2432659640908232 643.65078541636467 4884.462637304794 59.351698597893119 298.97529731690884 34.892870288342237 1487.0434699766338 2442.7115294127725 192.659040030092 16.172568991780281 404.53843651711941 1226.2673453465104 264.89802892506123 2704.0056613646448 28905.953808058053
leaf_count=97 2031 117014 1523 4226 528 8792 22859 921 61 4121 5004 1210 13362 136452
internal_value=8.19165e-05 -0.00144513 -0.00301144 -0.00999827 -0.00250252 0.000654576 0.000568025 0.000491462 -0.00138841 0.000713449 0.00452606 -0.0116128 -0.000529966 0.00052888
internal_weight=43572.8 9214.68 5277.68 358.327 4919.36 3937 3929.75 34358.1 3628.73 30729.4 1418.93 281.071 3347.66 29310.5
internal_count=318201 155039 123291 5749 117542 31748 31651 163162 16664 146498 5925 1271 15393 140573
is_linear=0
shrinkage=0.05


Tree=306
num_leaves=15
num_cat=0
split_feature=0 6 5 2 9 12 13 2 3 13 4 4 6 4
split_gain=10.3718 19.6997 22.4868 21.8062 16.6992 13.318 12.012 11.533 10.3965 6.53913 10.9201 6.60888 3.89969 9.33683
threshold=0.12435220927000047 0.19406821578741076 0.40248608589172369 0.14439949393272403 0.18425627797842029 0.36030194163322454 0.49128921329975134 0.11514329910278322 0.18985769152641299 0.4048981666564942 0.80937808752059948 0.76105767488479625 0.095226004719734206 0.17133305966854098
decision_type=2 2 2 2 2 2 2 2 2 2 2 2 2 2
left_child=6 2 3 -2 7 -4 9 -3 -6 11 -11 -1 -8 -14
right_child=1 4 5 -5 8 -7 12 -9 -10 10 -12 -13 13 -15
leaf_value=-0.0024201184210816875 0.0069109333224445027 0.0031645178664825992 0.013104281555701362 -0.0023377967447625507 -0.0071637177891254013 -0.017382910832967915 0.0012785927448697874 -0.012456568596413363 0.00016000292732498518 0.0068993314857531381 -0.014733144774098218 0.0057277333218501477 0.12404857629465721 -0.01267366613127752
leaf_weight=4418.031070638448 1137.9226850075647 160.95617481693625 711.31978722568601 1448.6848085541278 490.82537231128663 37.721142509952188 63.226221507415175 444.36390922218561 38065.223144209944 438.66440358804539 67.286721438169479 263.73148353584111 1.2531068623065937 355.74991710856557
leaf_count=45852 22302 1923 6146 19617 6689 415 2127 4527 182380 7136 1350 4819 15 12903
internal_value=-1.51185e-05 0.000251583 0.00394017 0.00173098 -6.25997e-05 0.011569 -0.00203618 -0.00830288 6.67707e-05 -0.00137757 0.00402242 -0.00196114 -0.0101668 -0.0121938
internal_weight=48105 42497 3335.65 2586.61 39161.4 749.041 5607.94 605.32 38556 5187.71 505.951 4681.76 420.229 357.003
internal_count=318201 243999 48480 41919 195519 6561 74202 6450 189069 59157 8486 50671 15045 12918
is_linear=0
shrinkage=0.05


Tree=307
num_leaves=15
num_cat=0
split_feature=7 11 4 7 11 8 14 1 2 10 3 5 14 8
split_gain=8.1663 6.99419 6.9856 10.6583 7.57984 6.82805 6.42753 4.6427 4.55505 3.90134 3.71453 2.30355 1.85974 3.2515
threshold=0.060677658766508109 0.084427498281002059 0.85444226861000072 0.72109007835388195 0.41233904659748083 0.082857225090265288 0.16330985724925998 0.045670481398701675 0.48377433419227606 0.75675225257873546 0.41213698685169226 0.16965847462415698 0.32668095827102667 0.17837014794349673
decision_type=2 2 2 2 2 2 2 2 2 2 2 2 2 2
left_child=7 5 3 -3 -4 9 -7 12 11 -2 -10 -9 13 -1
right_child=1 2 4 -5 -6 6 -8 8 10 -11 -12 -13 -14 -15
leaf_value=-0.027751039439186439 0.010296150186136235 -1.1926306205804208e-05 0.018751435351860808 -0.0056405721079204304 -0.02393526292433595 -0.00081286126161158689 0.027800753523241867 -0.031361859413127302 -0.0019830062281885933 -0.0073378613119605141 0.023464349788176238 -0.0075380124771948697 -0.020660162520806505 0.0092536054815669285
leaf_weight=9.6832589730620402 397.56535030156374 68393.849162483588 83.685568939894438 851.51886671409011 11.8752912171185 485.45790068712085 20.453198358416557 11.819766044616697 41.15052130818367 34.051971042528749 22.010661154985428 71.671177700161934 81.009022735059261 15.340761885046957
leaf_count=60 7846 284201 1052 11463 180 10982 327 60 188 880 89 318 478 77
internal_value=-3.67601e-05 -4.4996e-06 -6.24992e-05 -8.11425e-05 0.0134468 0.00428523 0.000343943 -0.00900926 -0.00324635 0.00890493 0.00688499 -0.0109107 -0.0169798 -0.00506566
internal_weight=70531.1 70278.5 69340.9 69245.4 95.5609 937.528 505.911 252.685 146.652 431.617 63.1612 83.4909 106.033 25.024
internal_count=318201 316931 296896 295664 1232 20035 11309 1270 655 8726 277 378 615 137
is_linear=0
shrinkage=0.05


Tree=308
num_leaves=15
num_cat=0
split_feature=2 13 7 12 3 8 11 5 6 0 9 0 11 13
split_gain=10.0686 11.2896 7.27945 10.5473 9.26878 6.26949 8.50256 5.87927 5.62568 8.83342 6.54441 5.79198 7.53431 5.40658
threshold=0.17808742821216586 0.2770394235849381 0.38049298524856573 0.43480095267295843 0.49610489606857305 0.32207471132278448 0.40816155076026922 0.25384032726287847 0.076958797872066512 0.044145917519927032 0.17426203936338427 0.023684883490204815 0.59522229433059703 0.1409111097455025
decision_type=2 2 2 2 2 2 2 2 2 2 2 2 2 2
left_child=1 5 3 -3 -4 6 -1 -7 9 13 -11 -10 -13 -2
right_child=8 2 4 -5 -6 7 -8 -9 11 10 -12 12 -14 -15
leaf_value=0.00048301137474582919 0.026475071846796962 -0.0092142998532783234 -0.0029796872225136936 0.0037874299408104852 0.0035737864085800654 0.0093301164707198531 -0.0086398119076723026 0.00026642149981780902 0.0061338003254813103 -0.0083834265252857778 -0.03159638532045627 0.00070483405241731061 -0.0022272144868782442 -0.0016017979718644542
leaf_weight=2943.2321175867692 17.592222034931183 815.57207212038338 3619.0449351272546 192.87153436802328 634.0617592134513 363.12603607773781 279.6754287853837 352.69640205055475 461.82664275169373 146.86242758855224 38.276975966989994 30667.15182466805 2359.5714983232319 676.14107969403267
leaf_count=22942 68 8634 103070 2282 9305 3045 2643 3118 1968 728 208 148596 8769 2825
internal_value=7.62035e-05 -0.00139287 -0.00290828 -0.00672763 -0.00200268 0.000631484 -0.000308643 0.0048643 0.00046948 -0.00347936 -0.0131826 0.000573113 0.000495356 -0.000889803
internal_weight=43567.7 9200.28 5261.55 1008.44 4253.11 3938.73 3222.91 715.822 34367.4 878.873 185.139 33488.5 33026.7 693.733
internal_count=318201 155039 123291 10916 112375 31748 25585 6163 163162 3829 936 159333 157365 2893
is_linear=0
shrinkage=0.05


Tree=309
num_leaves=15
num_cat=0
split_feature=2 11 13 14 4 12 8 9 14 7 3 14 11 10
split_gain=10.0471 30.3876 12.601 29.2787 18.0381 15.6965 12.2552 11.89 11.6608 10.2326 10.0383 9.44347 6.72682 5.7566
threshold=0.17335840314626697 0.22152923792600634 0.54101943969726574 0.13351719081401828 0.69927769899368297 0.18305259197950366 0.21321414411067965 0.40533396601676946 0.35144749283790594 0.36426059901714331 0.21548624336719516 0.22578629106283191 0.54265150427818309 0.3945810347795487
decision_type=2 2 2 2 2 2 2 2 2 2 2 2 2 2
left_child=2 6 5 10 -5 13 11 8 -3 -9 -4 -2 -7 -1
right_child=1 7 3 4 -6 12 -8 9 -10 -11 -12 -13 -14 -15
leaf_value=0.00075740241836934168 -0.011565242731268986 -0.0026959644654839113 -0.0091160216835311329 0.010187638246187167 0.061331918845095451 0.00047280233623155196 -0.017537299370764273 0.001160697496754266 -0.00010892279010986074 0.018379460722533974 0.0017965604201573328 0.002177373962837589 0.012993546830709477 -0.019871251359142042
leaf_weight=45.767230728641152 266.92896124394611 6622.407834097743 272.24418398411945 906.90593781974167 17.574044440872967 18126.129687906709 329.69074871018529 7292.8632113970816 12725.963795457035 87.315646972507238 932.80428229738027 235.11355135031044 107.91142629086971 129.54608962498605
leaf_count=1388 6906 54565 18021 7755 326 107198 5432 23284 73807 501 13442 2392 1635 1549
internal_value=-1.21326e-05 -0.000635964 0.000824961 0.00446631 0.0111599 0.000403743 -0.0100478 -0.00034309 -0.000994395 0.00136441 -0.000668807 -0.00512938 0.000546902 -0.0144859
internal_weight=48099.2 27560.3 20538.9 2129.53 924.48 18409.4 831.733 26728.6 19348.4 7380.18 1205.05 502.043 18234 175.313
internal_count=318201 166887 151314 39544 8081 111770 14730 152157 128372 23785 31463 9298 108833 2937
is_linear=0
shrinkage=0.05


Tree=310
num_leaves=15
num_cat=0
split_feature=7 11 11 5 8 8 2 1 2 9 14 14 8 6
split_gain=7.65864 6.61237 6.86403 12.4907 6.65338 6.46409 6.31119 4.43341 4.3658 4.32682 2.59758 1.78997 3.09556 1.78664
threshold=0.060677658766508109 0.084427498281002059 0.090278781950473799 0.26995010673999792 0.053444666787981994 0.082857225090265288 0.073865767568349852 0.045670481398701675 0.27704697847366339 0.16735108941793445 0.49224524199962622 0.32668095827102667 0.17837014794349673 0.60640978813171398
decision_type=2 2 2 2 2 2 2 2 2 2 2 2 2 2
left_child=7 5 3 -3 -4 9 -7 11 -9 -2 -10 12 -1 -13
right_child=1 2 4 -5 -6 6 -8 8 10 -11 -12 13 -14 -15
leaf_value=-0.027400643825078119 -0.013216310490679787 -0.0047270853680978567 -0.022718720425636836 -0.043176996896116621 -1.8928714868718877e-05 -0.006089983909761898 0.0051913613627608138 -0.017071840604713263 0.0056152406465958607 0.0098371104096236957 -0.015879702850485209 -0.016104289281992295 0.0088983821627812796 -0.033722331518967218
leaf_weight=9.4812432453036326 21.422935251146555 247.58240572921932 32.295455079525709 23.09219647012651 69032.049595216289 217.39675321802497 288.4883615039289 40.589129611849785 88.986797690391541 407.69933454040438 16.691562339663506 60.89848455041647 15.435005083680151 18.842395529150963
leaf_count=60 571 4701 189 335 291671 3801 7508 191 381 8155 83 376 77 102
internal_value=-3.55005e-05 -4.36372e-06 -6.06879e-05 -0.00800738 -2.95435e-05 0.00417233 0.000343368 -0.00875517 -0.00313334 0.00868622 0.00222018 -0.0166122 -0.00491429 -0.0202673
internal_weight=70521 70270 69335 270.675 69064.3 935.007 505.885 250.925 146.267 429.122 105.678 104.657 24.9162 79.7409
internal_count=318201 316931 296896 5036 291860 20035 11309 1270 655 8726 464 615 137 478
is_linear=0
shrinkage=0.05


Tree=311
num_leaves=15
num_cat=0
split_feature=2 13 1 13 2 8 11 13 13 12 8 0 9 5
split_gain=9.38067 10.586 7.51977 22.399 9.65239 5.82934 8.00342 5.50643 5.45935 10.4759 10.0596 10.9515 6.74307 5.42555
threshold=0.17808742821216586 0.2770394235849381 0.55991312861442577 0.50206339359283458 0.03924288600683213 0.32207471132278448 0.40816155076026922 0.19579792022705081 0.75569337606430065 0.13717041909694674 0.13665521889925006 0.077999055385589613 0.12549566477537158 0.17340524494647983
decision_type=2 2 2 2 2 2 2 2 2 2 2 2 2 2
left_child=1 5 3 -3 -4 6 -1 -7 9 -2 11 -10 -12 -11
right_child=8 2 4 -5 -6 7 -8 -9 10 13 12 -13 -14 -15
leaf_value=0.00046740433444854052 -0.0083149355375672987 -0.0030754594847450297 -0.012293791032947629 -0.017774589210305062 -0.00025825373392527495 0.0097022097130850943 -0.0084118171519488045 0.00086590317219103401 0.093456758429253259 -0.013571334629859608 0.019420648584961314 0.019798001016495891 -0.0062240634952988516 0.00052179547410306001
leaf_weight=2944.2744529824704 340.9592702165246 2180.6642335602082 178.01597807649523 294.12715869909152 2594.9774142946117 310.35571737214923 277.72375812381506 408.1924037002027 5.686623226851224 68.430176082998514 36.760986849665642 44.808412682265043 84.679465927183628 33794.827190365642
leaf_count=22942 1600 28768 5264 9087 80172 2024 2643 4139 48 616 239 444 790 159425
internal_value=7.08627e-05 -0.0013483 -0.00281894 -0.00482244 -0.00103089 0.000610219 -0.00029795 0.00468249 0.000450187 0.000405513 0.00933747 0.0280933 0.00153879 0.000493316
internal_weight=43564.5 9188.33 5247.78 2474.79 2772.99 3940.55 3222 718.548 34376.2 34204.2 171.935 50.495 121.44 33863.3
internal_count=318201 155039 123291 37855 85436 31748 25585 6163 163162 161641 1521 492 1029 160041
is_linear=0
shrinkage=0.05


Tree=312
num_leaves=15
num_cat=0
split_feature=0 6 5 2 9 12 13 2 6 13 4 4 4 6
split_gain=9.66598 18.4434 21.0279 20.1761 15.715 12.3432 11.2504 10.808 10.5571 6.25467 10.1216 6.18695 4.07131 4.17579
threshold=0.12435220927000047 0.19406821578741076 0.40248608589172369 0.10008586570620538 0.18425627797842029 0.36030194163322454 0.49128921329975134 0.11514329910278322 0.22777157276868823 0.4048981666564942 0.80937808752059948 0.76105767488479625 0.13632608950138095 0.095226004719734206
decision_type=2 2 2 2 2 2 2 2 2 2 2 2 2 2
left_child=6 2 3 -2 7 -4 9 -3 -6 11 -11 -1 -8 -14
right_child=1 4 5 -5 8 -7 12 -9 -10 10 -12 -13 13 -15
leaf_value=-0.0023475611231526393 0.0098409953622351845 0.002981049357015006 0.012608262335130533 -0.00071437285953532086 0.0033140325600629346 -0.016974748748067862 0.077467317841147132 -0.012144292860348935 -0.00014405347190758926 0.0066800247761770321 -0.014314753331323796 0.0055178432948983763 0.0017599980779604088 -0.012276810949406422
leaf_weight=4409.7173082195222 584.81331785116345 161.4957359014079 717.58921097684652 2004.3438826482743 2350.3596274396405 37.082238330505788 1.3297404795885075 439.59526260383427 36196.366223833058 440.84932930301875 66.002304496243596 265.04724387545139 62.381763454061002 351.68943253485486
leaf_count=45852 12605 1923 6146 29314 22633 415 20 4527 166436 7136 1350 4819 2112 12913
internal_value=-1.11282e-05 0.000246147 0.00381042 0.00166977 -5.82968e-05 0.0111546 -0.00196432 -0.00808055 6.68009e-05 -0.00132961 0.00394608 -0.00190161 -0.00988159 -0.0101621
internal_weight=48088.7 42491.6 3343.83 2589.16 39147.8 754.671 5597.02 601.091 38546.7 5181.62 506.852 4674.76 415.401 414.071
internal_count=318201 243999 48480 41919 195519 6561 74202 6450 189069 59157 8486 50671 15045 15025
is_linear=0
shrinkage=0.05


Tree=313
num_leaves=15
num_cat=0
split_feature=7 4 11 0 12 11 6 14 4 2 14 14 8 6
split_gain=7.17974 6.37926 7.13332 10.9273 7.97839 6.28001 7.45298 7.39313 4.26653 6.20916 3.40576 2.76044 6.0416 1.71982
threshold=0.060677658766508109 0.85444226861000072 0.41233904659748083 0.021852194331586364 0.32427661120891577 0.61890384554862987 0.22396063804626468 0.60074636340141307 0.047752633690834052 0.27704697847366339 0.5095619559288026 0.40735487639904028 0.17837014794349673 0.39606104791164404
decision_type=2 2 2 2 2 2 2 2 2 2 2 2 2 2
left_child=8 5 4 -4 -3 6 -2 -7 11 -10 -11 12 -1 -13
right_child=1 2 3 -5 -6 7 -8 -9 9 10 -12 13 -14 -15
leaf_value=-0.034134284663141473 -0.00095579506771990342 0.024649040872498272 0.010339338578441087 -0.090925762613224492 -0.020181931027491162 0.004018387573572672 0.00021419057005636025 -0.0023592140605992176 -0.019165993308055445 0.0065440474794166807 -0.01810176897187421 -0.017526414849784379 0.0073713741232972717 -0.036016419542199064
leaf_weight=13.313900619745253 18871.938464282081 70.261805202811956 8.1356959380209428 3.9610076695680609 11.556618630886076 1859.1437322795391 48832.794041180052 601.41461230069399 44.750361457467079 94.631593108177185 16.454776629805565 34.673343330621719 25.675439208745956 19.733731433749199
leaf_count=85 119751 933 128 52 119 6706 187155 2087 211 407 87 233 133 114
internal_value=-3.4373e-05 -4.32223e-06 0.0130183 -0.0228194 0.0183168 -2.17527e-05 -0.00011193 0.00245956 -0.00850572 -0.00344124 0.00289336 -0.0169561 -0.00680179 -0.0242328
internal_weight=70508.4 70259.2 93.9151 12.0967 81.8184 70165.3 67704.7 2460.56 249.233 155.837 111.086 93.3964 38.9893 54.4071
internal_count=318201 316931 1232 180 1052 315699 306906 8793 1270 705 494 565 218 347
is_linear=0
shrinkage=0.05


Tree=314
num_leaves=15
num_cat=0
split_feature=4 13 0 9 9 3 0 13 7 5 6 2 8 7
split_gain=8.79438 13.6967 15.1554 9.44788 9.32148 10.1547 7.09685 32.0079 18.5709 9.50914 6.77611 5.78707 5.45536 3.6948
threshold=0.68153658509254467 0.23565807193517688 0.027338096871972088 0.30885428190231329 0.24442259967327121 0.20951805263757708 0.29087823629379278 0.49649260938167578 0.69183537364006054 0.058873571455478675 0.12438011169433595 0.25586614012718206 0.16294705122709277 0.5652432143688203
decision_type=2 2 2 2 2 2 2 2 2 2 2 2 2 2
left_child=6 2 -2 -4 5 -3 9 8 -8 13 -11 -9 -6 -1
right_child=1 4 3 -5 12 -7 7 11 -10 10 -12 -13 -14 -15
leaf_value=-0.027596150707590562 0.097668744601638685 -0.0020001538183222595 -0.030352608299976359 0.030626421406219052 -0.021921368401087261 0.10813236774229003 -0.00024877843607315855 -0.013983339592583225 0.06225104466113407 -0.0011998719322837872 0.0010867461196907393 -0.00046872474083874252 -0.0083838076874306316 0.043238679273061596
leaf_weight=36.800086978822947 6.0021689161658278 375.97777999890968 9.5358011089265364 19.025271731428802 110.62106283195317 2.1047569732181719 17021.870883643162 512.69492131425068 11.893773530144243 3820.8150869952515 21310.139270419721 93.686843231320381 227.39709616173059 1.937872084788977
leaf_count=861 73 9423 117 298 3993 105 106039 14143 450 22646 154536 661 4797 59
internal_value=6.79221e-05 -0.00529715 0.0254451 0.0102671 -0.00678095 -0.00138705 0.000161998 -0.000606989 -0.000205138 0.000700941 0.000739097 -0.0118953 -0.0128142 -0.0240526
internal_weight=43560.5 750.664 34.5632 28.5611 716.101 378.083 42809.8 17640.1 17033.8 25169.7 25131 606.382 338.018 38.738
internal_count=318201 18806 488 415 18318 9528 299395 121293 106489 178102 177182 14804 8790 920
is_linear=0
shrinkage=0.05


Tree=315
num_leaves=15
num_cat=0
split_feature=2 0 6 14 8 12 2 9 12 4 14 12 6 5
split_gain=11.5388 9.46369 18.2913 13.9747 22.729 12.9831 10.0547 8.46269 8.42159 12.8266 13.7746 5.35159 3.82313 2.02923
threshold=0.028241064399480823 0.14483859390020373 0.17759177088737491 0.18120428919792178 0.079288437962532057 0.31265673041343695 0.061307953670620925 0.16173615306615832 0.26570507884025579 0.65874299407005321 0.20682561397552493 0.33979919552803045 0.31589059531688696 0.038475748151540763
decision_type=2 2 2 2 2 2 2 2 2 2 2 2 2 2
left_child=8 3 5 6 -5 -3 -2 -4 12 11 -11 -10 13 -1
right_child=1 2 7 4 -6 -7 -8 -9 9 10 -12 -13 -14 -15
leaf_value=0.0061547866818316664 0.01863407262187312 0.0062482784979766047 -0.0091881232136470717 0.11284458067514941 -0.001473683130649216 -0.0071504960023083862 -0.01606742478417638 -9.5436230522377627e-06 0.018411913420063968 0.084189264375899742 0.017026010313815024 0.0030932974361251391 0.0034146196059986855 -0.030265213044846043
leaf_weight=4.4364749938249579 22.83347281999886 1764.263075419236 252.79614573251456 4.3509465251117936 6393.7429256029427 201.43920736107975 243.27512777037919 38089.023607219569 61.036385796964169 8.2271068301051837 105.90035238489509 865.20759351179004 18.235332917422056 27.733679957687855
leaf_count=44 1156 23895 3108 48 72403 4196 15956 192249 266 63 1160 3104 75 378
internal_value=5.89545e-07 -0.000117469 0.000171109 -0.00186289 -0.00139594 0.00487521 -0.0130899 -7.006e-05 0.00508449 0.00605153 0.0218676 0.00410274 -0.0148752 -0.0252427
internal_weight=48062.5 46971.7 40307.5 6664.2 6398.09 1965.7 266.109 38341.8 1090.78 1040.37 114.127 926.244 50.4055 32.1702
internal_count=318101 313011 223448 89563 72451 28091 17112 195357 5090 4593 1223 3370 497 422
is_linear=0
shrinkage=0.05


Tree=316
num_leaves=12
num_cat=0
split_feature=1 11 13 0 8 12 12 4 13 4 10
split_gain=7.07775 6.36833 7.54154 7.32376 6.17184 9.33083 5.38004 5.2685 3.19651 5.32773 2.30755
threshold=0.037618655711412437 0.61890384554862987 0.23154359310865405 0.042193565517663963 0.6810617744922639 0.25441519916057592 0.22989450395107272 0.85444226861000072 0.24400561302900317 0.061155881732702262 0.077377945184707655
decision_type=2 2 2 2 2 2 2 2 2 2 2
left_child=8 4 3 -3 7 -6 -4 -2 9 10 -1
right_child=1 2 6 -5 5 -7 -8 -9 -10 -11 -12
leaf_value=-0.016650302100245484 2.1260474888006553e-05 -0.0026341665479593188 0.0059740676351746937 0.003742399298538316 -0.014255846636427996 -0.00070844458978937654 0.020979054055699328 0.01199027119621713 -0.031969086812199406 0.022950170458002461 -0.0055328384850690466
leaf_weight=66.92001361399889 67185.47629473079 759.12903984636068 444.63221725821495 1106.8674416989088 189.29399481415749 386.84934137016535 69.010371372103691 92.067294772714376 13.562932059168814 13.961868047714232 154.27954568713903
leaf_count=410 305326 2603 2025 3518 568 1247 282 1226 54 60 782
internal_value=5.28559e-05 8.2673e-05 0.00262506 0.00114827 -6.48897e-06 -0.00515949 0.00799006 3.76397e-05 -0.00836673 -0.00700546 -0.00889623
internal_weight=70482.1 70233.3 2379.64 1866 67853.7 576.143 513.643 67277.5 248.724 235.161 221.2
internal_count=318101 316795 8428 6121 308367 1815 2307 306552 1306 1252 1192
is_linear=0
shrinkage=0.05


Tree=317
num_leaves=15
num_cat=0
split_feature=2 4 11 14 11 8 11 0 6 9 9 11 8 0
split_gain=7.86374 12.5088 6.9068 6.99792 5.63199 4.95061 6.52922 4.87497 12.6613 8.57254 6.92949 8.00003 6.12038 5.19802
threshold=0.042843254283070571 0.077309373766183867 0.41448473930358892 0.44954304397106176 0.17846512049436572 0.19073481112718585 0.26191166043281561 0.023684883490204815 0.095226004719734206 0.1102624610066414 0.14834634214639666 0.32603521645069128 0.21999211609363559 0.28851053118705755
decision_type=2 2 2 2 2 2 2 2 2 2 2 2 2 2
left_child=1 5 4 -4 -3 6 -1 10 9 -9 11 -2 -12 -10
right_child=7 2 3 -5 -6 -7 -8 8 13 -11 12 -13 -14 -15
leaf_value=0.009985748712272112 0.039518559062686372 0.00040461005079700762 0.043008076033532822 -0.019714818903160215 -0.011207153010317531 -0.02912586701958041 0.049839504316174364 0.0050518785374452108 0.00054572738320785594 -0.0071966134408858662 -0.026491515031086911 -0.001271184077183429 0.0083458123905858165 -0.00059825571249519469
leaf_weight=66.969236684963107 12.274675358086823 133.7304539536126 12.918616319075229 6.7811220176517955 476.53070633672178 6.5516279339790335 12.139863811433314 168.2765930807218 23280.452331393957 945.45815142570063 12.9289622772485 580.95617928728461 507.06255199760199 17315.128123506438
leaf_count=616 40 3677 307 157 9003 52 99 872 174139 6146 350 3180 3469 115994
internal_value=-8.6217e-05 -0.00528431 -0.00772195 0.0214174 -0.00866259 0.0126424 0.0161016 6.50089e-07 -8.65053e-05 -0.00534596 0.00326612 -0.000427194 0.00747962 5.77872e-05
internal_weight=43538.2 715.622 629.961 19.6997 610.261 85.6607 79.1091 42822.5 41709.3 1113.73 1113.22 593.231 519.992 40595.6
internal_count=318101 13911 13144 464 12680 767 715 304190 297151 7018 7039 3220 3819 290133
is_linear=0
shrinkage=0.05


Tree=318
num_leaves=15
num_cat=0
split_feature=2 0 13 12 4 14 2 7 10 12 3 11 10 7
split_gain=10.7327 9.23379 7.96092 7.86953 11.6913 11.6699 6.61681 5.96318 4.97565 4.97127 3.4786 2.80742 2.59497 2.07284
threshold=0.028241064399480823 0.023684883490204815 0.81058362126350414 0.26570507884025579 0.65874299407005321 0.20682561397552493 0.16560094803571704 0.10056278854608537 0.66377836465835582 0.33979919552803045 0.62611165642738353 0.45699757337570196 0.091257117688655867 0.52238130569458019
decision_type=2 2 2 2 2 2 2 2 2 2 2 2 2 2
left_child=3 7 6 10 9 -6 -3 12 -4 -5 13 -9 -2 -1
right_child=1 2 8 4 5 -7 -8 11 -10 -11 -12 -13 -14 -15
leaf_value=0.0092387833211601701 -0.013593284347170867 0.00070286643309421101 0.037851557930233093 0.017710975694030916 0.076203096030774811 0.016246932245984308 -0.00051651615701799611 -0.020526059977752257 -0.024262842504682934 0.0029766810103275271 0.0038471533695785989 -0.0083970775852999537 0.021761939685200002 -0.028780827810779109
leaf_weight=4.0966471172869197 6.8847500532865551 18341.735993801616 3.463329473976045 61.301887817680836 8.7794298771768791 107.3967759013176 28276.263589914422 62.059745687991381 46.670612985733896 865.33436397835612 16.980629771947861 206.31304306723177 21.083574157208204 28.704466978088021
leaf_count=33 89 134261 162 266 63 1160 168706 1733 2340 3104 47 5412 308 417
internal_value=-6.65055e-08 -0.000114036 -5.81687e-05 0.00489886 0.005826 0.0207778 -3.67531e-05 -0.00891215 -0.0199719 0.00395143 -0.0145227 -0.0112018 0.0130588 -0.0240324
internal_weight=48057.1 46964.5 46668.1 1092.59 1042.81 116.176 46618 296.341 50.1339 926.636 49.7817 268.373 27.9683 32.8011
internal_count=318101 313011 305469 5090 4593 1223 302967 7542 2502 3370 497 7145 397 450
is_linear=0
shrinkage=0.05


Tree=319
num_leaves=15
num_cat=0
split_feature=6 9 14 13 12 6 12 11 9 5 13 6 4 13
split_gain=6.89057 14.1453 10.2468 26.1921 8.96348 7.39297 21.447 32.9479 20.1945 27.4809 14.0298 13.1307 2.71788 1.70405
threshold=0.091958139091730132 0.23404721915721896 0.20392727106809619 0.43701322376728063 0.10226592421531679 0.22396063804626468 0.39733408391475683 0.099500581622123732 0.30760386586189276 0.27667470276355749 0.49649260938167578 0.30565272271633154 0.18348713964223864 0.38530139625072485
decision_type=2 2 2 2 2 2 2 2 2 2 2 2 2 2
left_child=1 2 4 -4 -1 6 10 -8 9 -7 -2 -10 -3 -14
right_child=5 12 3 -5 -6 8 7 -9 11 -11 -12 -13 13 -15
leaf_value=-0.014780309573722084 -0.0020651403056570687 0.060405651018086884 0.0038153068271221374 -0.013378008698967329 0.016462072316868383 -0.0010674874463575902 -0.016275078925003371 0.015794283916636571 -0.002655628894561203 0.003578120107740849 0.00086870494412955479 6.1065731757120825e-05 0.011051588259804915 0.036173932011561653
leaf_weight=26.12667622230947 12819.053396744654 7.6171923875808707 1392.0508451834321 263.42607916146517 189.2750203255564 4961.466649742797 100.17927993834019 399.42385857738554 5215.5471935663372 8882.5357908029109 5973.8840334676206 30216.171232322231 10.745404936373236 18.153494876809418
leaf_count=147 57903 24 6761 1171 1685 29519 2648 4085 25548 32877 54320 101070 63 280
internal_value=5.14776e-05 0.00301576 0.0024142 0.00107944 0.0126726 -3.09811e-05 -0.000860717 0.00936381 0.000293879 0.00191321 -0.00113253 -0.000338832 0.033836 0.0268328
internal_weight=70475.7 1907.39 1870.88 1655.48 215.402 68568.3 19292.5 499.603 49275.7 13844 18792.9 35431.7 36.5161 28.8989
internal_count=318101 10131 9764 7932 1832 307970 118956 6733 189014 62396 112223 126618 367 343
is_linear=0
shrinkage=0.05


Tree=320
num_leaves=15
num_cat=0
split_feature=2 4 13 7 12 3 2 4 7 8 8 14 14 14
split_gain=7.31034 11.6941 4.78435 26.2212 21.319 13.7508 13.6065 11.3468 6.18434 4.63713 5.92964 4.58698 7.7614 4.16908
threshold=0.042843254283070571 0.077309373766183867 0.51292017102241527 0.59688854217529308 0.3685984611511231 0.12444505840539934 0.37833505868911749 0.36513608694076544 0.46822060644626623 0.19073481112718585 0.1274591460824013 0.4240615069866181 0.44954304397106176 0.25269840657711035
decision_type=2 2 2 2 2 2 2 2 2 2 2 2 2 2
left_child=1 9 3 8 -5 6 -4 -7 -2 10 -1 13 -13 -3
right_child=2 11 5 4 -6 7 -8 -9 -10 -11 -12 12 -14 -15
leaf_value=0.0040382246111951682 0.00013714099242793251 -0.0034832172424157908 0.014517260244442696 0.0097632064222988504 -0.0049646192093616877 0.0037567294437454756 -0.00029127897924993593 -0.0046952561753286111 -0.0018499859083092264 -0.028844367154434371 0.031689552017407085 0.040949384573659847 -0.016405867049557141 -0.011909847399407647
leaf_weight=47.22482275031507 33316.806804989465 254.43317636894062 228.79771495936438 1173.3314055078663 310.80000758497044 476.13036093534902 481.68254210054874 2392.2505020098761 4436.8848317363299 6.3977194651961318 32.89195404201746 12.593858115375044 11.09460369683802 346.91834434308112
leaf_count=450 165550 5655 3233 15732 13188 4306 1770 53759 46652 52 265 284 266 6939
internal_value=-8.32729e-05 -0.00510966 2.5865e-07 0.000159881 0.00667897 -0.00174981 0.00447755 -0.00329229 -9.63899e-05 0.0121193 0.0153905 -0.00749439 0.0140868 -0.00834452
internal_weight=43528.2 711.554 42816.7 39237.8 1484.13 3578.86 710.48 2868.38 37753.7 86.5145 80.1168 625.04 23.6885 601.352
internal_count=318101 13911 304190 241122 28920 63068 5003 58065 212202 767 715 13144 550 12594
is_linear=0
shrinkage=0.05


Tree=321
num_leaves=15
num_cat=0
split_feature=2 0 6 9 9 10 1 9 9 12 9 3 9 1
split_gain=9.95805 8.96059 11.2289 14.4661 14.3328 8.90525 7.94418 7.70145 7.81073 13.1325 6.68126 4.3133 0.865488 0.216437
threshold=0.028241064399480823 0.073596268892288222 0.19406821578741076 0.30527903139591223 0.17942705005407336 0.16166709363460544 0.78428131341934215 0.23747536540031436 0.27592170238494879 0.28952512145042425 0.30054521560668951 0.23839935660362246 0.19498706609010699 0.84153133630752575
decision_type=2 2 2 2 2 2 2 2 2 2 2 2 2 2
left_child=7 5 3 -3 -4 6 -2 12 9 -9 -10 -7 -1 -14
right_child=1 2 4 -5 -6 11 -8 8 10 -11 -12 -13 13 -15
leaf_value=-0.015087214340401688 0.0023129807624281177 0.0031027075184724691 -0.0087732142738102415 -0.0098573468233908897 -0.0001034905196423826 -0.0040837819052083448 0.050690641365351244 0.013669132951482241 -0.024481908364291365 0.10591656927189892 0.0051094753090118756 -0.022248009122156021 -0.05070700456966265 -0.034991586380894411
leaf_weight=4.3651673886924973 469.72595620155334 4217.7141027529724 482.54744985792786 226.90013473341241 39446.261425286531 2073.0222204364836 8.6420533619821054 16.890684951096777 19.431520028039813 5.0003074817359439 1040.0857217535377 33.206021264195442 4.1036233846098167 4.7003655936568975
leaf_count=67 4279 62316 5602 5398 201927 33051 84 182 183 44 4506 354 21 87
internal_value=3.02744e-07 -0.00010959 5.71039e-05 0.00244109 -0.000208266 -0.00297145 0.00318696 0.00471475 0.00517757 0.0347402 0.00456677 -0.00437015 -0.033291 -0.0423167
internal_weight=48052.6 46958 44373.4 4444.61 39928.8 2584.6 478.368 1094.58 1081.41 21.891 1059.52 2106.23 13.1692 8.80399
internal_count=318101 313011 275243 67714 207529 37768 4363 5090 4915 226 4689 33405 175 108
is_linear=0
shrinkage=0.05


Tree=322
num_leaves=13
num_cat=0
split_feature=1 6 12 14 10 6 12 9 13 7 13 12
split_gain=6.52316 7.17979 13.829 10.6402 9.59898 6.89505 20.0207 17.8999 3.06477 5.01107 3.41374 2.20132
threshold=0.037618655711412437 0.091958139091730132 0.24437136948108676 0.20392727106809619 0.18296679854393008 0.22396063804626468 0.39733408391475683 0.30760386586189276 0.24400561302900317 0.10835316404700281 0.17080093920230868 0.59082725644111644
decision_type=2 2 2 2 2 2 2 2 2 2 2 2
left_child=8 2 3 -2 -4 6 -3 -7 9 11 -11 -1
right_child=1 5 4 -5 -6 7 -8 -9 -10 10 -12 -13
leaf_value=-0.01223099386358889 0.012250565560040295 -0.0010710281478013455 -0.0015078551885508145 0.00014455869994631752 0.022561487289488869 0.0018329993486381436 0.0091297437759027683 -0.00028914462747987695 -0.031414635677694952 0.03143751578307824 -0.0022163199684280548 0.0007015920897556452
leaf_weight=161.34194209426641 207.17140381131321 18721.81223046314 58.480248346924782 1465.0327888429165 142.01217137556523 13828.955248094164 493.69423095602542 35304.256808288395 13.295951202511786 13.068427294492723 17.797299668192863 41.333989664912224
leaf_count=895 1803 111825 189 7125 849 62371 6716 125917 54 57 76 224
internal_value=4.9257e-05 7.77786e-05 0.00313216 0.00164439 0.0155409 -5.90876e-06 -0.000808945 0.000308151 -0.00806468 -0.00673532 0.0120326 -0.00959351
internal_weight=70468.3 70221.4 1872.7 1672.2 200.492 68348.7 19215.5 49133.2 246.838 233.542 30.8657 202.676
internal_count=318101 316795 9966 8928 1038 306829 118541 188288 1306 1252 133 1119
is_linear=0
shrinkage=0.05


Tree=323
num_leaves=15
num_cat=0
split_feature=2 4 11 5 11 13 1 8 13 7 4 5 8 8
split_gain=6.8304 10.9784 6.36138 6.69208 5.30429 4.64434 11.4378 8.31776 7.8117 24.2237 13.5871 6.34375 4.34945 5.53224
threshold=0.042843254283070571 0.077309373766183867 0.41448473930358892 0.088729392737150206 0.17846512049436572 0.76089212298393261 0.67912018299102794 0.13665521889925006 0.51292017102241527 0.59688854217529308 0.36513608694076544 0.16164506971836093 0.19073481112718585 0.10573292896151544
decision_type=2 2 2 2 2 2 2 2 2 2 2 2 2 2
left_child=1 12 4 -4 -3 8 7 -7 9 -2 -10 -8 13 -1
right_child=5 2 3 -5 -6 6 11 -9 10 -11 -12 -13 -14 -15
leaf_value=-0.0039597472466843418 -9.4930527979083428e-05 0.00059744950222864073 0.068234486029854421 0.0029683084889946709 -0.010718164188951648 0.031046453818512693 -0.025049832526878514 0.0071309266074315982 0.0036678691595778711 0.0063994096047530402 -0.0041076601197855521 0.0011534226227064627 -0.02855620453670939 0.023872006167598353
leaf_weight=26.559707684442401 37748.614149223547 133.03390868892893 5.3607926219701794 14.690677866339682 467.52240333147347 54.805939382407814 29.184087498113513 108.00376548059285 720.85693083237857 1492.6293214131147 2546.7979318089783 110.76093113562092 6.2446046471595755 54.478858985006809
leaf_count=274 212202 3677 131 333 9003 1411 2784 1231 4999 28920 47160 5483 52 441
internal_value=-8.00928e-05 -0.00495143 -0.00728657 0.0204173 -0.00821155 4.54872e-07 0.00617131 0.0151815 -4.34949e-05 0.000152096 -0.00239235 -0.004311 0.011652 0.0147504
internal_weight=43519.5 707.891 620.608 20.0515 600.556 42811.7 302.755 162.81 42508.9 39241.2 3267.65 139.945 87.2832 81.0386
internal_count=318101 13911 13144 464 12680 304190 10909 2642 293281 241122 52159 8267 767 715
is_linear=0
shrinkage=0.05


Tree=324
num_leaves=15
num_cat=0
split_feature=2 0 6 13 1 6 9 9 9 12 0 12 9 1
split_gain=9.21534 8.5699 16.8101 12.8976 15.2096 11.7946 8.58703 7.29967 7.10626 11.5401 6.44494 6.38687 0.861981 0.195849
threshold=0.028241064399480823 0.15603690594434741 0.11689128726720811 0.5307682752609254 0.70976680517196666 0.22906583547592166 0.20569260418415072 0.23747536540031436 0.27592170238494879 0.29307250678539282 0.021852194331586364 0.26570507884025579 0.19498706609010699 0.84153133630752575
decision_type=2 2 2 2 2 2 2 2 2 2 2 2 2 2
left_child=7 3 6 10 -5 -4 -3 12 9 -9 -2 -10 -1 -14
right_child=1 2 5 4 -6 -7 -8 8 11 -11 -12 -13 13 -15
leaf_value=-0.01467400483644575 -0.0091487105431167625 0.027022702521614053 0.0023395530296616259 -0.017395062732304106 -0.00012408793383822961 -0.00020843367370355811 -0.0030116471410031719 0.013867889610443244 -0.020944502529611986 0.10076305491244397 -0.00080693404499028974 0.0049865058883996512 -0.050082334469417823 -0.034937232362268589
leaf_weight=4.3346166349947444 239.94702609814703 87.520961921662092 5236.7068510055542 272.81117438431829 239.28156967787072 34227.296537170652 32.686229610349983 17.46560858562589 24.303135117515922 4.8907544873654833 6615.4299970213324 1035.7134405337274 4.0164994131773692 4.5558241810649633
leaf_count=67 6263 1533 56321 8676 14075 155012 762 184 189 42 70369 4500 21 87
internal_value=8.74719e-07 -0.000104887 0.00018654 -0.00167068 -0.00932499 0.000129673 0.0188559 0.00453461 0.00498035 0.0328774 -0.00109891 0.00439198 -0.0328451 -0.0420334
internal_weight=48047 46951.7 39584.2 7367.47 512.093 39464 120.207 1095.28 1082.37 22.3564 6855.38 1060.02 12.9069 8.57232
internal_count=318101 313011 213628 99383 22751 211333 2295 5090 4915 226 76632 4689 175 108
is_linear=0
shrinkage=0.05


Tree=325
num_leaves=12
num_cat=0
split_feature=1 11 8 12 8 12 7 4 13 4 10
split_gain=6.09656 5.929 7.21588 6.85461 5.70543 8.81903 5.05334 3.81398 2.93148 4.89351 2.23833
threshold=0.037618655711412437 0.61890384554862987 0.77519717812538158 0.34851156175136572 0.6810617744922639 0.25441519916057592 0.1443949639797211 0.19826907664537433 0.24400561302900317 0.061155881732702262 0.077377945184707655
decision_type=2 2 2 2 2 2 2 2 2 2 2
left_child=8 4 3 -3 6 -6 -2 -4 9 10 -1
right_child=1 2 7 -5 5 -7 -8 -9 -10 -11 -12
leaf_value=-0.016096087383128455 -0.0012645851717086895 0.0041304755193843955 -0.0033654853594181308 -0.010373957991056039 -0.01382417264598948 -0.00064271926393781251 0.00017566258663737741 -0.02602393366655207 -0.030889383679160849 0.021984790248104763 -0.0050522175348659305
leaf_weight=65.611330665647984 6772.2558821812272 2008.2784225940704 262.88005803525448 84.899098366498947 188.88635677099228 386.61819338798523 60488.302457622252 19.983790248632431 13.040211275219916 14.134122043848036 152.56025938689709
leaf_count=410 21478 7234 879 258 568 1247 285074 57 54 60 782
internal_value=4.67298e-05 7.42234e-05 0.00252926 0.00354218 -1.17673e-05 -0.004969 3.06485e-05 -0.00496626 -0.00782129 -0.00652639 -0.00837347
internal_weight=70457.5 70212.1 2376.04 2093.18 67836.1 575.505 67260.6 282.864 245.346 232.306 218.172
internal_count=318101 316795 8428 7492 308367 1815 306552 936 1306 1252 1192
is_linear=0
shrinkage=0.05


Tree=326
num_leaves=15
num_cat=0
split_feature=2 4 11 14 11 0 6 9 9 11 8 2 8 11
split_gain=6.37051 10.3169 5.9012 5.90444 5.07574 4.49245 11.1426 7.79466 6.2304 7.32497 5.86693 4.86375 4.08825 5.19265
threshold=0.042843254283070571 0.077309373766183867 0.41448473930358892 0.44954304397106176 0.19092712551355365 0.023684883490204815 0.095226004719734206 0.1102624610066414 0.14834634214639666 0.32603521645069128 0.21999211609363559 0.2321155518293381 0.19073481112718585 0.26191166043281561
decision_type=2 2 2 2 2 2 2 2 2 2 2 2 2 2
left_child=1 12 4 -4 -3 8 7 -7 9 -2 -10 -8 13 -1
right_child=5 2 3 -5 -6 6 11 -9 10 -11 -12 -13 -14 -15
leaf_value=0.0086613719523566703 0.037788609057376937 -0.00063077606507841173 0.037974283756941306 -0.019388509511876893 -0.010881773531207888 0.0048707466831327019 -0.000783706155261104 -0.0068089181525985663 -0.026370922821811395 -0.001181773580756754 0.0079686996126280014 0.00041063584762682177 -0.02827303136696618 0.042975915869393443
leaf_weight=68.766713442280889 12.3141309954226 168.28603214723989 13.802541192620994 6.6460272110998622 427.54607676155865 168.48857732396573 12178.017213986255 938.71311091864482 12.750641070306299 579.81516018137336 507.72344731539488 28410.917925588787 6.0982323288917533 13.129847168922423
leaf_count=616 40 4262 307 157 8418 872 169986 6146 350 3180 3469 120147 52 99
internal_value=-7.6632e-05 -0.00479338 -0.00708009 0.0193307 -0.0079865 9.66435e-07 -8.27031e-05 -0.00503156 0.00313658 -0.000371332 0.00712744 5.22939e-05 0.0112219 0.0141628
internal_weight=43513 704.275 616.281 20.4486 595.832 42808.7 41696.1 1107.2 1112.6 592.129 520.474 40588.9 87.9948 81.8966
internal_count=318101 13911 13144 464 12680 304190 297151 7018 7039 3220 3819 290133 767 715
is_linear=0
shrinkage=0.05


Tree=327
num_leaves=15
num_cat=0
split_feature=2 0 6 12 10 1 9 9 12 9 9 3 9 0
split_gain=8.56873 8.04648 10.3161 19.9911 8.37703 7.0716 6.92484 6.4534 9.7729 6.1501 6.0732 4.16395 0.858008 0.177679
threshold=0.028241064399480823 0.073596268892288222 0.16396317631006244 0.3069653064012528 0.16166709363460544 0.78428131341934215 0.23747536540031436 0.27592170238494879 0.29307250678539282 0.30054521560668951 0.17942705005407336 0.22170628607273105 0.19498706609010699 0.14629339426755908
decision_type=2 2 2 2 2 2 2 2 2 2 2 2 2 2
left_child=6 4 3 -3 5 -2 12 8 -8 -9 -4 -6 -1 -14
right_child=1 2 10 -5 11 -7 7 9 -10 -11 -12 -13 13 -15
leaf_value=-0.014282188404564923 0.0023063618683659302 0.0050794094872276801 -0.0039741198630658626 -0.010474591544283495 -0.003836394663140983 0.047031850696534011 0.013297511275917499 -0.023892119102334571 0.091214166050861023 0.0047505861067139643 -2.2591821027158302e-05 -0.018516138636296631 -0.034883593434483433 -0.049502703868904312
leaf_weight=4.3037122730165711 469.74871141836047 1936.9567775456235 995.85979342879727 231.24537585349753 2044.7051182412542 9.0073362365365011 17.607199188321832 19.084531644359231 5.2168003842234603 1041.3536083940417 41207.751165725756 49.475739085115492 4.4125776570290309 3.9291555974632502
leaf_count=67 4279 34086 12753 4934 32853 84 184 183 42 4506 223470 552 87 21
internal_value=1.36488e-06 -0.000100663 5.6968e-05 0.00342053 -0.00281909 0.00314783 0.00437186 0.00480128 0.0311066 0.00423511 -0.000115834 -0.00418321 -0.0324146 -0.0417695
internal_weight=48040.7 46944.8 44371.8 2168.2 2572.94 478.756 1095.91 1083.26 22.824 1060.44 42203.6 2094.18 12.6454 8.34173
internal_count=318101 313011 275243 39020 37768 4363 5090 4915 226 4689 236223 33405 175 108
is_linear=0
shrinkage=0.05


Tree=328
num_leaves=15
num_cat=0
split_feature=6 9 14 13 12 6 12 11 9 5 13 10 4 13
split_gain=5.6598 13.1854 9.16854 24.2511 8.36238 6.32991 18.8873 31.0819 17.293 23.8161 12.8745 11.2283 2.34528 1.71523
threshold=0.091958139091730132 0.23404721915721896 0.20392727106809619 0.43701322376728063 0.10226592421531679 0.22396063804626468 0.39733408391475683 0.099500581622123732 0.31255471706390386 0.27667470276355749 0.48849909007549291 0.48400184512138372 0.18348713964223864 0.38530139625072485
decision_type=2 2 2 2 2 2 2 2 2 2 2 2 2 2
left_child=1 2 4 -4 -1 6 10 -8 9 -7 -2 -10 -3 -14
right_child=5 12 3 -5 -6 8 7 -9 11 -11 -12 -13 13 -15
leaf_value=-0.014485999798522518 -0.0019833013402848505 0.057310081464627419 0.0035532145536551329 -0.012974094008295882 0.015713360017985453 -0.00099062966654528514 -0.015905831895910546 0.015210717465934187 -0.00047296304667688834 0.0031980289208103996 0.00078420341762212148 0.0058910797728548188 0.010255001892502436 0.035803886713833853
leaf_weight=26.164907338097692 12467.413677668199 7.6957784444093695 1386.3715318106115 264.26487147435546 185.01827900949866 5279.0352220544592 100.85062220133841 392.95201008021832 33757.737848982215 9501.7491561528295 6339.0178672922775 707.61453077942133 10.568246189504864 17.360927361994982
leaf_count=147 55764 24 6761 1171 1685 31293 2648 4085 114409 35010 56459 8302 63 280
internal_value=4.50556e-05 0.0027388 0.00216225 0.000907213 0.0119718 -2.95105e-05 -0.000797016 0.0088557 0.000271285 0.00170203 -0.00105047 -0.000342302 0.0328705 0.0261363
internal_weight=70443.8 1897.44 1861.82 1650.64 211.183 68546.4 19300.2 493.803 49246.1 14780.8 18806.4 34465.4 35.625 27.9292
internal_count=318101 10131 9764 7932 1832 307970 118956 6733 189014 66303 112223 122711 367 343
is_linear=0
shrinkage=0.05


Tree=329
num_leaves=15
num_cat=0
split_feature=2 14 13 7 14 13 1 8 13 7 1 9 2 11
split_gain=5.97516 10.7438 10.2066 13.003 7.25658 6.08986 9.33567 8.71428 7.61381 24.2575 15.5845 6.73947 1.18687 1.30191
threshold=0.057946050539612777 0.10016024112701417 0.58957374095916759 0.65400812029838573 0.25416879355907446 0.76089212298393261 0.67912018299102794 0.13665521889925006 0.51292017102241527 0.59688854217529308 0.84153133630752575 0.23747536540031436 0.021795188076794151 0.13580974191427234
decision_type=2 2 2 2 2 2 2 2 2 2 2 2 2 2
left_child=1 12 4 -4 -3 8 7 -7 9 -2 -10 -8 -1 -14
right_child=5 2 3 -5 -6 6 11 -9 10 -11 -12 -13 13 -15
leaf_value=0.036018342458692801 -7.1516363137019882e-05 0.0021589429834365684 -0.024056089065919137 0.075167494867204671 -0.0057403593853130441 0.031579565135348771 -0.0066581310260052833 0.0070200330017079378 -0.0025274446928084272 0.0065549844625946534 0.068323385486230848 0.02989903139737142 -0.030000379198446926 0.039788577843687889
leaf_weight=0.71605968102812667 37210.336753632408 444.46224158722907 5.1606454961001864 9.1667827544733864 840.56811718828976 54.218299913220108 116.97179110581055 108.19506867602468 3212.0021605109796 1434.3108248692006 7.7802524333819738 14.13023443194106 42.036547569558024 0.67905819416046043
leaf_count=36 205172 8064 346 629 14042 1238 6435 1215 48647 26581 243 957 4463 33
internal_value=-7.4469e-05 -0.00335793 -0.00254025 0.0394278 -0.00300817 3.0114e-05 0.00720708 0.0152187 -2.02044e-05 0.000174429 -0.00235624 -0.00271798 -0.0278208 -0.0288909
internal_weight=43500.7 1342.79 1299.36 14.3274 1285.03 42157.9 293.515 162.413 41864.4 38644.6 3219.78 131.102 43.4317 42.7156
internal_count=318101 27613 23081 975 22106 290488 9845 2453 280643 231753 48890 7392 4532 4496
is_linear=0
shrinkage=0.05


Tree=330
num_leaves=15
num_cat=0
split_feature=0 10 5 11 4 3 1 4 0 6 3 11 3 3
split_gain=9.14753 12.8101 16.4461 16.0754 12.2659 12.0965 10.3471 17.8391 12.4679 9.60629 10.8033 9.53397 7.38206 4.48392
threshold=0.26183356344699865 0.20016440004110339 0.19950096309185031 0.22152923792600634 0.6870277225971223 0.057847445830702789 0.67912018299102794 0.60990574955940258 0.27051465213298803 0.28093135356903082 0.32715141773223883 0.26191166043281561 0.42647498846054083 0.47254408895969396
decision_type=2 2 2 2 2 2 2 2 2 2 2 2 2 2
left_child=1 4 5 -4 13 -3 9 11 -9 12 -11 -8 -2 -1
right_child=6 2 3 -5 -6 -7 7 8 -10 10 -12 -13 -14 -15
leaf_value=0.0013710245338003854 0.0033601592224688686 -0.017087736864344231 -0.009863500679366359 -0.0023192844068631591 0.058038303744962418 0.0021411427052717607 -0.0013736549023260823 0.028360083091099466 0.15448423648670084 -0.0045300419914974565 0.00026594899368332265 0.04908194977947649 -0.00034984129224881845 -0.01248064493707355
leaf_weight=4225.7575435098261 4351.5753593128175 84.53392150439322 783.17257112590596 7176.4419253449887 9.5062150992453081 2518.5048008426093 39.250436913222075 3.9063211642205706 3.9316380154341459 1230.6286764927208 25602.124884478748 12.295449860393999 1937.9395382367074 59.243452191352844
leaf_count=24275 31222 2414 29130 75602 86 48710 290 68 46 8264 89920 61 7720 246
internal_value=3.39455e-05 -0.000997169 -0.00193333 -0.00306158 0.00130538 0.00151668 0.000495629 0.021348 0.0916259 0.000458244 4.59908e-05 0.0106617 0.00221703 0.00117951
internal_weight=48038.8 14857.2 10562.7 7959.61 4294.51 2603.04 33181.7 59.3838 7.83796 33122.3 26832.8 51.5459 6289.51 4285
internal_count=318054 180463 155856 104732 24607 51124 137591 465 114 137126 98184 351 38942 24521
is_linear=0
shrinkage=0.05


Tree=331
num_leaves=14
num_cat=0
split_feature=3 6 6 12 3 11 7 10 10 9 6 4 0
split_gain=5.46443 10.7969 10.0911 11.6202 8.73771 7.99191 11.8982 10.9055 7.16618 7.02932 6.36177 6.33849 6.01819
threshold=0.34270542860031133 0.51355367898941051 0.28388290107250219 0.18156374245882037 0.33863933384418493 0.12316718325018884 0.388400748372078 0.40218167006969457 0.51430532336235057 0.49235756695270544 0.45820085704326635 0.39850890636444097 0.18256035447120669
decision_type=2 2 2 2 2 2 2 2 2 2 2 2 2
left_child=1 4 3 11 9 6 -4 -7 -5 -1 -6 -2 -3
right_child=2 12 5 8 10 7 -8 -9 -10 -11 -12 -13 -14
leaf_value=0.00027135589267746546 0.014974461642399187 -0.0060440037709273498 -0.0099017576028943861 -0.0043712025788002744 0.0075392563824758481 8.7714370546455574e-05 0.0092292107105707098 -0.0032981304552188399 -0.00058787578572755232 0.0091640570453777083 -0.027906186389445271 0.00065908648888632804 -0.047796998752208081
leaf_weight=34807.79555237852 137.68355136364698 16.765097454190254 98.837849020957947 3357.730123821646 533.70811562985182 25985.950116835535 457.33822959475219 2617.8074233494699 1995.4900834821165 223.64925747551024 12.966478392481802 176.38626620545983 17.786695457994938
leaf_count=196614 546 94 336 12811 2416 80686 2713 10025 9520 1188 56 965 84
internal_value=-3.66196e-05 0.000398883 -0.000481944 -0.00241252 0.000426013 -0.000106733 0.00582945 -0.000222157 -0.00296091 0.000328129 0.00669853 0.00693473 -0.0275378
internal_weight=70439.9 35612.7 34827.2 5667.29 35578.1 29159.9 556.176 28603.8 5353.22 35031.4 546.675 314.07 34.5518
internal_count=318054 200452 117602 23842 200274 93760 3049 90711 22331 197802 2472 1511 178
is_linear=0
shrinkage=0.05


Tree=332
num_leaves=15
num_cat=0
split_feature=13 11 0 8 13 1 3 4 13 0 1 2 12 2
split_gain=6.25521 11.8209 8.73007 6.54427 5.99042 11.8931 16.7391 5.99163 8.3574 7.05972 5.76193 5.66551 4.8298 4.23765
threshold=0.098213788121938719 0.28196783363819128 0.64988714456558239 0.18798659741878512 0.14567043632268908 0.20286459475755694 0.097530327737331404 0.68153658509254467 0.24400561302900317 0.13029550015926364 0.045670481398701675 0.49034518003463751 0.36030194163322454 0.081789325922727599
decision_type=2 2 2 2 2 2 2 2 2 2 2 2 2 2
left_child=1 3 12 13 5 11 -7 9 -9 -6 -4 -2 -3 -1
right_child=4 2 10 -5 7 6 -8 8 -10 -11 -12 -13 -14 -15
leaf_value=-0.0052483777768433278 0.001399020439826314 -0.007758852865307031 -0.0034290944257911789 -0.014016796939994644 0.0013313981901309534 0.02475892092474373 -0.0086331597623476395 0.016459109717201732 -0.0056680773794293513 -0.00021950328600550564 0.018003134757865063 -0.0023831756633484222 0.0041136061325505718 0.022939529043037227
leaf_weight=32.495837949216366 1875.9616364315152 93.654251381754875 38.212157227098942 140.32950372248888 10186.773698165547 39.340148240327835 815.90174632146955 45.448350377380848 698.95340194413438 26235.459854818881 174.87710765749216 2096.8222897201777 1003.7778607457876 22.610755100846291
leaf_count=223 7555 320 161 556 59588 134 3755 661 18144 217125 724 6047 2959 102
internal_value=2.18108e-05 0.00318798 0.00489866 -0.00828322 -9.17302e-05 -0.00174862 -0.00709716 0.000123503 -0.00431713 0.000214262 0.0141598 -0.00059721 0.00310042 0.00631739
internal_weight=43500.6 1505.96 1310.52 195.436 41994.7 4828.03 855.242 37166.6 744.402 36422.2 213.089 3972.78 1097.43 55.1066
internal_count=318054 5045 4164 881 313009 17491 3889 295518 18805 276713 885 13602 3279 325
is_linear=0
shrinkage=0.05


Tree=333
num_leaves=14
num_cat=0
split_feature=0 13 6 9 0 7 10 14 3 6 3 14 7
split_gain=8.64914 7.34182 6.63272 14.9651 9.93046 5.85994 4.48073 14.7948 4.15696 12.4563 3.90787 2.76389 2.26258
threshold=0.023684883490204815 0.81058362126350414 0.14679283648729327 0.268787831068039 0.26183356344699865 0.10056278854608537 0.66377836465835582 0.057955570518970496 0.064831707626581206 0.11283263191580774 0.12444505840539934 0.55301114916801464 0.78176647424697887
decision_type=2 2 2 2 2 2 2 2 2 2 2 2 2
left_child=5 2 3 -2 -4 8 7 -3 9 -1 11 -7 -8
right_child=1 6 4 -5 -6 10 12 -9 -10 -11 -12 -13 -14
leaf_value=-0.002433815494687542 0.0037711263277317507 0.1830490377449652 -0.0012261570062771971 -0.014093236609413652 0.00042767908021341147 -0.0079348105800790061 -0.02512718614321079 -0.034053989967844027 -0.026308392677418042 0.077791678791529706 0.055277639551253581 -0.01900913590261227 0.040671960925426076
leaf_weight=15.389884617179638 2094.9578980961815 1.1462897816672915 12528.375238994602 124.18031365517527 32944.313340053894 184.37227321974933 45.145662689581513 2.4878364028409123 5.3362397253513327 7.0571237169206134 2.2212362755089989 81.134475450962782 1.3454150594770897
leaf_count=248 36018 42 133005 3109 135703 5356 2242 122 60 83 42 1908 116
internal_value=2.93979e-05 8.2182e-05 0.000102283 0.00277146 -2.79764e-05 -0.00849825 -0.0190434 0.0344255 0.0133585 0.0227883 -0.0107664 -0.0113189 -0.023223
internal_weight=48037.5 47742 47691.8 2219.14 45472.7 295.511 50.1252 3.63413 27.7832 22.447 267.728 265.507 46.4911
internal_count=318054 310357 307835 39127 268708 7697 2522 164 391 331 7306 7264 2358
is_linear=0
shrinkage=0.05


Tree=334
num_leaves=15
num_cat=0
split_feature=14 5 14 4 10 14 13 4 4 4 0 6 14 6
split_gain=5.52307 6.48338 21.3896 16.519 13.6305 8.61264 10.588 9.88958 5.09675 4.9569 4.32273 4.04147 4.0168 1.67442
threshold=0.082495290786027922 0.25538852810859686 0.32796113193035131 0.51198047399520885 0.34476809203624731 0.37131437659263616 0.40843696892261511 0.80937808752059948 0.67633321881294262 0.27166765928268438 0.14629339426755908 0.2677969783544541 0.073150604963302626 0.14939001947641375
decision_type=2 2 2 2 2 2 2 2 2 2 2 2 2 2
left_child=8 5 3 -3 -4 7 -7 -2 9 12 -11 13 -1 -10
right_child=1 2 4 -5 -6 6 -8 -9 11 10 -12 -13 -14 -15
leaf_value=0.02949930241986919 -0.0012385924907235605 0.0024077169000697347 -1.077050984158431e-05 -0.0056267760935572496 -0.0030506140398183722 0.0010113723123920248 0.019137593438604016 0.010071455807424908 0.033934765879910268 0.0092905889760684004 -0.00030695725251758698 -0.058412854216466963 -3.1183938431620596e-05 0.014937611552384981
leaf_weight=30.710862800478935 20770.645215871744 12307.160531403497 27393.183284759521 674.8213510196656 4261.2931543923914 4002.8604481108487 82.218794874846935 195.09643475338817 18.371401095762849 153.536789749749 497.39239737857133 1.6155751161277283 18.423522621393204 31.465882584452629
leaf_count=94 112707 55156 88922 6439 15966 19542 810 2262 763 4526 9536 45 55 1231
internal_value=-3.43687e-05 -8.03463e-05 0.000280947 0.00199007 -0.000419991 -0.000724112 0.00137619 -0.00113335 0.00422909 0.00311278 0.00195685 0.0194175 0.0184265 0.0219405
internal_weight=70438.8 69687.3 44636.5 12982 31654.5 25050.8 4085.08 20965.7 751.516 700.064 650.929 51.4529 49.1344 49.8373
internal_count=318054 301804 166483 61595 104888 135321 20352 114969 16250 14211 14062 2039 149 1994
is_linear=0
shrinkage=0.05


Tree=335
num_leaves=12
num_cat=0
split_feature=13 10 9 1 9 2 1 7 4 8 7
split_gain=5.89098 8.7669 7.06672 6.62892 6.06524 7.05723 5.82269 5.68805 5.56582 4.80653 1.62063
threshold=0.098213788121938719 0.12090694159269334 0.15554571896791461 0.32414655387401586 0.63287559151649486 0.33487668633461004 0.056424777954816825 0.076097346842288985 0.68153658509254467 0.18798659741878512 0.1045580990612507
decision_type=2 2 2 2 2 2 2 2 2 2 2
left_child=3 2 10 4 5 -1 -4 -3 -9 -6 -2
right_child=1 7 6 -5 9 -7 -8 8 -10 -11 -12
leaf_value=0.011281735645599988 0.030832593172608214 0.037955410805302417 0.0032200162772947172 -0.030378489129459736 0.0090745336983676528 0.0026341296898087624 -0.0038646058991952652 0.00018144382929729305 -0.0041923188445711392 -0.0079744608046032842 0.0094777401432505851
leaf_weight=314.21367666125298 16.493295267224312 9.9248548746108991 328.19422475248575 14.647522978484629 53.856795877218246 946.96580848097801 2493.4882391989231 38382.328046622686 741.42660127300769 177.88199033588171 19.258319392800331
leaf_count=1229 63 37 1242 74 313 2752 8737 284056 18809 677 65
internal_value=2.3189e-05 -8.70627e-05 -0.00276069 0.00309409 0.0034225 0.00478862 -0.00304058 0.000108159 9.85575e-05 -0.00401222 0.0193294
internal_weight=43498.7 41991.1 2857.43 1507.57 1492.92 1261.18 2821.68 39133.7 39123.8 231.739 35.7516
internal_count=318054 313009 10107 5045 4971 3981 9979 302902 302865 990 128
is_linear=0
shrinkage=0.05


Tree=336
num_leaves=15
num_cat=0
split_feature=0 6 14 4 12 13 4 4 14 10 12 3 12 13
split_gain=8.30509 13.4837 12.6115 10.19 15.7189 10.0905 27.0801 16.7369 9.29186 7.79956 8.37579 6.56671 6.35592 5.53225
threshold=0.14483859390020373 0.11689128726720811 0.16330985724925998 0.66690760850906383 0.20990028977394107 0.54101943969726574 0.65485236048698436 0.35145209729671484 0.27735604345798498 0.72650000452995311 0.17516562342643741 0.19592952728271487 0.17356743663549426 0.41385471820831304
decision_type=2 2 2 2 2 2 2 2 2 2 2 2 2 2
left_child=2 3 11 8 -5 6 -3 -7 -2 12 -11 -1 -4 -13
right_child=1 5 9 4 -6 7 -8 -9 -10 10 -12 13 -14 -15
leaf_value=-0.018451809637553534 0.0034680820992578545 4.2844449285024816e-07 -0.0080649234689724025 0.0062222411617900361 0.15907565262087955 -0.0048644720996461879 0.039319855723622579 0.0055464246632592482 0.031287355249728768 -0.0020444032121662366 0.1160029558550793 -0.033844911129032283 -0.00088835844672017572 0.006343885311765724
leaf_weight=164.23020178079605 90.888504639733583 38696.940536509734 324.61527713853866 3.7148631308227769 3.0735256420448422 485.80524167977273 43.839760799892247 1879.9690486844629 44.816505271941423 3.0704505871981373 2.9427984654903412 10.106958411633967 6222.8718943744898 56.05919122043997
leaf_count=12227 2278 189921 7343 183 110 2102 654 31080 377 68 32 592 67857 3230
internal_value=2.51054e-05 0.000291733 -0.00159611 0.0156459 0.0754285 0.000238509 4.4923e-05 0.00340858 0.0126554 -0.00119189 0.0557263 -0.0130939 -0.00124416 0.000204999
internal_weight=48032.9 41249 6783.9 142.493 6.78839 41106.6 38740.8 2365.77 135.705 6553.5 6.01325 230.396 6547.49 66.1661
internal_count=318054 226705 91349 2948 293 223757 190575 33182 2655 75300 100 16049 75200 3822
is_linear=0
shrinkage=0.05


Tree=337
num_leaves=15
num_cat=0
split_feature=14 5 14 11 11 14 13 8 4 4 2 14 7 10
split_gain=5.09198 6.05427 20.114 16.9333 14.8967 7.91374 10.0511 9.56697 4.87214 4.68233 4.15641 3.80174 3.22697 1.84682
threshold=0.082495290786027922 0.25538852810859686 0.33799132704734808 0.15440972149372104 0.3947120755910874 0.37131437659263616 0.40843696892261511 0.22693195194005969 0.67633321881294262 0.27166765928268438 0.054219281300902374 0.073150604963302626 0.64081969857215892 0.72650000452995311
decision_type=2 2 2 2 2 2 2 2 2 2 2 2 2 2
left_child=8 5 3 -3 -4 7 -7 -2 9 11 -11 -1 -10 -14
right_child=1 2 4 -5 -6 6 -8 -9 12 10 -12 -13 13 -15
leaf_value=0.028753223913494431 -0.0004263266297712301 -0.0066820957437812127 -0.0022702609612804611 0.0021295376739942171 0.00022030303818796815 0.00096306206362934104 0.018767357120401763 -0.0028072315433575051 -0.030466053760070718 -0.0062760086773559088 0.0038292411712061974 -1.9562608688561797e-05 0.029231383108314347 0.0081870024919729351
leaf_weight=30.460236296057701 15118.960457328707 567.13204904738814 8308.305571526289 14107.9001419954 21646.620929591358 3999.3364741653204 80.871788796037436 5852.4145474489778 3.0839370489120475 126.35060093086213 522.77839975617826 18.424664527177811 31.754082270897925 15.521295732818542
leaf_count=94 92006 6806 26786 60749 72142 19542 810 22963 85 1912 12150 55 1298 656
internal_value=-3.26452e-05 -7.67043e-05 0.000272473 0.001789 -0.00047048 -0.000698772 0.00131595 -0.00109076 0.00406972 0.0029861 0.00186229 0.0179088 0.0190895 0.0223222
internal_weight=70429.9 69681.5 44630 14675 29954.9 25051.6 4080.21 20971.4 748.373 698.014 649.129 48.8849 50.3593 47.2754
internal_count=318054 301804 166483 67555 98928 135321 20352 114969 16250 14211 14062 149 2039 1954
is_linear=0
shrinkage=0.05


Tree=338
num_leaves=15
num_cat=0
split_feature=13 11 10 0 9 8 10 1 7 1 13 12 1 13
split_gain=5.50731 10.6864 8.20989 7.62217 6.63004 5.86339 6.47722 5.46105 5.39174 5.23693 5.11283 4.49015 3.70435 1.60956
threshold=0.098213788121938719 0.28196783363819128 0.12090694159269334 0.64988714456558239 0.15554571896791461 0.18798659741878512 0.068058650940656676 0.056424777954816825 0.076097346842288985 0.045670481398701675 0.5101890265941621 0.36030194163322454 0.15808700025081637 0.1566140875220299
decision_type=2 2 2 2 2 2 2 2 2 2 2 2 2 2
left_child=1 5 4 11 13 6 -1 -6 -4 -5 -10 -3 -7 -2
right_child=2 3 8 9 7 12 -8 -9 10 -11 -12 -13 -14 -15
leaf_value=0.02808792995067487 0.0096115750075008912 -0.0075343171826833533 0.037212049155422734 -0.003567769762247916 0.003121206242507237 -0.010724329339506809 -0.007274310143700476 -0.0037403296968435726 0.00028208767742744664 0.016815814839496304 -0.0016769905244821495 0.0039006247480015245 -0.037970867707941863 0.031120475571329399
leaf_weight=20.516018532216549 20.395976334810257 93.870836585760117 9.7881686389446241 38.30646289139986 328.20470581948757 124.93643240630627 35.110690295696259 2490.0781116262078 35445.582937806845 177.61454860121012 3675.7799546173774 1004.5374790728092 13.858430996537207 15.164832100272177
leaf_count=107 75 320 37 161 1242 491 218 8737 236820 724 66045 2959 65 53
internal_value=2.51373e-05 0.00299314 -8.15194e-05 0.00461158 -0.00267055 -0.00794783 0.00576785 -0.00294127 0.000107299 0.0131996 9.80159e-05 0.00292339 -0.0134448 0.018784
internal_weight=43493.7 1508.75 41985 1314.33 2853.84 194.422 55.6267 2818.28 39131.2 215.921 39121.4 1098.41 138.795 35.5608
internal_count=318054 5045 313009 4164 10107 881 325 9979 302902 885 302865 3279 556 128
is_linear=0
shrinkage=0.05


Tree=339
num_leaves=15
num_cat=0
split_feature=0 13 6 9 0 7 10 12 3 6 11 7 9 2
split_gain=7.8516 6.90241 6.36116 14.0737 8.93748 5.54403 4.18716 10.5933 3.89353 10.5998 3.7841 12.8443 3.44132 2.48795
threshold=0.023684883490204815 0.81058362126350414 0.14679283648729327 0.268787831068039 0.26183356344699865 0.10056278854608537 0.66377836465835582 0.11869786679744722 0.064831707626581206 0.11283263191580774 0.28337097167968756 0.70003712177276622 0.23404721915721896 0.033100867643952377
decision_type=2 2 2 2 2 2 2 2 2 2 2 2 2 2
left_child=5 2 3 -2 -4 8 7 -3 9 -1 11 -7 -12 -8
right_child=1 6 4 -5 -6 10 13 -9 -10 -11 12 -13 -14 -15
leaf_value=-0.0020691271466536047 0.0036628914551889709 -0.03407574143699222 -0.001175460001523127 -0.013771334551976872 0.00039412858524460456 0.078070848316013686 0.052542220333343617 0.13870737692061871 -0.02600590157546602 0.070442230464706865 -0.0093640227348540488 -0.034819575685545084 -0.026793265148357892 -0.024696201797149424
leaf_weight=15.225147936493164 2099.8649315671064 2.3172382148914035 12512.935832729563 122.50951739773154 32957.254496126436 4.8668387345969659 1.0677529014646996 1.437333953566849 5.203702248632907 7.5338720008730879 221.21678102575243 5.2243603579699993 32.479023870080709 44.248723751865327
leaf_count=248 36018 109 133005 3109 135703 99 12 55 60 83 6367 108 732 2346
internal_value=2.05972e-05 7.05701e-05 8.98546e-05 0.00270182 -3.78063e-05 -0.00815691 -0.0186722 0.0320695 0.0130128 0.0219342 -0.010401 0.0196258 -0.0115954 -0.0228763
internal_weight=48033.4 47741.6 47692.6 2222.37 45470.2 291.75 49.071 3.75457 27.9627 22.759 263.787 10.0912 253.696 45.3165
internal_count=318054 310357 307835 39127 268708 7697 2522 164 391 331 7306 207 7099 2358
is_linear=0
shrinkage=0.05


Tree=340
num_leaves=15
num_cat=0
split_feature=14 5 14 4 10 14 13 4 4 1 2 10 6 6
split_gain=4.82856 5.55374 18.8246 15.2818 12.4307 7.32871 9.52919 9.09614 4.65206 4.43185 5.80065 5.21083 3.61524 1.71632
threshold=0.082495290786027922 0.25538852810859686 0.32796113193035131 0.51198047399520885 0.34476809203624731 0.37131437659263616 0.40843696892261511 0.80937808752059948 0.67633321881294262 0.45234727859497076 0.054219281300902374 0.65168851613998424 0.2677969783544541 0.14939001947641375
decision_type=2 2 2 2 2 2 2 2 2 2 2 2 2 2
left_child=8 5 3 -3 -4 7 -7 -2 9 11 -11 -1 13 -10
right_child=1 2 4 -5 -6 6 -8 -9 12 10 -12 -13 -14 -15
leaf_value=0.023064553441603922 -0.0011461231551901159 0.0022697467717430835 -4.6802265908804151e-06 -0.0054437190873927906 -0.0029055962676206846 0.00092977264702143517 0.018402280309923007 0.0097600225030444743 0.03390130012612478 -0.010524778735820646 0.0031587894853808453 0.0036699070672579835 -0.052227098080281767 0.01418905170178044
leaf_weight=53.300079867243767 20788.612418973818 12282.239257825539 27391.450156707317 677.54263756796718 4268.3401848822832 3997.6390306502581 79.587852455675602 192.95999480783939 17.370205968618393 93.479932895861566 451.63494091015309 98.88311780244112 1.7291242089122523 30.312355483882129
leaf_count=221 112707 55156 88922 6439 15966 19542 810 2262 763 1771 11795 424 45 1231
internal_value=-3.03714e-05 -7.32304e-05 0.000261297 0.00186648 -0.000395779 -0.000668888 0.00127084 -0.00104582 0.00396897 0.00291841 0.00081224 0.0104626 0.0187945 0.02137
internal_weight=70425.1 69678.4 44619.6 12959.8 31659.8 25058.8 4077.23 20981.6 746.71 697.298 545.115 152.183 49.4117 47.6826
internal_count=318054 301804 166483 61595 104888 135321 20352 114969 16250 14211 13566 645 2039 1994
is_linear=0
shrinkage=0.05


Tree=341
num_leaves=15
num_cat=0
split_feature=7 10 13 10 4 11 14 11 0 4 13 4 12 5
split_gain=5.14192 7.38968 9.43156 7.8441 6.84658 5.27532 5.09871 6.7175 6.55143 4.99834 7.60228 5.68538 4.05988 5.40894
threshold=0.082103349268436446 0.12090694159269334 0.10953843593597413 0.096339795738458647 0.069928653538227095 0.29018020629882818 0.34880724549293524 0.3304335623979569 0.69269645214080822 0.68153658509254467 0.24400561302900317 0.64383453130722057 0.60710647702217113 0.39955316483974462
decision_type=2 2 2 2 2 2 2 2 2 2 2 2 2 2
left_child=4 2 5 -4 12 -2 7 -6 -8 11 -11 -3 13 -1
right_child=1 9 3 -5 6 -7 8 -9 -10 10 -12 -13 -14 -15
leaf_value=0.0086100015892558255 -0.010822498901942826 0.00011981326972999802 -0.012407974109438107 -0.00318461816192622 0.0076287353780289521 0.0031183929308097082 0.0090728090865346261 -0.013130574482557521 0.038658151630131102 0.015672312324941106 -0.0052919433854719993 0.0063161066962166479 -0.0071254817504814751 -0.00064956802480524282
leaf_weight=213.40002017468214 74.416958384215832 38025.90729769785 265.96563518047333 1729.5991616174579 108.5892673805356 770.04543117433786 354.97155919671059 60.781891703605652 19.753415435552597 46.134207646362484 690.25082206400111 373.83868891978636 152.26205103099346 604.39307463169098
leaf_count=817 373 272847 910 6297 407 2475 1019 188 83 665 18144 11289 665 1875
internal_value=2.64323e-05 -7.68247e-05 -0.00253951 -0.00441389 0.00288898 0.00188987 0.00737832 0.000178883 0.0106324 0.000101887 -0.00397854 0.000180137 0.000370948 0.00176668
internal_weight=43490.3 41976.2 2840.03 1995.56 1514.15 844.462 544.096 169.371 374.725 39136.1 736.385 38399.7 970.055 817.793
internal_count=318054 313000 10055 7207 5054 2848 1697 595 1102 302945 18809 284136 3357 2692
is_linear=0
shrinkage=0.05


Tree=342
num_leaves=15
num_cat=0
split_feature=0 6 13 13 4 4 5 14 4 10 11 8 6 2
split_gain=7.41882 12.2886 11.9407 9.60347 24.4569 15.2894 9.05873 9.41923 7.9172 9.55584 6.43396 6.8815 5.42416 3.88318
threshold=0.14483859390020373 0.11689128726720811 0.5307682752609254 0.54101943969726574 0.65485236048698436 0.35145209729671484 0.10683422908186914 0.27735604345798498 0.71458193659782421 0.6439141333103181 0.11002596840262414 0.13810545951128009 0.12951166927814486 0.074841361492872252
decision_type=2 2 2 2 2 2 2 2 2 2 2 2 2 2
left_child=2 6 10 4 -3 -5 -2 -8 12 -10 13 -12 -4 -1
right_child=1 3 8 5 -6 -7 7 -9 9 -11 11 -13 -14 -15
leaf_value=0.0087584895793488254 0.085666429524974053 -1.4606908941326226e-05 -0.0046038010025516969 -0.0046209856877230853 0.036729977831213206 0.0053386631477976704 0.0036156797155503157 0.031283868652821893 -0.015482157689252186 0.050444869022988253 0.0079028578353160014 -0.0011766119561232842 -0.016372501701147762 -0.033704211815859107
leaf_weight=6.9940440226346281 4.3754516169428816 38697.533993181307 172.47482181200758 484.16265391744673 45.338171332143247 1887.8753163563088 94.63663440104574 45.573764201253653 10.363935433793815 11.703119182027875 216.08068926353008 6101.6113308276981 226.46022959472612 23.389888257253915
leaf_count=336 46 189921 7085 2102 654 31080 2525 377 278 524 3006 67346 11147 1627
internal_value=1.69412e-05 0.000268645 -0.00151727 0.000217474 2.83928e-05 0.00330577 0.0148198 0.0126089 -0.00967181 0.0194818 -0.000976462 -0.000866072 -0.0112844 -0.0239298
internal_weight=48028.6 41259.5 6769.08 41114.9 38742.9 2372.04 144.586 140.21 421.002 22.0671 6348.08 6317.69 398.935 30.3839
internal_count=318054 226705 91349 223757 190575 33182 2948 2902 19034 802 72315 70352 18232 1963
is_linear=0
shrinkage=0.05


Tree=343
num_leaves=15
num_cat=0
split_feature=11 14 5 14 11 14 14 8 13 2 8 13 5 8
split_gain=4.58982 7.88437 5.16872 17.6806 16.7539 13.5772 6.76476 9.05501 9.02385 4.1605 6.05696 4.40739 2.49186 3.90391
threshold=0.079990491271018996 0.14966184645891192 0.25538852810859686 0.33799132704734808 0.35099187493324285 0.40561069548130041 0.37131437659263616 0.22693195194005969 0.40843696892261511 0.065604388713836684 0.13511449843645099 0.35971955955028539 0.22090008109807971 0.11516663059592248
decision_type=2 2 2 2 2 2 2 2 2 2 2 2 2 2
left_child=1 9 6 4 -4 -5 7 -2 -8 10 -1 -11 -3 -14
right_child=2 12 3 5 -6 -7 8 -9 -10 11 -12 -13 13 -15
leaf_value=-0.00051905356706104049 -0.00036042270071448513 0.032464308541038829 0.00089109521911244537 -0.0017917356243744636 0.0053201203463617225 0.00039632768061576007 0.00088932015721292766 -0.002676189116140754 0.018029497516589478 0.034789427817910015 -0.049675173672988987 0.005208873311293407 -0.054922799391291299 0.034514935164173526
leaf_weight=311.8858219627291 15091.225339775905 30.035735795274377 12096.912360617891 11516.826878234744 2592.8618126958609 18443.457298178226 3994.6237004175782 5860.5023827143013 78.294465206563473 13.027492548339067 6.3952083718031636 377.04133774526417 2.2261189371347418 2.6998787056654692
leaf_count=4840 91529 482 58277 37114 9702 61814 19542 23000 810 415 112 10306 51 60
internal_value=-2.87841e-05 0.00387943 -7.04781e-05 0.000251923 0.00167285 -0.000444771 -0.00064572 -0.00100818 0.00121881 0.00273539 -0.00150675 0.0061968 0.0270585 -0.00590308
internal_weight=70418 743.312 69674.7 44650.1 14689.8 29960.3 25024.6 20951.7 4072.92 708.35 318.281 390.069 34.9617 4.926
internal_count=318054 16266 301788 166907 67979 98928 134881 114529 20352 15673 4952 10721 593 111
is_linear=0
shrinkage=0.05


Tree=344
num_leaves=15
num_cat=0
split_feature=0 6 9 0 10 10 10 1 3 7 14 0 11 12
split_gain=5.04954 7.11202 10.7084 8.12702 11.9809 7.02928 6.75183 6.11928 4.12371 5.23288 8.22462 2.78265 5.8746 3.06968
threshold=0.015220855828374626 0.12438011169433595 0.19145219773054126 0.077999055385589613 0.464888945221901 0.40748009085655218 0.19567582011222842 0.83496728539466869 0.03366117179393769 0.58186092972755443 0.44954304397106176 0.012256528716534378 0.63761872053146373 0.12933714687824252
decision_type=2 2 2 2 2 2 2 2 2 2 2 2 2 2
left_child=8 2 5 4 -3 -2 -4 -5 11 10 -10 13 -13 -1
right_child=1 3 6 7 -6 -7 -8 -9 9 -11 -12 12 -14 -15
leaf_value=0.022074117111761247 -0.0028094385434931438 0.0016682270170409498 0.00044151800297693024 -2.0531709208746584e-05 0.013259252267717864 0.0022132248921497709 -0.010245404347618524 -0.011614802300264314 0.053600516538878651 -0.021719330533219339 0.011019359845815327 0.006379843252893396 -0.019825613368918967 0.0029353818201329177
leaf_weight=23.723412320017815 1696.7842524480075 3332.9517539665103 200.90439616888762 35731.110898855608 238.92057168809697 1181.7600522236899 559.06810105405748 114.16662989603356 12.526583027094601 10.438755104318259 119.73740039765835 46.982024190947413 39.255282301455736 179.28567451052368
leaf_count=135 9015 22850 679 262313 1952 8921 6826 2922 110 271 619 385 166 890
internal_value=2.7899e-05 -2.60663e-05 -0.00214117 0.000169175 0.00244354 -0.00074743 -0.00742024 -5.74593e-05 0.00540703 0.0123623 0.0150522 0.00197556 -0.0055489 0.00517191
internal_weight=43487.6 43055.7 3638.52 39417.1 3571.87 2878.54 759.972 35845.3 431.949 142.703 132.264 289.246 86.2373 203.009
internal_count=318054 315478 25441 290037 24802 17936 7505 265235 2576 1000 729 1576 551 1025
is_linear=0
shrinkage=0.05


Tree=345
num_leaves=14
num_cat=0
split_feature=9 12 2 14 9 14 0 3 3 3 2 13 7
split_gain=7.10229 7.04594 6.43412 31.6958 11.1966 4.28067 4.9037 7.14922 3.4814 12.6445 2.47997 3.43443 1.23281
threshold=0.66283288598060619 0.11186969652771951 0.22981262952089312 0.29441154003143316 0.3732637912034989 0.28838555514812475 0.49945330619812017 0.67999830842018139 0.24744053930044177 0.28595843911170965 0.09172347187995912 0.067938189953565611 0.383156567811966
decision_type=2 2 2 2 2 2 2 2 2 2 2 2 2
left_child=1 8 4 -4 -3 6 -2 -8 12 -10 -7 -12 -1
right_child=5 2 3 -5 -6 10 7 -9 9 -11 11 -13 -14
leaf_value=0.012751740695273243 0.02623470586982345 0.0014558248634649604 -0.0060442960139997582 -4.2238281301382325e-05 -0.00062220925920126601 0.028431241748533516 -0.019302161562834142 0.0048479582946011953 0.087335352113424386 -0.037811628147208551 0.019628048584971157 -0.0038033070415731691 -0.02648851134580596
leaf_weight=2.1060097850859156 22.453384168446064 13221.542613344267 2484.3000127822161 19192.980382487178 12716.898191895802 27.710387483239174 34.754736572504044 259.15733391046524 3.2867642585188133 5.2301724217832088 40.633366167545319 25.423480182886124 40.362493557855487
leaf_count=40 80 134294 26532 101941 51809 90 94 814 103 59 114 71 2334
internal_value=-5.78353e-05 -0.000114206 -9.43143e-05 -0.000730097 0.000437022 0.00649376 0.0037128 0.00199224 -0.0186916 0.0104837 0.0158766 0.01061 -0.0245426
internal_weight=48076.8 47666.7 47615.7 21677.3 25938.4 410.133 316.365 293.912 50.9854 8.51694 93.7672 66.0568 42.4685
internal_count=318375 317112 314576 128473 186103 1263 988 908 2536 162 275 185 2374
is_linear=0
shrinkage=0.05


Tree=346
num_leaves=13
num_cat=0
split_feature=1 7 4 12 11 10 2 11 14 10 12 14
split_gain=5.40951 5.41354 5.21959 8.72812 5.65936 5.50464 5.12678 4.8988 5.48747 5.4857 3.63511 1.25102
threshold=0.065511871129274382 0.39352485537528997 0.85444226861000072 0.32427661120891577 0.41233904659748083 0.42102764546871191 0.017205452546477321 0.084427498281002059 0.16330985724925998 0.35606485605239874 0.48866976797580725 0.15627218037843707
decision_type=2 2 2 2 2 2 2 2 2 2 2 2
left_child=1 6 7 4 -4 -5 11 8 -2 -9 -8 -1
right_child=2 -3 3 5 -6 -7 10 9 -10 -11 -12 -13
leaf_value=-0.031961975848326898 0.0030307307402691009 0.024025522365305904 0.023814103279338056 0.0083347669908479145 -0.014891569067713226 -0.060466901633992778 -0.0042916967925678137 0.00034040181934804682 0.026539246948842122 -0.00059844128748293753 0.0003427255231433091 -0.013850800209685481
leaf_weight=12.089804187417029 889.31156716588885 18.79544335603714 66.089945070445538 5.4875842556357366 11.018567223101853 6.1824953556060791 1076.8250269219279 43351.448540784419 25.536217901855707 24269.766804717481 696.99775852262974 45.116307854652405
leaf_count=46 19568 54 958 61 169 60 4309 147109 419 142495 2927 200
internal_value=-3.61436e-06 -0.00267175 6.83069e-05 0.0121841 0.0182832 -0.0281145 -0.0029458 5.26126e-05 0.00368693 3.44391e-06 -0.00247067 -0.0176784
internal_weight=70474.7 1849.82 68624.8 88.7786 77.1085 11.6701 1831.03 68536.1 914.848 67621.2 1773.82 57.2061
internal_count=318375 7536 310839 1248 1127 121 7482 309591 19987 289604 7236 246
is_linear=0
shrinkage=0.05


Tree=347
num_leaves=15
num_cat=0
split_feature=0 6 9 14 7 7 5 6 5 14 6 7 12 6
split_gain=8.37686 6.33385 13.4334 9.12279 7.16526 5.28845 6.36898 5.08526 5.07166 10.5964 9.25849 6.07098 2.49195 0.472405
threshold=0.017637724056839946 0.085083529353141799 0.12549566477537158 0.62075391411781322 0.71766394376754772 0.78176647424697887 0.075709830969572081 0.28388290107250219 0.12319625541567804 0.44954304397106176 0.098296660929918303 0.50028386712074291 0.17011390626430514 0.17877514660358432
decision_type=2 2 2 2 2 2 2 2 2 2 2 2 2 2
left_child=8 2 4 -4 -2 7 -7 -3 12 10 -10 -11 -1 -14
right_child=1 5 3 -5 -6 6 -8 -9 9 11 -12 -13 13 -15
leaf_value=0.022617927264469071 0.0015094971303357687 0.00066959309969446905 -0.010840961603688705 0.016907791816522154 0.030190133817814144 0.065896281234224405 -0.015356758892099462 -0.00043221972769446368 0.01621418702680804 0.0057663593342427745 0.064660237385506344 -0.017842271191825947 -0.034162884506885115 -0.0068336571897800198
leaf_weight=2.6447127833962467 324.20035839825869 20236.298595148139 501.10811990313232 31.48045115172863 23.344912213273346 2.4897433570586136 76.979846624657512 21703.798580609262 42.239781009033322 509.49502810463309 12.865819744765757 28.768166584894061 11.667811688035725 1.8291365318000306
leaf_count=83 1639 170515 3395 106 174 79 4476 134104 369 2356 181 495 347 56
internal_value=6.97613e-05 -1.29344e-05 -0.0042108 -0.00920078 0.003436 7.49932e-05 -0.0128111 9.94103e-05 0.00589021 0.00664247 0.0275252 0.00450457 -0.0217628 -0.0304592
internal_weight=43509.2 42899.7 880.134 532.589 347.545 42019.6 79.4696 41940.1 609.51 593.369 55.1056 538.263 16.1417 13.4969
internal_count=318375 314488 5314 3501 1813 309174 4555 304619 3887 3401 550 2851 486 403
is_linear=0
shrinkage=0.05


Tree=348
num_leaves=14
num_cat=0
split_feature=13 2 4 13 13 13 12 7 10 0 10 8 2
split_gain=6.8576 6.76263 24.4644 13.9592 12.7036 11.4981 22.0591 14.9795 4.16927 7.33659 2.36603 5.93676 2.68429
threshold=0.81058362126350414 0.22981262952089312 0.39850890636444097 0.30781821906566625 0.56139332056045543 0.54101943969726574 0.20990028977394107 0.4708684384822846 0.65580826997756969 0.22315773367881778 0.76633599400520336 0.086303178220987334 0.033100867643952377
decision_type=2 2 2 2 2 2 2 2 2 2 2 2 2
left_child=1 5 4 -4 -3 6 -1 -7 9 -2 12 -12 -10
right_child=8 2 3 -5 -6 7 -8 -9 10 -11 11 -13 -14
leaf_value=-0.0079452993171601292 -0.033771068576475223 -0.00018087057492515758 0.0017263351244479611 -0.010531410820155131 -0.016532719520434183 -0.014947936196629028 0.00045606384693667112 0.0046461590687500573 0.048036630107614914 0.13567300036863555 0.085755150077447301 -0.019775657735725347 -0.030655307448869115
leaf_weight=808.69077330268919 1.4159122570417815 20379.568557308987 308.81776692904532 936.93731607776135 119.47383459284902 101.88725262321532 23084.562943872996 2286.4015010022558 1.1182289924472559 1.1639850810170171 1.6658206973224858 6.6642491701059043 35.097696414683014
leaf_count=10781 89 106074 4002 17147 1917 596 133702 41654 12 20 101 382 1898
internal_value=-5.60343e-05 -3.73278e-05 -0.00068961 -0.00749276 -0.000276173 0.000502357 0.000171711 0.00381025 -0.01912 0.0426779 -0.0226991 0.00132806 -0.0282256
internal_weight=48073.5 48026.3 21744.8 1245.76 20499 26281.5 23893.3 2388.29 47.1259 2.5799 44.546 8.33007 36.2159
internal_count=318375 315873 129140 21149 107991 186733 144483 42250 2502 109 2393 483 1910
is_linear=0
shrinkage=0.05


Tree=349
num_leaves=13
num_cat=0
split_feature=1 11 13 10 8 14 13 13 7 4 1 2
split_gain=5.14552 7.6833 7.69052 8.73364 7.04348 5.03132 5.30507 19.9537 15.3174 4.91629 4.28777 3.69529
threshold=0.90223798155784618 0.17500507831573489 0.35430075228214269 0.4294963032007218 0.26913666725158697 0.082495290786027922 0.54101943969726574 0.50743931531906139 0.43261414766311651 0.26246376335620886 0.71249830722808849 0.041123561561107642
decision_type=2 2 2 2 2 2 2 2 2 2 2 2
left_child=5 -2 3 -3 -4 9 7 -7 -8 11 -11 -1
right_child=1 2 4 -5 -6 6 8 -9 -10 10 -12 -13
leaf_value=0.007282108230957352 -0.050451442835322706 0.00083267398915923437 0.013847937417880646 -0.055210439036898901 -0.012438714494424482 -0.00013580714079929222 0.016083626404495857 0.004616344415727649 -0.0022127767578802768 3.2736669542997176e-05 0.0081216708558386405 0.037562662541422848
leaf_weight=22.301161170005798 6.2195139750838271 257.40444732457399 252.70172711089253 7.1446500197052947 28.341424200683832 62371.336145772599 117.43807676434517 2290.0442759245634 4409.2231526039541 434.75489269383252 262.89505953900516 18.378568202257156
leaf_count=63 41 2646 3080 80 391 244512 495 13703 37263 5877 10164 60
internal_value=-1.58277e-06 0.00480772 0.00543765 -0.000680877 0.0111971 -3.95346e-05 -8.33473e-05 3.24948e-05 -0.0017381 0.00406611 0.00308089 0.0209625
internal_weight=70478.2 551.812 545.592 264.549 281.043 69926.4 69188 64661.4 4526.66 738.33 697.65 40.6797
internal_count=318375 6238 6197 2726 3471 312137 295973 258215 37758 16164 16041 123
is_linear=0
shrinkage=0.05


Tree=350
num_leaves=15
num_cat=0
split_feature=0 6 9 14 7 2 5 10 5 14 6 7 12 6
split_gain=7.79987 5.94321 12.6077 8.54974 6.52358 5.6825 15.2983 8.5797 4.74427 9.70975 8.03841 5.71556 2.38696 0.474323
threshold=0.017637724056839946 0.085083529353141799 0.12549566477537158 0.62075391411781322 0.71766394376754772 0.22981262952089312 0.3403726220130921 0.42102764546871191 0.12319625541567804 0.44954304397106176 0.098296660929918303 0.50028386712074291 0.17011390626430514 0.17877514660358432
decision_type=2 2 2 2 2 2 2 2 2 2 2 2 2 2
left_child=8 2 4 -4 -2 6 -3 -7 12 10 -10 -11 -1 -14
right_child=1 5 3 -5 -6 7 -8 -9 9 11 -12 -13 13 -15
leaf_value=0.021309096048865359 0.0014510928824695319 -0.00035300165130515036 -0.010535514366022446 0.016322144595545176 0.028557826454729842 6.4340409916811646e-05 -0.0073697897070420133 0.0023349011208112381 0.015586087935188534 0.0055541575066877357 0.060011835811671632 -0.017528390063911135 -0.034132276234029486 -0.0065559891952985498
leaf_weight=2.706159343942999 324.41865801438689 12001.360696331598 498.74124799761921 31.503424234688282 23.825949274003506 24163.371064007282 830.5515853157267 5025.8698131032288 42.432939860969782 509.55651921033859 13.396877661347387 28.308184830471873 11.214017720893024 1.8112010285258282
leaf_count=83 1639 176630 3395 106 174 94528 8568 29448 369 2356 181 495 347 56
internal_value=6.44765e-05 -1.53151e-05 -0.00408555 -0.00893982 0.00330566 6.97768e-05 -0.000807167 0.000455291 0.00568129 0.00639941 0.0262465 0.00433931 -0.0214201 -0.0302977
internal_weight=43509.1 42899.6 878.489 530.245 348.245 42021.2 12831.9 29189.2 609.426 593.695 55.8298 537.865 15.7314 13.0252
internal_count=318375 314488 5314 3501 1813 309174 185198 123976 3887 3401 550 2851 486 403
is_linear=0
shrinkage=0.05


Tree=351
num_leaves=15
num_cat=0
split_feature=9 12 2 14 9 14 3 3 13 8 4 2 13 10
split_gain=6.57546 6.46172 5.595 29.0093 10.4962 4.04502 3.39516 11.2715 2.41128 5.8146 5.34975 2.37926 3.21929 1.48671
threshold=0.66283288598060619 0.11186969652771951 0.22981262952089312 0.29318678379058843 0.3732637912034989 0.28838555514812475 0.24744053930044177 0.28595843911170965 0.080674637109041228 0.25100930035114294 0.055680720135569579 0.09172347187995912 0.067938189953565611 0.65580826997756969
decision_type=2 2 2 2 2 2 2 2 2 2 2 2 2 2
left_child=1 6 4 -4 -3 8 13 -8 10 -10 -2 -7 -13 -1
right_child=5 2 3 -5 -6 11 7 -9 9 -11 -12 12 -14 -15
leaf_value=-0.0093962510796022809 0.010168226606246404 0.0013911026663566181 -0.0058648930870160709 -3.6592148473287997e-05 -0.00062033193072896743 0.02778761609956102 0.079009280499724777 -0.037640286352097374 0.0038808525987391942 0.034304887086720935 -0.016297144401049131 0.019004163268960372 -0.003689182402869827 -0.030317564507837846
leaf_weight=12.030422472860662 35.300298124551773 13237.557370447088 2401.2773932507262 19251.533531961963 12715.844130580314 27.389483869075775 3.5255766287446004 5.0189537741243839 222.19763730838895 16.898962199687958 41.594522595405579 40.543937712907791 25.430279731750488 28.867476872168481
leaf_count=364 115 134294 26042 102431 51809 90 103 59 706 50 117 114 71 2010
internal_value=-5.40653e-05 -0.000108267 -8.95037e-05 -0.000682946 0.000405602 0.00625588 -0.0181746 0.0104907 0.00355422 0.00603117 -0.00414762 0.0153997 0.0102568 -0.0241634
internal_weight=48065 47655.7 47606.2 21652.8 25953.4 409.355 49.4424 8.54453 315.991 239.097 76.8948 93.3637 65.9742 40.8979
internal_count=318375 317112 314576 128473 186103 1263 2536 162 988 756 232 275 185 2374
is_linear=0
shrinkage=0.05


Tree=352
num_leaves=13
num_cat=0
split_feature=1 7 2 3 1 3 1 13 2 11 12 14
split_gain=4.92447 5.08286 4.87337 4.7459 5.5455 5.0328 4.7087 7.13962 6.33632 3.55897 3.40946 1.22064
threshold=0.065511871129274382 0.39352485537528997 0.017205452546477321 0.81639024615287792 0.16137699037790301 0.8485541343688966 0.90223798155784618 0.35430075228214269 0.055506326258182533 0.23358892649412158 0.50412410497665416 0.15627218037843707
decision_type=2 2 2 2 2 2 2 2 2 2 2 2
left_child=1 2 11 6 5 -5 8 -8 -2 -6 -4 -1
right_child=3 -3 10 4 9 -7 7 -9 -10 -11 -12 -13
leaf_value=-0.031492969106109436 -0.0020501896333056588 0.02327877426407772 -0.0039934638076122644 0.012954901839032374 0.005607951051823005 -0.0014332231126718343 -0.0012334680507056976 0.01017440506674247 0.0001158667820753725 -0.023675137938940858 0.00058313406967634175 -0.013470983353362487
leaf_weight=11.89667025208473 3563.7343909731135 18.854278028011322 1135.9844958484173 198.80689261853695 18.44394451379776 87.538789927959442 265.91122502461076 283.24878311529756 64185.137312685139 23.7203429043293 634.10774679481983 44.691003873944283
leaf_count=46 17964 54 4551 650 55 313 2734 3504 285548 71 2685 200
internal_value=-3.99187e-07 -0.00254914 -0.00281573 6.81427e-05 0.00606347 0.00855631 3.93055e-05 0.00465055 1.92762e-06 -0.0108658 -0.00235397 -0.0172598
internal_weight=70472.1 1845.53 1826.68 68626.5 328.51 286.346 68298 549.16 67748.9 42.1643 1770.09 56.5877
internal_count=318375 7536 7482 310839 1089 963 309750 6238 303512 126 7236 246
is_linear=0
shrinkage=0.05


Tree=353
num_leaves=15
num_cat=0
split_feature=0 11 0 6 2 5 6 6 5 2 5 6 6 11
split_gain=7.37763 5.25547 7.59782 12.5176 7.32747 15.3071 7.68656 5.6306 3.96612 5.53247 11.0031 3.1269 0.510819 3.94995e-05
threshold=0.015220855828374626 0.54265150427818309 0.04619500786066056 0.091958139091730132 0.22981262952089312 0.3403726220130921 0.11689128726720811 0.056107772514224059 0.12319625541567804 0.19760833680629733 0.37529723346233373 0.076958797872066512 0.1520606800913811 0.40231707692146307
decision_type=2 2 2 2 2 2 2 2 2 2 2 2 2 2
left_child=8 4 7 -4 5 -2 -6 -3 12 10 -10 -11 13 -1
right_child=1 2 3 -5 6 -7 -8 -9 9 11 -12 -13 -14 -15
leaf_value=-0.033976757026062308 -0.00034803935491226317 -0.013287726354162472 -0.02204124402538242 -0.0023133553119941632 -0.0030633382721991596 -0.0078492486831404761 0.00090556270029325909 0.0018057918620330558 0.013944510537927286 0.0022335879642207722 0.085386764598050544 0.012139325295244398 -0.0023890240778746178 -0.034222355391477347
leaf_weight=3.0385011062026006 11964.089069436304 64.145436082035303 82.255204051733017 3580.6834948770702 1286.1466147974133 721.0873327543959 23691.249323919415 1682.2279244922101 40.990157777443528 267.07256235182285 6.2053423635661593 113.53438442200422 1.5720977112650869 3.5496306680142879
leaf_count=112 177147 321 359 13697 5671 7494 103248 7829 730 1068 76 479 48 96
internal_value=6.03749e-05 -5.12984e-06 -0.00146248 -0.00275637 0.000204183 -0.000774445 0.000701194 0.0012514 0.00653205 0.00719071 0.0233379 0.00518845 -0.0279981 -0.0341091
internal_weight=43507.8 43071.9 5409.31 3662.94 37662.6 12685.2 24977.4 1746.37 435.963 427.802 47.1955 380.607 8.16023 6.58813
internal_count=318375 315766 22206 14056 293560 184641 108919 8150 2609 2353 806 1547 256 208
is_linear=0
shrinkage=0.05


Tree=354
num_leaves=15
num_cat=0
split_feature=0 2 6 11 12 5 10 3 2 14 4 14 9 4
split_gain=6.31851 11.9226 13.3053 12.2569 11.9456 11.7933 10.8776 10.2914 8.46867 14.9142 8.07877 7.68669 7.0799 5.27706
threshold=0.17350493371486667 0.50396135449409496 0.15067603439092639 0.41016055643558508 0.28601157665252691 0.48338824510574346 0.20016440004110339 0.43558670580387121 0.20711787045001986 0.25546008348464971 0.6870277225971223 0.084330245852470412 0.52356430888175975 0.29197563230991369
decision_type=2 2 2 2 2 2 2 2 2 2 2 2 2 2
left_child=6 2 4 13 -2 -4 10 -5 11 -10 12 -8 -1 -3
right_child=1 3 5 7 -6 -7 8 -9 9 -11 -12 -13 -14 -15
leaf_value=0.0015530142833454202 0.0098371712948014198 0.0081683381438482291 6.138852623653538e-06 0.001717834603711485 -0.012405624709718836 -0.0048841262237661956 -0.013394876442408221 -0.016297023789378532 -0.015605529820680118 -0.0031589796612806601 0.045556208754283262 0.00018806095712046924 -0.019842694643968421 -0.019548087507973298
leaf_weight=2578.8002156354487 534.28148460015655 991.98776381462812 34272.166444270406 2179.3814915418625 68.05091543123126 1278.856273974292 108.54745088797063 82.270584464073181 261.20659643784165 3062.9376539625227 10.320866916328667 2575.6560858879238 39.253153532743454 17.476003844290972
leaf_count=17436 6585 4087 175284 8304 1370 5821 8592 245 7894 33367 90 48933 207 160
internal_value=-5.17091e-05 0.000216622 -4.49225e-05 0.00310729 0.0073242 -0.000169776 -0.00127657 0.00106252 -0.0024502 -0.00413701 0.00140627 -0.000361224 0.00123222 0.00768851
internal_weight=48061.2 39424.5 36153.4 3271.12 602.332 35551 8636.72 2261.65 6008.35 3324.14 2628.37 2684.2 2618.05 1009.46
internal_count=318375 201856 189060 12796 7955 181105 116519 8549 98786 41261 17733 57525 17643 4247
is_linear=0
shrinkage=0.05


Tree=355
num_leaves=15
num_cat=0
split_feature=14 13 13 1 7 10 1 10 13 4 8 9 13 12
split_gain=4.77679 4.95234 18.696 32.8172 13.9265 10.5429 7.74429 4.7478 6.36351 3.62067 3.46465 6.09163 2.06381 1.14194
threshold=0.082495290786027922 0.54101943969726574 0.50743931531906139 0.43720895051956182 0.43261414766311651 0.68822890520095836 0.80767670273780834 0.5905975103378297 0.49649260938167578 0.67633321881294262 0.1104647107422352 0.32409401237964636 0.566124588251114 0.3685984611511231
decision_type=2 2 2 2 2 2 2 2 2 2 2 2 2 2
left_child=7 2 5 -4 12 -2 -6 10 -9 -10 13 -12 -3 -1
right_child=1 4 3 -5 6 -7 -8 8 9 -11 11 -13 -14 -15
leaf_value=0.035163605999717115 -0.00010488569932331816 0.025471064469749789 -0.0037674248048273928 0.0088348941775637079 -0.0018421020850655488 0.034791492563258995 -0.019839937484125617 -0.071837494502019802 0.0023410507652167479 0.016776813536389663 0.037081543723241059 -0.037453861072143269 0.01101672689202007 0.014939946791447287
leaf_weight=21.383853801526133 62878.834540102631 35.552624553442001 786.89732983708382 1503.795053018257 4362.0268854852766 21.651461988687515 60.600088117644191 2.8284049192443481 644.87562364246696 46.572948171757162 4.9836669806390983 6.0922921076416969 80.864396322518587 10.36274321656674
leaf_count=307 250208 150 2791 11034 35963 376 1344 94 13312 1983 72 120 345 276
internal_value=-1.48518e-07 -4.24735e-05 6.87131e-05 0.00450575 -0.00163937 -9.28737e-05 -0.00208871 0.00400383 0.00300722 0.00331338 0.0201617 -0.00391639 0.0154309 0.0285622
internal_weight=70467.3 69730.2 65191.2 2290.69 4539.04 62900.5 4422.63 737.1 694.277 691.449 42.8226 11.076 116.417 31.7466
internal_count=318375 302211 264409 13825 37802 250584 37307 16164 15389 15295 775 192 495 583
is_linear=0
shrinkage=0.05


Tree=356
num_leaves=15
num_cat=0
split_feature=0 6 9 14 7 2 12 10 5 14 3 7 12 6
split_gain=6.86944 5.34643 11.9192 7.94616 5.92705 5.06749 7.26196 6.63261 4.19156 8.9097 7.56119 5.40532 2.40115 0.477472
threshold=0.017637724056839946 0.085083529353141799 0.12549566477537158 0.62075391411781322 0.71766394376754772 0.13540551811456683 0.22989450395107272 0.33839286863803869 0.12319625541567804 0.44954304397106176 0.03366117179393769 0.50028386712074291 0.17011390626430514 0.17877514660358432
decision_type=2 2 2 2 2 2 2 2 2 2 2 2 2 2
left_child=8 2 4 -4 -2 6 -3 -7 12 10 -10 -11 -1 -14
right_child=1 5 3 -5 -6 7 -8 -9 9 11 -12 -13 13 -15
leaf_value=0.022347111485236163 0.001508074671031621 -0.0061472979139448325 -0.010172165249987408 0.015715075532448046 0.027129298948950265 -0.00017381841316298634 -0.00066150518359353149 0.0012855862450461234 0.0053130165980765261 0.0051741226265357198 0.041913321315310233 -0.017360100603740023 -0.034087401782043558 -0.006119646797119278
leaf_weight=2.6570807415992013 324.212995801121 682.51773036923259 495.91100025363266 31.527847543358803 24.261595534160733 24790.602140950039 5195.9518500468694 11349.446076498367 26.452964356169105 510.15928138792515 30.245029680430889 28.076512129977345 10.566346822306512 1.7836757525801648
leaf_count=83 1639 30917 3395 106 174 103686 84363 90208 224 2356 326 495 347 56
internal_value=5.73658e-05 -1.75559e-05 -0.00388382 -0.00862475 0.00329188 6.30398e-05 -0.00129843 0.000284494 0.00532628 0.00598458 0.0248371 0.00399865 -0.0207713 -0.0300481
internal_weight=43504.4 42894.4 875.913 527.439 348.475 42018.5 5878.47 36140 609.941 594.934 56.698 538.236 15.0071 12.35
internal_count=318375 314488 5314 3501 1813 309174 115280 193894 3887 3401 550 2851 486 403
is_linear=0
shrinkage=0.05


Tree=357
num_leaves=15
num_cat=0
split_feature=13 9 0 14 10 14 14 0 3 10 8 2 13 0
split_gain=6.25371 6.0786 5.96944 5.70982 4.0015 10.3986 3.82572 4.3726 3.14315 2.52926 5.27307 2.62318 1.9151 0.000176189
threshold=0.81058362126350414 0.66283288598060619 0.023684883490204815 0.35701467096805578 0.66377836465835582 0.057955570518970496 0.2990363091230393 0.49945330619812017 0.12444505840539934 0.76633599400520336 0.086303178220987334 0.033100867643952377 0.067938189953565611 0.19943700730800631
decision_type=2 2 2 2 2 2 2 2 2 2 2 2 2 2
left_child=1 2 8 -4 5 -2 7 -3 -1 11 -11 -6 -8 -7
right_child=4 6 3 -5 9 13 12 -9 -10 10 -12 -13 -14 -15
leaf_value=-0.0077143986501520701 0.13549001371726005 0.024391796658958839 -0.00052192339010071886 0.0005864768347220127 0.044860449593333643 -0.033719037139922713 0.02393857947775567 0.0023039751064386979 0.050440938663266925 0.077939752225786862 -0.01926601429845189 -0.031820093195224192 0.0069882809582400484 -0.034594329205333771
leaf_weight=287.10224220063537 1.4571075737476342 24.115722771733999 26798.100762919057 20512.908718178049 1.155183995142578 1.4134360048919918 39.715481713414192 316.13892439007759 2.3423668053001157 1.7804217948578278 6.4471607538871467 32.315867138560861 28.710211262106895 0.96913043968379486
leaf_count=7744 42 84 200902 105922 12 99 116 978 42 101 382 1841 85 25
internal_value=-5.05797e-05 -3.30127e-05 -8.51437e-05 -4.13479e-05 -0.0185707 0.0302727 0.00603887 0.00386946 -0.00724377 -0.0230683 0.00176899 -0.0291736 0.0168265 -0.0340751
internal_weight=48054.7 48009.1 47600.5 47311 45.5383 3.83967 408.68 340.255 289.445 41.6986 8.22758 33.4711 68.4257 2.38257
internal_count=318375 315873 314610 306824 2502 166 1263 1062 7786 2336 483 1853 201 124
is_linear=0
shrinkage=0.05


Tree=358
num_leaves=15
num_cat=0
split_feature=10 11 4 12 11 10 6 13 5 3 6 5 10 0
split_gain=4.7455 6.65719 4.45141 8.0673 5.57821 4.79992 4.32171 15.1904 10.5186 3.52088 5.14208 2.48025 2.15215 2.80566
threshold=0.077377945184707655 0.4913958758115769 0.85444226861000072 0.32427661120891577 0.41233904659748083 0.42102764546871191 0.28388290107250219 0.33282446861267095 0.091556996107101454 0.62611165642738353 0.61797496676445018 0.20881233364343646 0.068058650940656676 0.092271156609058394
decision_type=2 2 2 2 2 2 2 2 2 2 2 2 2 2
left_child=1 9 6 4 -4 -5 8 -8 -2 10 -1 -11 -3 -14
right_child=2 12 3 5 -6 -7 7 -9 -10 11 -12 -13 13 -15
leaf_value=-0.0017974769330015843 -0.0086154866061109846 -0.033928095195992374 0.02322804298533885 0.0079226501571666441 -0.015526995074003966 -0.055872410477211414 -0.00015735131532953732 0.0022432378584969809 -0.00030135347953480951 -0.002117177450907809 0.018184707771443324 -0.013379716322872338 -0.030097225635028979 -0.0015319593153810323
leaf_weight=287.85011650621891 385.01038782298565 20.313227124512196 63.239759892225266 5.4126351028680784 10.882747102528809 6.4765306636691093 28976.283014215529 8529.6524302540347 31908.576089675538 92.790147922933102 36.249761134386063 103.30798527598381 14.795911170542238 20.514358684420586
leaf_count=1180 3179 127 958 61 169 60 92095 39656 179675 447 142 440 93 93
internal_value=2.82761e-07 -0.0045202 3.75293e-05 0.0114052 0.017538 -0.0268292 2.35212e-05 0.000388594 -0.000400476 -0.00276221 0.00043748 -0.00805048 -0.0209611 -0.0135015
internal_weight=70461.4 575.822 69885.5 86.0117 74.1225 11.8892 69799.5 37505.9 32293.6 520.198 324.1 196.098 55.6235 35.3103
internal_count=318375 2522 315853 1248 1127 121 314605 131751 182854 2209 1322 887 313 186
is_linear=0
shrinkage=0.05


Tree=359
num_leaves=14
num_cat=0
split_feature=0 13 10 1 11 6 12 5 2 5 12 6 11
split_gain=6.48186 5.03234 9.10809 7.96482 7.80113 5.96233 5.50161 3.59869 5.00862 9.13806 3.07843 0.552657 3.61355e-05
threshold=0.015220855828374626 0.098213788121938719 0.12090694159269334 0.32414655387401586 0.28196783363819128 0.12438011169433595 0.21665918827056888 0.12319625541567804 0.19760833680629733 0.37529723346233373 0.25949865579605108 0.15327686816453936 0.40231707692146307
decision_type=2 2 2 2 2 2 2 2 2 2 2 2 2
left_child=7 3 6 4 -2 -4 -3 11 9 -9 -10 12 -1
right_child=1 2 5 -5 -6 -7 -8 8 10 -11 -12 -13 -14
leaf_value=-0.033937100229258457 -0.0062315393199837352 0.021864197870093412 -0.0018818886322702587 -0.031626153745927255 0.0046010237396597901 0.00028582868615827149 -0.003049320168151222 0.013156802697850745 0.0061318825610154988 0.076013489469206053 -0.010401770189098039 7.7824877215800791e-05 -0.034177562497686935
leaf_weight=2.8796878214925519 190.56993458420038 22.336367845535278 3485.776448330842 16.585008978843689 1299.7599548920989 35254.106574202888 2798.4094302281737 41.635724624618888 349.84515020251274 6.7146788351237765 30.617325499653816 1.4598535802215336 3.4153213705867529
leaf_count=113 868 75 25009 84 4080 275736 9914 730 1430 76 117 46 97
internal_value=5.54124e-05 -6.0353e-06 -0.000108951 0.00283238 0.00321585 9.07796e-05 -0.00285204 0.00611725 0.00672772 0.021886 0.00480135 -0.0276397 -0.0340676
internal_weight=43504.1 43067.5 41560.6 1506.91 1490.33 38739.9 2820.75 436.568 428.813 48.3504 380.462 7.75486 6.29501
internal_count=318375 315766 310734 5032 4948 300745 9989 2609 2353 806 1547 256 210
is_linear=0
shrinkage=0.05


Tree=360
num_leaves=15
num_cat=0
split_feature=2 13 7 4 11 12 2 13 4 6 12 12 7 0
split_gain=7.59883 13.6457 14.4721 11.182 10.7288 13.92 20.1656 11.5072 9.09 18.2988 10.3909 7.50259 15.0711 11.6505
threshold=0.066630702465772643 0.3126473873853684 0.33488194644451147 0.48726917803287512 0.20249912142753604 0.30809472501277929 0.096903771162033095 0.72862729430198681 0.50373110175132763 0.46234668791294103 0.40066801011562353 0.21665918827056888 0.72109007835388195 0.39553835988044744
decision_type=2 2 2 2 2 2 2 2 2 2 2 2 2 2
left_child=1 2 3 -1 5 7 -7 -2 10 -10 -3 13 -13 -6
right_child=4 8 -4 -5 11 6 -8 -9 9 -11 -12 12 -14 -15
leaf_value=0.00027289351745705791 0.002496672845088508 0.0046002441621893963 -0.007720914341053044 0.017435684969915502 -0.0038477320858582953 0.00033647099799941814 -0.011140834542539134 -0.0081618343967639565 0.0067630687388110667 0.043869001822198696 -0.0035417301130933536 3.0503004509244068e-05 0.048787549052633529 0.0063259905070882127
leaf_weight=2430.8589955046773 1192.899670580402 1260.6673742607236 595.46078936569393 98.75941763818264 2417.3165443409234 645.4653188046068 940.14674141071737 321.47306822100654 896.64557603606954 34.504370026290417 568.60465573333204 36313.345501774922 15.856173882260917 318.4744535535574
leaf_count=7410 20544 4655 4981 680 33820 9178 17951 14693 17238 260 2290 183059 199 1274
internal_value=-0.000128127 0.00155485 -0.000707885 0.00094295 -0.000363042 -0.00319433 -0.00646869 0.000234071 0.0041165 0.00813805 0.00206942 -0.000138366 5.17834e-05 -0.00266341
internal_weight=48050.5 5885.5 3125.08 2529.62 42165 3099.98 1585.61 1514.37 2760.42 931.15 1829.27 39065 36329.2 2735.79
internal_count=318232 37514 13071 8090 280718 62366 27129 35237 24443 17498 6945 218352 183258 35094
is_linear=0
shrinkage=0.05


Tree=361
num_leaves=13
num_cat=0
split_feature=1 3 7 11 1 11 14 2 13 3 3 2
split_gain=5.59608 5.65762 5.03856 6.66879 4.95108 5.34036 4.39655 17.393 8.28985 4.2494 4.10231 1.95957
threshold=0.065511871129274382 0.81639024615287792 0.39352485537528997 0.14462800323963168 0.16137699037790301 0.23358892649412158 0.27118565142154699 0.090734899044036879 0.49649260938167578 0.8485541343688966 0.071645051240921034 0.017205452546477321
decision_type=2 2 2 2 2 2 2 2 2 2 2 2
left_child=2 6 3 11 9 -6 7 -2 -8 -3 -5 -1
right_child=1 4 -4 10 5 -7 8 -9 -10 -11 -12 -13
leaf_value=-0.031067127303262988 -0.0017253221821834784 0.013035526949839874 0.022931795286381867 -0.0088771897068830718 0.011751506451482858 -0.023609637767815876 -0.00033569326677470739 0.0018488438896031888 0.0032512357203235928 -0.00024353011899454479 -0.0016427165838108653 -0.0095479481591811792
leaf_weight=25.959183052182198 4956.8591128401458 197.82724806666374 18.887303411960602 224.14241307973862 18.175518795847893 25.880984365940094 50789.585023492575 10863.892306118272 1663.5581353195012 86.628654941916466 1558.1552093848586 17.855873703956604
leaf_count=108 40122 643 54 986 54 78 183913 76646 8904 312 6347 65
internal_value=-4.31614e-05 2.99202e-05 -0.00276055 -0.00302628 0.00657581 -0.00902139 -1.57659e-06 0.000729008 -0.000221933 0.0089915 -0.00255253 -0.0222975
internal_weight=70447.4 68602.4 1845 1826.11 328.512 44.0565 68273.9 15820.8 52453.1 284.456 1782.3 43.8151
internal_count=318232 310672 7560 7506 1087 132 309585 116768 192817 955 7333 173
is_linear=0
shrinkage=0.05


Tree=362
num_leaves=14
num_cat=0
split_feature=2 7 3 4 11 0 6 9 4 10 8 9 12
split_gain=6.42542 6.40525 28.9186 7.19255 10.2595 6.23723 6.0608 9.38346 7.8251 4.80755 4.59608 2.10472 1.87151
threshold=0.025210767053067688 0.66747695207595836 0.14702726155519488 0.19826907664537433 0.2633728832006455 0.025561830028891567 0.12438011169433595 0.1961699649691582 0.68153658509254467 0.62551560997962963 0.16435725241899493 0.63287559151649486 0.20453704148530963
decision_type=2 2 2 2 2 2 2 2 2 2 2 2 2
left_child=1 3 12 4 -1 9 7 -7 -8 10 -2 -5 -3
right_child=5 2 -4 11 -6 6 8 -9 -10 -11 -12 -13 -14
leaf_value=-0.0053416697168379582 -0.029294876450915216 0.031332646425148693 0.23273825030379644 -0.022301073953286468 0.061377280060879759 -0.0006578848266812036 0.00038489974455412388 -0.0078303732726819151 -0.0063097915263308716 0.042499338021646377 0.0036893071036010181 0.01448134771167086 -0.033928032661730008
leaf_weight=86.408942830748856 10.64867401961237 1.5317527130246151 1.4980361387133596 87.360350203700364 6.1735700517892829 2333.4155804505572 38689.471936773974 566.75367753813043 441.46495202789083 7.9173448681831351 1286.6164774224162 4.0703376159071913 3.8846451211720705
leaf_count=1136 390 60 47 2277 67 14794 272963 5973 11813 24 8459 76 153
internal_value=0.000211297 -0.00894104 0.0383033 -0.0107163 -0.000892729 0.00025162 0.000145916 -0.00205954 0.000309372 0.00365562 0.00341855 -0.0206636 -0.0154724
internal_weight=43527.2 190.928 6.91443 184.013 92.5825 43336.3 42031.1 2900.17 39130.9 1305.18 1297.27 91.4307 5.4164
internal_count=318232 3816 260 3556 1203 314416 305543 20767 284776 8873 8849 2353 213
is_linear=0
shrinkage=0.05


Tree=363
num_leaves=15
num_cat=0
split_feature=2 13 7 4 14 7 13 11 11 8 11 13 0 2
split_gain=6.85903 10.9753 15.841 11.0662 10.4198 7.84055 27.5127 8.38861 7.73565 6.29443 7.30337 5.92281 5.81655 5.24481
threshold=0.063455920666456236 0.27525769174098974 0.22124176472425464 0.12141849473118783 0.093795910477638259 0.70841267704963695 0.48849909007549291 0.20249912142753604 0.34048993885517126 0.082857225090265288 0.18160079419612887 0.45041497051715856 0.14483859390020373 0.14972783625125888
decision_type=2 2 2 2 2 2 2 2 2 2 2 2 2 2
left_child=1 2 3 -1 12 7 -7 -6 -4 10 -3 -11 -2 -14
right_child=4 9 8 -5 5 6 -8 -9 -10 11 -12 -13 13 -15
leaf_value=-0.0011708710377982766 -0.020500193591156443 0.00015535996835454999 -0.0080431654897692023 0.0081583251236289501 -0.0031362950896588783 0.034293500319496635 0.00060993186410844774 -0.0001462975441098019 0.0032825661711106987 0.003008888630381271 -0.02260702490420485 0.0083333933296884238 -0.0038150082908911215 -0.028449591907501865
leaf_weight=811.60407997667789 76.280762427952141 495.87932344153523 793.2928393855691 522.51691456139088 2494.9152383683249 73.661530002951622 342.48703884426504 39244.273907830007 186.14313503541052 1864.3393249297515 37.935208063572645 725.54539622273296 348.52743715466931 23.034191095735878
leaf_count=2481 6842 5406 3377 1495 36784 2527 8718 218205 1435 12917 188 6544 10448 865
internal_value=-0.000124094 0.00154826 -0.00106199 0.00248297 -0.00033753 -0.000256934 0.00657219 -0.000325021 -0.00589069 0.00348154 -0.00146224 0.00450053 -0.00792404 -0.00534218
internal_weight=48040.4 5437.26 2313.56 1334.12 42603.2 42155.3 416.149 41739.2 979.436 3123.7 533.815 2589.88 447.842 371.562
internal_count=318232 33843 8788 3976 284389 266234 11245 254989 4812 25055 5594 19461 18155 11313
is_linear=0
shrinkage=0.05


Tree=364
num_leaves=13
num_cat=0
split_feature=1 3 7 11 1 11 0 11 10 5 3 2
split_gain=5.19326 5.2723 4.7074 6.35983 4.60824 5.01666 4.32139 4.22017 7.50933 6.03902 3.93387 1.9002
threshold=0.065511871129274382 0.81639024615287792 0.39352485537528997 0.14462800323963168 0.16137699037790301 0.23358892649412158 0.03458578139543534 0.11397715285420419 0.59360226988792431 0.17859894782304767 0.8485541343688966 0.017205452546477321
decision_type=2 2 2 2 2 2 2 2 2 2 2 2
left_child=2 7 3 11 10 -6 -5 8 -2 -9 -3 -1
right_child=1 4 -4 6 5 -7 -8 9 -10 -11 -12 -13
leaf_value=-0.030598328194108577 0.0069753325441897192 0.012532627960074476 0.022121562868573211 -0.008370872193023942 0.011310882522818262 -0.022982822331401795 -0.0014314957837037491 -0.0011021398818370446 0.00039658887026819352 0.00014886270876804809 -0.00023441383144523302 -0.0093074313408124127
leaf_weight=25.513268634676933 590.08365407306701 198.87249338626862 18.963596194982529 263.31725588440895 18.240324810147285 25.674901127815247 1515.947416998446 11731.044594792649 1637.4163256473839 54301.427763015032 86.614512652158737 17.785082176327705
leaf_count=108 9685 643 54 1171 54 78 6162 54041 32734 213125 312 65
internal_value=-4.1076e-05 2.92748e-05 -0.00266136 -0.00291922 0.00633974 -0.00873883 -0.00245847 -1.17761e-06 0.00213935 -7.3385e-05 0.00865921 -0.021853
internal_weight=70430.9 68589.4 1841.53 1822.56 329.402 43.9152 1779.26 68260 2227.5 66032.5 285.487 43.2984
internal_count=318232 310672 7560 7506 1087 132 7333 309585 42419 267166 955 173
is_linear=0
shrinkage=0.05


Tree=365
num_leaves=14
num_cat=0
split_feature=2 7 3 4 11 0 11 12 4 10 8 9 12
split_gain=6.08288 5.81714 21.0613 6.9329 9.12544 5.66715 5.76568 5.22739 4.61929 4.51154 4.38164 2.01922 1.78203
threshold=0.025210767053067688 0.66747695207595836 0.14702726155519488 0.19826907664537433 0.2633728832006455 0.025561830028891567 0.58846008777618419 0.20720712095499041 0.68153658509254467 0.62551560997962963 0.16435725241899493 0.63287559151649486 0.20453704148530963
decision_type=2 2 2 2 2 2 2 2 2 2 2 2 2
left_child=1 3 12 4 -1 9 8 -8 -7 10 -2 -5 -3
right_child=5 2 -4 11 -6 6 7 -9 -10 -11 -12 -13 -14
leaf_value=-0.0051954314298189135 -0.02914161445418479 0.029400264556141521 0.1800006219261292 -0.02203025941358297 0.056202978604830749 0.0003569574128884626 0.0034095590706590215 -0.0030053755151473582 -0.0043487039312883231 0.041035195492959725 0.0035173474854908052 0.013771872803077187 -0.033908379298501969
leaf_weight=86.021957792341709 10.35264330357313 1.577990986406802 1.8646034672856329 85.582433329895139 6.5096912309527388 38847.67668813793 368.82449344173074 2285.2441618032753 528.6201333058998 7.9511541724205008 1287.1644707508385 4.128241889178752 3.7604319956153631
leaf_count=1136 390 60 47 2277 67 281036 1750 8560 14197 24 8459 76 153
internal_value=0.000203435 -0.00873652 0.0353342 -0.0104784 -0.000875994 0.000242517 0.000141747 -0.00211392 0.000293785 0.00348686 0.00325677 -0.0203827 -0.0151949
internal_weight=43525.3 189.445 7.20303 182.242 92.5316 43335.8 42030.4 2654.07 39376.3 1305.47 1297.52 89.7107 5.33842
internal_count=318232 3816 260 3556 1203 314416 305543 10310 295233 8873 8849 2353 213
is_linear=0
shrinkage=0.05


Tree=366
num_leaves=15
num_cat=0
split_feature=13 14 2 14 9 9 10 14 9 12 5 14 14 10
split_gain=6.42718 14.1376 8.25782 29.7449 14.1378 13.0606 10.8908 10.3771 8.13432 8.96765 7.47659 5.11337 6.41134 4.91264
threshold=0.13849581778049472 0.54102092981338512 0.16560094803571704 0.26603701710700994 0.27703328430652624 0.41222879290580755 0.23085462301969531 0.15974842756986621 0.35087160766124731 0.32310043275356298 0.27325953543186193 0.22165659070014956 0.19143228977918628 0.16378073394298556
decision_type=2 2 2 2 2 2 2 2 2 2 2 2 2 2
left_child=1 11 4 7 6 -5 -2 -4 9 -3 -6 12 -1 -13
right_child=2 8 3 5 10 -7 -8 -9 -10 -11 -12 13 -14 -15
leaf_value=-0.011598933182963088 0.022560764623100429 0.0089501952211144403 -0.018569651436635214 -0.00095557764628571721 -0.00011081096981779322 0.0021882625786234537 0.0025425420578536482 -0.0053931522419458505 -0.0047552876586001418 0.027769647297074037 -0.0061303982098095469 0.00078298107215238181 0.02211782015005663 -0.0093404089010968375
leaf_weight=18.804758384823799 68.96019090898335 285.14875449240208 160.40196378715336 17575.17744619213 13091.7691263468 4068.2541865818202 4609.542261951603 2182.8307805126533 76.935063421726227 81.361547335982323 536.99241149472073 5098.52959176898 56.345862329006195 122.72489844635129
leaf_count=59 835 1708 6807 114184 73754 13430 61926 23941 276 387 4498 15813 171 443
internal_value=-0.000120548 0.00144944 -0.000333616 -0.000943982 0.000466102 -0.000364639 0.00283761 -0.00629513 0.0100253 0.0131279 -0.000347991 0.000731418 0.013681 0.000545032
internal_weight=48033.8 5739.85 42293.9 23986.7 18307.3 21643.4 4678.5 2343.23 443.445 366.51 13628.8 5296.41 75.1506 5221.25
internal_count=318232 18857 299375 158362 141013 127614 62761 30748 2371 2095 78252 16486 230 16256
is_linear=0
shrinkage=0.05


Tree=367
num_leaves=13
num_cat=0
split_feature=1 3 7 11 1 11 6 13 12 0 3 2
split_gain=4.87776 4.88809 4.42674 6.04338 4.25162 4.73025 4.08976 17.6119 9.50765 3.98397 3.65054 1.84657
threshold=0.065511871129274382 0.81639024615287792 0.39352485537528997 0.14462800323963168 0.16137699037790301 0.23358892649412158 0.28388290107250219 0.34143237769603735 0.40582716464996343 0.03458578139543534 0.8485541343688966 0.017205452546477321
decision_type=2 2 2 2 2 2 2 2 2 2 2 2
left_child=2 6 3 11 10 -6 8 -8 -2 -5 -3 -1
right_child=1 4 -4 9 5 -7 7 -9 -10 -11 -12 -13
leaf_value=-0.03013207632885653 -0.00057017663644163142 0.012028985340731367 0.021412314553565487 -0.0080803832626959553 0.010978010056455796 -0.022352886061001765 -0.00020420306802371968 0.0024926355008648904 0.0044341663131375391 -0.001399763772220489 -0.00025841738524580085 -0.0090421337476406759
leaf_weight=25.070397220551968 30709.596479961649 199.92226511240005 19.026647716760635 261.71091171354055 18.290423393249512 25.464180558919907 28909.624454448 7657.4728112481534 979.38413133472204 1515.1286407336593 86.644523784518242 17.711391657590866
leaf_count=108 169611 643 54 1171 54 78 91881 36297 11796 6162 312 65
internal_value=-3.85223e-05 2.96091e-05 -0.00258 -0.00283087 0.00609729 -0.00841981 2.44847e-07 0.000360539 -0.000415512 -0.00238375 0.00831384 -0.021401
internal_weight=70425 68586.4 1838.65 1819.62 330.321 43.7546 68256.1 36567.1 31689 1776.84 286.567 42.7818
internal_count=318232 310672 7560 7506 1087 132 309585 128178 181407 7333 955 173
is_linear=0
shrinkage=0.05


Tree=368
num_leaves=15
num_cat=0
split_feature=2 7 3 4 11 0 11 12 14 13 7 4 9 12
split_gain=5.76453 5.30996 16.2706 6.68734 8.16547 5.18399 5.42135 4.89404 4.4961 9.40823 7.7304 4.3684 1.93952 1.69668
threshold=0.025210767053067688 0.66747695207595836 0.14702726155519488 0.19826907664537433 0.2633728832006455 0.025561830028891567 0.58846008777618419 0.20720712095499041 0.44486321508884435 0.33282446861267095 0.66979923844337474 0.68153658509254467 0.63287559151649486 0.20453704148530963
decision_type=2 2 2 2 2 2 2 2 2 2 2 2 2 2
left_child=1 3 13 4 -1 8 11 -8 10 -10 -2 -7 -5 -3
right_child=5 2 -4 12 -6 6 7 -9 9 -11 -12 -13 -14 -15
leaf_value=-0.0050527376810562026 0.013932466414844885 0.027548486185996635 0.14691006129114356 -0.021765030932805723 0.051766970261973855 0.00034556056361481299 0.0032889584575109469 -0.0029149186925794346 0.0035247821525543222 -0.012683558978609032 -0.015462889901986307 -0.0042384360454820668 0.013120581319870164 -0.033889812789877502
leaf_weight=85.644633404910564 176.12126644328237 1.6249676458537567 2.2018948011100292 83.904258899856359 6.8270312994718543 38854.948912450578 369.31519096717238 2283.1306974478066 1005.5832578316331 98.280657134950161 25.619203167036176 526.77134461840615 4.182824194431304 3.6429927479475737
leaf_count=1136 1974 60 47 2277 67 281036 1750 8560 5171 959 769 14197 76 153
internal_value=0.000195353 -0.00854039 0.0327698 -0.0102494 -0.000857832 0.000233253 0.000136878 -0.00205112 0.00333606 0.0020817 0.0101995 0.000284245 -0.0201085 -0.0149384
internal_weight=43527.8 188.029 7.46986 180.559 92.4717 43339.8 42034.2 2652.45 1305.6 1103.86 201.74 39381.7 88.0871 5.26796
internal_count=318232 3816 260 3556 1203 314416 305543 10310 8873 6130 2743 295233 2353 213
is_linear=0
shrinkage=0.05


Tree=369
num_leaves=15
num_cat=0
split_feature=2 13 7 3 6 4 14 0 7 13 8 10 4 2
split_gain=6.31723 12.0142 13.633 10.5675 13.6108 10.3178 9.778 9.45193 7.38635 32.9849 8.09273 7.108 6.23853 6.08663
threshold=0.066630702465772643 0.3126473873853684 0.33488194644451147 0.44180342555046087 0.46234668791294103 0.48726917803287512 0.10234757885336877 0.22683790326118472 0.70841267704963695 0.48849909007549291 0.13047051429748538 0.3179317712783814 0.21527342498302462 0.10312802717089654
decision_type=2 2 2 2 2 2 2 2 2 2 2 2 2 2
left_child=1 2 5 4 -3 -1 12 -5 10 -10 -8 -4 -2 -14
right_child=6 3 11 7 -6 -7 8 -9 9 -11 -12 -13 13 -15
leaf_value=0.00024473647056593074 0.10150414901059655 0.0065790545189866895 -0.010997768504679442 -0.03353304950526706 0.036592246938829648 0.016624924672524591 -0.0049932071679288197 0.001740853339655922 0.037919857429221875 -0.00046464529764481404 -0.00019871971603937458 0.0011130619924191139 -0.0034624934480641497 -0.014767602299099831
leaf_weight=2430.6814307048917 1.319385990500449 1047.0809498145245 423.1784808523953 19.209876492619514 39.188375908881426 100.09601506590843 899.7728776158765 1668.6336413696408 69.186703596729785 292.94919616309926 40333.060773657169 169.75450995191932 345.7246970878914 181.59958226745948
leaf_count=7410 5 18558 3478 109 288 680 12839 5488 2243 6877 237530 1503 12072 9152
internal_value=-0.000112197 0.00142042 -0.000706246 0.00381508 0.00766181 0.000892597 -0.000326782 0.00133939 -0.000240902 0.00686878 -0.000303344 -0.00753048 -0.00708405 -0.00735574
internal_weight=48021.4 5897.82 3123.71 2774.11 1086.27 2530.78 42123.6 1687.84 41595 362.136 41232.8 592.933 528.644 527.324
internal_count=318232 37514 13071 24443 18846 8090 280718 5597 259489 9120 250369 4981 21229 21224
is_linear=0
shrinkage=0.05


Tree=370
num_leaves=12
num_cat=0
split_feature=1 3 14 7 1 11 11 10 8 0 3
split_gain=4.49927 4.56703 4.29801 6.47754 3.96516 4.44478 3.94941 6.94051 6.44842 3.49496 3.38517
threshold=0.065511871129274382 0.81639024615287792 0.15627218037843707 0.39352485537528997 0.16137699037790301 0.23358892649412158 0.11397715285420419 0.59360226988792431 0.053444666787981994 0.03458578139543534 0.8485541343688966
decision_type=2 2 2 2 2 2 2 2 2 2 2
left_child=2 6 -1 9 10 -6 7 -2 -8 -4 -3
right_child=1 4 3 -5 5 -7 8 -9 -10 -11 -12
leaf_value=-0.022890941435901958 0.0067395392501964626 0.011580461058090751 -0.0078024737296126627 0.033733674180844116 0.010566174077224585 -0.02176680973866401 -0.038964569280052014 0.00040005110796745362 -6.4267254563047928e-05 -0.0015360424173751655 -0.00024469336662903316
leaf_weight=25.436779245734215 586.38132465165108 200.84717257320881 260.16850767284632 12.459166735410689 18.350133717060089 25.261922210454941 10.65509148314595 1637.1154785230756 66013.449228124693 1537.0523460507393 86.623095080256462
leaf_count=89 9685 643 1171 36 54 78 41 32734 267125 6264 312
internal_value=-3.77056e-05 2.76751e-05 -0.00248099 -0.00219411 0.00588593 -0.00816244 -7.44413e-07 0.0020719 -7.05451e-05 -0.00244318 0.0080172
internal_weight=70413.8 68578.7 1835.12 1809.68 331.082 43.6121 68247.6 2223.5 66024.1 1797.22 287.47
internal_count=318232 310672 7560 7471 1087 132 309585 42419 267166 7435 955
is_linear=0
shrinkage=0.05


Tree=371
num_leaves=15
num_cat=0
split_feature=2 13 12 0 0 6 10 4 1 14 6 13 8 12
split_gain=5.42483 5.00118 5.04517 8.02028 4.71316 5.64349 8.91408 6.81369 4.60391 4.21003 9.91561 8.81718 3.45088 2.71406
threshold=0.025210767053067688 0.1566140875220299 0.23116666823625567 0.054175181314349181 0.025561830028891567 0.12438011169433595 0.3995844721794129 0.68153658509254467 0.09496354311704637 0.44486321508884435 0.2342193350195885 0.33282446861267095 0.10886116698384286 0.40582716464996343
decision_type=2 2 2 2 2 2 2 2 2 2 2 2 2 2
left_child=1 8 3 -3 9 6 -6 -7 12 10 -2 -11 -1 -4
right_child=4 2 13 -5 5 7 -8 -9 -10 11 -12 -13 -14 -15
leaf_value=0.0057580602202714076 0.0083334253658740639 -0.0034998732906077524 -0.022655924941530823 0.13765816845887813 -0.0046747668047955647 0.00035706200500862666 0.00087623676007022352 -0.0059297561785827757 -0.025412810171049873 0.0033561838639793867 0.092942500843349901 -0.012376731311265059 0.05489484134447277 -0.0084407681134624196
leaf_weight=7.1732453778386134 199.01811279077083 3.2822975534945718 47.422302240040153 1.4511778629384933 1500.969655783847 38707.451272638049 1395.7519808621146 435.8360394523479 5.0231472849845877 1005.807597246021 3.5241014156490555 97.704208062961698 7.1197343468666077 115.02004313841462
leaf_count=69 2671 126 1424 47 7504 272963 13263 11813 68 5171 72 959 63 2019
internal_value=0.000184755 -0.00832468 -0.0111079 0.039776 0.000221366 0.000129469 -0.00200008 0.000287062 0.0157634 0.00317939 0.00980557 0.0019632 0.0302345 -0.0125906
internal_weight=43532.6 186.492 167.176 4.73348 43346.1 42040 2896.72 39143.3 19.3161 1306.05 202.542 1103.51 14.293 162.442
internal_count=318232 3816 3616 173 314416 305543 20767 284776 200 8873 2743 6130 132 3443
is_linear=0
shrinkage=0.05


Tree=372
num_leaves=15
num_cat=0
split_feature=13 14 2 14 9 9 10 14 9 13 5 14 14 10
split_gain=5.96536 13.0084 7.80874 27.7777 13.0156 12.2343 9.92563 9.88257 7.47853 8.075 7.01757 4.7841 6.03458 4.60448
threshold=0.13849581778049472 0.54102092981338512 0.16560094803571704 0.26603701710700994 0.27703328430652624 0.41222879290580755 0.23085462301969531 0.15974842756986621 0.35087160766124731 0.12097557634115221 0.27325953543186193 0.22165659070014956 0.19143228977918628 0.16378073394298556
decision_type=2 2 2 2 2 2 2 2 2 2 2 2 2 2
left_child=1 11 4 7 6 -5 -2 -4 9 -3 -6 12 -1 -13
right_child=2 8 3 5 10 -7 -8 -9 -10 -11 -12 13 -14 -15
leaf_value=-0.011221310977177308 0.021385285256874192 0.020223651206607195 -0.018202958705629838 -0.00091936635461096865 -8.6817784524769712e-05 0.0021227461302890708 0.0024543201155326007 -0.005217179799961582 -0.0045988923019122663 0.0054350921461445434 -0.0059308161074593567 0.00076483788116854393 0.021475629886005845 -0.0090517313163059575
leaf_weight=18.850894033908844 70.29320015758276 177.89304000139236 157.10582589218393 17562.590319531038 13086.836892441846 4071.0757698789239 4618.107471561525 2172.8066039867699 76.774419344961643 191.85922231525183 534.68464612122625 5099.0598210096359 56.128260806202888 122.31957094743848
leaf_count=59 835 985 6807 114184 73754 13430 61926 23941 276 1110 4498 15813 171 443
internal_value=-0.000106132 0.0014059 -0.000311544 -0.000905554 0.000465882 -0.000346894 0.00273815 -0.00609281 0.00960154 0.0125501 -0.000316212 0.000714946 0.0132551 0.000534868
internal_weight=48016.4 5742.89 42273.5 23963.6 18309.9 21633.7 4688.4 2329.91 446.527 369.752 13621.5 5296.36 74.9792 5221.38
internal_count=318232 18857 299375 158362 141013 127614 62761 30748 2371 2095 78252 16486 230 16256
is_linear=0
shrinkage=0.05


Tree=373
num_leaves=14
num_cat=0
split_feature=13 14 0 6 13 3 8 12 4 10 7 10 10
split_gain=4.17936 8.65372 11.9598 11.6049 17.5501 15.8424 10.4935 6.89604 5.97154 7.08565 5.63072 3.34644 4.33197
threshold=0.2084181681275368 0.45660056173801428 0.49360084533691412 0.28388290107250219 0.24400561302900317 0.43863938748836523 0.41396155953407293 0.19327900558710101 0.69927769899368297 0.28714983165264135 0.49488236010074621 0.12878175824880603 0.18091556429862979
decision_type=2 2 2 2 2 2 2 2 2 2 2 2 2
left_child=7 3 10 4 -2 -5 -4 11 9 -9 -3 -1 -13
right_child=1 2 6 5 -6 -7 -8 8 -10 -11 -12 12 -14
leaf_value=-0.035491192520644997 -0.0093564698372483931 0.0016715298185044664 0.044047971257142188 0.0021936110236636173 -0.00055298139684178905 -0.00045210855770006441 -0.0022751778616748159 -0.00051520451111139551 -0.029818312687534959 -0.022874855392807345 0.01095590158193681 -0.0020533652550033805 -0.021875556792301552
leaf_weight=13.645065471529959 580.1664533559233 4203.3790249601007 31.788969337940216 10833.840623527765 23385.438743686303 11843.597210966051 19.865190505981445 19156.302169419825 17.451007679104805 35.4971625469625 169.90587403997779 74.943741083145142 43.596635431051254
leaf_count=51 1979 17259 87 50471 150199 35912 54 59772 99 129 1826 253 141
internal_value=-3.55127e-05 0.000201559 0.00231474 1.08522e-06 -0.000766099 0.000811848 0.026233 -0.000661462 -0.000583144 -0.000556561 0.00203224 -0.0120427 -0.00934355
internal_weight=70409.4 51068 4424.94 46643 23965.6 22677.4 51.6542 19341.4 19209.3 19191.8 4373.28 132.185 118.54
internal_count=318232 257787 19226 238561 152178 86383 141 60445 60000 59901 19085 445 394
is_linear=0
shrinkage=0.05


Tree=374
num_leaves=14
num_cat=0
split_feature=2 7 7 12 4 11 0 6 9 13 12 11 9
split_gain=5.0996 4.78755 13.3274 7.20557 6.33906 7.27127 4.4416 11.2229 12.8985 5.60992 5.49246 5.2817 1.8709
threshold=0.025210767053067688 0.66747695207595836 0.68682533502578746 0.19610616564750674 0.19826907664537433 0.2633728832006455 0.042193565517663963 0.095226004719734206 0.1755408123135567 0.68589648604393016 0.3772158175706864 0.58846008777618419 0.63287559151649486
decision_type=2 2 2 2 2 2 2 2 2 2 2 2 2
left_child=1 4 -3 -4 5 -1 9 8 -8 10 -2 -9 -6
right_child=6 2 3 -5 12 -7 7 11 -10 -11 -12 -13 -14
leaf_value=-0.0047619351257098168 0.0016897371645551542 0.16307541506431861 0.088186206813465423 -0.034243466079804712 -0.021295337135494228 0.047790810633992688 -0.0026753176441036779 0.00030522940875539467 -0.019974729620256766 0.032013617405185379 0.020929991610140891 -0.0024109736849151448 0.012934079740498969
leaf_weight=84.865840030834079 2836.6991676092148 1.5206839870661486 1.6298810783773658 4.5758705418556929 81.070158690214157 7.1354294493794432 465.29882006905973 37977.158098929096 140.22032397100702 15.592392563819883 37.58387946151197 1878.2527698464692 4.1987687908112994
leaf_count=1136 19506 47 49 164 2277 67 2851 283226 1460 47 260 7066 76
internal_value=0.000174489 -0.00810934 0.0304184 -0.00208849 -0.0097886 -0.000686052 0.00020984 7.45816e-05 -0.00668135 0.00210358 0.00194132 0.000177224 -0.0196098
internal_weight=43535.8 184.997 7.72644 6.20575 177.27 92.0013 43350.8 40460.9 605.519 2889.88 2874.28 39855.4 85.2689
internal_count=318232 3816 260 213 3556 1203 314416 294603 4311 19813 19766 290292 2353
is_linear=0
shrinkage=0.05


Tree=375
num_leaves=14
num_cat=0
split_feature=13 0 2 12 11 10 3 7 12 13 7 0 2
split_gain=5.82731 5.66713 5.40124 11.3118 9.56252 4.38605 8.20569 2.9837 8.5707 4.32644 2.50095 4.34488 1.43469
threshold=0.81058362126350414 0.023684883490204815 0.055506326258182533 0.44581159949302679 0.20513755083084109 0.65580826997756969 0.23375004529953006 0.59944105148315441 0.29424522817134863 0.33800147473812109 0.78176647424697887 0.13029550015926364 0.044482989236712463
decision_type=2 2 2 2 2 2 2 2 2 2 2 2 2
left_child=1 7 3 -3 -4 6 -2 9 -9 -1 12 -12 -7
right_child=5 2 4 -5 -6 10 -8 8 -10 -11 11 -13 -14
leaf_value=-0.0076960521975054852 -0.033764076912793643 0.0042117326676000544 -0.002424903169483017 -0.00095722451752518894 0.00022887657051685615 0.00087478427543552376 0.15068379189999745 -0.025989596138057389 0.036441869732174427 0.010014999724436906 -0.033543125721594007 0.15789184000639064 -0.027457022888092299
leaf_weight=194.36789083480835 1.3765249764546745 2331.6107527464628 3712.8393935635686 1938.3584479112178 39597.753707738593 5.1094576092436901 1.0730265900492666 43.232529639266431 6.298151481896638 41.917393149808049 0.68661290360614546 0.52153502404689789 35.613337691873312
leaf_count=4789 91 16758 68120 6939 215914 93 18 1499 124 1331 78 34 2167
internal_value=0.000109692 0.000126482 0.000168649 0.00186528 1.37892e-06 -0.0179998 0.0470334 -0.00689305 -0.018051 -0.00455408 -0.021799 0.0490958 -0.0239023
internal_weight=47910.8 47866.4 47580.6 4269.97 43310.6 44.3805 2.44955 285.816 49.5307 236.285 41.9309 1.20815 40.7228
internal_count=317955 315474 307731 23697 284034 2481 109 7743 1623 6120 2372 112 2260
is_linear=0
shrinkage=0.05


Tree=376
num_leaves=15
num_cat=0
split_feature=11 1 12 13 13 4 4 7 4 10 2 4 13 3
split_gain=4.843 6.60833 11.583 45.0422 5.29386 19.5858 14.046 8.06931 18.1914 8.24626 4.56326 3.88624 4.04834 2.66487
threshold=0.081377521157264723 0.81769734621047985 0.19468020647764209 0.74495795369148265 0.58957374095916759 0.41640363633632665 0.53440678119659435 0.74782073497772228 0.72360444068908703 0.51430532336235057 0.042843254283070571 0.69927769899368297 0.35971955955028539 0.22170628607273105
decision_type=2 2 2 2 2 2 2 2 2 2 2 2 2 2
left_child=1 11 3 -3 7 10 -7 9 -9 -2 -6 12 -1 -4
right_child=4 2 13 -5 5 6 -8 8 -10 -11 -12 -13 -14 -15
leaf_value=0.019570521380969891 -0.00013332034848356777 -0.30482268069393431 0.027068878982230593 -0.013774719168333749 -0.0094132932697713039 -0.00960542467003761 -0.00099936295638755526 -0.024485024183149712 0.019138231109975697 0.0017685855020561363 0.0059890098404001358 0.026376810914137901 0.0031273698317620469 -0.036457694893587321
leaf_weight=39.483614362776279 60443.754903325811 1.6232185624539868 7.3514711474999768 7.3419941626489162 51.911039724946022 865.98258743621409 1047.7327752495185 89.401186149567366 32.617775205522776 6292.6015985850245 653.11788121238351 19.878025869838893 720.5132657783106 2.1289056558161974
leaf_count=768 228042 60 332 317 151 6309 19649 1125 418 42269 2542 856 15040 77
internal_value=-1.93616e-05 0.00385284 -0.0257268 -0.0664711 -6.38547e-05 -0.00226915 -0.00489372 2.25234e-05 -0.0128238 4.60112e-05 0.00485494 0.00455245 0.00398163 0.0128034
internal_weight=70275.4 798.32 18.4456 8.96521 69477.1 2618.74 1913.72 66858.4 122.019 66736.4 705.029 779.875 759.997 9.48038
internal_count=317955 17450 786 377 300505 28651 25958 271854 1543 270311 2693 16664 15808 409
is_linear=0
shrinkage=0.05


Tree=377
num_leaves=15
num_cat=0
split_feature=7 10 13 12 2 12 8 10 1 9 13 12 13 10
split_gain=4.55581 7.32448 8.06752 9.16023 7.04487 14.0537 10.7415 6.59671 4.9563 6.47925 5.03649 4.69278 4.34947 4.256
threshold=0.082103349268436446 0.12090694159269334 0.10953843593597413 0.22851755470037463 0.2584627121686936 0.22730005532503131 0.24805076420307162 0.091257117688655867 0.098421029746532454 0.54466912150383007 0.11376338079571725 0.55751594901084911 0.10437497869133951 0.085249312222003951
decision_type=2 2 2 2 2 2 2 2 2 2 2 2 2 2
left_child=8 2 7 -4 5 -3 -6 -2 10 11 12 -10 -1 -11
right_child=1 4 3 -5 6 -7 -8 -9 9 13 -12 -13 -14 -15
leaf_value=0.0011512566039490156 0.0078997659924614893 -0.0045196958453738254 0.018362880115086373 -0.0048939188092077188 0.0034586268968336492 -0.00021424523688438708 0.00013270123307933596 -0.0015706651716455291 0.0050656453575149583 0.012917249276910486 0.010229969257475699 -0.022782709123871245 -0.0096813534967888134 0.037024505206325602
leaf_weight=1012.9366976320744 269.56017068773508 2255.0858281422406 43.283627197146416 1941.2509143389761 2725.3263854384422 11881.974701815983 22222.99515138194 578.48231525719166 132.50705806910992 94.603488326072693 139.73917425423861 17.07725328207016 101.99426349252462 22.701541863381863
leaf_count=3380 881 53807 144 7048 16046 145708 87247 1982 379 325 505 51 356 96
internal_value=-8.96596e-05 -0.000187216 -0.00264235 -0.00438668 -9.2887e-06 -0.000901033 0.000496022 0.00143962 0.00259795 0.00878528 0.0012818 0.00188635 0.000160286 0.0175826
internal_weight=43439.5 41918 2832.58 1984.53 39085.4 14137.1 24948.3 848.042 1521.56 266.889 1254.67 149.584 1114.93 117.305
internal_count=317955 312863 10055 7192 302808 199515 103293 2863 5092 851 4241 430 3736 421
is_linear=0
shrinkage=0.05


Tree=378
num_leaves=15
num_cat=0
split_feature=13 0 4 11 14 10 4 10 14 3 10 8 2 3
split_gain=5.5466 5.55553 10.7924 20.0191 8.01823 7.78112 9.97777 4.15662 10.5673 3.57649 2.45018 3.69889 1.12202 0.000234748
threshold=0.81058362126350414 0.062570098787546172 0.58717608451843273 0.11397715285420419 0.35701467096805578 0.16166709363460544 0.49000847339630133 0.66377836465835582 0.057955570518970496 0.17431718111038211 0.76633599400520336 0.086303178220987334 0.044482989236712463 0.22774215787649157
decision_type=2 2 2 2 2 2 2 2 2 2 2 2 2 2
left_child=1 5 4 -4 -3 6 -1 8 -2 -7 12 -12 -9 -10
right_child=7 2 3 -5 -6 9 -8 10 13 -11 11 -13 -14 -15
leaf_value=0.0028083856901341027 0.13959812420420697 -0.00047392383763522915 -0.0047969120375378769 0.0083646556741432503 0.00088698669821227747 -0.0032404669847889093 0.053205906355350011 -0.0056832363267048632 -0.033688227648484712 -0.012904407730795037 0.05821645836247942 -0.018119296198539126 -0.032521294569394454 -0.034721709803198178
leaf_weight=359.29164998605847 1.4273349326103919 25645.847269353457 406.711500284262 997.51795737491921 18726.37661729753 1619.4981116703711 10.096979431807993 4.5442986385896829 1.3258799635805192 101.75415113847703 2.1554162180982512 6.0167259708978236 27.230393215082586 0.93830557540059079
leaf_count=3462 42 163379 20893 15453 83069 27865 107 77 101 1246 102 379 1758 22
internal_value=0.000105636 0.00012188 0.000236995 0.00455263 0.00010042 -0.00239867 0.00418597 -0.0177121 0.0330507 -0.00381176 -0.0224031 0.00201439 -0.028683 -0.0341165
internal_weight=47910.7 47867.1 45776.5 1404.23 44372.2 2090.64 369.389 43.6384 3.69152 1721.25 39.9468 8.17214 31.7747 2.26419
internal_count=317955 315474 282794 36346 246448 32680 3569 2481 165 29111 2316 481 1835 123
is_linear=0
shrinkage=0.05


Tree=379
num_leaves=15
num_cat=0
split_feature=14 13 4 14 14 13 13 2 3 11 0 8 10 0
split_gain=5.43094 4.34267 18.048 17.1693 7.73988 20.0707 11.1527 6.83178 3.95917 6.8297 7.55583 3.79056 3.38872 3.94601
threshold=0.064108379185199751 0.58957374095916759 0.41640363633632665 0.14966184645891192 0.22578629106283191 0.41951024532318121 0.50206339359283458 0.86463606357574474 0.2247114181518555 0.084427498281002059 0.22315773367881778 0.058863271027803428 0.70032247900962841 0.13029550015926364
decision_type=2 2 2 2 2 2 2 2 2 2 2 2 2 2
left_child=8 4 7 -4 5 -2 -6 -3 12 11 -11 -10 -1 -14
right_child=1 2 3 -5 6 -7 -8 -9 9 10 -12 -13 13 -15
leaf_value=0.0294239093957544 0.0053074692863454053 0.005199152467007623 -0.0014493367965454527 -0.011268826162220151 -0.00027436699689021194 -0.00099476375380212994 0.0026774409782451287 -0.03145863187701417 -0.014705497083129236 0.023234901412367226 -0.029621980444208631 0.014025208170508317 -0.010701330270408297 0.01878605837951915
leaf_weight=31.674061111174524 2347.7645339248702 770.77240890264511 1560.4156226217747 622.84481362998486 58626.449370253831 2735.0267123272642 3384.699369173497 12.922973453998564 13.478317828848956 9.0868736170232278 26.416216261684895 77.441939218901098 17.403972747735679 32.592368374578655
leaf_count=1198 17600 2971 29087 4067 217159 23838 18273 36 170 254 259 1191 574 1278
internal_value=-1.83259e-05 -4.22821e-05 -0.00191424 -0.00425066 4.04977e-05 0.00191627 -0.000113251 0.00459467 0.00804722 0.00250401 -0.0160935 0.00976607 0.0166279 0.00852135
internal_weight=70269 70060.9 2966.96 2183.26 67093.9 5082.79 62011.1 783.695 208.094 126.423 35.5031 90.9203 81.6704 49.9963
internal_count=317955 313031 36161 33154 276870 41438 235432 3007 4924 1874 513 1361 3050 1852
is_linear=0
shrinkage=0.05


Tree=380
num_leaves=15
num_cat=0
split_feature=7 10 13 10 2 8 3 10 1 0 6 9 2 10
split_gain=4.25169 6.85527 7.56193 7.91599 6.58237 9.99783 9.18135 6.15156 4.60825 6.06404 4.92059 4.83533 8.1804 4.32801
threshold=0.082103349268436446 0.12090694159269334 0.10953843593597413 0.10085972771048547 0.2584627121686936 0.24805076420307162 0.49610489606857305 0.091257117688655867 0.098421029746532454 0.44813993573188787 0.53950497508049022 0.56274497509002697 0.47105379402637487 0.10085972771048547
decision_type=2 2 2 2 2 2 2 2 2 2 2 2 2 2
left_child=8 2 7 -4 6 -6 -3 -2 11 13 -11 -1 -13 -10
right_child=1 4 3 -5 5 -7 -8 -9 9 10 -12 12 -14 -15
leaf_value=0.0034798721489193054 0.0076212040831050007 -0.0018428641877439426 -0.010153351887573984 -0.0025572947641851872 0.0033333883456258327 0.00012820248359176166 0.00080142130961451054 -0.0015180636506859416 0.0062850931117445054 0.038950050329580418 0.012272258895649143 0.00049797896408368533 -0.016424908047285358 -0.014572566140666222
leaf_weight=824.41124197840691 270.14664253592491 8937.1940572755411 441.2740869820118 1539.7450909987092 2732.0740479379892 22224.334967650473 5188.4358626860194 578.191136918962 127.94644899666309 21.54371178150177 87.428282625973225 339.64816585928202 90.422446399927139 30.87248095870018
leaf_count=2576 881 160058 1520 5672 16046 87247 39457 1982 356 67 342 1417 248 86
internal_value=-8.68768e-05 -0.000181156 -0.00255778 -0.00424932 -9.09966e-06 0.000479087 -0.000871601 0.00139227 0.00250884 0.00846308 0.0175464 0.0012378 -0.00306006 0.00223062
internal_weight=43433.7 41911.4 2829.36 1981.02 39082 24956.4 14125.6 848.338 1522.27 267.791 108.972 1254.48 430.071 158.819
internal_count=317955 312863 10055 7192 302808 103293 199515 2863 5092 851 409 4241 1665 442
is_linear=0
shrinkage=0.05


Tree=381
num_leaves=14
num_cat=0
split_feature=13 0 6 12 9 7 10 2 10 12 7 2 3
split_gain=5.2017 5.23981 10.6559 21.1239 9.65423 8.54376 9.50213 9.04496 3.89745 9.25642 3.92762 1.1643 0.000235233
threshold=0.81058362126350414 0.062570098787546172 0.16396317631006244 0.31265673041343695 0.17289735376834872 0.4975790679454804 0.32186301052570349 0.1173878274857998 0.66377836465835582 0.11869786679744722 0.79036831855773937 0.081789325922727599 0.22917372733354571
decision_type=2 2 2 2 2 2 2 2 2 2 2 2 2
left_child=1 5 3 -3 -4 6 -1 -7 9 12 11 -10 -2
right_child=8 2 4 -5 -6 7 -8 -9 10 -11 -12 -13 -14
leaf_value=-0.0019251457706603286 -0.033707600676995589 0.0050344637968228224 -0.0056253710281596184 -0.011289171428496232 0.00015217575503784171 -0.0038575254719433964 0.0096194221471316704 -0.018211290409552883 -0.016508784675095086 0.12460641385813598 0.084565281870427333 -0.034084276463181733 -0.034738819581248685
leaf_weight=1297.0788243729621 1.2299010152928529 2127.544568631798 735.50758394459262 218.54750342620537 42702.939359535929 436.05940970499068 206.63520483113825 146.6678059133701 20.937386091332883 1.5577819156460462 0.84504147805273433 17.134637438692153 1.0048233103007076
leaf_count=17766 92 35919 9585 4759 232531 8464 3173 3277 855 51 73 1388 22
internal_value=0.000104391 0.000119952 0.000231621 0.00351385 5.43493e-05 -0.00233051 -0.000338731 -0.00747025 -0.0173372 0.0310471 -0.0220523 -0.0244188 -0.0341713
internal_weight=47913.7 47871 45784.5 2346.09 43438.4 2086.44 1503.71 582.727 42.7096 3.79251 38.9171 38.072 2.23472
internal_count=317955 315474 282794 40678 242116 32680 20939 11741 2481 165 2316 2243 114
is_linear=0
shrinkage=0.05


Tree=382
num_leaves=15
num_cat=0
split_feature=14 11 12 8 13 10 10 3 11 0 0 10 0 4
split_gain=5.00678 4.27334 6.32028 6.72909 4.55339 18.8608 17.0535 3.79728 6.35263 6.94238 3.86454 3.35995 3.74639 2.19008
threshold=0.064108379185199751 0.61890384554862987 0.36584201455116278 0.77519717812538158 0.29450553655624395 0.34476809203624731 0.41839496791362768 0.2247114181518555 0.084427498281002059 0.22315773367881778 0.16186019778251651 0.70032247900962841 0.13029550015926364 0.10143588483333589
decision_type=2 2 2 2 2 2 2 2 2 2 2 2 2 2
left_child=7 4 3 -3 6 -6 -2 11 10 -10 -9 -1 -13 -4
right_child=1 2 13 -5 5 -7 -8 8 9 -11 -12 12 -14 -15
leaf_value=0.029256326795504217 -0.00059839169904798495 0.0034212153863768754 -0.0015185398141682829 -0.0042785881832850961 0.0022927193860445786 -0.00039202433219185696 0.021131491249356028 -0.027746121720915951 0.022939483360971135 -0.028066098949859855 0.012327083396798048 -0.010375329472738616 0.018411978071961831 -0.024205300406168449
leaf_weight=30.728455819189548 32744.872021209449 2070.0616318210959 16.417120650410652 328.8238490447402 8736.952581141144 26036.482437495142 90.539573077112436 6.4834862491115919 8.8631305862218124 26.977449847385287 83.493113708682358 17.518295040354133 31.849457690492272 30.219136267900467
leaf_count=1198 106251 7486 63 1245 34649 162497 756 255 254 259 1106 574 1278 84
internal_value=-1.90519e-05 -4.19352e-05 0.00201136 0.00236578 -0.000116206 0.000282527 -0.000538474 0.00776615 0.00234864 -0.0154528 0.00943951 0.0162761 0.00819672 -0.016219
internal_weight=70260.3 70054.4 2445.52 2398.89 67608.8 34773.4 32835.4 205.913 125.817 35.8406 89.9766 80.0962 49.3678 46.6363
internal_count=317955 313031 8878 8731 304153 197146 107007 4924 1874 513 1361 3050 1852 147
is_linear=0
shrinkage=0.05


Tree=383
num_leaves=15
num_cat=0
split_feature=0 6 9 14 10 2 12 10 6 7 2 2 13 0
split_gain=4.08304 5.08065 8.5924 9.92048 6.94384 4.8633 17.42 12.2311 3.51961 5.38614 7.45325 3.99635 7.69853 3.50043
threshold=0.015220855828374626 0.091958139091730132 0.18072255700826648 0.53076431155204784 0.41299179196357733 0.2584627121686936 0.22730005532503131 0.56731247901916515 0.071689851582050337 0.55410265922546398 0.1173878274857998 0.21922886371612552 0.32601477205753332 0.012256528716534378
decision_type=2 2 2 2 2 2 2 2 2 2 2 2 2 2
left_child=8 2 4 -4 -2 6 -3 -7 11 10 -10 12 -1 -13
right_child=1 5 3 -5 -6 7 -8 -9 9 -11 -12 13 -14 -15
leaf_value=0.050962629795636073 -0.0043870491684851881 -0.0050740040086407557 -0.020660763580963547 0.0060890695639110376 0.0038220304382505961 0.00014226451743212329 -8.0887336854360025e-05 0.0054923034521813102 0.05137613790797399 -0.018220174320467089 0.0097860873499607936 0.0031204130487514936 -0.0079529775131575685 -0.010095697372244593
leaf_weight=10.993778057396414 759.97732088901103 2024.3216942856088 128.78604133427143 47.423167981207371 389.69387795496732 25783.748987518251 12741.904628098477 1114.468313395977 11.583725214004515 15.396022469736634 153.77475721389055 162.49300992488861 11.187162512913345 72.436389900743961
leaf_count=142 4174 49914 1463 174 2446 101719 149248 6226 188 402 720 631 219 289
internal_value=-8.43494e-05 -0.000133278 -0.0031803 -0.0134616 -0.00160449 -3.63131e-05 -0.0007654 0.000363932 0.00471952 0.0100659 0.0126996 0.000960872 0.021248 -0.000954544
internal_weight=43428.2 42990.3 1325.88 176.209 1149.67 41664.4 14766.2 26898.2 437.865 180.755 165.358 257.11 22.1809 234.929
internal_count=317955 315364 8257 1637 6620 307107 199162 107945 2591 1310 908 1281 361 920
is_linear=0
shrinkage=0.05


Tree=384
num_leaves=15
num_cat=0
split_feature=0 2 12 12 11 12 12 1 7 12 8 13 1 2
split_gain=5.02887 5.40189 10.3838 10.7122 9.98284 16.0665 10.0228 6.64045 2.8379 8.13863 10.842 4.08664 9.58693 3.54828
threshold=0.023684883490204815 0.055506326258182533 0.44581159949302679 0.45570237934589392 0.20249912142753604 0.30809472501277929 0.1407292261719704 0.90223798155784618 0.59944105148315441 0.29424522817134863 0.15148743242025378 0.33800147473812109 0.88615337014198314 0.088695026934146895
decision_type=2 2 2 2 2 2 2 2 2 2 2 2 2 2
left_child=8 2 7 -4 5 -3 -6 -2 11 -10 -11 13 -13 -1
right_child=1 4 3 -5 6 -7 -8 -9 9 10 -12 12 -14 -15
leaf_value=-0.028580791557310921 0.004975505909531627 0.00088990263900270278 -0.014903171415823825 0.00010859352595066488 0.019461422382602171 -0.0058085786122487213 0.00016631602176354727 -0.0037278358720755633 -0.025676895489295411 0.095477190832603864 -0.034361962975417382 -0.0055465623282379244 0.046862106866989606 -0.0051933728620212954
leaf_weight=17.882375292479992 2102.8134556910954 1739.9991747252643 127.18267785012722 1811.1580474115908 67.417640971019864 1843.7171969660558 39694.918254839256 244.66168978251517 41.760149731300771 3.4315397180616847 3.025291595607996 29.736581129953265 12.349960811436175 174.23002037964761
leaf_count=533 13422 39395 527 6412 1276 29885 215666 3629 1499 52 72 930 401 4256
internal_value=9.92196e-05 0.000138663 0.00183203 -0.000876391 -2.87685e-05 -0.00255627 0.000199031 0.00406841 -0.00655316 -0.0175994 0.0346422 -0.00427895 0.00983234 -0.00737034
internal_weight=47914.3 47631.9 4285.82 1938.34 43346.1 3583.72 39762.3 2347.48 282.416 48.217 6.45683 234.199 42.0865 192.112
internal_count=317955 310212 23990 6939 286222 69280 216942 17051 7743 1623 124 6120 1331 4789
is_linear=0
shrinkage=0.05


Tree=385
num_leaves=15
num_cat=0
split_feature=14 13 4 14 14 13 13 1 6 5 6 3 12 10
split_gain=4.62836 3.99743 17.1829 15.4081 7.15416 18.6385 10.5292 6.39735 3.74266 5.57685 7.72707 4.1445 1.81298 0.839445
threshold=0.064108379185199751 0.58957374095916759 0.41640363633632665 0.14966184645891192 0.22578629106283191 0.41951024532318121 0.50206339359283458 0.09496354311704637 0.14139249175786975 0.28743463754653936 0.17087306082248691 0.2247114181518555 0.11869786679744722 0.70451724529266369
decision_type=2 2 2 2 2 2 2 2 2 2 2 2 2 2
left_child=8 4 7 -4 5 -2 -6 -3 12 11 -11 -10 -1 -14
right_child=1 2 3 -5 6 -7 -8 -9 9 10 -12 -13 13 -15
leaf_value=-0.010428479847830342 0.0051176877024968846 -0.020883337475472667 -0.0014455941344806657 -0.01071725014002948 -0.00026513436048314999 -0.00095888172238766029 0.00260523474329597 0.0053281079919665405 0.018090050866371731 0.019493706831242966 -0.090536456161777801 0.001257605794710438 0.01641259718944392 0.035887895275015375
leaf_weight=3.2698650266975191 2341.892846587114 24.015652418136597 1560.1886540688574 628.65254930965602 58615.939065176994 2736.4641821393743 3379.10430855304 758.58700450137258 53.311299967579544 2.909499790519475 3.5334327826276422 116.44791393913329 8.4239116720855254 16.123160514980555
leaf_count=99 17600 67 29087 4067 217159 23838 18273 2940 2217 42 60 1691 329 486
internal_value=-1.84869e-05 -4.03902e-05 -0.00183497 -0.00410849 3.91122e-05 0.00184334 -0.000108682 0.00452376 0.00750149 0.00481074 -0.040849 0.00654368 0.0245457 0.0292045
internal_weight=70248.9 70044.8 2971.44 2188.84 67073.4 5078.36 61995 782.603 204.019 176.202 6.44293 169.759 27.8169 24.5471
internal_count=317955 313031 36161 33154 276870 41438 235432 3007 4924 4010 102 3908 914 815
is_linear=0
shrinkage=0.05


Tree=386
num_leaves=11
num_cat=0
split_feature=7 13 1 10 10 13 2 8 0 6
split_gain=4.00136 8.68463 5.5355 5.49326 5.41938 6.86509 5.7706 4.04116 3.48223 1.51334
threshold=0.076097346842288985 0.13047187775373462 0.098421029746532454 0.068058650940656676 0.12090694159269334 0.10953843593597413 0.2584627121686936 0.18523989617824557 0.14056889712810519 0.11689128726720811
decision_type=2 2 2 2 2 2 2 2 2 2
left_child=1 2 7 -2 5 -5 -6 -1 -4 -3
right_child=3 9 8 4 6 -7 -8 -9 -10 -11
leaf_value=0.015195501775534182 0.024214315939990717 0.042776703048077513 -0.011800940931052946 0.001049498253817152 -0.00081848735431587288 -0.0038412858321057787 0.00044651869125045653 2.7487026461262099e-05 0.014202105135495855 0.020293751205052613
leaf_weight=46.12541937828064 23.106561228632927 11.530660912394522 14.379176080226896 1094.3829721435905 14105.507756617619 2083.560491990298 24981.668720960617 915.310223095119 123.08383357524872 21.330026872456074
leaf_count=273 75 51 40 3668 199529 7536 103337 2974 398 74
internal_value=-7.95799e-05 0.00285443 0.00209703 -0.000158103 -0.000171427 -0.00215705 -9.98787e-06 0.000755181 0.0114821 0.0281829
internal_weight=43420 1131.76 1098.9 42288.2 42265.1 3177.94 39087.2 961.436 137.463 32.8607
internal_count=317955 3810 3685 314145 314070 11204 302866 3247 438 125
is_linear=0
shrinkage=0.05


Tree=387
num_leaves=15
num_cat=0
split_feature=12 2 3 1 8 7 13 10 6 0 4 0 0 0
split_gain=4.92643 11.3769 13.9014 16.8985 8.99267 9.81491 8.50644 4.95432 5.0559 10.5521 10.1502 4.87475 0.0828288 0.00791268
threshold=0.18305259197950366 0.11164439469575883 0.42647498846054083 0.49712286889553076 0.17976252734661105 0.66516605019569408 0.66253992915153515 0.77974122762680065 0.2213467136025429 0.11972086876630784 0.65485236048698436 0.72941705584526073 0.58782109618186962 0.3747220784425736
decision_type=2 2 2 2 2 2 2 2 2 2 2 2 2 2
left_child=1 2 3 -1 5 -3 -6 8 9 -2 -10 -4 13 -9
right_child=7 4 11 -5 6 -7 -8 12 10 -11 -12 -13 -14 -15
leaf_value=0.039165997750480748 -0.00095402625403976163 -0.024534932867284392 -0.0073334564039625226 0.0044532476106908568 -0.00026594019232773066 -0.0066232976413402277 -0.01696283542054098 -0.034132157485926427 -0.00012910733642491722 0.0028435317290107232 0.0069592645777847174 -0.034914833374835162 -0.046286715541829393 -0.038276488684282489
leaf_weight=38.719721518456936 2991.4497136468999 108.33563141990453 95.228672862052917 370.91735159978271 631.70431933645159 260.1117523079738 86.757384283933789 4.4590341560542566 38083.512698329985 4708.2901082667522 511.82228775229305 19.259949773550034 2.3420878648757935 1.5528250932693479
leaf_count=181 40126 1890 408 12623 10500 7049 3436 190 181103 53876 6496 59 8 10
internal_value=9.67615e-05 -0.00262129 0.00342946 0.00773437 -0.00553906 -0.0118899 -0.00228216 0.00019133 0.000198278 0.00136813 -3.51067e-05 -0.0119734 -0.0383101 -0.0352026
internal_weight=47914.5 1611.03 524.126 409.637 1086.91 368.447 718.462 46303.4 46295.1 7699.74 38595.3 114.489 8.35395 6.01186
internal_count=317955 36146 13271 12804 22875 8939 13936 281809 281601 94002 187599 467 208 200
is_linear=0
shrinkage=0.05


Tree=388
num_leaves=14
num_cat=0
split_feature=14 11 12 8 8 6 13 6 2 10 3 12 10
split_gain=4.41657 3.95781 5.91816 6.22179 4.48887 8.3592 3.6693 3.60238 4.85956 3.81931 2.11184 1.76229 0.841102
threshold=0.064108379185199751 0.61890384554862987 0.36584201455116278 0.77519717812538158 0.69805583357810985 0.1998662352561951 0.12738809734582904 0.14139249175786975 0.25106257200241094 0.61227336525917064 0.15764683485031131 0.11869786679744722 0.70451724529266369
decision_type=2 2 2 2 2 2 2 2 2 2 2 2 2
left_child=7 4 3 -3 6 -6 -2 11 9 -9 -4 -1 -13
right_child=1 2 10 -5 5 -7 -8 8 -10 -11 -12 12 -14
leaf_value=-0.0099781911321896628 -0.0016150870820467737 0.0032963432947738474 -0.028906871924527851 -0.0041163532925254783 -0.0077204634585716584 0.018123434645387061 9.7739255109746649e-06 0.035209410350476998 -0.050333743386412048 0.0040795891899103511 -0.0071279510046720748 0.016126081117127534 0.035822202973683673
leaf_weight=3.3007802609354284 3675.5056151375175 2068.2097747437656 18.360699504613876 327.9646183103323 356.58698464930058 34.298295795917511 63530.689195287414 10.494603409431873 3.9180438593029967 161.18302593752742 28.267458662390709 8.2964493492618221 15.635618686676024
leaf_count=99 12601 7486 67 1245 1152 154 290246 157 23 3830 80 329 486
internal_value=-1.73775e-05 -3.87131e-05 0.00193846 0.00228177 -0.000110164 -0.00545279 -7.90897e-05 0.00735013 0.00472597 0.00598255 -0.0157038 0.0242705 0.0289942
internal_weight=70242.7 70039.9 2442.8 2396.17 67597.1 390.885 67206.2 202.829 175.596 171.678 46.6282 27.2328 23.9321
internal_count=317955 313031 8878 8731 304153 1306 302847 4924 4010 3987 147 914 815
is_linear=0
shrinkage=0.05


Tree=389
num_leaves=15
num_cat=0
split_feature=0 6 9 14 10 9 4 12 6 7 7 1 13 0
split_gain=3.7595 4.75259 8.18503 9.34722 6.43372 4.47837 10.0186 5.17799 3.26764 5.02801 5.83311 3.61684 6.90308 3.28517
threshold=0.015220855828374626 0.091958139091730132 0.18072255700826648 0.53076431155204784 0.41299179196357733 0.16472622752189639 0.39339484274387365 0.31265673041343695 0.071689851582050337 0.55410265922546398 0.4842058420181275 0.77117678523063671 0.32601477205753332 0.012256528716534378
decision_type=2 2 2 2 2 2 2 2 2 2 2 2 2 2
left_child=8 2 4 -4 -2 6 -3 -7 11 10 -10 13 -13 -1
right_child=1 5 3 -5 -6 7 -8 -9 9 -11 -12 12 -14 -15
leaf_value=0.0030142626224930981 -0.0042270492053019587 0.0054590233251592506 -0.020207796376715832 0.0057951993471026877 0.0036723510756935859 -0.00089160648923220951 -0.00078875236974979262 0.00029093585407899696 0.0097194120751197509 -0.017912850666431387 0.047687163664753535 0.047229798390911119 -0.0079599862923179689 -0.0098032777020537198
leaf_weight=162.25527264922857 758.14610834233463 1151.3314133193344 127.404828452738 47.424723476171494 390.53613716783002 15080.397747384384 1449.4298470243812 23971.755134181585 154.89293468743563 15.128660693764685 10.822887457907198 11.475610544905068 11.191376242786644 72.251091852784157
leaf_count=630 4174 5073 1463 174 2446 131038 17448 153548 763 402 145 142 220 289
internal_value=-7.8675e-05 -0.000125648 -0.00307536 -0.0131542 -0.00154136 -3.19217e-05 0.00197708 -0.000165715 0.00453012 0.00968005 0.0121991 0.000908687 0.0199809 -0.000934804
internal_weight=43414.4 42976.4 1323.51 174.83 1148.68 41652.9 2600.76 39052.2 438.018 180.844 165.716 257.173 22.667 234.506
internal_count=317955 315364 8257 1637 6620 307107 22521 284586 2591 1310 908 1281 362 919
is_linear=0
shrinkage=0.05


Tree=390
num_leaves=15
num_cat=0
split_feature=14 3 13 10 5 3 6 13 7 13 8 11 6 13
split_gain=5.3817 9.74734 8.84541 13.9953 13.1424 13.9397 11.6798 7.52035 5.75754 12.9068 6.25515 4.88834 4.79502 3.84208
threshold=0.093795910477638259 0.21249997615814212 0.54101943969726574 0.55336236953735363 0.50612783432006847 0.068272285163402571 0.10600532218813898 0.4309405386447907 0.78176647424697887 0.69264501333236705 0.071033604443073287 0.10635007172822954 0.2853244692087174 0.8003019690513612
decision_type=2 2 2 2 2 2 2 2 2 2 2 2 2 2
left_child=1 11 3 7 5 -4 -5 -2 10 -10 -3 12 -1 -13
right_child=2 8 4 6 -6 -7 -8 -9 9 -11 -12 13 -14 -15
leaf_value=-0.020370554036834559 -0.00015752320043663378 -0.012499278699717719 0.10083282073384309 0.034104633576310162 -0.023516337996371511 0.0036154929384352497 -0.0056022335447822227 0.002074165133327525 -0.022592640089773131 0.042915445309494975 0.00036517864707218432 0.010304114553646168 0.051899436105814073 -0.033626343937424953
leaf_weight=131.65422789985314 39544.527754071169 120.0372390858829 3.6938713733106843 18.775830418802798 45.026287660002708 2066.1707179858349 1359.6695742551237 4173.3397057061084 11.773425867781041 20.808709665201604 444.01629833970219 27.258241110946983 2.3358915089629582 6.0888516819104543
leaf_count=10551 206148 1808 95 362 1114 29912 20883 35918 376 547 7936 1843 165 549
internal_value=-2.00461e-05 -0.00418303 4.73194e-05 -0.000100891 0.00320765 0.00378899 -0.00506139 5.55154e-05 -0.00119204 0.0192444 -0.00237253 -0.0148473 -0.0191106 0.00228284
internal_weight=47975.2 763.973 47211.2 45096.3 2114.89 2069.86 1378.45 43717.9 596.636 32.5821 564.054 167.337 133.99 33.3471
internal_count=318207 23775 294432 263311 31121 30007 21245 242066 10667 923 9744 13108 10716 2392
is_linear=0
shrinkage=0.05


Tree=391
num_leaves=15
num_cat=0
split_feature=11 14 14 8 6 6 9 3 12 0 14 13 5 8
split_gain=4.47593 5.40621 4.54648 6.91829 4.88201 4.27887 22.2319 19.9331 8.46306 13.42 9.1876 6.20129 3.15126 5.58239
threshold=0.081377521157264723 0.14966184645891192 0.071067605167627348 0.071033604443073287 0.18215252459049228 0.28388290107250219 0.31255471706390386 0.47615027427673345 0.42443653941154486 0.084233511239290251 0.4220875501632691 0.44600372016429907 0.22947964072227481 0.11203041672706605
decision_type=2 2 2 2 2 2 2 2 2 2 2 2 2 2
left_child=1 2 4 -4 -1 8 7 -7 10 -10 -2 -8 -3 -14
right_child=5 12 3 -5 -6 6 11 -9 9 -11 -12 -13 13 -15
leaf_value=-0.00095721422093059312 -0.0011232619791717571 0.028519267292683038 0.0091738772996484471 -0.0031517483650674938 0.015073015456622013 0.004277587750429232 -7.2424988045587048e-05 -0.0034495410301782752 -0.019135121246937718 0.0077486252004548605 0.00070681154639612139 -0.0052570603164393999 -0.069729374051692175 0.034547887459636134
leaf_weight=74.681394298560917 20970.103630103171 31.434121558442712 161.89490766171366 383.59917018190026 130.47866435348988 5360.4416412012652 30836.295624056831 988.50696089863777 50.711864553391933 548.59536099992692 10191.010319940746 587.74066877551377 2.3855577334761611 2.7781045101583004
leaf_count=2555 121628 560 3065 8610 2573 22845 103070 3016 260 6945 39822 3143 51 64
internal_value=5.8631e-05 0.00380759 0.0028927 0.000506323 0.00923777 1.61857e-05 0.000375844 0.0030745 -0.00041156 0.00547379 -0.00052475 -0.000169396 0.0225727 -0.0136271
internal_weight=70320.7 787.252 750.654 545.494 205.16 69533.4 37773 6348.95 31760.4 599.307 31161.1 31424 36.5978 5.16366
internal_count=318207 17478 16803 11675 5128 300729 132074 25861 168655 7205 161450 106213 675 115
is_linear=0
shrinkage=0.05


Tree=392
num_leaves=13
num_cat=0
split_feature=0 6 14 14 12 4 14 10 9 2 6 5
split_gain=4.10677 12.29 8.63271 9.5456 6.77124 6.29079 15.6522 7.29237 4.19928 12.3572 7.23187 1.19003
threshold=0.042193565517663963 0.091958139091730132 0.54678145051002514 0.22962482273578647 0.43910393118858343 0.74685946106910717 0.38066619634628301 0.26971247792243963 0.16472622752189639 0.29447713494300848 0.16741516441106799 0.7627941668033601
decision_type=2 2 2 2 2 2 2 2 2 2 2 2
left_child=4 2 3 -2 5 6 -1 -7 9 -3 -10 -4
right_child=1 8 11 -5 -6 7 -8 -9 10 -11 -12 -13
leaf_value=0.01570742908737769 -0.014703778410255677 -0.0028882969934425871 -0.023312769429774505 -0.00021199823302375559 0.045817921993334863 0.026905107516790247 0.0012001643673609265 -0.008750355066424003 -0.0023396601806108469 0.0048571203042060401 -1.3873026056549533e-06 -0.040897115330363908
leaf_weight=201.14452836290002 188.23972727707587 813.97607285436243 26.34090293943882 286.6984430514276 8.6892878338694555 15.375385507941244 2457.7864252645522 213.00127631146461 3661.2232938860543 1401.7783446609974 34153.478135501966 15.158519327640532
leaf_count=1192 2133 13799 112 1310 50 266 13187 5525 33820 6307 240463 43
internal_value=-7.27681e-05 -0.00020269 -0.00786665 -0.00595575 0.00174626 0.00161363 0.00229762 -0.00634986 -0.000103816 0.00201178 -0.000227779 -0.0297358
internal_weight=43442.9 40546.9 516.438 474.938 2896 2887.31 2658.93 228.377 40030.5 2215.75 37814.7 41.4994
internal_count=318207 297987 3598 3443 20220 20170 14379 5791 294389 20106 274283 155
is_linear=0
shrinkage=0.05


Tree=393
num_leaves=14
num_cat=0
split_feature=2 14 3 13 2 10 9 8 11 8 8 7 10
split_gain=6.44305 5.00322 9.23401 8.17907 25.3227 12.6918 5.62677 4.90309 4.69639 3.20768 4.27901 2.89384 1.57416
threshold=0.017205452546477321 0.093795910477638259 0.21249997615814212 0.54101943969726574 0.16560094803571704 0.51430532336235057 0.3913226872682572 0.13345280289649966 0.10635007172822954 0.053444666787981994 0.073346886783838286 0.388400748372078 0.30245637893676763
decision_type=2 2 2 2 2 2 2 2 2 2 2 2 2
left_child=7 2 8 5 -5 -3 -4 9 -2 12 -11 -9 -1
right_child=1 3 6 4 -6 -7 -8 11 -10 10 -12 -13 -14
leaf_value=0.033781044475359769 -0.018820849517874168 7.0286415954066246e-05 -0.00024457952494524583 0.0069035156758214594 -0.0046972745727625123 -0.0034498450701232787 -0.026546846494294941 -0.037596154038632923 0.0021613566214764394 -0.0016832255257623681 0.011659943990731083 0.0056119776763424714 0.011856302686597667
leaf_weight=17.266143545508385 131.42932402295992 42064.504889344331 570.22124473657459 1411.2227176721208 705.61331259412691 2726.6069949772209 21.085410890169442 9.3942606151103956 33.457696530967951 94.528968457132578 164.89810283854604 6.5958888605236998 15.569102376699446
leaf_count=57 10716 226527 10277 17681 13427 35528 378 44 2392 335 729 66 50
internal_value=-1.89089e-05 -6.5508e-05 -0.00410016 -4.66227e-07 0.00303658 -0.000143998 -0.00118249 0.00718657 -0.0145633 0.00866157 0.00679801 -0.0197729 0.0233852
internal_weight=47972.4 47664.1 756.194 46907.9 2116.84 44791.1 591.307 308.252 164.887 292.262 259.427 15.9901 32.8352
internal_count=318207 316926 23763 293163 31108 262055 10655 1281 13108 1171 1064 110 107
is_linear=0
shrinkage=0.05


Tree=394
num_leaves=14
num_cat=0
split_feature=2 8 14 13 3 6 7 12 9 8 8 3 12
split_gain=4.8729 6.17896 5.57508 17.9885 19.0978 14.0024 8.87949 24.9239 9.12643 4.13861 5.67737 2.85596 0.417699
threshold=0.017205452546477321 0.053444666787981994 0.23140510916709903 0.43929889798164373 0.5482783615589143 0.098296660929918303 0.55121684074401867 0.25192186236381536 0.3215253502130509 0.11516663059592248 0.099253773689270033 0.26159235835075384 0.51823157072067272
decision_type=2 2 2 2 2 2 2 2 2 2 2 2 2
left_child=1 12 3 4 -2 -5 8 -8 -4 10 -3 -11 -1
right_child=2 9 6 5 -6 -7 7 -9 -10 11 -12 -13 -14
leaf_value=-0.021467276222840531 0.0079359324023986124 -0.0030879209467317772 0.00082053515838661183 0.0098043657301970857 -0.00027489614911220615 -0.00097537381800900437 6.5812358657262837e-05 -0.0068694553973125171 -0.00047236686304386142 -0.009501234081599955 -0.025125181480245309 0.021266647924347494 -0.033054490436940524
leaf_weight=15.319028973579409 1680.9081082567573 206.13462414592505 25330.231685910374 319.3086203224957 1223.7850342839956 5326.4041216745973 4747.8578434474766 1781.5968700200319 29598.58921899274 10.791674267500637 34.054465942084789 25.047787763178349 15.798764795064924
leaf_count=50 18429 809 98479 3029 3741 59049 27413 10635 96151 96 155 114 57
internal_value=5.54965e-05 -0.00622857 8.30663e-05 0.0012793 0.0044766 -0.000365696 -8.33603e-05 -0.00182651 0.00012385 -0.00384744 -0.00621241 0.0120021 -0.0273502
internal_weight=70315.8 307.146 70008.7 8550.41 2904.69 5645.71 61458.3 6529.45 54928.8 276.029 240.189 35.8395 31.1178
internal_count=318207 1281 316926 84248 22170 62078 232678 38048 194630 1174 964 210 107
is_linear=0
shrinkage=0.05


Tree=395
num_leaves=15
num_cat=0
split_feature=13 0 7 14 3 13 10 10 2 9 12 9 12 7
split_gain=4.02573 17.2692 16.0308 22.8726 24.9558 10.6428 9.90529 8.69267 7.79654 9.85829 7.03866 6.68104 5.12477 2.82523
threshold=0.5101890265941621 0.32668384909629827 0.62076982855796825 0.23497778177261355 0.38323719799518591 0.41385471820831304 0.40748009085655218 0.58187550306320202 0.26357844471931463 0.19976540654897693 0.1407292261719704 0.10029656440019609 0.16073428094387057 0.58442777395248424
decision_type=2 2 2 2 2 2 2 2 2 2 2 2 2 2
left_child=2 6 10 5 -5 -4 -2 -8 13 -10 11 -1 -12 -3
right_child=1 8 3 4 -6 -7 7 -9 9 -11 12 -13 -14 -15
leaf_value=0.003081077550245268 0.061490776680567051 -0.0085228215365720575 -0.016047244255964342 0.0095258350188387377 0.049814486917486238 0.0021833249909080613 -0.0038595996504570173 0.0013960910030837645 0.038360568843428422 -0.012413019362400905 0.0067104287284806873 -0.020463983095429999 -9.4455950419791617e-05 -0.018489232764453013
leaf_weight=47.873120248317719 6.422847105190157 110.90046351542696 115.71890496602282 585.07702605891973 41.139389431104064 259.76734499773011 1293.1937320972793 2008.9131518718787 16.375405140221119 22.970871865749359 278.68643351085484 81.28701077401638 38370.605028231163 198.17343229847029
leaf_count=212 79 2929 5663 8092 625 8518 12796 43494 109 145 1578 459 226996 6512
internal_value=-6.89543e-05 -0.00165654 7.69904e-05 0.00632211 0.0121726 -0.00343505 -0.000541521 -0.000662179 -0.0122445 0.00871828 -8.43299e-05 -0.011737 -4.53883e-05 -0.0149131
internal_weight=43437.1 3656.95 39780.2 1001.7 626.216 375.486 3308.53 3302.11 348.42 39.3463 38778.5 129.16 38649.3 309.074
internal_count=318207 66064 252143 22898 8717 14181 56369 56290 9695 254 229245 671 228574 9441
is_linear=0
shrinkage=0.05


Tree=396
num_leaves=13
num_cat=0
split_feature=2 8 12 13 10 12 11 7 8 5 8 7
split_gain=5.70135 4.72779 8.67841 10.4251 8.62218 10.2168 7.3232 5.38281 4.41125 3.97412 3.38114 2.68914
threshold=0.017205452546477321 0.091184008866548552 0.42060425877571112 0.48579585552215582 0.74289292097091686 0.24180176854133609 0.091677352786064162 0.17386850714683535 0.13345280289649966 0.053594080731272704 0.053444666787981994 0.388400748372078
decision_type=2 2 2 2 2 2 2 2 2 2 2 2
left_child=8 2 3 -2 6 -6 -3 -4 9 10 -1 -10
right_child=1 4 7 -5 5 -7 -8 -9 11 -11 -12 -13
leaf_value=0.022042176933651087 0.012174046063331195 0.0076379211237257959 0.009814324574615764 -0.0029468279057933413 -0.017470012057443304 0.06445450469950538 -7.8145473118250623e-06 -0.011028467415198933 -0.036234661509809467 0.034776920956615553 0.0048773829218543242 0.0054533346167664927
leaf_weight=32.467405706644058 140.96667782124132 315.32798413280398 33.88446632027626 595.64126930525526 100.19409438362345 3.9558895267546168 46106.677381807473 360.99128623586148 9.2906761765480024 13.373021522536872 246.57466543279588 6.6282369438558808
leaf_count=107 1756 9982 104 14024 4122 122 282058 4758 44 73 991 66
internal_value=-2.19353e-05 -6.5782e-05 -0.00325921 -5.31049e-05 1.188e-05 -0.0143583 4.41202e-05 -0.00923994 0.00675522 0.00815062 0.00687456 -0.0188768
internal_weight=47966 47657.6 1131.48 736.608 46526.2 104.15 46422 394.876 308.334 292.415 279.042 15.9189
internal_count=318207 316926 20642 15780 296284 4244 292040 4862 1281 1171 1098 110
is_linear=0
shrinkage=0.05


Tree=397
num_leaves=14
num_cat=0
split_feature=2 8 14 13 3 6 7 12 9 8 8 3 12
split_gain=4.23253 5.61069 5.14286 16.6684 17.8341 13.1992 8.27694 22.9419 8.4866 3.74208 5.15229 2.64237 0.397352
threshold=0.017205452546477321 0.053444666787981994 0.23140510916709903 0.43929889798164373 0.5482783615589143 0.098296660929918303 0.55121684074401867 0.26081001758575445 0.3215253502130509 0.11516663059592248 0.099253773689270033 0.26159235835075384 0.51823157072067272
decision_type=2 2 2 2 2 2 2 2 2 2 2 2 2
left_child=1 12 3 4 -2 -5 8 -8 -4 10 -3 -11 -1
right_child=2 9 6 5 -6 -7 7 -9 -10 11 -12 -13 -14
leaf_value=-0.020355782861825558 0.0076766585740587132 -0.0028112808885561273 0.00079048949221811502 0.0095531689254132746 -0.00027028919295787705 -0.00094308263371908972 -0.00013372764826019741 -0.0071467855436806423 -0.00045636864702496612 -0.0090101271091174561 -0.023723396634540043 0.020503133667659233 -0.031735954413899148
leaf_weight=15.224480375647547 1668.6637327345088 206.24064275249839 25321.972159754485 317.35204093996435 1223.6977035179734 5329.3383257631212 5017.8971727974713 1519.2119840346277 29599.511193476617 10.900831650942562 34.361233957111835 24.925019480288029 15.458889231085776
leaf_count=50 18429 809 98479 3029 3741 59049 28893 9155 96151 96 155 114 57
internal_value=5.23723e-05 -0.00580458 7.80694e-05 0.00122786 0.00431447 -0.000353178 -8.16818e-05 -0.00176355 0.000118505 -0.00355298 -0.00579782 0.0115231 -0.0260893
internal_weight=70304.8 307.111 69997.6 8539.05 2892.36 5646.69 61458.6 6537.11 54921.5 276.428 240.602 35.8259 30.6834
internal_count=318207 1281 316926 84248 22170 62078 232678 38048 194630 1174 964 210 107
is_linear=0
shrinkage=0.05


Tree=398
num_leaves=13
num_cat=0
split_feature=0 6 9 11 12 4 8 10 13 9 2 6
split_gain=3.86523 11.3148 7.01188 10.3721 6.25785 6.09089 12.3307 6.79862 4.25198 3.79195 11.5599 6.91339
threshold=0.042193565517663963 0.091958139091730132 0.17155207693576816 0.49894729256629949 0.42443653941154486 0.74685946106910717 0.28028090298175817 0.26971247792243963 0.37986977398395544 0.16472622752189639 0.29447713494300848 0.16741516441106799
decision_type=2 2 2 2 2 2 2 2 2 2 2 2
left_child=4 2 3 -2 5 6 -1 -7 -4 10 -3 -11
right_child=1 9 8 -5 -6 7 -8 -9 -10 11 -12 -13
leaf_value=0.025004047393015112 0.00081607577492297158 -0.002830610938952077 -0.0071700009357137939 -0.017162971763754694 0.036615492529251552 0.025402610430499524 0.0017128611676912324 -0.0086471501096570119 -0.026184423010030673 -0.0022756765655315937 0.004660592092721556 1.1361174142793986e-05
leaf_weight=58.096528943628073 280.35565379681066 812.59884259849787 51.047548957169056 112.37129314243793 12.779237223789094 15.74799210205674 2598.0446154158562 212.18582514394075 69.335218636551872 3658.37919281004 1406.0663449242711 34144.438612856437
leaf_count=753 1835 13799 219 518 78 266 13605 5518 1026 33820 6307 240463
internal_value=-6.05522e-05 -0.00018665 -0.00756436 -0.00432828 0.00170388 0.00154919 0.0022223 -0.00629465 -0.0181215 -9.2061e-05 0.0019169 -0.000209968
internal_weight=43431.4 40534.6 513.11 392.727 2896.85 2884.07 2656.14 227.934 120.383 40021.5 2218.67 37802.8
internal_count=318207 297987 3598 2353 20220 20142 14358 5784 1245 294389 20106 274283
is_linear=0
shrinkage=0.05


Tree=399
num_leaves=13
num_cat=0
split_feature=2 14 3 7 13 13 7 11 8 5 0 7
split_gain=5.04905 4.68251 8.77966 8.01145 12.0668 5.90848 5.39518 4.53946 3.96971 3.71718 2.98155 2.58614
threshold=0.017205452546477321 0.093795910477638259 0.21249997615814212 0.71766394376754772 0.48849909007549291 0.54101943969726574 0.78176647424697887 0.10635007172822954 0.13345280289649966 0.053594080731272704 0.11972086876630784 0.39097194373607641
decision_type=2 2 2 2 2 2 2 2 2 2 2 2
left_child=8 2 7 5 -5 -3 -4 -2 9 10 -1 -10
right_child=1 3 6 4 -6 -7 -8 -9 11 -11 -12 -13
leaf_value=-0.010314316340227024 -0.01853022262576505 -0.00018019424306838454 -0.0023077299653260935 0.021988877162184357 0.0022353584159209208 0.0027245474554831116 0.01850134053558623 0.0021319672537005565 -0.034936305733299311 0.033335925645226291 0.008031494049922535 0.0060920493558173682
leaf_weight=24.255416793748736 128.9550322634168 44636.452259899117 557.85428099194542 99.854340765159577 342.44526149705052 1822.1183496089652 32.990830386988819 33.484616556670517 9.3137938454747182 13.462794108316301 254.73448029905558 6.5362190101295701
leaf_count=201 10716 258086 9732 2809 8279 23989 923 2392 45 73 897 65
internal_value=-2.40573e-05 -6.53205e-05 -0.00397616 -2.50765e-06 0.00669495 -6.62694e-05 -0.00114582 -0.014271 0.00635396 0.0076748 0.00643651 -0.0180171
internal_weight=47962.5 47654.2 753.285 46900.9 442.3 46458.6 590.845 162.44 308.303 292.453 278.99 15.85
internal_count=318207 316926 23763 293163 11088 282075 10655 13108 1281 1171 1098 110
is_linear=0
shrinkage=0.05


Tree=400
num_leaves=15
num_cat=0
split_feature=6 12 2 5 9 5 8 10 9 0 10 6 11 11
split_gain=4.11036 20.9046 20.3513 45.219 16.1138 19.6101 16.8501 14.9009 11.6554 9.61099 34.5803 8.87767 12.7477 7.71394
threshold=0.2213467136025429 0.38474625349044805 0.10735905170440675 0.29275839030742651 0.31255471706390386 0.27667470276355749 0.29555977880954748 0.24564096331596377 0.18660524487495425 0.16337996721267703 0.50878152251243602 0.30895741283893591 0.18160079419612887 0.085927091538906111
decision_type=2 2 2 2 2 2 2 2 2 2 2 2 2 2
left_child=1 9 3 -3 5 8 -7 -4 -2 -1 -11 12 -6 -13
right_child=4 2 7 -5 11 6 -8 -9 -10 10 -12 13 -14 -15
leaf_value=1.3508305967004156e-06 0.0094727502867159915 -0.0040943615929525477 -0.0066586320035104899 -0.2018050619462507 0.0050027742520571605 0.00615369914043855 0.0016272981718654406 0.01777880624859212 -0.0012777042808131208 -0.0064007642604947644 0.00064022784897960607 0.013576005112195129 -0.0031063694170399667 -1.807814895571482e-05
leaf_weight=12882.027230178937 265.03394178673625 129.1180555569008 74.614781364798546 2.9582739137113085 542.86081550922245 2943.4765053875744 6819.8005657717586 380.40662334486842 5175.6785845477134 2980.4766660723835 4202.7889862367883 104.72912872210145 4519.2681388966739 29270.228975571692
leaf_count=73655 2025 3143 261 69 7817 13722 22438 4097 30424 12090 33153 955 17318 97040
internal_value=4.90826e-05 -0.00054369 0.00875611 -0.00852273 0.000295696 0.00165146 0.00299194 0.0137715 -0.000754016 -0.000815796 -0.00228122 -0.000302873 -0.00223675 3.03882e-05
internal_weight=70293.5 20652.4 587.098 132.076 49641.1 15204 9763.28 455.021 5440.71 20065.3 7183.27 34437.1 5062.13 29375
internal_count=318207 126468 7570 3212 191739 68609 36160 4358 32449 118898 45243 123130 25135 97995
is_linear=0
shrinkage=0.05


Tree=401
num_leaves=15
num_cat=0
split_feature=0 13 7 5 0 11 11 5 10 14 7 11 11 2
split_gain=3.87111 11.8161 13.8911 54.0216 13.7932 14.5358 8.78734 8.71511 8.18765 16.6227 10.4679 5.40448 4.69892 3.90491
threshold=0.19638598710298541 0.49649260938167578 0.73529717326164257 0.088729392737150206 0.31070546805858618 0.22152923792600634 0.15776825696229937 0.071748077869415297 0.42395538091659551 0.33418071269989019 0.46561388671398168 0.40630541741847997 0.14782070368528369 0.2321155518293381
decision_type=2 2 2 2 2 2 2 2 2 2 2 2 2 2
left_child=7 2 6 -4 5 -3 -2 11 10 -10 -9 12 -1 -6
right_child=1 4 3 -5 13 -7 -8 8 9 -11 -12 -13 -14 -15
leaf_value=0.058372689719275429 -0.0079859257173727407 0.0062816207655069407 0.40548757715305483 0.015972141404844965 -0.013816564449722069 -0.0065698172032889555 -9.5671520097625936e-05 0.00036576081381470206 0.0010829026114471594 0.0091197051320079953 -0.0046370398858693726 0.06977599054944307 -0.016236047705514019 -0.0028218646645796642
leaf_weight=2.1520819850265971 358.33693324867636 376.10702475719154 1.0204851254820813 6.9689566632732749 398.02274408936501 530.19470643624663 23131.902489902452 12333.321901040152 4170.4065029339399 760.75734188966453 1142.4800166790374 1.922007219865917 108.88623781688511 101.31429449096322
leaf_count=74 13270 13058 14 354 12039 6394 136795 56131 56421 4272 15167 50 3361 807
internal_value=-5.2882e-05 -0.00045999 -0.000193615 0.0657246 -0.00491301 -0.00123659 -0.000216035 0.000494559 0.000579528 0.00232278 -5.83772e-05 -0.0133511 -0.01479 -0.0115858
internal_weight=43423.8 24903.9 23498.2 7.98944 1405.64 906.302 23490.2 18519.9 18407 4931.16 13475.8 112.96 111.038 499.337
internal_count=318207 182731 150433 368 32298 19452 150065 135476 131991 60693 71298 3485 3435 12846
is_linear=0
shrinkage=0.05


Tree=402
num_leaves=13
num_cat=0
split_feature=2 6 9 0 5 8 12 12 8 5 8 11
split_gain=4.72481 4.43909 12.2124 10.5731 20.524 8.87935 8.80645 7.09782 3.72377 3.44144 2.99696 2.55016
threshold=0.017205452546477321 0.20336321741342547 0.18660524487495425 0.11972086876630784 0.38308067619800573 0.25243477523326879 0.29545515775680548 0.15867241472005847 0.13345280289649966 0.053594080731272704 0.053444666787981994 0.25416126847267156
decision_type=2 2 2 2 2 2 2 2 2 2 2 2
left_child=8 3 5 6 -5 -3 -2 -4 9 10 -1 -10
right_child=1 2 7 4 -6 -7 -8 -9 11 -11 -12 -13
leaf_value=0.020612077099901482 -0.0024592267946404781 -0.0044568633368856445 -0.015425918027280336 0.000622186754388355 0.0085875514294394672 -0.020295009409752957 0.0044456377731964042 -0.0001384196279461484 0.001837322598471277 0.032051449539117094 0.0043618503480928441 -0.038357797305771553
leaf_weight=32.060467153787613 2469.0009663975798 420.96422440232709 76.071315317880362 3088.490226760041 1095.5745807751082 112.0481465999037 568.0091715445742 39821.959739129525 8.2069700732827169 13.531271310523151 246.67465643770993 7.6004219222813836
leaf_count=107 42818 4787 2113 48522 9733 1094 6476 201383 40 73 991 70
internal_value=-2.4156e-05 -6.40592e-05 -0.000268007 0.00107785 0.00270787 -0.00778631 -0.00116782 -0.000167567 0.00614798 0.0074264 0.00623097 -0.0174891
internal_weight=47960.2 47652.1 40431 7221.07 4184.06 533.012 3037.01 39898 308.074 292.266 278.735 15.8074
internal_count=318207 316926 209377 107549 58255 5881 49294 203496 1281 1171 1098 110
is_linear=0
shrinkage=0.05


Tree=403
num_leaves=15
num_cat=0
split_feature=6 12 11 8 9 5 8 10 9 13 10 5 3 6
split_gain=3.67303 19.7397 19.6088 34.7456 15.1068 18.1925 17.8795 12.534 10.796 9.1892 28.3481 11.0568 8.5744 6.93157
threshold=0.2213467136025429 0.38474625349044805 0.097816579043865218 0.15442520380020144 0.3215253502130509 0.27667470276355749 0.29555977880954748 0.24564096331596377 0.18660524487495425 0.48849909007549291 0.40748009085655218 0.38308067619800573 0.10332772508263589 0.34391017258167272
decision_type=2 2 2 2 2 2 2 2 2 2 2 2 2 2
left_child=1 9 3 -3 5 8 -7 -4 -2 10 -1 -11 -6 -14
right_child=4 2 7 -5 12 6 -8 -9 -10 11 -12 -13 13 -15
leaf_value=-8.667931720545239e-05 0.0091948925232439496 -0.0039301284062568101 -0.0059078780882928748 -0.12670568257932779 -0.025537188651527761 0.0058779876594125952 0.0014180776639247338 0.016287956149544511 -0.0011589628652918687 0.0018992486017223983 -0.0051806547627243661 -0.0029046407061630716 -0.0016576307381799317 7.528307631368789e-05
leaf_weight=9674.5779549703002 263.20428412035108 97.195992110297084 75.457104288041592 6.1257517440244547 33.752503138035536 3160.081294041127 7779.1577014774084 404.90976182557642 5794.3554742187262 5020.2951753269881 3805.4795597027987 1573.1287908237427 7493.1044450122863 25102.048193134367
leaf_count=41097 2025 2628 267 125 227 14664 25431 4550 33634 51795 19551 6455 34224 81534
internal_value=4.72552e-05 -0.000512986 0.00855114 -0.0112093 0.000280461 0.00148917 0.00270644 0.0128014 -0.000709082 -0.000776549 -0.00152473 0.000753086 -0.000349168 -0.000323086
internal_weight=70282.9 20657.2 583.689 103.322 49625.7 16996.8 10939.2 480.367 6057.56 20073.5 13480.1 6593.42 32628.9 32595.2
internal_count=318207 126468 7570 2753 191739 75754 40095 4817 35659 118898 60648 58250 115985 115758
is_linear=0
shrinkage=0.05


Tree=404
num_leaves=15
num_cat=0
split_feature=0 6 14 14 7 4 14 5 2 0 10 11 0 12
split_gain=3.63495 10.4403 8.12432 8.64816 6.13824 12.7569 9.71925 7.87758 7.73869 7.37901 4.27516 3.60129 5.43922 4.8392
threshold=0.042193565517663963 0.091958139091730132 0.54678145051002514 0.22962482273578647 0.20037840306758883 0.17614080756902697 0.44486321508884435 0.082454934716224684 0.44174599647521978 0.040191464126110084 0.23732444643974307 0.58846008777618419 0.19638598710298541 0.21126984804868701
decision_type=2 2 2 2 2 2 2 2 2 2 2 2 2 2
left_child=4 2 3 -2 5 10 7 -6 -7 -8 -1 12 -3 -13
right_child=1 11 -4 -5 6 8 9 -9 -10 -11 -12 13 -14 -15
leaf_value=0.001190199165140005 -0.013890658357026648 0.00083395285450248125 -0.028695618159653758 1.8992249110385938e-05 -0.016052730181643639 0.051744077581527215 -0.0034585500843549465 0.0063971519219879177 0.013497742860429261 0.013066290929478747 0.018803844147095856 0.0062995805646387419 -0.00041640346394592717 -0.0029638161162842988
leaf_weight=737.84591694176197 183.52327283122577 13429.103778797667 40.750828705728054 285.71553648449481 41.73036752641201 14.258837521076201 1197.8892465978861 614.21497015468776 182.58692096173763 71.593525130301714 36.137656003236771 153.44144310802221 24687.416447763331 1736.714928753674
leaf_count=2380 2133 105401 155 1310 1481 77 8596 6514 577 483 112 686 181844 6458
internal_value=-4.9817e-05 -0.000172141 -0.00728094 -0.00542119 0.00166141 0.00490306 2.69249e-05 0.00496892 0.0162682 -0.00252662 0.00201259 -8.15207e-05 2.41185e-05 -0.00221182
internal_weight=43412.9 40516.7 509.99 469.239 2896.26 970.829 1925.43 655.945 196.846 1269.48 773.984 40006.7 38116.5 1890.16
internal_count=318207 297987 3598 3443 20220 3146 17074 7995 654 9079 2492 294389 287245 7144
is_linear=0
shrinkage=0.05


Tree=405
num_leaves=15
num_cat=0
split_feature=0 4 6 14 9 4 14 3 14 9 12 6 14 10
split_gain=6.24324 9.16624 16.4356 14.258 7.6425 6.82878 6.07353 24.5128 7.24844 4.95549 4.85217 2.62615 5.21027 2.62543
threshold=0.073596268892288222 0.60395520925521862 0.071689851582050337 0.16330985724925998 0.13478083908557895 0.061155881732702262 0.35701467096805578 0.2647207528352738 0.36993631720542913 0.51757434010505687 0.35904374718666082 0.065277896821498885 0.48012621700763708 0.17452114820480349
decision_type=2 2 2 2 2 2 2 2 2 2 2 2 2 2
left_child=4 6 -3 -4 11 10 7 -2 -8 -7 -6 12 -1 -13
right_child=1 2 3 -5 5 9 8 -9 -10 -11 -12 13 -14 -15
leaf_value=0.019429301890473018 -0.0049369422748648554 0.15294327940427638 -0.0028653153511328977 0.0092705512975162132 0.016589472037726948 -0.0021871583150041111 0.0034442788050340631 0.00010887824714513489 0.00040430740774363423 0.054701676253730069 -0.0073871939874212414 0.0077688399968639356 -0.012057677536976676 -0.016904166202257615
leaf_weight=18.565461622551084 2686.5097353942692 1.8704508221708227 393.77144964272156 628.03026536200196 83.747161611914635 2325.8515265919268 2230.0606727674603 23131.65446503181 16243.446514103562 3.8343191519379607 28.20801018178463 11.692751284688709 44.94377676397562 138.4157883040607
leaf_count=479 51686 98 21772 7516 814 33150 9788 117710 70713 35 199 189 1213 3077
internal_value=4.9138e-05 0.000187214 0.00486482 0.00459376 -0.0023073 -0.00151387 7.91049e-05 -0.000416165 0.000771283 -0.00209353 0.0105484 -0.0113762 -0.00285319 -0.0149823
internal_weight=47970.6 45315.3 1023.67 1021.8 2655.26 2441.64 44291.7 25818.2 18473.5 2329.69 111.955 213.618 63.5092 150.109
internal_count=318439 279283 29386 29288 39156 34198 249897 169396 80501 33185 1013 4958 1692 3266
is_linear=0
shrinkage=0.05


Tree=406
num_leaves=15
num_cat=0
split_feature=11 12 14 1 0 5 13 10 10 12 14 10 14 6
split_gain=3.70686 6.85952 7.26196 5.85076 4.19913 4.03229 3.58758 14.9983 12.2033 11.1269 9.57796 8.3103 7.23673 2.99373
threshold=0.61890384554862987 0.34851156175136572 0.60074636340141307 0.37959454953670507 0.10491395741701127 0.51129063963890087 0.29450553655624395 0.35606485605239874 0.41839496791362768 0.47240257263183599 0.280993402004242 0.351556345820427 0.18459446728229525 0.24197754263877871
decision_type=2 2 2 2 2 2 2 2 2 2 2 2 2 2
left_child=6 2 3 -2 -3 -4 8 10 11 -9 -8 -1 -10 -6
right_child=1 4 5 -5 13 -7 7 9 12 -11 -12 -13 -14 -15
leaf_value=-0.00031858029223558594 0.0064875706536362742 -0.023222780984875447 -0.022581987015853264 0.00052950276199584246 0.015149817732576148 -0.0013443271506137038 0.0053715218231157168 -0.00041704071303713154 -0.0043094445671996917 0.0082498198147675679 0.0012967699631943005 -0.0080178713666762165 0.027043147363348702 -0.010324929165577163
leaf_weight=32470.332504097372 1065.443196259439 41.197394534945488 23.232105270028114 671.87984205037355 17.285587206482887 588.65026090294123 1741.3269224651158 24444.784240392037 25.816380575299263 376.02971499040723 8393.9253571107984 354.29753602109849 64.110839903354645 34.652455702424049
leaf_count=105052 3218 152 125 3183 49 2062 6740 155814 462 5889 33797 1485 311 100
internal_value=9.22015e-05 0.00200599 0.00253359 0.00418339 -0.0113021 -0.00215068 2.33335e-05 0.00037608 -0.000351292 -0.00028574 0.00199685 -0.000401684 0.0180424 -0.00184664
internal_weight=70313 2442.34 2349.21 1737.32 93.1354 611.882 67870.6 34956.1 32914.6 24820.8 10135.3 32824.6 89.9272 51.938
internal_count=318439 8889 8588 6401 301 2187 309550 202240 107310 161703 40537 106537 773 149
is_linear=0
shrinkage=0.05


Tree=407
num_leaves=15
num_cat=0
split_feature=0 13 6 3 3 13 3 10 12 12 2 8 3 5
split_gain=5.31261 13.9827 16.883 15.9198 12.0525 8.80156 9.14959 9.55506 8.2664 10.2255 7.89427 11.6161 9.78783 6.67278
threshold=0.28851053118705755 0.50206339359283458 0.15447567403316501 0.32522904872894293 0.39841654896736151 0.14567043632268908 0.45486930012702947 0.077377945184707655 0.4023930430412293 0.31038568913936621 0.2321155518293381 0.34562918543815618 0.28763803839683538 0.27667470276355749
decision_type=2 2 2 2 2 2 2 2 2 2 2 2 2 2
left_child=5 2 3 -2 -4 6 7 -1 9 -7 11 -3 -12 -10
right_child=1 10 4 -5 -6 8 -8 -9 13 -11 12 -13 -14 -15
leaf_value=0.0076773081079666147 0.0049837376671635738 -0.012622640758698409 -0.0029008081942478682 0.066465703587483896 9.9260928880335667e-05 0.00012543276052554863 -0.033043144107731674 -0.0031470392615614122 -0.0080097327467030435 0.0025254322016401431 -0.021668729761872674 0.12340934098769413 0.010217135039457419 -0.0008492227913376566
leaf_weight=223.16510102152824 25.324354106094688 413.97187648527324 4560.5214423290454 18.021593911573291 12589.267865325324 15286.13738423679 24.289321932941675 2358.9803126938641 458.01337076094933 6253.8677643039264 32.244836021214724 1.575322814285754 94.901953067630529 1123.3260362506844
leaf_count=680 224 13124 30946 218 76948 123939 120 7291 14011 43981 276 22 772 5887
internal_value=-0.000203392 -0.00086918 -0.000619756 0.0305456 -0.000698526 0.000255579 -0.00249885 -0.00221153 0.000566082 0.000822242 -0.00877122 -0.0121069 0.00213078 -0.00292317
internal_weight=43463.6 17735.8 17193.1 43.3459 17149.8 25727.8 2606.43 2582.15 23121.3 21540 542.694 415.547 127.147 1581.34
internal_count=318439 122530 108336 442 107894 195909 8091 7971 187818 167920 14194 13146 1048 19898
is_linear=0
shrinkage=0.05


Tree=408
num_leaves=15
num_cat=0
split_feature=3 9 8 13 8 7 1 5 0 2 3 13 13 0
split_gain=6.01998 5.02966 6.12847 4.98341 4.97626 4.09525 7.04923 8.8069 3.83051 3.26662 2.43182 2.07154 1.9363 0.51622
threshold=0.038284739479422576 0.66283288598060619 0.20786286890506747 0.81058362126350414 0.19737689197063449 0.50562644004821788 0.7993505895137788 0.38844296336174017 0.23225137591362002 0.081789325922727599 0.70211458206176769 0.29110135138034826 0.23154359310865405 0.015220855828374626
decision_type=2 2 2 2 2 2 2 2 2 2 2 2 2 2
left_child=5 3 4 8 -3 6 12 -8 -2 -5 -4 -7 -1 -13
right_child=1 2 10 9 -6 11 7 -9 -10 -11 -12 13 -14 -15
leaf_value=-0.018334184697011424 -0.00070323789500292182 0.0030531727945067554 0.0085794507275717448 -0.0051754990387083907 -0.025908697599908388 0.029941276433963299 0.012448910811213194 0.13466574919565386 0.00031508439521970926 -0.033922605919942915 0.022368285192493786 -0.020558329263036208 -0.0036121991849279349 -0.034052119992352574
leaf_weight=40.000348364934325 12567.499109735247 254.39668995887041 73.564808018505573 22.972417430952191 15.749904438853262 1.564228437840941 8.6111559178680164 1.778433984145521 34823.696787125431 17.342322211246938 56.559459090232849 11.249969216994943 50.572227690368891 19.157137988135219
leaf_count=838 156159 823 207 970 46 60 311 64 154707 1546 164 480 1396 668
internal_value=4.76615e-05 7.71916e-05 0.00565852 3.00912e-05 0.00136466 -0.0105778 -0.00563931 0.0333693 4.50392e-05 -0.0175417 0.0145729 -0.026173 -0.010114 -0.0290597
internal_weight=47964.7 47831.8 400.271 47431.5 270.147 132.934 100.962 10.3896 47391.2 40.3147 130.124 31.9713 90.5726 30.4071
internal_count=318439 314622 1240 313382 869 3817 2609 375 310866 2516 371 1208 2234 1148
is_linear=0
shrinkage=0.05


Tree=409
num_leaves=15
num_cat=0
split_feature=5 14 13 1 4 11 1 13 12 13 7 0 11 10
split_gain=3.39953 14.5495 18.7914 24.9389 17.1737 10.6507 15.4358 7.33602 6.59856 16.2167 15.0903 15.0526 11.929 15.2728
threshold=0.28924700617790228 0.33799132704734808 0.43495516479015356 0.58017611503601085 0.34711183607578283 0.3947120755910874 0.45810504257678991 0.098213788121938719 0.22851755470037463 0.54101943969726574 0.49229380488395696 0.39553835988044744 0.12564156949520114 0.35606485605239874
decision_type=2 2 2 2 2 2 2 2 2 2 2 2 2 2
left_child=8 2 3 -2 -4 6 -3 -7 9 11 -11 -1 -10 -14
right_child=1 5 4 -5 -6 7 -8 -9 12 10 -12 -13 13 -15
leaf_value=0.0070534308322285928 0.0042643723755242001 -0.0011000130098428255 -0.004266053337033446 -0.01155174871621148 0.0017585063361578138 -0.0057599643255673433 -0.0086850834468462125 0.00048728776326153962 0.0038128015092451849 0.028196104580784261 -0.0016217892906542162 -0.0045742854836112101 4.9384587788162463e-05 -0.0025453277692187391
leaf_weight=1557.6634030360729 6320.1295107975602 6341.9567606151104 1839.0712585896254 259.47187997400761 3315.462663426064 481.07663834095001 750.06160550564528 20259.588761355728 1440.9902173485607 43.156463868916035 2524.570814887993 338.88555791974068 16065.013424746692 8765.752731140703
leaf_count=12355 23587 19107 6931 2147 19366 2059 3464 66224 24105 254 33010 1203 58445 46182
internal_value=8.65469e-05 0.000392991 0.00186965 0.00364065 -0.000390979 -0.000229562 -0.00190222 0.000342384 -0.000307942 0.00146927 -0.00112063 0.00497573 -0.000609938 -0.0008666
internal_weight=70302.9 39566.8 11734.1 6579.6 5154.53 27832.7 7092.02 20740.7 30736 4464.28 2567.73 1896.55 26271.8 24830.8
internal_count=318439 142885 52031 25734 26297 90854 22571 68283 175554 46822 33264 13558 128732 104627
is_linear=0
shrinkage=0.05


Tree=410
num_leaves=15
num_cat=0
split_feature=0 13 6 2 12 13 13 5 9 2 8 5 9 6
split_gain=4.93906 13.2615 15.5691 11.8372 8.70891 8.17913 8.21124 8.16493 7.98692 7.50296 9.92291 8.30037 7.41018 7.28331
threshold=0.28851053118705755 0.50206339359283458 0.1605692803859711 0.12304402515292169 0.40066801011562353 0.14567043632268908 0.10437497869133951 0.058873571455478675 0.28751759231090551 0.2321155518293381 0.34562918543815618 0.40248608589172369 0.15033888071775439 0.17654900997877124
decision_type=2 2 2 2 2 2 2 2 2 2 2 2 2 2
left_child=5 2 3 -2 -4 6 -1 8 -7 10 -3 -11 -8 -9
right_child=1 9 4 -5 -6 7 12 13 -10 11 -12 -13 -14 -15
leaf_value=0.0024889808781037824 0.099628141471796411 -0.012357747044295857 -0.0018213162074778402 0.018136005590731984 0.00043400811104401675 0.027996531128688565 0.029320273971181622 -0.00052368058104275937 -0.022807625356552844 0.0066837143589417863 0.10670393601124153 -0.033025955389324492 -0.0042990749391528171 0.0013031219203266996
leaf_weight=644.71367001533508 4.8385285064578047 409.21899957675487 8479.4727688208222 56.38378750346601 8643.7555294479243 8.8453034656122309 16.529784590005875 8863.0777632102836 61.689793786033988 112.50600830838084 1.7575029917061318 14.902822472155092 1944.2047108337283 14194.057545924094
leaf_count=1928 115 13124 60076 505 47640 325 63 71743 1889 962 22 86 6100 113861
internal_value=-0.000192622 -0.000834936 -0.000592845 0.0245765 -0.000682835 0.000249751 -0.00240609 0.000548944 -0.0164366 -0.00856211 -0.0118486 0.00203893 -0.00401565 0.000600906
internal_weight=43456 17722.8 17184.5 61.2223 17123.2 25733.1 2605.45 23127.7 70.5351 538.385 410.977 127.409 1960.73 23057.1
internal_count=318439 122530 108336 620 107716 195909 8091 187818 2214 14194 13146 1048 6163 185604
is_linear=0
shrinkage=0.05


Tree=411
num_leaves=15
num_cat=0
split_feature=3 13 9 8 7 2 8 2 2 9 13 13 0 0
split_gain=5.64455 4.78353 4.71182 5.75699 3.97209 6.51189 7.14236 3.72631 3.2226 6.15976 1.99023 1.85462 0.525254 0.00313386
threshold=0.038284739479422576 0.81058362126350414 0.66283288598060619 0.20786286890506747 0.50562644004821788 0.18493188172578814 0.48234829306602484 0.063455920666456236 0.081789325922727599 0.14220705628395083 0.29110135138034826 0.23154359310865405 0.015220855828374626 0.30557119846344
decision_type=2 2 2 2 2 2 2 2 2 2 2 2 2 2
left_child=4 2 7 -4 5 6 -1 -2 9 -3 -6 -7 -12 -10
right_child=1 8 3 -5 10 11 -8 -9 13 -11 12 -13 -14 -15
leaf_value=-0.0024725253740296078 0.0012972417397746879 0.090203205028929631 0.0013306993196120281 0.014143060668437471 0.0282910619465363 -0.018012040344277461 0.080674106997095651 -0.00011595670070466227 -0.0336304640039733 -0.012131713660679305 -0.02021967490101019 -0.003520843264540502 -0.034026306302006648 -0.035602826305221401
leaf_weight=6.33908738568425 5245.1097038588487 1.5793990474194313 270.00723827630281 129.83450601994991 1.6052005868405128 39.27601602114737 4.358741557225585 42144.440080972854 14.464519084896894 21.320741613395512 10.9820320783183 50.427562328055501 18.481342786923051 2.3397065401077262
leaf_count=223 32466 72 869 371 60 837 152 278400 1516 898 480 1397 668 30
internal_value=4.32094e-05 7.16481e-05 8.6061e-05 0.00549106 -0.0103029 -0.0054683 0.0314049 4.04571e-05 -0.0172762 -0.00507378 -0.0259263 -0.0098657 -0.0288801 -0.0339051
internal_weight=47960.6 47829.1 47789.4 399.842 131.47 100.401 10.6978 47389.5 39.7044 22.9001 31.0686 89.7036 29.4634 16.8042
internal_count=318439 314622 312106 1240 3817 2609 375 310866 2516 970 1208 2234 1148 1546
is_linear=0
shrinkage=0.05


Tree=412
num_leaves=15
num_cat=0
split_feature=6 12 2 13 14 9 0 13 10 9 14 14 14 7
split_gain=3.17943 11.6356 5.00144 9.44721 5.90289 4.57054 4.39502 8.0025 3.75835 3.26223 3.15582 2.76667 5.69185 1.62461
threshold=0.085083529353141799 0.24437136948108676 0.18493188172578814 0.31426721811294561 0.23670889437198642 0.10029656440019609 0.027338096871972088 0.51292017102241527 0.4813827127218247 0.19261699169874194 0.50594201683998119 0.29556307196617132 0.23140510916709903 0.63212835788726818
decision_type=2 2 2 2 2 2 2 2 2 2 2 2 2 2
left_child=1 2 3 -1 -4 11 7 -7 9 -3 -8 12 -2 -10
right_child=5 8 4 -5 -6 6 10 -9 13 -11 -12 -13 -14 -15
leaf_value=-0.03051547264982668 0.023536849919554431 0.01901790670648712 0.011380044323962162 -0.00054293920572544524 0.00074269514607961263 -0.0030528559750828211 -2.6739173427739254e-05 -0.053826763418017592 0.04350328712833141 -0.00023386532808540776 0.001311996563120734 0.03340233929218954 -0.011956315979163541 0.018243604294306621
leaf_weight=34.675420287996531 25.694153409451246 64.693294823169708 149.54405672475696 108.72073497623205 1019.7318678274751 862.2235812433064 63197.039451054297 7.8308895565569392 16.270875170826915 33.347160957753658 4731.7325444296002 13.894379444420336 20.156486928462982 10.456197273917494
leaf_count=374 150 289 829 1654 4088 6130 288081 68 65 142 16256 61 98 154
internal_value=8.18741e-05 0.00240924 0.00102234 -0.00779076 0.00210315 3.32898e-05 2.12856e-05 -0.00350984 0.0170006 0.0124697 6.65135e-05 0.0138567 0.00793363 0.0336212
internal_weight=70296 1437.44 1312.67 143.396 1169.28 68858.6 68798.8 870.054 124.768 98.0405 67928.8 59.745 45.8506 26.7271
internal_count=318439 7595 6945 2028 4917 310844 310535 6198 650 431 304337 309 248 219
is_linear=0
shrinkage=0.05


Tree=413
num_leaves=15
num_cat=0
split_feature=0 3 14 14 6 13 10 5 14 9 8 6 8 1
split_gain=4.59454 13.0516 16.3221 13.7817 12.837 7.78979 8.04981 7.76068 7.58064 7.56023 7.08219 7.06699 5.15499 4.30575
threshold=0.28851053118705755 0.34270542860031133 0.15627218037843707 0.34333941340446478 0.1605692803859711 0.14329887926578525 0.077377945184707655 0.058873571455478675 0.17055157572031024 0.28751759231090551 0.35250760614871984 0.17654900997877124 0.24514745175838473 0.077339489012956633
decision_type=2 2 2 2 2 2 2 2 2 2 2 2 2 2
left_child=5 3 -3 8 -4 6 13 9 -2 -7 -8 -9 -5 -1
right_child=1 2 4 12 -6 7 10 11 -10 -11 -12 -13 -14 -15
leaf_value=0.010264703792959098 0.007186080337110501 -0.020567003404333352 0.027160293668833997 -0.022887415875851094 -0.00023628690266775388 0.026392567242054549 -0.0309860308561908 -0.00052950322531970003 -0.010053912462444799 -0.022549501263628757 -0.0030749684443378954 0.0012646995986683495 -0.00038318729348967305 -0.0060420888015429086
leaf_weight=175.42261399328709 68.588671449571848 98.612322808708996 42.876509482041001 26.002481032162905 15375.156968129799 9.0760767264291626 22.966270260512829 8893.3625744290184 906.36400110321119 60.411047145724297 2187.6999584510922 14333.804119432578 1191.5748569630086 52.624857485294342
leaf_count=552 3634 5341 630 283 97007 325 167 71853 10566 1889 6671 114309 5069 143
internal_value=-0.000180178 -0.000800032 -0.00028979 -0.00441104 -0.000160099 0.000246359 -0.00244229 0.000527809 -0.00884107 -0.0161569 -0.00336493 0.000577724 -0.000863786 0.0065017
internal_weight=43444.5 17709.2 15516.6 2192.53 15418 25735.4 2438.71 23296.7 974.953 69.4871 2210.67 23227.2 1217.58 228.047
internal_count=318439 122530 102978 19552 97637 195909 7533 188376 14200 2214 6838 186162 5352 695
is_linear=0
shrinkage=0.05


end of trees

feature_importances:
Column_2=660
Column_13=531
Column_14=509
Column_0=503
Column_1=448
Column_11=411
Column_12=368
Column_3=360
Column_7=345
Column_4=340
Column_10=301
Column_6=271
Column_8=246
Column_9=222
Column_5=220

parameters:
[boosting: gbdt]
[objective: multiclass]
[metric: multi_logloss]
[tree_learner: serial]
[device_type: cpu]
[data_sample_strategy: bagging]
[data: ]
[valid: ]
[num_iterations: 200]
[learning_rate: 0.05]
[num_leaves: 15]
[num_threads: 4]
[seed: 0]
[deterministic: 0]
[force_col_wise: 0]
[force_row_wise: 0]
[histogram_pool_size: -1]
[max_depth: 4]
[min_data_in_leaf: 50]
[min_sum_hessian_in_leaf: 0.001]
[bagging_fraction: 0.9]
[pos_bagging_fraction: 1]
[neg_bagging_fraction: 1]
[bagging_freq: 5]
[bagging_seed: 3]
[bagging_by_query: 0]
[feature_fraction: 0.9]
[feature_fraction_bynode: 1]
[feature_fraction_seed: 2]
[extra_trees: 0]
[extra_seed: 6]
[early_stopping_round: 0]
[early_stopping_min_delta: 0]
[first_metric_only: 0]
[max_delta_step: 0]
[lambda_l1: 0]
[lambda_l2: 0]
[linear_lambda: 0]
[min_gain_to_split: 0]
[drop_rate: 0.1]
[max_drop: 50]
[skip_drop: 0.5]
[xgboost_dart_mode: 0]
[uniform_drop: 0]
[drop_seed: 4]
[top_rate: 0.2]
[other_rate: 0.1]
[min_data_per_group: 100]
[max_cat_threshold: 32]
[cat_l2: 10]
[cat_smooth: 10]
[max_cat_to_onehot: 4]
[top_k: 20]
[monotone_constraints: ]
[monotone_constraints_method: basic]
[monotone_penalty: 0]
[feature_contri: ]
[forcedsplits_filename: ]
[refit_decay_rate: 0.9]
[cegb_tradeoff: 1]
[cegb_penalty_split: 0]
[cegb_penalty_feature_lazy: ]
[cegb_penalty_feature_coupled: ]
[path_smooth: 0]
[interaction_constraints: ]
[verbosity: -1]
[saved_feature_importance_type: 0]
[use_quantized_grad: 0]
[num_grad_quant_bins: 4]
[quant_train_renew_leaf: 0]
[stochastic_rounding: 1]
[linear_tree: 0]
[max_bin: 255]
[max_bin_by_feature: ]
[min_data_in_bin: 3]
[bin_construct_sample_cnt: 200000]
[data_random_seed: 1]
[is_enable_sparse: 1]
[enable_bundle: 1]
[use_missing: 1]
[zero_as_missing: 0]
[feature_pre_filter: 1]
[pre_partition: 0]
[two_round: 0]
[header: 0]
[label_column: ]
[weight_column: ]
[group_column: ]
[ignore_column: ]
[categorical_feature: ]
[forcedbins_filename: ]
[precise_float_parser: 0]
[parser_config_file: ]
[objective_seed: 5]
[num_class: 3]
[is_unbalance: 0]
[scale_pos_weight: 1]
[sigmoid: 1]
[boost_from_average: 1]
[reg_sqrt: 0]
[alpha: 0.9]
[fair_c: 1]
[poisson_max_delta_step: 0.7]
[tweedie_variance_power: 1.5]
[lambdarank_truncation_level: 30]
[lambdarank_norm: 1]
[label_gain: ]
[lambdarank_position_bias_regularization: 0]
[eval_at: ]
[multi_error_top_k: 1]
[auc_mu_weights: ]
[num_machines: 1]
[local_listen_port: 12400]
[time_out: 120]
[machine_list_filename: ]
[machines: ]
[gpu_platform_id: -1]
[gpu_device_id: -1]
[gpu_use_dp: 0]
[num_gpu: 1]

end of parameters

pandas_categorical:null
