tree
version=v4
num_class=3
num_tree_per_iteration=3
label_index=0
max_feature_idx=14
objective=multiclass num_class:3
feature_names=Column_0 Column_1 Column_2 Column_3 Column_4 Column_5 Column_6 Column_7 Column_8 Column_9 Column_10 Column_11 Column_12 Column_13 Column_14
feature_infos=[0.0026051471941173077:0.97225707769393921] [0.01081516221165657:0.9727407693862915] [0.0031697128433734179:0.98146969079971313] [0.0088322339579463005:0.94766497611999512] [0.014120115898549557:0.92639654874801636] [0.0099788820371031761:0.95848721265792847] [0.025384852662682533:0.88136970996856689] [0.032995179295539856:0.89548778533935547] [0.01936548575758934:0.89021044969558716] [0.052527248859405518:0.80809301137924194] [0.036408733576536179:0.83701962232589722] [0.033551890403032303:0.80677223205566406] [0.058090519160032272:0.79596757888793945] [0.039448507130146027:0.88171190023422241] [0.034055784344673157:0.73796677589416504]
tree_sizes=882 900 880 900 915 910 906 909 908 912 913 908 905 910 913 909 913 909 917 914 910 913 907 913 917 912 914 915 910 914 911 913 907 913 915 914 914 913 916 913 921 915 913 913 913 914 915 909 914 917 919 905 917 920 909 918 912 913 910 916 917 915 917 914 913 916 917 916 922 912 918 914 914 923 919 919 914 917 916 919 920 919 918 922 921 914 924 918 919 925 913 918 922 918 918 920 924 923 915 919 925 923 914 924 923 923 923 924 924 924 914 921 923 921 928 926 921 926 919 919 925 925 921 924 920 919 924 926 918 927 922 920 924 928 923 926 929 925 922 924 928 921 921 929 926 927 924 921 926 925 924 929 925 923 929 923 924 924 930 925 917 929 926 930 929

Tree=0
num_leaves=7
num_cat=0
split_feature=0 0 4 3 4 6
split_gain=21161.2 3738.53 3433.93 1189.62 875.726 701.825
threshold=0.39048714935779577 0.66694089770317089 0.39457701146602636 0.1997293904423714 0.30197726190090185 0.61936473846435558
decision_type=2 2 2 2 2 2
left_child=2 4 3 -1 -2 -3
right_child=1 5 -4 -5 -6 -7
leaf_value=-1.8211692513701658 -1.7617732953205087 -1.7334897803515201 -1.8311170742057494 -1.7956141397607872 -1.7919830217030108 -1.6948151130185702
leaf_weight=6860.8593180179596 8791.6114948987961 2991.0968283414841 28290.72201693058 13544.168713867664 3299.1252979636192 1929.9263632893562
leaf_count=33232 42584 14488 137032 65604 15980 9348
internal_value=-1.80307 -1.75506 -1.81984 -1.80421 -1.77002 -1.71832
internal_weight=65707.5 17011.8 48695.8 20405 12090.7 4921.02
internal_count=318268 82400 235868 98836 58564 23836
is_linear=0
shrinkage=1


Tree=1
num_leaves=7
num_cat=0
split_feature=4 4 4 1 11 4
split_gain=38935.1 4840.66 3651.81 874.052 776.933 719.746
threshold=0.30446524918079382 0.15595469623804095 0.43847747147083288 0.29460540413856512 0.16430748999118808 0.098563209176063551
decision_type=2 2 2 2 2 2
left_child=1 5 -2 -3 -4 -1
right_child=2 3 4 -5 -6 -7
leaf_value=-0.44084426756707601 -0.36320320740357848 -0.40082410345770775 -0.32864801442434433 -0.38206419488311993 -0.34261255382913908 -0.41978767899330227
leaf_weight=6450.9388038516045 18374.214868545532 16049.193688631058 18183.244741261005 10126.552077233791 22024.793402552605 10941.785897910595
leaf_count=20099 57248 50004 56653 31551 68622 34091
internal_value=-0.371357 -0.407152 -0.344736 -0.393566 -0.336297 -0.427598
internal_weight=102151 43568.5 58582.3 26175.7 40208 17392.7
internal_count=318268 135745 182523 81555 125275 54190
is_linear=0
shrinkage=1


Tree=2
num_leaves=7
num_cat=0
split_feature=2 2 4 2 1 2
split_gain=21006.8 4041.65 3383.45 955.898 854.543 692.848
threshold=0.4033371657133103 0.75037893652915966 0.36210203170776373 0.18874116241931918 0.23539371043443683 0.18874116241931918
decision_type=2 2 2 2 2 2
left_child=2 4 3 -1 -2 -4
right_child=1 -3 5 -5 -6 -7
leaf_value=-1.9391698911075357 -1.8717887123087507 -1.8160507275262392 -1.959018672686951 -1.9161769957188159 -1.9005774376887357 -1.9403956111389034
leaf_weight=8598.3598281145096 5271.3693891167641 2594.3069983422756 21803.4365016222 9530.6626951098442 5044.3512179851532 6478.2188620865345
leaf_count=46132 28282 13919 116980 51134 27064 34757
internal_value=-1.92825 -1.87184 -1.94394 -1.92708 -1.88587 -1.95475
internal_weight=59320.7 12910 46410.7 18129 10315.7 28281.7
internal_count=318268 69265 249003 97266 55346 151737
is_linear=0
shrinkage=1


Tree=3
num_leaves=7
num_cat=0
split_feature=3 1 0 3 4 0
split_gain=18578 3074.5 2975.94 1143.41 758.552 515.06
threshold=0.41510897874832159 0.4872864037752152 0.66694089770317089 0.1997293904423714 0.29939240217208868 0.83096197247505199
decision_type=2 2 2 2 2 2
left_child=1 3 4 -1 -2 -4
right_child=2 -3 5 -5 -6 -7
leaf_value=-0.018304232946625098 0.037446248306449652 -0.027153681704387179 0.064784934990046894 0.0074248291862456933 0.01074843593877043 0.09994371573485164
leaf_weight=6509.0916422605515 9284.5462756156921 28024.06922519207 3916.5069500654936 12828.646151348948 3729.2014224976301 1419.1089777797461
leaf_count=31703 43186 140113 17576 61365 18076 6249
internal_value=-2.3343e-05 -0.0165714 0.042689 -0.00123559 0.0297958 0.0741361
internal_weight=65711.2 47361.8 18349.4 19337.7 13013.7 5335.62
internal_count=318268 233181 85087 93068 61262 23825
is_linear=0
shrinkage=0.05


Tree=4
num_leaves=7
num_cat=0
split_feature=4 4 4 1 1 11
split_gain=34323.6 4555.51 2818.12 802.648 709.523 643.235
threshold=0.31776261329650884 0.16419381648302081 0.46055288612842565 0.33380828797817236 0.093255661427974715 0.15105224400758746
decision_type=2 2 2 2 2 2
left_child=1 4 -2 -3 -1 -4
right_child=2 3 5 -5 -6 -7
leaf_value=-0.063285768181925772 0.010963239052388657 -0.024095487705056193 0.042179066807429645 -0.0054830369076806053 -0.043171624553041882 0.028811363173610157
leaf_weight=6611.2322700619698 18998.301560521126 18559.561802625656 16103.445348858833 8420.3671955764294 13016.202230572701 20397.968373954296
leaf_count=19815 59649 56808 51598 26064 39372 64962
internal_value=1.47503e-05 -0.0316194 0.0265804 -0.0182866 -0.0499468 0.0347088
internal_weight=102107 46607.4 55499.7 26979.9 19627.4 36501.4
internal_count=318268 142059 176209 82872 59187 116560
is_linear=0
shrinkage=0.05


Tree=5
num_leaves=7
num_cat=0
split_feature=2 2 4 2 2 2
split_gain=18187.4 3343.78 2872.8 845.918 803.887 705.715
threshold=0.38447616994380956 0.66923633217811596 0.34482081234455114 0.83842748403549205 0.13579653948545459 0.15453272312879565
decision_type=2 2 2 2 2 2
left_child=2 -2 4 -3 -1 -4
right_child=1 3 5 -5 -6 -7
leaf_value=-0.014641576450288213 0.032104166029949088 0.069985808374140271 -0.031211596053184954 0.1172821514161371 0.0087007193897490811 -0.014558051919314037
leaf_weight=5584.7853761613369 9995.1639114320278 3314.7074871212244 18578.832103312016 1322.6221803724766 10862.940255209804 9673.7823299616575
leaf_count=29942 51570 16388 103498 6337 57486 53047
internal_value=4.67941e-07 0.0483847 -0.0158379 0.0834753 0.000774899 -0.0255094
internal_weight=59332.8 14632.5 44700.3 4637.33 16447.7 28252.6
internal_count=318268 74295 243973 22725 87428 156545
is_linear=0
shrinkage=0.05


Tree=6
num_leaves=7
num_cat=0
split_feature=3 1 3 3 1 0
split_gain=16352 2732.28 2460.9 1035.75 626.905 445.761
threshold=0.40891252458095556 0.49944490194320684 0.60998836159706127 0.1997293904423714 0.31936869025230413 0.83096197247505199
decision_type=2 2 2 2 2 2
left_child=1 3 4 -1 -2 -4
right_child=2 -3 5 -5 -6 -7
leaf_value=-0.018307315570250522 0.034607554351705691 -0.026844001140099355 0.055963038560330081 0.0059886272205640764 0.012292505255166166 0.086675888761823583
leaf_weight=6620.0338716953993 7864.5089535862207 26392.597600534558 4974.0227998495102 13002.187312141061 5247.3202491849661 1549.4288846552372
leaf_count=32501 35043 136504 21357 61642 24984 6237
internal_value=-3.77612e-05 -0.0163385 0.0381626 -0.0022082 0.0256771 0.0632579
internal_weight=65650.1 46014.8 19635.3 19622.2 13111.8 6523.45
internal_count=318268 230647 87621 94143 60027 27594
is_linear=0
shrinkage=0.05


Tree=7
num_leaves=7
num_cat=0
split_feature=1 1 1 7 14 11
split_gain=30321.1 3704.44 2501.25 836.475 785.184 691.95
threshold=0.39876772463321691 0.19125188887119296 0.59631100296974193 0.15928900241851809 0.22516347467899325 0.16430748999118808
decision_type=2 2 2 2 2 2
left_child=1 3 4 -1 -2 -4
right_child=2 -3 5 -5 -6 -7
leaf_value=-0.053662972113573286 0.028930347601602065 -0.01610989212340878 0.041388435100409751 -0.034246261998166744 0.0056180727693001991 0.027199956539241052
leaf_weight=11315.19403898716 4755.5206860601902 25117.897007644176 15436.835300505161 10880.479824900627 15020.284239590168 19382.025542974472
leaf_count=33106 15306 76416 50909 32243 47361 62927
internal_value=3.52406e-05 -0.0292616 0.0254248 -0.0441448 0.011224 0.0334904
internal_weight=101908 47313.6 54594.7 22195.7 19775.8 34818.9
internal_count=318268 141765 176503 65349 62667 113836
is_linear=0
shrinkage=0.05


Tree=8
num_leaves=7
num_cat=0
split_feature=2 2 4 2 2 2
split_gain=15975.1 3096.6 2224.81 808.966 610.189 577.22
threshold=0.34573903679847723 0.62070184946060192 0.34482081234455114 0.82180801033973705 0.12944684177637103 0.14559421688318255
decision_type=2 2 2 2 2 2
left_child=2 -2 4 -3 -1 -4
right_child=1 3 5 -5 -6 -7
leaf_value=-0.015206508038698698 0.024300067466897834 0.056994430047346681 -0.03105066849527708 0.096942878997527349 0.0059161232508811524 -0.015801771416997887
leaf_weight=5245.7270201891661 11178.329318851233 4553.7426665872335 16942.790692687035 1755.9374306052923 9818.7795634269714 9792.8875212222338
leaf_count=28216 56534 21412 98149 7606 51334 55017
internal_value=-1.87604e-05 0.0401074 -0.0168064 0.0681118 -0.00143915 -0.0254652
internal_weight=59288.2 17488 41800.2 6309.68 15064.5 26735.7
internal_count=318268 85552 232716 29018 79550 153166
is_linear=0
shrinkage=0.05


Tree=9
num_leaves=7
num_cat=0
split_feature=0 3 4 3 14 6
split_gain=14488.4 2332.63 2198.99 824.808 624.324 445.879
threshold=0.35323652625083929 0.58562499284744274 0.40665237605571752 0.18614381551742556 0.21478239446878436 0.61936473846435558
decision_type=2 2 2 2 2 2
left_child=2 4 3 -1 -2 -3
right_child=1 5 -4 -5 -6 -7
leaf_value=-0.019095753135390397 -0.0073380792439957628 0.045609101636770968 -0.026706511017633074 0.0029689316162053894 0.024794589209673198 0.070041144625558521
leaf_weight=6244.1123647391796 1726.6295866072178 5010.9985200613737 24270.047553613782 13166.068159192801 12142.168594330549 2976.6967574506998
leaf_count=30955 8409 20691 130014 62369 54239 11591
internal_value=-4.40492e-05 0.0331905 -0.0166738 -0.00412912 0.0207942 0.054714
internal_weight=65536.7 21856.5 43680.2 19410.2 13868.8 7987.7
internal_count=318268 94930 223338 93324 62648 32282
is_linear=0
shrinkage=0.05


Tree=10
num_leaves=7
num_cat=0
split_feature=4 4 4 1 4 11
split_gain=27138.4 3573.92 2305.13 611.791 586.139 562.227
threshold=0.32312373816967016 0.16834969073534015 0.47299012541770941 0.34124055504798895 0.098563209176063551 0.15105224400758746
decision_type=2 2 2 2 2 2
left_child=1 4 -2 -3 -1 -4
right_child=2 3 5 -5 -6 -7
leaf_value=-0.053829023470694182 0.011329231035555731 -0.019795100540901528 0.040248320567913401 -0.0036413465684209932 -0.036249729434349891 0.027147094088808624
leaf_weight=7080.1372915804386 19497.761259764433 19053.43640384078 14794.810592263937 8465.5599131584167 14356.952608972788 18340.325533509254
leaf_count=20099 62351 56747 50347 25996 41658 61070
internal_value=4.63063e-05 -0.0267493 0.0249701 -0.0148258 -0.0420557 0.0329968
internal_weight=101589 48956.1 52632.9 27519 21437.1 33135.1
internal_count=318268 144500 173768 82743 61757 111417
is_linear=0
shrinkage=0.05


Tree=11
num_leaves=7
num_cat=0
split_feature=2 2 4 2 2 2
split_gain=14072.4 2489.75 2051.27 566.32 519.583 500.259
threshold=0.34573903679847723 0.65869876742362987 0.36210203170776373 0.12944684177637103 0.14559421688318255 0.85546609759330761
decision_type=2 2 2 2 2 2
left_child=2 -2 3 -1 -4 -3
right_child=1 5 4 -5 -6 -7
leaf_value=-0.015406023199432843 0.024161274622874644 0.056096699378347541 -0.030665660841348044 0.0043757611940360959 -0.01560952878677547 0.091667537000848356
leaf_weight=5487.177243039012 12541.817658782005 4369.5432678610086 15960.95364536345 10621.225840985775 8939.5968723446131 1277.3886706829071
leaf_count=29804 61513 18983 96265 55212 51435 5056
internal_value=-3.07003e-05 0.0365742 -0.0162661 -0.00236272 -0.0252603 0.0641432
internal_weight=59197.7 18188.7 41009 16108.4 24900.6 5646.93
internal_count=318268 85552 232716 85016 147700 24039
is_linear=0
shrinkage=0.05


Tree=12
num_leaves=7
num_cat=0
split_feature=3 0 4 3 4 6
split_gain=12956 2104.4 1900.98 719.009 541.162 406.479
threshold=0.37835678458213812 0.61776924133300792 0.39457701146602636 0.16626292467117312 0.33667927980422979 0.58083853125572216
decision_type=2 2 2 2 2 2
left_child=2 4 3 -1 -2 -3
right_child=1 5 -4 -5 -6 -7
leaf_value=-0.020392353745007016 0.024002789887922805 0.039631843754417584 -0.026052664904787904 0.0019439977838550432 0.0024215914781641652 0.062075916012998202
leaf_weight=5041.5799287259579 11815.50438696146 4335.0511363893747 23937.541409596801 12625.42356005311 3851.7388945221901 3773.161665096879
leaf_count=25214 51043 17312 132422 59367 19010 13900
internal_value=-4.49937e-05 0.0293984 -0.0168708 -0.00443006 0.0186971 0.0500762
internal_weight=65380 23775.5 41604.5 17667 15667.2 8108.21
internal_count=318268 101265 217003 84581 70053 31212
is_linear=0
shrinkage=0.05


Tree=13
num_leaves=7
num_cat=0
split_feature=4 4 4 4 11 14
split_gain=24179.6 3380.39 1930.38 676.318 557.833 475.863
threshold=0.3311928659677506 0.18717100471258166 0.47299012541770941 0.1077912747859955 0.15105224400758746 0.2174012362957001
decision_type=2 2 2 2 2 2
left_child=1 3 5 -1 -4 -2
right_child=2 -3 4 -5 -6 -7
leaf_value=-0.048108734723120355 0.026835090817731184 -0.01123828936740446 0.039285654585747148 -0.031098453396573141 0.026049007763083512 0.0072605187488092417
leaf_weight=8982.3493802249432 3975.3222250640392 25070.438246428967 14326.324428021908 16721.573774695396 17910.342539489269 14178.943327397108
leaf_count=25093 13041 75057 50347 48076 61070 45584
internal_value=5.03821e-05 -0.0243015 0.0245876 -0.0370428 0.0319315 0.0115469
internal_weight=101165 50774.4 50390.9 25703.9 32236.7 18154.3
internal_count=318268 148226 170042 73169 111417 58625
is_linear=0
shrinkage=0.05


Tree=14
num_leaves=7
num_cat=0
split_feature=2 2 4 14 2 2
split_gain=12487.3 2248.6 1735.39 512.607 500.884 399.747
threshold=0.32623827457427984 0.62070184946060192 0.38556723296642309 0.27571770548820501 0.80638563632965099 0.14559421688318255
decision_type=2 2 2 2 2 2
left_child=2 -2 3 -1 -3 -4
right_child=1 4 5 -5 -6 -7
leaf_value=-0.018766271389969051 0.019678461147260545 0.045375437721489678 -0.030302218929300025 0.0011077841192511906 0.073633011226723069 -0.016217542334529232
leaf_weight=4429.0713261365891 12928.452755853534 4736.4189154952765 14880.935032621026 12131.501608818769 2344.4739746749401 7615.9250154048204
leaf_count=24278 62779 20175 93475 63750 8843 44968
internal_value=-3.64874e-05 0.032083 -0.0164915 -0.00420747 0.0547315 -0.0255341
internal_weight=59066.8 20009.3 39057.4 16560.6 7080.89 22496.9
internal_count=318268 91797 226471 88028 29018 138443
is_linear=0
shrinkage=0.05


Tree=15
num_leaves=7
num_cat=0
split_feature=3 1 0 3 6 14
split_gain=11576.7 1769.19 1737.27 705.44 479.693 380.449
threshold=0.37835678458213812 0.49944490194320684 0.55887544155120861 0.16626292467117312 0.5680464804172517 0.21478239446878436
decision_type=2 2 2 2 2 2
left_child=1 3 -2 -1 -4 -3
right_child=2 5 4 -5 -6 -7
leaf_value=-0.020704276041813713 0.01517273322491676 -0.032683909329954977 0.03285199543417696 0.0017322209923604896 0.054005482556934707 -0.0197779731068057
leaf_weight=4823.8060903549194 13436.509650871158 10150.115746766329 6177.2529932111502 12798.890329629183 4733.8208837658167 13054.561940923333
leaf_count=24432 59773 59617 24474 60052 16910 72978
internal_value=-7.95582e-05 -0.0163528 0.0272083 -0.00440925 0.0420295 -0.0254232
internal_weight=65175 40827.4 24347.6 17622.7 10911.1 23204.7
internal_count=318236 217079 101157 84484 41384 132595
is_linear=0
shrinkage=0.05


Tree=16
num_leaves=7
num_cat=0
split_feature=4 4 4 1 11 14
split_gain=21531.3 2839.63 1955.63 590.552 537.709 468.296
threshold=0.32578369975090032 0.15801268815994265 0.47604410350322729 0.32661953568458563 0.1479313522577286 0.2174012362957001
decision_type=2 2 2 2 2 2
left_child=1 -1 5 -3 -4 -2
right_child=2 3 4 -5 -6 -7
leaf_value=-0.037681470232742501 0.025695814112775398 -0.018309267857926397 0.038517307910765956 -0.0035679473392911465 0.025245263721178503 0.0066471035863912217
leaf_weight=19867.100542038679 4107.1514074802399 20428.737255066633 13566.790298253298 10179.350312262774 17444.143763184547 15047.290373951197
leaf_count=55364 13724 59416 49298 30843 60962 48629
internal_value=9.45899e-05 -0.0229613 0.0232929 -0.0134067 0.0310516 0.0107316
internal_weight=100641 50475.2 50165.4 30608.1 31010.9 19154.4
internal_count=318236 145623 172613 90259 110260 62353
is_linear=0
shrinkage=0.05


Tree=17
num_leaves=7
num_cat=0
split_feature=2 2 4 2 11 2
split_gain=11142.5 2043.81 1506.3 531.775 454.784 402.652
threshold=0.31204771995544439 0.56876906752586376 0.33939935266971594 0.80638563632965099 0.18078664690256122 0.10518300533294679
decision_type=2 2 2 2 2 2
left_child=2 -2 5 -3 -4 -1
right_child=1 3 4 -5 -6 -7
leaf_value=-0.016680617811282092 0.01547718044275556 0.03925208323696025 -0.032319879772295099 0.066430082805412558 -0.01831133515418434 0.0023100321625506861
leaf_weight=3939.3118646889925 12455.622130095959 6560.1109434813261 9889.3195706009865 2480.3456175476313 13989.752616539598 9576.8987480700016
leaf_count=21508 60183 27555 65012 8838 85881 49259
internal_value=-7.35996e-05 0.028612 -0.016563 0.0467087 -0.0241129 -0.00322481
internal_weight=58891.4 21496.1 37395.3 9040.46 23879.1 13516.2
internal_count=318236 96576 221660 36393 150893 70767
is_linear=0
shrinkage=0.05


Tree=18
num_leaves=7
num_cat=0
split_feature=0 4 3 3 14 14
split_gain=10383.1 1598.15 1449.48 635.427 490.034 317.642
threshold=0.33623038232326513 0.43535839021205908 0.58562499284744274 0.16626292467117312 0.21478239446878436 0.18366070836782458
decision_type=2 2 2 2 2 2
left_child=1 3 4 -1 -2 -3
right_child=2 5 -4 -5 -6 -7
leaf_value=-0.020491143778824092 -0.0077700706302006846 -0.033294157946649312 0.041311620586494471 -0.00040577617037240195 0.019426729159992644 -0.020517208337332629
leaf_weight=5389.9700019061565 1878.9370035380125 8278.2447592318058 9017.4223257899284 14614.895409807563 13976.09521086514 11795.363240405917
leaf_count=27839 9507 51117 32408 69445 59276 68644
internal_value=-7.03218e-05 -0.015819 0.0253065 -0.00581744 0.0162037 -0.0257864
internal_weight=64950.9 40078.5 24872.5 20004.9 15855 20073.6
internal_count=318236 217045 101191 97284 68783 119761
is_linear=0
shrinkage=0.05


Tree=19
num_leaves=7
num_cat=0
split_feature=1 4 4 11 4 14
split_gain=19308.8 2496.09 1865.42 616.964 587.166 377.933
threshold=0.41085487604141241 0.19129710644483569 0.45094266533851629 0.15105224400758746 0.10560559108853342 0.22761652618646624
decision_type=2 2 2 2 2 2
left_child=1 4 5 -4 -1 -2
right_child=2 -3 3 -5 -6 -7
leaf_value=-0.042591151964495214 0.025483232316870427 -0.0097255995667154052 0.037276868253914949 0.023397818710908184 -0.026848037353674428 0.0052512676493897577
leaf_weight=8763.6172081828117 2774.7539549469948 23712.544914036989 13863.647865325212 18954.986021310091 18270.221603274345 13728.533844202757
leaf_count=23867 9335 70309 52168 67374 51296 43887
internal_value=8.7038e-05 -0.0215659 0.0223653 0.0292608 -0.0319515 0.00865294
internal_weight=100068 50746.4 49321.9 32818.6 27033.8 16503.3
internal_count=318236 145472 172764 119542 75163 53222
is_linear=0
shrinkage=0.05


Tree=20
num_leaves=7
num_cat=0
split_feature=2 2 11 4 2 4
split_gain=9960.2 2035.69 1205.07 598.508 488.669 375.392
threshold=0.28241595625877386 0.54494506120681774 0.19332926720380786 0.27116791903972631 0.82180801033973705 0.24021061509847644
decision_type=2 2 2 2 2 2
left_child=2 5 -1 -4 -3 -2
right_child=1 4 3 -5 -6 -7
leaf_value=-0.030926046524878532 0.020828758977226948 0.035665754224241369 -0.0001613884166039081 -0.016825579274844609 0.062013146643423001 0.0043716847346933181
leaf_weight=11034.289573132992 6533.8566984385252 7989.387449786067 8364.1168523281813 15143.896371349692 2257.0375405848026 7377.8699565678835
leaf_count=74180 29822 32598 43176 92999 7602 37859
internal_value=-7.05663e-05 0.0245573 -0.0172948 -0.0108965 0.0414694 0.012101
internal_weight=58700.5 24158.2 34542.3 23508 10246.4 13911.7
internal_count=318236 107881 210355 136175 40200 67681
is_linear=0
shrinkage=0.05


Tree=21
num_leaves=7
num_cat=0
split_feature=3 3 1 3 14 3
split_gain=9360.79 1395.11 1349.41 549.476 355.391 343.523
threshold=0.35992796719074255 0.54285442829132091 0.52366623282432567 0.16626292467117312 0.21478239446878436 0.68551823496818554
decision_type=2 2 2 2 2 2
left_child=2 4 3 -1 -2 -3
right_child=1 5 -4 -5 -6 -7
leaf_value=-0.020118295817827699 -0.0097523520247996837 0.028488470485011283 -0.02499135472825743 -0.00033929859951711372 0.01495384510638241 0.046016498798591238
leaf_weight=4907.3295757770538 1628.5139164477587 7329.422313824296 20270.043536871672 12344.135444656014 13706.884758025408 4518.6385169476271
leaf_count=25640 8410 27622 124310 58186 59072 14996
internal_value=-5.66658e-05 0.0222865 -0.0162438 -0.00596561 0.0123302 0.0351733
internal_weight=64705 27183.5 37521.5 17251.5 15335.4 11848.1
internal_count=318236 110100 208136 83826 67482 42618
is_linear=0
shrinkage=0.05


Tree=22
num_leaves=7
num_cat=0
split_feature=4 4 4 4 14 11
split_gain=17280.4 2340.65 1615.13 536.478 478.963 445.057
threshold=0.3311928659677506 0.15595469623804095 0.49160189926624304 0.24739623069763186 0.2174012362957001 0.1479313522577286
decision_type=2 2 2 2 2 2
left_child=1 -1 4 -3 -2 -4
right_child=2 3 5 -5 -6 -7
leaf_value=-0.033330630342498703 0.02525292675636261 -0.017060672221693735 0.036924966107253106 -0.0040249428382307132 0.006791312747234682 0.024123297105886034
leaf_weight=19812.513467043638 4564.5872243344784 18490.376683145761 12131.34779176116 13770.593618541956 15252.553456902504 15417.724904030561
leaf_count=54104 16040 52922 47530 41070 50210 56360
internal_value=7.5245e-05 -0.0198037 0.0219298 -0.0114964 0.0110437 0.0297606
internal_weight=99439.7 52073.5 47366.2 32261 19817.1 27549.1
internal_count=318236 148096 170140 93992 66250 103890
is_linear=0
shrinkage=0.05


Tree=23
num_leaves=7
num_cat=0
split_feature=2 2 11 4 2 4
split_gain=8935.56 1800.88 1100.47 502.931 415.054 353.279
threshold=0.27310493588447576 0.54494506120681774 0.19332926720380786 0.27116791903972631 0.76296034455299389 0.24021061509847644
decision_type=2 2 2 2 2 2
left_child=2 5 -1 -4 -3 -2
right_child=1 4 3 -5 -6 -7
leaf_value=-0.030496915004064193 0.019227312030871593 0.030636280091776109 -0.00097620977031723688 -0.016529460108896051 0.051301248299022773 0.0037286070989394717
leaf_weight=10552.037209019065 6910.713232755661 6824.0895789712667 8116.480740442872 14453.184752196074 3773.4078294485807 7857.0459233224392
leaf_count=73957 30950 27497 41787 90820 12703 40522
internal_value=-6.52416e-05 0.0222673 -0.0171679 -0.0109362 0.0379944 0.0109814
internal_weight=58487 25365.3 33121.7 22569.7 10597.5 14767.8
internal_count=318236 111672 206564 132607 40200 71472
is_linear=0
shrinkage=0.05


Tree=24
num_leaves=7
num_cat=0
split_feature=3 0 4 3 14 14
split_gain=8414.63 1264.23 1255.04 508.943 339.933 318.532
threshold=0.35992796719074255 0.55887544155120861 0.39457701146602636 0.16467709839344027 0.19044484198093417 0.19991566240787509
decision_type=2 2 2 2 2 2
left_child=2 5 3 -1 -4 -2
right_child=1 -3 4 -5 -6 -7
leaf_value=-0.019249668032623065 -0.012969991044046584 0.033125183325930618 -0.031869485879330743 0.00022234961867844555 -0.018702786930146851 0.013586747515332915
leaf_weight=4712.7040869444609 1224.1787708550692 11876.568293645978 8166.7404002994299 11654.310669586062 12262.796957954764 14542.526646584272
leaf_count=24793 6519 41423 54663 54115 74565 62158
internal_value=-4.07109e-05 0.0208051 -0.0157011 -0.00538441 -0.0239662 0.0115248
internal_weight=64439.8 27643.3 36796.6 16367 20429.5 15766.7
internal_count=318236 110100 208136 78908 129228 68677
is_linear=0
shrinkage=0.05


Tree=25
num_leaves=7
num_cat=0
split_feature=1 1 11 1 7 14
split_gain=15528.6 2039.32 1588.41 766.127 556.446 284.707
threshold=0.42296424508094793 0.20266937464475634 0.16430748999118808 0.64721906185150158 0.15928900241851809 0.19688486307859424
decision_type=2 2 2 2 2 2
left_child=1 4 -2 -4 -1 -3
right_child=2 5 3 -5 -6 -7
leaf_value=-0.036086331751550314 0.034559808735300367 0.012571081540083719 0.007758450361569174 0.023550474273427893 -0.02139037220097437 -0.010096428195025316
leaf_weight=12560.580086946487 15054.108492746949 1465.2756098806858 17285.738064110279 13820.5719871521 13221.164221644402 25367.085169136524
leaf_count=33947 60062 4598 57667 51256 36509 74197
internal_value=6.16651e-05 -0.0185077 0.0212272 0.0147749 -0.0285501 -0.00885859
internal_weight=98774.5 52614.1 46160.4 31106.3 25781.7 26832.4
internal_count=318236 149251 168985 108923 70456 78795
is_linear=0
shrinkage=0.05


Tree=26
num_leaves=7
num_cat=0
split_feature=2 2 11 4 1 4
split_gain=8026.85 1634.26 992.908 429.967 367.096 329.338
threshold=0.26132270693778997 0.54494506120681774 0.19332926720380786 0.27116791903972631 0.081739112734794631 0.23311201483011249
decision_type=2 2 2 2 2 2
left_child=2 5 -1 -4 -3 -2
right_child=1 4 3 -5 -6 -7
leaf_value=-0.030102798585122922 0.017910014070673521 0.052490155560192847 -0.001683310999930543 -0.016409956487681933 0.030175507223413542 0.0033902219128269552
leaf_weight=10072.198515713215 7015.0899707227945 2348.4853578060865 7774.6350669413805 13673.286549881101 8563.8558514267206 8809.9181485027075
leaf_count=73662 30808 7594 39966 87975 32606 45625
internal_value=-5.95209e-05 0.0200917 -0.0171531 -0.0110717 0.0349779 0.00982672
internal_weight=58257.5 26737.3 31520.1 21447.9 10912.3 15825
internal_count=318236 116633 201603 127941 40200 76433
is_linear=0
shrinkage=0.05


Tree=27
num_leaves=7
num_cat=0
split_feature=3 3 14 3 14 0
split_gain=7630.89 1340.14 988.991 671.499 405.908 355.629
threshold=0.33214269578456884 0.50689584016799938 0.22516347467899325 0.16145408898591998 0.21478239446878436 0.75032073259353649
decision_type=2 2 2 2 2 2
left_child=2 4 -1 -4 -2 -3
right_child=1 5 3 -5 -6 -7
leaf_value=-0.030945294497692368 -0.014330109446261053 0.023653757414083793 -0.022191674327136656 -0.0050100666435199566 0.010649424060466036 0.040644382322147697
leaf_weight=8907.4781285077333 1835.7155027091503 10571.412162572145 9107.41418877244 15140.220031514764 14255.586459711194 4345.854238435626
leaf_count=61330 10440 38967 53321 78442 62090 13646
internal_value=-2.19884e-05 0.0178079 -0.0166975 -0.0114635 0.00779973 0.0286036
internal_weight=64163.7 31008.6 33155.1 24247.6 16091.3 14917.3
internal_count=318236 125143 193093 131763 72530 52613
is_linear=0
shrinkage=0.05


Tree=28
num_leaves=7
num_cat=0
split_feature=4 4 14 1 4 1
split_gain=13910.6 2203.12 1159.02 583.814 478.121 318.199
threshold=0.35315673053264623 0.19129710644483569 0.19688486307859424 0.64721906185150158 0.098563209176063551 0.37543889880180364
decision_type=2 2 2 2 2 2
left_child=1 4 -2 -4 -1 -3
right_child=2 5 3 -5 -6 -7
leaf_value=-0.037140908899437733 0.032631565920310392 -0.010135770160501609 0.0081947650202793855 0.022877766968633816 -0.022365573653601173 0.0012981123682518582
leaf_weight=7506.2104157805443 15299.485214367509 19001.608898669481 13764.55041359365 13322.445009320974 20235.764855772257 8951.3472906649113
leaf_count=20077 62658 54696 47035 50716 55432 27622
internal_value=4.57085e-05 -0.0163812 0.0216303 0.0154164 -0.0263634 -0.00647431
internal_weight=98081.4 55694.9 42386.5 27087 27742 27953
internal_count=318236 157827 160409 97751 75509 82318
is_linear=0
shrinkage=0.05


Tree=29
num_leaves=7
num_cat=0
split_feature=2 2 14 1 2 4
split_gain=7215.28 1418.31 946.832 407.888 330.527 286.324
threshold=0.25867454707622534 0.54494506120681774 0.22761652618646624 0.37543889880180364 0.82180801033973705 0.23311201483011249
decision_type=2 2 2 2 2 2
left_child=2 5 -1 -4 -3 -2
right_child=1 4 3 -5 -6 -7
leaf_value=-0.029195069588508329 0.01654300196107537 0.027673320496716045 -0.0019429900826091037 -0.016336728495157184 0.048323093484757967 0.0031651070729876146
leaf_weight=10173.448198728263 7214.1985581368208 8711.1047204583883 8251.2606447935104 12198.203730851412 2492.2449413836002 8976.1299431622028
leaf_count=76641 31146 32598 42866 80888 7602 46495
internal_value=-5.29555e-05 0.0185902 -0.0167301 -0.0105289 0.032267 0.00912612
internal_weight=58016.6 27393.7 30622.9 20449.5 11203.3 16190.3
internal_count=318236 117841 200395 123754 40200 77641
is_linear=0
shrinkage=0.05


Tree=30
num_leaves=7
num_cat=0
split_feature=3 0 14 3 14 3
split_gain=6918.92 1154.23 930.681 634.668 365.158 301.738
threshold=0.33214269578456884 0.51570075750350963 0.22516347467899325 0.16303115338087085 0.2174012362957001 0.72590747475624096
decision_type=2 2 2 2 2 2
left_child=2 4 -1 -4 -2 -3
right_child=1 5 3 -5 -6 -7
leaf_value=-0.030301695174551814 -0.013390938170367656 0.023176564423359143 -0.021575184217029177 -0.0047718099224302295 0.010394061382165502 0.040376622470828787
leaf_weight=8541.237641274929 1808.4501790255308 11328.519313663244 8996.6900525540113 14969.758662834764 14982.084072366357 3290.4414396286011
leaf_count=61397 10491 40146 53856 77900 64661 9953
internal_value=4.01904e-05 0.0167758 -0.0161301 -0.0110796 0.00783226 0.027048
internal_weight=63917.2 31409.5 32507.7 23966.4 16790.5 14619
internal_count=318404 125251 193153 131756 75152 50099
is_linear=0
shrinkage=0.05


Tree=31
num_leaves=7
num_cat=0
split_feature=1 4 11 1 4 4
split_gain=12437.9 1802.94 1401.74 626.643 438.888 270.247
threshold=0.43097554147243505 0.19129710644483569 0.16430748999118808 0.64390885829925548 0.088645696640014662 0.28136603534221655
decision_type=2 2 2 2 2 2
left_child=1 4 -2 -4 -1 -3
right_child=2 5 3 -5 -6 -7
leaf_value=-0.037362809089225256 0.03299033257487187 -0.01072675602796469 0.007142354628316 0.021755447894782842 -0.021718301333180128 -0.00033964926623423114
leaf_weight=5620.8176719248295 13939.952842965722 15704.496403068304 16196.510827481747 13410.744205489755 22146.26364171505 10414.729711413383
leaf_count=15006 59848 44727 54848 51845 60235 31895
internal_value=4.45148e-05 -0.0160149 0.0199168 0.0137614 -0.0248852 -0.00658502
internal_weight=97433.5 53886.3 43547.2 29607.3 27767.1 26119.2
internal_count=318404 151863 166541 106693 75241 76622
is_linear=0
shrinkage=0.05


Tree=32
num_leaves=7
num_cat=0
split_feature=2 2 11 4 4 2
split_gain=6432.97 1387.24 804.746 312.273 304.427 297.784
threshold=0.23474095016717914 0.53029337525367748 0.18407000601291659 0.24021061509847644 0.30446524918079382 0.89623337984085094
decision_type=2 2 2 2 2 2
left_child=2 3 -1 -2 -4 -3
right_child=1 5 4 -5 -6 -7
leaf_value=-0.029975900768703198 0.014520732196302601 0.026962795013852001 -0.0042239060694310186 0.00117740447627219 -0.016946202570925457 0.057420307130578552
leaf_weight=8670.51471324265 7950.3173333406448 11188.483013018966 8061.3575441390276 9776.9609634578228 11283.882727459073 864.52227512001991
leaf_count=69403 34287 40176 42173 52194 77652 2519
internal_value=-0.000119491 0.0160599 -0.017318 0.00716161 -0.0116447 0.0291474
internal_weight=57796 29780.3 28015.8 17727.3 19345.2 12053
internal_count=318404 129176 189228 86481 119825 42695
is_linear=0
shrinkage=0.05


Tree=33
num_leaves=7
num_cat=0
split_feature=3 0 14 0 14 6
split_gain=6262.57 990.859 887.667 603.704 340.297 284.032
threshold=0.33214269578456884 0.53977668285369884 0.22516347467899325 0.12414921447634698 0.21478239446878436 0.5680464804172517
decision_type=2 2 2 2 2 2
left_child=2 4 -1 -4 -2 -3
right_child=1 5 3 -5 -6 -7
leaf_value=-0.029798526868380276 -0.012394719021431385 0.019874404098775438 -0.019249536533334874 -0.0032480934276451663 0.010408986574304183 0.034527133040913968
leaf_weight=8181.1140177920461 1818.2923718094826 7949.1289926320314 11026.410530313849 12664.828771039844 16319.960930511355 5663.6771514564753
leaf_count=61397 10700 27864 66526 65230 69327 17360
internal_value=5.81041e-05 0.015775 -0.0155989 -0.0106955 0.008123 0.0259707
internal_weight=63623.4 31751.1 31872.4 23691.2 18138.3 13612.8
internal_count=318404 125251 193153 131756 80027 45224
is_linear=0
shrinkage=0.05


Tree=34
num_leaves=7
num_cat=0
split_feature=4 4 11 4 4 1
split_gain=11189.4 1910.36 1076.56 517.306 485.764 206.559
threshold=0.36210203170776373 0.2129975110292435 0.16430748999118808 0.13329327106475833 0.58952841162681591 0.43097554147243505
decision_type=2 2 2 2 2 2
left_child=1 3 -2 -1 -4 -3
right_child=2 5 4 -5 -6 -7
leaf_value=-0.028873549303221353 0.031834293309262005 -0.0061745857797731668 0.0099883379713994365 -0.01621268757182363 0.024981208608115299 0.0045717695751253343
leaf_weight=15010.809419959784 13722.455784827471 18976.310612857342 17990.995241239667 17443.095856279135 7721.0672378838062 5850.0994280874729
leaf_count=40205 60909 55116 64643 47949 31021 18561
internal_value=2.88069e-05 -0.0140823 0.0205258 -0.0220687 0.0144905 -0.00364231
internal_weight=96714.8 57280.3 39434.5 32453.9 25712.1 24826.4
internal_count=318404 161831 156573 88154 95664 73677
is_linear=0
shrinkage=0.05


Tree=35
num_leaves=7
num_cat=0
split_feature=5 1 11 1 1 1
split_gain=5359.26 1191.83 912.234 350.509 333.317 171.343
threshold=0.31209543347358709 0.26753439009189611 0.20500578731298449 0.57781746983528148 0.07881528884172441 0.56253954768180858
decision_type=2 2 2 2 2 2
left_child=2 4 -1 -4 -2 -3
right_child=1 5 3 -5 -6 -7
leaf_value=-0.028450530497564283 0.039637014196814313 0.0062929413920988185 -0.0044254474098469583 -0.018751992487328607 0.020521708265073366 -0.0079786833143454423
leaf_weight=9320.3708218485117 2725.9488986283541 9925.3054185286164 12438.497044876218 6500.47860686481 13956.589565873146 2668.5362273231149
leaf_count=75880 8495 47898 68419 47569 52752 17391
internal_value=-0.000112675 0.0148799 -0.0156448 -0.00934279 0.0236452 0.0032689
internal_weight=57535.7 29276.4 28259.3 18939 16682.5 12593.8
internal_count=318404 126536 191868 115988 61247 65289
is_linear=0
shrinkage=0.05


Tree=36
num_leaves=7
num_cat=0
split_feature=3 6 14 3 1 3
split_gain=5678.46 890.169 823.284 559.466 334.593 190.288
threshold=0.32783313095569616 0.49687701463699346 0.22516347467899325 0.15986444801092151 0.49135367572307592 0.72590747475624096
decision_type=2 2 2 2 2 2
left_child=2 4 -1 -4 -2 -3
right_child=1 5 3 -5 -6 -7
leaf_value=-0.029401237444668771 0.011388910855013029 0.021798565537648914 -0.020859372986812674 -0.0046734418151311383 -0.0053911397203886208 0.036085097769927965
leaf_weight=7750.7617600411177 17417.233921483159 8267.3612405657768 8394.2400009781122 14666.871435433626 3581.6934778168797 3245.8362438678741
leaf_count=60763 68928 29009 52423 77527 20303 9451
internal_value=7.69299e-05 0.0146529 -0.0153034 -0.0105651 0.00852681 0.0258263
internal_weight=63324 32512.1 30811.9 23061.1 20998.9 11513.2
internal_count=318404 127691 190713 129950 89231 38460
is_linear=0
shrinkage=0.05


Tree=37
num_leaves=7
num_cat=0
split_feature=4 1 11 7 4 1
split_gain=10063.4 1721.76 1029.06 508.851 454.636 193.547
threshold=0.36210203170776373 0.23539371043443683 0.16430748999118808 0.1905271261930466 0.58952841162681591 0.43097554147243505
decision_type=2 2 2 2 2 2
left_child=1 3 -2 -1 -4 -3
right_child=2 5 4 -5 -6 -7
leaf_value=-0.026767968866740356 0.031068555179507934 -0.0061956489826291454 0.0095136617568053056 -0.013826914490950297 0.024166819794221885 0.0040081206110237511
leaf_weight=17783.584082514048 13221.819501638412 20339.679405868053 17832.619045063853 13260.021243542433 7528.153561219573 6023.6936238408089
leaf_count=47738 60909 58730 64643 36252 31021 19111
internal_value=1.16516e-05 -0.0132606 0.0197594 -0.0212403 0.0138633 -0.00386422
internal_weight=95989.6 57407 38582.6 31043.6 25360.8 26363.4
internal_count=318404 161831 156573 83990 95664 77841
is_linear=0
shrinkage=0.05


Tree=38
num_leaves=7
num_cat=0
split_feature=2 2 14 1 2 4
split_gain=5262.68 1055.11 746.436 270.775 242.703 224.954
threshold=0.23474095016717914 0.53029337525367748 0.22761652618646624 0.72677177190780651 0.79206740856170665 0.24021061509847644
decision_type=2 2 2 2 2 2
left_child=2 5 -1 -4 -3 -2
right_child=1 4 3 -5 -6 -7
leaf_value=-0.028094596361618287 0.012460078692894856 0.02099441240022009 -0.0069114018665054735 -0.021272686169917586 0.036622676027925495 0.0012225654756501032
leaf_weight=8897.4119942262769 8190.0615952014923 9087.8693624585867 13595.071658983827 4326.7572572156787 3418.7862971425056 9761.1074960529804
leaf_count=75428 34287 32667 80507 33293 10028 52194
internal_value=-0.000104579 0.0141173 -0.0162559 -0.0103786 0.0252665 0.00634958
internal_weight=57277.1 30457.8 26819.2 17921.8 12506.7 17951.2
internal_count=318404 129176 189228 113800 42695 86481
is_linear=0
shrinkage=0.05


Tree=39
num_leaves=7
num_cat=0
split_feature=0 14 6 3 14 0
split_gain=5170.45 873.574 743.737 574.617 247.628 183.71
threshold=0.29126316308975225 0.2201216518878937 0.48099642992019659 0.15986444801092151 0.21478239446878436 0.83096197247505199
decision_type=2 2 2 2 2 2
left_child=1 -1 4 -3 -2 -4
right_child=2 3 5 -5 -6 -7
leaf_value=-0.029338870446276245 -0.0058799362480185611 -0.020354805208263976 0.021339704628656003 -0.0041653018469064267 0.010615439098926876 0.037653318243230149
leaf_weight=7241.1590060964227 2649.6536334082484 8237.1051275804639 10349.311823830009 16380.031491957605 16098.26831792295 2071.0730512440205
leaf_count=59071 14676 52623 34751 86674 64763 5846
internal_value=9.20968e-05 -0.0140729 0.0145707 -0.00958245 0.00828414 0.02406
internal_weight=63026.6 31858.3 31168.3 24617.1 18747.9 12420.4
internal_count=318404 198368 120036 139297 79439 40597
is_linear=0
shrinkage=0.05


Tree=40
num_leaves=7
num_cat=0
split_feature=1 4 11 4 4 4
split_gain=9060.85 1448.46 1107.38 453.679 411.468 238.099
threshold=0.45069745182991033 0.15174005925655368 0.16430748999118808 0.58952841162681591 0.24506519734859469 0.080758858472108855
decision_type=2 2 2 2 2 2
left_child=1 5 -2 -4 -3 -1
right_child=2 4 3 -5 -6 -7
leaf_value=-0.034515120705108406 0.030880372507577355 -0.012149179434731067 0.0087725934852127749 0.023363936714606931 -0.0015885680589924186 -0.021059049728979363
leaf_weight=4210.4016003012657 12321.002343997359 19222.492629736662 19452.351037338376 7336.2954120188951 17731.790480032563 14997.140490710735
leaf_count=11300 59314 53088 70058 31003 53488 40153
internal_value=-3.40357e-06 -0.0128709 0.0184745 0.0127686 -0.00708188 -0.0240087
internal_weight=95271.5 56161.8 39109.6 26788.6 36954.3 19207.5
internal_count=318404 158029 160375 101061 106576 51453
is_linear=0
shrinkage=0.05


Tree=41
num_leaves=7
num_cat=0
split_feature=2 2 11 4 2 4
split_gain=4760.34 1040.84 630.198 239.323 227.126 207.453
threshold=0.21118117868900302 0.53029337525367748 0.17102197557687762 0.24021061509847644 0.89623337984085094 0.26638756692409521
decision_type=2 2 2 2 2 2
left_child=2 3 -1 -2 -3 -4
right_child=1 4 5 -5 -6 -7
leaf_value=-0.029640099882656191 0.011320123677366546 0.021641396579786878 -0.0045151459533059385 0.00034800070021390693 0.047563488383822482 -0.015939465998799821
leaf_weight=6955.9919972792268 8943.9505825042725 11804.136212125421 6226.2004119902849 11184.91594260186 910.1761834025383 10984.051265113056
leaf_count=64016 37425 40176 32782 61582 2519 79904
internal_value=-9.61294e-05 0.0122975 -0.0169397 0.00522329 0.0234971 -0.0118065
internal_weight=57009.4 32843.2 24166.2 20128.9 12714.3 17210.3
internal_count=318404 141702 176702 99007 42695 112686
is_linear=0
shrinkage=0.05


Tree=42
num_leaves=7
num_cat=0
split_feature=3 0 11 0 14 9
split_gain=4717.55 799.302 686.314 464.529 295.263 208.411
threshold=0.3108536452054978 0.49319225549697882 0.21288216114044192 0.073041539639234557 0.22516347467899325 0.5356988012790681
decision_type=2 2 2 2 2 2
left_child=2 4 -1 -4 -2 -3
right_child=1 5 3 -5 -6 -7
leaf_value=-0.02868767846136297 -0.012177557566980411 0.016790848337979943 -0.022357697332482829 -0.0058883071925626956 0.0074498827193484581 0.029247054703853682
leaf_weight=7059.0334770828485 2178.8908886760473 12123.68253146112 6022.0992086231709 14813.25088980794 15888.315806597471 4644.5132743567228
leaf_count=59791 14163 41369 39853 81079 68422 13727
internal_value=0.000109442 0.0123793 -0.0152135 -0.0106485 0.00508283 0.020241
internal_weight=62729.8 34835.4 27894.4 20835.4 18067.2 16768.2
internal_count=318404 137681 180723 120932 82585 55096
is_linear=0
shrinkage=0.05


Tree=43
num_leaves=7
num_cat=0
split_feature=4 1 11 10 4 1
split_gain=8192.93 1475.45 879.468 446.423 347.594 170.817
threshold=0.37083727121353155 0.23539371043443683 0.15105224400758746 0.20393650233745578 0.58952841162681591 0.39075453579425817
decision_type=2 2 2 2 2 2
left_child=1 3 -2 -1 -4 -3
right_child=2 5 4 -5 -6 -7
leaf_value=-0.023737647342733956 0.03033585455861261 -0.0059891557631315887 0.0096039597479791912 -0.011440575556887211 0.022592427834268021 0.0022674435895061896
leaf_weight=19107.177635103464 11312.165707051754 17896.677759975195 17223.99582208693 12025.491153806448 7348.8252314031124 9637.6142081767321
leaf_count=51318 56629 51089 64333 32715 31882 30438
internal_value=-1.96786e-05 -0.0115307 0.0187992 -0.0189877 0.0134883 -0.00309916
internal_weight=94551.9 58667 35885 31132.7 24572.8 27534.3
internal_count=318404 165560 152844 84033 96215 81527
is_linear=0
shrinkage=0.05


Tree=44
num_leaves=7
num_cat=0
split_feature=2 2 11 2 2 4
split_gain=4313.3 905.485 608.012 235.81 204.406 194.532
threshold=0.21118117868900302 0.48929952085018164 0.16756635904312137 0.76296034455299389 0.088246174156665816 0.24021061509847644
decision_type=2 2 2 2 2 2
left_child=2 5 -1 -3 -4 -2
right_child=1 3 4 -5 -6 -7
leaf_value=-0.029385293808855753 0.010086314965575665 0.01669704567515114 -0.019478157804137766 0.030562732464102002 -0.0077279548788357147 -0.00030789220271395043
leaf_weight=6529.8565826788545 7886.1230351030827 10384.620398744941 5417.3161244541407 4351.1274161338806 11683.697851620615 10487.923281095922
leaf_count=62999 32987 37595 38083 12627 75620 58493
internal_value=-8.82011e-05 0.0115581 -0.0164062 0.0207913 -0.0114502 0.00415329
internal_weight=56740.7 33109.8 23630.9 14735.7 17101 18374
internal_count=318404 141702 176702 50222 113703 91480
is_linear=0
shrinkage=0.05


Tree=45
num_leaves=7
num_cat=0
split_feature=0 14 6 0 11 0
split_gain=4319.27 793.752 568.192 504.458 210.133 140.09
threshold=0.29126316308975225 0.2201216518878937 0.48873683810234075 0.075050644576549544 0.15773871541023257 0.83096197247505199
decision_type=2 2 2 2 2 2
left_child=1 -1 4 -3 -2 -4
right_child=2 3 5 -5 -6 -7
leaf_value=-0.02853350824493885 -0.0080645713819038865 -0.021495108906323349 0.019068363441350416 -0.0048343397906582099 0.0094596900598718173 0.033233313564102078
leaf_weight=6669.7653706669807 1894.1047130227089 6077.9985303431749 10019.600670218468 17993.821598939598 17659.23894264549 2113.7103279829025
leaf_count=59127 11143 41214 32698 97867 70454 5842
internal_value=8.2198e-05 -0.0132702 0.0130364 -0.00904109 0.00776214 0.021536
internal_weight=62428.2 30741.6 31686.7 24071.8 19553.3 12133.3
internal_count=318345 198208 120137 139081 81597 38540
is_linear=0
shrinkage=0.05


Tree=46
num_leaves=7
num_cat=0
split_feature=4 1 11 7 4 1
split_gain=7414.66 1303.87 824.791 400.892 321.876 144.039
threshold=0.37083727121353155 0.23539371043443683 0.15105224400758746 0.15928900241851809 0.53118324279785167 0.47128695249557501
decision_type=2 2 2 2 2 2
left_child=1 3 -2 -1 -4 -3
right_child=2 5 4 -5 -6 -7
leaf_value=-0.024453198694996969 0.029577551694177057 -0.004558274631528198 0.0080578196031306556 -0.012993010745106915 0.019719495941433351 0.0052853934132594009
leaf_weight=13356.842732697725 10888.202176660299 23142.458066418767 13936.463136553764 17801.33910214901 10282.954393804073 4427.1828603744507
leaf_count=35886 56666 67065 51291 48163 44815 14459
internal_value=-3.0716e-05 -0.0108977 0.0181476 -0.0179057 0.0130091 -0.00297756
internal_weight=93835.4 58727.8 35107.6 31158.2 24219.4 27569.6
internal_count=318345 165573 152772 84049 96106 81524
is_linear=0
shrinkage=0.05


Tree=47
num_leaves=7
num_cat=0
split_feature=2 2 14 2 1 1
split_gain=3960.45 781.946 572.418 191.686 179.64 176.409
threshold=0.21118117868900302 0.54494506120681774 0.22761652618646624 0.088246174156665816 0.068770341575145735 0.28103929758071905
decision_type=2 2 2 2 2 2
left_child=2 5 -1 -4 -3 -2
right_child=1 4 3 -5 -6 -7
leaf_value=-0.027031966532380342 0.010552541400294612 0.035189860595530885 -0.018679838933000983 -0.0066198123572873335 0.018395899274433882 0.0012291306296126545
leaf_weight=7734.179250203073 8662.2933618277311 1875.7103444039822 4776.0557095706463 10623.97000721097 10540.294561594725 12246.128782175481
leaf_count=73808 35262 5262 34335 68691 34876 66111
internal_value=-3.98386e-05 0.0109939 -0.0159338 -0.01036 0.020933 0.00509179
internal_weight=56458.6 33324.4 23134.2 15400 12416 20908.4
internal_count=318345 141511 176834 103026 40138 101373
is_linear=0
shrinkage=0.05


Tree=48
num_leaves=7
num_cat=0
split_feature=3 3 14 0 14 6
split_gain=3908.8 638.724 628.868 395.298 227.997 181.777
threshold=0.3108536452054978 0.49436546862125402 0.22516347467899325 0.075050644576549544 0.22516347467899325 0.61936473846435558
decision_type=2 2 2 2 2 2
left_child=2 4 -1 -4 -2 -3
right_child=1 5 3 -5 -6 -7
leaf_value=-0.028161515372084358 -0.01068624231158518 0.014940725509013578 -0.02097883353474099 -0.0056663238401230415 0.0065129503048819912 0.026817255704159278
leaf_weight=6259.5710620582104 2196.4036909863353 13117.42287863791 5912.8583330139518 14675.865838587284 15702.163461178541 4270.7663212567568
leaf_count=58103 14689 44126 41053 81403 66641 12330
internal_value=9.37968e-05 0.0110328 -0.0142833 -0.0100639 0.00440237 0.0178578
internal_weight=62135.1 35286.8 26848.3 20588.7 17898.6 17388.2
internal_count=318345 137786 180559 122456 81330 56456
is_linear=0
shrinkage=0.05


Tree=49
num_leaves=7
num_cat=0
split_feature=4 1 11 13 4 1
split_gain=6688.39 1174.63 785.727 371.651 304.141 128.731
threshold=0.37083727121353155 0.23539371043443683 0.15105224400758746 0.19564083218574527 0.59736120700836193 0.47128695249557501
decision_type=2 2 2 2 2 2
left_child=1 3 -2 -1 -4 -3
right_child=2 5 4 -5 -6 -7
leaf_value=-0.021759147918845378 0.028884936426900872 -0.0042715551590016684 0.0089509892357507812 -0.010750081211270848 0.021511647361389316 0.0050465373904568659
leaf_weight=17538.66666162014 10479.662818238139 23187.759168192744 17221.799781709909 13618.877559304237 6692.0995142310858 4411.7656591981649
leaf_count=47185 56666 67065 65685 36864 30421 14459
internal_value=-4.29359e-05 -0.0102935 0.0174688 -0.0169471 0.012466 -0.00278206
internal_weight=93150.6 58757.1 34393.6 31157.5 23913.9 27599.5
internal_count=318345 165573 152772 84049 96106 81524
is_linear=0
shrinkage=0.05


Tree=50
num_leaves=7
num_cat=0
split_feature=2 2 14 2 2 4
split_gain=3588.97 681.43 551.182 200.746 182.304 140.706
threshold=0.21118117868900302 0.48929952085018164 0.22761652618646624 0.76296034455299389 0.088246174156665816 0.22180523723363879
decision_type=2 2 2 2 2 2
left_child=2 5 -1 -3 -4 -2
right_child=1 3 4 -5 -6 -7
leaf_value=-0.026560179529895069 0.0094561655770339804 0.014502143155884974 -0.018172246219253337 0.027149803743719714 -0.0063068321532727045 0.00047697423092936321
leaf_weight=7442.8320821225643 7065.2750595360994 10625.357068821788 4673.9114405587316 4451.8947822451591 10531.408641673625 11406.854004345834
leaf_count=73808 28730 37496 34335 12647 68691 62638
internal_value=-3.25379e-05 0.0103492 -0.0154113 0.0182366 -0.0099541 0.00391136
internal_weight=56197.5 33549.4 22648.2 15077.3 15205.3 18472.1
internal_count=318345 141511 176834 50143 103026 91368
is_linear=0
shrinkage=0.05


Tree=51
num_leaves=7
num_cat=0
split_feature=3 11 3 3 14 6
split_gain=3544.07 602.11 555.501 396.942 200.251 162.727
threshold=0.3108536452054978 0.22024019062519076 0.49436546862125402 0.14783893525600436 0.22516347467899325 0.61936473846435558
decision_type=2 2 2 2 2 2
left_child=1 -1 4 -3 -2 -4
right_child=2 3 5 -5 -6 -7
leaf_value=-0.027064386370697836 -0.010068459476741284 -0.019355506699677436 0.013996125421089581 -0.0044351523732177461 0.0061819924706287442 0.025182738935311502
leaf_weight=6447.9485254064202 2154.6400504112244 6737.8939558565617 13245.51500017941 13172.13528277725 15778.596080854535 4308.2941573262215
leaf_count=61207 14689 46827 44126 72525 66641 12330
internal_value=0.00010323 -0.013785 0.0104187 -0.00948446 0.00422954 0.0167417
internal_weight=61845 26358 35487 19910 17933.2 17553.8
internal_count=318345 180559 137786 119352 81330 56456
is_linear=0
shrinkage=0.05


Tree=52
num_leaves=7
num_cat=0
split_feature=4 4 11 4 4 14
split_gain=6029.92 1195.81 662.843 364.602 239.814 176.976
threshold=0.38848417997360235 0.21746045351028445 0.1479313522577286 0.098563209176063551 0.59736120700836193 0.18037085235118869
decision_type=2 2 2 2 2 2
left_child=1 3 -2 -1 -4 -3
right_child=2 5 4 -5 -6 -7
leaf_value=-0.025399149037966952 0.028526063650598944 0.016925738667669898 0.0093954946634420139 -0.012805299070876131 0.020823008206570959 -0.0023680614892731787
leaf_weight=7364.3879426419735 9752.5152749866247 1245.1218115985394 15217.788857355714 26167.748376876116 6574.4887384325266 26160.619172871113
leaf_count=20049 55083 4058 59626 70610 30631 78288
internal_value=-5.33097e-05 -0.00923909 0.0176917 -0.0155712 0.012843 -0.00149149
internal_weight=92482.7 60937.9 31544.8 33532.1 21792.3 27405.7
internal_count=318345 173005 145340 90659 90257 82346
is_linear=0
shrinkage=0.05


Tree=53
num_leaves=7
num_cat=0
split_feature=2 2 11 2 4 13
split_gain=3255.92 671.905 474.119 191.077 160.76 150.448
threshold=0.19252810627222064 0.47642412781715399 0.15773871541023257 0.83842748403549205 0.23311201483011249 0.23107682168483737
decision_type=2 2 2 2 2 2
left_child=2 5 -1 -3 -4 -2
right_child=1 3 4 -5 -6 -7
leaf_value=-0.028757400926420734 0.0080014300014115466 0.014507596236880747 -0.0037628838839105236 0.030014717287818654 -0.014881947628072982 -0.00084189469070786052
leaf_weight=5320.926483720541 8415.5638611540198 13527.722417265177 4730.2848902195692 2328.3983287811279 10392.914675332606 11223.708651915193
leaf_count=58901 37019 46343 25629 6332 81108 63013
internal_value=-2.59928e-05 0.00912874 -0.0159206 0.0167847 -0.0114041 0.00294753
internal_weight=55939.5 35495.4 20444.1 15856.1 15123.2 19639.3
internal_count=318345 152707 165638 52675 106737 100032
is_linear=0
shrinkage=0.05


Tree=54
num_leaves=7
num_cat=0
split_feature=0 14 3 9 0 11
split_gain=3239.79 686.085 432.341 385.821 150.972 87.4072
threshold=0.29126316308975225 0.2201216518878937 0.14783893525600436 0.41228409111499792 0.71624791622161876 0.15105224400758746
decision_type=2 2 2 2 2 2
left_child=1 -1 -3 5 -5 -2
right_child=3 2 -4 4 -6 -7
leaf_value=-0.027141884567365632 -0.0068772698100997946 -0.01885977027002915 -0.0037891014757840294 0.012880913814293453 0.022824607232126003 0.0061830774075617469
leaf_weight=5907.9745987057686 1424.292352154851 6648.4163796827197 16743.852567709982 12622.361158967018 5471.9746386259794 12741.11406891793
leaf_count=59127 8957 47280 91801 44715 15358 51107
internal_value=0.00011829 -0.0119175 -0.0080724 0.0110499 0.015888 0.0048699
internal_weight=61560 29300.2 23392.3 32259.7 18094.3 14165.4
internal_count=318345 198208 139081 120137 60073 60064
is_linear=0
shrinkage=0.05


Tree=55
num_leaves=7
num_cat=0
split_feature=1 1 11 7 4 14
split_gain=5445.18 1035.79 716.199 345.024 240.556 182.762
threshold=0.49135367572307592 0.24465183913707736 0.15105224400758746 0.15928900241851809 0.59736120700836193 0.22761652618646624
decision_type=2 2 2 2 2 2
left_child=1 3 -2 -1 -4 -3
right_child=2 5 4 -5 -6 -7
leaf_value=-0.021117525721431284 0.028427221082318856 0.01006664583370355 0.0086477098905970128 -0.010657343926465133 0.020105295354977896 -0.0031890223479001975
leaf_weight=13419.510601073503 9182.7793678045273 2908.3537036776543 16273.264083966613 19109.054312750697 6376.0322299152613 24548.760760843754
leaf_count=36348 54366 10205 63013 51613 30380 72420
internal_value=-6.63099e-05 -0.00893626 0.0166486 -0.0149726 0.0118731 -0.00178494
internal_weight=91817.8 59985.7 31832.1 32528.6 22649.3 27457.1
internal_count=318345 170586 147759 87961 93393 82625
is_linear=0
shrinkage=0.05


Tree=56
num_leaves=7
num_cat=0
split_feature=2 2 11 2 4 4
split_gain=2954.56 589.969 456.462 200.741 148.622 123.903
threshold=0.19252810627222064 0.4295747727155686 0.15773871541023257 0.76296034455299389 0.26638756692409521 0.24739623069763186
decision_type=2 2 2 2 2 2
left_child=2 5 -1 -3 -4 -2
right_child=1 3 4 -5 -6 -7
leaf_value=-0.028330954730799648 0.0069207082396361801 0.01184284584097761 -0.0044757377663020518 0.023966794254306662 -0.014813961236791821 -0.0016695410038832506
leaf_weight=5089.9732625707984 7249.1272203326225 13935.897639960051 5516.9373074769974 4522.0693663358688 9399.0799908861518 9972.2184602916241
leaf_count=58901 30539 50224 30300 12647 76437 59297
internal_value=-2.14332e-05 0.00860275 -0.0154021 0.0148131 -0.0109902 0.00194643
internal_weight=55685.3 35679.3 20006 18458 14916 17221.3
internal_count=318345 152707 165638 62871 106737 89836
is_linear=0
shrinkage=0.05


Tree=57
num_leaves=7
num_cat=0
split_feature=3 14 0 0 11 1
split_gain=2945.59 547.018 442.742 341.29 155.18 125.86
threshold=0.3108536452054978 0.22516347467899325 0.50427353382110607 0.075050644576549544 0.18078664690256122 0.072228446602821364
decision_type=2 2 2 2 2 2
left_child=1 -1 4 -3 -2 -4
right_child=2 3 5 -5 -6 -7
leaf_value=-0.026758142195790077 -0.010785926778246977 -0.019550431298903111 0.027565613883895536 -0.0049429197885338472 0.0055138114570882253 0.013762150872804375
leaf_weight=5541.5118491873145 1594.1118234246969 5535.8610674366355 1856.14740639925 14399.86162853986 17383.250113002956 14971.114591747522
leaf_count=58103 11856 41053 5086 81403 73339 47505
internal_value=0.000133289 -0.0128619 0.0093802 -0.00899921 0.00414462 0.0152848
internal_weight=61281.9 25477.2 35804.6 19935.7 18977.4 16827.3
internal_count=318345 180559 137786 122456 85195 52591
is_linear=0
shrinkage=0.05


Tree=58
num_leaves=7
num_cat=0
split_feature=4 4 11 4 4 7
split_gain=4904.2 978.682 600.912 313.798 209.088 160.364
threshold=0.38848417997360235 0.14157096296548846 0.1479313522577286 0.2591442614793778 0.59736120700836193 0.081884332001209273
decision_type=2 2 2 2 2 2
left_child=1 5 -2 -3 -4 -1
right_child=2 3 4 -5 -6 -7
leaf_value=-0.031061563198205223 0.027184394441542727 -0.0080694323752754215 0.0085667450014965379 0.00042099134799070294 0.019439118734436902 -0.016652719425782555
leaf_weight=2229.2576839327812 9022.5898895710707 24930.086430042982 14955.614804238081 19313.316706374288 6278.3682900071144 14434.718048214912
leaf_count=6153 55083 68183 59626 59634 30631 39035
internal_value=-7.9219e-05 -0.0082529 0.0163746 -0.00436316 0.0117814 -0.0185803
internal_weight=91164 60907.4 30256.6 44243.4 21234 16664
internal_count=318345 173005 145340 127817 90257 45188
is_linear=0
shrinkage=0.05


Tree=59
num_leaves=7
num_cat=0
split_feature=2 2 11 2 5 13
split_gain=2679.95 529.118 431.45 179.06 138.31 117.171
threshold=0.18874116241931918 0.4295747727155686 0.15773871541023257 0.76296034455299389 0.13477140665054324 0.23270542174577716
decision_type=2 2 2 2 2 2
left_child=2 5 -1 -3 -4 -2
right_child=1 3 4 -5 -6 -7
leaf_value=-0.028007499108956131 0.0065474653542546522 0.011079197884551993 -0.018027646354271756 0.022488180234120188 -0.0074490212945467656 -0.0017134612851021427
leaf_weight=4846.1391782835126 7431.4527828618884 14064.170472353697 4495.3600994199514 4552.2435172796249 9882.3290359601378 10161.972106337547
leaf_count=58604 33162 50224 34860 12647 69716 59132
internal_value=-1.70699e-05 0.00799331 -0.0151054 0.013869 -0.0107566 0.00177595
internal_weight=55433.7 36209.8 19223.8 18616.4 14377.7 17593.4
internal_count=318345 155165 163180 62871 104576 92294
is_linear=0
shrinkage=0.05


Tree=60
num_leaves=7
num_cat=0
split_feature=3 11 3 3 11 6
split_gain=2695.67 487.545 424.503 325.869 171.656 150.154
threshold=0.29925936460495001 0.21288216114044192 0.44363337755203253 0.13058290630578998 0.18732020258903506 0.58760786056518566
decision_type=2 2 2 2 2 2
left_child=1 -1 4 -3 -2 -4
right_child=2 3 5 -5 -6 -7
leaf_value=-0.026275285833422451 -0.013526806501963402 -0.019514615253317713 0.010464975225114408 -0.0048677962352297894 0.0038955046461363846 0.019698822074415891
leaf_weight=5324.1439593583345 1583.731070227921 5342.0204748287797 16370.851421028376 13134.199545912445 13176.366810277104 6022.1748725101352
leaf_count=57463 12924 39911 56427 75600 58353 17349
internal_value=0.000193272 -0.0129442 0.00860913 -0.00910262 0.00202612 0.0129482
internal_weight=60953.5 23800.4 37153.1 18476.2 14760.1 22393
internal_count=318027 172974 145053 115511 71277 73776
is_linear=0
shrinkage=0.05


Tree=61
num_leaves=7
num_cat=0
split_feature=1 4 11 4 1 7
split_gain=4482.83 878.833 680.641 286.058 221.839 142.815
threshold=0.4872864037752152 0.13526544719934466 0.15105224400758746 0.2591442614793778 0.64721906185150158 0.081884332001209273
decision_type=2 2 2 2 2 2
left_child=1 5 -2 -3 -4 -1
right_child=2 3 4 -5 -6 -7
leaf_value=-0.03024758561062766 0.027328860696060969 -0.0080047211638249269 0.0056780919885749915 0.0001518820327778567 0.015619603219892687 -0.01654867565753507
leaf_weight=2229.2742008268833 8495.6958826631308 25957.506824523211 11079.863872587681 18346.651928156614 11369.575783371925 12982.621357709169
leaf_count=6204 54376 70688 41519 57029 52958 35253
internal_value=-0.000161318 -0.00818723 0.0152747 -0.00462702 0.010713 -0.0185562
internal_weight=90461.2 59516.1 30945.1 44304.2 22449.4 15211.9
internal_count=318027 169174 148853 127717 94477 41457
is_linear=0
shrinkage=0.05


Tree=62
num_leaves=7
num_cat=0
split_feature=2 2 14 2 4 2
split_gain=2452.12 490.335 427.31 147.373 137.008 114.775
threshold=0.18874116241931918 0.62070184946060192 0.19688486307859424 0.35395357012748724 0.22644104808568957 0.89623337984085094
decision_type=2 2 2 2 2 2
left_child=2 3 -1 -2 -4 -3
right_child=1 5 4 -5 -6 -7
leaf_value=-0.027242936643638332 0.00032407771024156357 0.015459752419439268 -0.0027840410273359852 0.0077682498492665057 -0.013480543549284225 0.033803022255289861
leaf_weight=4933.9024093300104 13026.350167326629 8787.0747016072273 4370.7881258949637 13579.253576934338 9501.4101918488741 944.42521351575851
leaf_count=60367 72305 26314 23983 54017 78520 2521
internal_value=5.10016e-05 0.00763624 -0.0146052 0.00412351 -0.0101103 0.0172399
internal_weight=55143.2 36337.1 18806.1 26605.6 13872.2 9731.5
internal_count=318027 155157 162870 126322 102503 28835
is_linear=0
shrinkage=0.05


Tree=63
num_leaves=7
num_cat=0
split_feature=3 3 14 3 11 0
split_gain=2451.56 466.007 385.275 241.835 232.309 138.511
threshold=0.27468927204608923 0.44363337755203253 0.22516347467899325 0.11541643738746644 0.21030605584383014 0.81558904051780712
decision_type=2 2 2 2 2 2
left_child=2 4 -1 -4 -2 -3
right_child=1 5 3 -5 -6 -7
leaf_value=-0.026814008278331355 -0.012975672565407177 0.010736601572713821 -0.020298749651240244 -0.0065310494737605895 0.0036411884639573748 0.022718608954987722
leaf_weight=4424.0679695531726 2448.490446344018 19786.762646235526 4341.3138515725732 12023.038686841726 14920.560122877359 2746.757733464241
leaf_count=50649 20558 66320 33463 72360 67221 7456
internal_value=0.000199858 0.00745323 -0.0137227 -0.0101835 0.00129873 0.0121972
internal_weight=60691 39902.6 20788.4 16364.4 17369.1 22533.5
internal_count=318027 161555 156472 105823 87779 73776
is_linear=0
shrinkage=0.05


Tree=64
num_leaves=7
num_cat=0
split_feature=4 1 11 13 14 4
split_gain=4036.53 938.39 493.62 287.654 183.983 152.379
threshold=0.40665237605571752 0.23539371043443683 0.14496859163045886 0.19564083218574527 0.22761652618646624 0.59736120700836193
decision_type=2 2 2 2 2 2
left_child=1 3 -2 -1 -3 -4
right_child=2 4 5 -5 -6 -7
leaf_value=-0.017578088788683121 0.026392525494585296 0.011236399809987922 0.0085405612852998674 -0.0078664080658655926 -0.0022634299427972864 0.018156795344804192
leaf_weight=17367.454158067703 8028.1236070245504 2763.313208296895 12936.064328193665 13591.705983757973 29121.555635228753 6044.510191231966
leaf_count=47305 53298 9588 53607 36679 86747 30803
internal_value=-0.000166459 -0.00711395 0.015999 -0.0133145 -0.00109346 0.0116029
internal_weight=89852.7 62844 27008.7 30959.2 31884.9 18980.6
internal_count=318027 180319 137708 83984 96335 84410
is_linear=0
shrinkage=0.05


Tree=65
num_leaves=7
num_cat=0
split_feature=2 2 14 2 1 13
split_gain=2226.79 464.654 373.561 139.82 119.695 116.447
threshold=0.17436121404170993 0.48929952085018164 0.19688486307859424 0.89623337984085094 0.29111249744892126 0.22949985414743426
decision_type=2 2 2 2 2 2
left_child=2 4 -1 -3 -2 -4
right_child=1 3 5 -5 -6 -7
leaf_value=-0.027135759818184436 0.0066356941616593501 0.012183389273629707 -0.0035280900693234322 0.032029758539544768 -0.00086711766131289218 -0.013838181610226961
leaf_weight=4601.0335298404098 8863.656466782093 14786.452590987086 4073.8333960324526 944.11794963479042 13280.485624030232 8356.3796950355172
leaf_count=58836 36335 47643 24950 2521 78605 69137
internal_value=5.14927e-05 0.00680374 -0.0149644 0.0133745 0.00213604 -0.0104592
internal_weight=54906 37874.7 17031.2 15730.6 22144.1 12430.2
internal_count=318027 165104 152923 50164 114940 94087
is_linear=0
shrinkage=0.05


Tree=66
num_leaves=7
num_cat=0
split_feature=3 3 11 0 11 6
split_gain=2238.31 423.453 353.978 235.072 216.04 125.95
threshold=0.27101711928844457 0.44363337755203253 0.22024019062519076 0.06509034708142282 0.21030605584383014 0.58760786056518566
decision_type=2 2 2 2 2 2
left_child=2 4 -1 -4 -2 -3
right_child=1 5 3 -5 -6 -7
leaf_value=-0.025830104178377097 -0.012503933137375162 0.0092595512255334057 -0.019631356005410324 -0.0060107644092137827 0.0034222641389435437 0.017675135697242491
leaf_weight=4482.8393383696675 2474.7513965517282 16583.985406830907 4426.7055191099644 11138.224100768566 15257.334928408265 6074.5084675550461
leaf_count=52254 21476 56427 35264 66426 68831 17349
internal_value=0.00020773 0.00698674 -0.0134501 -0.0098845 0.00119955 0.0115157
internal_weight=60438.3 40390.6 20047.8 15564.9 17732.1 22658.5
internal_count=318027 164083 153944 101690 90307 73776
is_linear=0
shrinkage=0.05


Tree=67
num_leaves=7
num_cat=0
split_feature=4 4 11 4 14 4
split_gain=3632.69 846.051 471.083 284.782 152.552 142.369
threshold=0.40665237605571752 0.2152972146868706 0.13895406574010852 0.08624304831027986 0.22761652618646624 0.61812853813171398
decision_type=2 2 2 2 2 2
left_child=1 3 -2 -1 -3 -4
right_child=2 4 5 -5 -6 -7
leaf_value=-0.023384328491714367 0.026061553443236043 0.0096189092741739476 0.0085545213837572992 -0.010310142498723397 -0.0018793688152984123 0.018253385610321769
leaf_weight=4893.4416235089302 7412.6137925088406 3234.1294018030167 13842.832840189338 27982.425965160131 26694.709946587682 5206.8837722241879
leaf_count=13827 51281 10952 59110 75536 80004 27317
internal_value=-0.00017192 -0.00671913 0.015367 -0.0122562 -0.000636858 0.0112055
internal_weight=89267 62804.7 26462.3 32875.9 29928.8 19049.7
internal_count=318027 180319 137708 89363 90956 86427
is_linear=0
shrinkage=0.05


Tree=68
num_leaves=7
num_cat=0
split_feature=2 2 11 14 13 1
split_gain=2023.08 412.178 359.691 139.478 112.703 98.6141
threshold=0.17436121404170993 0.62070184946060192 0.15773871541023257 0.28797073662281042 0.22949985414743426 0.057649413123726852
decision_type=2 2 2 2 2 2
left_child=2 3 -1 -2 -4 -3
right_child=1 5 4 -5 -6 -7
leaf_value=-0.027197327673224189 -0.0050482891291649817 0.028357126251297767 -0.0033985198303508215 0.0048194718361015782 -0.013524380473918768 0.013320977959444974
leaf_weight=4162.1258462145925 4210.9553297385573 1248.7965652644634 4072.7679530605674 23938.942857056856 8447.9109526202083 8599.7841162532568
leaf_count=57184 26988 3369 25055 109281 70684 25466
internal_value=5.10579e-05 0.00642354 -0.0144636 0.00334335 -0.0102306 0.0152276
internal_weight=54681.3 37998.5 16682.8 28149.9 12520.7 9848.58
internal_count=318027 165104 152923 136269 95739 28835
is_linear=0
shrinkage=0.05


Tree=69
num_leaves=7
num_cat=0
split_feature=3 0 14 14 3 2
split_gain=2043.12 379 344.427 210.985 203.009 103.008
threshold=0.27101711928844457 0.47680826485157018 0.19044484198093417 0.22516347467899325 0.10830162093043329 0.041775921359658248
decision_type=2 2 2 2 2 2
left_child=2 3 -1 -2 -4 -3
right_child=1 5 4 -5 -6 -7
leaf_value=-0.027245920283469373 -0.011497224568470259 0.022863175356696672 -0.020013701628160491 0.0039117644898428961 -0.006823147622231374 0.010581576082302029
leaf_weight=3487.1083696484566 2513.9585813432932 1898.1106849163771 3813.7206795439124 19094.399395763874 12404.926927663386 16979.936611108482
leaf_count=44555 21874 5512 30869 83450 78520 53247
internal_value=0.000214044 0.00664076 -0.01299 0.00211905 -0.00992483 0.0118164
internal_weight=60192.2 40486.4 19705.8 21608.4 16218.6 18878
internal_count=318027 164083 153944 105324 109389 58759
is_linear=0
shrinkage=0.05


Tree=70
num_leaves=7
num_cat=0
split_feature=1 4 11 1 1 4
split_gain=3310.64 683.716 577.293 205.34 177.27 123.425
threshold=0.4872864037752152 0.13526544719934466 0.15105224400758746 0.33380828797817236 0.64721906185150158 0.080758858472108855
decision_type=2 2 2 2 2 2
left_child=1 5 -2 -3 -4 -1
right_child=2 3 4 -5 -6 -7
leaf_value=-0.023764060861036732 0.025453079522984218 -0.0063316058414835622 0.0049305469749751319 0.00080732554511642608 0.013957963127142396 -0.013473976567079469
leaf_weight=3954.9522146582603 7577.0937422960997 28879.787592455745 10916.840045541525 15467.487049102783 10835.929103642702 11072.779092252254
leaf_count=11316 54376 79005 41519 48712 52958 30141
internal_value=-0.000176026 -0.00696502 0.0135675 -0.00384168 0.00942747 -0.0161821
internal_weight=88704.9 59375 29329.9 44347.3 21752.8 15027.7
internal_count=318027 169174 148853 127717 94477 41457
is_linear=0
shrinkage=0.05


Tree=71
num_leaves=7
num_cat=0
split_feature=5 11 1 5 7 1
split_gain=1659.07 423.588 351.233 150.45 142.761 91.236
threshold=0.25768390297889715 0.18407000601291659 0.26415634155273443 0.13477140665054324 0.081884332001209273 0.65043675899505626
decision_type=2 2 2 2 2 2
left_child=1 -1 4 -3 -2 -4
right_child=2 3 5 -5 -6 -7
leaf_value=-0.025542188520214917 0.025201116370104932 -0.016218632954554557 0.0020784244432292265 -0.0044688807039438101 0.0093275674246109021 -0.0093336414276993639
leaf_weight=4613.4457684606314 1532.5998203158379 3860.9148385673761 14518.2070229128 9255.4618494659662 18690.753379300237 1991.6227768063545
leaf_count=61749 4674 31715 74330 64267 63064 18228
internal_value=5.01363e-05 -0.012511 0.00611296 -0.00792752 0.0105305 0.000701758
internal_weight=54463 17729.8 36733.2 13116.4 20223.4 16509.8
internal_count=318027 157731 160296 95982 67738 92558
is_linear=0
shrinkage=0.05


Tree=72
num_leaves=7
num_cat=0
split_feature=3 3 14 3 14 0
split_gain=1868.23 332.638 328.77 191.159 174.795 105.501
threshold=0.27101711928844457 0.44363337755203253 0.18037085235118869 0.10830162093043329 0.22516347467899325 0.81558904051780712
decision_type=2 2 2 2 2 2
left_child=2 4 -1 -4 -2 -3
right_child=1 5 3 -5 -6 -7
leaf_value=-0.027160948844918511 -0.011915495015578049 0.0090471497342351579 -0.019551033440543396 -0.006663156977939514 0.0030620820717949535 0.019469458154206275
leaf_weight=3211.158791154623 2228.5295442417264 20103.115304976702 3743.67893871665 12431.429094597697 15474.185409404337 2761.6893222332001
leaf_count=43051 20660 66320 30959 79934 69647 7456
internal_value=0.000220673 0.00632214 -0.0125472 -0.00964602 0.00117661 0.010306
internal_weight=59953.8 40567.5 19386.3 16175.1 17702.7 22864.8
internal_count=318027 164083 153944 110893 90307 73776
is_linear=0
shrinkage=0.05


Tree=73
num_leaves=7
num_cat=0
split_feature=1 1 11 10 14 0
split_gain=2989.42 749.145 442.773 245.031 176.529 129.046
threshold=0.54359549283981334 0.23539371043443683 0.1479313522577286 0.19218368083238604 0.22761652618646624 0.055413771420717246
decision_type=2 2 2 2 2 2
left_child=1 3 -2 -1 -3 -4
right_child=2 4 5 -5 -6 -7
leaf_value=-0.015454570287332227 0.025661641649562191 0.0095471952548244199 0.018706154563119751 -0.0064841917711589538 -0.0019316992128208628 0.0083005295741246654
leaf_weight=17056.26377171278 6766.4908384233713 3779.4507070481777 3818.2266963720322 13749.534374296665 29429.846570134163 13564.622518762946
leaf_count=46948 51189 14813 19471 37081 88018 60507
internal_value=-0.000179904 -0.00583485 0.0148102 -0.0114508 -0.000625321 0.0105862
internal_weight=88164.4 64015.1 24149.3 30805.8 33209.3 17382.8
internal_count=318027 186860 131167 84029 102831 79978
is_linear=0
shrinkage=0.05


Tree=74
num_leaves=7
num_cat=0
split_feature=5 11 1 5 7 1
split_gain=1506.02 405.003 304.586 142.699 128.527 79.7639
threshold=0.25768390297889715 0.18407000601291659 0.26415634155273443 0.13477140665054324 0.081884332001209273 0.65043675899505626
decision_type=2 2 2 2 2 2
left_child=1 -1 4 -3 -2 -4
right_child=2 3 5 -5 -6 -7
leaf_value=-0.025091677870458837 0.023740758789493957 -0.015765976159927642 0.0020045262615016558 -0.0042380069156942686 0.0087344145242453219 -0.0087540958014312442
leaf_weight=4442.3053077161312 1544.0959395617247 3790.7676656320691 14534.079778924584 9198.1934890374541 18794.690840147436 1954.4652274399996
leaf_count=61749 4674 31715 74330 64267 63064 18228
internal_value=4.8489e-05 -0.0120595 0.00577948 -0.00760239 0.00987368 0.000729256
internal_weight=54258.6 17431.3 36827.3 12989 20338.8 16488.5
internal_count=318027 157731 160296 95982 67738 92558
is_linear=0
shrinkage=0.05


Tree=75
num_leaves=7
num_cat=0
split_feature=3 3 11 11 3 2
split_gain=1688.95 345.14 252.133 225.204 161.639 105.24
threshold=0.25106076896190649 0.44024126231670385 0.22981455922126773 0.21288216114044192 0.092531003057956709 0.041775921359658248
decision_type=2 2 2 2 2 2
left_child=2 3 -1 -2 -4 -3
right_child=1 5 4 -5 -6 -7
leaf_value=-0.024721479680528988 -0.012545548619230724 0.019973188415702645 -0.020537667880989059 0.0027403848986742134 -0.0070889258067088345 0.0084640123940542943
leaf_weight=3707.6668690815568 2815.9039041921496 2192.1503969058394 2844.0136387497187 16696.60397913307 10419.86993253231 21146.620368629694
leaf_count=47845 27385 6799 24197 76676 67206 68410
internal_value=0.000154848 0.00544202 -0.0131947 0.00053443 -0.00997258 0.00954504
internal_weight=59822.8 42851.3 16971.6 19512.5 13263.9 23338.8
internal_count=318518 179270 139248 104061 91403 75209
is_linear=0
shrinkage=0.05


Tree=76
num_leaves=7
num_cat=0
split_feature=4 1 11 13 14 4
split_gain=2661.93 635.856 406.985 165.035 164.733 126.301
threshold=0.40665237605571752 0.17697712779045108 0.13895406574010852 0.18811417371034625 0.18037085235118869 0.6236923635005952
decision_type=2 2 2 2 2 2
left_child=1 3 -2 -1 -3 -4
right_child=2 4 5 -5 -6 -7
leaf_value=-0.016084022561864374 0.024307491467731156 0.015372177311942993 0.0074289313382992026 -0.0070929869528674229 -0.00253660532876757 0.016899494903945354
leaf_weight=13073.672746241093 6634.4348967000842 1326.7168849855661 13685.515992246568 8372.3141926229 39947.424807533622 4739.6256697326899
leaf_count=36382 51371 4774 60212 22603 116769 26407
internal_value=-8.61905e-05 -0.00558988 0.0136887 -0.012574 -0.00196095 0.00986511
internal_weight=87779.7 62720.1 25059.6 21446 41274.1 18425.1
internal_count=318518 180528 137990 58985 121543 86619
is_linear=0
shrinkage=0.05


Tree=77
num_leaves=7
num_cat=0
split_feature=2 11 2 2 2 2
split_gain=1543.23 351.042 273.063 114.648 102.678 77.9112
threshold=0.18874116241931918 0.13895406574010852 0.67929145693779003 0.088246174156665816 0.35395357012748724 0.92145884037017833
decision_type=2 2 2 2 2 2
left_child=1 -1 4 -3 -2 -4
right_child=2 3 5 -5 -6 -7
leaf_value=-0.02702836262941315 0.00022605449948325039 -0.015210893833892855 0.012866428752457307 -0.0056359550562705384 0.006180151955399853 0.033777556244520106
leaf_weight=3312.8094041459262 13008.586733713746 4754.1085382290184 7127.2010848522186 9130.8510254621506 16330.736013613641 475.13049551844597
leaf_count=52426 72244 41110 20153 69749 61553 1283
internal_value=-3.13573e-05 -0.0124037 0.00572842 -0.00891434 0.0035402 0.0141733
internal_weight=54139.4 17197.8 36941.7 13885 29339.3 7602.33
internal_count=318518 163285 155233 110859 133797 21436
is_linear=0
shrinkage=0.05


Tree=78
num_leaves=7
num_cat=0
split_feature=3 6 14 11 0 0
split_gain=1542.91 310.961 259.315 165.412 142.037 79.6315
threshold=0.25106076896190649 0.44589781761169439 0.18037085235118869 0.15773871541023257 0.040494836866855628 0.86444878578186046
decision_type=2 2 2 2 2 2
left_child=2 3 -1 -2 -4 -3
right_child=1 5 4 -5 -6 -7
leaf_value=-0.027030079842780816 -0.010621312606937322 0.0092909651879112005 -0.021579685156175015 0.0029496611371855087 -0.0078328968973313245 0.021913741519944227
leaf_weight=2668.568061709404 2491.3443849310279 16331.256079360843 2235.5123619362712 22740.665381886065 11784.125303313136 1352.9483979642391
leaf_count=38852 23229 52674 19983 99738 80413 3629
internal_value=0.000156366 0.0051728 -0.0127442 0.0016097 -0.0100249 0.0102567
internal_weight=59604.4 42916.2 16688.2 25232 14019.6 17684.2
internal_count=318518 179270 139248 122967 100396 56303
is_linear=0
shrinkage=0.05


Tree=79
num_leaves=7
num_cat=0
split_feature=1 7 11 1 4 4
split_gain=2415.5 587.072 423.962 152.406 146.571 120.073
threshold=0.52762952446937572 0.1905271261930466 0.1479313522577286 0.081739112734794631 0.27622720599174505 0.6236923635005952
decision_type=2 2 2 2 2 2
left_child=1 3 -2 -1 -3 -4
right_child=2 4 5 -5 -6 -7
leaf_value=-0.020129454848368668 0.024251621394270926 -0.0045011703637886247 0.0069402503489960623 -0.0098563202569530283 0.0014679455671731889 0.016299698708491583
leaf_weight=4635.6059561669827 6402.1281548067927 23345.925730422139 13632.173260495067 16321.812004506588 18381.236531719565 4577.4184778183699
leaf_count=13509 52026 63770 58573 44595 60132 25913
internal_value=-8.93891e-05 -0.00530093 0.0131841 -0.0121287 -0.00187171 0.00929297
internal_weight=87296.3 62684.6 24611.7 20957.4 41727.2 18209.6
internal_count=318518 182006 136512 58104 123902 84486
is_linear=0
shrinkage=0.05


Tree=80
num_leaves=7
num_cat=0
split_feature=2 2 14 14 2 4
split_gain=1414.56 342.381 243.237 117.501 117.236 75.4689
threshold=0.14131677895784381 0.41900452971458441 0.18708706647157672 0.28348949551582342 0.85546609759330761 0.27880597114562994
decision_type=2 2 2 2 2 2
left_child=2 3 -1 -2 -3 -4
right_child=1 4 5 -5 -6 -7
leaf_value=-0.026853300338226218 -0.0071874656013333083 0.0078641950626788543 -0.0053600282742423235 0.0019007088570822288 0.021000107338991186 -0.014602488032600048
leaf_weight=3175.7656677030027 4481.7442320883274 18067.987495489419 3763.8342870622873 17228.372759096324 1874.8158087730408 5345.5249628983438
leaf_count=50519 35375 60321 22796 90870 5047 53590
internal_value=-2.81205e-05 0.00436933 -0.0149377 2.45848e-05 0.0090991 -0.0107837
internal_weight=53938 41652.9 12285.1 21710.1 19942.8 9109.36
internal_count=318518 191613 126905 126245 65368 76386
is_linear=0
shrinkage=0.05


Tree=81
num_leaves=7
num_cat=0
split_feature=3 0 14 11 3 2
split_gain=1410.17 279.071 248.425 187.389 138.095 116.017
threshold=0.25106076896190649 0.39048714935779577 0.18037085235118869 0.20500578731298449 0.075154017657041564 0.041775921359658248
decision_type=2 2 2 2 2 2
left_child=2 3 -1 -2 -4 -3
right_child=1 5 4 -5 -6 -7
leaf_value=-0.026613600817447847 -0.013245928727416749 0.019764080551106383 -0.022054374741482884 0.0020902125385456093 -0.0076490037953698799 0.0072939760179185718
leaf_weight=2559.4582268968225 2287.8864488974214 2027.7367058768868 1933.4086639583111 15392.509867414832 11925.08879044652 23266.504630386829
leaf_count=38852 24238 6010 17417 72500 82979 76522
internal_value=0.000162959 0.004925 -0.0123019 0.000105678 -0.00965871 0.00829365
internal_weight=59392.6 42974.6 16418 17680.4 13858.5 25294.2
internal_count=318518 179270 139248 96738 100396 82532
is_linear=0
shrinkage=0.05


Tree=82
num_leaves=7
num_cat=0
split_feature=4 4 11 4 14 4
split_gain=2172.51 582.002 308.11 187.098 155.019 85.6409
threshold=0.43535839021205908 0.19342307001352313 0.13895406574010852 0.08624304831027986 0.22761652618646624 0.66894736886024486
decision_type=2 2 2 2 2 2
left_child=1 3 -2 -1 -3 -4
right_child=2 4 5 -5 -6 -7
leaf_value=-0.019148760488108825 0.023453386568488097 0.0086802159768513878 0.0081088321176372158 -0.0082262252887932898 -0.0016590738547682883 0.017247366146045204
leaf_weight=4714.9920884370804 5924.5782831907272 4066.2798639088869 12155.079052485526 23273.08465385437 33428.297225177288 3248.9639794528484
leaf_count=13841 50008 14786 57542 63068 100198 19075
internal_value=-9.6171e-05 -0.00461038 0.0137632 -0.0100663 -0.00053778 0.0100363
internal_weight=86811.3 65482.7 21328.6 27988.1 37494.6 15404
internal_count=318518 191893 126625 76909 114984 76617
is_linear=0
shrinkage=0.05


Tree=83
num_leaves=7
num_cat=0
split_feature=2 2 11 14 2 13
split_gain=1293.64 299.685 244.837 106.784 105.113 74.8633
threshold=0.14131677895784381 0.41900452971458441 0.13895406574010852 0.28348949551582342 0.85546609759330761 0.21536102145910266
decision_type=2 2 2 2 2 2
left_child=2 3 -1 -2 -3 -4
right_child=1 4 5 -5 -6 -7
leaf_value=-0.027608464620496348 -0.0068478471968106613 0.0073910528900612343 -0.0034611227071120118 0.0018499539127289429 0.019841478579941785 -0.013415710634373171
leaf_weight=2736.917234160006 4436.9712111130357 18153.298911437392 2635.3906414136291 17240.483216755092 1869.8414462804794 6666.0007242076099
leaf_count=47256 35375 60321 17036 90870 5047 62613
internal_value=-2.47459e-05 0.00414341 -0.0144632 6.9676e-05 0.00855372 -0.0105952
internal_weight=53738.9 41700.6 12038.3 21677.5 20023.1 9301.39
internal_count=318518 191613 126905 126245 65368 79649
is_linear=0
shrinkage=0.05


Tree=84
num_leaves=7
num_cat=0
split_feature=3 6 14 3 11 0
split_gain=1290.45 257.352 231.091 129.25 126.412 76.7525
threshold=0.24770198762416842 0.40829308331012731 0.18037085235118869 0.075154017657041564 0.19029331952333453 0.83096197247505199
decision_type=2 2 2 2 2 2
left_child=2 4 -1 -4 -2 -3
right_child=1 5 3 -5 -6 -7
leaf_value=-0.026308133793832813 -0.0085856414143678679 0.0074354231538016971 -0.021619611636911854 -0.0075045815944174811 0.002316369859763827 0.017161365274016988
leaf_weight=2408.2714222148061 3110.7609737403691 19670.838110737503 1887.0024901553988 11541.589834704995 18308.433943934739 2261.700328707695
leaf_count=38088 28310 66065 17417 81276 81277 6085
internal_value=0.000169085 0.00463133 -0.0120458 -0.00948804 0.000733045 0.00843837
internal_weight=59188.6 43351.7 15836.9 13428.6 21419.2 21932.5
internal_count=318518 181737 136781 98693 109587 72150
is_linear=0
shrinkage=0.05


Tree=85
num_leaves=7
num_cat=0
split_feature=1 7 11 7 1 0
split_gain=1969.58 497.832 375.608 138.48 121.768 104.694
threshold=0.52762952446937572 0.1905271261930466 0.13895406574010852 0.081884332001209273 0.33380828797817236 0.055413771420717246
decision_type=2 2 2 2 2 2
left_child=1 3 -2 -1 -3 -4
right_child=2 4 5 -5 -6 -7
leaf_value=-0.023271556109287231 0.023479533056609245 -0.0038795261802737702 0.016266738406536665 -0.0097077115473246725 0.001604255089495323 0.006771944399705793
leaf_weight=2091.6535517275333 5588.458778232336 24412.652652978897 3624.507785603404 18750.719428598881 17294.651839137077 14590.340691916645
leaf_count=6195 49290 66906 19744 51909 56996 67478
internal_value=-0.00010062 -0.00475889 0.0121403 -0.0110689 -0.00160558 0.00866128
internal_weight=86353 62549.7 23803.3 20842.4 41707.3 18214.8
internal_count=318518 182006 136512 58104 123902 87222
is_linear=0
shrinkage=0.05


Tree=86
num_leaves=7
num_cat=0
split_feature=2 1 11 7 2 13
split_gain=1181.59 265.959 236.035 107.973 103.212 69.8937
threshold=0.14131677895784381 0.29111249744892126 0.13895406574010852 0.077110897749662413 0.32623827457427984 0.22949985414743426
decision_type=2 2 2 2 2 2
left_child=2 3 -1 -2 -3 -4
right_child=1 4 5 -5 -6 -7
leaf_value=-0.027226717534433488 0.021222264448300068 -0.0039543209698795871 -0.0039424769497179019 0.0065248891049503851 0.0038306314449905025 -0.013249045890495983
leaf_weight=2621.1434063315392 1321.9387741982937 10355.152383551002 2993.2134860679507 22840.942278303206 7230.2497545853257 6188.4666783362627
leaf_count=47256 4108 75875 19844 79286 32344 59805
internal_value=-2.46327e-05 0.00392442 -0.013993 0.00732897 -0.000753533 -0.0102151
internal_weight=53551.1 41748.3 11802.8 24162.9 17585.4 9181.68
internal_count=318518 191613 126905 83394 108219 79649
is_linear=0
shrinkage=0.05


Tree=87
num_leaves=7
num_cat=0
split_feature=3 0 14 11 3 2
split_gain=1183.29 231.625 220.824 163.006 123.49 102.982
threshold=0.24770198762416842 0.39048714935779577 0.18037085235118869 0.20500578731298449 0.075154017657041564 0.041775921359658248
decision_type=2 2 2 2 2 2
left_child=2 3 -1 -2 -4 -3
right_child=1 5 4 -5 -6 -7
leaf_value=-0.025889466242298365 -0.012461204716700147 0.018288616007983653 -0.021170412717581369 0.0018866399700789738 -0.0072170369616056844 0.0065560586101560629
leaf_weight=2313.1271066702902 2265.2579286657274 2032.7861552536488 1840.6468172334135 15696.130297847092 11446.705808538944 23400.80936627835
leaf_count=38088 25193 6010 17417 74000 81276 76534
internal_value=0.000178231 0.00442399 -0.011632 7.71156e-05 -0.00914995 0.00749379
internal_weight=58995.5 43395 15600.5 17961.4 13287.4 25433.6
internal_count=318518 181737 136781 99193 98693 82544
is_linear=0
shrinkage=0.05


Tree=88
num_leaves=7
num_cat=0
split_feature=1 1 11 13 11 0
split_gain=1777.72 503.267 304.329 142.516 140.901 83.693
threshold=0.56253954768180858 0.17697712779045108 0.13895406574010852 0.11494468897581102 0.22269634902477267 0.055413771420717246
decision_type=2 2 2 2 2 2
left_child=1 3 -2 -1 -3 -4
right_child=2 4 5 -5 -6 -7
leaf_value=-0.019741511656828883 0.023176404482913707 0.0064227867741537869 0.016075734824749194 -0.0086732599008005219 -0.002174336485419147 0.0072125113004437164
leaf_weight=3479.878449767828 5166.6664587929845 5437.149087883532 3415.9537269026041 17707.747505873442 38606.209103569388 12090.719546370208
leaf_count=10177 47720 20928 19237 48811 113404 58241
internal_value=-0.00010989 -0.00415912 0.0126667 -0.0104911 -0.00111302 0.00916498
internal_weight=85904.3 65231 20673.3 21187.6 44043.4 15506.7
internal_count=318518 193320 125198 58988 134332 77478
is_linear=0
shrinkage=0.05


Tree=89
num_leaves=7
num_cat=0
split_feature=2 2 11 2 14 13
split_gain=1081.81 235.852 227.457 101.222 84.6996 66.2833
threshold=0.14131677895784381 0.35395357012748724 0.13895406574010852 0.85546609759330761 0.28348949551582342 0.21536102145910266
decision_type=2 2 2 2 2 2
left_child=2 4 -1 -3 -2 -4
right_child=1 3 5 -5 -6 -7
leaf_value=-0.026849112494250302 -0.0071071092324662636 0.0059888025228951427 -0.0031341799464140413 0.018128220117259425 0.0011909836779008028 -0.012571463943789191
leaf_weight=2513.7662293352187 3978.6326801367104 22411.111365064979 2613.788101170212 1859.6781448721886 13541.699127390981 6456.6936974860728
leaf_count=47256 33384 77942 17036 5047 75240 62613
internal_value=-2.01371e-05 0.00372758 -0.0135403 0.00691895 -0.000693402 -0.00985198
internal_weight=53375.4 41791.1 11584.2 24270.8 17520.3 9070.48
internal_count=318518 191613 126905 82989 108624 79649
is_linear=0
shrinkage=0.05


Tree=90
num_leaves=7
num_cat=0
split_feature=0 14 3 9 0 5
split_gain=1108.54 333.324 195.822 149.442 62.3799 47.3658
threshold=0.25428205728530889 0.19044484198093417 0.13058290630578998 0.41228409111499792 0.88413757085800182 0.064767941832542433
decision_type=2 2 2 2 2 2
left_child=1 5 -3 -2 -5 -1
right_child=3 2 -4 4 -6 -7
leaf_value=0.069906072043104187 0.0021804035111029534 -0.015282570991842191 -0.0033663845812813096 0.0079698735044623336 0.02158403466743981 -0.024729038882337791
leaf_weight=13.282474160194395 17018.61616024375 4507.8651716709137 14659.385785672814 18784.517595034093 880.85591036081314 2908.3779737912118
leaf_count=172 75286 40479 90937 61185 2386 47874
internal_value=0.000282381 -0.00856691 -0.0061689 0.0056109 0.00857968 -0.0242988
internal_weight=58772.9 22088.9 19167.3 36684 19665.4 2921.66
internal_count=318319 179462 131416 138857 63571 48046
is_linear=0
shrinkage=0.05


Tree=91
num_leaves=7
num_cat=0
split_feature=1 7 11 4 1 14
split_gain=1582.19 405.3 364.12 137.365 103.029 95.7833
threshold=0.49944490194320684 0.20605873316526416 0.14182026684284213 0.080758858472108855 0.82041996717453014 0.16335792839527133
decision_type=2 2 2 2 2 2
left_child=1 3 -2 -1 -4 -3
right_child=2 5 4 -5 -6 -7
leaf_value=-0.018579310310725513 0.021733425549219604 0.011022110003619513 0.0055715327788573603 -0.0080744507922386865 0.015334427137088175 -0.0018413428403827739
leaf_weight=3692.3338458836079 5460.0965657830238 1509.3662780672312 16653.755033515394 19798.46914793551 3225.802160307765 35110.276529923081
leaf_count=11173 51229 5680 74387 54429 19543 101878
internal_value=-0.00018206 -0.00459947 0.0102969 -0.00972563 0.00715573 -0.00131114
internal_weight=85450.1 60110.4 25339.7 23490.8 19879.6 36619.6
internal_count=318319 173160 145159 65602 93930 107558
is_linear=0
shrinkage=0.05


Tree=92
num_leaves=7
num_cat=0
split_feature=2 11 2 2 13 4
split_gain=953.527 218.666 198.038 80.2707 78.9825 63.5655
threshold=0.13579653948545459 0.14182026684284213 0.4295747727155686 0.92145884037017833 0.21680243313312533 0.53686523437500011
decision_type=2 2 2 2 2 2
left_child=1 -1 4 -4 -2 -3
right_child=2 5 3 -5 -6 -7
leaf_value=-0.026573378586948485 0.0041466935218448754 -0.0066719581053954237 0.006552877834151441 0.027833197766448992 -0.0020017180367718186 -0.016226252986374503
leaf_weight=2404.3679205290973 8116.2281361073256 5938.5998437963426 19150.238787055016 453.63707685470581 14654.162249483168 2462.8213483691216
leaf_count=46890 36242 44977 61630 1260 97565 29755
internal_value=-1.95426e-05 -0.0132778 0.00336141 0.00704531 0.000189808 -0.00947274
internal_weight=53180.1 10805.8 42374.3 19603.9 22770.4 8401.42
internal_count=318319 121622 196697 62890 133807 74732
is_linear=0
shrinkage=0.05


Tree=93
num_leaves=7
num_cat=0
split_feature=3 14 0 11 3 2
split_gain=1024.14 198.265 180.517 138.125 132.211 85.4066
threshold=0.25106076896190649 0.22516347467899325 0.39048714935779577 0.19332926720380786 0.089719112962484374 0.043411549180746085
decision_type=2 2 2 2 2 2
left_child=1 -1 3 -2 -3 -4
right_child=2 4 5 -5 -6 -7
leaf_value=-0.02317177582736699 -0.012445966717491012 -0.018769804529716314 0.016416304440666177 0.0018833918630912401 -0.0057395636081681543 0.006050344617857484
leaf_weight=2657.421402618289 1883.5210748910904 2392.5369115546346 2171.9152396693826 15697.788021989167 10447.025200225413 23347.498299390078
leaf_count=44346 22648 23155 6440 74138 71610 75982
internal_value=0.000283153 -0.0107405 0.00424675 0.000348259 -0.00816763 0.00693257
internal_weight=58597.7 15497 43100.7 17581.3 12839.6 25519.4
internal_count=318319 139111 179208 96786 94765 82422
is_linear=0
shrinkage=0.05


Tree=94
num_leaves=7
num_cat=0
split_feature=1 7 11 14 7 0
split_gain=1424.11 460.453 269.914 144.185 136.866 80.9587
threshold=0.58182397484779369 0.21284896135330203 0.15105224400758746 0.27251479029655462 0.081884332001209273 0.053342729806900031
decision_type=2 2 2 2 2 2
left_child=1 4 -2 -3 -1 -4
right_child=2 3 5 -5 -6 -7
leaf_value=-0.02140247010241856 0.02193326220687436 0.0045984666568444667 0.015512306141379203 -0.0021188440832963975 -0.0078521016168136351 0.0062841772080500045
leaf_weight=2027.26110419631 5037.9322999641299 10817.48994679004 3074.2578303664923 30547.771731287241 23072.235580012202 10474.717779912055
leaf_count=6172 49652 38993 18124 90153 64178 51047
internal_value=-0.000182524 -0.00360396 0.0120521 -0.00036219 -0.00894655 0.00837804
internal_weight=85051.7 66464.8 18586.9 41365.3 25099.5 13549
internal_count=318319 199496 118823 129146 70350 69171
is_linear=0
shrinkage=0.05


Tree=95
num_leaves=7
num_cat=0
split_feature=2 11 1 2 4 2
split_gain=870.187 210.184 183.821 118.24 59.0774 55.5016
threshold=0.13579653948545459 0.14182026684284213 0.13144966959953311 0.25867454707622534 0.53686523437500011 0.92145884037017833
decision_type=2 2 2 2 2 2
left_child=1 -1 5 -4 -3 -2
right_child=2 4 3 -5 -6 -7
leaf_value=-0.026178556493108081 0.0086056618195894923 -0.0064234171225443799 -0.0030490110505125134 0.0034302626807890322 -0.015720038698270985 0.026627462664939684
leaf_weight=2306.7446020543575 8609.1037060916424 5896.8344068042934 10099.771344363689 23251.77698494494 2406.1781393587589 449.52465495467186
leaf_count=46890 26747 44977 74549 94141 29755 1260
internal_value=-2.01464e-05 -0.0128269 0.00318372 0.00146816 -0.00911754 0.00949997
internal_weight=53019.9 10609.8 42410.2 33351.5 8303.01 9058.63
internal_count=318319 121622 196697 168690 74732 28007
is_linear=0
shrinkage=0.05


Tree=96
num_leaves=7
num_cat=0
split_feature=3 14 6 0 14 2
split_gain=939.429 188.138 165.461 114.558 108.403 55.5358
threshold=0.25106076896190649 0.15672313421964648 0.49256545305252081 0.040494836866855628 0.20935107022523883 0.040040004998445518
decision_type=2 2 2 2 2 2
left_child=1 -1 4 -3 -2 -4
right_child=2 3 5 -5 -6 -7
leaf_value=-0.025193761558793007 -0.0067729734468111209 -0.019474495822253846 0.017002396641976527 -0.0063805164689433773 0.003028752900441023 0.0074410292258910993
leaf_weight=1876.0614799000323 3154.2491324879229 1955.4318958409131 1748.5672802254558 11460.129859335721 26685.529806815088 11552.718478277326
leaf_count=35216 28146 19955 5492 83940 111050 34520
internal_value=0.000285569 -0.010363 0.00406003 -0.00828908 0.00199265 0.00869795
internal_weight=58432.7 15291.6 43141.1 13415.6 29839.8 13301.3
internal_count=318319 139111 179208 103895 139196 40012
is_linear=0
shrinkage=0.05


Tree=97
num_leaves=7
num_cat=0
split_feature=1 1 11 10 11 0
split_gain=1278.25 437.221 239.925 165.517 98.6799 68.7006
threshold=0.59631100296974193 0.24465183913707736 0.15105224400758746 0.21078620851039889 0.23668704926967624 0.053342729806900031
decision_type=2 2 2 2 2 2
left_child=1 3 -2 -1 -3 -4
right_child=2 4 5 -5 -6 -7
leaf_value=-0.010416092209503389 0.021593053937146861 0.0060621506597424287 0.015004726110452999 -0.0029954767113110517 -0.00073578461903042345 0.0062887704671016039
leaf_weight=19507.639676123857 4712.1974555924535 6533.079909235239 2963.0567010194063 12222.940026208758 29194.245086714625 9539.8486965894699
leaf_count=54838 48402 27313 17922 33060 89233 47551
internal_value=-0.000182804 -0.00328624 0.0119781 -0.0075576 0.000507282 0.00835436
internal_weight=84673 67457.9 17215.1 31730.6 35727.3 12502.9
internal_count=318319 204444 113875 87898 116546 65473
is_linear=0
shrinkage=0.05


Tree=98
num_leaves=7
num_cat=0
split_feature=2 11 1 7 2 2
split_gain=793.822 202 164.149 74.4317 71.2736 56.568
threshold=0.13579653948545459 0.14182026684284213 0.29111249744892126 0.077110897749662413 0.25867454707622534 0.049048857763409622
decision_type=2 2 2 2 2 2
left_child=1 -1 3 -2 -4 -3
right_child=2 5 4 -5 -6 -7
leaf_value=-0.025783024300076209 0.017154191699437601 -0.017271139910182847 -0.004352757165899091 0.0050082323708705804 0.0020453374527297763 -0.0067432135369860681
leaf_weight=2215.5675043836236 1333.8130075633526 1580.069743629545 7478.361677646637 23216.433508276939 10414.619258880615 6628.5947192981839
leaf_count=46890 4133 15638 62015 80038 50511 59094
internal_value=-2.2849e-05 -0.0123857 0.00301352 0.00566812 -0.000628743 -0.00876971
internal_weight=52867.5 10424.2 42443.2 24550.2 17893 8208.66
internal_count=318319 121622 196697 84171 112526 74732
is_linear=0
shrinkage=0.05


Tree=99
num_leaves=7
num_cat=0
split_feature=3 10 0 0 11 2
split_gain=861.682 165.994 153.18 123.985 118.761 75.2381
threshold=0.24770198762416842 0.42988912761211401 0.39048714935779577 0.040494836866855628 0.20500578731298449 0.034345176070928581
decision_type=2 2 2 2 2 2
left_child=1 3 4 -1 -2 -4
right_child=2 -3 5 -5 -6 -7
leaf_value=-0.01903648880047237 -0.010891411436440913 -0.018643670884036793 0.017761820095720308 -0.0044521869668012332 0.0017649462110844285 0.0056676767537708747
leaf_weight=1742.6618784740567 2100.2741506770253 4136.9671613313258 1357.9385103434324 8898.1889847889543 15775.821027219296 24261.162487648427
leaf_count=17957 25162 58102 3959 60563 74102 78474
internal_value=0.000286129 -0.0101449 0.00383013 -0.00684067 0.000277942 0.00630873
internal_weight=58273 14777.8 43495.2 10640.9 17876.1 25619.1
internal_count=318319 136622 181697 78520 99264 82433
is_linear=0
shrinkage=0.05


Tree=100
num_leaves=7
num_cat=0
split_feature=1 13 14 1 14 13
split_gain=1151.83 400.574 229.91 153.084 98.7887 86.2634
threshold=0.59631100296974193 0.23107682168483737 0.15672313421964648 0.16889704018831256 0.27251479029655462 0.54324916005134594
decision_type=2 2 2 2 2 2
left_child=1 3 -2 -1 -3 -4
right_child=2 4 5 -5 -6 -7
leaf_value=-0.010862104343053779 0.021799695871021367 0.0044308780135403009 0.0087980972451649382 -0.0038519829091168412 -0.0012554917800211354 -0.019294665667668031
leaf_weight=15189.272168308496 4089.4945020601153 10950.061233155429 12563.443600289524 15982.462850794196 25251.634521879256 279.3366938456893
leaf_count=43382 43125 40844 68705 44818 75400 2045
internal_value=-0.000183167 -0.00311304 0.0114748 -0.00726785 0.000464486 0.00818707
internal_weight=84305.7 67373.4 16932.3 31171.7 36201.7 12842.8
internal_count=318319 204444 113875 88200 116244 70750
is_linear=0
shrinkage=0.05


Tree=101
num_leaves=7
num_cat=0
split_feature=2 14 1 2 2 2
split_gain=724.425 195.057 149.398 92.6632 56.8167 50.5635
threshold=0.13579653948545459 0.18037085235118869 0.13144966959953311 0.25867454707622534 0.049048857763409622 0.92145884037017833
decision_type=2 2 2 2 2 2
left_child=1 -1 5 -4 -3 -2
right_child=2 4 3 -5 -6 -7
leaf_value=-0.024943764757275132 0.0076929280838765731 -0.016916233741267963 -0.0027177780992516422 0.0030318969989068505 -0.0062316714075964664 0.025007835915560574
leaf_weight=2254.3952304050326 8651.4751866310835 1541.3937922678888 10008.436427284032 23370.344809941947 6454.0009618960321 443.23692548274994
leaf_count=47494 26747 15654 74549 94141 58474 1260
internal_value=-2.33588e-05 -0.0119541 0.00285579 0.00130789 -0.0082915 0.00853678
internal_weight=52723.3 10249.8 42473.5 33378.8 7995.39 9094.71
internal_count=318319 121622 196697 168690 74128 28007
is_linear=0
shrinkage=0.05


Tree=102
num_leaves=7
num_cat=0
split_feature=3 14 9 3 7 11
split_gain=791.32 171.954 141.121 101.055 64.3432 56.7928
threshold=0.24439404904842379 0.15672313421964648 0.41399471461772924 0.089719112962484374 0.47502128779888159 0.15773871541023257
decision_type=2 2 2 2 2 2
left_child=1 -1 5 -3 -4 -2
right_child=2 3 4 -5 -6 -7
leaf_value=-0.02499747908855417 -0.0070406282236663113 -0.017448040385089299 0.0069796547311582165 -0.005831221388913 -0.012277513231564782 0.0016779963340370369
leaf_weight=1673.356111574918 2052.2067770026624 2286.9654197916389 20555.465121611953 10319.12862541154 443.1188760176301 20789.763050183654
leaf_count=33835 22150 23473 67063 76780 3739 91279
internal_value=0.000284929 -0.00993777 0.0036146 -0.00793872 0.00657328 0.000894683
internal_weight=58120 14279.5 43840.6 12606.1 20998.6 22842
internal_count=318319 134088 184231 100253 70802 113429
is_linear=0
shrinkage=0.05


Tree=103
num_leaves=7
num_cat=0
split_feature=1 14 13 0 7 1
split_gain=1042.06 409.443 195.923 146.892 112.133 76.1916
threshold=0.34124055504798895 0.19991566240787509 0.22949985414743426 0.067073889076709761 0.081884332001209273 0.67115113139152538
decision_type=2 2 2 2 2 2
left_child=2 5 4 -3 -1 -2
right_child=1 3 -4 -5 -6 -7
leaf_value=-0.01970926161662391 0.011371751215284776 0.011192835987500893 -0.0015216220025860215 0.0018584318541407987 -0.0073224036254271388 0.021599498480137296
leaf_weight=1978.7491920888424 3698.4549627900124 4978.5290331616998 18420.053092941642 27470.087956473231 23831.393144518137 3586.8711399957538
leaf_count=6168 25101 26888 50855 103983 66034 39290
internal_value=-0.000181309 0.00569558 -0.00546077 0.00329059 -0.00827205 0.0164073
internal_weight=83964.1 39733.9 44230.2 32448.6 25810.1 7285.33
internal_count=318319 195262 123057 130871 72202 64391
is_linear=0
shrinkage=0.05


Tree=104
num_leaves=7
num_cat=0
split_feature=2 14 14 1 4 3
split_gain=662.333 177.83 140.631 94.9426 55.6121 47.3305
threshold=0.12944684177637103 0.18708706647157672 0.29213148355484014 0.13144966959953311 0.53686523437500011 0.172464594244957
decision_type=2 2 2 2 2 2
left_child=1 -1 5 -4 -3 -2
right_child=2 4 3 -5 -6 -7
leaf_value=-0.024485038905825665 0.0039978243705351118 -0.0054322559475206596 0.0082970419028048064 0.0023602010367356446 -0.015053072748874781 -0.0064613071909247841
leaf_weight=2193.0860267914832 1376.5534361377358 5146.239937197417 8885.868390455842 27811.693111348897 2121.1681134440005 5049.1161605715752
leaf_count=47223 11498 40175 27215 126403 27874 37931
internal_value=-2.54195e-05 -0.0120061 0.00260293 0.00379773 -0.00824032 -0.00422068
internal_weight=52583.7 9460.49 43123.2 36697.6 7267.41 6425.67
internal_count=318319 115272 203047 153618 68049 49429
is_linear=0
shrinkage=0.05


Tree=105
num_leaves=7
num_cat=0
split_feature=3 14 3 3 11 2
split_gain=727.662 170.01 131.054 108.374 82.0067 56.1277
threshold=0.24600998312234881 0.25694437325000768 0.45030851662158972 0.075154017657041564 0.19029331952333453 0.041775921359658248
decision_type=2 2 2 2 2 2
left_child=1 -1 4 -3 -2 -4
right_child=2 3 5 -5 -6 -7
leaf_value=-0.02067004600890042 -0.0087842332193999416 -0.018935984598476101 0.013690059139506345 -0.0048978604518136598 0.001665185137071995 0.0052922290349661808
leaf_weight=2756.9769853912294 2086.9550864510238 1596.3312901705503 2201.4145514294505 9907.7941109463573 18717.680683970451 20686.701247677207
leaf_count=47438 25963 17121 6736 70841 85409 64687
internal_value=0.00028834 -0.00951833 0.00348919 -0.00684581 0.000616983 0.00609995
internal_weight=57953.9 14261.1 43692.8 11504.1 20804.6 22888.1
internal_count=318195 135400 182795 87962 111372 71423
is_linear=0
shrinkage=0.05


Tree=106
num_leaves=7
num_cat=0
split_feature=1 1 11 1 11 7
split_gain=983.392 347.356 180.28 150.401 82.3652 61.7002
threshold=0.61367473006248485 0.26415634155273443 0.13895406574010852 0.081739112734794631 0.22510539740324023 0.47502128779888159
decision_type=2 2 2 2 2 2
left_child=1 3 -2 -1 -3 -4
right_child=2 4 5 -5 -6 -7
leaf_value=-0.014420862640043039 0.020723843275685994 0.0062955400238939446 0.0045642711683211009 -0.0049720321021758107 -0.00029808599971495569 0.011917387337340742
leaf_weight=4913.9916535913944 3791.903173148632 5687.8626036271453 5864.8004980832338 29458.401178255677 28309.101500630379 5555.1244934126735
leaf_count=15127 43946 26470 28895 80475 88452 34830
internal_value=-0.000220248 -0.00277847 0.0112777 -0.00632287 0.000805061 0.00814113
internal_weight=83581.2 68369.4 15211.8 34372.4 33997 11419.9
internal_count=318195 210524 107671 95602 114922 63725
is_linear=0
shrinkage=0.05


Tree=107
num_leaves=7
num_cat=0
split_feature=2 11 14 1 3 13
split_gain=618.803 170.815 145.515 93.0128 53.3928 48.4381
threshold=0.12680815160274508 0.13093069195747378 0.29082885384559637 0.057649413123726852 0.172464594244957 0.26844638586044317
decision_type=2 2 2 2 2 2
left_child=1 -1 4 -4 -2 -3
right_child=2 5 3 -5 -6 -7
leaf_value=-0.025920133691751942 0.0042490883021736115 -0.0039733706698982883 0.016107395359983036 0.0032120494358386189 -0.0068860264810223174 -0.012142817949669284
leaf_weight=1739.9809703789651 1374.0183000192046 3277.2595632076263 1455.6347533911467 35534.131169885397 4972.5649006403983 4064.9971089139581
leaf_count=41666 11736 24763 4269 150991 38413 46357
internal_value=3.23961e-05 -0.0118344 0.00251939 0.00371951 -0.0044753 -0.00849634
internal_weight=52418.6 9082.24 43336.3 36989.8 6346.58 7342.26
internal_count=318195 112786 205409 155260 50149 71120
is_linear=0
shrinkage=0.05


Tree=108
num_leaves=7
num_cat=0
split_feature=3 14 9 3 7 12
split_gain=666.936 159.722 119.404 103.443 57.3535 40.6685
threshold=0.24600998312234881 0.25694437325000768 0.41399471461772924 0.075154017657041564 0.47816540300846105 0.48794685304164892
decision_type=2 2 2 2 2 2
left_child=1 -1 5 -3 -4 -2
right_child=2 3 4 -5 -6 -7
leaf_value=-0.020174137007460083 0.0010630361029702066 -0.018539874220956508 0.0064104781207763714 -0.0047010738598514549 -0.012307178882466576 -0.017012910548819916
leaf_weight=2673.3378255702555 22295.587402768433 1564.7430859580636 20686.369594167918 9855.1489293724298 417.51771298795938 315.57295160740614
leaf_count=47438 109046 17121 67223 70841 3593 2933
internal_value=0.000285963 -0.00917265 0.00333531 -0.00659725 0.00604017 0.000810759
internal_weight=57808.3 14093.2 43715 11419.9 21103.9 22611.2
internal_count=318195 135400 182795 87962 70816 111979
is_linear=0
shrinkage=0.05


Tree=109
num_leaves=7
num_cat=0
split_feature=1 1 14 1 14 0
split_gain=887.145 315.709 169.236 139.361 98.0822 49.556
threshold=0.61367473006248485 0.26415634155273443 0.18708706647157672 0.081739112734794631 0.22761652618646624 0.038697279989719398
decision_type=2 2 2 2 2 2
left_child=1 3 -2 -1 -3 -4
right_child=2 4 5 -5 -6 -7
leaf_value=-0.013843306374872459 0.019386552223348653 0.0076105398739025045 0.015063988215137273 -0.0047183470893928546 -0.00027311605729900414 0.0059969046963286865
leaf_weight=4877.4282936453819 4152.2184659987688 4556.523985594511 1809.4783287644386 29442.293256267905 29408.568723350763 9013.6122952103615
leaf_count=15127 47314 22848 11947 80475 92074 48410
internal_value=-0.000215999 -0.00263299 0.010805 -0.00601516 0.000784501 0.0075128
internal_weight=83260.1 68284.8 14975.3 34319.7 33965.1 10823.1
internal_count=318195 210524 107671 95602 114922 60357
is_linear=0
shrinkage=0.05


Tree=110
num_leaves=7
num_cat=0
split_feature=2 14 11 7 3 4
split_gain=567.172 161.276 147.432 89.9345 49.7578 36.9082
threshold=0.11286083608865739 0.29082885384559637 0.13895406574010852 0.077110897749662413 0.172464594244957 0.55526217818260204
decision_type=2 2 2 2 2 2
left_child=2 4 -1 -3 -2 -4
right_child=1 3 5 -5 -6 -7
leaf_value=-0.026118208443074355 0.0034199825863704676 0.016435263823901293 -0.0065541976314033457 0.0030072702154522839 -0.007007092550520096 -0.015241676782125114
leaf_weight=1590.4037169478834 1445.7467384636402 1291.1068688929081 4331.8232943862677 36447.942804221064 5484.2489209808409 1703.2973985783756
leaf_count=39038 13448 3981 35391 156963 45900 23474
internal_value=2.77859e-05 0.00217923 -0.012575 0.00346666 -0.00483178 -0.00900607
internal_weight=52294.6 44669 7625.52 37739 6930 6035.12
internal_count=318195 220292 97903 160944 59348 58865
is_linear=0
shrinkage=0.05


Tree=111
num_leaves=7
num_cat=0
split_feature=3 14 0 11 3 9
split_gain=613.258 143.943 126.182 91.2011 80.432 63.8268
threshold=0.22688253223896029 0.18037085235118869 0.29944656789302831 0.21030605584383014 0.075154017657041564 0.41228409111499792
decision_type=2 2 2 2 2 2
left_child=1 -1 3 -2 -3 -4
right_child=2 4 5 -5 -6 -7
leaf_value=-0.024279610264176008 -0.012002584320265117 -0.01817797574947988 0.0019951922392982342 0.00037298053258475903 -0.0058724842989146143 0.0064398477312416205
leaf_weight=1485.2877622619271 1729.2633781582117 1554.4523887634277 13998.70215177536 10701.85087050125 9111.9486438520253 19095.493478637189
leaf_count=32628 25773 17382 56591 56102 70358 59361
internal_value=0.00028277 -0.00969649 0.00294645 -0.00134856 -0.00766581 0.00455978
internal_weight=57677 12151.7 45525.3 12431.1 10666.4 33094.2
internal_count=318195 120368 197827 81875 87740 115952
is_linear=0
shrinkage=0.05


Tree=112
num_leaves=7
num_cat=0
split_feature=1 13 11 1 14 7
split_gain=801.235 294.549 161.152 123.563 78.5609 65.2148
threshold=0.61367473006248485 0.23107682168483737 0.11446088179945947 0.093255661427974715 0.27251479029655462 0.47502128779888159
decision_type=2 2 2 2 2 2
left_child=1 3 -2 -1 -3 -4
right_child=2 4 5 -5 -6 -7
leaf_value=-0.012727483289377338 0.021058992134196423 0.0039867317780969335 0.0040131824828900505 -0.0045885640866844711 -0.001011876605458736 0.011412741573483055
leaf_weight=5707.8754107952118 2838.0569166094065 11326.433510176837 5816.172695286572 25481.854218252003 25687.15541767329 6101.2723699435592
leaf_count=17643 35643 44280 29051 71343 77258 42977
internal_value=-0.00021298 -0.00249854 0.0103514 -0.00607803 0.000517735 0.00780147
internal_weight=82958.8 68203.3 14755.5 31189.7 37013.6 11917.4
internal_count=318195 210524 107671 88986 121538 72028
is_linear=0
shrinkage=0.05


Tree=113
num_leaves=7
num_cat=0
split_feature=2 11 2 2 13 13
split_gain=521.302 142.364 123.81 61.0092 57.8465 36.7871
threshold=0.11286083608865739 0.13093069195747378 0.35395357012748724 0.92145884037017833 0.21680243313312533 0.26993966102600103
decision_type=2 2 2 2 2 2
left_child=1 -1 4 -4 -2 -3
right_child=2 5 3 -5 -6 -7
leaf_value=-0.026252880721226377 0.0029580690881534002 -0.0045607001610949664 0.0041107778311235948 0.022841045640601274 -0.002743068093342065 -0.012383808504925608
leaf_weight=1448.1675617806613 6669.6540448516607 2772.2410106062889 24199.517302051187 442.71129271388054 13365.332673389465 3281.4586636088789
leaf_count=37296 31837 21632 81538 1296 105621 38975
internal_value=2.60492e-05 -0.0121702 0.00207395 0.00444728 -0.000845158 -0.00880128
internal_weight=52179.1 7501.87 44677.2 24642.2 20035 6053.7
internal_count=318195 97903 220292 82834 137458 60607
is_linear=0
shrinkage=0.05


Tree=114
num_leaves=7
num_cat=0
split_feature=3 14 3 14 3 2
split_gain=563.579 136.718 114.018 83.0318 76.8399 58.2361
threshold=0.22688253223896029 0.18037085235118869 0.40891252458095556 0.22516347467899325 0.075154017657041564 0.097082629799842848
decision_type=2 2 2 2 2 2
left_child=1 -1 3 -2 -3 -4
right_child=2 4 5 -5 -6 -7
leaf_value=-0.023856027498290088 -0.0092042838543698238 -0.017777877164848337 0.0083673468618026148 0.0010413733290266815 -0.0056432535174653657 0.0033424787001139268
leaf_weight=1431.5787619650364 2252.3394800052047 1524.2371792905033 8325.0294785127044 16202.237754717469 9053.1619648747146 18759.059326827526
leaf_count=32628 31638 17382 27407 78561 70358 60221
internal_value=0.000280859 -0.00935457 0.00282181 -0.000209086 -0.00739189 0.00488701
internal_weight=57547.6 12009 45538.7 18454.6 10577.4 27084.1
internal_count=318195 120368 197827 110199 87740 87628
is_linear=0
shrinkage=0.05


Tree=115
num_leaves=7
num_cat=0
split_feature=1 14 1 13 13 13
split_gain=717.739 213.006 196.331 99.5635 97.6807 60.1048
threshold=0.45069745182991033 0.19688486307859424 0.093255661427974715 0.23107682168483737 0.53250849246978771 0.098220933228731169
decision_type=2 2 2 2 2 2
left_child=2 -2 5 -4 -3 -1
right_child=1 4 3 -5 -6 -7
leaf_value=-0.021137995103557572 0.014965705491753481 0.0045352326926012326 -0.0047896392700555526 -0.00026418383773382711 -0.02441266990635629 -0.0092063433427660279
leaf_weight=1323.3172730505466 5753.563830666244 21298.658831425011 22964.318879932165 25818.249079957604 295.45953667908907 5214.7340161800385
leaf_count=4277 60300 98332 63162 74686 1598 15840
internal_value=-0.000209329 0.00641691 -0.003485 -0.00239454 0.00413916 -0.0116213
internal_weight=82668.3 27347.7 55320.6 48782.6 21594.1 6538.05
internal_count=318195 160230 157965 137848 99930 20117
is_linear=0
shrinkage=0.05


Tree=116
num_leaves=7
num_cat=0
split_feature=2 11 1 2 13 2
split_gain=477.736 137.183 110.259 83.3654 46.6561 34.6424
threshold=0.11286083608865739 0.13093069195747378 0.13144966959953311 0.27614538371562963 0.098220933228731169 0.041775921359658248
decision_type=2 2 2 2 2 2
left_child=1 -1 4 -4 -2 -3
right_child=2 5 3 -5 -6 -7
leaf_value=-0.02589579534030936 0.015062477565348981 -0.016592541386663533 -0.0024900377339968725 0.0025455925865801999 0.0052864309934105786 -0.0066932427837719608
leaf_weight=1392.8603287190199 1442.8214812278748 1077.7156879641116 13015.083937682211 22303.70310344547 7918.8663999885321 4910.880918905139
leaf_count=37296 4560 11824 103957 87142 24633 48783
internal_value=2.19376e-05 -0.011762 0.00196871 0.000689947 0.00679311 -0.00847473
internal_weight=52061.9 7381.46 44680.5 35318.8 9361.69 5988.6
internal_count=318195 97903 220292 191099 29193 60607
is_linear=0
shrinkage=0.05


Tree=117
num_leaves=7
num_cat=0
split_feature=3 11 0 11 2 3
split_gain=521.391 111.255 111.015 84.2395 82.8415 75.0802
threshold=0.21936375647783282 0.22981455922126773 0.27037951350212103 0.21030605584383014 0.10213857889175416 0.075154017657041564
decision_type=2 2 2 2 2 2
left_child=1 -1 3 -2 -4 -3
right_child=2 5 4 -5 -6 -7
leaf_value=-0.020746599831973113 -0.012800512251647762 -0.017513508846648811 0.0080328742885006424 -5.1581818564167796e-05 0.0025311441473542446 -0.0052719986591890913
leaf_weight=1813.2135832309723 1509.8184098526835 1489.0791029110551 9242.396029740572 9136.9367178305984 26345.703943900764 7885.5226740390062
leaf_count=36723 24846 17249 34981 49873 94365 60158
internal_value=0.000276207 -0.0094093 0.00261989 -0.00185951 0.00395997 -0.00721646
internal_weight=57422.7 11187.8 46234.9 10646.8 35588.1 9374.6
internal_count=318195 114130 204065 74719 129346 77407
is_linear=0
shrinkage=0.05


Tree=118
num_leaves=7
num_cat=0
split_feature=1 7 11 1 14 7
split_gain=655.312 247.424 142.927 95.0168 88.6036 58.2149
threshold=0.61367473006248485 0.20385285466909411 0.11446088179945947 0.065261609852314009 0.27251479029655462 0.47502128779888159
decision_type=2 2 2 2 2 2
left_child=1 3 -2 -1 -3 -4
right_child=2 4 5 -5 -6 -7
leaf_value=-0.015642343957553258 0.019964613334610207 0.0036554431605094148 0.00353938021269003 -0.0053411784930751278 -0.001407068384798521 0.010594682967201488
leaf_weight=2512.2732256054878 2659.866906888783 11671.373065389693 5754.6155666857958 20546.050194963813 33308.629999414086 5943.5047205761075
leaf_count=8259 35643 45491 29051 57678 99096 42977
internal_value=-0.000203904 -0.00225228 0.00950276 -0.00646352 -9.34522e-05 0.00712399
internal_weight=82396.3 68038.3 14358 23058.3 44980 11698.1
internal_count=318195 210524 107671 65937 144587 72028
is_linear=0
shrinkage=0.05


Tree=119
num_leaves=7
num_cat=0
split_feature=2 14 14 7 3 4
split_gain=440.416 133.293 126.71 73.3409 50.2192 29.3006
threshold=0.10842734202742578 0.29082885384559637 0.16688022762537005 0.077110897749662413 0.172464594244957 0.53967744112014782
decision_type=2 2 2 2 2 2
left_child=2 4 -1 -3 -2 -4
right_child=1 3 5 -5 -6 -7
leaf_value=-0.025714337138931939 0.0037751306636138898 0.014653591875194803 -0.0061169031065371965 0.0025691447056621691 -0.0066668782858212124 -0.014089622079256015
leaf_weight=1318.9467714205384 1450.8742714039981 1299.9441156387329 3904.1921307966113 36760.951576482505 5579.2093550860882 1635.0061755850911
leaf_count=35516 14063 4010 33113 158777 48569 24147
internal_value=1.81015e-05 0.00181354 -0.0117866 0.00298188 -0.00451185 -0.00847021
internal_weight=51949.1 45091 6858.15 38060.9 7030.08 5539.2
internal_count=318195 225419 92776 162787 62632 57260
is_linear=0
shrinkage=0.05


Tree=120
num_leaves=7
num_cat=0
split_feature=3 14 9 0 2 12
split_gain=462.62 131.337 98.0459 74.4652 46.8946 39.4412
threshold=0.22688253223896029 0.18037085235118869 0.41399471461772924 0.036864470690488822 0.016876585781574253 0.26560235023498541
decision_type=2 2 2 2 2 2
left_child=1 -1 5 -3 -4 -2
right_child=2 3 4 -5 -6 -7
leaf_value=-0.02344744630401592 0.0065738530164903344 -0.017253151605210081 0.025611358951639102 -0.0050862715575477561 0.0046495396163977014 -0.00037619107844325369
leaf_weight=1336.8644575215876 2249.5928447842598 1463.5685068033636 270.24511563777924 8935.1608448885381 21001.880876757205 22050.567981306463
leaf_count=32572 17970 17487 953 70156 70656 108364
internal_value=0.000157392 -0.00869525 0.00243709 -0.0067987 0.00491584 0.000267211
internal_weight=57307.9 11735.6 45572.3 10398.7 21272.1 24300.2
internal_count=318158 120215 197943 87643 71609 126334
is_linear=0
shrinkage=0.05


Tree=121
num_leaves=7
num_cat=0
split_feature=1 11 13 10 0 2
split_gain=601.826 244.337 141.227 82.867 78.057 48.7115
threshold=0.34124055504798895 0.13895406574010852 0.11494468897581102 0.24943827092647555 0.038697279989719398 0.038112951442599304
decision_type=2 2 2 2 2 2
left_child=2 5 -1 -4 -3 -2
right_child=1 4 3 -5 -6 -7
leaf_value=-0.013631326827237869 -0.02127793208334277 0.011897437824396158 -0.0050851827018293574 -0.00043439823937301632 0.0023490117907600545 0.016160502296594527
leaf_weight=3587.2247347831726 88.635035991668701 2296.6537136808038 24655.409540832043 15662.134477987885 31453.156396768987 4396.1843714937568
leaf_count=11095 765 13961 68552 43342 128170 52273
internal_value=-0.000130422 0.00445582 -0.00412437 -0.00327849 0.00299878 0.0154206
internal_weight=82139.4 38234.6 43904.8 40317.5 33749.8 4484.82
internal_count=318158 195169 122989 111894 142131 53038
is_linear=0
shrinkage=0.05


Tree=122
num_leaves=7
num_cat=0
split_feature=2 11 1 13 2 2
split_gain=413.847 120.248 111.428 58.159 55.9194 33.8012
threshold=0.10842734202742578 0.13355241715908053 0.29111249744892126 0.10318034887313844 0.31204771995544439 0.038112951442599304
decision_type=2 2 2 2 2 2
left_child=1 -1 3 -2 -4 -3
right_child=2 5 4 -5 -6 -7
leaf_value=-0.025424142882152709 0.012125350376492554 -0.01743997583915274 -0.0033279276955979009 0.0032346317273104358 0.0021162515290511948 -0.0066238666009212147
leaf_weight=1263.9820052329451 1994.7374128550291 856.17240389436483 11475.302010551095 23625.111476443708 8008.3838992342353 4620.2524256072938
leaf_count=36112 6400 9700 101220 82249 35635 46842
internal_value=3.26554e-05 -0.0115232 0.0017596 0.00392685 -0.00109021 -0.00831483
internal_weight=51843.9 6740.41 45103.5 25619.8 19483.7 5476.42
internal_count=318158 92654 225504 88649 136855 56542
is_linear=0
shrinkage=0.05


Tree=123
num_leaves=7
num_cat=0
split_feature=3 14 9 0 2 11
split_gain=425.987 124.981 87.4274 69.9712 43.7152 39.9074
threshold=0.22688253223896029 0.18037085235118869 0.43017633259296423 0.036864470690488822 0.034345176070928581 0.15105224400758746
decision_type=2 2 2 2 2 2
left_child=1 -1 5 -3 -4 -2
right_child=2 3 4 -5 -6 -7
leaf_value=-0.023043432476422664 -0.0061530490802975037 -0.016807587852511446 0.01353233438850956 -0.0049005797621429091 0.0042835192387231128 0.0010699581961787668
leaf_weight=1292.929150223732 2071.7418760024011 1432.6594879180193 1379.592977616936 8890.1322470828891 17284.033341236413 24848.56808482483
leaf_count=32572 26624 17487 4710 70156 56521 110088
internal_value=0.000159181 -0.00838862 0.00233734 -0.00655311 0.00496718 0.000514088
internal_weight=57199.7 11615.7 45583.9 10322.8 18663.6 26920.3
internal_count=318158 120215 197943 87643 61231 136712
is_linear=0
shrinkage=0.05


Tree=124
num_leaves=7
num_cat=0
split_feature=1 14 13 0 10 5
split_gain=541.684 229.55 129.67 81.483 76.2087 55.0779
threshold=0.33758941292762762 0.19991566240787509 0.11494468897581102 0.075050644576549544 0.24772320687770846 0.068279135972261443
decision_type=2 2 2 2 2 2
left_child=2 5 -1 -3 -4 -2
right_child=1 3 4 -5 -6 -7
leaf_value=-0.013097871779976423 -0.019736729607786302 0.008120931006093221 -0.004894841100237907 0.0013586264231280644 -0.0004167739399794362 0.0135910857441715
leaf_weight=3561.6309320628643 126.5081188082695 5342.0071757510304 24251.639356553555 26819.130088597536 15620.302297979593 6170.0096422061324
leaf_count=11092 740 30151 67511 101802 43156 63706
internal_value=-0.000130518 0.00419109 -0.00395703 0.00248185 -0.00314051 0.0129215
internal_weight=81891.2 38457.7 43433.6 32161.1 39871.9 6296.52
internal_count=318158 196399 121759 131953 110667 64446
is_linear=0
shrinkage=0.05


Tree=125
num_leaves=7
num_cat=0
split_feature=2 11 14 13 3 2
split_gain=381.79 115.425 113.424 60.5902 55.8423 32.3955
threshold=0.10842734202742578 0.13355241715908053 0.26753309369087225 0.10318034887313844 0.172464594244957 0.038112951442599304
decision_type=2 2 2 2 2 2
left_child=1 -1 4 -4 -2 -3
right_child=2 5 3 -5 -6 -7
leaf_value=-0.02506394345130198 0.0037243545595347367 -0.017056403915484124 0.01112039158788544 0.0021188204384252046 -0.0085360215406410419 -0.0063810253354127213
leaf_weight=1218.5526828020811 1239.1711206994951 840.96503138169646 1965.6490143239498 38184.529154088348 3707.3800525646657 4586.256215620786
leaf_count=36112 12853 9700 6268 169036 37347 46842
internal_value=3.05975e-05 -0.0111576 0.00167936 0.00255951 -0.00546465 -0.00803521
internal_weight=51742.5 6645.77 45096.7 40150.2 4946.55 5427.22
internal_count=318158 92654 225504 175304 50200 56542
is_linear=0
shrinkage=0.05


Tree=126
num_leaves=7
num_cat=0
split_feature=3 14 6 0 11 2
split_gain=391.27 118.655 78.6167 67.1386 50.2569 39.6812
threshold=0.22688253223896029 0.18037085235118869 0.49687701463699346 0.022931494750082496 0.16112859547138217 0.034345176070928581
decision_type=2 2 2 2 2 2
left_child=1 -1 4 -3 -2 -4
right_child=2 3 5 -5 -6 -7
leaf_value=-0.02262655003744328 -0.0058247658091476152 -0.02272409874534469 0.013690826766263105 -0.0053142055150695216 0.0014904931370593199 0.0045805546893206922
leaf_weight=1250.4768505617976 2547.5334279946983 587.42723489552736 1330.5309022963047 9661.4352585449815 29958.669264454395 11756.573149129748
leaf_count=32572 30884 7429 4223 80214 128224 34612
internal_value=0.000155826 -0.00808617 0.00223458 -0.00631208 0.000917191 0.00550677
internal_weight=57092.6 11499.3 45593.3 10248.9 32506.2 13087.1
internal_count=318158 120215 197943 87643 159108 38835
is_linear=0
shrinkage=0.05


Tree=127
num_leaves=7
num_cat=0
split_feature=1 11 1 13 0 2
split_gain=490.453 205.891 125.502 80.8069 65.9516 45.3219
threshold=0.34124055504798895 0.13895406574010852 0.065261609852314009 0.22949985414743426 0.038697279989719398 0.038112951442599304
decision_type=2 2 2 2 2 2
left_child=2 5 -1 -4 -3 -2
right_child=1 4 3 -5 -6 -7
leaf_value=-0.014340640432167552 -0.020994779281952453 0.011013346261928757 -0.0050243920263672972 -0.00056467013422406944 0.0021297584039716151 0.015109636240506206
leaf_weight=2620.4512188583612 88.760360598564148 2238.5825012400746 23009.310067176819 18184.510739475489 31316.928318679333 4195.8717840276659
leaf_count=8721 765 13961 64125 50143 128170 52273
internal_value=-0.000129431 0.00404032 -0.00373063 -0.0030557 0.00272241 0.0143617
internal_weight=81654.4 37840.1 43814.3 41193.8 33555.5 4284.63
internal_count=318158 195169 122989 114268 142131 53038
is_linear=0
shrinkage=0.05


Tree=128
num_leaves=7
num_cat=0
split_feature=2 11 14 7 12 2
split_gain=352.531 111.252 101.809 53.5153 44.967 30.8843
threshold=0.10842734202742578 0.13355241715908053 0.29213148355484014 0.077110897749662413 0.280357375741005 0.038112951442599304
decision_type=2 2 2 2 2 2
left_child=1 -1 4 -4 -2 -3
right_child=2 5 3 -5 -6 -7
leaf_value=-0.024719570781677122 0.002727668750162851 -0.01665122784000744 0.012605089242223448 0.0022806256251108794 -0.0062867389251673265 -0.0061397957341513569
leaf_weight=1177.7944967448711 1883.85988249816 825.50653167441487 1299.5535945594311 36703.712062720209 5207.9955036342144 4552.8016109634191
leaf_count=36112 20503 9700 3988 157937 43076 46842
internal_value=3.23731e-05 -0.0108012 0.00160739 0.00263368 -0.00389218 -0.00775318
internal_weight=51651.2 6556.1 45095.1 38003.3 7091.86 5378.31
internal_count=318158 92654 225504 161925 63579 56542
is_linear=0
shrinkage=0.05


Tree=129
num_leaves=7
num_cat=0
split_feature=3 14 9 0 6 12
split_gain=360.713 110.893 74.3194 61.7181 42.4516 41.3341
threshold=0.21936375647783282 0.16688022762537005 0.40552993118762976 0.022931494750082496 0.34236489236354833 0.26246286928653723
decision_type=2 2 2 2 2 2
left_child=1 -1 5 -3 -4 -2
right_child=2 3 4 -5 -6 -7
leaf_value=-0.023437563335968459 0.006589673900457573 -0.022342413556030963 -0.0061281742028201878 -0.0054199835137653495 0.0045551188649638813 -0.0005858275477687888
leaf_weight=1063.2889588102698 2216.3990384377539 572.79077696427703 971.22340134158731 9079.4386613070965 21841.124938737601 21241.434741903096
leaf_count=28967 19062 7431 6462 77573 71352 107311
internal_value=0.000153894 -0.00811242 0.00206826 -0.00642421 0.00410028 9.21453e-05
internal_weight=56985.7 10715.5 46270.2 9652.23 22812.3 23457.8
internal_count=318158 113971 204187 85004 77814 126373
is_linear=0
shrinkage=0.05


Tree=130
num_leaves=7
num_cat=0
split_feature=1 14 1 0 10 3
split_gain=444.272 190.406 116.064 80.1716 74.9232 59.2643
threshold=0.33758941292762762 0.22761652618646624 0.065261609852314009 0.075050644576549544 0.23452052474021914 0.42420773208141332
decision_type=2 2 2 2 2 2
left_child=2 5 -1 -3 -4 -2
right_child=1 3 4 -5 -6 -7
leaf_value=-0.013834368277112978 0.012528062006449152 0.0076368844406085115 -0.0047836765886680394 0.00082404465227253081 -0.00044787218811986217 0.000362162709934627
leaf_weight=2598.768232986331 6731.5604036524892 5221.6473212912679 23381.038129746914 24958.32003326714 17362.46005012095 1175.8862642645836
leaf_count=8721 69072 29867 65205 92512 47833 4948
internal_value=-0.000127382 0.00381237 -0.00358947 0.00200278 -0.00293601 0.0107189
internal_weight=81429.7 38087.4 43342.3 30180 40743.5 7907.45
internal_count=318158 196399 121759 122379 113038 74020
is_linear=0
shrinkage=0.05


Tree=131
num_leaves=7
num_cat=0
split_feature=2 14 14 3 7 2
split_gain=325.084 107.12 92.9621 53.191 51.1716 28.0468
threshold=0.10842734202742578 0.16008356958627704 0.26753309369087225 0.21022713184356692 0.081884332001209273 0.038112951442599304
decision_type=2 2 2 2 2 2
left_child=1 -1 3 -2 -4 -3
right_child=2 5 4 -5 -6 -7
leaf_value=-0.024675611065155544 0.0019658127871681245 -0.016010700026730926 0.010832290469950233 -0.0089071364403292604 0.0019515964440316427 -0.0059991652362521818
leaf_weight=1098.618819758296 1759.7691061235964 826.83754371292889 1693.3983831554651 3117.4668276999146 38521.195296779275 4544.4127536602318
leaf_count=34333 20311 9968 5226 29889 170078 48353
internal_value=3.10863e-05 -0.01045 0.00153493 -0.00498404 0.00232555 -0.00754032
internal_weight=51561.7 6469.87 45091.8 4877.24 40214.6 5371.25
internal_count=318158 92654 225504 50200 175304 58321
is_linear=0
shrinkage=0.05


Tree=132
num_leaves=7
num_cat=0
split_feature=3 14 2 11 0 2
split_gain=331.345 105.607 68.4046 110.222 59.3084 25.5759
threshold=0.21936375647783282 0.16688022762537005 0.062029045075178153 0.16756635904312137 0.022931494750082496 0.016876585781574253
decision_type=2 2 2 2 2 2
left_child=1 -1 5 -4 -3 -2
right_child=2 4 3 -5 -6 -7
leaf_value=-0.023043005028855916 0.021829602644294385 -0.021981007487961616 -0.010099804307647533 0.0018824320499954521 -0.0052050316826788299 0.0065317705731453473
leaf_weight=1028.6622088998556 289.33947769552469 559.50801198929548 2018.4197478070855 39065.25040954724 9024.034253899008 4903.9021281227469
leaf_count=28967 1053 7431 27059 153288 77573 22787
internal_value=0.000149887 -0.00781858 0.00197721 0.00129375 -0.00618445 0.00738408
internal_weight=56889.1 10612.2 46276.9 41083.7 9583.54 5193.24
internal_count=318158 113971 204187 180347 85004 23840
is_linear=0
shrinkage=0.05


Tree=133
num_leaves=7
num_cat=0
split_feature=1 7 11 7 14 7
split_gain=404.027 176.042 105.837 79.691 69.5984 33.9981
threshold=0.61367473006248485 0.20385285466909411 0.12119341641664506 0.071764405816793456 0.26753309369087225 0.47816540300846105
decision_type=2 2 2 2 2 2
left_child=1 3 -2 -1 -3 -4
right_child=2 4 5 -5 -6 -7
leaf_value=-0.018666035494101525 0.016996404499901977 0.0036198547097679372 0.0029694192040170394 -0.0046322778847210679 -0.00099485107058207918 0.0085077569714276553
leaf_weight=1060.9836736768484 2514.3548875674605 10748.446580402553 5756.3928229734302 21725.783099398017 34066.866958014667 5342.9913439638913
leaf_count=3650 38362 43064 29698 62150 101588 39646
internal_value=-0.000124888 -0.00170746 0.00773373 -0.00528571 0.000111934 0.00563545
internal_weight=81215.8 67602.1 13613.7 22786.8 44815.3 11099.4
internal_count=318158 210452 107706 65800 144652 69344
is_linear=0
shrinkage=0.05


Tree=134
num_leaves=7
num_cat=0
split_feature=2 11 14 2 12 2
split_gain=300.271 103.295 82.1932 46.4878 43.3081 28.4261
threshold=0.10842734202742578 0.13355241715908053 0.29213148355484014 0.92145884037017833 0.280357375741005 0.041775921359658248
decision_type=2 2 2 2 2 2
left_child=1 -1 4 -4 -2 -3
right_child=2 5 3 -5 -6 -7
leaf_value=-0.024029735706234154 0.0030140796253058186 -0.014937566925530714 0.0022042821933381672 0.019228005290322554 -0.0058714487405494989 -0.0054692607111479358
leaf_weight=1103.1382380891591 1869.451795861125 971.11570931784809 37662.434958390892 405.33935287594795 5146.6202764473855 4314.8314415216446
leaf_count=36112 20503 11682 160682 1243 43076 44860
internal_value=3.13931e-05 -0.0101131 0.00146902 0.00238555 -0.00350388 -0.00720874
internal_weight=51472.9 6389.09 45083.8 38067.8 7016.07 5285.95
internal_count=318158 92654 225504 161925 63579 56542
is_linear=0
shrinkage=0.05


Tree=135
num_leaves=7
num_cat=0
split_feature=3 14 0 14 2 3
split_gain=322.766 97.0341 66.6005 64.9431 60.6128 54.0607
threshold=0.21318693459033969 0.15672313421964648 0.25863461196422582 0.28499270975589758 0.10213857889175416 0.075154017657041564
decision_type=2 2 2 2 2 2
left_child=1 -1 3 -2 -4 -3
right_child=2 5 4 -5 -6 -7
leaf_value=-0.023597828529683212 -0.0084480045345297992 -0.015450534963584742 0.006537775066958078 0.00079475882120608036 0.0018669107495877136 -0.0046748492038406085
leaf_weight=888.51803925260901 2541.8832394983619 1369.1094458177686 9308.7041853927076 7532.0249872021377 27360.025415513664 7767.2336683273315
leaf_count=26182 33274 17465 36263 40310 99016 65673
internal_value=0.0003174 -0.00782367 0.00206341 -0.00153741 0.00305265 -0.00628962
internal_weight=56767.5 10024.9 46742.6 10073.9 36668.7 9136.34
internal_count=318183 109320 208863 73584 135279 83138
is_linear=0
shrinkage=0.05


Tree=136
num_leaves=7
num_cat=0
split_feature=1 1 11 11 0 13
split_gain=361.537 128.261 119.598 69.0397 41.0823 40.0015
threshold=0.45069745182991033 0.093255661427974715 0.12602680176496509 0.53774580359458934 0.040494836866855628 0.098220933228731169
decision_type=2 2 2 2 2 2
left_child=1 5 -2 -3 -4 -1
right_child=2 3 4 -5 -6 -7
leaf_value=-0.01720672409956699 0.013679038825302687 -0.0021843273447592596 0.010090001590056775 0.0047948190485333619 0.0027074119204676212 -0.0072250595394140098
leaf_weight=1250.5760667175055 3212.7811768949032 44725.238367781043 2072.2366795837879 3848.4185317754745 20791.392105523497 5084.7434957027435
leaf_count=4295 46067 126900 14047 10731 100301 15842
internal_value=-0.000201894 -0.00250411 0.00464587 -0.00163138 0.00337653 -0.00919541
internal_weight=80985.4 54909 26076.4 48573.7 22863.6 6335.32
internal_count=318183 157768 160415 137631 114348 20137
is_linear=0
shrinkage=0.05


Tree=137
num_leaves=7
num_cat=0
split_feature=2 14 14 11 3 4
split_gain=268.371 97.909 79.4794 45.5516 33.0496 27.3265
threshold=0.10518300533294679 0.16688022762537005 0.30463835597038275 0.51613858342170726 0.172464594244957 0.13956194370985034
decision_type=2 2 2 2 2 2
left_child=1 -1 4 -4 -2 -3
right_child=2 5 3 -5 -6 -7
leaf_value=-0.023911582992084728 0.0034228824336196579 0.00023929198761629363 0.003237554875389854 -0.00098098399253987423 -0.0045513463119568149 -0.0089190478379387334
leaf_weight=1038.5697598475963 1598.3250628430396 1025.1395970731974 28574.060849659145 8245.7216994538903 6946.529545430094 3963.9863591026515
leaf_count=34097 15514 7116 123814 31326 58561 47755
internal_value=-3.24472e-05 -0.00994468 0.00128461 0.00229282 -0.00305976 -0.00703724
internal_weight=51392.3 6027.7 45364.6 36819.8 8544.85 4989.13
internal_count=318183 88968 229215 155140 74075 54871
is_linear=0
shrinkage=0.05


Tree=138
num_leaves=7
num_cat=0
split_feature=3 14 2 11 3 2
split_gain=297.171 92.6606 59.7128 110.022 51.8779 23.1573
threshold=0.21318693459033969 0.15672313421964648 0.062029045075178153 0.19029331952333453 0.056175440549850471 0.016876585781574253
decision_type=2 2 2 2 2 2
left_child=1 -1 5 -4 -3 -2
right_child=2 4 3 -5 -6 -7
leaf_value=-0.023228871989434328 0.020715616287196856 -0.018676562842972245 -0.008212117877009208 0.002033942429035544 -0.0049288404939423032 0.0062108883029571051
leaf_weight=860.58771287277341 291.51446413993835 747.8490558154881 2810.0723111089319 38740.331951841712 8326.4029328208417 4909.5519265439361
leaf_count=26182 1067 9967 33449 151165 73171 23182
internal_value=0.000304364 -0.00754891 0.00197321 0.001341 -0.00606185 0.00702386
internal_weight=56686.3 9934.84 46751.5 41550.4 9074.25 5201.07
internal_count=318183 109320 208863 184614 83138 24249
is_linear=0
shrinkage=0.05


Tree=139
num_leaves=7
num_cat=0
split_feature=4 14 1 13 9 2
split_gain=330.334 131.072 104.99 75.1782 55.0575 51.8117
threshold=0.30197726190090185 0.19991566240787509 0.093255661427974715 0.45982362329959875 0.30948376655578619 0.044903831556439407
decision_type=2 2 2 2 2 2
left_child=2 5 -1 -3 -4 -2
right_child=1 3 4 -5 -6 -7
leaf_value=-0.0088715173280314568 -0.010309813964953651 0.0028317166831463405 0.0010703771490922465 -0.0079616678925529174 -0.0030501326498702398 0.011295772093778703
leaf_weight=6307.3903534859419 291.42349097505212 25360.796694941819 11075.187164500356 1722.9068215042353 30248.1461520046 5800.5627118125558
leaf_count=20136 2385 109368 30787 8839 83497 63171
internal_value=-0.000194881 0.00363563 -0.00286291 0.0021451 -0.00194578 0.0102622
internal_weight=80806.4 33175.7 47630.7 27083.7 41323.3 6091.99
internal_count=318183 183763 134420 118207 114284 65556
is_linear=0
shrinkage=0.05


Tree=140
num_leaves=7
num_cat=0
split_feature=2 14 14 11 3 4
split_gain=246.978 94.1727 72.6983 41.6814 31.3168 25.8103
threshold=0.10518300533294679 0.16688022762537005 0.30463835597038275 0.51613858342170726 0.172464594244957 0.13956194370985034
decision_type=2 2 2 2 2 2
left_child=1 -1 4 -4 -2 -3
right_child=2 5 3 -5 -6 -7
leaf_value=-0.023552978556658874 0.0033706045681345873 0.00030089419683626686 0.0030906024680943953 -0.00094656922130900928 -0.0043945095070603559 -0.0086142808428956111
leaf_weight=1005.7119394037873 1598.5077644530684 1023.6686323434114 28626.097279876471 8231.8412793278694 6917.006747784093 3923.3807085268199
leaf_count=34097 15514 7116 123814 31326 58561 47755
internal_value=-2.93346e-05 -0.00960505 0.00122695 0.00218894 -0.00293686 -0.00676951
internal_weight=51326.2 5952.76 45373.5 36857.9 8515.51 4947.05
internal_count=318183 88968 229215 155140 74075 54871
is_linear=0
shrinkage=0.05


Tree=141
num_leaves=7
num_cat=0
split_feature=0 14 10 2 11 4
split_gain=270.543 95.283 61.36 58.5795 74.7299 25.3559
threshold=0.17402806878089908 0.16335792839527133 0.20049032568931582 0.043411549180746085 0.17743548005819323 0.61028853058815014
decision_type=2 2 2 2 2 2
left_child=1 -1 -3 5 -5 -2
right_child=3 2 -4 4 -6 -7
leaf_value=-0.022344366803720345 0.0089700135663552602 0.00080201082372946964 -0.0074033177750991892 -0.0060233446641953054 0.0022367179795179048 0.052320350687279908
leaf_weight=862.10909621417522 2444.0388532616198 3168.5113982409239 8110.590793358162 2944.7169843744487 39047.452020142227 34.203430999070406
leaf_count=25764 8275 20551 76657 37788 148589 559
internal_value=0.000292278 -0.00632288 -0.00509829 0.00209833 0.00165748 0.00956831
internal_weight=56611.6 12141.2 11279.1 44470.4 41992.2 2478.24
internal_count=318183 122972 97208 195211 186377 8834
is_linear=0
shrinkage=0.05


Tree=142
num_leaves=7
num_cat=0
split_feature=1 11 1 9 1 7
split_gain=302.05 134.486 88.4209 51.3094 50.523 36.3255
threshold=0.33380828797817236 0.11446088179945947 0.093255661427974715 0.30948376655578619 0.64390885829925548 0.077110897749662413
decision_type=2 2 2 2 2 2
left_child=2 -2 5 -4 -3 -1
right_child=1 4 3 -5 -6 -7
leaf_value=-0.016462697833926728 0.013463725742532665 0.0010569074985951679 0.00099409457073026865 -0.0032531930881856512 0.0053410639858714592 -0.0067218331515509974
leaf_weight=1177.9962920546532 2871.9182008765638 25595.253039844334 9680.0084976404905 26790.15456674993 9412.4465834125876 5104.0044034719467
leaf_count=4192 41521 92810 26685 73699 63331 15945
internal_value=-0.000189019 0.0030621 -0.0030696 -0.00212587 0.00220878 -0.00854843
internal_weight=80631.8 37879.6 42752.2 36470.2 35007.7 6282
internal_count=318183 197662 120521 100384 156141 20137
is_linear=0
shrinkage=0.05


Tree=143
num_leaves=7
num_cat=0
split_feature=2 11 14 11 3 2
split_gain=229.133 90.3038 65.4366 39.6612 30.4346 27.0097
threshold=0.10518300533294679 0.13093069195747378 0.30463835597038275 0.51613858342170726 0.21318693459033969 0.038112951442599304
decision_type=2 2 2 2 2 2
left_child=1 -1 4 -4 -2 -3
right_child=2 5 3 -5 -6 -7
leaf_value=-0.023451829224814886 0.0019356163068705353 -0.015204448135213065 0.0029670654398632362 -0.00097182858846089253 -0.0046836971830135658 -0.0050075916030372716
leaf_weight=946.72420196421444 2436.6480554267764 769.1554875485599 28669.790348801762 8224.0808371677995 6043.6833656448871 4171.8135649915785
leaf_count=34195 25784 9704 123814 31326 48291 45069
internal_value=-2.54645e-05 -0.00930547 0.0011787 0.00208904 -0.00278177 -0.00659493
internal_weight=51261.9 5887.69 45374.2 36893.9 8480.33 4940.97
internal_count=318183 88968 229215 155140 74075 54773
is_linear=0
shrinkage=0.05


Tree=144
num_leaves=7
num_cat=0
split_feature=3 14 2 11 3 2
split_gain=256.165 84.5526 52.0168 93.5823 50.0812 20.8794
threshold=0.21318693459033969 0.15672313421964648 0.063085958361625685 0.18078664690256122 0.056175440549850471 0.016876585781574253
decision_type=2 2 2 2 2 2
left_child=1 -1 5 -4 -3 -2
right_child=2 4 3 -5 -6 -7
leaf_value=-0.022528554496032378 0.019477349591016397 -0.018228457060272433 -0.0084438506993193239 0.0018044920438042965 -0.0045673539643209899 0.0057096718668222775
leaf_weight=811.96139509603381 291.24138122051954 730.32640606164932 2362.3403701316565 39038.177181124687 8241.6245457474142 5057.5506161171943
leaf_count=26182 1067 9967 30900 152791 73171 24105
internal_value=0.000279463 -0.00707769 0.0018192 0.00121971 -0.00567938 0.00645932
internal_weight=56533.2 9783.91 46749.3 41400.5 8971.95 5348.79
internal_count=318183 109320 208863 183691 83138 25172
is_linear=0
shrinkage=0.05


Tree=145
num_leaves=7
num_cat=0
split_feature=1 11 13 13 3 1
split_gain=272.971 121.446 86.9375 49.6268 47.3924 33.1207
threshold=0.33380828797817236 0.11446088179945947 0.11494468897581102 0.23107682168483737 0.40596775710582739 0.6824459731578828
decision_type=2 2 2 2 2 2
left_child=2 5 -1 -4 -3 -2
right_child=1 4 3 -5 -6 -7
leaf_value=-0.010515781571937211 0.0066673714573205981 0.0030789282665784961 -0.0038470734233818447 -0.00027065555001251743 -0.0013921817055062614 0.017635332032938104
leaf_weight=3462.9410051703453 1207.7221301198006 27361.002923805267 21740.519600868225 17513.554526790977 7565.5857698470354 1600.4691984802485
leaf_count=11149 13276 131787 61094 48278 24354 28245
internal_value=-0.000184036 0.00291474 -0.00292139 -0.00225142 0.00211042 0.0129183
internal_weight=80451.8 37734.8 42717 39254.1 34926.6 2808.19
internal_count=318183 197662 120521 109372 156141 41521
is_linear=0
shrinkage=0.05


Tree=146
num_leaves=7
num_cat=0
split_feature=2 14 14 13 3 4
split_gain=211.444 87.0415 59.6095 36.9883 33.2444 24.2794
threshold=0.10518300533294679 0.16688022762537005 0.29082885384559637 0.098220933228731169 0.21318693459033969 0.13956194370985034
decision_type=2 2 2 2 2 2
left_child=1 -1 4 -4 -2 -3
right_child=2 5 3 -5 -6 -7
leaf_value=-0.022859157673519589 0.0019711761459315471 0.0005774184647236979 0.0092858369290291475 0.0015702776337126884 -0.0055329196265034228 -0.0081073737608804552
leaf_weight=947.27735664322972 2154.374677348882 1016.934056006372 1621.58326433599 36916.648527581245 4686.6445085480809 3856.8752154689282
leaf_count=34097 24091 7116 5081 159113 40930 47755
internal_value=-1.93929e-05 -0.00899074 0.00113142 0.00189493 -0.00316973 -0.00629527
internal_weight=51200.3 5821.09 45379.3 38538.2 6841.02 4873.81
internal_count=318183 88968 229215 164194 65021 54871
is_linear=0
shrinkage=0.05


Tree=147
num_leaves=7
num_cat=0
split_feature=3 14 0 2 11 2
split_gain=235.638 80.2294 48.601 48.2254 85.514 19.4087
threshold=0.21318693459033969 0.15672313421964648 0.036864470690488822 0.063085958361625685 0.18078664690256122 0.016876585781574253
decision_type=2 2 2 2 2 2
left_child=1 -1 -3 5 -5 -2
right_child=3 2 -4 4 -6 -7
leaf_value=-0.022129842183334244 0.018751703586698573 -0.014458805735005305 -0.0039547230615014769 -0.0081234528216062585 0.0017196864042309504 0.0054844531807417872
leaf_weight=786.448092026636 291.53866021335125 1286.9300041720271 7630.5392990391701 2338.6120199747384 39068.126826696098 5061.364722866565
leaf_count=26182 1067 17517 65621 30900 152791 24105
internal_value=0.000269641 -0.00682076 -0.00547063 0.0017411 0.00116376 0.00620704
internal_weight=56463.6 9703.92 8917.47 46759.6 41406.7 5352.9
internal_count=318183 109320 83138 208863 183691 25172
is_linear=0
shrinkage=0.05


Tree=148
num_leaves=7
num_cat=0
split_feature=1 7 7 13 14 14
split_gain=248.454 125.424 73.8496 53.2862 49.4565 29.6011
threshold=0.63060313463211071 0.18817394226789477 0.49415065348148351 0.098220933228731169 0.27251479029655462 0.13736006617546084
decision_type=2 2 2 2 2 2
left_child=1 3 -2 -1 -3 -4
right_child=2 4 5 -5 -6 -7
leaf_value=-0.012787833924951066 0.0021975502886141399 0.0028056211115340232 0.014979302592879738 -0.0038798740473285952 -0.00089507758300795244 0.0077480381966951581
leaf_weight=1854.340437784791 5504.9263058528304 11970.81930026412 2084.627329852432 17733.774565011263 36725.692848980427 4407.0260792449117
leaf_count=6205 30039 49544 35555 51236 109535 36069
internal_value=-0.000178562 -0.00134444 0.00645763 -0.00472316 1.46466e-05 0.0100702
internal_weight=80281.2 68284.6 11996.6 19588.1 48696.5 6491.65
internal_count=318183 216520 101663 57441 159079 71624
is_linear=0
shrinkage=0.05


Tree=149
num_leaves=7
num_cat=0
split_feature=2 11 1 5 0 4
split_gain=196.08 72.3042 52.7983 44.1471 31.4561 23.127
threshold=0.099107086658477797 0.13093069195747378 0.13144966959953311 0.22222793102264407 0.024722503498196605 0.53686523437500011
decision_type=2 2 2 2 2 2
left_child=1 -1 4 -4 -2 -3
right_child=2 5 3 -5 -6 -7
leaf_value=-0.022838280922872906 0.016209244610644043 -0.0043171565464665855 -0.0043258212454686138 0.00083668591850956766 0.0036411117518777348 -0.012239214107595774
leaf_weight=817.11142322048545 526.84178665280342 3126.0655267871916 4767.0689608082175 31539.543239174411 9048.7257647514343 1306.2050713710487
leaf_count=31258 1554 28403 50968 155736 28511 21753
internal_value=-1.74007e-05 -0.00917138 0.00102991 0.000158847 0.0043326 -0.00665181
internal_weight=51131.6 5249.38 45882.2 36306.6 9575.57 4432.27
internal_count=318183 81414 236769 206704 30065 50156
is_linear=0
shrinkage=0.05


Tree=150
num_leaves=7
num_cat=0
split_feature=0 14 10 7 5 4
split_gain=209.411 82.1091 54.4475 39.4069 40.3101 18.6071
threshold=0.17402806878089908 0.16688022762537005 0.20049032568931582 0.1905271261930466 0.19851052016019824 0.063890460878610625
decision_type=2 2 2 2 2 2
left_child=1 -1 -3 5 -5 -2
right_child=3 2 -4 4 -6 -7
leaf_value=-0.021170531584873319 0.010399920382958262 0.00093558863127664283 -0.0068235922888533976 0.0030623790692082373 -0.00071759626019985789 0.0033830961927394558
leaf_weight=803.26295407302678 1016.2763660401106 3159.5422066524625 7949.4470648393035 11284.588353790343 18808.793452808633 13432.832529202104
leaf_count=26013 3012 20599 76287 62578 88436 41472
internal_value=0.000155542 -0.00573303 -0.00461678 0.00173036 0.00069984 0.00387662
internal_weight=56454.7 11912.3 11109 44542.5 30093.4 14449.1
internal_count=318397 122899 96886 195498 151014 44484
is_linear=0
shrinkage=0.05


Tree=151
num_leaves=7
num_cat=0
split_feature=1 14 13 13 5 13
split_gain=246.914 101.087 86.3276 65.0201 50.4366 47.5432
threshold=0.32661953568458563 0.22761652618646624 0.11494468897581102 0.44614271819591528 0.13175280392169955 0.24076407402753833
decision_type=2 2 2 2 2 2
left_child=2 4 -1 -3 -2 -4
right_child=1 3 5 -5 -6 -7
leaf_value=-0.01029669156591494 0.00010701277533474794 0.0021761078402838395 -0.0034531822452022738 -0.0077467095011917375 0.010259873402515919 0.00013550514280784073
leaf_weight=3421.326087936759 1548.2074485495687 29282.274585641921 22914.684543401003 1749.5229225307703 5827.5707400329411 15452.779764965177
leaf_count=11132 13639 117278 64388 8550 60830 42580
internal_value=-2.66699e-05 0.00286725 -0.00268644 0.00161668 0.00812874 -0.00200781
internal_weight=80196.4 38407.6 41788.8 31031.8 7375.78 38367.5
internal_count=318397 200297 118100 125828 74469 106968
is_linear=0
shrinkage=0.05


Tree=152
num_leaves=7
num_cat=0
split_feature=14 2 2 13 13 11
split_gain=184.994 81.7159 70.3578 43.5362 41.0935 31.1989
threshold=0.25694437325000768 0.073069874197244658 0.15297578275203708 0.098220933228731169 0.4289796799421311 0.11446088179945947
decision_type=2 2 2 2 2 2
left_child=2 -2 5 -3 -4 -1
right_child=1 3 4 -5 -6 -7
leaf_value=-0.020116869391880468 -0.0092938929042190727 0.0091886424924248027 -0.0089586588588341631 0.0011205231206388101 0.00316406908338265 -0.0097893277884890974
leaf_weight=1032.8584725800902 1846.5518768783659 1742.8563427254558 1259.1395676322281 41148.881777739152 1571.5682372972369 2504.5444146264344
leaf_count=39490 21687 5611 9623 191840 14477 35669
internal_value=-0.000129969 0.00100498 -0.0081034 0.00144836 -0.00222829 -0.0128048
internal_weight=51106.4 44738.3 6368.11 42891.7 2830.71 3537.4
internal_count=318397 219138 99259 197451 24100 75159
is_linear=0
shrinkage=0.05


Tree=153
num_leaves=7
num_cat=0
split_feature=0 14 0 2 14 12
split_gain=193.823 77.6711 52.3324 47.3078 89.0183 25.2872
threshold=0.17402806878089908 0.16688022762537005 0.022931494750082496 0.10213857889175416 0.21478239446878436 0.24915826320648196
decision_type=2 2 2 2 2 2
left_child=1 -1 -3 5 -5 -2
right_child=3 2 -4 4 -6 -7
leaf_value=-0.020773737448158362 0.014221431515991274 -0.02009741498979941 -0.0036991611793883114 -0.011254558832871138 0.0013140016989795749 0.0040002896395089499
leaf_weight=780.68905405327678 645.72202239558101 510.0618996694684 10548.646868716925 1472.0234249960631 32798.914367150515 9623.5048268735409
leaf_count=26013 10265 7465 89421 17651 125351 42231
internal_value=0.000154681 -0.00553152 -0.0044555 0.00166615 0.00077415 0.00464299
internal_weight=56379.6 11839.4 11058.7 44540.2 34270.9 10269.2
internal_count=318397 122899 96886 195498 143002 52496
is_linear=0
shrinkage=0.05


Tree=154
num_leaves=7
num_cat=0
split_feature=1 14 7 0 5 7
split_gain=222.991 89.2511 77.7112 52.0487 46.3567 42.8255
threshold=0.33380828797817236 0.22761652618646624 0.11041475087404252 0.055413771420717246 0.13175280392169955 0.4048623144626618
decision_type=2 2 2 2 2 2
left_child=2 4 -1 -3 -2 -4
right_child=1 3 5 -5 -6 -7
leaf_value=-0.0083181732747773327 -8.4722209170263642e-06 0.0073200936596270767 -0.0022687948221348305 0.00083822130356358692 0.0098396003322715961 0.0034847670684746536
leaf_weight=5066.2134478390217 1511.2748309932649 3503.5425965338945 33972.741252243519 26693.618428707123 5709.0194469057024 3574.5108356624842
leaf_count=16352 13531 22013 93981 101600 60690 10230
internal_value=-3.223e-05 0.00278434 -0.00250537 0.00159026 0.00777831 -0.00172105
internal_weight=80030.9 37417.5 42613.5 30197.2 7220.29 37547.3
internal_count=318397 197834 120563 123613 74221 104211
is_linear=0
shrinkage=0.05


Tree=155
num_leaves=7
num_cat=0
split_feature=14 5 3 11 13 5
split_gain=168.386 69.9537 63.1798 52.5578 40.0282 22.651
threshold=0.25694437325000768 0.13175280392169955 0.1694530323147774 0.11446088179945947 0.098220933228731169 0.15830945223569873
decision_type=2 2 2 2 2 2
left_child=2 -2 5 -4 -3 -1
right_child=1 4 3 -5 -6 -7
leaf_value=-0.01919042219310324 -0.0082945290194447983 0.0087918339205715554 -0.021169199257698001 -0.0078763743590122472 0.0010640231320874049 0.0044410613874135202
leaf_weight=111.38269928097725 1954.003352439031 1747.0141748189926 906.02409318089485 4148.0678956359625 41042.518942421302 1131.5889259632677
leaf_count=2982 22329 5621 34054 47400 191188 14823
internal_value=-0.000120325 0.000957057 -0.00777562 -0.0102593 0.00137953 0.00232344
internal_weight=51040.6 44743.5 6297.06 5054.09 42789.5 1242.97
internal_count=318397 219138 99259 81454 196809 17805
is_linear=0
shrinkage=0.05


Tree=156
num_leaves=7
num_cat=0
split_feature=3 14 0 0 14 2
split_gain=179.843 68.744 48.0177 39.3825 47.0268 40.2794
threshold=0.21936375647783282 0.18037085235118869 0.022931494750082496 0.26582863926887518 0.28348949551582342 0.10213857889175416
decision_type=2 2 2 2 2 2
left_child=1 -1 -3 4 -2 -5
right_child=3 2 -4 5 -6 -7
leaf_value=-0.019266319150284459 -0.0073261358966758786 -0.019720506982305281 -0.0037668895888942656 0.0050820384105877648 0.00063572174820842361 0.0012584071730529448
leaf_weight=880.81641325727105 2449.5133391581476 498.93641328811646 8625.2380765080452 9249.4484253395349 7636.6469089388847 26973.82523390092
leaf_count=30271 32407 7462 76352 35438 40266 96201
internal_value=0.000151999 -0.00592701 -0.00463928 0.00146535 -0.00129789 0.00223475
internal_weight=56314.4 10005 9124.17 46309.4 10086.2 36223.3
internal_count=318397 114085 83814 204312 72673 131639
is_linear=0
shrinkage=0.05


Tree=157
num_leaves=7
num_cat=0
split_feature=1 11 13 13 7 1
split_gain=202.257 81.5926 74.4571 49.1218 42.05 28.1668
threshold=0.32661953568458563 0.11663634330034257 0.11494468897581102 0.44614271819591528 0.39004564285278326 0.68520703911781322
decision_type=2 2 2 2 2 2
left_child=2 5 -1 -3 -4 -2
right_child=1 3 4 -5 -6 -7
leaf_value=-0.0095478586702176793 0.0054094619554431039 0.002614876725798505 -0.0023744175470501987 -0.0033193959579709952 0.0030649732450327939 0.015653983032149814
leaf_weight=3385.2773117274046 1236.1808225959539 31536.884885471314 34369.509535372257 3920.7618611417711 3962.7449587136507 1467.4244826473296
leaf_count=11132 14218 131096 95721 26572 11247 28411
internal_value=-3.34932e-05 0.0025971 -0.00243984 0.00195869 -0.0018121 0.0109698
internal_weight=79878.8 38161.3 41717.5 35457.6 38332.3 2703.61
internal_count=318397 200297 118100 157668 106968 42629
is_linear=0
shrinkage=0.05


Tree=158
num_leaves=7
num_cat=0
split_feature=2 14 14 3 11 4
split_gain=161.132 69.9105 52.9131 49.7786 40.5316 22.0896
threshold=0.099107086658477797 0.16688022762537005 0.25694437325000768 0.21022713184356692 0.53774580359458934 0.17061652988195422
decision_type=2 2 2 2 2 2
left_child=1 -1 3 -2 -4 -3
right_child=2 5 4 -5 -6 -7
leaf_value=-0.022318788838454454 0.0023263003335263609 -0.00037409393093012046 0.0020453984596828932 -0.0088440921337610435 -0.0021929256153653876 -0.0083082956495971663
leaf_weight=780.52429245039821 1626.3755517154932 1224.4380386918783 34942.846222618595 2578.6722987480462 6726.76166023314 3093.7884145379066
leaf_count=31149 21878 8910 159259 30166 25610 41425
internal_value=-0.000115439 -0.00854769 0.000821765 -0.00452375 0.0013612 -0.00605854
internal_weight=50973.4 5098.75 45874.7 4205.05 41669.6 4318.23
internal_count=318397 81484 236913 52044 184869 50335
is_linear=0
shrinkage=0.05


Tree=159
num_leaves=7
num_cat=0
split_feature=3 13 14 6 0 14
split_gain=166.984 66.2265 40.6399 35.5589 35.4691 40.9792
threshold=0.21936375647783282 0.26391476392745977 0.15672313421964648 0.10505828261375429 0.26092654466629034 0.28348949551582342
decision_type=2 2 2 2 2 2
left_child=1 3 -3 -1 5 -2
right_child=4 2 -4 -5 -6 -7
leaf_value=-0.016190584804050192 -0.0070670139546418409 -0.019847959582149122 -0.0074340735735188724 0.00089909420093613039 0.0021263239202112152 0.00055257144229847678
leaf_weight=333.29877368360758 2322.9287895075977 751.97485895454884 5349.0413521062583 3508.44671340473 36638.178221713752 7341.220330838114
leaf_count=3630 31353 27693 57401 25361 134027 38932
internal_value=0.00015313 -0.005726 -0.00896414 -0.000583557 0.00141559 -0.00127891
internal_weight=56245.1 9942.76 6101.02 3841.75 46302.3 9664.15
internal_count=318397 114085 85094 28991 204312 70285
is_linear=0
shrinkage=0.05


Tree=160
num_leaves=7
num_cat=0
split_feature=7 11 1 11 13 13
split_gain=185.949 80.7615 79.2308 96.1461 77.983 32.0592
threshold=0.3538071364164353 0.12602680176496509 0.065261609852314009 0.53774580359458934 0.44614271819591528 0.41352863609790808
decision_type=2 2 2 2 2 2
left_child=2 5 -1 -4 -3 -2
right_child=1 4 3 -5 -6 -7
leaf_value=-0.010675381298041579 0.020644261616645183 0.0033627207007740747 -0.002319655652001758 0.0044383184914998271 -0.0038317251296430981 0.0080150146417709549
leaf_weight=2451.8744337111712 608.054811373353 21969.28462825343 41236.19925763458 6033.077541731298 4545.9507476985455 2894.7243374995887
leaf_count=8685 6937 95747 120338 19071 25775 41844
internal_value=-3.56152e-05 0.00307188 -0.0019117 -0.00145712 0.00212926 0.0102074
internal_weight=79739.2 30018 49721.2 47269.3 26515.2 3502.78
internal_count=318397 170303 148094 139409 121522 48781
is_linear=0
shrinkage=0.05


Tree=161
num_leaves=7
num_cat=0
split_feature=2 14 14 3 11 1
split_gain=148.484 65.2668 52.3644 49.0131 39.1312 20.1694
threshold=0.097082629799842848 0.17018022388219836 0.25694437325000768 0.21022713184356692 0.51613858342170726 0.14462320506572726
decision_type=2 2 2 2 2 2
left_child=1 -1 3 -2 -4 -3
right_child=2 5 4 -5 -6 -7
leaf_value=-0.021945988438584783 0.0022486400411829703 0.00013905005646917666 0.0020605922849393945 -0.008783724043407215 -0.0017898194194158252 -0.0079425241780265374
leaf_weight=752.29743323847651 1640.0995380114764 1027.1929949112236 33577.683886660263 2606.9437000975013 8212.431851696223 3108.1133436728269
leaf_count=30556 22402 7657 154251 31212 31558 40761
internal_value=-0.000113361 -0.00839948 0.000766348 -0.00452331 0.00130392 -0.00593509
internal_weight=50924.8 4887.6 46037.2 4247.04 41790.1 4135.31
internal_count=318397 78974 239423 53614 185809 48418
is_linear=0
shrinkage=0.05


Tree=162
num_leaves=7
num_cat=0
split_feature=0 14 10 2 11 12
split_gain=155.581 67.1472 47.7794 41.0874 102.618 28.2122
threshold=0.17402806878089908 0.16335792839527133 0.20049032568931582 0.10213857889175416 0.22269634902477267 0.24915826320648196
decision_type=2 2 2 2 2 2
left_child=1 -1 -3 5 -5 -2
right_child=3 2 -4 4 -6 -7
leaf_value=-0.019890642611493047 0.014422122353256114 0.001178961438440097 -0.0061250738670271948 -0.0093711353612780223 0.0014104419148894718 0.0035940254047161684
leaf_weight=710.41516917571425 641.67624922096729 3141.1429417878389 7795.9607277996838 2370.9793127980083 31905.471645135432 9620.1640014890581
leaf_count=25636 10265 20599 76664 22701 120301 42231
internal_value=0.000150097 -0.0049949 -0.00402735 0.0014956 0.000664656 0.00427111
internal_weight=56185.8 11647.5 10937.1 44538.3 34276.5 10261.8
internal_count=318397 122899 97263 195498 143002 52496
is_linear=0
shrinkage=0.05


Tree=163
num_leaves=7
num_cat=0
split_feature=13 1 1 14 13 14
split_gain=168.783 96.8002 62.6155 49.9987 44.4912 41.5452
threshold=0.24076407402753833 0.63060313463211071 0.20266937464475634 0.46715272963047033 0.098220933228731169 0.13736006617546084
decision_type=2 2 2 2 2 2
left_child=2 -2 4 -4 -1 -3
right_child=1 5 3 -5 -6 -7
leaf_value=-0.012366052229887523 0.00074845190367637702 0.01299660624497375 -0.0021253570256486655 0.0040809524826958292 -0.0038799526678211411 0.0047679652864347161
leaf_weight=1702.1728155463934 35193.924265962094 1899.4527464769781 11671.182331971824 4494.9228467717767 16678.139391049743 7971.0539370290935
leaf_count=5933 120903 35663 34976 14910 48473 57539
internal_value=-4.00486e-05 0.00197568 -0.00266949 -0.000399717 -0.00466584 0.00635146
internal_weight=79610.8 45064.4 34546.4 16166.1 18380.3 9870.51
internal_count=318397 214105 104292 49886 54406 93202
is_linear=0
shrinkage=0.05


Tree=164
num_leaves=7
num_cat=0
split_feature=2 14 14 13 11 1
split_gain=138.172 62.341 48.5391 36.9481 35.6485 18.9291
threshold=0.097082629799842848 0.17018022388219836 0.25694437325000768 0.4317996352910996 0.51613858342170726 0.14462320506572726
decision_type=2 2 2 2 2 2
left_child=1 -1 3 -2 -4 -3
right_child=2 5 4 -5 -6 -7
leaf_value=-0.021585281601848597 -0.0093761062095135076 0.0001342971006703422 0.001979177506616873 -3.8621893608042218e-06 -0.0016978728041745221 -0.0077023129159432442
leaf_weight=731.57618318498135 1966.5041805393994 1027.3041613660753 33613.006623465568 2260.2522182129323 8199.3505152538419 3083.4221827723086
leaf_count=30556 20391 7657 154251 33223 31558 40761
internal_value=-0.000103083 -0.0081372 0.000741929 -0.00436431 0.00125811 -0.00574388
internal_weight=50881.4 4842.3 46039.1 4226.76 41812.4 4110.73
internal_count=318397 78974 239423 53614 185809 48418
is_linear=0
shrinkage=0.05


end of trees

feature_importances:
Column_2=167
Column_14=134
Column_1=121
Column_4=121
Column_11=118
Column_3=110
Column_0=72
Column_13=48
Column_7=39
Column_6=18
Column_5=14
Column_9=11
Column_10=10
Column_12=7

parameters:
[boosting: gbdt]
[objective: multiclass]
[metric: multi_logloss]
[tree_learner: serial]
[device_type: cpu]
[data_sample_strategy: bagging]
[data: ]
[valid: ]
[num_iterations: 150]
[learning_rate: 0.05]
[num_leaves: 7]
[num_threads: 4]
[seed: 0]
[deterministic: 0]
[force_col_wise: 0]
[force_row_wise: 0]
[histogram_pool_size: -1]
[max_depth: 3]
[min_data_in_leaf: 100]
[min_sum_hessian_in_leaf: 0.001]
[bagging_fraction: 0.9]
[pos_bagging_fraction: 1]
[neg_bagging_fraction: 1]
[bagging_freq: 5]
[bagging_seed: 3]
[bagging_by_query: 0]
[feature_fraction: 0.9]
[feature_fraction_bynode: 1]
[feature_fraction_seed: 2]
[extra_trees: 0]
[extra_seed: 6]
[early_stopping_round: 0]
[early_stopping_min_delta: 0]
[first_metric_only: 0]
[max_delta_step: 0]
[lambda_l1: 0]
[lambda_l2: 0]
[linear_lambda: 0]
[min_gain_to_split: 0]
[drop_rate: 0.1]
[max_drop: 50]
[skip_drop: 0.5]
[xgboost_dart_mode: 0]
[uniform_drop: 0]
[drop_seed: 4]
[top_rate: 0.2]
[other_rate: 0.1]
[min_data_per_group: 100]
[max_cat_threshold: 32]
[cat_l2: 10]
[cat_smooth: 10]
[max_cat_to_onehot: 4]
[top_k: 20]
[monotone_constraints: ]
[monotone_constraints_method: basic]
[monotone_penalty: 0]
[feature_contri: ]
[forcedsplits_filename: ]
[refit_decay_rate: 0.9]
[cegb_tradeoff: 1]
[cegb_penalty_split: 0]
[cegb_penalty_feature_lazy: ]
[cegb_penalty_feature_coupled: ]
[path_smooth: 0]
[interaction_constraints: ]
[verbosity: -1]
[saved_feature_importance_type: 0]
[use_quantized_grad: 0]
[num_grad_quant_bins: 4]
[quant_train_renew_leaf: 0]
[stochastic_rounding: 1]
[linear_tree: 0]
[max_bin: 255]
[max_bin_by_feature: ]
[min_data_in_bin: 3]
[bin_construct_sample_cnt: 200000]
[data_random_seed: 1]
[is_enable_sparse: 1]
[enable_bundle: 1]
[use_missing: 1]
[zero_as_missing: 0]
[feature_pre_filter: 1]
[pre_partition: 0]
[two_round: 0]
[header: 0]
[label_column: ]
[weight_column: ]
[group_column: ]
[ignore_column: ]
[categorical_feature: ]
[forcedbins_filename: ]
[precise_float_parser: 0]
[parser_config_file: ]
[objective_seed: 5]
[num_class: 3]
[is_unbalance: 0]
[scale_pos_weight: 1]
[sigmoid: 1]
[boost_from_average: 1]
[reg_sqrt: 0]
[alpha: 0.9]
[fair_c: 1]
[poisson_max_delta_step: 0.7]
[tweedie_variance_power: 1.5]
[lambdarank_truncation_level: 30]
[lambdarank_norm: 1]
[label_gain: ]
[lambdarank_position_bias_regularization: 0]
[eval_at: ]
[multi_error_top_k: 1]
[auc_mu_weights: ]
[num_machines: 1]
[local_listen_port: 12400]
[time_out: 120]
[machine_list_filename: ]
[machines: ]
[gpu_platform_id: -1]
[gpu_device_id: -1]
[gpu_use_dp: 0]
[num_gpu: 1]

end of parameters

pandas_categorical:null
