tree
version=v4
num_class=3
num_tree_per_iteration=3
label_index=0
max_feature_idx=14
objective=multiclass num_class:3
feature_names=Column_0 Column_1 Column_2 Column_3 Column_4 Column_5 Column_6 Column_7 Column_8 Column_9 Column_10 Column_11 Column_12 Column_13 Column_14
feature_infos=[0.0031488952226936817:0.97225707769393921] [0.010098043829202652:0.9252428412437439] [0.0047453544102609158:0.98247754573822021] [0.008942754939198494:0.94766497611999512] [0.014120115898549557:0.88167989253997803] [0.01311646681278944:0.95848721265792847] [0.026366731151938438:0.86619460582733154] [0.033245272934436798:0.89548778533935547] [0.01936548575758934:0.89950621128082275] [0.049470413476228714:0.80809301137924194] [0.034294024109840393:0.83701962232589722] [0.033551890403032303:0.79498797655105591] [0.058090519160032272:0.79596757888793945] [0.036955855786800385:0.88171190023422241] [0.034055784344673157:0.74296152591705322]
tree_sizes=885 897 885 912 910 907 912 910 907 914 917 912 913 915 908 915 909 912 912 913 913 911 916 912 912 917 909 913 916 912 910 916 914 913 914 912 914 912 913 914 915 913 915 918 917 915 919 910 913 919 914 911 922 919 918 917 914 909 919 920 913 918 921 912 919 918 917 916 915 913 921 918 914 921 920 917 918 919 917 924 919 912 922 923 920 921 919 920 923 914 919 918 914 921 921 918 920 921 917 924 923 920 923 922 928 925 919 918 925 917 922 927 920 919 924 919 923 921 918 923 929 921 921 929 918 920 928 917 925 922 922 918 925 926 919 927 921 923 924 920 917

Tree=0
num_leaves=7
num_cat=0
split_feature=0 13 0 0 7 3
split_gain=20193.5 3644.16 3643.79 1250.62 809.777 600.016
threshold=0.43235664069652563 0.27693572640419012 0.68910393118858349 0.28826199471950537 0.21751328557729724 0.25142189860343939
decision_type=2 2 2 2 2 2
left_child=1 5 4 -3 -2 -1
right_child=2 3 -4 -5 -6 -7
leaf_value=-1.8441871429161261 -1.7806310815162778 -1.8662503110446065 -1.7466130609291328 -1.8455777644619238 -1.8108791662600401 -1.8187400864525831
leaf_weight=3529.8224716186523 3068.7041702270508 28808.05485534668 3980.3057556152344 9806.4893417358398 7931.5157089233398 6738.9891357421875
leaf_count=17591 15293 143566 19836 48871 39527 33584
internal_value=-1.8384 -1.85396 -1.78761 -1.861 -1.80244 -1.82749
internal_weight=63863.9 48883.4 14980.5 38614.5 11000.2 10268.8
internal_count=318268 243612 74656 192437 54820 51175
is_linear=0
shrinkage=1


Tree=1
num_leaves=7
num_cat=0
split_feature=1 1 4 11 13 4
split_gain=36218.1 4109.8 4077.06 1056.63 780.404 676.861
threshold=0.31897982954978948 0.49824568629264837 0.15492971986532214 0.16742479056119922 0.28047768771648413 0.22414763271808627
decision_type=2 2 2 2 2 2
left_child=2 4 -1 -3 -2 -4
right_child=1 3 5 -5 -6 -7
leaf_value=-0.41709787105254098 -0.3678886675758159 -0.31392902482159674 -0.39071430418595693 -0.33071380195305466 -0.34447880510220036 -0.37328105766669178
leaf_weight=13809.482345819473 4239.8747856616974 18370.902993083 11880.521800339222 19150.541589021683 22204.912650108337 10478.556673824787
leaf_count=43892 13476 58390 37761 60868 70576 33305
internal_value=-0.355747 -0.333136 -0.395737 -0.322496 -0.348232 -0.382544
internal_weight=100135 63966.2 36168.6 37521.4 26444.8 22359.1
internal_count=318268 203310 114958 119258 84052 71066
is_linear=0
shrinkage=1


Tree=2
num_leaves=7
num_cat=0
split_feature=2 10 2 2 2 2
split_gain=20964.8 3616.97 3557.06 1681.16 738.025 570.182
threshold=0.42627316713333135 0.26693673431873327 0.74016693234443676 0.23824314028024676 0.56404659152030956 0.18756993114948275
decision_type=2 2 2 2 2 2
left_child=1 5 4 -3 -2 -1
right_child=2 3 -4 -5 -6 -7
leaf_value=-1.9648930405549128 -1.928768880460092 -1.9916349585106474 -1.8459625212649171 -1.9676115960982989 -1.8991346633228208 -1.9393091711111534
leaf_weight=3743.3655640929937 4966.3683775514364 27887.901580795646 2277.390446126461 9856.3895380496979 3641.5089688301086 5207.3505887240171
leaf_count=20691 27451 154147 12588 54480 20128 28783
internal_value=-1.96402 -1.97859 -1.90153 -1.98536 -1.91623 -1.95001
internal_weight=57580.3 46695 10885.3 37744.3 8607.88 8950.72
internal_count=318268 258101 60167 208627 47579 49474
is_linear=0
shrinkage=1


Tree=3
num_leaves=7
num_cat=0
split_feature=3 10 0 0 3 10
split_gain=17702.2 3108.47 2734.74 889.381 669.059 632.342
threshold=0.43934483826160436 0.36867125332355505 0.6699560582637788 0.29856203496456152 0.32258193194866186 0.19664933532476428
decision_type=2 2 2 2 2 2
left_child=1 4 5 -3 -1 -2
right_child=2 3 -4 -5 -6 -7
leaf_value=-0.0068884371453788147 0.052472700570423962 -0.029481700403076877 0.077161608128725356 -0.0082291643796464087 0.012531028649752116 0.02490576866072584
leaf_weight=10763.293634772301 2806.9897287935019 23633.320287242532 4865.7710299342871 6217.8995283991098 7544.2138457298279 8034.8247774988413
leaf_count=53627 13209 121727 22287 31244 37016 39158
internal_value=-7.31146e-05 -0.0151068 0.0460195 -0.0250549 0.001114 0.032043
internal_weight=63866.3 48158.7 15707.6 29851.2 18307.5 10841.8
internal_count=318268 243614 74654 152971 90643 52367
is_linear=0
shrinkage=0.05


Tree=4
num_leaves=7
num_cat=0
split_feature=1 1 4 11 10 4
split_gain=31846 3647.21 3516.08 830.606 677.344 563.053
threshold=0.3244664072990418 0.52677488327026378 0.16400412470102313 0.16417285054922107 0.27751915156841284 0.099936567246913924
decision_type=2 2 2 2 2 2
left_child=2 4 5 -3 -2 -1
right_child=1 3 -4 -5 -6 -7
leaf_value=-0.067131041255626231 -0.011730184862549512 0.041135329121730319 -0.023063101871652818 0.025196483815620247 0.0120406762096731 -0.047239843658131726
leaf_weight=5349.3971906006336 3386.7766827344894 17190.160008072853 21938.531862527132 15583.584703743458 26026.820569455624 10621.940981596708
leaf_count=16316 10680 56206 68548 50521 83453 32544
internal_value=6.56102e-05 0.0220853 -0.0360555 0.0335566 0.00930362 -0.0539021
internal_weight=100097 62187.3 37909.9 32773.7 29413.6 15971.3
internal_count=318268 200860 117408 106727 94133 48860
is_linear=0
shrinkage=0.05


Tree=5
num_leaves=7
num_cat=0
split_feature=2 2 13 2 2 2
split_gain=18168.2 3101.61 3086.11 1165.61 649.234 524.497
threshold=0.39506168663501745 0.68610495328903209 0.28047768771648413 0.19233075529336932 0.823602855205536 0.54039970040321361
decision_type=2 2 2 2 2 2
left_child=2 5 -1 -4 -3 -2
right_child=1 4 3 -5 -6 -7
leaf_value=0.0086880553944287502 0.027823257667999403 0.075406281534003014 -0.029513129847118642 -0.010248664837655228 0.12004903130553796 0.051861523343992445
leaf_weight=10254.172850951552 6073.8564210534096 2250.6702489703894 21861.549594312906 12252.867096722126 1276.1905266344547 3622.6676729023457
leaf_count=55695 32572 11322 124903 68679 6277 18820
internal_value=-3.29527e-05 0.0514083 -0.0153642 -0.0225939 0.0915602 0.0368041
internal_weight=57592 13223.4 44368.6 34114.4 3526.86 9696.52
internal_count=318268 68991 249277 193582 17599 51392
is_linear=0
shrinkage=0.05


Tree=6
num_leaves=7
num_cat=0
split_feature=0 13 0 0 3 0
split_gain=15601.1 2872.47 2420.61 668.461 605.118 555.149
threshold=0.41516542434692388 0.33268178999423986 0.65268272161483776 0.26503935456275945 0.27123366296291357 0.82808497548103344
decision_type=2 2 2 2 2 2
left_child=1 4 -2 -3 -1 -4
right_child=2 3 5 -5 -6 -7
leaf_value=-0.0097332499551124468 0.026943222717954025 -0.029456655251981906 0.057319330760430103 -0.012875734128129437 0.0096788131707906538 0.092925934438198687
leaf_weight=7013.5311073064804 11947.828535377979 21158.361714959145 4303.7714429199696 8528.7359506636858 9388.56560125947 1468.1029211133718
leaf_count=35036 56158 112658 18602 43843 45793 6178
internal_value=-8.51831e-05 -0.0154149 0.0397878 -0.0246932 0.00137822 0.066376
internal_weight=63808.9 46089.2 17719.7 29687.1 16402.1 5771.87
internal_count=318268 237330 80938 156501 80829 24780
is_linear=0
shrinkage=0.05


Tree=7
num_leaves=7
num_cat=0
split_feature=1 7 1 1 13 11
split_gain=28185.4 3325.63 2994.11 786.372 741.187 675.706
threshold=0.33841571211814886 0.211727149784565 0.54798191785812389 0.23309881985187533 0.33268178999423986 0.16417285054922107
decision_type=2 2 2 2 2 2
left_child=1 -1 4 -3 -2 -4
right_child=2 3 5 -5 -6 -7
leaf_value=-0.049398194191795336 -0.00086376663540891014 -0.030195584789055679 0.040257154471948824 -0.012136178682666721 0.016207958857890059 0.024970509745791906
leaf_weight=16338.275614500046 9163.4587107598782 10936.711897492409 16280.084167301655 13429.656007349491 20765.937707990408 13002.477711439133
leaf_count=48676 29227 33193 54891 41807 67427 43047
internal_value=8.42733e-05 -0.0319449 0.0221024 -0.020242 0.0109811 0.0334694
internal_weight=99916.6 40704.6 59212 24366.4 29929.4 29282.6
internal_count=318268 123676 194592 75000 96654 97938
is_linear=0
shrinkage=0.05


Tree=8
num_leaves=7
num_cat=0
split_feature=2 13 2 2 2 5
split_gain=15868.3 2700.02 2540.07 935.313 501.908 454.85
threshold=0.38293789327144628 0.30127714574337011 0.67445364594459545 0.19233075529336932 0.823602855205536 0.22672065347433093
decision_type=2 2 2 2 2 2
left_child=1 5 -2 -3 -4 -1
right_child=2 3 4 -5 -6 -7
leaf_value=-0.0076858242323316565 0.031954472942487662 -0.029571788671269719 0.065600394226866407 -0.011240998418664987 0.10235832078630687 0.012201913472849974
leaf_weight=4660.8462283760309 10507.64497153461 20154.113654986024 2672.1941532790661 10628.673048481345 1423.3219897001982 7503.3795968592167
leaf_count=25414 53918 119337 12534 60475 6277 40313
internal_value=-5.18651e-05 -0.0153616 0.0449733 -0.0232425 0.0783749 0.00458173
internal_weight=57550.2 42947 14603.2 30782.8 4095.52 12164.2
internal_count=318268 245539 72729 179812 18811 65727
is_linear=0
shrinkage=0.05


Tree=9
num_leaves=7
num_cat=0
split_feature=3 10 3 13 0 0
split_gain=13809.7 2320.88 2141.36 635.244 567.625 539.452
threshold=0.41609725356101995 0.40891212224960333 0.57203805446624767 0.26800882816314703 0.29856203496456152 0.82808497548103344
decision_type=2 2 2 2 2 2
left_child=1 3 -2 -1 -3 -4
right_child=2 4 5 -5 -6 -7
leaf_value=0.0071299295908079227 0.021934676345405614 -0.029651562713826192 0.049126966052805227 -0.0107068632883668 -0.0096207264149520948 0.082004033648163097
leaf_weight=8714.0144964158535 11885.28852917254 19619.996128156781 5902.9691630601883 11685.57683712244 4314.4811267256737 1582.0914769768715
leaf_count=41463 55041 108534 24809 59969 22281 6171
internal_value=-9.14339e-05 -0.0154792 0.0351275 -0.00308759 -0.0260408 0.0560761
internal_weight=63704.4 44334.1 19370.3 20399.6 23934.5 7485.06
internal_count=318268 232247 86021 101432 130815 30980
is_linear=0
shrinkage=0.05


Tree=10
num_leaves=7
num_cat=0
split_feature=1 4 11 13 7 4
split_gain=25041.3 2928.09 2859.43 1060.41 532.565 478.382
threshold=0.33841571211814886 0.17096818983554843 0.16742479056119922 0.33432982861995703 0.15529146790504458 0.24689809232950213
decision_type=2 2 2 2 2 2
left_child=1 4 -2 -4 -1 -3
right_child=2 5 3 -5 -6 -7
leaf_value=-0.053677932264728126 0.037712108955966717 -0.023922642795855247 0.00082626055417948203 0.018887604515424233 -0.036521395024643639 -0.0093717362788723491
leaf_weight=8634.6138798296452 18132.529102563858 13627.998815178871 11327.841890156269 28757.463847696781 9499.7617911100388 9647.0010193288326
leaf_count=24929 62688 41176 36352 95552 27774 29797
internal_value=9.51105e-05 -0.0296276 0.0212364 0.0137836 -0.0446904 -0.0178916
internal_weight=99627.2 41409.4 58217.8 40085.3 18134.4 23275
internal_count=318268 123676 194592 131904 52703 70973
is_linear=0
shrinkage=0.05


Tree=11
num_leaves=7
num_cat=0
split_feature=2 13 2 2 2 11
split_gain=13948.5 2422.36 2109.75 856.226 563.945 401.669
threshold=0.37526644766330725 0.30127714574337011 0.61972531676292431 0.18920403718948367 0.8053044080734254 0.30309605598449713
decision_type=2 2 2 2 2 2
left_child=1 5 -2 -3 -4 -1
right_child=2 3 4 -5 -6 -7
leaf_value=-0.0081428586875299993 0.026178681416433265 -0.029152623249453353 0.053503781704628564 -0.011396422050373537 0.087114297955994846 0.010719815329498185
leaf_weight=4494.9807973057032 9965.7294248342514 19156.284796580672 3915.0471192896366 10516.657623529434 1832.0530854165554 7584.2624595165253
leaf_count=24485 50083 117616 17656 60840 7492 40096
internal_value=-6.35312e-05 -0.0151755 0.0400919 -0.0228595 0.0642181 0.00370055
internal_weight=57465 41752.2 15712.8 29672.9 5747.1 12079.2
internal_count=318268 243037 75231 178456 25148 64581
is_linear=0
shrinkage=0.05


Tree=12
num_leaves=7
num_cat=0
split_feature=0 10 0 13 13 0
split_gain=12349.9 2268.36 1810.57 607.263 427.924 414.027
threshold=0.3963219970464707 0.40891212224960333 0.62005591392517101 0.25829225778579717 0.28371521830558782 0.82808497548103344
decision_type=2 2 2 2 2 2
left_child=1 3 4 -1 -2 -4
right_child=2 -3 5 -5 -6 -7
leaf_value=0.0073399369680464044 0.029960752472267222 -0.026123247618957159 0.044986233681828414 -0.010263670931450948 0.011692240051216447 0.073049086614117228
leaf_weight=8225.4229684174061 6151.1420757174492 22756.286574438214 5929.1947209686041 12114.43541136384 6693.9117119908333 1688.6582566797733
leaf_count=38484 26697 128827 23678 62641 31763 6178
internal_value=-9.10311e-05 -0.0152782 0.0318941 -0.00314479 0.0204405 0.051207
internal_weight=63559.1 43096.1 20462.9 20339.9 12845.1 7617.85
internal_count=318268 229952 88316 101125 58460 29856
is_linear=0
shrinkage=0.05


Tree=13
num_leaves=7
num_cat=0
split_feature=1 11 4 13 13 4
split_gain=22255.1 2721.53 2521.73 960.289 475.816 379.306
threshold=0.33841571211814886 0.16742479056119922 0.16400412470102313 0.33432982861995703 0.24166130274534228 0.099936567246913924
decision_type=2 2 2 2 2 2
left_child=2 -2 5 -3 -4 -1
right_child=1 3 4 -5 -6 -7
leaf_value=-0.052652991684126821 0.036762798945850765 0.00081983177369609323 -0.02833055568160725 0.018047071943762014 -0.01298271943507532 -0.036950343193718975
leaf_weight=5809.3205684125423 17577.944802224636 11324.010228663683 7054.2293950021267 28318.72031724453 17773.363521903753 11378.036581277847
leaf_count=16316 62688 36352 20889 95552 53915 32556
internal_value=9.74541e-05 0.0203872 -0.0275354 0.0131261 -0.0173435 -0.0422578
internal_weight=99235.6 57220.7 42015 39642.7 24827.6 17187.4
internal_count=318268 194592 123676 131904 74804 48872
is_linear=0
shrinkage=0.05


Tree=14
num_leaves=7
num_cat=0
split_feature=2 7 2 2 2 10
split_gain=12361.2 1977.95 1917.78 691.406 450.324 369.655
threshold=0.35693183541297918 0.35920310020446783 0.61972531676292431 0.17821240425109866 0.8053044080734254 0.26917749643325811
decision_type=2 2 2 2 2 2
left_child=1 -1 5 -3 -4 -2
right_child=2 3 4 -5 -6 -7
leaf_value=0.0011131612192878549 0.033197699484401239 -0.029031914621555816 0.048305313208013817 -0.012616774171414855 0.07741158933134562 0.01501249055092136
leaf_weight=12443.475789517164 4941.4927712380886 17226.01694047451 4115.218672439456 10221.040661692619 1962.6996051073074 6431.6644100099802
leaf_count=66539 23365 109747 17656 60495 7492 32974
internal_value=-6.77537e-05 -0.0154224 0.0350307 -0.0229191 0.0577044 0.0229137
internal_weight=57341.6 39890.5 17451.1 27447.1 6077.92 11373.2
internal_count=318268 236781 81487 170242 25148 56339
is_linear=0
shrinkage=0.05


Tree=15
num_leaves=7
num_cat=0
split_feature=3 10 3 0 3 1
split_gain=11067.7 1921.26 1586.75 502.231 446.808 369.612
threshold=0.40651950240135198 0.40891212224960333 0.57203805446624767 0.28628294169902807 0.25288778543472296 0.22718444466590884
decision_type=2 2 2 2 2 2
left_child=1 4 5 -3 -1 -2
right_child=2 3 -4 -5 -6 -7
leaf_value=-0.012977167140681218 0.030877382147183094 -0.028899452939919881 0.046519662481150956 -0.010142607697832652 0.0024076557893979553 0.012903333447885044
leaf_weight=7794.5423203855753 4158.3685599267483 17669.653973400593 8154.2786996811628 4472.0563706159592 11961.484990105033 9161.8316147327423
leaf_count=39542 17057 104959 30903 24272 58598 42905
internal_value=-3.78966e-05 -0.0149973 0.0291486 -0.0251111 -0.00366227 0.0185146
internal_weight=63372.2 41897.7 21474.5 22141.7 19756 13320.2
internal_count=318236 227371 90865 129231 98140 59962
is_linear=0
shrinkage=0.05


Tree=16
num_leaves=7
num_cat=0
split_feature=1 11 7 13 1 7
split_gain=19779.7 2481.26 2417.76 842.718 568.816 380.045
threshold=0.34669715166091924 0.16742479056119922 0.211727149784565 0.326674833893776 0.244889572262764 0.12231801450252534
decision_type=2 2 2 2 2 2
left_child=2 -2 5 -3 -4 -1
right_child=1 3 4 -5 -6 -7
leaf_value=-0.051206130628206628 0.035894471797760417 0.00014959988706794686 -0.023024963269120444 0.017254750874090254 -0.0083317973610984308 -0.034839476245274247
leaf_weight=4966.3629552125931 16994.29986089468 9651.0550657510757 12851.358001887798 28359.321502566338 13512.856368631124 12410.393751651049
leaf_count=13759 62573 30978 37374 97165 41312 35075
internal_value=5.68123e-05 0.0200124 -0.0250376 0.0129117 -0.015494 -0.0395171
internal_weight=98745.6 55004.7 43741 38010.4 26364.2 17376.8
internal_count=318236 190716 127520 128143 78686 48834
is_linear=0
shrinkage=0.05


Tree=17
num_leaves=7
num_cat=0
split_feature=2 2 13 2 2 13
split_gain=11067.4 2016.89 1749.29 524.914 521.45 341.719
threshold=0.32362611591815954 0.54826062917709362 0.30728147923946386 0.16094461828470233 0.78811904788017284 0.25424876809120184
decision_type=2 2 2 2 2 2
left_child=2 5 -1 -4 -3 -2
right_child=1 4 3 -5 -6 -7
leaf_value=0.00015819900455891646 0.027141935974124905 0.040299281573166215 -0.029642383782074296 -0.015177615646427828 0.067719837008949957 0.0094893894738964212
leaf_weight=11157.18945068121 4379.4126761257648 6183.3820938020945 14885.443141967058 10839.003049314022 2409.391517624259 7330.4603256583214
leaf_count=59449 20479 26354 98461 66187 8778 38528
internal_value=-5.61063e-05 0.0295911 -0.0163763 -0.0235476 0.0479879 0.0160913
internal_weight=57184.3 20302.6 36881.6 25724.4 8592.77 11709.9
internal_count=318236 94139 224097 164648 35132 59007
is_linear=0
shrinkage=0.05


Tree=18
num_leaves=7
num_cat=0
split_feature=3 3 10 1 0 13
split_gain=9914.41 1740.95 1531.41 399.143 379.707 343.944
threshold=0.37775404751300817 0.54590958356857311 0.40891212224960333 0.30237880349159246 0.81126636266708385 0.26981565356254583
decision_type=2 2 2 2 2 2
left_child=2 3 5 -2 -3 -1
right_child=1 4 -4 -5 -6 -7
leaf_value=0.0025536972887225434 0.022429407100355229 0.035250136691226772 -0.025524102879371853 0.0062414201348141565 0.058717779025726891 -0.01158518261150291
leaf_weight=7694.3404177576303 7006.0993470847607 7744.5827649831772 20411.71088385582 8341.5991877615452 2217.0968915522099 9753.8827243596315
leaf_count=35771 29135 29607 123605 41102 7491 51525
internal_value=-3.09552e-05 0.024196 -0.0162267 0.0136311 0.0404732 -0.0053502
internal_weight=63169.3 25309.4 37859.9 15347.7 9961.68 17448.2
internal_count=318236 107335 210901 70237 37098 87296
is_linear=0
shrinkage=0.05


Tree=19
num_leaves=7
num_cat=0
split_feature=1 4 11 13 7 4
split_gain=17685.8 2543.28 2078.99 658.122 544.836 322.329
threshold=0.36833426356315618 0.19026864320039752 0.16417285054922107 0.34221079945564276 0.16133452951908114 0.27243696153163915
decision_type=2 2 2 2 2 2
left_child=1 4 -2 -4 -1 -3
right_child=2 5 3 -5 -6 -7
leaf_value=-0.042617773824162146 0.035365298893287975 -0.015270639157698024 0.00292951130018986 0.018034411511220816 -0.027078683753064631 -0.0034382616320944612
leaf_weight=10134.41797670722 16063.728520900011 15081.300271332264 10179.882683187723 24728.512768059969 12722.557932913303 9307.9859389364719
leaf_count=27867 61189 44775 33141 86443 35873 28948
internal_value=5.25765e-05 -0.0219852 0.0204795 0.0136296 -0.0339685 -0.0107549
internal_weight=98218.4 47246.3 50972.1 34908.4 22857 24389.3
internal_count=318236 137463 180773 119584 63740 73723
is_linear=0
shrinkage=0.05


Tree=20
num_leaves=7
num_cat=0
split_feature=2 2 13 2 2 13
split_gain=9917.47 1767.09 1555.35 477.992 451.746 312.463
threshold=0.31471437215805059 0.54039970040321361 0.30728147923946386 0.16094461828470233 0.78811904788017284 0.25424876809120184
decision_type=2 2 2 2 2 2
left_child=2 5 -1 -4 -3 -2
right_child=1 4 3 -5 -6 -7
leaf_value=-0.00055172504106829002 0.024641429244105742 0.036472780406701447 -0.029142584477181495 -0.015014319702124943 0.061268171280109009 0.0081446188873912709
leaf_weight=10892.324015721679 4582.6438773274422 6702.7101285755634 14339.137114480138 10277.562232628465 2530.4081291258335 7682.1617493182421
leaf_count=57820 20924 27644 98461 64091 8778 40518
internal_value=-5.62837e-05 0.0267464 -0.0162832 -0.023244 0.0432682 0.0143085
internal_weight=57006.9 21497.9 35509 24616.7 9233.12 12264.8
internal_count=318236 97864 220372 162552 36422 61442
is_linear=0
shrinkage=0.05


Tree=21
num_leaves=7
num_cat=0
split_feature=3 3 10 6 10 3
split_gain=8913.75 1464.58 1424.54 329.38 323.904 321.055
threshold=0.37775404751300817 0.54590958356857311 0.40891212224960333 0.61612889170646679 0.21381441503763202 0.22015231102705005
decision_type=2 2 2 2 2 2
left_child=2 4 5 -3 -2 -1
right_child=1 3 -4 -5 -6 -7
leaf_value=-0.015007050676386496 0.025381770776825283 0.032056956123144333 -0.024892672282468553 0.05277552413010516 0.0086955270815490694 -0.00053563672260717866
leaf_weight=5697.3144310265779 3877.2127860486507 7722.727549597621 19743.175790131092 2552.2843812555075 11637.943575888872 11710.162219047546
leaf_count=29138 15433 28611 123605 8487 54804 58158
internal_value=-2.15889e-05 0.0225618 -0.0156991 0.0372034 0.0128654 -0.005272
internal_weight=62940.8 25790.2 37150.7 10275 15515.2 17407.5
internal_count=318236 107335 210901 37098 70237 87296
is_linear=0
shrinkage=0.05


Tree=22
num_leaves=7
num_cat=0
split_feature=4 4 10 11 13 4
split_gain=15452.4 2624.13 1668.1 563.874 365.837 345.264
threshold=0.28037592768669134 0.44844096899032598 0.20877200365066531 0.15105224400758746 0.34221079945564276 0.21603041142225268
decision_type=2 2 2 2 2 2
left_child=2 4 -1 -3 -2 -4
right_child=1 3 5 -5 -6 -7
leaf_value=-0.034790594539000637 -0.00047341381869468686 0.035962746275875472 -0.020592698597135903 0.02127131200194704 0.011111284701046354 -0.0085928300218115813
leaf_weight=17548.499805033207 10480.274668455124 13282.042780339718 11814.544870853424 12849.942911416292 19485.397474884987 12167.830739617348
leaf_count=48383 33379 52679 33522 46560 66839 36874
internal_value=4.26921e-05 0.0171583 -0.0230761 0.0287385 0.00705962 -0.0145044
internal_weight=97628.5 56097.7 41530.9 26132 29965.7 23982.4
internal_count=318236 199457 118779 99239 100218 70396
is_linear=0
shrinkage=0.05


Tree=23
num_leaves=7
num_cat=0
split_feature=2 2 13 2 2 13
split_gain=8909.1 1550.95 1422.55 439.743 399.922 268.694
threshold=0.30898761749267584 0.53309527039527904 0.30728147923946386 0.16094461828470233 0.86580589413642894 0.25424876809120184
decision_type=2 2 2 2 2 2
left_child=2 5 -1 -4 -3 -2
right_child=1 4 3 -5 -6 -7
leaf_value=-0.0009352551119067616 0.022295997751643877 0.035703160080128291 -0.02864486781076191 -0.014814114966243214 0.067223254640652153 0.0072090441709721058
leaf_weight=10721.01206664741 4715.6871952265501 8688.7629592120647 13814.717516571283 9841.0897146463394 1138.148419380188 7887.0734288692474
leaf_count=56765 21072 33954 98461 62615 3702 41667
internal_value=-4.94508e-05 0.0244643 -0.0160438 -0.0228911 0.0393538 0.0128543
internal_weight=56806.5 22429.7 34376.8 23655.8 9826.91 12602.8
internal_count=318236 100395 217841 161076 37656 62739
is_linear=0
shrinkage=0.05


Tree=24
num_leaves=7
num_cat=0
split_feature=0 10 0 13 0 14
split_gain=8110.01 1474.62 1253.37 359.8 326.87 278.972
threshold=0.35475885868072515 0.40891212224960333 0.55842262506484996 0.23480464518070224 0.74400803446769725 0.18985673785209659
decision_type=2 2 2 2 2 2
left_child=1 3 -2 -1 -4 -3
right_child=2 5 4 -5 -6 -7
leaf_value=0.005149370523573892 0.011550696747602028 -0.031927452876167405 0.027263214196386228 -0.0099204240876097291 0.044790559327234983 -0.01963870819381084
leaf_weight=5954.3730774223804 14593.789216861129 8140.355685338378 7337.1861913055182 11830.327833339572 4172.8129512071609 10674.218343302608
leaf_count=26867 66173 55682 27328 62343 13586 66257
internal_value=-1.15296e-05 -0.0151978 0.0212807 -0.00487501 0.0336175 -0.0249556
internal_weight=62703.1 36599.3 26103.8 17784.7 11510 18814.6
internal_count=318236 211149 107087 89210 40914 121939
is_linear=0
shrinkage=0.05


Tree=25
num_leaves=7
num_cat=0
split_feature=1 10 11 1 13 7
split_gain=14227.8 2069.65 1822.38 565.954 521.731 335.667
threshold=0.37646378576755529 0.21639128029346469 0.16417285054922107 0.25683628022670751 0.33432982861995703 0.12231801450252534
decision_type=2 2 2 2 2 2
left_child=1 5 -2 -3 -4 -1
right_child=2 3 4 -5 -6 -7
leaf_value=-0.042822959739822725 0.033845287322123545 -0.017972296582757386 0.0023372931941542342 -0.0042551492834053033 0.016593868039119882 -0.027819851834572064
leaf_weight=5109.6799071729183 14994.441048055887 14325.769344836473 8725.941661387682 15827.323031038046 24256.257894933224 13787.919520318508
leaf_count=13752 61029 40627 28414 48893 87543 37978
internal_value=3.28495e-05 -0.018903 0.0193926 -0.0107722 0.0128221 -0.0318765
internal_weight=97027.3 49050.7 47976.6 30153.1 32982.2 18897.6
internal_count=318236 141250 176986 89520 115957 51730
is_linear=0
shrinkage=0.05


Tree=26
num_leaves=7
num_cat=0
split_feature=2 13 2 2 2 13
split_gain=8014.05 1325.97 1324.41 478.532 310.088 233.242
threshold=0.30898761749267584 0.28210377693176275 0.56404659152030956 0.16094461828470233 0.823602855205536 0.25424876809120184
decision_type=2 2 2 2 2 2
left_child=1 -1 5 -3 -4 -2
right_child=2 3 4 -5 -6 -7
leaf_value=0.0012714559520173991 0.021318925147839909 -0.027432992720103272 0.03283736633909453 -0.013477457947410397 0.055246233344622878 0.0080218170771070262
leaf_weight=8701.5035572946072 5367.8466334491968 14181.547120727599 6973.310714840889 10836.463565453887 1982.722904831171 8551.9883299171925
leaf_count=44884 23240 103705 26412 69252 6273 44470
internal_value=-4.35432e-05 -0.0155408 0.0227997 -0.0213882 0.0377983 0.0131495
internal_weight=56595.4 33719.5 22875.9 25018 8956.03 13919.8
internal_count=318236 217841 100395 172957 32685 67710
is_linear=0
shrinkage=0.05


Tree=27
num_leaves=7
num_cat=0
split_feature=0 10 0 3 0 14
split_gain=7302.44 1377.91 1060.23 313.011 292.899 260.274
threshold=0.35475885868072515 0.41576622426509863 0.55842262506484996 0.22015231102705005 0.81126636266708385 0.18985673785209659
decision_type=2 2 2 2 2 2
left_child=1 3 -2 -1 -4 -3
right_child=2 5 4 -5 -6 -7
leaf_value=-0.014642197107837263 0.010956469413197443 -0.031462073206195811 0.027062309775618063 -0.00053306754323095438 0.046544380609652589 -0.01926037830239033
leaf_weight=5753.3855755329132 14720.430726647377 7755.3918759971857 9363.0659133046865 12410.053253993392 2429.9281132221222 10013.592787444592
leaf_count=30001 66173 55532 33419 61879 7495 63737
internal_value=7.32534e-07 -0.0146866 0.0199058 -0.00500222 0.0310766 -0.0245859
internal_weight=62445.8 35932.4 26513.4 18163.4 11793 17769
internal_count=318236 211149 107087 91880 40914 119269
is_linear=0
shrinkage=0.05


Tree=28
num_leaves=7
num_cat=0
split_feature=1 4 14 13 4 7
split_gain=12721.2 1873.68 1711.44 450.053 357.424 321.3
threshold=0.37646378576755529 0.17096818983554843 0.21313303709030154 0.34876820445060736 0.24881135672330859 0.12231801450252534
decision_type=2 2 2 2 2 2
left_child=1 5 -2 -4 -3 -1
right_child=2 4 3 -5 -6 -7
leaf_value=-0.040588274871656879 0.031456010813346293 -0.01511519598811442 0.0028188867755195839 0.015790007526618934 -0.0041613902292690925 -0.025970268313132441
leaf_weight=5088.0638768970966 16724.990332469344 15498.211528599262 9952.1441420763731 20384.446682393551 14335.941104769707 14390.873286962509
leaf_count=13629 69114 44361 32973 74899 44145 39115
internal_value=1.92943e-05 -0.0177269 0.0186145 0.0115347 -0.00985166 -0.0297886
internal_weight=96374.7 49313.1 47061.6 30336.6 29834.2 19478.9
internal_count=318236 141250 176986 107872 88506 52744
is_linear=0
shrinkage=0.05


Tree=29
num_leaves=7
num_cat=0
split_feature=2 2 13 2 2 14
split_gain=7214.58 1254.35 1171.98 372.786 318.294 219.027
threshold=0.29489183425903326 0.53309527039527904 0.30588451027870184 0.15546941012144092 0.78811904788017284 0.27463699877262121
decision_type=2 2 2 2 2 2
left_child=2 -2 5 -4 -3 -1
right_child=1 4 3 -5 -6 -7
leaf_value=-0.016162395543213096 0.010678544277874789 0.028296652358473631 -0.02788700449262423 -0.01470979567110724 0.048029321941104305 0.0021253626798857141
leaf_weight=2054.546965777874 14006.331830054522 7594.3081495463848 12378.091186478734 9476.2806961461902 2795.9940261244774 8061.1154410988092
leaf_count=11491 69060 28878 95014 63097 8778 41918
internal_value=-3.38004e-05 0.0204434 -0.0156602 -0.0221732 0.0336066 -0.00158898
internal_weight=56366.7 24396.6 31970 21854.4 10390.3 10115.7
internal_count=318236 106716 211520 158111 37656 53409
is_linear=0
shrinkage=0.05


Tree=30
num_leaves=7
num_cat=0
split_feature=3 1 3 3 13 0
split_gain=6634.35 1120.08 986.071 404.49 243.494 240.025
threshold=0.37153981626033789 0.49824568629264837 0.54590958356857311 0.2028472721576691 0.28371521830558782 0.82808497548103344
decision_type=2 2 2 2 2 2
left_child=1 3 4 -1 -2 -4
right_child=2 -3 5 -5 -6 -7
leaf_value=-0.017643881950514057 0.017045870570238725 -0.024375299435746262 0.026278881433084531 -0.0015180274979426172 0.0049231991295492928 0.045159159384891651
leaf_weight=5527.1024384200573 7737.1162162721157 15856.447512552142 8994.9005976617336 13118.195908367634 8915.0532241016626 2070.9411140084267
leaf_count=30260 30843 109360 31082 67513 43162 6184
internal_value=2.7891e-05 -0.0146062 0.0182435 -0.00629828 0.0105558 0.0298123
internal_weight=62219.8 34501.7 27718 18645.3 16652.2 11065.8
internal_count=318404 207133 111271 97773 74005 37266
is_linear=0
shrinkage=0.05


Tree=31
num_leaves=7
num_cat=0
split_feature=1 10 11 1 13 7
split_gain=11362.6 1920.78 1543.13 453.319 431.045 320.163
threshold=0.38955606520175939 0.22614558041095736 0.15105224400758746 0.27980670332908636 0.32819835841655737 0.15529146790504458
decision_type=2 2 2 2 2 2
left_child=1 5 -2 -3 -4 -1
right_child=2 3 4 -5 -6 -7
leaf_value=-0.034306473516093276 0.033116253300050878 -0.01380023732144465 0.0019773655210845709 -0.0016254185916726026 0.015823921398547346 -0.021870111892003406
leaf_weight=9736.1068168580532 12927.379979878664 16065.060134887695 7331.4115671813488 14588.917778760195 24085.260360866785 11047.253524541855
leaf_count=26122 56670 45414 24030 45708 90103 30357
internal_value=2.81436e-05 -0.0159618 0.0185758 -0.00800597 0.0125927 -0.027696
internal_weight=95781.4 51437.3 44344.1 30654 31416.7 20783.4
internal_count=318404 147601 170803 91122 114133 56479
is_linear=0
shrinkage=0.05


Tree=32
num_leaves=7
num_cat=0
split_feature=2 2 10 10 2 13
split_gain=6441.12 1224.62 996.324 343.315 321.825 239.652
threshold=0.27173812687397009 0.49269685149192816 0.42758513987064367 0.23817971348762515 0.770543932914734 0.25424876809120184
decision_type=2 2 2 2 2 2
left_child=2 5 3 -1 -3 -2
right_child=1 4 -4 -5 -6 -7
leaf_value=0.0035982758164670387 0.016460576716892827 0.0244280902196676 -0.025533868637650295 -0.012490640584663759 0.042759155199164817 0.0029737905900738713
leaf_weight=4968.5740192681551 5117.1867369860411 9090.3053662478924 14513.279874384403 9967.3202229142189 3250.4881332814693 9244.2016765028238
leaf_count=24776 22228 35021 112641 63089 10063 50586
internal_value=-7.89118e-05 0.0177053 -0.0162042 -0.0071385 0.0292564 0.00777934
internal_weight=56151.4 26702.2 29449.2 14935.9 12340.8 14361.4
internal_count=318404 117898 200506 87865 45084 72814
is_linear=0
shrinkage=0.05


Tree=33
num_leaves=7
num_cat=0
split_feature=3 1 3 3 14 0
split_gain=5991.32 1048.06 849.933 382.454 217.96 217.492
threshold=0.37153981626033789 0.49824568629264837 0.54590958356857311 0.2000287473201752 0.21523477882146838 0.84375005960464489
decision_type=2 2 2 2 2 2
left_child=1 3 -2 -1 -3 -4
right_child=2 4 5 -5 -6 -7
leaf_value=-0.017455824497297913 0.010000488643836555 -0.029647671993330724 0.024822086230412238 -0.0015664759351478629 -0.017726351337317859 0.044216658515299934
leaf_weight=5303.0381761789322 16780.929061383009 7781.1208431795239 9572.7703918814659 13248.044128507376 7558.6463154256344 1702.6139366030693
leaf_count=29456 74005 60153 32292 68317 49207 4974
internal_value=4.38525e-05 -0.0141041 0.017134 -0.00610863 -0.0237735 0.0277507
internal_weight=61947.2 33890.8 28056.3 18551.1 15339.8 11275.4
internal_count=318404 207133 111271 97773 109360 37266
is_linear=0
shrinkage=0.05


Tree=34
num_leaves=7
num_cat=0
split_feature=1 10 11 1 13 7
split_gain=10180.5 1808.2 1418.19 425.203 376.809 312.27
threshold=0.39745751023292547 0.2287135720252991 0.15105224400758746 0.27980670332908636 0.32967931032180792 0.12231801450252534
decision_type=2 2 2 2 2 2
left_child=1 5 -2 -3 -4 -1
right_child=2 3 4 -5 -6 -7
leaf_value=-0.036638158319976105 0.03245705123271609 -0.012795890264541891 0.0022637218540832848 -0.0011584139267931223 0.015484054113655147 -0.022477928184608125
leaf_weight=5122.9317826628685 12437.4287789464 15800.682007461786 7051.7673633545637 15596.941592931747 22869.958286166191 16222.214258372784
leaf_count=13691 56524 44460 23284 49106 87186 44153
internal_value=1.23774e-05 -0.0146482 0.0182668 -0.00701491 0.0123684 -0.0258764
internal_weight=95101.9 52742.8 42359.2 31397.6 29921.7 21345.1
internal_count=318404 151410 166994 93566 110470 57844
is_linear=0
shrinkage=0.05


Tree=35
num_leaves=7
num_cat=0
split_feature=5 14 5 10 11 0
split_gain=5555.88 1376.82 565.39 495.846 233.564 150.914
threshold=0.3959538489580155 0.261903926730156 0.58398750424385082 0.23354585468769076 0.14785759896039966 0.047075018286705024
decision_type=2 2 2 2 2 2
left_child=1 4 -2 -3 -1 -4
right_child=2 3 5 -5 -6 -7
leaf_value=-0.03045938761380328 0.014822526301156914 0.0082691318292142588 0.046890910770145323 -0.008518003902002658 -0.01777675801552378 0.02877067773521217
leaf_weight=6692.5850177332759 12617.050466686487 6175.8022680878639 1435.1833886504173 15287.544274263084 7933.3308003619313 5763.6632438749075
leaf_count=58188 56554 29130 4375 95668 55003 19486
internal_value=-6.96477e-05 -0.0117495 0.0212021 -0.00368772 -0.0235801 0.0323832
internal_weight=55905.2 36089.3 19815.9 21463.3 14625.9 7198.85
internal_count=318404 237989 80415 124798 113191 23861
is_linear=0
shrinkage=0.05


Tree=36
num_leaves=7
num_cat=0
split_feature=3 3 10 3 13 3
split_gain=5440.66 1055.34 849.326 270.342 249.547 193.897
threshold=0.33600032329559332 0.4951810240745545 0.41113521158695226 0.67539846897125255 0.27524848282337194 0.16404572129249576
decision_type=2 2 2 2 2 2
left_child=2 4 5 -3 -2 -1
right_child=1 3 -4 -5 -6 -7
leaf_value=-0.01842825709616086 0.013008458663513559 0.019278891561391467 -0.023965855816144702 0.033839751597355854 0.00079282142776555982 -0.0037806167191900193
leaf_weight=2846.3280305713415 6905.0587648898363 10758.097723066807 15084.040484003723 4529.9990604072809 10596.939620554447 10954.921234823763
leaf_count=15292 27744 38747 111610 13596 55002 56413
internal_value=5.76037e-05 0.0139958 -0.0157648 0.0235934 0.00561225 -0.0068015
internal_weight=61675.4 32790.1 28885.3 15288.1 17502 13801.2
internal_count=318404 135089 183315 52343 82746 71705
is_linear=0
shrinkage=0.05


Tree=37
num_leaves=7
num_cat=0
split_feature=1 7 11 1 13 7
split_gain=9148.37 1645.46 1347.42 411.865 351.559 230.448
threshold=0.39745751023292547 0.211727149784565 0.15105224400758746 0.27980670332908636 0.326674833893776 0.11848955228924753
decision_type=2 2 2 2 2 2
left_child=1 5 -2 -3 -4 -1
right_child=2 3 4 -5 -6 -7
leaf_value=-0.035488056132757267 0.03171693220200146 -0.012569813574014927 0.0017625638774093303 -0.001637415505016674 0.014781329459045759 -0.022622643432739602
leaf_weight=4669.1401987671852 11962.287878632545 18105.167450040579 6704.9903383255005 16436.139623329043 22883.739105597138 13674.754408746958
leaf_count=12492 56524 50602 22137 51447 88333 36869
internal_value=-7.62817e-07 -0.013795 0.0175562 -0.00736774 0.0118312 -0.0258973
internal_weight=94436.2 52885.2 41551 34541.3 29588.7 18343.9
internal_count=318404 151410 166994 102049 110470 49361
is_linear=0
shrinkage=0.05


Tree=38
num_leaves=7
num_cat=0
split_feature=2 5 10 10 2 2
split_gain=5341.92 900.917 889.939 284.937 251.662 196.751
threshold=0.27173812687397009 0.48876613378524786 0.42758513987064367 0.23817971348762515 0.78811904788017284 0.14631398022174838
decision_type=2 2 2 2 2 2
left_child=2 -2 3 -1 -3 -4
right_child=1 4 5 -5 -6 -7
leaf_value=0.0028873520095646283 0.0072960726386357413 0.021586627913511427 -0.029324020940550994 -0.011763107692249659 0.038205377091130102 -0.016992756768283629
leaf_weight=5035.0548895746469 14678.713997110724 9648.9580948203802 8270.4832899048924 9736.8416645079851 2982.0823047161102 5312.6370847001672
leaf_count=24776 72846 36290 72793 63089 8762 39848
internal_value=-6.25298e-05 0.0157203 -0.0152635 -0.00676944 0.0255102 -0.024501
internal_weight=55664.8 27309.8 28355 14771.9 12631 13583.1
internal_count=318404 117898 200506 87865 45052 112641
is_linear=0
shrinkage=0.05


Tree=39
num_leaves=7
num_cat=0
split_feature=3 3 10 0 13 14
split_gain=4948.69 956.673 769.298 253.781 232.388 177.859
threshold=0.33098040521144872 0.4951810240745545 0.4066311269998551 0.74400803446769725 0.26981565356254583 0.21715605258941653
decision_type=2 2 2 2 2 2
left_child=2 4 -1 -3 -2 -4
right_child=1 3 5 -5 -6 -7
leaf_value=-0.0067927995921562394 0.012393320671329953 0.017908040383263945 -0.029150235859175779 0.031918694809707361 0.00074956090338069157 -0.018107474394839222
leaf_weight=13076.299362674356 6896.095779620111 10920.533480271697 7116.1306463330984 4590.7786654531956 11318.169622525573 7478.2907278910279
leaf_count=68180 27328 38799 59472 13544 59109 51972
internal_value=7.12042e-05 0.0129292 -0.0156004 0.0220547 0.005158 -0.0234918
internal_weight=61396.3 33725.6 27670.7 15511.3 18214.3 14594.4
internal_count=318404 138780 179624 52343 86437 111444
is_linear=0
shrinkage=0.05


Tree=40
num_leaves=7
num_cat=0
split_feature=1 10 11 1 13 7
split_gain=8212.33 1501.23 1294.53 371.922 320.71 231.745
threshold=0.39745751023292547 0.21639128029346469 0.15105224400758746 0.26552222669124609 0.33117526769638067 0.11848955228924753
decision_type=2 2 2 2 2 2
left_child=1 5 -2 -3 -4 -1
right_child=2 3 4 -5 -6 -7
leaf_value=-0.033824420918793077 0.031041600020566759 -0.01220446243249327 0.0020633366906132192 -0.0016752774148361392 0.014242247095815225 -0.021018884226392136
leaf_weight=4654.2844952046871 11533.367574900389 15810.702198445797 7158.3438479453325 17861.908338412642 22075.298384696245 14666.404259085655
leaf_count=12484 56524 43815 23793 55542 86677 39569
internal_value=-1.49167e-05 -0.0129938 0.0168564 -0.00661917 0.01126 -0.0241037
internal_weight=93760.3 52993.3 40767 33672.6 29233.6 19320.7
internal_count=318404 151410 166994 99357 110470 52053
is_linear=0
shrinkage=0.05


Tree=41
num_leaves=7
num_cat=0
split_feature=2 2 10 10 2 13
split_gain=4847.11 875.541 803.884 256.255 240.402 192.91
threshold=0.25789415836334234 0.47433592379093176 0.43919076025485998 0.23120931535959247 0.8053044080734254 0.25424876809120184
decision_type=2 2 2 2 2 2
left_child=2 5 3 -1 -3 -2
right_child=1 4 -4 -5 -6 -7
leaf_value=0.0024754678899710047 0.013408411826322403 0.020010281348088733 -0.024873387785294489 -0.011937091148409944 0.036841986422772963 0.0015287510223855839
leaf_weight=4488.9340665638447 5292.5680814087391 11288.657682672143 12233.503851510584 9854.8414844945073 2612.3116814494133 9644.8851516619325
leaf_count=21975 22443 41352 105968 65176 7479 54011
internal_value=-5.36506e-05 0.0141423 -0.0154574 -0.00742663 0.0231733 0.0057379
internal_weight=55415.7 28838.4 26577.3 14343.8 13901 14937.5
internal_count=318404 125285 193119 87151 48831 76454
is_linear=0
shrinkage=0.05


Tree=42
num_leaves=7
num_cat=0
split_feature=3 0 10 0 10 14
split_gain=4502.87 839.221 722.921 226.106 226.026 173.382
threshold=0.33098040521144872 0.50859564542770397 0.4066311269998551 0.74400803446769725 0.20877200365066531 0.21715605258941653
decision_type=2 2 2 2 2 2
left_child=2 4 -1 -3 -2 -4
right_child=1 3 5 -5 -6 -7
leaf_value=-0.0065910070672703493 0.015431938419581549 0.016791368824280235 -0.028663689147838324 0.029919928897896547 0.0019710465662838299 -0.017581028056344952
leaf_weight=13008.888335905969 3992.7501392513514 11076.709592401981 6815.2439481168985 4659.0005829036236 14243.082777142525 7318.8325717374682
leaf_count=68180 14791 38650 59472 13562 71777 51972
internal_value=8.69749e-05 0.0122185 -0.0150965 0.0206784 0.00491832 -0.0229249
internal_weight=61114.5 33971.5 27143 15735.7 18235.8 14134.1
internal_count=318404 138780 179624 52212 86568 111444
is_linear=0
shrinkage=0.05


Tree=43
num_leaves=7
num_cat=0
split_feature=1 10 11 1 10 7
split_gain=7359.03 1447.15 1174.13 319.362 285.2 283.968
threshold=0.40791280567646032 0.23354585468769076 0.15105224400758746 0.29426065087318426 0.3790468573570252 0.15529146790504458
decision_type=2 2 2 2 2 2
left_child=1 5 -2 -3 -4 -1
right_child=2 3 4 -5 -6 -7
leaf_value=-0.028037456487000251 0.030451651294643514 -0.0097364741966638746 0.0033108791189920502 0.00023970849997392287 0.014466433276668836 -0.016667300547238809
leaf_weight=9749.2128794789314 11061.205998420715 17148.843127399683 8145.2803546786308 15073.666962146759 19316.61663903296 12573.337465375662
leaf_count=26176 56336 48016 27928 48184 77636 34128
internal_value=-3.24508e-05 -0.0118482 0.0166976 -0.00506962 0.0111577 -0.0216331
internal_weight=93068.2 54545.1 38523.1 32222.5 27461.9 22322.6
internal_count=318404 156504 161900 96200 105564 60304
is_linear=0
shrinkage=0.05


Tree=44
num_leaves=7
num_cat=0
split_feature=2 5 10 10 2 2
split_gain=4401.23 761.547 760.627 235.126 224.997 160.644
threshold=0.25789415836334234 0.4684161245822907 0.43919076025485998 0.23120931535959247 0.75478574633598339 0.14631398022174838
decision_type=2 2 2 2 2 2
left_child=2 -2 3 -1 -3 -4
right_child=1 4 5 -5 -6 -7
leaf_value=0.0022552642718525464 0.0052779576693936757 0.017674947433686722 -0.028838706444012714 -0.011557257383543093 0.031736656458988481 -0.016781968846203945
leaf_weight=4507.5868036821485 14628.372336111963 10582.65255638957 7412.3724021315575 9735.2222090512514 3890.5553995966911 4404.3913345038891
leaf_count=21975 73947 39996 70784 65176 11342 35184
internal_value=-4.16105e-05 0.0133233 -0.0149666 -0.00718585 0.0214549 -0.0243449
internal_weight=55161.2 29101.6 26059.6 14242.8 14473.2 11816.8
internal_count=318404 125285 193119 87151 51338 105968
is_linear=0
shrinkage=0.05


Tree=45
num_leaves=7
num_cat=0
split_feature=0 7 0 13 0 14
split_gain=4179.23 753.739 742.122 254.45 185.946 183.902
threshold=0.29229375720024114 0.52280288934707653 0.50859564542770397 0.26418149471282965 0.81126636266708385 0.20626614987850192
decision_type=2 2 2 2 2 2
left_child=1 3 5 -1 -4 -2
right_child=2 -3 4 -5 -6 -7
leaf_value=0.00017627262423439534 -0.011424994854188368 -0.025170350692539201 0.016982665658929696 -0.012971931114339572 0.031412030783455211 0.0062421501457186508
leaf_weight=5954.4563042670488 1612.6536970809102 10726.000085055828 13202.070877745748 9631.8985988125205 2687.161844342947 17005.469335317612
leaf_count=27695 10646 90184 44558 59072 7535 78655
internal_value=4.06085e-05 -0.0149691 0.0114857 -0.00794892 0.0194229 0.00471187
internal_weight=60819.7 26312.4 34507.4 15586.4 15889.2 18618.1
internal_count=318345 176951 141394 86767 52093 89301
is_linear=0
shrinkage=0.05


Tree=46
num_leaves=7
num_cat=0
split_feature=1 4 11 7 13 13
split_gain=6567.94 1269.61 1123.01 287.986 255.75 187.592
threshold=0.40791280567646032 0.1924676597118378 0.15105224400758746 0.15529146790504458 0.31311407685279852 0.27160654962062841
decision_type=2 2 2 2 2 2
left_child=1 3 -2 -1 -4 -3
right_child=2 5 4 -5 -6 -7
leaf_value=-0.026414794489248657 0.029767503231956479 -0.010416360747810442 0.00028237132345257295 -0.015251650409744112 0.012888781704927669 -0.0017793680805485851
leaf_weight=9548.7026851475239 10647.818558096886 8886.1367148458958 4911.0996301174164 14628.54714179039 22253.376344636083 21492.108855709434
leaf_count=25698 56357 25058 16188 39447 89453 66144
internal_value=-1.05605e-05 -0.0111105 0.0160044 -0.0196605 0.0106097 -0.00430583
internal_weight=92367.8 54555.5 37812.3 24177.2 27164.5 30378.2
internal_count=318345 156347 161998 65145 105641 91202
is_linear=0
shrinkage=0.05


Tree=47
num_leaves=7
num_cat=0
split_feature=2 14 5 10 2 11
split_gain=4035.92 703.948 671.005 253.663 200.486 143.691
threshold=0.26003637909889227 0.261903926730156 0.48057337105274206 0.24738781154155734 0.86580589413642894 0.13888554275035861
decision_type=2 2 2 2 2 2
left_child=1 5 -2 -3 -4 -1
right_child=2 3 4 -5 -6 -7
leaf_value=-0.029620116315573149 0.0055174159712798737 0.0029208204528115372 0.018721245330531364 -0.011507745007631943 0.038984914665306958 -0.018534558665599079
leaf_weight=5203.406729131937 15357.01332397759 4519.0014244168997 12452.867583915591 9346.198420740664 1353.29154920578 6670.5952123254538
leaf_count=54265 76444 22002 43907 66052 3730 51945
internal_value=-2.72183e-05 -0.0144572 0.0127086 -0.00680513 0.0207075 -0.0233925
internal_weight=54902.4 25739.2 29163.2 13865.2 13806.2 11874
internal_count=318345 194264 124081 88054 47637 106210
is_linear=0
shrinkage=0.05


Tree=48
num_leaves=7
num_cat=0
split_feature=0 10 3 0 13 11
split_gain=3805.34 742.752 648.045 220.738 205.995 143.622
threshold=0.29229375720024114 0.44410496950149542 0.45893160998821264 0.70928144454956066 0.26418149471282965 0.17077793926000598
decision_type=2 2 2 2 2 2
left_child=1 4 5 -4 -1 -2
right_child=2 -3 3 -5 -6 -7
leaf_value=7.3948185659218729e-05 -0.013169605972850124 -0.024192151030239882 0.013352098888458503 0.024873430854108126 -0.011991656668173534 0.004622069762849579
leaf_weight=5969.0206765606999 1233.3884700760245 11171.403761997819 13322.782623782754 6042.9839369356632 8684.1069310829043 14118.823845922947
leaf_count=27714 8790 96376 48341 17437 52861 66826
internal_value=5.37818e-05 -0.0144806 0.010865 0.0169473 -0.00707668 0.0031927
internal_weight=60542.5 25824.5 34718 19365.8 14653.1 15352.2
internal_count=318345 176951 141394 65778 80575 75616
is_linear=0
shrinkage=0.05


Tree=49
num_leaves=7
num_cat=0
split_feature=1 7 11 1 13 7
split_gain=5882.59 1159.07 1070.93 364.627 238.417 148.798
threshold=0.40791280567646032 0.19136052578687671 0.15105224400758746 0.25382104516029363 0.28210377693176275 0.10553916916251184
decision_type=2 2 2 2 2 2
left_child=1 5 -2 -3 -4 -1
right_child=2 3 4 -5 -6 -7
leaf_value=-0.031683690698074939 0.029091198998909253 -0.011321850832751317 -0.0040558238234076303 -0.0016330270016495876 0.011658788209996954 -0.019602092409796851
leaf_weight=3233.9282867312431 10243.518874168396 17444.397937864065 2681.2637306004763 21903.353056058288 24180.431227579713 12024.40847581625
leaf_count=8802 56357 47612 8565 67623 97076 32310
internal_value=-2.61903e-05 -0.0104647 0.0153357 -0.00592846 0.0100902 -0.0221627
internal_weight=91711.3 54606.1 37105.2 39347.8 26861.7 15258.3
internal_count=318345 156347 161998 115235 105641 41112
is_linear=0
shrinkage=0.05


Tree=50
num_leaves=7
num_cat=0
split_feature=2 14 2 10 2 11
split_gain=3664.58 667.12 593.57 232.379 177.938 140.194
threshold=0.26003637909889227 0.261903926730156 0.49269685149192816 0.24738781154155734 0.86580589413642894 0.13888554275035861
decision_type=2 2 2 2 2 2
left_child=1 5 -2 -3 -4 -1
right_child=2 3 4 -5 -6 -7
leaf_value=-0.029200101624632702 0.0054224938392902454 0.0027108929863591913 0.017756552240430379 -0.011110230393065936 0.036791758443308509 -0.018055338365205145
leaf_weight=4968.2268300652504 15861.669466361403 4536.7542186528444 12170.284351617098 9225.771402142942 1365.4489514231682 6531.5290444046259
leaf_count=54265 79031 22002 41320 66052 3730 51945
internal_value=-1.56262e-05 -0.0139815 0.0119857 -0.00655416 0.0196768 -0.0228702
internal_weight=54659.7 25262.3 29397.4 13762.5 13535.7 11499.8
internal_count=318345 194264 124081 88054 45050 106210
is_linear=0
shrinkage=0.05


Tree=51
num_leaves=7
num_cat=0
split_feature=3 14 3 13 14 6
split_gain=3465.21 610.89 551.113 250.025 158.804 142.231
threshold=0.33098040521144872 0.22463884949684146 0.50265660881996166 0.26981565356254583 0.21095828711986545 0.61612889170646679
decision_type=2 2 2 2 2 2
left_child=1 -1 4 -3 -2 -4
right_child=2 3 5 -5 -6 -7
leaf_value=-0.027025122392282615 -0.0098496549988574753 -0.00082101209552021639 0.015036980588946697 -0.01315640380467022 0.0061475692948188597 0.027062892584775601
leaf_weight=6537.2382508665323 1703.84941367805 5956.7000534981489 12434.75513894856 13235.080511771142 17334.159461989999 3064.600357607007
leaf_count=63078 10870 27965 41091 88559 78169 8613
internal_value=6.65792e-05 -0.0138243 0.0104148 -0.00932777 0.00471586 0.0174148
internal_weight=60266.4 25729 34537.4 19191.8 19038 15499.4
internal_count=318345 179602 138743 116524 89039 49704
is_linear=0
shrinkage=0.05


Tree=52
num_leaves=7
num_cat=0
split_feature=1 10 11 1 14 7
split_gain=5268.11 1065.01 1020.35 299.819 231.618 173.017
threshold=0.40791280567646032 0.20877200365066531 0.15105224400758746 0.29426065087318426 0.31892149150371557 0.10553916916251184
decision_type=2 2 2 2 2 2
left_child=1 5 -2 -3 -4 -1
right_child=2 3 4 -5 -6 -7
leaf_value=-0.030341688371841997 0.028425821240992029 -0.0088963102468749312 0.012497431815769781 0.00024026175130031081 0.0020950745486276244 -0.017536808430119833
leaf_weight=3210.8034598827362 9856.7234868705273 20885.666496545076 19145.161097243428 15750.481336340308 7427.0971334278584 14787.822795689106
leaf_count=8799 56357 57763 78246 49972 27395 39813
internal_value=-4.13163e-05 -0.00986137 0.0146864 -0.00496835 0.00958991 -0.0198211
internal_weight=91063.8 54634.8 36429 36636.1 26572.3 17998.6
internal_count=318345 156347 161998 107735 105641 48612
is_linear=0
shrinkage=0.05


Tree=53
num_leaves=7
num_cat=0
split_feature=2 10 5 0 2 14
split_gain=3328.05 631.001 535.018 175.757 166.421 166.301
threshold=0.25789415836334234 0.42758513987064367 0.48057337105274206 0.077885743230581297 0.14631398022174838 0.28684654831886297
decision_type=2 2 2 2 2 2
left_child=1 5 -2 -4 -3 -1
right_child=2 4 3 -5 -6 -7
leaf_value=-0.013841859755747336 0.0048774375169314309 -0.027217587576145633 0.028018940775061299 0.015092446148882017 -0.014736564825444377 -0.0021696869559432895
leaf_weight=4709.4717685505748 15694.972103849053 6852.865045376122 3495.0022773593664 10620.078858681023 4376.5715508386493 8668.8111693561077
leaf_count=32493 77662 72925 10573 37069 37312 50311
internal_value=-4.59525e-06 -0.013614 0.0112298 0.0182931 -0.0223532 -0.00627857
internal_weight=54417.8 24607.7 29810.1 14115.1 11229.4 13378.3
internal_count=318345 193041 125304 47642 110237 82804
is_linear=0
shrinkage=0.05


Tree=54
num_leaves=7
num_cat=0
split_feature=0 10 3 3 0 11
split_gain=3187.89 662.507 497.578 179.043 177.928 112.661
threshold=0.29029771685600286 0.44410496950149542 0.45893160998821264 0.16229619830846789 0.70928144454956066 0.17077793926000598
decision_type=2 2 2 2 2 2
left_child=1 3 5 -1 -4 -2
right_child=2 -3 4 -5 -6 -7
leaf_value=-0.017840564701944624 -0.011731829024861321 -0.023259834911085134 0.011811817852444291 -0.0038892164393802223 0.022068198682982605 0.0042718533098820349
leaf_weight=2878.3413920402527 1190.9355765804648 10433.953551843762 13558.573681950569 11438.550146788359 6145.0905352532864 14353.923966906965
leaf_count=16708 8984 95900 48359 63122 17437 67835
internal_value=7.63044e-05 -0.0136775 0.00973398 -0.00669407 0.0150105 0.00304577
internal_weight=59999.4 24750.8 35248.5 14316.9 19703.7 15544.9
internal_count=318345 175730 142615 79830 65796 76819
is_linear=0
shrinkage=0.05


Tree=55
num_leaves=7
num_cat=0
split_feature=1 10 11 1 7 10
split_gain=4725.84 1150.5 819.957 286.733 213.88 195.974
threshold=0.43907961249351507 0.23354585468769076 0.15105224400758746 0.27980670332908636 0.15529146790504458 0.3790468573570252
decision_type=2 2 2 2 2 2
left_child=1 4 -2 -3 -1 -4
right_child=2 3 5 -5 -6 -7
leaf_value=-0.022964469606344635 0.027967860386475973 -0.0080931724926884985 0.0026691583343549977 0.00088401901332824714 -0.013103518616849934 0.013191737202293777
leaf_weight=9641.1531572639942 9337.8648887574673 15506.17160320282 6085.9428205490112 20861.664163097739 12798.517281323671 16211.201191753149
leaf_count=26245 55714 42736 21526 67753 34608 69763
internal_value=-5.42139e-05 -0.00843705 0.0155289 -0.00294359 -0.0173403 0.0103196
internal_weight=90442.5 58807.5 31635 36367.8 22439.7 22297.1
internal_count=318345 171342 147003 110489 60853 91289
is_linear=0
shrinkage=0.05


Tree=56
num_leaves=7
num_cat=0
split_feature=2 14 2 13 5 2
split_gain=3021.36 598.278 472.632 250.524 169.496 93.3937
threshold=0.25789415836334234 0.23105952143669131 0.6624441146850587 0.27693572640419012 0.4242593795061112 0.91687610745430004
decision_type=2 2 2 2 2 2
left_child=1 -1 4 -3 -2 -4
right_child=2 3 5 -5 -6 -7
leaf_value=-0.024504373806694332 0.0028302046889147631 6.5470529254456431e-05 0.020578237806574019 -0.012637606976958361 0.011380722739899086 0.043606460644193178
leaf_weight=7838.7271937429905 11338.893314875662 6348.7417172044516 6343.7572077512741 9986.2542346939445 11855.904823116958 473.12530544400215
leaf_count=82571 58295 32461 18780 78009 46957 1272
internal_value=5.99824e-06 -0.0131494 0.0106024 -0.00770044 0.00720076 0.0221765
internal_weight=54185.4 24173.7 30011.7 16335 23194.8 6816.88
internal_count=318345 193041 125304 110470 105252 20052
is_linear=0
shrinkage=0.05


Tree=57
num_leaves=7
num_cat=0
split_feature=0 10 6 3 0 2
split_gain=2899.71 624.673 446.52 169.33 165.213 122.057
threshold=0.29029771685600286 0.44410496950149542 0.48384562134742742 0.16229619830846789 0.41516542434692388 0.04017221927642823
decision_type=2 2 2 2 2 2
left_child=1 3 4 -1 -2 -4
right_child=2 -3 5 -5 -6 -7
leaf_value=-0.017396431215300386 0.0011956369531341783 -0.022718511385798373 0.033841577281112277 -0.0037367447159548112 0.0093152182034026594 0.016188777655999787
leaf_weight=2832.8216875270009 11362.775353528559 10095.655858486891 1098.9335449635983 11394.751616954803 13964.174913972616 8988.145354822278
leaf_count=16708 59456 95900 3044 63122 52757 27358
internal_value=8.60984e-05 -0.0132062 0.00921561 -0.0064565 0.00567242 0.018112
internal_weight=59737.3 24323.2 35414 14227.6 25327 10087.1
internal_count=318345 175730 142615 79830 112213 30402
is_linear=0
shrinkage=0.05


Tree=58
num_leaves=7
num_cat=0
split_feature=1 11 7 4 14 13
split_gain=4242.93 921.476 907.963 280.242 205.272 123.196
threshold=0.40791280567646032 0.15105224400758746 0.18529160320758822 0.24881135672330859 0.31892149150371557 0.098448857665061965
decision_type=2 2 2 2 2 2
left_child=2 -2 5 -4 -3 -1
right_child=1 4 3 -5 -6 -7
leaf_value=-0.033936846380138844 0.027135655515525388 0.011470503416310814 -0.0088213399937224265 -0.00047117973288190047 0.0016128797681530514 -0.018129500021148777
leaf_weight=1363.1544609665871 9141.5351164937019 18686.40252931416 21719.9127574265 18698.311774045229 7361.6315293908119 12868.817392885685
leaf_count=3776 56357 78246 59657 58010 27395 34904
internal_value=-6.34237e-05 0.0134778 -0.00878268 -0.00495838 0.00868457 -0.0196435
internal_weight=89839.8 35189.6 54650.2 40418.2 26048 14232
internal_count=318345 161998 156347 117667 105641 38680
is_linear=0
shrinkage=0.05


Tree=59
num_leaves=7
num_cat=0
split_feature=2 10 2 0 14 2
split_gain=2740.67 556.145 455.927 164.517 144.797 143.383
threshold=0.24704364687204364 0.42758513987064367 0.45188951492309576 0.077885743230581297 0.31410117447376257 0.14380703866481784
decision_type=2 2 2 2 2 2
left_child=1 4 -2 -4 -1 -3
right_child=2 5 3 -5 -6 -7
leaf_value=-0.011102147629740851 0.0034046010234435788 -0.026535380506908332 0.024893937027038772 0.012783066256100005 -0.00032134381535315964 -0.014449730645540849
leaf_weight=6692.1602035835385 15073.095641046762 6234.930348969996 3618.6634467244148 12457.864256009459 5826.0025616139174 4047.1289845630527
leaf_count=45684 77634 71448 10852 42981 33223 36523
internal_value=1.02815e-05 -0.013162 0.00965181 0.0155091 -0.00608472 -0.0217783
internal_weight=53949.8 22800.2 31149.6 16076.5 12518.2 10282.1
internal_count=318345 186878 131467 53833 78907 107971
is_linear=0
shrinkage=0.05


Tree=60
num_leaves=7
num_cat=0
split_feature=3 14 3 13 2 14
split_gain=2636.9 490.687 457.359 189.378 146.712 137.584
threshold=0.31109157204627996 0.22805327922105792 0.47785569727420812 0.23480464518070224 0.04017221927642823 0.21095828711986545
decision_type=2 2 2 2 2 2
left_child=1 -1 5 -3 -4 -2
right_child=2 3 4 -5 -6 -7
leaf_value=-0.026323628819356307 -0.010563958874484443 0.00057339194752471529 0.029234777796940892 -0.012156847658408666 0.012601722631869037 0.0041868880872378772
leaf_weight=5624.5720287263393 1737.7394452020526 3799.6116351634264 1440.2054099738598 12640.348980754614 16681.506486289203 17502.547443948686
leaf_count=60698 12841 17678 4080 86106 54343 82281
internal_value=0.00012951 -0.013576 0.00822343 -0.00921463 0.0139236 0.00285462
internal_weight=59426.5 22064.5 37362 16440 18121.7 19240.3
internal_count=318027 164482 153545 103784 58423 95122
is_linear=0
shrinkage=0.05


Tree=61
num_leaves=7
num_cat=0
split_feature=1 10 11 1 7 10
split_gain=3907.81 1019.28 734.898 234.961 189.952 173.756
threshold=0.44446963071823126 0.23354585468769076 0.15105224400758746 0.30237880349159246 0.11027661710977556 0.3790468573570252
decision_type=2 2 2 2 2 2
left_child=1 4 -2 -3 -1 -4
right_child=2 3 5 -5 -6 -7
leaf_value=-0.02643039073463594 0.026951820048645905 -0.0064494065674352043 0.0022040185323754131 0.0015158925130703939 -0.013931354325207812 0.012403488960330743
leaf_weight=3627.1939416229725 8633.1776466220617 18407.12181609869 5728.8102400302887 18627.487499326468 18767.026426017284 15401.793930605054
leaf_count=10135 55481 51041 20455 61764 50804 68347
internal_value=-0.000128416 -0.007535 0.0146602 -0.00244306 -0.0159558 0.00963827
internal_weight=89192.6 59428.8 29763.8 37034.6 22394.2 21130.6
internal_count=318027 173744 144283 112805 60939 88802
is_linear=0
shrinkage=0.05


Tree=62
num_leaves=7
num_cat=0
split_feature=2 10 2 2 13 14
split_gain=2495.6 508.042 450.178 166.46 153.009 127.793
threshold=0.23213265836238864 0.42758513987064367 0.43631337583065039 0.75478574633598339 0.24166130274534228 0.28684654831886297
decision_type=2 2 2 2 2 2
left_child=1 5 4 -4 -2 -1
right_child=2 -3 3 -5 -6 -7
leaf_value=-0.013192505684439955 0.0099349768878984144 -0.021891216914966437 0.011551777970525376 0.023118119937081009 -0.00078410592762295371 -0.0022610873132089785
leaf_weight=4229.8305188193917 4834.9268742352724 9539.5579942688346 13049.910684213042 4084.2728937864304 10690.392193093896 7266.7881216257811
leaf_count=30485 19911 104322 46345 11344 62737 42883
internal_value=6.99764e-05 -0.0133611 0.00872098 0.0143088 0.00255405 -0.00628297
internal_weight=53695.7 21036.2 32659.5 17134.2 15525.3 11496.6
internal_count=318027 177690 140337 57689 82648 73368
is_linear=0
shrinkage=0.05


Tree=63
num_leaves=7
num_cat=0
split_feature=0 7 6 3 0 11
split_gain=2419.75 560.964 340.61 166.669 136.188 103.63
threshold=0.29029771685600286 0.52280288934707653 0.4072635024785996 0.17084300518035891 0.84375005960464489 0.14177269488573077
decision_type=2 2 2 2 2 2
left_child=1 3 5 -1 -4 -2
right_child=2 -3 4 -5 -6 -7
leaf_value=-0.016246994972647116 -0.0094303762450267808 -0.022277826813563675 0.011984781513934874 -0.0034880596413985631 0.026538375520650134 0.0047939349836983039
leaf_weight=3294.098906122148 1381.8209188655019 8803.3907140418887 14968.510892890394 11478.75852137804 1800.8444728851318 17454.016181893647
leaf_count=20255 8976 89696 48714 65765 4844 79777
internal_value=0.000137711 -0.0122869 0.00836474 -0.00633309 0.0135477 0.00375042
internal_weight=59181.4 23576.2 35605.2 14772.9 16769.4 18835.8
internal_count=318027 175716 142311 86020 53558 88753
is_linear=0
shrinkage=0.05


Tree=64
num_leaves=7
num_cat=0
split_feature=1 10 11 4 10 13
split_gain=3501.6 931.294 702.852 273.884 159.901 134.223
threshold=0.44446963071823126 0.20145083218812945 0.14785759896039966 0.24881135672330859 0.3790468573570252 0.1053622141480446
decision_type=2 2 2 2 2 2
left_child=1 5 -2 -3 -4 -1
right_child=2 3 4 -5 -6 -7
leaf_value=-0.029976601295821432 0.026507039125459209 -0.0075150501756711535 0.0020782769570184176 0.0005131978853854136 0.011873324656667206 -0.015565440691743754
leaf_weight=1812.9668668806553 8147.7577413469553 19755.876966446638 5720.4011241495609 22981.272040814161 15339.136560305953 14851.199945420027
leaf_count=5095 54441 54341 20492 73912 69350 40396
internal_value=-0.000137644 -0.00710733 0.0140372 -0.00319798 0.0092127 -0.0171333
internal_weight=88608.6 59401.3 29207.3 42737.1 21059.5 16664.2
internal_count=318027 173744 144283 128253 89842 45491
is_linear=0
shrinkage=0.05


Tree=65
num_leaves=7
num_cat=0
split_feature=2 14 5 13 2 13
split_gain=2272.11 476.295 401.143 175.637 152.664 115.732
threshold=0.23213265836238864 0.24113600701093676 0.44360956549644476 0.23008508235216144 0.75478574633598339 0.24166130274534228
decision_type=2 2 2 2 2 2
left_child=1 -1 5 -3 -4 -2
right_child=2 3 4 -5 -6 -7
leaf_value=-0.022848086889990345 0.0086319833520564198 0.0020438055726207573 0.010843431261430723 -0.010785267234211013 0.021865089724339225 -0.00066010366412069799
leaf_weight=7612.8760375529528 4954.1193516552448 3737.9595354497433 13387.656939662993 9319.3408356904984 4105.2443651854992 10355.109335757792
leaf_count=86868 20075 18366 48620 72456 11344 60298
internal_value=7.56753e-05 -0.012908 0.00825733 -0.00711264 0.01343 0.00234685
internal_weight=53472.3 20670.2 32802.1 13057.3 17492.9 15309.2
internal_count=318027 177690 140337 90822 59964 80373
is_linear=0
shrinkage=0.05


Tree=66
num_leaves=7
num_cat=0
split_feature=3 11 3 3 2 13
split_gain=2206.02 441.809 356.818 173.709 128.838 101.19
threshold=0.31109157204627996 0.21248302608728412 0.47785569727420812 0.2000287473201752 0.04017221927642823 0.28047768771648413
decision_type=2 2 2 2 2 2
left_child=1 -1 5 -3 -4 -2
right_child=2 3 4 -5 -6 -7
leaf_value=-0.025338288887510677 0.007017525317436768 -0.015264897847396892 0.026712586804586248 -0.0045604462155117214 0.011196048458572212 -0.00034732516640299674
leaf_weight=5218.2925630435348 7920.7509736195207 6087.7093283981085 1452.9399954974651 10041.109476402402 16883.236472629011 11342.632948927581
leaf_count=60775 30638 41292 4080 62415 54343 64484
internal_value=0.00014486 -0.0126922 0.00743311 -0.00860077 0.0124256 0.00268097
internal_weight=58946.7 21347.1 37599.6 16128.8 18336.2 19263.4
internal_count=318027 164482 153545 103707 58423 95122
is_linear=0
shrinkage=0.05


Tree=67
num_leaves=7
num_cat=0
split_feature=4 11 10 4 13 4
split_gain=3124.78 1117.4 471.695 245.182 111.772 83.2519
threshold=0.28037592768669134 0.15105224400758746 0.18926382064819339 0.43596918880939489 0.098448857665061965 0.21603041142225268
decision_type=2 2 2 2 2 2
left_child=2 -2 4 -3 -1 -4
right_child=1 3 5 -5 -6 -7
leaf_value=-0.031032110659032597 0.024891929570713487 0.0023576691333955977 -0.0086478762397572181 0.011195572417793455 -0.01585903755185954 -0.0032126697790633521
leaf_weight=1339.4526151716709 8875.3856085836887 25157.98211158812 15252.90425477922 11405.041878819466 12932.711262062192 13093.048093378544
leaf_count=3809 58440 89055 41296 51970 35363 38094
internal_value=-0.000144335 0.00897755 -0.00986987 0.00511446 -0.017283 -0.00613734
internal_weight=88056.5 45438.4 42618.1 36563 14272.2 28346
internal_count=318027 199465 118562 141025 39172 79390
is_linear=0
shrinkage=0.05


Tree=68
num_leaves=7
num_cat=0
split_feature=2 5 10 2 13 13
split_gain=2071.52 415.737 408.535 138.817 134.088 98.064
threshold=0.21124062687158587 0.44360956549644476 0.43919076025485998 0.78811904788017284 0.25424876809120184 0.23008508235216144
decision_type=2 2 2 2 2 2
left_child=2 4 5 -3 -2 -1
right_child=1 3 -4 -5 -6 -7
leaf_value=-0.00027190521325668604 0.0076863208251159998 0.010527869662965794 -0.022014167535858681 0.022010011909731481 -0.0015303100678424981 -0.010511529002108444
leaf_weight=3578.3242142572999 6091.0456275418401 14407.252478078008 8002.6543760225177 3220.778467476368 11207.178472675383 6746.7796582579613
leaf_count=17954 25202 51354 95353 8736 68843 50585
internal_value=7.83155e-05 0.00722191 -0.0135349 0.0126257 0.00171505 -0.00696283
internal_weight=53254 34926.3 18327.8 17628 17298.2 10325.1
internal_count=318027 154135 163892 60090 94045 68539
is_linear=0
shrinkage=0.05


Tree=69
num_leaves=7
num_cat=0
split_feature=0 10 3 13 0 14
split_gain=2031.28 471.645 335.716 162.469 129.504 90.3552
threshold=0.2632106244564057 0.47480419278144842 0.4531418532133103 0.23480464518070224 0.88243362307548534 0.21715605258941653
decision_type=2 2 2 2 2 2
left_child=1 3 5 -1 -4 -2
right_child=2 -3 4 -5 -6 -7
leaf_value=0.0014388642956330844 -0.0086513371562913621 -0.022962790798006869 0.010313868850544798 -0.010704474031978396 0.029281759407440208 0.0030261027279732378
leaf_weight=3960.6504189744592 1851.378278747201 7192.1188873648643 19988.603750295937 9044.3761099651456 942.30127915740013 15739.342172071338
leaf_count=18445 15134 79433 65824 60282 2521 76388
internal_value=0.000154916 -0.0126883 0.0068887 -0.00700625 0.0111678 0.00179708
internal_weight=58718.8 20197.1 38521.6 13005 20930.9 17590.7
internal_count=318027 158160 159867 78727 68345 91522
is_linear=0
shrinkage=0.05


Tree=70
num_leaves=7
num_cat=0
split_feature=1 10 11 1 8 13
split_gain=2840.22 772.92 637.238 217.817 146.053 122.332
threshold=0.44446963071823126 0.20145083218812945 0.14785759896039966 0.29426065087318426 0.32750998437404638 0.1053622141480446
decision_type=2 2 2 2 2 2
left_child=1 5 -2 -3 -4 -1
right_child=2 3 4 -5 -6 -7
leaf_value=-0.027919482992667489 0.025305711155289817 -0.0062518080402052083 0.010195242265314083 0.00089125290167591095 -0.0012517928300811083 -0.014043444895766859
leaf_weight=1779.6187143623829 7579.2095875740051 22154.978864490986 17321.635875597596 20591.925958126783 3320.7358356118202 14779.094666332006
leaf_count=5095 54441 60733 77315 67520 12527 40396
internal_value=-0.000150271 -0.0063635 0.0129064 -0.00281087 0.00835376 -0.0155347
internal_weight=87527.2 59305.6 28221.6 42746.9 20642.4 16558.7
internal_count=318027 173744 144283 128253 89842 45491
is_linear=0
shrinkage=0.05


Tree=71
num_leaves=7
num_cat=0
split_feature=8 11 0 5 14 5
split_gain=1775.86 421.175 269.904 150.914 129.742 85.1051
threshold=0.29739640653133398 0.13888554275035861 0.13986511528491977 0.37847954034805303 0.32902109622955328 0.27176479995250707
decision_type=2 2 2 2 2 2
left_child=1 5 -2 -3 -4 -1
right_child=2 3 4 -5 -6 -7
leaf_value=-0.027723500718060581 0.016139597064200227 -0.0088648821056567569 -0.0027751662763283989 0.0040177849799597123 0.0072276068445068925 -0.0035673845929467141
leaf_weight=3468.3145834319293 7979.7522068619728 17186.36045114696 3983.9992080032825 2619.8347606733441 17399.827354773879 407.45624190568924
leaf_count=50553 27053 129078 22117 13682 70909 4635
internal_value=7.64689e-05 -0.0101105 0.00829234 -0.00716085 0.005364 -0.025184
internal_weight=53045.5 23682 29363.6 19806.2 21383.8 3875.77
internal_count=318027 197948 120079 142760 93026 55188
is_linear=0
shrinkage=0.05


Tree=72
num_leaves=7
num_cat=0
split_feature=0 10 0 13 2 13
split_gain=1857.02 446.266 295.832 150.419 114.197 88.0977
threshold=0.2632106244564057 0.47480419278144842 0.47544582188129431 0.23480464518070224 0.04017221927642823 0.29042476415634161
decision_type=2 2 2 2 2 2
left_child=1 3 5 -1 -4 -2
right_child=2 -3 4 -5 -6 -7
leaf_value=0.0013448890130998981 0.0060573739674991871 -0.022462941097506923 0.024347452361472448 -0.010352386110111156 0.0098360815320666789 -0.00074592444046966088
leaf_weight=3966.9379496797919 8374.3422985374928 6963.528017565608 1467.8298903629184 8947.0398335754871 17755.0300796628 11020.499778561294
leaf_count=18445 32787 79433 4111 60282 56791 66178
internal_value=0.000156841 -0.0122606 0.00654839 -0.0067592 0.0109441 0.00219162
internal_weight=58495.2 19877.5 38617.7 12914 19222.9 19394.8
internal_count=318027 158160 159867 78727 60902 98965
is_linear=0
shrinkage=0.05


Tree=73
num_leaves=7
num_cat=0
split_feature=1 7 11 4 14 13
split_gain=2549.4 718.177 602.666 220.757 137.353 104.284
threshold=0.44446963071823126 0.18833047151565555 0.14785759896039966 0.24881135672330859 0.32798220217227941 0.1053622141480446
decision_type=2 2 2 2 2 2
left_child=1 5 -2 -3 -4 -1
right_child=2 3 4 -5 -6 -7
leaf_value=-0.027089582657386681 0.024680987538651666 -0.0065371310354893301 0.010121682765135516 0.00049030748959148925 0.00022228525086550769 -0.014107843277960561
leaf_weight=1760.9860564172268 7303.1525493711233 21471.454445779324 15962.290026634932 23304.896909445524 4489.4989474713802 12731.378359228373
leaf_count=5090 54441 58776 72401 74877 17441 35001
internal_value=-0.000154436 -0.00601079 0.0123514 -0.00287954 0.0079486 -0.0156853
internal_weight=87023.7 59268.7 27754.9 44776.4 20451.8 14492.4
internal_count=318027 173744 144283 133653 89842 40091
is_linear=0
shrinkage=0.05


Tree=74
num_leaves=7
num_cat=0
split_feature=8 11 0 5 14 5
split_gain=1602.92 397.6 245.893 140.614 117.252 85.1447
threshold=0.29739640653133398 0.13888554275035861 0.13986511528491977 0.37847954034805303 0.32902109622955328 0.26861965656280523
decision_type=2 2 2 2 2 2
left_child=1 5 -2 -3 -4 -1
right_child=2 3 4 -5 -6 -7
leaf_value=-0.027400802229056984 0.01529224350604428 -0.0085280360636819132 -0.0027134820479093481 0.0039073159789000562 0.0067973535350977542 -0.0035482392256541203
leaf_weight=3297.6603321805596 8028.9616186544299 17011.379697687924 3977.0308746397495 2623.9271560609341 17499.899352639914 422.01347740367055
leaf_count=50226 27053 129078 22117 13682 70909 4962
internal_value=8.06863e-05 -0.00970573 0.00782699 -0.00686626 0.00503617 -0.0246946
internal_weight=52860.9 23355 29505.9 19635.3 21476.9 3719.67
internal_count=318027 197948 120079 142760 93026 55188
is_linear=0
shrinkage=0.05


Tree=75
num_leaves=7
num_cat=0
split_feature=0 10 0 11 13 11
split_gain=1696.4 414.344 262.508 127.898 121.887 60.2094
threshold=0.2632106244564057 0.44410496950149542 0.70928144454956066 0.16417285054922107 0.27338038384914404 0.13888554275035861
decision_type=2 2 2 2 2 2
left_child=1 4 3 -2 -1 -3
right_child=2 5 -4 -5 -6 -7
leaf_value=-0.00041715035758768952 -0.0080868046716608393 -0.026458907943808643 0.015569429090757272 0.0052261753762386917 -0.01058773406872026 -0.01735948097924506
leaf_weight=5445.227247223258 1917.3639803305268 2918.4915196076035 6331.5919669270515 30530.600494481623 6417.7480207532644 4820.7911850959063
leaf_count=26370 14597 42138 17437 128055 43544 46377
internal_value=0.000197061 -0.0117909 0.0062567 0.00443951 -0.00591933 -0.0207909
internal_weight=58381.8 19602.3 38779.6 32448 11863 7739.28
internal_count=318518 158429 160089 142652 69914 88515
is_linear=0
shrinkage=0.05


Tree=76
num_leaves=7
num_cat=0
split_feature=1 4 11 14 13 13
split_gain=2257.76 655.688 577.38 180.467 145.358 120.553
threshold=0.44446963071823126 0.15729822963476184 0.14177269488573077 0.1769654452800751 0.32059441506862646 0.11575981229543687
decision_type=2 2 2 2 2 2
left_child=1 5 -2 -3 -4 -1
right_child=2 3 4 -5 -6 -7
leaf_value=-0.024088731245299672 0.024391387566401898 0.014520981820382915 -0.00095868562646183285 -0.0030059294451641305 0.0096379688591546869 -0.012291085655634165
leaf_weight=2567.4909089803696 6778.0578964874148 1522.659675553441 4024.2738903909922 41430.362028464675 16526.480334579945 13824.38007864356
leaf_count=7429 52555 4945 14143 123745 77745 37956
internal_value=-0.000155071 -0.00563133 0.0117367 -0.00238461 0.00756292 -0.014139
internal_weight=86673.7 59344.9 27328.8 42953 20550.8 16391.9
internal_count=318518 174075 144443 128690 91888 45385
is_linear=0
shrinkage=0.05


Tree=77
num_leaves=7
num_cat=0
split_feature=2 10 0 4 2 10
split_gain=1635.24 365.526 305.059 183.168 98.5939 84.5487
threshold=0.21483099460601809 0.43919076025485998 0.12797640264034274 0.24689809232950213 0.13618457317352298 0.23354585468769076
decision_type=2 2 2 2 2 2
left_child=1 5 -2 -4 -3 -1
right_child=2 4 3 -5 -6 -7
leaf_value=-0.00011286011693760752 0.01458343886294149 -0.025233821121587882 0.0073721543034579009 -0.0010180263018778697 -0.013417962970437082 -0.0095381772758209027
leaf_weight=3681.187201783061 8486.109755165875 4603.2502747662365 14807.296616114676 11601.72219581902 2863.8164702914655 6727.9183576740324
leaf_count=18429 30865 65358 53798 67126 31065 51877
internal_value=3.66822e-05 -0.0122606 0.00633634 0.00368627 -0.0207021 -0.00620491
internal_weight=52771.3 17876.2 34895.1 26409 7467.07 10409.1
internal_count=318518 166729 151789 120924 96423 70306
is_linear=0
shrinkage=0.05


Tree=78
num_leaves=7
num_cat=0
split_feature=3 14 0 3 14 0
split_gain=1562.84 372.493 224.57 141.875 108.394 92.6292
threshold=0.31109157204627996 0.28684654831886297 0.70928144454956066 0.16229619830846789 0.18985673785209659 0.19910422712564471
decision_type=2 2 2 2 2 2
left_child=1 5 4 -3 -2 -1
right_child=2 3 -4 -5 -6 -7
leaf_value=-0.024271691525326714 -0.0076687998400085389 -0.015042095820496558 0.014756321624383471 -0.002706862405430928 0.0051589021779028252 -0.013032237516306729
leaf_weight=4564.0615074709058 1742.777927570045 3093.5628504604101 6348.8486120402813 9457.2154788151383 29912.83699311316 3063.6659352853894
leaf_count=55540 12232 21020 17437 56753 124072 31464
internal_value=0.000202827 -0.0110433 0.00617396 -0.0057473 0.00445268 -0.0197574
internal_weight=58183 20178.5 38004.5 12550.8 31655.6 7627.73
internal_count=318518 164777 153741 77773 136304 87004
is_linear=0
shrinkage=0.05


Tree=79
num_leaves=7
num_cat=0
split_feature=7 11 1 1 13 7
split_gain=2066.03 728.464 478.741 228.347 146.676 130.811
threshold=0.41293998062610632 0.14177269488573077 0.18052033334970477 0.48685088753700262 0.25424876809120184 0.11027661710977556
decision_type=2 2 2 2 2 2
left_child=2 -2 5 -3 -4 -1
right_child=1 3 4 -5 -6 -7
leaf_value=-0.021729943863494722 0.023018567234911018 0.0012441050196659838 -0.0071976630659011664 0.010390900261650151 -0.00019320695209414898 -0.010887451025090415
leaf_weight=3372.0863240659237 7497.6569195613265 14889.769612401724 11921.259832248092 12595.145401909947 20034.480764403939 15891.441136240959
leaf_count=9895 55680 51907 33079 62013 62590 43354
internal_value=-0.000162223 0.00920414 -0.00655942 0.00543568 -0.00280626 -0.0127854
internal_weight=86201.8 34982.6 51219.3 27484.9 31955.7 19263.5
internal_count=318518 169600 148918 113920 95669 53249
is_linear=0
shrinkage=0.05


Tree=80
num_leaves=7
num_cat=0
split_feature=2 2 14 13 0 13
split_gain=1502.71 332.124 303.877 139.435 134.693 98.2066
threshold=0.18756993114948275 0.40351830422878271 0.23105952143669131 0.24166130274534228 0.062378233298659332 0.30127714574337011
decision_type=2 2 2 2 2 2
left_child=2 3 -1 -2 -3 -4
right_child=1 4 5 -5 -6 -7
leaf_value=-0.022884450946400701 0.0071676423391754188 0.020138215926825298 -0.0029580693785849865 -0.0024692677389428663 0.0081662724213998564 -0.013130882781400711
leaf_weight=5395.5077057629824 5356.9326531812549 2724.0052612572908 4764.7254575714469 12540.19368930161 17083.597580686212 4725.2696014940739
leaf_count=75271 22352 7831 26459 82842 58772 44991
internal_value=4.15062e-05 0.00535204 -0.01341 0.000415233 0.00981269 -0.00802333
internal_weight=52590.2 37704.7 14885.5 17897.1 19807.6 9490
internal_count=318518 171797 146721 105194 66603 71450
is_linear=0
shrinkage=0.05


Tree=81
num_leaves=7
num_cat=0
split_feature=0 14 3 9 2 14
split_gain=1432.13 373.956 219.549 159.1 116.819 69.8261
threshold=0.2632106244564057 0.28173460066318518 0.43934483826160436 0.2997292429208756 0.04017221927642823 0.18029820919036868
decision_type=2 2 2 2 2 2
left_child=1 5 -2 -3 -4 -1
right_child=2 3 4 -5 -6 -7
leaf_value=-0.025872206453857956 0.0012420484447015086 -0.010664423344089936 0.022447019996502133 0.00086159489529815606 0.0079215298168107164 -0.015694586124345152
leaf_weight=3168.8064388856292 16129.4487542063 7129.8705585598946 1480.2864972501993 5161.3843385279179 21318.33383885026 3599.6280394606292
leaf_count=47339 85463 50615 4155 26573 70471 33902
internal_value=0.000208109 -0.0110216 0.0057063 -0.00582438 0.00886465 -0.0204595
internal_weight=57987.8 19059.7 38928.1 12291.3 22798.6 6768.43
internal_count=318518 158429 160089 77188 74626 81241
is_linear=0
shrinkage=0.05


Tree=82
num_leaves=7
num_cat=0
split_feature=7 11 7 3 4 13
split_gain=1854.3 681.678 447.11 208.656 109.469 95.3419
threshold=0.41293998062610632 0.14177269488573077 0.18529160320758822 0.42358408868312841 0.24881135672330859 0.098448857665061965
decision_type=2 2 2 2 2 2
left_child=2 -2 5 -3 -4 -1
right_child=1 3 4 -5 -6 -7
leaf_value=-0.026852190328059852 0.022392597553460486 0.0071711657768789338 -0.0058313596570182119 -0.0043363104194932894 -0.0003874757101526476 -0.012528938911739496
leaf_weight=1279.0972718894482 7265.1617179587483 22535.433644197881 20234.084188684821 4773.6717095077038 16987.17551882565 12672.084553837776
leaf_count=3819 55680 97998 55205 15922 54611 35283
internal_value=-0.00016441 0.00878084 -0.0062082 0.00515964 -0.00334686 -0.0138421
internal_weight=85746.7 34574.3 51172.4 27309.1 37221.3 13951.2
internal_count=318518 169600 148918 113920 109816 39102
is_linear=0
shrinkage=0.05


Tree=83
num_leaves=7
num_cat=0
split_feature=2 2 14 13 0 13
split_gain=1374.25 293.82 288.916 123.555 122.193 93.7109
threshold=0.18756993114948275 0.40351830422878271 0.22647947072982791 0.24166130274534228 0.062378233298659332 0.30127714574337011
decision_type=2 2 2 2 2 2
left_child=2 3 -1 -2 -3 -4
right_child=1 4 5 -5 -6 -7
leaf_value=-0.022749575930417265 0.0067510555674075261 0.019080450998386164 -0.0029824835246313654 -0.0023054131434101124 0.0076943213333374536 -0.012839721750872902
leaf_weight=4982.9390036724508 5391.9794760644436 2731.2460456490517 4811.1721097752452 12488.677961714566 17165.208477005363 4833.3744216635823
leaf_count=72925 22352 7831 26844 82842 58772 46952
internal_value=3.87343e-05 0.0050771 -0.0129734 0.000425599 0.00925733 -0.00792245
internal_weight=52404.6 37777.1 14627.5 17880.7 19896.5 9644.55
internal_count=318518 171797 146721 105194 66603 73796
is_linear=0
shrinkage=0.05


Tree=84
num_leaves=7
num_cat=0
split_feature=3 14 2 11 3 14
split_gain=1310.7 330.549 185.411 143.547 130.466 95.2422
threshold=0.31109157204627996 0.28684654831886297 0.097211737185716643 0.11660031974315645 0.2000287473201752 0.21095828711986545
decision_type=2 2 2 2 2 2
left_child=1 -1 3 -2 -3 -4
right_child=2 4 5 -5 -6 -7
leaf_value=-0.018779247625154566 -0.0055878064299603328 -0.011716951444731387 -0.010299894047357183 0.014870418846698092 -0.0012162289043205121 0.0043730176850450509
leaf_weight=7236.5054216906428 976.58679837733507 4865.9900110661983 1149.7985655292869 7027.2467673644423 7543.9114396199584 29002.601905450225
leaf_count=87004 6334 33296 7280 24208 44477 115919
internal_value=0.000206589 -0.0102861 0.00560923 0.0123742 -0.00533362 0.0038135
internal_weight=57802.6 19646.4 38156.2 8003.83 12409.9 30152.4
internal_count=318518 164777 153741 30542 77773 123199
is_linear=0
shrinkage=0.05


Tree=85
num_leaves=7
num_cat=0
split_feature=7 11 7 3 1 13
split_gain=1663.68 637.98 411.878 190.569 111.109 91.2363
threshold=0.41293998062610632 0.14177269488573077 0.18529160320758822 0.39723633229732519 0.19513299316167834 0.098448857665061965
decision_type=2 2 2 2 2 2
left_child=2 -2 5 -3 -4 -1
right_child=1 3 4 -5 -6 -7
leaf_value=-0.026024722083970414 0.021781855952843977 0.0071363305430209899 -0.0078303297338307744 -0.0029297845048934629 -0.0015459989215596654 -0.011940684907879055
leaf_weight=1265.0658113658428 7042.0879481360316 21094.427905768156 9413.9202003479004 6050.4480273425579 27815.725830554962 12629.264342963696
leaf_count=3819 55680 93089 25373 20831 84443 35283
internal_value=-0.000166944 0.00837161 -0.00587674 0.00489265 -0.00313506 -0.013223
internal_weight=85310.9 34187 51124 27144.9 37229.6 13894.3
internal_count=318518 169600 148918 113920 109816 39102
is_linear=0
shrinkage=0.05


Tree=86
num_leaves=7
num_cat=0
split_feature=2 0 10 13 2 14
split_gain=1263.05 277.228 276.68 178.711 74.0385 66.9741
threshold=0.18756993114948275 0.13986511528491977 0.46543200314044958 0.25424876809120184 0.91687610745430004 0.27463699877262121
decision_type=2 2 2 2 2 2
left_child=2 4 5 -3 -2 -1
right_child=1 3 -4 -5 -6 -7
leaf_value=-0.012823306712571059 0.011081028408908324 0.0065606236199752845 -0.021423322879393455 -0.0014465790000767744 0.031345542059215879 -0.0038388865896365866
leaf_weight=3278.3110337667167 9373.0967478267848 13099.164704665542 5465.3578991293907 14888.715468123555 473.50945743918419 5647.7931323647499
leaf_count=28624 36429 47565 81386 86525 1278 36711
internal_value=4.40547e-05 0.00483968 -0.0125634 0.00230103 0.0120555 -0.00713862
internal_weight=52225.9 37834.5 14391.5 27987.9 9846.61 8926.1
internal_count=318518 171797 146721 134090 37707 65335
is_linear=0
shrinkage=0.05


Tree=87
num_leaves=7
num_cat=0
split_feature=0 14 2 9 11 13
split_gain=1207.16 335.001 174.152 141.482 138.182 85.8596
threshold=0.2632106244564057 0.28173460066318518 0.10488647595047952 0.29420615732669836 0.12355887889862062 0.19622492790222171
decision_type=2 2 2 2 2 2
left_child=1 -1 4 -3 -2 -4
right_child=2 3 5 -5 -6 -7
leaf_value=-0.019530027870902675 -0.0044406961657364177 -0.010300764699576028 0.0075578480121259927 0.00054220784554540773 0.013693297321679357 0.0016540362743150243
leaf_weight=6420.7213903367519 1212.8357699811459 6670.3134557679296 8655.5085484907031 5480.1091080904007 7849.6814800798893 21345.649454213679
leaf_count=81241 8606 48681 26768 28507 27197 97518
internal_value=0.000202843 -0.010292 0.00519218 -0.00541034 0.0112664 0.00335732
internal_weight=57634.8 18571.1 39063.7 12150.4 9062.52 30001.2
internal_count=318518 158429 160089 77188 35803 124286
is_linear=0
shrinkage=0.05


Tree=88
num_leaves=7
num_cat=0
split_feature=1 11 4 3 11 13
split_gain=1504.46 668.905 285.039 158.683 79.6819 79.6427
threshold=0.3244664072990418 0.13888554275035861 0.13351596891880038 0.43393148481845861 0.1360965892672539 0.098448857665061965
decision_type=2 2 2 2 2 2
left_child=2 -2 5 -3 -4 -1
right_child=1 3 4 -5 -6 -7
leaf_value=-0.025587798118475738 0.021701969965732912 0.0053234040125029435 0.013071770812248296 -0.0037137025667469551 -0.0047113673248653058 -0.012127824174238031
leaf_weight=1231.2054842114449 6163.6559419408441 30652.038125000894 643.32635578513145 5772.2053553164005 30219.564873695374 10234.710084438324
leaf_count=3762 53175 128497 1833 19095 83205 28951
internal_value=-0.000165977 0.00646898 -0.00684155 0.00389128 -0.00434068 -0.0135732
internal_weight=84916.7 42587.9 42328.8 36424.2 30862.9 11465.9
internal_count=318518 200767 117751 147592 85038 32713
is_linear=0
shrinkage=0.05


Tree=89
num_leaves=7
num_cat=0
split_feature=2 14 0 14 10 2
split_gain=1160.88 262.736 254.29 167.166 83.0529 64.1042
threshold=0.18756993114948275 0.23105952143669131 0.12797640264034274 0.32902109622955328 0.23354585468769076 0.91687610745430004
decision_type=2 2 2 2 2 2
left_child=1 -1 5 -4 -3 -2
right_child=2 4 3 -5 -6 -7
leaf_value=-0.021505701068365985 0.011077150060135731 -0.00013078994785140527 -0.0029394435000141823 0.0050694914830247831 -0.01037482022204151 0.030037814128698354
leaf_weight=4915.33037250489 8253.0128576904535 2866.5949150547385 9824.8271237276495 19342.179475553334 6387.0194983258843 471.23216766119003
leaf_count=75271 31084 14499 61593 77842 56951 1278
internal_value=4.6166e-05 -0.0121637 0.00461189 0.0023717 -0.00720141 0.0121013
internal_weight=52060.2 14168.9 37891.3 29167 9253.61 8724.25
internal_count=318518 146721 171797 139435 71450 32362
is_linear=0
shrinkage=0.05


Tree=90
num_leaves=7
num_cat=0
split_feature=3 0 10 13 5 3
split_gain=1127.35 265.976 213.977 120.428 86.8291 62.3714
threshold=0.25871317088603979 0.39024178683757788 0.45366328954696661 0.26800882816314703 0.19827724248170855 0.15501988679170611
decision_type=2 2 2 2 2 2
left_child=2 3 5 -2 -3 -1
right_child=1 4 -4 -5 -6 -7
leaf_value=-0.014292233728564311 0.0048941143219476835 0.010417914268056 -0.020404458770699799 -0.003821173171166853 0.0046553713343102359 -0.0045416601313657337
leaf_weight=2330.2295682318509 6061.0079164281487 11434.80685698241 5330.3214316517115 11454.827575340867 15261.677392274141 5537.6029612980783
leaf_count=15625 24552 38367 70661 82261 52395 34458
internal_value=0.000154181 0.00398233 -0.0126697 -0.000805421 0.00712362 -0.0074295
internal_weight=57410.5 44212.3 13198.2 17515.8 26696.5 7867.83
internal_count=318319 197575 120744 106813 90762 50083
is_linear=0
shrinkage=0.05


Tree=91
num_leaves=7
num_cat=0
split_feature=1 13 11 1 13 7
split_gain=1385.29 543.545 327.893 152.467 108.858 92.1256
threshold=0.49824568629264837 0.19622492790222171 0.13888554275035861 0.30237880349159246 0.31311407685279852 0.081317957490682616
decision_type=2 2 2 2 2 2
left_child=1 5 -2 -3 -4 -1
right_child=2 3 4 -5 -6 -7
leaf_value=-0.024991088680653986 0.022093557437589704 -0.0039293678178334273 -0.0027811002885197414 0.0016057318310000177 0.0094500986568314856 -0.010716385847060184
leaf_weight=1228.3420904278755 5380.2340887412429 24371.901350826025 2152.181992650032 25415.111828282475 11754.847221344709 14158.219041064382
leaf_count=3807 50282 66910 7865 88723 61186 39546
internal_value=-0.000158787 -0.00364226 0.0116122 -0.00110383 0.00755726 -0.011856
internal_weight=84460.8 65173.6 19287.3 49787 13907 15386.6
internal_count=318319 198986 119333 155633 69051 43353
is_linear=0
shrinkage=0.05


Tree=92
num_leaves=7
num_cat=0
split_feature=2 10 0 4 2 2
split_gain=1057.2 262.675 229.221 145.629 67.0916 65.024
threshold=0.19233075529336932 0.46543200314044958 0.13838893175125125 0.24689809232950213 0.13131888210773471 0.91687610745430004
decision_type=2 2 2 2 2 2
left_child=1 -1 5 -4 -3 -2
right_child=2 4 3 -5 -6 -7
leaf_value=-0.0062733325408750101 0.010216338782897681 -0.024429752620031549 0.0054574207836074742 -0.0018301267383340253 -0.012653874120043663 0.029352242346420639
leaf_weight=9111.705551546067 9226.0630018785596 3428.0928109660745 15360.751216828823 12380.522500276566 1868.9804556779563 466.37154924869537
leaf_count=67454 35350 58618 55746 75659 24220 1272
internal_value=8.79536e-05 -0.0114207 0.00451779 0.0022051 -0.0202748 0.0111371
internal_weight=51842.5 14408.8 37433.7 27741.3 5297.07 9692.43
internal_count=318319 150292 168027 131405 82838 36622
is_linear=0
shrinkage=0.05


Tree=93
num_leaves=7
num_cat=0
split_feature=3 0 14 14 2 3
split_gain=1034.62 235.233 204.76 104.233 95.9682 70.0073
threshold=0.25871317088603979 0.39024178683757788 0.29464213550090795 0.2192158326506615 0.10488647595047952 0.15501988679170611
decision_type=2 2 2 2 2 2
left_child=2 3 -1 -2 -3 -4
right_child=1 4 5 -5 -6 -7
leaf_value=-0.020196307510326375 -0.011888425159858071 0.011278454403404135 -0.014093862944073391 0.00061857576787412941 0.0047668830537253015 -0.0040750977825506915
leaf_weight=4992.7588421106339 1865.0035409629345 8121.3784171640873 2568.2134617343545 15601.440971817821 18658.193626448512 5430.6555886790156
leaf_count=67743 21685 26695 18395 85128 64067 34606
internal_value=0.000154705 0.00379733 -0.0122511 -0.000716876 0.00674163 -0.00729184
internal_weight=57237.6 44246 12991.6 17466.4 26779.6 7998.87
internal_count=318319 197575 120744 106813 90762 53001
is_linear=0
shrinkage=0.05


Tree=94
num_leaves=7
num_cat=0
split_feature=1 13 11 1 10 7
split_gain=1241.59 501.012 311.461 152.951 100.766 77.7379
threshold=0.49824568629264837 0.18513151258230212 0.13888554275035861 0.30237880349159246 0.36867125332355505 0.081317957490682616
decision_type=2 2 2 2 2 2
left_child=1 5 -2 -3 -4 -1
right_child=2 3 4 -5 -6 -7
leaf_value=-0.0242280839752421 0.021515782485483199 -0.0039121212824796648 -0.0012057487955187756 0.0015120892642185885 0.0093457236006988607 -0.010943422349011106
leaf_weight=1213.5505327582359 5205.3338305950165 26337.481396108866 2854.5045845061541 25656.425333544612 10914.177455753088 11896.245283156633
leaf_count=3806 50282 72247 10818 89479 58233 33454
internal_value=-0.000157858 -0.00343803 0.0110971 -0.00123554 0.00715821 -0.0121732
internal_weight=84077.7 65103.7 18974 51993.9 13768.7 13109.8
internal_count=318319 198986 119333 161726 69051 37260
is_linear=0
shrinkage=0.05


Tree=95
num_leaves=7
num_cat=0
split_feature=2 10 0 4 2 14
split_gain=967.304 232.571 223.285 152.57 60.3015 52.8049
threshold=0.17821240425109866 0.46786604821681982 0.13838893175125125 0.24689809232950213 0.91687610745430004 0.25517471134662634
decision_type=2 2 2 2 2 2
left_child=1 5 4 -4 -2 -1
right_child=2 -3 3 -5 -6 -7
leaf_value=-0.013438051644875902 0.0096632229219084931 -0.020633327658340597 0.0051270520187916115 -0.0021479386949360565 0.028142597771703137 -0.0042634099952469588
leaf_weight=2127.8655614815652 9347.3303616084158 4728.7534559890628 15814.922639228404 13240.47904709354 463.34540066123009 5964.1408013291657
leaf_count=20443 36429 77989 57746 83766 1272 40674
internal_value=8.54649e-05 -0.0118239 0.00401402 0.00181186 0.010536 -0.00667596
internal_weight=51686.8 12820.8 38866.1 29055.4 9810.68 8092.01
internal_count=318319 139106 179213 141512 37701 61117
is_linear=0
shrinkage=0.05


Tree=96
num_leaves=7
num_cat=0
split_feature=3 0 14 13 2 3
split_gain=949.441 208.21 194.643 100.472 91.1439 78.6915
threshold=0.25871317088603979 0.39024178683757788 0.33637134730815893 0.26800882816314703 0.04017221927642823 0.13102669268846515
decision_type=2 2 2 2 2 2
left_child=2 3 -1 -2 -3 -4
right_child=1 4 5 -5 -6 -7
leaf_value=-0.017881022027020022 0.0045424697054211143 0.018415529070930404 -0.015315023459948824 -0.0034194662508303937 0.0056782412042560787 -0.0023301485864966791
leaf_weight=6531.2186831571162 6093.2531887106597 1486.7888041809201 1550.6556584462523 11329.940621297807 25367.801441475749 4713.320433370769
leaf_count=82023 24552 4213 10841 82261 86549 27880
internal_value=0.000154971 0.00362169 -0.0118416 -0.000635012 0.00638343 -0.00554457
internal_weight=57073 44277.8 12795.2 17423.2 26854.6 6263.98
internal_count=318319 197575 120744 106813 90762 38721
is_linear=0
shrinkage=0.05


Tree=97
num_leaves=7
num_cat=0
split_feature=7 11 13 1 7 1
split_gain=1111.98 492.732 330.749 154.418 74.571 72.6938
threshold=0.41293998062610632 0.13888554275035861 0.18513151258230212 0.49824568629264837 0.081317957490682616 0.23309881985187533
decision_type=2 2 2 2 2 2
left_child=2 -2 4 -3 -1 -4
right_child=1 3 5 -5 -6 -7
leaf_value=-0.023504543527046642 0.019787565040050744 0.00086931446411815162 -0.0051272667101109589 0.0085735911788342185 -0.010426337291783687 -0.00063379030748052928
leaf_weight=1199.3448631763458 6134.3993365690112 15622.533617272973 14877.269669800997 11142.890955731273 11951.695113003254 22785.903580471873
leaf_count=3806 54507 55612 40361 59466 33738 70829
internal_value=-0.00015557 0.00700613 -0.00479243 0.00407673 -0.011619 -0.00240875
internal_weight=83714 32899.8 50814.2 26765.4 13151 37663.2
internal_count=318319 169585 148734 115078 37544 111190
is_linear=0
shrinkage=0.05


Tree=98
num_leaves=7
num_cat=0
split_feature=2 10 0 14 2 2
split_gain=884.605 219.877 204.096 135.289 55.499 52.1352
threshold=0.17821240425109866 0.46786604821681982 0.13838893175125125 0.30911947786808019 0.91687610745430004 0.13131888210773471
decision_type=2 2 2 2 2 2
left_child=1 -1 4 -4 -2 -3
right_child=2 5 3 -5 -6 -7
leaf_value=-0.0064329563814847848 0.0092066343693943432 -0.023700921289991572 -0.0041936510468976555 0.0036778216992213552 0.02699358767943907 -0.012149728373131899
leaf_weight=8035.1889353170991 9374.7135908193886 3178.8672135509551 7282.7878747247159 21794.564010642469 460.07577022910118 1410.1453631110489
leaf_count=61117 36429 58226 49520 91992 1272 19763
internal_value=8.1083e-05 -0.0114197 0.00381227 0.00170631 0.0100387 -0.0201514
internal_weight=51536.3 12624.2 38912.1 29077.4 9834.79 4589.01
internal_count=318319 139106 179213 141512 37701 77989
is_linear=0
shrinkage=0.05


Tree=99
num_leaves=7
num_cat=0
split_feature=0 10 2 13 11 13
split_gain=873.66 281.184 141.358 111.617 97.9669 65.1935
threshold=0.26135927438735967 0.48882581293582922 0.12513858079910281 0.26418149471282965 0.12355887889862062 0.33268178999423986
decision_type=2 2 2 2 2 2
left_child=1 3 4 -1 -2 -4
right_child=2 -3 5 -5 -6 -7
leaf_value=0.00075672571137771853 -0.0042432076822297845 -0.019068810800588705 0.0038223026022308005 -0.0089208526225028669 0.010429727178655724 -0.0016236738377721528
leaf_weight=4926.9395367540419 1274.6328807510436 5062.5378931201994 19944.422493230551 7537.7214687056839 10580.668481200933 7585.3085895776749
leaf_count=24024 9697 74842 70830 58237 38233 42456
internal_value=0.000154824 -0.00913159 0.00428748 -0.00509557 0.00885215 0.00232176
internal_weight=56912.2 17527.2 39385 12464.7 11855.3 27529.7
internal_count=318319 157103 161216 82261 47930 113286
is_linear=0
shrinkage=0.05


Tree=100
num_leaves=7
num_cat=0
split_feature=4 7 11 13 3 7
split_gain=1000.66 400.804 307.291 97.2426 78.8706 71.3226
threshold=0.38873195648193365 0.18246664851903918 0.13888554275035861 0.28544020652771002 0.34299306571483618 0.081317957490682616
decision_type=2 2 2 2 2 2
left_child=1 5 -2 -3 -4 -1
right_child=2 3 4 -5 -6 -7
leaf_value=-0.022822612719218163 0.0196980251425709 -0.0039663478272470368 0.0075742070563687399 0.0005705417164686221 -0.00095650653644329493 -0.009967892956190702
leaf_weight=1186.2374463677406 5232.9140428006649 20010.283907681704 12729.58792001754 28823.623203530908 3442.1189813762903 11941.968650579453
leaf_count=3809 51967 55644 64298 94225 14441 33935
internal_value=-0.000153896 -0.00337354 0.00916635 -0.0012885 0.00575846 -0.0111294
internal_weight=83366.7 61962.1 21404.6 48833.9 16171.7 13128.2
internal_count=318319 187613 130706 149869 78739 37744
is_linear=0
shrinkage=0.05


Tree=101
num_leaves=7
num_cat=0
split_feature=2 10 0 14 2 14
split_gain=809.687 207.413 186.84 127.465 51.2129 49.5862
threshold=0.17821240425109866 0.46786604821681982 0.11711768060922624 0.30242657661437994 0.13131888210773471 0.27463699877262121
decision_type=2 2 2 2 2 2
left_child=1 5 -2 -4 -3 -1
right_child=2 4 3 -5 -6 -7
leaf_value=-0.011284277379663886 0.010603678347057291 -0.02326786881206476 -0.0040249504957621694 0.0036248392997854286 -0.01168474836936328 -0.0031475559947123917
leaf_weight=2999.021421905607 7694.9907068386674 3071.8101358264685 7023.0226339846849 24241.207349263132 1384.297913711518 4984.3525529280305
leaf_count=27831 27772 58226 48703 102738 19763 33286
internal_value=7.8181e-05 -0.0110278 0.00362426 0.00190643 -0.0196696 -0.00620418
internal_weight=51398.7 12439.5 38959.2 31264.2 4456.11 7983.37
internal_count=318319 139106 179213 151441 77989 61117
is_linear=0
shrinkage=0.05


Tree=102
num_leaves=7
num_cat=0
split_feature=3 0 14 13 2 9
split_gain=813.275 189.858 172.315 96.4975 83.6479 54.0681
threshold=0.24420040100812915 0.39024178683757788 0.26630638539791113 0.27693572640419012 0.04017221927642823 0.21234603971242907
decision_type=2 2 2 2 2 2
left_child=2 3 -1 -2 -3 -4
right_child=1 4 5 -5 -6 -7
leaf_value=-0.021734076369480989 0.0038634711327719066 0.01730511648387276 -0.014962788890140414 -0.0035418943340022584 0.0050989396970732605 -0.0054999795171794836
leaf_weight=3245.7556280829012 7023.6381423771381 1485.3557351976633 2054.543076865375 11772.553377132863 25492.571435540915 5690.4437066502869
leaf_count=52211 28834 4214 18497 90613 86610 37340
internal_value=0.000150539 0.00308314 -0.0120631 -0.000774706 0.00577099 -0.00801022
internal_weight=56764.9 45774.1 10990.7 18796.2 26977.9 7744.99
internal_count=318319 210271 108048 119447 90824 55837
is_linear=0
shrinkage=0.05


Tree=103
num_leaves=7
num_cat=0
split_feature=7 14 13 1 1 7
split_gain=898.943 435.933 286.582 122.608 86.1186 67.573
threshold=0.41293998062610632 0.18029820919036868 0.18513151258230212 0.49824568629264837 0.66522249579429638 0.081317957490682616
decision_type=2 2 2 2 2 2
left_child=2 4 5 -3 -2 -1
right_child=1 3 -4 -5 -6 -7
leaf_value=-0.022145038656745941 0.011782451264418761 0.0004429186411218965 -0.0020942246986746051 0.007530644673899212 0.022880560291987234 -0.0095610802566432791
leaf_weight=1171.9879775941372 3445.3174409493804 15077.893802456558 37656.472399227321 10249.162450633943 3548.1566524431109 11884.844620734453
leaf_count=3806 21482 53834 111190 55759 38510 33738
internal_value=-0.000154246 0.00636249 -0.00430748 0.00331113 0.0174131 -0.0106906
internal_weight=83033.8 32320.5 50713.3 25327.1 6993.47 13056.8
internal_count=318319 169585 148734 109593 59992 37544
is_linear=0
shrinkage=0.05


Tree=104
num_leaves=7
num_cat=0
split_feature=2 14 0 10 14 2
split_gain=743.842 225.864 150.258 87.3376 76.6618 62.7575
threshold=0.21483099460601809 0.23979830741882327 0.13838893175125125 0.24278673529624942 0.29169291257858282 0.13131888210773471
decision_type=2 2 2 2 2 2
left_child=1 5 -2 -3 -4 -1
right_child=2 3 4 -5 -6 -7
leaf_value=-0.021244210953472131 0.0094444891475431447 0.0015494590689504684 -0.0042198462181379653 -0.0080032568430129982 0.0032943773995167446 -0.0092087846750688197
leaf_weight=3551.1935759112239 9621.7418216839433 3598.1152138933539 4021.0989966355264 7142.0876875333488 21775.630150705576 1558.4814286865294
leaf_count=62576 35048 18137 26103 64474 90483 21498
internal_value=8.31372e-05 -0.00891987 0.00411201 -0.00480297 0.00212309 -0.0175733
internal_weight=51268.3 15849.9 35418.5 10740.2 25796.7 5109.68
internal_count=318319 166685 151634 82611 116586 84074
is_linear=0
shrinkage=0.05


Tree=105
num_leaves=7
num_cat=0
split_feature=3 14 3 2 14 3
split_gain=754.128 167.967 147.846 80.322 71.9331 62.2876
threshold=0.25586770474910742 0.29746408760547643 0.43934483826160436 0.064525280147790923 0.22647947072982791 0.16404572129249576
decision_type=2 2 2 2 2 2
left_child=1 -1 4 -4 -2 -3
right_child=2 5 3 -5 -6 -7
leaf_value=-0.018588113821379891 -0.0077610929648623582 -0.012326478932639676 0.012747018302824207 0.0046929493280228095 0.0012613531957643897 -0.0028656823190336624
leaf_weight=4477.2797897793353 2502.1063014231622 2751.4890100732446 3675.3647921681404 19624.000828422606 18866.194577172399 4731.3347975611687
leaf_count=67093 27264 20497 10940 63839 98151 30411
internal_value=0.000222919 -0.0109279 0.00320864 0.00596344 0.000204876 -0.00634449
internal_weight=56627.8 11960.1 44667.7 23299.4 21368.3 7482.82
internal_count=318195 118001 200194 74779 125415 50908
is_linear=0
shrinkage=0.05


Tree=106
num_leaves=7
num_cat=0
split_feature=1 10 11 7 1 7
split_gain=802.232 483.526 140.565 105.746 100.629 56.6178
threshold=0.6104758381843568 0.2495619282126427 0.11444690451025964 0.12231801450252534 0.31897982954978948 0.47625170648097997
decision_type=2 2 2 2 2 2
left_child=1 3 -2 -1 -3 -4
right_child=2 4 5 -5 -6 -7
leaf_value=-0.014530060430684583 0.022494463024237684 -0.0019197481127330711 -0.00066200449618725253 -0.0060347649365267734 0.0027744620535499233 0.011788243825892587
leaf_weight=4446.8856509029865 3131.2750104889274 18352.17754933238 1136.3682932257652 20782.595356762409 30209.779360644519 4648.4295049980283
leaf_count=13734 35865 50984 5339 57456 121921 32896
internal_value=-0.000205137 -0.00191685 0.0139614 -0.00753212 0.00100046 0.00934251
internal_weight=82707.5 73791.4 8916.07 25229.5 48562 5784.8
internal_count=318195 244095 74100 71190 172905 38235
is_linear=0
shrinkage=0.05


Tree=107
num_leaves=7
num_cat=0
split_feature=2 0 10 13 0 2
split_gain=704.912 178.339 178.314 114.345 52.57 44.3791
threshold=0.17388108372688296 0.13986511528491977 0.46543200314044958 0.25424876809120184 0.040550589561462409 0.10488647595047952
decision_type=2 2 2 2 2 2
left_child=2 4 -1 -3 -2 -4
right_child=1 3 5 -5 -6 -7
leaf_value=-0.0061016250623986195 0.018314394248686514 0.0046545780814240207 -0.024321965495058603 -0.0016014138090945573 0.0076247887948726238 -0.013993765320314183
leaf_weight=7552.0902140215039 1324.6237197592854 13692.925537794828 2013.9895235300064 15654.43677913025 8732.1019505560398 2150.8485131859779
leaf_count=58492 3745 49183 42060 94644 34964 35107
internal_value=8.49552e-05 0.00328661 -0.0106822 0.00131751 0.00903277 -0.0189882
internal_weight=51121 39404.1 11716.9 29347.4 10056.7 4164.84
internal_count=318195 182536 135659 143827 38709 77167
is_linear=0
shrinkage=0.05


Tree=108
num_leaves=7
num_cat=0
split_feature=3 14 0 2 13 3
split_gain=693.66 158.614 147.678 82.1752 78.9106 51.0353
threshold=0.24420040100812915 0.28878349065780645 0.39333897829055792 0.10488647595047952 0.26800882816314703 0.15501988679170611
decision_type=2 2 2 2 2 2
left_child=1 -1 4 -4 -2 -3
right_child=2 5 3 -5 -6 -7
leaf_value=-0.019717033381385807 0.0038934323666194311 -0.012681273229563292 0.0094444919996238014 0.0034406955625072809 -0.0028534148256538928 -0.0037356494407785493
leaf_weight=3652.7023866437376 6684.4805753268301 2452.7848243862391 8216.7493713274598 18603.068633548915 12324.121174078435 4555.6603133045137
leaf_count=58557 26815 18768 26728 62869 93835 30623
internal_value=0.000218218 -0.0112693 0.00289057 0.00528007 -0.000480848 -0.0068664
internal_weight=56489.6 10661.1 45828.4 26819.8 19008.6 7008.45
internal_count=318195 107948 210247 89597 120650 49391
is_linear=0
shrinkage=0.05


Tree=109
num_leaves=7
num_cat=0
split_feature=14 10 1 7 1 6
split_gain=730.228 464.103 145.021 100.111 96.793 50.8215
threshold=0.1769654452800751 0.2495619282126427 0.37646378576755529 0.12231801450252534 0.66522249579429638 0.55666530132293712
decision_type=2 2 2 2 2 2
left_child=4 3 -3 -2 5 -1
right_child=1 2 -4 -5 -6 -7
leaf_value=0.011060055045111504 -0.014006899492028456 -0.0016092957902108234 0.0037640543528061768 -0.0057121535449729333 0.021562873783963703 -0.016431893151044638
leaf_weight=3475.6309548914433 4408.8532378971577 24447.541629299521 25817.155830994248 20794.897696509957 3280.9915525466204 176.64698274433613
leaf_count=21629 13710 70511 116114 57574 38151 506
internal_value=-0.00019925 -0.0016259 0.00115059 -0.00716314 0.0153298 0.00973037
internal_weight=82401.7 75468.4 50264.7 25203.8 6933.27 3652.28
internal_count=318195 257909 186625 71284 60286 22135
is_linear=0
shrinkage=0.05


Tree=110
num_leaves=7
num_cat=0
split_feature=2 14 0 14 13 0
split_gain=645.134 170.752 158.694 95.9872 63.4057 48.1646
threshold=0.17821240425109866 0.1955787464976311 0.13986511528491977 0.29169291257858282 0.48135133087635046 0.040550589561462409
decision_type=2 2 2 2 2 2
left_child=1 -1 5 -4 -3 -2
right_child=2 4 3 -5 -6 -7
leaf_value=-0.020977537246161953 0.017501528178607072 -0.0053133218806440058 -0.0048557202393038259 0.0026591236615014302 -0.018356937203418806 0.0072622522434479773
leaf_weight=2762.1366871222854 1322.6287675052881 8155.9220332540572 5172.6626977324486 23803.259818658233 1051.8509424552321 8723.3680828697979
leaf_count=59174 3745 66052 37381 103176 14068 34599
internal_value=8.02385e-05 -0.0100741 0.00319508 0.0013176 -0.00680336 0.00861033
internal_weight=50991.8 11969.9 39021.9 28975.9 9207.77 10046
internal_count=318195 139294 178901 140557 80120 38344
is_linear=0
shrinkage=0.05


Tree=111
num_leaves=7
num_cat=0
split_feature=3 14 5 11 13 3
split_gain=637.565 150.119 135.086 111.677 99.7785 47.9865
threshold=0.24420040100812915 0.28878349065780645 0.1995000094175339 0.12355887889862062 0.28544020652771002 0.16404572129249576
decision_type=2 2 2 2 2 2
left_child=1 -1 3 -2 -4 -3
right_child=2 5 4 -5 -6 -7
leaf_value=-0.019251336049363424 -0.0059777864329500175 -0.011751547711471839 0.0033458440704926457 0.0082093230509966367 -0.0023724515659253606 -0.0032620146541226937
leaf_weight=3554.9079718999565 1550.8523622117937 2755.0339373983443 17800.794308640063 13139.687560617924 13349.579240895808 4205.2511166483164
leaf_count=58557 16013 21274 62239 52184 79811 28117
internal_value=0.000212124 -0.0108919 0.00275921 0.00671162 0.000895253 -0.00662236
internal_weight=56356.1 10515.2 45840.9 14690.5 31150.4 6960.29
internal_count=318195 107948 210247 68197 142050 49391
is_linear=0
shrinkage=0.05


Tree=112
num_leaves=7
num_cat=0
split_feature=14 10 1 7 1 6
split_gain=665.904 422.283 127.661 94.9625 91.1122 46.8618
threshold=0.1769654452800751 0.2495619282126427 0.37646378576755529 0.11027661710977556 0.66522249579429638 0.55666530132293712
decision_type=2 2 2 2 2 2
left_child=4 3 -3 -2 5 -1
right_child=1 2 -4 -5 -6 -7
leaf_value=0.010671444750045873 -0.014937948971112903 -0.0014783290691997974 0.0035676561817460858 -0.0056661387096457868 0.020995577562735943 -0.015774868453034562
leaf_weight=3437.7753169611096 3158.0105069577694 24459.297125652432 25709.887918680906 22001.219556137919 3171.2918616980314 176.08527560532093
leaf_count=21629 10069 70511 116114 61215 38151 506
internal_value=-0.000192168 -0.00154352 0.00110756 -0.00682995 0.0148105 0.00938285
internal_weight=82113.6 75328.4 50169.2 25159.2 6785.15 3613.86
internal_count=318195 257909 186625 71284 60286 22135
is_linear=0
shrinkage=0.05


Tree=113
num_leaves=7
num_cat=0
split_feature=2 10 0 13 0 2
split_gain=591.024 159.094 149.662 94.9944 43.9032 43.78
threshold=0.17388108372688296 0.46543200314044958 0.13986511528491977 0.25424876809120184 0.040550589561462409 0.10488647595047952
decision_type=2 2 2 2 2 2
left_child=1 -1 4 -4 -2 -3
right_child=2 5 3 -5 -6 -7
leaf_value=-0.0056517654593977191 0.016726485943919428 -0.023564104044143542 0.0041956730924509831 -0.0015020665911797766 0.0069466861752082616 -0.013025647124258653
leaf_weight=7457.0859802514315 1320.3591760247946 1887.9119450822473 13767.145896546543 15609.659901291132 8768.6762046664953 2061.7898409254849
leaf_count=58492 3745 42060 49183 94644 34964 35107
internal_value=7.51898e-05 -0.00994923 0.00297254 0.00116812 0.00822658 -0.0180629
internal_weight=50872.6 11406.8 39465.8 29376.8 10089 3949.7
internal_count=318195 135659 182536 143827 38709 77167
is_linear=0
shrinkage=0.05


Tree=114
num_leaves=7
num_cat=0
split_feature=3 14 2 11 11 9
split_gain=586.361 141.843 131.664 124.365 76.4001 46.0388
threshold=0.24420040100812915 0.28978931903839117 0.0907157137989998 0.18017683923244479 0.12355887889862062 0.21234603971242907
decision_type=2 2 2 2 2 2
left_child=1 -1 4 -4 -2 -3
right_child=2 5 3 -5 -6 -7
leaf_value=-0.018733453423527162 -0.0025292065031361994 -0.013581986207032902 -0.013580971955239225 0.0019782915020633801 0.010847183744083624 -0.0040463121062175762
leaf_weight=3491.7575850822031 1281.4652776271105 1671.6904239542782 1330.657254319638 36853.215791806579 6392.3454574346542 5213.1239656917751
leaf_count=58860 12854 15124 13906 161333 22154 33964
internal_value=0.000208435 -0.0105248 0.00263713 0.00143607 0.00861343 -0.00636165
internal_weight=56234.3 10376.6 45857.7 38183.9 7673.81 6884.81
internal_count=318195 107948 210247 175239 35008 49088
is_linear=0
shrinkage=0.05


Tree=115
num_leaves=7
num_cat=0
split_feature=14 10 1 13 1 2
split_gain=604.664 381.298 114.652 91.358 86.5994 44.9989
threshold=0.1769654452800751 0.2495619282126427 0.37646378576755529 0.1053622141480446 0.67170631885528576 0.04342328384518624
decision_type=2 2 2 2 2 2
left_child=4 3 -3 -2 5 -1
right_child=1 2 -4 -5 -6 -7
leaf_value=-0.0058044560174031201 -0.018315067602320118 -0.0013910825342770337 0.0033949218530303742 -0.0057229389788312308 0.020656791035785754 0.011203086715776578
leaf_weight=441.77169971168041 1534.128734767437 24463.255141824484 25616.839426018298 23580.720346450806 2951.4391631260514 3250.7449148073792
leaf_count=1543 5020 70511 116114 66264 36844 21899
internal_value=-0.000186837 -0.00146435 0.00105704 -0.00649212 0.0142718 0.00916831
internal_weight=81838.9 75194.9 50080.1 25114.8 6643.96 3692.52
internal_count=318195 257909 186625 71284 60286 23442
is_linear=0
shrinkage=0.05


Tree=116
num_leaves=7
num_cat=0
split_feature=2 5 11 10 0 3
split_gain=544.237 177.466 133.186 82.7155 59.8011 40.1501
threshold=0.13618457317352298 0.41252578794956213 0.13351441174745562 0.24738781154155734 0.040550589561462409 0.55072540044784557
decision_type=2 2 2 2 2 2
left_child=2 3 -1 -2 -3 -4
right_child=1 4 5 -5 -6 -7
leaf_value=-0.02443003565739818 0.0037619169416869603 0.015856874379740881 -0.013022585192063271 -0.0029581144912667647 0.0048203885347319272 -0.0048119241253159108
leaf_weight=1720.5030242726207 6566.2950184494257 1307.4508235454559 2792.2099232561886 15131.21580305323 20047.878759928048 3189.8909270949662
leaf_count=44608 27264 3681 34212 117736 69198 21496
internal_value=7.03251e-05 0.00226031 -0.0121703 -0.000924438 0.00549608 -0.00864434
internal_weight=50755.4 43052.8 7702.6 21697.5 21355.3 5982.1
internal_count=318195 217879 100316 145000 72879 55708
is_linear=0
shrinkage=0.05


Tree=117
num_leaves=7
num_cat=0
split_feature=3 10 2 11 13 3
split_gain=539.535 128.854 125.835 90.4602 79.668 41.4476
threshold=0.24420040100812915 0.48882581293582922 0.1171574965119362 0.12355887889862062 0.26800882816314703 0.13102669268846515
decision_type=2 2 2 2 2 2
left_child=1 5 3 -2 -4 -1
right_child=2 -3 4 -5 -6 -7
leaf_value=-0.0136802829677875 -0.0042921261661867088 -0.018423910936033759 0.0033897396776992558 0.0087665388218128148 -0.0014279204950332549 -0.0043403058548392394
leaf_weight=1515.3735781423748 1528.4786738678813 3234.0990333557129 17331.667485248297 10019.604966085404 16996.700057897717 5495.0841656327248
leaf_count=11727 16625 57131 58607 38137 96878 39090
internal_value=0.000206534 -0.0101679 0.00252323 0.00703812 0.00100441 -0.00635923
internal_weight=56121 10244.6 45876.5 11548.1 34328.4 7010.46
internal_count=318195 107948 210247 54762 155485 50817
is_linear=0
shrinkage=0.05


Tree=118
num_leaves=7
num_cat=0
split_feature=14 10 3 1 7 6
split_gain=546.853 333.516 99.408 97.8181 87.4336 54.8931
threshold=0.18985673785209659 0.2495619282126427 0.44208580255508428 0.62412774562835704 0.12231801450252534 0.52809229493141185
decision_type=2 2 2 2 2 2
left_child=3 4 -3 5 -2 -1
right_child=1 2 -4 -5 -6 -7
leaf_value=0.0088631929978048932 -0.012650199880042321 0.0021530305210438411 -0.0031684299580745229 0.018398336659599935 -0.004828205546223846 -0.012414547461531096
leaf_weight=3318.9493686929345 4318.0666790902615 37693.643350385129 11439.470536351204 3773.7573181465268 20693.786287754774 333.57961761951447
leaf_count=17991 13679 147713 34099 46332 57415 966
internal_value=-0.000182929 -0.00147856 0.000914056 0.0127528 -0.0061786 0.00691993
internal_weight=81571.3 74145 49133.1 7426.29 25011.9 3652.53
internal_count=318195 252906 181812 65289 71094 18957
is_linear=0
shrinkage=0.05


Tree=119
num_leaves=7
num_cat=0
split_feature=2 5 11 10 0 3
split_gain=500.624 159.619 127.293 73.4517 55.2894 38.2165
threshold=0.13618457317352298 0.41252578794956213 0.13351441174745562 0.24738781154155734 0.040550589561462409 0.55072540044784557
decision_type=2 2 2 2 2 2
left_child=2 3 -1 -2 -3 -4
right_child=1 4 5 -5 -6 -7
leaf_value=-0.024024897682063534 0.0035288841209003179 0.01518785844455872 -0.012663917625667698 -0.0027992483168602831 0.0045673942718586031 -0.0046132328604518366
leaf_weight=1658.1844220422208 6591.3024762421846 1305.0430965423584 2752.7605215832591 15068.926504015923 20092.47676699236 3173.4908789247274
leaf_count=44608 27264 3681 34212 117736 69198 21496
internal_value=6.57723e-05 0.00215221 -0.0117792 -0.00087357 0.00521514 -0.0083528
internal_weight=50642.2 43057.7 7584.44 21660.2 21397.5 5926.25
internal_count=318195 217879 100316 145000 72879 55708
is_linear=0
shrinkage=0.05


Tree=120
num_leaves=7
num_cat=0
split_feature=3 14 5 13 14 4
split_gain=470.251 138.086 114.968 79.0759 66.8244 47.1044
threshold=0.24420040100812915 0.26630638539791113 0.19827724248170855 0.28544020652771002 0.19268214702606204 0.18604214489459994
decision_type=2 2 2 2 2 2
left_child=1 -1 4 -4 -2 -3
right_child=2 5 3 -5 -6 -7
leaf_value=-0.019259768088319751 -0.0014642641579914407 -0.0004413120945752674 0.002703539548580134 -0.0023686733204641586 0.0074890663580038696 -0.0089318602768244538
leaf_weight=2740.7379993200302 2525.0402145273983 2445.1145229041576 17990.814334027469 13412.707819990814 11932.592591740191 4921.5512588024139
leaf_count=52228 21242 14063 62562 80557 45891 41615
internal_value=8.41823e-05 -0.00967841 0.00223577 0.000537155 0.00592536 -0.00611371
internal_weight=55968.6 10107.4 45861.2 31403.5 14457.6 7366.67
internal_count=318158 107906 210252 143119 67133 55678
is_linear=0
shrinkage=0.05


Tree=121
num_leaves=7
num_cat=0
split_feature=14 10 3 7 1 2
split_gain=509.747 330.346 91.3854 88.7956 81.821 48.2156
threshold=0.18029820919036868 0.2495619282126427 0.49150775372982031 0.11027661710977556 0.68118172883987438 0.04342328384518624
decision_type=2 2 2 2 2 2
left_child=4 3 -3 -2 5 -1
right_child=1 2 -4 -5 -6 -7
leaf_value=-0.0063222298833211267 -0.013910901661824579 0.0020123766590908997 -0.0038771510781846481 -0.0048431824056468014 0.020083423328385891 0.010726690805281798
leaf_weight=470.63361134380102 3078.778631478548 41876.408024340868 7815.8296925723553 21934.411920592189 2625.2716383710504 3489.3172093331814
leaf_count=1676 10031 163030 22383 61191 35116 24731
internal_value=-9.73688e-05 -0.00127291 0.00108604 -0.00595929 0.0132384 0.00870045
internal_weight=81290.7 74705.4 49692.2 25013.2 6585.22 3959.95
internal_count=318158 256635 185413 71222 61523 26407
is_linear=0
shrinkage=0.05


Tree=122
num_leaves=7
num_cat=0
split_feature=2 10 0 4 2 10
split_gain=450.552 144.305 128.372 120.607 37.718 26.8104
threshold=0.15018155425786975 0.46543200314044958 0.16988039016723636 0.25461995601654058 0.91687610745430004 0.23354585468769076
decision_type=2 2 2 2 2 2
left_child=1 5 4 -4 -2 -1
right_child=2 -3 3 -5 -6 -7
leaf_value=-0.0011433651874138524 0.0057739720025721539 -0.019014114329133618 0.0031292236636178781 -0.0034616756005206167 0.020823257937194788 -0.0082244884627245343
leaf_weight=2150.1574369668961 12968.451440997422 3059.2332861535251 16279.076479569077 12100.27277687192 430.15869441628456 3533.3252123035491
leaf_count=11841 56440 67895 61242 85236 1248 34256
internal_value=6.34119e-05 -0.0102585 0.00222343 0.000319023 0.00625713 -0.00554558
internal_weight=50520.7 8742.72 41778 28379.3 13398.6 5683.48
internal_count=318158 113992 204166 146478 57688 46097
is_linear=0
shrinkage=0.05


Tree=123
num_leaves=7
num_cat=0
split_feature=3 14 5 11 14 4
split_gain=431.005 130.344 105.797 72.3841 70.7639 44.6542
threshold=0.24420040100812915 0.26630638539791113 0.19827724248170855 0.12355887889862062 0.23697187751531604 0.18604214489459994
decision_type=2 2 2 2 2 2
left_child=1 -1 3 -2 -4 -3
right_child=2 5 4 -5 -6 -7
leaf_value=-0.018795552695934744 -0.0047864664553655643 -0.00036267534077066382 -0.009109454262147593 0.0068622285510565794 0.0010859134019114128 -0.0086467304157728363
leaf_weight=2667.0983633548021 1486.1926018670201 2440.5943837165833 1805.8020997978747 12989.568578697741 29592.784292072058 4878.210776925087
leaf_count=52228 15890 14063 15066 51243 128053 41615
internal_value=8.08053e-05 -0.00933269 0.00212993 0.00566628 0.000499555 -0.00588426
internal_weight=55860.3 9985.9 45874.3 14475.8 31398.6 7318.81
internal_count=318158 107906 210252 67133 143119 55678
is_linear=0
shrinkage=0.05


Tree=124
num_leaves=7
num_cat=0
split_feature=14 10 2 1 3 1
split_gain=463.633 279.474 113.38 83.3125 74.884 64.2086
threshold=0.201190359890461 0.2495619282126427 0.04342328384518624 0.082454781979322447 0.4951810240745545 0.67170631885528576
decision_type=2 2 2 2 2 2
left_child=2 3 -1 -2 -3 -4
right_child=1 4 5 -5 -6 -7
leaf_value=-0.0072881175531056335 -0.01250419250953776 0.0016816164102906807 0.0093908449604789817 -0.0044457322130925913 -0.0038846576831646387 0.018947929380244529
leaf_weight=754.59685926884413 3783.4410478323698 40918.446984432638 4586.6796427369118 21063.94962541759 7089.0839901864529 2849.1317509040236
leaf_count=3241 12241 156763 28918 58615 20181 38199
internal_value=-0.000100249 -0.00136824 0.0111787 -0.00567277 0.000859667 0.0130528
internal_weight=81045.3 72854.9 8190.41 24847.4 48007.5 7435.81
internal_count=318158 247800 70358 70856 176944 67117
is_linear=0
shrinkage=0.05


Tree=125
num_leaves=7
num_cat=0
split_feature=2 10 0 14 2 14
split_gain=415.766 140.678 116.388 97.6483 31.1473 29.6777
threshold=0.15546941012144092 0.46543200314044958 0.13838893175125125 0.32902109622955328 0.91687610745430004 0.24379868060350421
decision_type=2 2 2 2 2 2
left_child=1 5 4 -4 -2 -1
right_child=2 -3 3 -5 -6 -7
leaf_value=-0.011664543105563198 0.0062919453568853201 -0.0181878325285444 -0.0030702496452303003 0.002775245176139314 0.020093382236863702 -0.0032276951504688501
leaf_weight=1341.387601044029 9663.8510140515864 3122.9633223228157 11082.774370763451 20104.189679481089 426.85741296410561 4675.4930535666645
leaf_count=14887 38558 70181 77702 81553 1248 34029
internal_value=7.16205e-05 -0.00957759 0.00220818 0.000697957 0.00687577 -0.00510858
internal_weight=50417.5 9139.84 41277.7 31187 10090.7 6016.88
internal_count=318158 119097 199061 159255 39806 48916
is_linear=0
shrinkage=0.05


Tree=126
num_leaves=7
num_cat=0
split_feature=3 14 2 14 11 4
split_gain=395.079 122.796 101.078 95.1449 46.2529 42.2682
threshold=0.24420040100812915 0.26630638539791113 0.0907157137989998 0.20874565839767459 0.12355887889862062 0.18604214489459994
decision_type=2 2 2 2 2 2
left_child=1 -1 4 -4 -2 -3
right_child=2 5 3 -5 -6 -7
leaf_value=-0.018331644692188773 -0.0015567639947501365 -0.00029622854849899573 -0.010897448246662342 0.0015028867396123557 0.0089925755671427972 -0.008371601082010148
leaf_weight=2597.1055327951908 1240.499851834029 2436.7379233539104 1615.0827632620931 36635.090932875872 6397.6283556297421 4837.0369805581868
leaf_count=52228 12845 14063 15338 159969 22100 41615
internal_value=7.59213e-05 -0.00899867 0.00202793 0.000979293 0.00727927 -0.00566633
internal_weight=55759.2 9870.88 45888.3 38250.2 7638.13 7273.77
internal_count=318158 107906 210252 175307 34945 55678
is_linear=0
shrinkage=0.05


Tree=127
num_leaves=7
num_cat=0
split_feature=14 10 7 1 1 2
split_gain=419.3 271.44 80.8848 75.417 73.6359 42.083
threshold=0.18029820919036868 0.2495619282126427 0.11027661710977556 0.34942537546157842 0.68118172883987438 0.04342328384518624
decision_type=2 2 2 2 2 2
left_child=4 2 -2 -3 5 -1
right_child=1 3 -4 -5 -6 -7
leaf_value=-0.006077015203867323 -0.013052130623208452 -0.0012807771518458606 -0.0043449179024283606 0.0026659603318486868 0.018991107639059136 0.0098774582159697911
leaf_weight=470.35596260428429 3037.223969861865 21028.872803390026 21890.056038483977 28520.182976529002 2467.5228984355927 3408.1884040087461
leaf_count=1676 10031 59440 61191 125973 35116 24731
internal_value=-9.8803e-05 -0.00115006 -0.00540583 0.000990945 0.0122386 0.00794264
internal_weight=80822.4 74476.3 24927.3 49549.1 6346.07 3878.54
internal_count=318158 256635 71222 185413 61523 26407
is_linear=0
shrinkage=0.05


Tree=128
num_leaves=7
num_cat=0
split_feature=2 10 0 4 0 14
split_gain=383.595 128.771 113.759 125.856 35.2484 26.1842
threshold=0.15018155425786975 0.46543200314044958 0.1949538663029671 0.25461995601654058 0.057689143344759948 0.24379868060350421
decision_type=2 2 2 2 2 2
left_child=1 5 4 -4 -2 -1
right_child=2 -3 3 -5 -6 -7
leaf_value=-0.011433432620516326 0.010882584938040759 -0.018136084137649795 0.0028897337775572463 -0.0042194171887165767 0.004360817699385902 -0.0033133838091842908
leaf_weight=1287.6496170051396 2445.2264199778438 2905.4894746989012 15267.213409759104 10512.158130638301 13566.508840445429 4335.6942078694701
leaf_count=14462 7273 67895 57989 74754 64150 31635
internal_value=7.45665e-05 -0.00958892 0.00204671 -9.19334e-06 0.00535679 -0.00517274
internal_weight=50319.9 8528.83 41791.1 25779.4 16011.7 5623.34
internal_count=318158 113992 204166 132743 71423 46097
is_linear=0
shrinkage=0.05


Tree=129
num_leaves=7
num_cat=0
split_feature=3 14 2 11 4 2
split_gain=363.148 109.674 101.82 95.5457 48.5859 24.2617
threshold=0.22719524055719378 0.18029820919036868 0.064525280147790923 0.16742479056119922 0.25275596976280218 0.036335002630949027
decision_type=2 2 2 2 2 2
left_child=1 -1 5 -4 -3 -2
right_child=2 4 3 -5 -6 -7
leaf_value=-0.023075776928492643 0.01533120031069047 -0.0024928434095623513 -0.0099724643684999531 0.0015511520680085223 -0.010888615139200844 0.0068430511789202885
leaf_weight=1277.0371985994279 1187.1241333782673 3114.9076491445303 1880.3677318803966 41446.848246943206 3856.711569134146 2894.4583157151937
leaf_count=32646 3605 19299 24255 183561 40842 13950
internal_value=7.75741e-05 -0.00960494 0.00176223 0.00105104 -0.0071374 0.00931182
internal_weight=55657.5 8248.66 47408.8 43327.2 6971.62 4081.58
internal_count=318158 92787 225371 207816 60141 17555
is_linear=0
shrinkage=0.05


Tree=130
num_leaves=7
num_cat=0
split_feature=14 10 13 1 3 6
split_gain=378.688 247.098 78.2604 69.6239 69.3331 42.1687
threshold=0.18029820919036868 0.2495619282126427 0.098448857665061965 0.68118172883987438 0.49150775372982031 0.55666530132293712
decision_type=2 2 2 2 2 2
left_child=3 2 -2 5 -3 -1
right_child=1 4 -4 -5 -6 -7
leaf_value=0.0087990981582638569 -0.018281717045033667 0.0017645425463351672 -0.0045561340003728665 0.018433575437007237 -0.0033642330347517717 -0.014730103303708462
leaf_weight=3637.4025231227279 1085.917731538415 41646.703340150416 23800.202638879418 2393.3014401495457 7828.1094198971987 200.94072076678276
leaf_count=25824 3744 163030 67478 35116 22383 583
internal_value=-9.8948e-05 -0.00109113 -0.00515506 0.0117406 0.000953046 0.00756732
internal_weight=80592.6 74360.9 24886.1 6231.64 49474.8 3838.34
internal_count=318158 256635 71222 61523 185413 26407
is_linear=0
shrinkage=0.05


Tree=131
num_leaves=7
num_cat=0
split_feature=2 11 14 0 0 3
split_gain=354.233 116.208 111.5 62.3365 50.9162 33.4184
threshold=0.13618457317352298 0.13092128932476046 0.32902109622955328 0.1949538663029671 0.062378233298659332 0.55072540044784557
decision_type=2 2 2 2 2 2
left_child=1 -1 3 -2 -4 -3
right_child=2 5 4 -5 -6 -7
leaf_value=-0.02294634567037316 0.0027328057031040021 -0.01116798251338777 0.010500940368041611 -0.0040324019864395591 0.0029871075094524201 -0.0035102764909777356
leaf_weight=1434.3089124150574 5211.5811164751649 2639.078762376681 2472.8608800247312 9822.8773058690131 25546.78698528558 3096.219640225172
leaf_count=43849 37792 34944 7185 71860 101108 21420
internal_value=7.28121e-05 -0.0102173 0.00178638 -0.00168729 0.00365024 -0.00703394
internal_weight=50223.7 7169.61 43054.1 15034.5 28019.6 5735.3
internal_count=318158 100213 217945 109652 108293 56364
is_linear=0
shrinkage=0.05


Tree=132
num_leaves=7
num_cat=0
split_feature=3 14 2 14 3 11
split_gain=334.217 112.801 91.0038 66.1977 46.0416 44.1563
threshold=0.25586770474910742 0.33637134730815893 0.10488647595047952 0.21313303709030154 0.11644318327307702 0.12355887889862062
decision_type=2 2 2 2 2 2
left_child=1 -1 5 -4 -3 -2
right_child=2 4 3 -5 -6 -7
leaf_value=-0.01328678481447451 -0.0022450348320483455 -0.012459301932772471 -0.010247592651579984 0.0012259432256764742 -0.00090680987956528059 0.0076531740037968227
leaf_weight=5043.1485753282905 1304.8777112215757 1057.3434889093041 1305.5336472056806 33924.236233524978 4679.2809039577842 8252.8574538603425
leaf_count=79995 13478 8455 11183 145728 29546 29773
internal_value=7.2299e-05 -0.00783172 0.0019747 0.000800761 -0.0030361 0.00630181
internal_weight=55567.3 10779.8 44787.5 35229.8 5736.62 9557.74
internal_count=318158 117996 200162 156911 38001 43251
is_linear=0
shrinkage=0.05


Tree=133
num_leaves=7
num_cat=0
split_feature=13 1 13 11 14 13
split_gain=345.251 219.481 98.2981 68.6555 56.8814 39.4085
threshold=0.28210377693176275 0.61720880866050731 0.15848298370838168 0.11444690451025964 0.33532300591468817 0.098448857665061965
decision_type=2 2 2 2 2 2
left_child=2 4 5 -3 -2 -1
right_child=1 3 -4 -5 -6 -7
leaf_value=-0.01780176995440786 0.002421267945967834 0.017829284367647556 -0.0025104990045368221 0.0073179191193494019 -0.0017013602247921448 -0.0075112896816682574
leaf_weight=1080.116600677371 28598.939117148519 2320.9344430826604 25153.207557208836 4697.7536929622293 11826.911346122622 6711.0774604082108
leaf_count=3760 114934 35176 71209 35330 37730 20019
internal_value=-9.82933e-05 0.00263217 -0.00403055 0.0107938 0.00121516 -0.00893789
internal_weight=80388.9 47444.5 32944.4 7018.69 40425.9 7791.19
internal_count=318158 223170 94988 70506 152664 23779
is_linear=0
shrinkage=0.05


Tree=134
num_leaves=7
num_cat=0
split_feature=2 11 0 4 13 2
split_gain=327.808 110.067 105.169 106.775 32.2781 29.8532
threshold=0.13618457317352298 0.13092128932476046 0.16988039016723636 0.25461995601654058 0.27160654962062841 0.91687610745430004
decision_type=2 2 2 2 2 2
left_child=1 -1 5 -4 -3 -2
right_child=2 4 3 -5 -6 -7
leaf_value=-0.022527591072397143 0.0049394472494503532 -0.0023957852438814841 0.0026569142434528757 -0.0034206019699259526 -0.010020879869228484 0.01849263165685484
leaf_weight=1385.954027062282 13160.7760033831 2394.0365893617272 16783.145123764873 12692.578690242022 3302.4000452645123 419.24369415640831
leaf_count=43849 59177 14346 63427 94093 42018 1248
internal_value=7.74707e-05 -0.00989083 0.00171719 3.98673e-05 -0.00681629 0.00535786
internal_weight=50138.1 7082.39 43055.7 29475.7 5696.44 13580
internal_count=318158 100213 217945 157520 56364 60425
is_linear=0
shrinkage=0.05


Tree=135
num_leaves=7
num_cat=0
split_feature=0 10 2 11 11 13
split_gain=315.633 143.284 82.4608 79.8046 45.5605 43.095
threshold=0.19632780551910403 0.47480419278144842 0.10272089019417764 0.18017683923244479 0.12355887889862062 0.23008508235216144
decision_type=2 2 2 2 2 2
left_child=1 5 4 -4 -2 -1
right_child=2 -3 3 -5 -6 -7
leaf_value=0.0015250735056238792 -0.0022316434760708578 -0.017121200213380424 -0.013068729618334661 0.0013020230721143122 0.0076267308267107814 -0.0067438648779509615
leaf_weight=2371.4432254210114 1374.0774200558662 2929.1724778264761 993.35228269174695 35174.936284549534 7968.1183415949345 4695.636711936444
leaf_count=12191 16068 56499 12037 154814 28558 38016
internal_value=0.000221953 -0.00782304 0.00198901 0.000907334 0.00617673 -0.00396912
internal_weight=55506.7 9996.25 45510.5 36168.3 9342.2 7067.08
internal_count=318183 106706 211477 166851 44626 50207
is_linear=0
shrinkage=0.05


Tree=136
num_leaves=7
num_cat=0
split_feature=14 13 1 2 13 1
split_gain=315.478 195.671 74.5528 60.5865 47.9929 42.2499
threshold=0.18029820919036868 0.18513151258230212 0.33555263280868536 0.04342328384518624 0.098448857665061965 0.6872750222682954
decision_type=2 2 2 2 2 2
left_child=3 4 -3 -1 -2 -5
right_child=1 2 -4 5 -6 -7
leaf_value=-0.0055246763982517901 -0.016886028449467939 -0.001726924496795064 0.0017549779672397096 0.0088923907010758467 -0.0058327620720434953 0.017906436068713723
leaf_weight=520.16470444574952 1073.2630497962236 29949.144219607115 31588.25445368886 3412.0917818024755 11556.010158702731 2100.0239908024669
leaf_count=2536 3771 83225 135833 26237 33769 32812
internal_value=-0.000208706 -0.00110305 6.03987e-05 0.0107873 -0.00677209 0.0123266
internal_weight=80199 74166.7 61537.4 6032.28 12629.3 5512.12
internal_count=318183 256598 219058 61585 37540 59049
is_linear=0
shrinkage=0.05


Tree=137
num_leaves=7
num_cat=0
split_feature=2 13 14 0 3 13
split_gain=282.149 126.611 67.0374 59.1488 45.7565 40.1529
threshold=0.23008531332015994 0.48135133087635046 0.23105952143669131 0.11540019884705545 0.16927891224622729 0.1053622141480446
decision_type=2 2 2 2 2 2
left_child=1 2 -1 -2 -3 -5
right_child=3 4 -4 5 -6 -7
leaf_value=-0.011983721216878598 0.0066010810251633679 -0.0010526962016609474 -0.0017680394807372283 0.011274194898436509 -0.017488517356080164 0.001163019303592208
leaf_weight=1884.2248063851148 7370.4280492477119 510.24456693232059 10872.435993652791 1020.5344537496567 2489.6340544857085 25914.986362852156
leaf_count=31401 24965 12645 82060 3038 50459 113615
internal_value=8.8251e-05 -0.00545044 -0.00327695 0.00263214 -0.014693 0.00154611
internal_weight=50062.5 15756.5 12756.7 34305.9 2999.88 26935.5
internal_count=318183 176565 113461 141618 63104 116653
is_linear=0
shrinkage=0.05


Tree=138
num_leaves=7
num_cat=0
split_feature=3 2 14 11 4 6
split_gain=292.39 89.9733 89.5105 85.5407 41.0408 21.1373
threshold=0.21869494765996936 0.064525280147790923 0.18029820919036868 0.17706193029880526 0.17525540292263034 0.14898901432752612
decision_type=2 2 2 2 2 2
left_child=2 5 -1 -3 -4 -2
right_child=1 3 4 -5 -6 -7
leaf_value=-0.02237547890315111 0.046886609168682571 -0.008607311504049189 -0.00053860270830636051 0.0014750713503778714 -0.0094409619722079716 0.0083678357251751392
leaf_weight=1083.7033535372466 35.930194064974785 2215.1743611544371 1840.2066018804908 41809.371929433197 4366.7458797134459 4072.3515558280051
leaf_count=30215 615 28527 11184 186265 43899 17478
internal_value=0.000214723 0.00162813 -0.00911657 0.000967758 -0.00680163 0.00870471
internal_weight=55423.5 48132.8 7290.66 44024.5 6206.95 4108.28
internal_count=318183 232885 85298 214792 55083 18093
is_linear=0
shrinkage=0.05


Tree=139
num_leaves=7
num_cat=0
split_feature=14 7 1 2 1 13
split_gain=284.733 181.486 71.3046 56.5117 40.0998 37.1717
threshold=0.18029820919036868 0.15834976732730868 0.33555263280868536 0.04342328384518624 0.6872750222682954 0.090843059122562422
decision_type=2 2 2 2 2 2
left_child=3 5 -3 -1 -5 -2
right_child=1 2 -4 4 -6 -7
leaf_value=-0.0054161505276169924 -0.018610378071133742 -0.0017548649422939801 0.001554667982363644 0.008498846731888594 0.017375228708753489 -0.0067675320231314409
leaf_weight=519.67463794723153 720.57890155911446 33114.406862735748 32004.988520123065 3375.4449834413826 2042.1319469474256 8232.4814438670874
leaf_count=2536 2573 91823 137173 26237 32812 25029
internal_value=-0.00020151 -0.00104598 -0.00012829 0.010334 0.0118448 -0.00772069
internal_weight=80009.7 74072.5 65119.4 5937.25 5417.58 8953.06
internal_count=318183 256598 228996 61585 59049 27602
is_linear=0
shrinkage=0.05


Tree=140
num_leaves=7
num_cat=0
split_feature=2 11 0 4 0 13
split_gain=262.678 101.507 98.9557 115.896 36.0856 34.898
threshold=0.13131888210773471 0.13351441174745562 0.19632780551910403 0.25461995601654058 0.023276513442397121 0.48655974864959722
decision_type=2 2 2 2 2 2
left_child=1 -1 4 -4 -2 -3
right_child=2 5 3 -5 -6 -7
leaf_value=-0.021742517138014179 0.018714344179050553 -0.0047408209033101088 0.0023725058101258523 -0.0042774657271528287 0.0041604059985999092 -0.018005479201225021
leaf_weight=1305.5522686038166 437.55494892597198 4659.0405488628894 15875.616002704948 11156.0712510515 15996.802605789155 554.9050755277276
leaf_count=43541 1264 41887 60918 84653 76042 9878
internal_value=8.44649e-05 -0.00927449 0.00148822 -0.000371961 0.0045479 -0.00615254
internal_weight=49985.5 6519.5 43466 27031.7 16434.4 5213.95
internal_count=318183 95306 222877 145571 77306 51765
is_linear=0
shrinkage=0.05


end of trees

feature_importances:
Column_2=140
Column_13=104
Column_0=88
Column_10=85
Column_14=83
Column_3=82
Column_1=76
Column_11=67
Column_7=47
Column_4=38
Column_5=20
Column_6=9
Column_9=4
Column_8=3

parameters:
[boosting: gbdt]
[objective: multiclass]
[metric: multi_logloss]
[tree_learner: serial]
[device_type: cpu]
[data_sample_strategy: bagging]
[data: ]
[valid: ]
[num_iterations: 150]
[learning_rate: 0.05]
[num_leaves: 7]
[num_threads: 4]
[seed: 0]
[deterministic: 0]
[force_col_wise: 0]
[force_row_wise: 0]
[histogram_pool_size: -1]
[max_depth: 3]
[min_data_in_leaf: 100]
[min_sum_hessian_in_leaf: 0.001]
[bagging_fraction: 0.9]
[pos_bagging_fraction: 1]
[neg_bagging_fraction: 1]
[bagging_freq: 5]
[bagging_seed: 3]
[bagging_by_query: 0]
[feature_fraction: 0.9]
[feature_fraction_bynode: 1]
[feature_fraction_seed: 2]
[extra_trees: 0]
[extra_seed: 6]
[early_stopping_round: 0]
[early_stopping_min_delta: 0]
[first_metric_only: 0]
[max_delta_step: 0]
[lambda_l1: 0]
[lambda_l2: 0]
[linear_lambda: 0]
[min_gain_to_split: 0]
[drop_rate: 0.1]
[max_drop: 50]
[skip_drop: 0.5]
[xgboost_dart_mode: 0]
[uniform_drop: 0]
[drop_seed: 4]
[top_rate: 0.2]
[other_rate: 0.1]
[min_data_per_group: 100]
[max_cat_threshold: 32]
[cat_l2: 10]
[cat_smooth: 10]
[max_cat_to_onehot: 4]
[top_k: 20]
[monotone_constraints: ]
[monotone_constraints_method: basic]
[monotone_penalty: 0]
[feature_contri: ]
[forcedsplits_filename: ]
[refit_decay_rate: 0.9]
[cegb_tradeoff: 1]
[cegb_penalty_split: 0]
[cegb_penalty_feature_lazy: ]
[cegb_penalty_feature_coupled: ]
[path_smooth: 0]
[interaction_constraints: ]
[verbosity: -1]
[saved_feature_importance_type: 0]
[use_quantized_grad: 0]
[num_grad_quant_bins: 4]
[quant_train_renew_leaf: 0]
[stochastic_rounding: 1]
[linear_tree: 0]
[max_bin: 255]
[max_bin_by_feature: ]
[min_data_in_bin: 3]
[bin_construct_sample_cnt: 200000]
[data_random_seed: 1]
[is_enable_sparse: 1]
[enable_bundle: 1]
[use_missing: 1]
[zero_as_missing: 0]
[feature_pre_filter: 1]
[pre_partition: 0]
[two_round: 0]
[header: 0]
[label_column: ]
[weight_column: ]
[group_column: ]
[ignore_column: ]
[categorical_feature: ]
[forcedbins_filename: ]
[precise_float_parser: 0]
[parser_config_file: ]
[objective_seed: 5]
[num_class: 3]
[is_unbalance: 0]
[scale_pos_weight: 1]
[sigmoid: 1]
[boost_from_average: 1]
[reg_sqrt: 0]
[alpha: 0.9]
[fair_c: 1]
[poisson_max_delta_step: 0.7]
[tweedie_variance_power: 1.5]
[lambdarank_truncation_level: 30]
[lambdarank_norm: 1]
[label_gain: ]
[lambdarank_position_bias_regularization: 0]
[eval_at: ]
[multi_error_top_k: 1]
[auc_mu_weights: ]
[num_machines: 1]
[local_listen_port: 12400]
[time_out: 120]
[machine_list_filename: ]
[machines: ]
[gpu_platform_id: -1]
[gpu_device_id: -1]
[gpu_use_dp: 0]
[num_gpu: 1]

end of parameters

pandas_categorical:null
