tree
version=v4
num_class=1
num_tree_per_iteration=1
label_index=0
max_feature_idx=374
objective=regression
feature_names=open high low close volume_delta amount_delta bid1 bid2 bid3 bid4 bid5 bid6 bid7 bid8 bid9 bid10 bsize1 bsize2 bsize3 bsize4 bsize5 bsize6 bsize7 bsize8 bsize9 bsize10 ask1 ask2 ask3 ask4 ask5 ask6 ask7 ask8 ask9 ask10 asize1 asize2 asize3 asize4 asize5 asize6 asize7 asize8 asize9 asize10 avgbid avgask totalbsize totalasize lb_intst la_intst mb_intst ma_intst cb_intst ca_intst lb_ind la_ind mb_ind ma_ind cb_ind ca_ind lb_acc la_acc mb_acc ma_acc cb_acc ca_acc midprice1 midprice2 midprice3 midprice4 midprice5 midprice6 midprice7 midprice8 midprice9 midprice10 spread1 spread2 spread3 spread4 spread5 spread6 spread7 spread8 spread9 spread10 bid_diff1 bid_diff2 bid_diff3 bid_diff4 bid_diff5 bid_diff6 bid_diff7 bid_diff8 bid_diff9 bid_diff10 ask_diff1 ask_diff2 ask_diff3 ask_diff4 ask_diff5 ask_diff6 ask_diff7 ask_diff8 ask_diff9 ask_diff10 bid_mean ask_mean bsize_mean asize_mean cumspread imbalance bid_rate1 bid_rate2 bid_rate3 bid_rate4 bid_rate5 bid_rate6 bid_rate7 bid_rate8 bid_rate9 bid_rate10 ask_rate1 ask_rate2 ask_rate3 ask_rate4 ask_rate5 ask_rate6 ask_rate7 ask_rate8 ask_rate9 ask_rate10 bsize_rate1 bsize_rate2 bsize_rate3 bsize_rate4 bsize_rate5 bsize_rate6 bsize_rate7 bsize_rate8 bsize_rate9 bsize_rate10 asize_rate1 asize_rate2 asize_rate3 asize_rate4 asize_rate5 asize_rate6 asize_rate7 asize_rate8 asize_rate9 asize_rate10 mlofi_W5_lvl1 mlofi_W5_lvl2 mlofi_W5_lvl3 mlofi_W5_lvl4 mlofi_W5_lvl5 mlofi_W5_lvl6 mlofi_W5_lvl7 mlofi_W5_lvl8 mlofi_W5_lvl9 mlofi_W5_lvl10 mlofi_W20_lvl1 mlofi_W20_lvl2 mlofi_W20_lvl3 mlofi_W20_lvl4 mlofi_W20_lvl5 mlofi_W20_lvl6 mlofi_W20_lvl7 mlofi_W20_lvl8 mlofi_W20_lvl9 mlofi_W20_lvl10 mlofi_W60_lvl1 mlofi_W60_lvl2 mlofi_W60_lvl3 mlofi_W60_lvl4 mlofi_W60_lvl5 mlofi_W60_lvl6 mlofi_W60_lvl7 mlofi_W60_lvl8 mlofi_W60_lvl9 mlofi_W60_lvl10 wmp_lvl1 wmp_lvl2 wmp_lvl3 wmp_lvl4 wmp_lvl5 wmp_lvl6 wmp_lvl7 wmp_lvl8 wmp_lvl9 wmp_lvl10 wmp_balance_12 rv_w5 rv_w10 rv_w20 rv_w50 ewma_a0.05_lb_intst ewma_a0.05_la_intst ewma_a0.05_mb_intst ewma_a0.05_ma_intst ewma_a0.05_cb_intst ewma_a0.05_ca_intst ewma_a0.1_lb_intst ewma_a0.1_la_intst ewma_a0.1_mb_intst ewma_a0.1_ma_intst ewma_a0.1_cb_intst ewma_a0.1_ca_intst ewma_a0.3_lb_intst ewma_a0.3_la_intst ewma_a0.3_mb_intst ewma_a0.3_ma_intst ewma_a0.3_cb_intst ewma_a0.3_ca_intst ewma_a0.5_lb_intst ewma_a0.5_la_intst ewma_a0.5_mb_intst ewma_a0.5_ma_intst ewma_a0.5_cb_intst ewma_a0.5_ca_intst dualz_spread1 dualz_spread5 dualz_spread10 dualz_cumspread dualz_bid1 dualz_ask1 dualz_bid_mean dualz_ask_mean dualz_midprice1 dualz_midprice2 dualz_midprice5 dualz_midprice10 dualz_bsize1 dualz_bsize_mean dualz_totalbsize dualz_asize1 dualz_asize_mean dualz_totalasize dualz_volume_delta dualz_amount_delta dualz_imbalance dualz_lb_intst dualz_la_intst dualz_mb_intst dualz_ma_intst dualz_cb_intst dualz_ca_intst dualz_lb_acc dualz_la_acc dualz_mb_acc dualz_ma_acc dualz_cb_acc dualz_ca_acc dualz_bid_diff1 signed_rv_W20 signed_rv_W50 signed_rv_W100 kyle_inv_W50 kyle_inv_W100 ewma_ofi_a0.05_lvl1 ewma_ofi_a0.1_lvl1 ewma_ofi_a0.3_lvl1 ewma_ofi_a0.5_lvl1 ewma_ofi_a0.05_lvl5 ewma_ofi_a0.1_lvl5 ewma_ofi_a0.3_lvl5 ewma_ofi_a0.5_lvl5 ewma_ofi_a0.05_lvl10 ewma_ofi_a0.1_lvl10 ewma_ofi_a0.3_lvl10 ewma_ofi_a0.5_lvl10 qrank_W100_amount_delta qrank_W100_volume_delta qrank_W100_imbalance qrank_W100_totalbsize qrank_W100_totalasize qrank_W100_lb_intst qrank_W100_la_intst qrank_W100_mb_intst qrank_W100_ma_intst qrank_W100_cb_intst qrank_W100_ca_intst qrank_W100_lb_acc qrank_W100_la_acc qrank_W100_mb_acc qrank_W100_ma_acc qrank_W100_midprice rskew_W20 rskew_W50 rskew_W100 gofi_W5_lvl1 gofi_W5_lvl2 gofi_W5_lvl3 gofi_W5_lvl4 gofi_W5_lvl5 gofi_W5_lvl6 gofi_W5_lvl7 gofi_W5_lvl8 gofi_W5_lvl9 gofi_W5_lvl10 gofi_W20_lvl1 gofi_W20_lvl2 gofi_W20_lvl3 gofi_W20_lvl4 gofi_W20_lvl5 gofi_W20_lvl6 gofi_W20_lvl7 gofi_W20_lvl8 gofi_W20_lvl9 gofi_W20_lvl10 gofi_W60_lvl1 gofi_W60_lvl2 gofi_W60_lvl3 gofi_W60_lvl4 gofi_W60_lvl5 gofi_W60_lvl6 gofi_W60_lvl7 gofi_W60_lvl8 gofi_W60_lvl9 gofi_W60_lvl10 vol_burst_W20 amt_burst_W20 vol_burst_W50 amt_burst_W50 mid_ewma_resid_a0.05 rv_ratio_W5_W50 rv_ratio_W20_W100 rv_ratio_W50_W100 jshare_W20 jshare_W30 jshare_W50 jshare_W100 cancel_imb_W20 cancel_imb_W50 cancel_imb_W100 roll_eff_spr_ratio_W30 roll_eff_spr_ratio_W50 adapt_mom_W20 adapt_mom_W50 adapt_mom_W100 ofi_tox_lvl1_W20 ofi_tox_lvl1_W50 ofi_tox_lvl5_W20 ofi_tox_lvl5_W50 signed_bv_W20 signed_bv_W50 signed_bv_W100 spread_reg_W20 spread_reg_W50 spread_reg_W100 trade_pers_W20 trade_pers_W50 trade_pers_W100 liq_asym_top5_W20 liq_asym_top5_W50 liq_asym_top5_W100 hyd_pp_last hyd_mu_last hyd_dp_last hyd_sdr_last hyd_pp_W5 hyd_mu_W5 hyd_dp_W5 hyd_sdr_W5 hyd_pp_W20 hyd_mu_W20 hyd_dp_W20 hyd_sdr_W20 hyd_pp_W50 hyd_mu_W50 hyd_dp_W50 hyd_sdr_W50
monotone_constraints=0 0 0 0 0 0 0 0 0 0 0 0 0 0 0 0 0 0 0 0 0 0 0 0 0 0 0 0 0 0 0 0 0 0 0 0 0 0 0 0 0 0 0 0 0 0 0 0 0 0 1 -1 1 -1 -1 1 0 0 0 0 0 0 0 0 0 0 0 0 0 0 0 0 0 0 0 0 0 0 0 0 0 0 0 0 0 0 0 0 0 0 0 0 0 0 0 0 0 0 0 0 0 0 0 0 0 0 0 0 0 0 0 0 0 1 0 0 0 0 0 0 0 0 0 0 0 0 0 0 0 0 0 0 0 0 0 0 0 0 0 0 0 0 0 0 0 0 0 0 0 0 0 0 0 0 0 0 0 0 0 0 0 0 0 0 0 0 0 0 0 0 0 0 0 0 0 0 0 0 0 0 0 0 0 0 0 0 0 0 0 0 0 0 0 0 1 0 0 0 0 0 0 0 0 0 0 0 0 0 0 0 0 0 0 0 0 0 0 0 0 0 0 0 0 0 0 0 0 0 0 0 0 0 0 0 0 0 0 0 0 0 0 0 0 0 0 0 0 0 0 0 0 0 0 0 0 0 0 1 1 1 0 0 1 1 1 1 0 0 0 0 0 0 0 0 0 0 0 0 0 0 0 0 0 0 0 0 0 0 0 0 0 0 0 0 0 0 0 0 0 0 0 0 0 0 0 0 0 0 0 0 0 0 0 0 0 0 0 0 0 0 0 0 0 0 0 0 0 0 0 0 0 0 0 0 0 0 0 0 0 0 0 0 0 0 0 0 0 1 1 1 0 0 0 0 0 0 0 0 0 0 0 0 0 0 0 0 0 0 0 0 0 0 0 0 0
feature_infos=[-0.03664485365152359:0.031013729050755501] [-0.030398514121770859:0.12031319737434387] [-0.089468784630298615:0.021617496386170387] [-0.087078161537647247:0.11931220442056656] [0:0.073373705148696899] [0:19.473102569580078] [-0.089163161814212799:0.11883236467838287] [-0.087609052658081055:0.11902003735303879] [-0.092740446329116821:0.11744357645511627] [-0.09369765967130661:0.11762361228466034] [-0.098783552646636963:0.1155829131603241] [-0.099030807614326477:0.11502423137426376] [-0.10213118046522141:0.11486119776964188] [-0.10613539069890976:0.1133732795715332] [-0.10556633770465851:0.11353284120559692] [-0.10348774492740631:0.11054904013872147] [3.0100329695414985e-07:3.8811063766479492] [6.1551912722279667e-07:0.14064572751522064] [6.1551912722279667e-07:0.086699895560741425] [3.0775956361139833e-07:0.085156343877315521] [3.0687252206007543e-07:0.095892533659934998] [2.964173972941353e-06:0.090045846998691559] [3.0267563033703482e-06:0.089537940919399261] [6.6856551939054043e-07:0.085917279124259949] [2.2126650947029702e-06:0.13410447537899017] [5.4376619118556846e-07:0.080207206308841705] [-0.083258487284183502:0.11779665946960449] [-0.080815277993679047:0.11742403358221054] [-0.082508541643619537:0.11725141853094101] [-0.082104578614234924:0.11392273008823395] [-0.077688328921794891:0.11570692807435989] [-0.07954850047826767:0.11558885872364044] [-0.078931346535682678:0.11673469841480255] [-0.078384198248386383:0.11883445829153061] [-0.076234199106693268:0.11592725664377213] [-0.076221965253353119:0.12035085260868073] [6.0531583301326464e-08:0.16017386317253113] [3.0775956361139833e-07:0.15133093297481537] [2.6251834128743212e-07:0.26132559776306152] [3.0775956361139833e-07:0.2507818341255188] [2.9512915489249281e-07:0.35015380382537842] [2.8510115157587279e-07:0.39863452315330505] [2.6189732693637779e-07:0.47956201434135437] [3.1132736921790638e-07:0.47213089466094971] [2.6597805913297634e-07:0.47739052772521973] [3.269455817189737e-07:0.46962454915046692] [-0.1050257533788681:0.096463024616241455] [-1.1986126899719238:0.11991624534130096] [0.0054424088448286057:4.1124849319458008] [0:1.4472769498825073] [0:0.34303241968154907] [0:0.073964484035968781] [0:0.13371406495571136] [0:0.060103744268417358] [0:0.15181784331798553] [0:0.060816779732704163] [0:1.1999918222427368] [0:1.1999900341033936] [0:1.19999098777771] [0:1.1999967098236084] [0:1.1999944448471069] [0:1.1999919414520264] [-0.026457641273736954:0.042208109050989151] [-0.025751879438757896:0.010759874247014523] [-0.031789463013410568:0.022959781810641289] [-0.022361360490322113:0.029698798432946205] [-0.023102270439267159:0.074691653251647949] [-0.030728727579116821:0.016308980062603951] [-0.08646799623966217:0.11969969421625137] [-0.085990726947784424:0.11920845508575439] [-0.085765518248081207:0.11831887811422348] [-0.085744135081768036:0.11742010712623596] [-0.085038229823112488:0.11708673089742661] [-0.086901336908340454:0.11611667275428772] [-0.086128421127796173:0.11561269313097] [-0.085851363837718964:0.11397246271371841] [-0.087930947542190552:0.11273068189620972] [-0.087689757347106934:0.11195144802331924] [-1.1998605728149414:-0.79765313863754272] [-1.1997253894805908:-0.79423177242279053] [-1.199521541595459:-0.79034441709518433] [-1.1990636587142944:-0.78639566898345947] [-1.1990493535995483:-0.78279870748519897] [-1.1990071535110474:-0.77834945917129517] [-1.1983461380004883:-0.77522581815719604] [-1.1984591484069824:-0.7703816294670105] [-1.1982200145721436:-0.76718771457672119] [-1.197523832321167:-0.7615436315536499] [-1.1998895406723022:-0.7981187105178833] [-1.1998262405395508:-0.79750525951385498] [-1.1998662948608398:-0.79816508293151855] [-1.1998776197433472:-0.79813361167907715] [-1.1998682022094727:-0.7979540228843689] [-1.1998906135559082:-0.79818564653396606] [-1.1999057531356812:-0.7980995774269104] [-1.1998971700668335:-0.79818165302276611] [-1.1998579502105713:-0.79819357395172119] [-1.1989580392837524:-0.78276866674423218] [-1.1999155282974243:-0.79811650514602661] [-1.1998943090438843:-0.79817461967468262] [-1.199858546257019:-0.79811084270477295] [-1.1998331546783447:-0.79792803525924683] [-1.1998635530471802:-0.79765123128890991] [-1.1999014616012573:-0.79810643196105957] [-1.1998357772827148:-0.79789596796035767] [-1.1998622417449951:-0.79758405685424805] [-1.1999161243438721:-0.79822224378585815] [-1.1989318132400513:-0.78264325857162476] [3.2147707939147949:199.93487548828125] [3.2883071899414062:200.53024291992188] [-1.1999940872192383:-0.79504936933517456] [-1.1999931335449219:-0.79112786054611206] [-14.364886283874512:-0.59710395336151123] [-4.6134161949157715:0.91688060760498047] [-1.2020138502120972:-0.79885625839233398] [-1.2024408578872681:-0.79862010478973389] [-1.2024400234222412:-0.79842042922973633] [-1.2080838680267334:-0.79951190948486328] [-1.2016844749450684:-0.79832935333251953] [-1.2015681266784668:-0.79855138063430786] [-1.2017991542816162:-0.79913240671157837] [-1.2021497488021851:-0.79832381010055542] [-1.2012697458267212:-0.79853570461273193] [-1.2018955945968628:-0.79549181461334229] [-1.2013752460479736:-0.79830479621887207] [-1.2013784646987915:-0.79964244365692139] [-1.2023833990097046:-0.79844748973846436] [-1.2024176120758057:-0.7995002269744873] [-1.2021173238754272:-0.79858511686325073] [-1.2018643617630005:-0.7995116114616394] [-1.2015527486801147:-0.79761809110641479] [-1.203420877456665:-0.79952359199523926] [-1.2024897336959839:-0.79799580574035645] [-1.2021238803863525:-0.79905927181243896] [-0.1028328537940979:0.11810880154371262] [-0.077221132814884186:0.073656268417835236] [-0.071629039943218231:0.070309862494468689] [-0.070723742246627808:0.080965220928192139] [-0.058721940964460373:0.072813533246517181] [-0.068968914449214935:0.062215130776166916] [-0.06943058967590332:0.072807490825653076] [-0.082118809223175049:0.071869842708110809] [-0.056798100471496582:0.19271381199359894] [-0.068869560956954956:0.068869560956954956] [-0.092982426285743713:0.12913434207439423] [-0.098560385406017303:0.081368759274482727] [-0.29740932583808899:0.13672308623790741] [-0.21955206990242004:0.1611451655626297] [-0.25931781530380249:0.16195793449878693] [-0.086705058813095093:0.089609965682029724] [-0.37847611308097839:0.38348817825317383] [-0.066234029829502106:0.22308726608753204] [-0.34313240647315979:0.090423926711082458] [-0.21512848138809204:0.25573784112930298] [-0.10587728023529053:0.14432807266712189] [-0.13777412474155426:0.15232054889202118] [-0.12957602739334106:0.2297644317150116] [-0.12006670981645584:0.17371019721031189] [-0.14410991966724396:0.18724721670150757] [-0.16073156893253326:0.16858266294002533] [-0.13428813219070435:0.20008629560470581] [-0.16168069839477539:0.15703065693378448] [-0.16349565982818604:0.17920166254043579] [-0.16967862844467163:0.19624204933643341] [-0.1392790824174881:0.18105606734752655] [-0.18590435385704041:0.26394438743591309] [-0.21752212941646576:0.2169673889875412] [-0.15918025374412537:0.23774911463260651] [-0.17223416268825531:0.21503201127052307] [-0.15183524787425995:0.26662072539329529] [-0.18466180562973022:0.29386669397354126] [-0.27172335982322693:0.28639966249465942] [-0.2953222393989563:0.27611660957336426] [-0.27178063988685608:0.32503339648246765] [-0.14297182857990265:0.38821998238563538] [-0.19654342532157898:0.45476409792900085] [-0.2057315856218338:0.43469974398612976] [-0.23664166033267975:0.44730326533317566] [-0.25440901517868042:0.34991914033889771] [-0.27084329724311829:0.37965381145477295] [-0.28041991591453552:0.35513162612915039] [-0.2892286479473114:0.35900971293449402] [-0.33671131730079651:0.31311121582984924] [-0.27954202890396118:0.3991868793964386] [-0.085095994174480438:0.11869771778583527] [-0.088564425706863403:0.11703013628721237] [-0.087594680488109589:0.11337316036224365] [-0.090826652944087982:0.11032828688621521] [-0.088947385549545288:0.11310740560293198] [-0.08952002227306366:0.10898792743682861] [-0.093174859881401062:0.11285959184169769] [-0.096247255802154541:0.11089932173490524] [-0.099242821335792542:0.11483166366815567] [-0.095176227390766144:0.1112634539604187] [-0.0080409161746501923:0.0074098771438002586] [0:0.020555872470140457] [0:0.021222250536084175] [0:0.027207346633076668] [0:0.029427981004118919] [4.9555723080629832e-07:0.14175041019916534] [0:0.0058165974915027618] [0:0.014320507645606995] [1.2730988885323313e-07:0.016241667792201042] [2.0308959847170627e-07:0.1870809942483902] [0:0.0045412499457597733] [1.9467631062752844e-08:0.26249516010284424] [0:0.0095332581549882889] [0:0.021249240264296532] [8.7527620706850939e-09:0.025938920676708221] [2.3676263172234258e-09:0.25286579132080078] [0:0.006569358054548502] [7.9921090700833287e-15:0.66958653926849365] [0:0.023566117510199547] [0:0.046385832130908966] [4.7280972539920363e-15:0.019840260967612267] [2.9488970742939537e-19:0.61478066444396973] [0:0.022503649815917015] [2.8148683078425272e-24:0.99225616455078125] [0:0.038082420825958252] [0:0.071647405624389648] [4.7814415099150621e-23:0.030436694622039795] [6.2993155343192777e-33:0.576499342918396] [0:0.032726597040891647] [-6.6734232902526855:5.4870419502258301] [-6.6692132949829102:5.5898418426513672] [-6.6326065063476562:5.9482669830322266] [-6.9216198921203613:5.7180266380310059] [-6.651038646697998:6.6093668937683105] [-6.6411161422729492:6.592747688293457] [-6.6641969680786133:6.4030265808105469] [-6.6017642021179199:6.6837992668151855] [-6.5556564331054688:6.5338964462280273] [-6.6722750663757324:6.6469583511352539] [-6.6694798469543457:6.6310663223266602] [-6.6812381744384766:6.5949516296386719] [-6.3512730598449707:6.3743367195129395] [-6.1075968742370605:5.9045114517211914] [-6.2223224639892578:6.1702356338500977] [-6.9489831924438477:5.6320295333862305] [-6.1508522033691406:5.8896484375] [-6.1945109367370605:6.4522252082824707] [-6.4930152893066406:4.6409626007080078] [-6.48974609375:4.912452220916748] [-5.6099905967712402:5.4543571472167969] [-6.4772233963012695:5.1706380844116211] [-6.3864822387695312:5.4025964736938477] [-6.4868998527526855:5.3071193695068359] [-6.5687413215637207:5.4586987495422363] [-6.6221551895141602:5.1926031112670898] [-6.6039714813232422:5.4266924858093262] [-6.5142192840576172:6.573491096496582] [-6.4825429916381836:6.222804069519043] [-6.6813774108886719:6.4665284156799316] [-6.6604681015014648:6.5654449462890625] [-6.5970616340637207:6.4069037437438965] [-6.5286445617675781:6.526954174041748] [-6.6667070388793945:5.4790525436401367] [-1.1999555826187134:1.1994259357452393] [-1.1996874809265137:1.199698805809021] [-1.1997954845428467:1.1999744176864624] [0:24807666] [0:23592486] [-0.065290942788124084:0.12429157644510269] [-0.09467180073261261:0.1517869234085083] [-0.11204548180103302:0.20031289756298065] [-0.11223234236240387:0.21376404166221619] [-0.083667010068893433:0.14525139331817627] [-0.11519656330347061:0.17478518187999725] [-0.13340932130813599:0.19672742486000061] [-0.16529703140258789:0.19819812476634979] [-0.13529118895530701:0.1473124772310257] [-0.18685761094093323:0.21081914007663727] [-0.24800187349319458:0.2731015682220459] [-0.251242995262146:0.29947623610496521] [0.0085392370820045471:1.1999063491821289] [0.0081182951107621193:1.1997517347335815] [0.008000638335943222:1.199927806854248] [0.008000565692782402:1.1996694803237915] [0.0080007892102003098:1.1999982595443726] [0.0091673051938414574:1.1998001337051392] [0.008667859248816967:1.1998178958892822] [0.0093009527772665024:1.1997988224029541] [0.0093337930738925934:1.1994988918304443] [0.0099999997764825821:1.1989122629165649] [0.0080343494191765785:1.1999411582946777] [0.0080059980973601341:1.1997425556182861] [0.0080150356516242027:1.1999415159225464] [0.0080044064670801163:1.1998881101608276] [0.0080032069236040115:1.1999051570892334] [0.0080027151852846146:1.1999859809875488] [-4.9548749923706055:4.9435420036315918] [-8.2221641540527344:8.2281026840209961] [-11.811517715454102:11.811643600463867] [-0.11581254750490189:0.14432807266712189] [-0.12727333605289459:0.15839630365371704] [-0.12369845807552338:0.22471244633197784] [-0.12006670981645584:0.17371019721031189] [-0.13975523412227631:0.15606704354286194] [-0.15337778627872467:0.16858266294002533] [-0.13428813219070435:0.19475822150707245] [-0.16168069839477539:0.19231589138507843] [-0.14710928499698639:0.17786400020122528] [-0.16967862844467163:0.17392547428607941] [-0.13892994821071625:0.1780029833316803] [-0.15451192855834961:0.26394438743591309] [-0.1800742894411087:0.20981417596340179] [-0.15851204097270966:0.23774911463260651] [-0.18252983689308167:0.22553062438964844] [-0.15025469660758972:0.27511447668075562] [-0.19277368485927582:0.28875383734703064] [-0.25718915462493896:0.25092676281929016] [-0.28960710763931274:0.25549322366714478] [-0.235353022813797:0.28671494126319885] [-0.15063777565956116:0.39079281687736511] [-0.19654342532157898:0.45347431302070618] [-0.2057315856218338:0.43469974398612976] [-0.23664166033267975:0.44730326533317566] [-0.2377982884645462:0.34991914033889771] [-0.28319332003593445:0.37965381145477295] [-0.28041991591453552:0.3462207019329071] [-0.2943490743637085:0.36778408288955688] [-0.30585706233978271:0.36171922087669373] [-0.32241687178611755:0.35196977853775024] [0:23.555238723754883] [0:23.82269287109375] [0:52.498542785644531] [0:48.160282135009766] [-0.016471898183226585:0.015129650942981243] [0:1.1993598937988281] [0:1.1999558210372925] [0:1.1999177932739258] [0:1.1999958753585815] [0:1.1999601125717163] [0:1.1999436616897583] [0:1.1999802589416504] [-1.1733827590942383:1.1199438571929932] [-0.9153214693069458:1.0738263130187988] [-0.897286057472229:1.0063126087188721] [0:11.991138458251953] [0:11.992988586425781] [-6.9415016174316406:7.0597009658813477] [-10.946298599243164:9.1204013824462891] [-11.990467071533203:11.928286552429199] [-1.1768234968185425:1.1735188961029053] [-1.1608755588531494:1.1936984062194824] [-1.1989235877990723:1.1992641687393188] [-1.1995185613632202:1.1996042728424072] [-5.4715108871459961:9.974492073059082] [-4.7696852684020996:10] [-1.2045567035675049:1.2304226160049438] [-11.847558975219727:11.973258018493652] [-11.807784080505371:11.998282432556152] [-6.9204268455505371:11.922080993652344] [-1.0352910757064819:0.99893468618392944] [-1.0238713026046753:0.83044004440307617] [-0.94414716958999634:0.74354135990142822] [-1.7165846824645996:1.4147604703903198] [-2.3187849521636963:1.9052060842514038] [-2.3212788105010986:2.1296367645263672] [-0.00039179605664685369:0.00034555469756014645] [-0.0051515847444534302:0.0033228835090994835] [-0.0078091439791023731:0.06681542843580246] [0:0.080265507102012634] [-0.00030027798493392766:0.00031811179360374808] [-0.003348030848428607:0.0021611305419355631] [-0.0073509365320205688:0.067406892776489258] [0:0.063551455736160278] [-0.00022725577582605183:0.00029773748246952891] [-0.0029338526073843241:0.0012691138545051217] [-0.0065184906125068665:0.068759143352508545] [0:0.054482720792293549] [-0.00019182221149094403:0.00032374128932133317] [-0.002496934263035655:0.0010281301802024245] [-0.0064469883218407631:0.067663870751857758] [0:0.045678362250328064]
tree_sizes=7576 7628 7629 7631 7673 7568 7620 7616 7634 7570 7617 7597 7501 7605 7635 7638 7613 7599 7600 7569 7567 7559 7549 7556 7509 7580 7577 7584 7570 7499 7658 7500 7545 7620 7579 7552 7574 7475 7573 7580 7606 7571 7536 7582 7545 7576 7471 7538 7547 7599 7594 7547 7582 7562 7588 7559 7569 7556 7634 7555 7577 7571 7574 7577 7528 7564 7578 7555 7653 7562 7580 7527 7604 7552 7568 7544 7603 7549

Tree=0
num_leaves=63
num_cat=0
split_feature=52 293 279 53 213 52 36 217 16 201 273 52 276 293 213 276 276 53 53 217 343 359 339 198 332 225 359 218 367 307 206 280 50 53 53 16 217 218 218 217 359 356 276 50 372 336 199 334 193 349 354 34 16 36 16 282 39 315 251 276 193 43
split_gain=0.121331 0.0609888 0.0431217 0.0371732 0.0192031 0.0188845 0.0140053 0.0141043 0.0134951 0.0125371 0.0147611 0.00866188 0.00861778 0.00846832 0.00739799 0.00701945 0.00691668 0.00655576 0.00632285 0.00617191 0.00602792 0.00584103 0.00463771 0.00740993 0.00854758 0.00609117 0.00456018 0.00451305 0.00449924 0.00440976 0.00416487 0.00409028 0.00402036 0.00395813 0.00367062 0.00365298 0.00356031 0.00355151 0.00319081 0.00316009 0.00309122 0.00312969 0.00294075 0.00291635 0.00269948 0.00257912 0.00257704 0.00343501 0.00251573 0.00251005 0.00293545 0.00360038 0.00248274 0.00237571 0.00279891 0.00235066 0.0022445 0.00214693 0.00341954 0.0020949 0.00196548 0.00195022
threshold=0.00015388067549793052 5.3827248848392635e-05 0.75000423192977916 4.1511882500344663e-06 0.00050725057371892046 1.0000000180025095e-35 0.0057456758804619321 6.6318869357928647e-05 0.0043052679393440494 0.0022376934066414837 -0.00025208752776961768 0.0094728656113147753 0.43802449107170111 4.781746429216583e-05 0.00037645969132427132 0.44834619760513311 0.53000134229660045 0.00034447168582119053 0.00053567939903587114 1.2038951354043094e-05 0.21235810965299609 -4.2908825435006284e-06 0.96910184621810924 0.0038317510625347499 0.30497723817825323 0.01822800096124411 -6.0405966451071427e-06 8.8758268248057006e-05 3.4723759654298196e-06 -0.00026603984588291491 0.00072720376192592095 0.78000882267951976 6.2874434661353021e-05 3.2352238122257411e-05 6.4581377955619259e-05 0.00033854164939839398 4.0088969399221248e-05 4.5771492295898504e-05 9.5683491963427527e-05 0.00037435106060002005 5.3379260407382398e-06 0.25970789790153509 0.11000020056962968 0.0017591699142940345 -0.0013602974941022692 -0.089357350021600709 0.00091128260828554641 0.2471081614494324 0.0096350694075226801 0.075409043580293669 -0.24481277912855146 0.056288141757249839 0.001355781627353281 0.0057456758804619321 0.0043052679393440494 0.53000381588935863 0.0046473040711134681 0.072877008467912688 0.093637056648731246 0.52779662609100353 -0.016045100986957547 0.00094949069898575555
decision_type=2 2 2 2 2 2 8 2 2 2 2 2 2 2 2 2 2 2 2 2 2 2 2 2 2 2 2 2 2 2 2 2 2 2 2 2 2 2 2 2 2 2 2 2 2 2 2 2 2 2 2 10 2 10 2 2 8 2 2 2 2 8
left_child=1 3 8 19 27 12 7 17 13 16 -11 18 40 -2 42 -7 -8 35 43 -1 22 52 30 -24 28 -26 -17 39 -25 -20 49 -9 34 36 -28 -5 -23 -15 -19 -4 41 55 -10 -6 45 -32 61 -48 -13 59 51 -51 56 54 -21 -3 -14 -22 -59 -16 -43 -18
right_child=2 5 4 6 11 15 9 31 14 10 -12 48 21 37 20 26 46 38 29 53 57 33 23 24 25 -27 32 -29 -30 -31 44 -33 -34 -35 -36 -37 -38 -39 -40 -41 -42 60 -44 -45 -46 -47 47 -49 -50 50 -52 -53 -54 -55 -56 -57 -58 58 -60 -61 -62 -63
leaf_value=7.3400116051871504e-05 8.0417991951008163e-05 9.486400976254218e-05 0.00011037463106740436 5.9682483962357076e-05 0.00013971507003485826 9.670524965799308e-05 6.7105430466138892e-05 8.0417991951008163e-05 0.00012542967967714723 -0.00055889237937236747 5.6870852592578531e-05 0.00016746573159763308 6.2487226012178604e-05 0.00010936086944584808 0.00015087346768431959 6.2487226012178604e-05 6.9459252377880611e-05 5.9481173258972038e-05 0.00013971507003485826 8.0417991951008163e-05 9.670524965799308e-05 7.5063381882596125e-05 0.00013108677849421851 0.00011667626766290679 0.00023099309102913055 0.0004912077386599853 8.8359867528628767e-05 9.8420746925511563e-05 0.00036535270371076294 9.670524965799308e-05 0.00033586536570654715 6.555286053147244e-05 9.670524965799308e-05 6.9724181703799087e-05 6.9724181703799087e-05 6.9847617369633305e-05 8.704839277075514e-05 9.670524965799308e-05 3.8568435613029095e-05 0.00013156001594576876 9.670524965799308e-05 4.7999914280863467e-05 9.670524965799308e-05 0.00016746573159763308 9.670524965799308e-05 0.00010289160319266159 -0.00020470622218106359 2.0084101388731591e-05 0.00024657747463627212 0.00018893423315126617 0.00015522271823861311 0.00040993298574471318 6.2487226012178604e-05 6.9459252377880611e-05 9.670524965799308e-05 8.4168278842886048e-05 2.4408813884690322e-05 0.0003116100503670039 9.670524965799308e-05 0.00010312143170177428 8.041055793666281e-05 3.6677155699807195e-05
leaf_weight=382944.78569805622 178333.87673568726 66960.216480255127 63887.490112304688 223781.68309020996 42617.067604541779 233806.83319091797 28448.734193682671 162509.09487915039 9394.0174102783203 184.46489381790161 203.95356321334839 1613.8241357803345 3328.2308611869812 55435.912204742432 8837.5309794545174 16910.205810546875 2564.3849041461945 31725.609031677246 8985.7537078857422 447034.13983154297 4921.0391845703125 110827.24401384592 2263.5212874412537 871.37572848796844 409.11286163330078 507.0309933423996 93215.409518897533 59812.97314453125 228.12132382392883 12527.714622020721 234.35589206218719 63548.984130859375 87817.730900645256 93704.477620065212 28029.569602429867 146087.27404022217 140544.5062713623 89012.465637207031 42934.256866455078 24303.815307617188 40850.792236328125 8596.4545135498047 25436.543685913086 11359.037307739258 3219.9684143066406 239.61471951007843 250.37026387453079 525.18335264921188 2257.1851415634155 483.09580832719803 1553.66662555933 299.13448524475098 31771.829699039459 61670.414916992188 41382.895263671875 220614.64612960815 8500.3153553009033 311.05145364999771 216.97943013906479 3106.1229804158211 10259.07307434082 60490.419204592705
leaf_count=273286 113929 44619 42526 146708 25918 156962 21975 106056 6305 77 137 910 2083 36257 5643 11949 1816 21458 5243 303388 2769 77180 1360 416 189 220 62538 38311 104 7342 103 41571 57308 62505 18297 101012 96237 54970 27129 15447 32114 6174 17465 6470 1669 119 128 271 1161 290 870 141 25232 49828 29601 155746 5874 149 113 2158 7262 45052
internal_value=8.21842e-05 7.79022e-05 0.000102396 7.18059e-05 0.000119665 8.65504e-05 6.36222e-05 6.61401e-05 9.22067e-05 4.54025e-05 -0.000237349 0.000139508 8.14303e-05 9.22067e-05 0.000115434 9.22067e-05 4.65995e-05 6.09691e-05 0.000135765 7.85005e-05 0.000134718 7.6316e-05 0.000146464 0.000193243 0.000262925 0.000375584 8.74602e-05 0.000109023 0.000168692 0.00011284 0.000135315 7.63087e-05 8.94804e-05 7.84948e-05 8.35559e-05 6.36973e-05 8.17643e-05 9.67052e-05 4.74541e-05 0.000116214 8.71542e-05 8.53649e-05 0.000100095 0.000144901 9.67052e-05 0.000218668 3.74609e-05 -5.30357e-05 0.000212445 0.000147749 0.000195151 0.000274067 5.90726e-05 8.0418e-05 8.0418e-05 8.66588e-05 3.86611e-05 9.67052e-05 0.000202289 0.00013846 6.56321e-05 3.85782e-05
internal_weight=3.5047e+06 2.89202e+06 612679 1.69629e+06 227365 1.19574e+06 763254 670587 385315 92667.5 388.418 79360.6 735958 322782 62532.3 459780 92279.1 444529 75489.6 933032 27701.7 388677 22252.7 4279.16 2015.64 916.144 225973 148004 1099.5 21513.5 17973.5 226058 209063 345076 121245 369869 251372 144448 74659.9 88191.3 347281 306430 34830.6 53976.1 3693.94 473.971 63830.4 775.554 3871.01 14279.6 2335.9 782.23 43600.4 550087 488417 287575 11828.5 5449.07 528.031 11943.7 18855.5 63054.8
internal_count=2380140 1991573 388567 1169493 143328 822080 513390 443934 245239 69456 214 47044 515026 205156 40083 307054 69242 296307 44973 656103 16313 269111 13282 2289 929 409 150092 96284 520 12585 10993 147627 138143 235922 80835 247720 173417 91227 48587 57973 245915 213801 23770 32388 1891 222 47267 399 2071 9102 1301 431 33189 382817 332989 200365 7957 3031 262 7801 13436 46868
is_linear=0
shrinkage=1


Tree=1
num_leaves=63
num_cat=0
split_feature=219 56 59 53 293 374 219 218 51 359 16 276 218 211 49 46 26 368 218 292 359 211 202 219 276 373 175 359 16 329 197 53 211 198 358 219 219 358 327 218 29 320 48 219 10 113 262 359 46 8 373 373 14 359 219 359 132 109 214 16 169 193
split_gain=0.114283 0.0524573 0.0499778 0.0329083 0.0263542 0.0239696 0.020483 0.0144166 0.0142607 0.0140499 0.0134414 0.00971097 0.0086344 0.00852706 0.00699591 0.00885515 0.00707694 0.013703 0.00699023 0.00669968 0.00650733 0.00635849 0.00685575 0.00625238 0.00617016 0.00611538 0.00573653 0.00566981 0.00561532 0.00549992 0.00682186 0.0053019 0.00507994 0.00491285 0.00563446 0.00481103 0.00472615 0.0047199 0.0045885 0.00461295 0.00455446 0.00436088 0.0041127 0.00408556 0.00400839 0.00399705 0.00613213 0.00376473 0.00374792 0.00542562 0.00574547 0.00670434 0.00370601 0.00373966 0.00366161 0.00365396 0.00350517 0.00344562 0.00336119 0.00332675 0.00325657 0.00325252
threshold=0.00012210392014821994 1.0000000180025095e-35 1.0000000180025095e-35 0.00014030584861757236 5.3827248848392635e-05 1.0000000180025095e-35 0.00098572392016649268 0.00012459896242944526 0.00019572313613025474 -6.0405966451071427e-06 0.0041144869755953559 0.43802449107170111 0.00016695317754056307 3.8196958485059447e-05 0.32552051544189459 0.0168658746406436 0.054650500416755683 -0.00036944194289389992 7.3043811426032348e-05 2.0565603971481328 -3.1057941214385205e-06 5.1514711230993278e-05 0.0017194329993799331 0.0034776577958837156 0.71000364422798168 0.0010323594324290755 0.00052326780860312294 -3.6426183669391317e-06 0.0011754577280953529 0.24987939745187762 0.0012670035939663651 1.0000000180025095e-35 7.0139973104232936e-05 0.0078186104074120539 -0.29772104322910303 0.00069662311580032121 3.2131891202880076e-05 -0.042783185839653008 -0.00095133195281960059 5.9991709349560558e-05 0.057385230436921127 0.068165011703968062 0.31101824343204504 0.00098572392016649268 0.025402496568858627 0.15973599255084994 0.020941038616001609 1.0022868224268679e-07 0.0019448557286523285 0.026806616224348549 0.00060666081844829034 0.0061973559204489001 -0.043042572215199464 1.1284529364274933e-06 0.00027659056650009012 -5.1023312153120051e-06 -0.80192723870277394 14.905007362365724 0.00038458661583717918 0.0053890170529484758 0.051898434758186347 -0.011112399864941834
decision_type=2 2 2 2 2 2 2 2 2 2 2 2 2 2 2 2 10 2 2 2 2 2 2 2 2 2 2 2 2 2 2 2 2 2 2 2 2 2 2 2 8 2 2 2 2 2 2 2 2 2 2 2 2 2 2 2 8 10 2 2 2 2
left_child=2 3 4 10 9 26 12 21 -7 28 18 36 54 31 16 25 42 37 -2 -19 -13 -4 -23 27 43 -16 -5 -8 -1 30 -17 47 -22 -29 -35 -20 -6 57 -15 -40 -36 -32 48 -12 -44 -45 -47 -11 49 -10 -51 -52 53 -27 -3 -14 -25 -18 -9 -38 -26 -30
right_child=1 6 7 5 11 8 23 58 14 13 24 20 55 38 15 29 17 19 35 -21 32 22 -24 56 60 52 -28 33 61 -31 41 -33 -34 34 40 -37 59 -39 39 -41 -42 -43 44 45 -46 46 -48 -49 -50 50 51 -53 -54 -55 -56 -57 -58 -59 -60 -61 -62 -63
leaf_value=-5.3079086078015732e-05 1.8520463254082568e-05 2.5534285976693159e-05 -2.0893909362984123e-05 -0.00018467852918783973 5.6368578048742126e-06 3.8840043064638612e-06 2.9550822307113912e-06 -2.8553125163515988e-05 -2.4937433917696284e-05 -9.9877590373099673e-06 3.5792769027752908e-05 -1.8398760582441059e-05 -2.487332352518714e-05 1.1359280538152991e-05 -0.00020635066037094958 -8.9006653231247077e-07 -0.00026434638700323549 -0.00010165909255513734 3.8840043064638612e-06 3.8840043064638612e-06 -4.0295437932950758e-06 -6.6292858576081011e-06 -0.00031407218518868718 0.00010009789468950023 4.1380344910336847e-06 -0.00012948640341056689 -0.00050061483678608793 6.1575379477602708e-05 -3.8161029726212312e-05 3.8840043064638612e-06 -0.00016519367433515927 -1.6751477206161803e-05 7.5645718660598901e-06 0.00016023202908415144 -7.9291555255139387e-06 2.7802361834724962e-05 1.3616184905828773e-05 -0.00011063994944231452 2.734627154078537e-06 -7.3411326580611833e-06 -0.00025131973985336066 -0.00040708786236017295 -4.1395202541099594e-05 6.2660374473726455e-05 -0.0003429506692210042 6.2660374473726455e-05 0.00034194069416798524 -1.2454488271368144e-06 3.8840043064638612e-06 -0.00015441501166064652 -6.9713150017252556e-07 -0.00019210287405485235 3.8840043064638612e-06 3.8840043064638612e-06 3.9973110629488567e-05 1.5184596807710799e-05 -0.00011431625919511731 -0.0005771855311802039 -4.5452293679118179e-05 3.252135286430432e-05 0.00012920773398970105 -1.3406295184696234e-05
leaf_weight=16026.036865234375 148352.02285528183 96871.843569278717 182357.54921990633 321.33479499816895 224300.38858032227 112552.7661356926 5199.5023345947266 91002.87890625 57852.694125056267 302687.12091726065 55999.456031799316 44989.932739257812 6199.4588928222656 71084.95849609375 346.40694963932037 530.46999311447144 170.99206721782684 2619.2103710174561 160348.03540039062 574.75647735595703 190624.31295776367 150012.1508026123 179.549072265625 9744.2217991948128 18075.370780944824 1078.2901341915131 263.63795280456543 37204.240585327148 18221.048828125 724.80580115318298 834.71304392814636 164579.55315244198 187306.37026977539 242.10020154714584 436.89470440149307 21022.035766601562 147865.95611572266 167.35377722978592 227272.68785095215 227107.7692565918 341.37984991073608 240.43675994873047 243.646320104599 6863.2996368408203 200.15658211708069 429.63258361816406 337.27224731445312 207611.73913574219 3361.9172345399857 1696.6176400780678 2317.9904725551605 567.99679869413376 25642.136049628258 863.56615853309631 80339.770141601562 69432.497772216797 192.82702893018723 193.69743901491165 43498.993530273438 27616.264099121094 533.90802001953125 48826.958251953125
leaf_count=10949 97616 63533 127150 141 162161 71001 3093 60182 35409 207422 37873 34897 3852 44426 153 327 107 1330 101824 237 131500 104258 99 5396 12363 515 113 22205 13989 394 421 112526 126905 106 247 12440 99300 104 158440 154704 184 115 155 4258 81 235 139 151378 1908 955 1347 370 15858 426 50981 43382 97 121 27697 20365 274 40106
internal_value=2.35192e-08 1.50297e-05 -5.40898e-06 6.72682e-06 -2.12753e-06 -9.21117e-06 3.19856e-05 -2.02063e-05 -8.3309e-06 -6.6056e-06 1.49815e-05 4.85826e-06 2.60444e-05 -5.22931e-06 -2.20477e-05 -1.96094e-06 -3.07349e-05 -9.7767e-05 1.04709e-05 -5.85286e-05 -4.23305e-07 -1.46194e-05 -7.001e-06 6.01351e-05 3.30656e-05 3.884e-06 -0.000328287 5.19433e-05 -2.64911e-05 -9.57886e-05 -0.000147663 -8.94787e-06 1.71663e-06 5.86064e-05 -4.95567e-05 3.88656e-06 1.04455e-05 -0.000332222 -4.53377e-07 -2.30143e-06 -0.00011506 -0.000219944 -2.69615e-05 4.04719e-05 -0.000178326 7.47945e-05 0.000182942 -6.43103e-06 -2.59352e-05 -2.90877e-05 -8.14481e-05 -3.8475e-05 3.884e-06 -6.73608e-05 3.20806e-05 1.19005e-05 9.59151e-05 -0.000432746 -3.4019e-05 1.65917e-05 7.73984e-06 -2.01346e-05
internal_weight=3.5047e+06 931531 2.57317e+06 625327 2.10612e+06 213366 306205 467051 212781 1.28342e+06 411961 822703 252844 1.20034e+06 100228 30260.8 69967 3726.01 329722 3193.97 422921 332549 150192 53361.2 82238.9 27930.4 584.973 43424.1 83074 2330.43 1605.62 674878 377931 38224.6 1020.37 181370 399783 532.043 525465 454380 778.275 1075.15 66241 63629.7 443.803 7630.2 766.905 510299 65797.2 62435.3 4582.6 2885.99 27584 1941.86 177212 75632 9937.05 364.69 134502 175482 18609.3 67048
internal_count=2380140 591686 1788454 398610 1469068 131588 193076 319386 131334 893940 267022 575128 161748 828896 60333 18209 42124 1899 211880 1567 293302 231507 104357 31328 55142 16952 254 25835 65044 1257 863 471326 258405 22742 537 114264 281826 332 357570 313144 431 536 40225 42505 236 4632 374 358800 39989 38081 2672 1717 16799 941 114514 47234 5493 228 87879 119665 12637 54095
is_linear=0
shrinkage=0.05


Tree=2
num_leaves=63
num_cat=0
split_feature=52 59 52 51 154 359 57 16 51 53 51 374 17 217 327 154 193 358 52 217 220 108 53 220 53 53 217 358 217 207 36 310 346 44 201 16 372 217 16 263 191 75 278 372 0 21 85 0 51 22 1 367 354 108 217 2 270 369 207 337 16 191
split_gain=0.100665 0.0446149 0.0419979 0.0366269 0.0194561 0.0178113 0.0125898 0.011933 0.0112975 0.0124601 0.00932373 0.00929249 0.0166324 0.00768183 0.00766369 0.00614936 0.00559127 0.00456795 0.0043865 0.00434617 0.00465786 0.00432319 0.00422425 0.00404996 0.00366417 0.00325962 0.00386425 0.00324306 0.00308949 0.00272288 0.00263965 0.00248671 0.00238755 0.00199479 0.00198326 0.00197757 0.001912 0.00176967 0.00172329 0.00170222 0.00168637 0.0015317 0.00266281 0.0023351 0.00195076 0.0018983 0.00153153 0.00151337 0.00148487 0.00146658 0.00140369 0.00147024 0.00138837 0.00137894 0.0013579 0.00135499 0.00162093 0.00157111 0.00135129 0.00165273 0.00134239 0.00132065
threshold=6.5245800215052454e-05 1.0000000180025095e-35 0.0013393097324296834 0.00011758148320950569 0.00027698690246324992 -6.0405966451071427e-06 1.0000000180025095e-35 0.0015778671950101855 7.9007993917912258e-05 4.8690908442949883e-05 0.00046164658851921564 1.0000000180025095e-35 0.0048079730477184066 0.00020651242084568369 -0.0012072313111275432 -5.1849683586624444e-05 -0.011112399864941834 -0.25598269701004023 0.0094728656113147753 0.00049045096966438006 0.00014874119369778785 13.755080699920656 0.00038578924431931233 0.00027428478642832493 1.0000000180025095e-35 4.8690908442949883e-05 0.00013069332635495814 -0.72443604469299305 8.4056726336712031e-05 0.00011510929834912532 0.0057456758804619321 0.034775627776980407 0.14097943156957629 0.0019334123935550453 2.9897064450779002e-05 0.00058479921426624071 -0.0014450218877755103 6.6318869357928647e-05 0.0004629715695045889 -8.5804673290112974e-05 -0.018644112162292 0.034640066325664527 0.14926870912313464 -0.00030456327658612276 -0.0088698412291705591 0.0024102408206090335 -1.0000000180025095e-35 -0.027487963438034054 0.00021543488401221114 0.0019963043741881852 0.059633491560816772 2.4503744953108257e-06 -0.096758134663104997 111.15518188476564 3.3501364669064067e-05 0.0012884810566902163 0.0061963931657373914 0.0045778218191117057 0.0017535733641125264 -0.092336218804121004 9.2323876742739244e-05 0.021111134439706806
decision_type=2 2 2 2 2 2 2 2 2 2 2 2 2 2 2 2 2 2 2 2 2 2 2 2 2 2 2 2 2 2 10 2 2 10 2 2 2 2 2 2 2 2 2 2 2 2 8 2 2 2 2 2 2 2 2 2 2 2 2 2 2 2
left_child=1 5 3 4 14 7 11 21 -7 54 13 12 -3 41 -2 30 33 -12 27 20 29 35 -19 38 -10 26 -16 31 60 -6 37 -15 47 40 49 -1 -20 50 -8 -32 -9 -4 43 45 -44 -43 -30 52 -11 -35 -13 -52 -29 -31 -5 56 58 -57 -49 -60 -26 -37
right_child=2 6 10 9 19 8 23 16 24 48 17 15 -14 18 25 -17 -18 22 36 -21 -22 -23 -24 -25 28 -27 -28 32 46 53 39 -33 -34 34 -36 61 -38 -39 -40 -41 -42 42 44 -45 -46 -47 -48 55 -50 -51 51 -53 -54 -55 -56 57 -58 -59 59 -61 -62 -63
leaf_value=-6.2646818093325135e-05 3.4020365128288854e-05 -0.00064242193827915935 3.4020365128288854e-05 1.3823226146493521e-06 2.0883916572120339e-05 1.175864567292732e-06 -2.9401873574958314e-05 -0.00013386683571240109 -4.2113726076921236e-06 1.3823226146493521e-06 3.4020365128288854e-05 -2.0435648961415893e-05 -2.1834028198047109e-05 0.00012460801756510072 9.850832719756909e-06 -8.3328203727024782e-06 -8.3328203727024782e-06 3.4020365128288854e-05 0.00028128651103835812 4.339979901620774e-05 1.0140028592794715e-05 -8.3328203727024782e-06 -8.3328203727024782e-06 -4.194524325659967e-05 -2.840457719237486e-05 1.3823226146493521e-06 2.5817877360171924e-05 4.339979901620774e-05 -8.3328203727024782e-06 3.4020365128288854e-05 -4.5514577604810544e-05 4.339979901620774e-05 4.339979901620774e-05 -0.00010451503544810513 -1.7905800332869864e-05 -4.3487178899831193e-05 0.00012460801756510072 -8.4308261877603976e-06 -1.3522574658111182e-05 -1.8237923525942832e-05 -2.9079378346712775e-05 0.00032528979352639177 0.00015845627089091326 3.4020365128288854e-05 3.4020365128288854e-05 0.00012494340811353185 -0.00013422846743897033 6.5073702139623629e-05 -8.3328203727024782e-06 -3.8903439818391271e-05 -4.7943872314478278e-05 -0.00020013048443112271 0.00012460801756510072 1.9832120201412204e-05 9.850832719756909e-06 4.339979901620774e-05 4.339979901620774e-05 0.00012460801756510072 4.339979901620774e-05 0.00012460801756510072 -1.5794817399691747e-05 -8.3328203727024782e-06
leaf_weight=15190.085980832577 32877.274307250977 161.89223992824554 22437.341720581055 30153.82250213623 52503.340591430664 1541095.1393041015 57785.502877056599 828.08673346042633 226930.73735332489 51757.101928710938 6236.5805358886719 91937.623007059097 316.83145380020142 1896.9796905517578 150587.50664901733 156657.6749894619 85548.83701133728 6639.6895732879639 193.98408126831055 44639.807373046875 36938.043212890625 3220.0900087952614 9870.0407428741455 58276.88330078125 32197.002370357513 116630.99438095093 41307.683059692383 244.69022333621979 71097.27677154541 72717.810722351074 15811.854331970215 699.46707153320312 11459.961508512497 934.70393055677414 19994.500847876072 16935.885627985001 3069.5674324035645 36117.575908660889 24265.929718017578 8967.0794448852539 716.98109948635101 218.61547803878784 323.74720227718353 229.22850221395493 1825.857934653759 263.84484338760376 264.68480682373047 17366.153232336044 140047.57736206055 9497.2127783298492 2344.3727743625641 168.54943251609802 586.85536563396454 17949.177436828613 85924.917358398438 482.027876496315 2573.9673867225647 1648.8961189985275 270.92108428478241 1165.2054415941238 61303.746047973633 2398.1622459888458
leaf_count=10053 19805 73 14562 20057 35956 1067978 37619 428 155692 32931 3203 62649 237 972 102961 108419 70688 3919 89 27429 23549 2340 5751 37446 20500 77148 27168 104 45500 45559 12033 306 6795 511 15106 11977 1672 24110 17508 7016 604 96 129 124 1099 150 123 10345 86122 8276 1477 90 235 12910 54813 295 1480 1181 167 618 40442 1545
internal_value=2.15811e-08 -5.19713e-06 1.37811e-05 1.04372e-05 1.80091e-05 -2.11189e-06 -1.94247e-05 -1.90466e-05 -2.11189e-06 -2.11189e-06 4.63616e-05 -1.38376e-05 -0.000233501 5.57569e-05 1.04885e-05 -1.3499e-05 -1.11907e-05 1.87026e-05 6.8955e-05 2.9433e-05 2.59709e-05 -4.3505e-05 9.85083e-06 -3.18659e-05 -8.33282e-06 9.85083e-06 1.19812e-05 6.42182e-05 -1.40058e-05 3.00551e-05 -2.06846e-05 0.000118178 6.02982e-05 -2.99477e-05 -2.71294e-05 -4.91434e-05 0.000124608 -1.78447e-05 -2.47062e-05 -3.56459e-05 -8.53412e-05 3.40204e-05 7.06013e-05 0.000154306 4.27706e-05 0.000216694 -8.33282e-06 6.91947e-05 -8.33282e-06 -4.48012e-05 -2.14443e-05 -5.83025e-05 0.000124608 3.40204e-05 9.85083e-06 6.68023e-05 6.30002e-05 0.000104848 6.89431e-05 0.000115578 -2.01375e-05 -3.85288e-05
internal_weight=3.5047e+06 2.54096e+06 963739 874035 566152 2.08815e+06 452812 155265 1.93289e+06 307883 89703.6 312483 478.724 66957.3 341403 312005 117520 22746.3 41658.7 224748 180108 37744.2 16509.7 140328 391793 308526 191895 38395.1 164863 143170 155347 2596.45 35798.7 31971.5 30426.4 34524.1 3263.55 130568 82051.4 24778.9 1545.07 25298.6 2861.29 711.689 2149.61 482.46 71362 24338.7 191805 10431.9 94450.5 2512.92 831.546 90667 116079 23507.2 21376.2 2130.92 18802.3 1436.13 93500.7 19334
internal_count=2380140 1760440 619700 566408 372485 1451763 308677 121528 1330235 193923 53292 216104 310 40419 227082 215794 95613 12873 24259 145403 117974 25915 9670 92573 262257 207277 130129 22498 106565 94425 107375 1278 21220 24925 23893 23575 1761 88326 55127 19049 1032 16160 1598 370 1228 246 45623 14425 119053 8787 64216 1567 339 58469 74870 14086 12610 1476 11130 785 60942 13522
is_linear=0
shrinkage=0.05


Tree=3
num_leaves=63
num_cat=0
split_feature=219 59 56 293 53 374 52 218 359 16 52 51 276 359 219 211 51 359 278 191 354 212 180 16 1 276 52 208 7 374 291 320 68 276 276 52 220 32 359 72 361 359 109 44 371 198 13 211 0 51 16 372 13 38 39 219 109 256 337 327 256 207
split_gain=0.0964336 0.0432756 0.0428384 0.0262556 0.0250499 0.0212409 0.0158775 0.0142463 0.0125879 0.0117808 0.0112157 0.0101821 0.00902244 0.00811583 0.00696388 0.00671705 0.00620505 0.00613411 0.0057717 0.0127729 0.00562999 0.00556355 0.00554081 0.00535633 0.00511583 0.00496951 0.00478269 0.00474558 0.00451932 0.00921376 0.00682317 0.00506567 0.00460009 0.00436946 0.00436246 0.00423702 0.00417318 0.00415537 0.00413409 0.00394386 0.00582114 0.00381568 0.00364477 0.00361927 0.00342955 0.00361964 0.00336077 0.00332769 0.00332394 0.0033161 0.00331057 0.0030874 0.00427237 0.00307342 0.0138284 0.00295043 0.00289693 0.00347842 0.00289423 0.00285256 0.00280246 0.00279263
threshold=0.00015637720207450914 1.0000000180025095e-35 1.0000000180025095e-35 7.5299154559616013e-05 0.00016134313773363831 1.0000000180025095e-35 0.0014851486776024105 9.0520734374877079e-05 -7.0948997290543039e-06 0.0041144869755953559 1.0000000180025095e-35 0.00019572313613025474 0.17001139372587207 -3.6426183669391317e-06 2.2866921426611956e-05 4.1235802200390033e-05 9.2318423412507413e-05 1.281393963381561e-06 0.12951706349849704 0.047784144058823592 -0.061463607475161545 0.00010881882190005855 0.0018460791325196626 0.001620266411919147 0.068626064807176604 0.44834619760513311 0.0094728656113147753 0.0019759229617193346 0.056822586804628379 0.0039409445598721513 0.84331205487251293 0.050035612657666213 0.062929663807153716 0.12649323046207431 0.67681229114532482 1.6642930859234187e-05 0.00041810999391600495 0.026511543430387977 -4.2908825435006284e-06 0.041045967489480979 -0.00022305497986963016 7.3393507591390525e-06 82.93304824829103 0.00020999865228077399 1.3143612704880072e-06 0.0078186104074120539 -0.029068747535347935 0.00059987176791764807 -0.014745128341019152 0.00013333406968740749 0.016992815770208839 2.7350732125341896e-05 0.029017428867518905 0.033861031755805023 0.0067131691612303266 0.00089452622341923427 18.43100738525391 0.22173640131950381 -0.024870994500815865 -0.00047064501268323505 0.12964799255132678 5.8947833167621873e-05
decision_type=2 2 2 2 2 2 2 2 2 2 2 2 2 2 2 2 2 2 2 2 2 2 2 2 2 2 2 2 2 2 2 2 2 2 2 2 2 10 2 2 2 2 10 8 2 2 2 2 2 2 2 2 2 10 8 2 8 2 2 2 2 2
left_child=1 3 4 8 9 22 13 14 23 21 33 -7 41 46 27 24 37 28 19 -11 -21 35 -6 -1 42 53 -8 -3 39 30 31 58 -31 -5 -20 -2 -9 47 -35 44 -41 -10 -14 -43 48 -46 -4 -15 -13 59 -25 -50 -53 -12 -55 -23 57 -26 60 -17 -30 -45
right_child=2 7 6 10 5 11 26 36 12 18 25 17 15 16 -16 49 -18 -19 34 20 -22 55 -24 50 56 -27 -28 -29 29 32 -32 -33 -34 38 -36 -37 -38 -39 -40 40 -42 43 -44 61 45 -47 -48 -49 51 -51 -52 52 -54 54 -56 -57 -58 -59 -60 -61 -62 -63
leaf_value=-4.6886694663732425e-05 4.6578901662472676e-06 -1.7840811718211078e-05 -5.0356334334671151e-05 9.9727590901814227e-06 -0.00017659345483929612 4.6578901662472676e-06 5.540617184520675e-05 -2.3157115669216855e-05 1.5751043599352893e-06 4.985977021860342e-05 1.8538040296105029e-05 4.6578901662472676e-06 -7.6106965037590198e-06 2.8327619702129688e-05 -3.2011505364354191e-06 8.547318697316387e-06 1.7714674518867688e-05 4.6578901662472676e-06 3.4580861925151597e-05 0.00037762994444938847 9.5880875358541671e-05 4.6578901662472676e-06 -0.00049607696564970931 -2.0235562739519952e-05 -6.2243393888856217e-05 6.648724501857339e-06 0.00011481121055998538 -0.00028937740849394191 4.6578901662472676e-06 -0.00011357633989006028 4.6578901662472676e-06 -0.00023101634066710546 -0.00039085423878246737 -1.6232950480692246e-05 4.6578901662472676e-06 2.3138812340996693e-05 -3.886181858397169e-05 5.540617184520675e-05 4.3290277950487906e-07 -0.00027463027102461426 4.6578901662472676e-06 -0.00020367821604891975 -1.7570443512987864e-05 5.831583986559436e-06 -5.9954861809949802e-05 -0.00024198997960835655 4.806422697915496e-06 4.965347173114466e-05 -2.4455485364113947e-05 -9.775820966977424e-06 2.7479843825593627e-05 -6.3421507048045208e-05 -0.00030725591682918412 0.00052455666027342602 3.9838158738547616e-05 2.7676951017830625e-05 -1.5609278013695397e-05 -0.0002015917717235002 -0.00010865141565484756 -2.1435597823416653e-06 -0.00011068819535100762 3.8146386206831839e-05
leaf_weight=20211.640790939331 31900.193807125092 168087.50656479597 3467.1457710266113 110139.12591362 315.34654593467712 86003.548384904861 36252.24072265625 122846.2685546875 258862.85773891211 15114.422355651855 158042.5963306427 4042.4764606952667 468885.38958543539 94670.308473467827 146883.78002929688 83336.725463867188 72660.924034714699 11095.12621307373 38574.764532923698 434.89040994644165 301.36299276351929 126041.19177246094 241.13842415809631 58809.103363037109 3542.9701343774796 152823.37387084961 3738.02685546875 159.06930541992188 1381.469877243042 302.76069831848145 1297.5840010643005 497.1461009979248 298.18289947509766 41348.019378662109 15834.698166966438 96235.671226501465 64528.958251953125 17160.834297180176 371695.01409912109 196.34076642990112 6573.2138199806213 175.56037765741348 114237.75093275309 12719.548775315285 2411.1676779985428 306.42868041992188 13527.774684906006 22678.377532958984 51829.27915418148 101741.26065063477 3872.9764270782471 1741.2999210357666 198.61448097229004 160.59753704071045 1552.7432527542114 14405.414611816406 3084.566329240799 511.452183842659 1729.5445120334625 248273.36627960205 618.53932785987854 14093.910012066364
leaf_count=14080 21222 119572 2016 79691 145 53831 21397 81468 178091 10352 107623 2435 324819 61383 100148 53725 45511 6060 25213 198 179 78987 95 47547 2238 103079 1998 90 806 168 640 237 170 33055 10699 62919 41283 10368 257123 95 3852 108 81321 10560 1400 151 8946 13901 32238 67062 3492 905 95 74 1184 8395 1997 273 953 172184 361 9932
internal_value=2.22173e-08 -4.39369e-06 1.55997e-05 -1.40444e-06 7.13374e-06 -8.46249e-06 3.1942e-05 -1.7648e-05 -5.60954e-06 1.50082e-05 5.60116e-06 -7.45414e-06 -4.41337e-06 2.6764e-05 -1.11562e-05 -6.60662e-06 2.94889e-05 -1.97787e-05 3.3236e-05 5.97862e-05 0.000262877 1.02396e-05 -0.000316314 -2.45048e-05 -1.00771e-05 1.30947e-05 6.09644e-05 -1.8101e-05 -2.52793e-05 -6.63915e-05 -4.61168e-05 -8.13829e-05 -0.000251999 1.12405e-06 2.54995e-05 1.78431e-05 -2.85659e-05 3.58489e-05 -1.23552e-06 -2.15356e-05 4.65789e-06 3.44046e-06 -9.56193e-06 2.13304e-05 -2.57677e-05 -8.06435e-05 -6.45197e-06 3.24498e-05 -2.31854e-05 -1.87952e-06 -1.72866e-05 -2.67757e-05 -8.86768e-05 1.92608e-05 8.58312e-05 4.65789e-06 -5.21409e-05 -7.99125e-05 -6.13237e-05 5.43194e-07 -2.03286e-05 2.28187e-05
internal_weight=3.5047e+06 2.73063e+06 774077 2.22812e+06 509922 171079 264156 502506 1.39236e+06 338843 835761 170523 1.30947e+06 224165 315130 1.02361e+06 207170 84519.2 70260.1 15850.7 736.253 268582 556.485 82893.7 590262 312579 39990.3 168247 73424 6125.23 5524.28 4226.7 600.944 523182 54409.5 128136 187375 134510 413043 67298.8 6769.55 285852 583123 26989 60529.3 2717.6 16994.9 117349 57811.7 433351 62682.1 53769.2 1939.91 159756 1713.34 140447 7138.99 4054.42 3729.55 331610 2000.01 26813.5
internal_count=2380140 1891819 488321 1549258 322801 104637 165520 342561 967429 218164 581829 104397 902310 142125 219810 703619 131163 50566 46641 10729 377 171523 240 65119 410648 211960 23395 119662 44506 3335 2997 2357 338 369869 35912 84141 122751 85652 290178 41171 3947 198691 406140 20600 37224 1551 10962 75284 35673 292971 51039 33238 1000 108881 1258 87382 4508 2511 2120 225909 1167 20492
is_linear=0
shrinkage=0.05


Tree=4
num_leaves=63
num_cat=0
split_feature=52 293 50 53 53 36 52 198 50 53 50 213 218 51 276 276 52 52 276 59 53 276 293 52 213 51 51 109 53 35 36 53 19 208 42 17 293 213 135 292 40 193 211 276 53 357 1 367 211 209 38 360 357 2 211 360 218 218 53 191 16 66
split_gain=0.0845978 0.0445326 0.031253 0.0284717 0.0171499 0.0113105 0.0106691 0.0106442 0.00959138 0.00935583 0.0095434 0.00715919 0.00688411 0.00652916 0.00640953 0.00561578 0.00503593 0.00484453 0.00435286 0.00406549 0.00383674 0.00354037 0.00337465 0.00324028 0.00315123 0.00304464 0.00269562 0.00267175 0.00264825 0.00255838 0.00250755 0.00239689 0.00228547 0.00243732 0.00244872 0.00253237 0.00220474 0.00448773 0.00215196 0.00236496 0.00219671 0.00206041 0.00186034 0.00170901 0.00214207 0.00169359 0.00199392 0.00243272 0.00169329 0.00168167 0.00167488 0.00153193 0.00161226 0.00164242 0.00150705 0.00148447 0.00147921 0.00145134 0.00139294 0.00134597 0.00129582 0.00121549
threshold=0.00015388067549793052 7.5299154559616013e-05 0.00025509952683933085 1.0000000180025095e-35 4.8690908442949883e-05 0.0059797263238579043 0.0014851486776024105 0.0078186104074120539 3.7036201320006519e-05 0.00042102958832401788 0.00025509952683933085 2.2756305952498227e-05 0.00016695317754056307 3.5394030419411144e-05 0.67681229114532482 0.54000592231750499 0.0094728656113147753 0.0014851486776024105 0.17001139372587207 1.0000000180025095e-35 0.00067273524473421286 0.57000097632408153 3.2814657970448031e-05 1.4350542187457906e-05 1.9603820874181114e-05 0.00019260468252468857 0.00034314350341446703 16.507852554321293 0.00063590437639504682 1.0000000180025095e-35 0.0059797263238579043 4.0515184082323692e-05 0.0043073412962257871 0.00022110257123131308 0.029461259022355083 0.0050396216101944455 3.2814657970448031e-05 2.8327305699349384e-05 -0.0016189457965083418 1.7509500980377199 0.018854239955544475 0.015979713760316375 5.2227802370907746e-05 0.42001231014728552 1.0000000180025095e-35 -0.044833168387413018 0.059633491560816772 3.4723759654298196e-06 6.7334323830436929e-05 0.0016048513934947552 0.0073333007749170074 -0.00024441709683742369 0.17274132370948794 -0.0058622318319976321 5.0076014304067946e-05 -3.2325180654879653e-05 0.0001864377336460166 4.4063306631869643e-05 6.4581377955619259e-05 -0.011800614185631273 0.0014251254033297303 0.00039411292527802294
decision_type=2 2 2 2 2 8 2 2 2 2 2 2 2 2 2 2 2 2 2 2 2 2 2 2 2 2 2 8 2 10 10 2 2 2 10 2 2 2 2 2 8 2 2 2 2 2 2 2 2 2 8 2 2 2 2 2 2 2 2 2 2 2
left_child=1 3 4 11 17 8 12 15 13 10 14 30 -4 24 31 59 20 21 27 -15 -8 57 -6 44 -5 43 -10 -13 -14 -18 42 37 49 60 50 -36 -23 -3 -31 40 55 -41 -1 -11 54 -21 56 51 -20 -17 -35 52 53 -48 -16 61 -47 -2 -25 -7 -34 -40
right_child=2 9 6 5 22 7 16 -9 26 25 -12 18 28 19 23 32 29 -19 48 45 -22 36 -24 58 -26 -27 -28 -29 -30 38 -32 -33 33 34 35 -37 -38 -39 39 41 -42 -43 -44 -45 -46 46 47 -49 -50 -51 -52 -53 -54 -55 -56 -57 -58 -59 -60 -61 -62 -63
leaf_value=-5.4919713282922283e-06 3.0344798857306785e-05 1.9372574738280804e-06 3.7119483145669612e-05 -1.7402437340454948e-05 -5.4919713282922283e-06 -3.2999897915213476e-05 6.1500714208302218e-05 -0.0003235069329808995 -5.4919713282922283e-06 6.5250025216649763e-07 1.7197976286044535e-05 1.9853258698463328e-05 2.1185797717108361e-05 -1.7402437340454948e-05 -8.8125681642085635e-06 -1.2716099334455239e-05 6.1500714208302218e-05 4.7343116970828454e-05 -3.5969674756464004e-06 -1.7433284747984002e-05 3.7119483145669612e-05 1.8025714397513749e-06 5.8505488288923118e-06 5.8505488288923118e-06 -6.1524754575745452e-06 -3.3207636890756024e-05 -1.7402437340454948e-05 4.5807198545759395e-06 5.8505488288923118e-06 6.1500714208302218e-05 -1.2716099334455239e-05 6.5250025216649763e-07 -5.9242853084683352e-05 -7.1661114091941885e-05 -0.00019390028170030549 -7.556181481369139e-05 1.7818088734134123e-05 1.189313671359356e-05 0.00015060428851559752 0.00011095963274808535 6.1500714208302218e-05 0.00031616631480926882 1.8025714397513749e-06 -1.758944522200488e-05 -1.3188465453120473e-05 -2.6537009421669113e-05 -0.00019658112686675645 -0.00025387756164449145 1.8025714397513749e-06 -0.00017442943291487564 -3.9536735775044342e-05 -2.7749981854490586e-05 -1.7402437340454948e-05 -7.4264627842404645e-05 1.8015100477269124e-06 6.8233099532249368e-05 -4.0061267429498341e-05 1.9853258698463328e-05 -7.177267573220768e-06 -1.2716099334455239e-05 -3.0355237376815741e-05 0.00026786108718155027
leaf_weight=377023.64826023579 52198.728892326355 177434.51673126221 84602.749435424805 124591.74940264225 118710.7310333252 8177.3373947143555 27109.017212867737 310.15457153320312 214251.46932351589 20999.353846549988 145377.76924133301 38910.165018081665 43037.852951049805 113411.86467647552 58892.120948791504 6951.2589567899704 723.8329838514328 14941.001831054688 207632.69567871094 18605.710945129395 12498.460570335388 46087.976326942444 84581.952056884766 72048.761222839355 118006.20042419434 17098.224197387695 36656.370330810547 56943.516981124878 17152.289093017578 500.37483596801758 62255.848449707031 130042.42077636719 4490.231737613678 5803.7497546672821 558.83302760124207 2366.4923508167267 40259.73486328125 312615.79412078857 1263.2811239361763 197.07024055719376 430.36786526441574 334.43176680803299 82777.376977920532 23955.732625007629 77692.10807800293 45350.662848472595 492.91282176971436 173.39500832557678 129340.39959716797 158.77618408203125 13523.894956588745 1568.2982150912285 357.83227229118347 625.28568154573441 77385.612205505371 452.38583558797836 36517.581332206726 67325.06042098999 21379.971138000488 20537.44345510006 28730.641148090363 272.10007458925247
leaf_count=264712 35385 130035 53358 87492 75217 6401 15737 141 142368 14028 98190 26496 26079 73179 41741 4646 399 9463 141605 12147 7107 30562 53355 47860 78782 10685 22948 39179 10202 255 53923 87350 3134 3601 270 1628 26246 213452 681 118 212 162 57833 15969 52617 29943 295 98 87284 87 9712 922 212 376 53926 241 23147 43653 13901 15884 23374 135
internal_value=1.93958e-08 -3.55613e-06 1.68969e-05 -8.54259e-06 9.36664e-06 -1.54865e-05 3.38321e-05 -3.20217e-05 -1.33548e-05 4.16398e-06 4.16398e-06 -2.70881e-06 2.72917e-05 -1.76463e-05 3.41989e-06 -3.10245e-05 5.54604e-05 1.98533e-05 2.15264e-06 -2.39453e-05 4.99508e-05 1.78578e-05 4.16398e-06 -3.1707e-06 -1.20092e-05 -1.52503e-05 -5.49197e-06 1.15539e-05 1.98533e-05 0.000107695 -5.49197e-06 4.16398e-06 -3.9424e-05 -4.28447e-05 -5.56518e-05 -9.82854e-05 9.27007e-06 8.28839e-06 0.000128107 0.000145248 0.000124069 0.000240781 -5.35452e-06 -8.41928e-06 -6.56283e-06 -3.11011e-05 -3.40894e-05 -7.26933e-05 -5.21659e-07 -1.27305e-05 -4.91895e-05 -6.22137e-05 -9.87446e-05 -0.000128438 -2.7854e-06 0.000148249 -3.25704e-05 1.98533e-05 4.59789e-06 -1.27161e-05 -3.42631e-05 0.000171706
internal_weight=3.5047e+06 2.89202e+06 612679 1.7571e+06 424105 802218 188574 91608.8 710609 1.13492e+06 1.07287e+06 954884 144793 459701 927491 91298.7 43781.3 220813 432827 217104 39607.5 205872 203293 307399 242598 62053.3 250908 95853.7 60190.1 4173.84 522057 620093 62583.9 55473.8 22253 2925.33 86347.7 490050 3450.01 2949.64 2418.13 531.502 459801 44955.1 213970 103692 85086 3217.72 336973 7110.04 19327.6 3044.33 1476.03 1118.2 136278 1987.77 81868.2 119524 93428.7 28714.8 33220.9 1535.38
internal_count=2380140 1991573 388567 1211819 273881 540787 114686 68878 471909 779754 739072 671032 89639 306593 640882 68737 25047 145309 294564 140319 22844 135846 128572 210045 166274 40682 165316 65675 36281 2203 376468 430837 46452 41719 15211 1898 56808 343487 1804 1549 1269 280 322545 29997 148284 67140 54993 1903 228889 4733 13313 1805 883 671 95667 1057 53090 79038 61761 22285 26508 816
is_linear=0
shrinkage=0.05


Tree=5
num_leaves=63
num_cat=0
split_feature=219 56 59 218 276 52 359 359 154 276 218 374 0 374 201 355 109 204 13 35 214 133 349 200 218 219 224 109 52 48 11 349 346 219 22 283 359 1 199 0 205 276 355 45 43 52 175 172 207 1 374 14 291 48 208 365 203 225 204 70 348 0
split_gain=0.0793774 0.0395429 0.032099 0.0220704 0.0180078 0.0167639 0.0147054 0.0141337 0.0104132 0.0100912 0.00986128 0.0098287 0.0107865 0.0119487 0.0102249 0.00884156 0.00803633 0.00747801 0.00727331 0.00700613 0.00669089 0.00807625 0.00662619 0.00823856 0.00656262 0.00618659 0.0060981 0.00604302 0.00594948 0.00591849 0.00556118 0.00532557 0.00527443 0.00524797 0.00517727 0.00510104 0.0049871 0.00492393 0.00473506 0.00786206 0.00468954 0.00451003 0.00446214 0.00434965 0.00616787 0.00434745 0.00434073 0.00431258 0.00508835 0.00655541 0.00418828 0.0121392 0.00976391 0.00885259 0.00857409 0.00765876 0.00572505 0.00566986 0.00645011 0.00468445 0.00444393 0.00521905
threshold=0.00010150417801924051 1.0000000180025095e-35 1.0000000180025095e-35 0.00021420027042040604 0.18746165186166766 0.0007078538474161179 4.568527629089659e-06 -6.0405966451071427e-06 0.00013865865912521261 0.19000341743230822 0.00019041862833546477 1.0000000180025095e-35 -0.024235775694251057 0.0013530467986129226 0.001102554611861706 -0.1926813796162605 14.757041454315187 0.0010795257403515281 0.051346145570278175 0.081614442169666304 0.00029779406031593686 inf 0.0014640305307693782 0.00054595817346125852 0.00016695317754056307 1.1231063126615483e-05 -0.15089326351881024 14.905007362365724 0.00086182623635977517 0.35680325329303747 0.033978989347815521 -0.0051336204633116713 0.14591244608163836 0.0034776577958837156 0.011670780368149282 0.3900080025196076 -5.1023312153120051e-06 0.068626064807176604 0.0014153248630464079 0.0020284032216295604 2.5371427000209227e-05 0.25817584991455084 -0.09690412878990172 0.0045340105425566444 0.00061552022816613327 5.6080450576700977e-06 0.0081097814254462736 -0.011226306669414042 0.0024983378825709228 0.05654831416904927 0.0023373997537419204 0.046449152752757079 -0.25036695599555964 0.089036438614130034 0.00061121582984924327 0.0077315669041126975 0.00052028143545612704 0.30439443886280065 0.00064729168661870073 0.062873385846614852 0.19514898955821994 0.0016161007224582138
decision_type=2 2 2 2 2 2 2 2 2 2 2 2 2 2 2 2 8 2 2 10 2 8 2 2 2 2 2 8 2 2 2 2 2 2 2 2 2 2 2 2 2 2 2 8 8 2 2 2 2 2 2 2 2 2 2 2 2 2 2 2 2 2
left_child=2 3 4 9 25 24 11 43 37 16 41 32 13 14 46 22 -2 19 38 35 29 47 -8 -24 45 -1 -25 -27 36 -14 -16 -20 -5 -7 -31 42 -11 40 -17 -40 -9 -4 -15 -6 -45 -3 -13 48 -22 -50 60 55 -53 54 -54 -52 -57 58 -58 -56 -49 -62
right_child=1 5 10 6 7 33 15 8 -10 28 -12 12 20 17 30 18 -18 -19 31 -21 21 -23 23 26 -26 27 -28 -29 -30 34 -32 -33 -34 -35 -36 -37 -38 -39 39 -41 -42 -43 -44 44 -46 -47 -48 50 49 -51 51 52 53 -55 59 56 57 -59 -60 -61 61 -63
leaf_value=-4.8574733560031357e-07 4.1152389338129392e-05 9.4277561588501273e-06 -4.7604319278222798e-06 -4.5656673730603592e-05 -4.698085387344725e-06 4.111751387401944e-05 3.4581103834207474e-05 -1.1537378997026052e-05 3.337272675131149e-06 -1.7525957432777648e-05 -3.2392638710495196e-05 1.4208242691249213e-05 -4.3771882538965385e-06 -4.3727203929026338e-05 0.00041695256850143945 6.5567327673345283e-06 1.4558346341157825e-05 -0.00014433268204865949 -0.00023625897121631133 0.00018482760575321342 -7.6555506851764882e-09 -0.00018383063014597751 3.6095808052011993e-05 0.00036108430422886694 7.0351225713704215e-06 2.1039147039196062e-05 0.0001397389272295708 5.624785789804893e-06 2.9216235330813785e-05 0.00035527233950264785 0.00017178846983898995 -3.5882436680317353e-05 -0.00036587017639383695 8.1598194789155509e-05 1.1093147414305869e-05 -2.4883362582984171e-05 6.5567308732272961e-06 -3.3186725225701226e-05 9.1888862142595042e-06 0.00036659036451101824 -3.7236773842178786e-06 -1.7141206871599387e-05 0.00022926809696789468 0.00030332379598738894 -2.7514488490482881e-05 2.8413381459176916e-05 0.000204060405957694 -2.3376528227582929e-05 -5.1501120314448339e-05 0.00028943396064152929 -1.4996138902172811e-05 2.0292490498129863e-05 -0.0001813153315220011 -8.6829285735989873e-05 -0.00033084573083858141 -4.7119295878386564e-05 -9.3202327044820648e-05 0.00010235739126801488 -0.00028707835600898663 -0.00068055618638836603 -1.4933572038416528e-05 4.6680984270686392e-05
leaf_weight=206119.33545279503 41923.064024567604 37951.372580885887 104367.02376884222 227.21732711791992 28974.012512207031 69513.66650390625 9741.0849034786224 260869.07684326172 395456.80215454102 23261.321502685547 85687.479125976562 1481.6364731788635 96653.106156349182 235.76315450668335 327.53594875335693 16939.153266906738 88116.571174621582 766.95077514648438 499.17573058605194 589.06730651855469 12586.604685783386 757.55043029785156 1716.9772913455963 399.77968674898148 75725.058959960938 96747.563697814941 1406.8527900576591 185485.61721038818 26986.538726806641 212.55817532539368 796.6936502456665 982.69541656970978 296.23362493515015 9049.7919921875 222.91344332695007 3298.1639634370804 283137.74676513672 16669.97386932373 409.84839880466461 244.47334802150726 727626.7649307251 249183.67847442627 405.31630599498749 139.11434245109558 89196.854590654373 146780.2111530304 375.96736240386963 55524.02247440815 236.62266540527344 344.95265197753906 22310.710220456123 682.205919444561 601.64374333620071 913.1313648223877 235.75504875183105 5331.3058774471283 1009.7063671946526 202.97980672121048 747.81529092788696 169.11350250244141 9480.1884970664978 5388.8925542831421
leaf_count=150504 28022 25438 73204 108 21746 42239 5723 185914 271329 15887 55676 714 61320 99 120 10665 58120 316 229 224 7218 338 1027 168 47377 68908 628 126010 17257 88 295 468 117 4939 126 1687 185225 10430 194 109 497211 172291 171 80 71528 94801 161 35492 134 159 12973 332 335 427 149 3190 558 97 352 96 5592 3392
internal_value=1.54815e-08 1.1464e-05 -4.93169e-06 4.82008e-06 -2.2526e-06 2.55383e-05 -7.00186e-06 -4.9379e-06 -3.53611e-06 1.13188e-05 -1.71749e-05 -1.15827e-05 -1.10711e-05 4.49258e-05 0.000124945 2.45006e-05 2.31324e-05 -1.64317e-07 2.69835e-06 2.43061e-05 -1.32413e-05 -2.13187e-05 5.58483e-05 0.000114589 1.94317e-05 6.09953e-06 0.000189064 1.09088e-05 6.7107e-06 -3.54675e-06 0.000243829 -0.000103608 -0.000227576 4.57825e-05 0.000179947 2.20423e-07 4.72831e-06 -6.24026e-06 1.16631e-05 0.000143435 -5.78577e-06 -1.34865e-05 0.000129048 -2.15328e-05 -2.69925e-05 2.45131e-05 5.28113e-05 -2.02521e-05 6.68436e-06 0.000151018 -2.37094e-05 -3.86449e-05 -0.00014215 -0.000199841 -0.000301992 -2.95385e-05 -7.40175e-05 -0.000147041 -0.000175928 -0.000479547 -1.68756e-05 7.40022e-06
internal_weight=3.50372e+06 1.0572e+06 2.44652e+06 718178 2.00729e+06 339020 254752 1.51893e+06 1.40062e+06 463425 439238 222412 221889 8277.09 2981.83 32340 130040 5295.26 19075.3 4528.31 213612 116523 13264.7 3523.61 260457 488353 1806.63 282233 333386 97088.6 1124.23 1481.87 523.451 78563.5 435.472 3939.24 306399 1.00517e+06 17593.5 654.322 988496 353551 641.079 118310 89336 184732 1857.6 115766 13168.2 581.575 102597 32204.4 2601.85 1919.64 1006.51 29602.5 7291.81 1960.5 1757.52 404.869 70393.1 14869.1
internal_count=2379727 674896 1704831 460102 1403660 214794 155591 1058238 964884 304511 301171 136380 136155 3787 1290 19211 86142 2497 11665 2181 132368 70834 7546 1823 167616 345422 796 194918 218369 61534 415 697 225 47178 214 1957 201112 693555 10968 303 683125 245495 270 93354 71608 120239 875 70496 7511 293 62985 18509 1339 1007 580 17170 4197 1007 910 245 44476 8984
is_linear=0
shrinkage=0.05


Tree=6
num_leaves=63
num_cat=0
split_feature=219 59 51 219 50 218 218 13 374 344 334 373 219 359 45 164 359 276 219 359 346 0 291 278 50 371 53 372 225 154 43 0 374 1 368 1 374 372 2 56 205 276 373 205 337 204 317 174 176 46 361 371 193 359 49 1 372 64 372 327 2 256
split_gain=0.0725652 0.0357856 0.0290772 0.0242949 0.0178116 0.0163762 0.0127798 0.0105005 0.0180892 0.0165004 0.014963 0.0123953 0.0107848 0.0100313 0.00879038 0.00812393 0.00712999 0.00709193 0.00690171 0.00647823 0.00602422 0.00584988 0.00662895 0.00570225 0.00528396 0.00508309 0.0049013 0.00485834 0.00483795 0.00478031 0.00453477 0.00451313 0.0068326 0.0111802 0.00647606 0.00430703 0.00443253 0.00631355 0.00417654 0.00399002 0.00368843 0.00363548 0.00361156 0.00346393 0.00346292 0.00336783 0.00335209 0.00363349 0.00334654 0.00321836 0.00456854 0.00366248 0.00316365 0.00314207 0.00367696 0.00336525 0.00308372 0.00307224 0.00285882 0.00282664 0.00281386 0.00372528
threshold=0.0002169267390854657 1.0000000180025095e-35 0.00024345454585272822 2.4913367269618906e-05 0.00052326338482089352 6.6616910771699636e-05 0.0001864377336460166 0.051346145570278175 0.0026026648702099924 -0.027385733090341088 0.2471081614494324 0.00099869706900790355 0.00089452622341923427 8.5707476671359489e-09 0.0045340105425566444 0.0032622908474877481 1.1092951808677755e-05 0.21000003814697268 2.2345618162944451e-05 1.2631921890715604e-05 -0.18563681095838544 -0.027487963438034054 1.1322404742240908 0.75000005960464489 6.2874434661353021e-05 -9.575178339105149e-08 0.00014706143701914701 2.7350732125341896e-05 -0.45433047413825983 -1.3040690646448637e-05 0.016798358410596851 0.011476783081889154 0.0008913117926567794 0.047991164028644569 -0.0015607269015163181 0.059633491560816772 0.0045718706678599128 -0.00066710609826259304 0.0036969431675970559 0.80645090341568004 0.0016088320408016445 0.27000632882118231 -0.003000327385962009 3.4125932870665572e-05 0.0057474116329103717 0.00038932506868150091 0.024701580405235294 0.0080398912541568297 0.011941653210669758 0.0036714655579999094 0.00078763818601146351 1.024373972313697e-07 -0.0074248160235583774 -2.6692291612562254e-06 0.32552051544189459 0.059633491560816772 4.7492381781921729e-05 0.00041961787792388355 -0.0005295788578223436 0.00050348398508504044 -0.0085820336826145632 0.22173640131950381
decision_type=2 2 2 2 2 2 2 2 2 2 2 2 2 2 8 2 2 2 2 2 2 2 2 2 2 2 2 2 2 2 8 2 2 2 2 2 2 2 2 2 2 2 2 2 2 2 2 2 2 2 2 2 2 2 2 2 2 2 2 2 2 2
left_child=1 3 4 13 16 17 18 12 10 -10 11 30 26 14 25 20 38 -5 40 21 -11 22 45 -17 -19 -1 -4 -14 -13 -15 -9 57 33 -33 -34 39 60 -38 -2 49 -3 -20 -29 -27 -44 -7 47 48 -30 -23 51 -51 -16 -28 55 -55 -39 -6 -57 -46 61 -37
right_child=2 6 7 5 31 19 -8 8 9 15 -12 28 27 29 52 23 -18 24 41 -21 -22 35 -24 -25 -26 43 53 42 46 -31 -32 32 34 -35 -36 36 37 56 -40 -41 -42 -43 44 -45 59 -47 -48 -49 -50 50 -52 -53 -54 54 -56 58 -58 -59 -60 -61 -62 -63
leaf_value=-1.7842656778750035e-07 1.7846164856384516e-05 -1.7271328345704668e-05 5.0281587082651748e-06 1.8089852752266877e-05 4.3245301026652766e-05 6.2179654857653022e-07 -2.8959912341540208e-05 -0.00017108367654839913 1.7846164856384516e-05 -0.00025423123337495077 1.7846164856384516e-05 1.7846164856384516e-05 1.7846164856384516e-05 -4.9525459595247979e-06 -3.286524172968252e-05 -0.00025600745014249933 4.3245301026652766e-05 2.688721127857705e-06 4.4258111770959555e-06 1.8144663128608226e-05 -2.4098969112474601e-05 -6.1123524441105488e-06 0.00026923390639521742 -0.00053091984085458619 1.4138295914384643e-05 -1.7021645878601567e-05 -5.1786651723613934e-05 1.7846164856384516e-05 -7.5261479562464619e-05 4.0411779843824491e-06 -0.00041033255881173101 0.00047134359002029455 0.00029796024243085534 6.9912154059573764e-05 4.3245301026652766e-05 -4.454495014146934e-05 -0.00031131362275921482 -2.7629830680056085e-05 4.3245301026652766e-05 6.2505420727785324e-06 -0.00026448301609237242 -9.0956049346518199e-06 1.7846164856384516e-05 -6.7316613190954439e-06 -3.6405182871226186e-05 0.00014068405369047364 -0.00019255139977180998 1.7846164856384516e-05 -0.00031834077264025513 0.00014123115127771268 7.4809481728107584e-06 -3.3155418498419049e-05 -1.5484513226862067e-05 -1.7444176549510208e-05 5.0281587082651748e-06 -0.00026195749291840157 -0.0002216622570659535 7.5654337415828003e-05 -4.44578430634214e-05 -0.00017506169301295289 -1.0724620544759752e-05 -0.00023463147784088539
leaf_weight=171484.06253433228 293472.22696304321 197360.47868311405 55622.326740264893 189733.19665527344 75839.045442521572 1568.6414504051208 122778.29760742188 701.22928130626678 797.09507727622986 517.21824884414673 6321.2794398665428 1327.6398783922195 38100.770263671875 322959.70556640625 46004.10684967041 834.21051406860352 26381.164131164551 297713.26512145996 73987.149169921875 36970.787963867188 629.74531292915344 345832.17758864164 363.62979459762573 246.07997047901154 152324.60023498535 133381.13318783045 5440.5986576080322 597.4564208984375 1190.7379136681557 272328.84625244141 277.60746622085571 295.84835606813431 269.82159423828125 417.29548931121826 2723.0478965640068 3140.390810251236 293.89897084236145 1278.9219877719879 9373.5976142883301 94118.224434196949 149.0093994140625 151503.32846069336 529.49320632219315 211436.92159461975 579.85265296697617 588.85688591003418 534.36013174057007 854.7441338300705 159.13954544067383 1247.1473505496979 7748.4608023166656 395.8264856338501 60774.321632385254 42159.87292766571 12078.518288612366 255.86268252134323 241.99295806884766 7790.834959089756 367.30263692140579 1007.9878809452057 18040.597444534302 279.01636147499084
leaf_count=121499 187380 139407 34841 130562 46221 809 79129 333 381 290 3267 864 22172 232472 35985 422 17327 203292 50204 25902 345 226904 128 134 102176 91896 3054 257 768 195247 119 210 110 333 1370 1868 182 757 6067 62341 97 101858 253 143133 298 235 348 510 93 632 5682 264 49192 25634 7716 165 98 4466 214 517 11119 178
internal_value=1.4723e-08 -3.21563e-06 1.60431e-05 -5.57719e-07 2.31715e-05 4.64843e-06 -1.47586e-05 -1.30881e-06 -4.21803e-05 -0.000150814 -1.32548e-05 -8.0082e-05 2.4443e-06 -5.47975e-06 -9.9143e-06 -0.000221156 1.78462e-05 9.98228e-06 -1.06364e-05 -2.0151e-06 -0.000128138 -3.58382e-06 7.2347e-05 -0.000319495 6.56411e-06 -7.21345e-06 -5.6766e-06 1.78462e-05 -4.15786e-05 -8.38154e-07 -0.000239635 4.32453e-05 9.84163e-05 0.000237299 6.51868e-05 -3.98917e-06 -2.49607e-05 -9.99514e-05 1.78462e-05 -2.90279e-06 -1.74605e-05 -4.65901e-06 -5.53179e-05 -1.07121e-05 -8.76175e-05 3.89446e-05 -8.04116e-05 -5.30811e-05 -0.000104347 -5.32803e-06 2.35493e-05 9.92286e-05 -2.29733e-05 -1.55504e-05 -1.19551e-05 -1.91526e-05 -5.87529e-05 4.32453e-05 -0.000134312 -0.000124536 -1.86102e-05 -6.01837e-05
internal_weight=3.50372e+06 2.91603e+06 587694 2.37025e+06 416563 1.15188e+06 545778 171131 14391.1 3024.35 11366.7 5045.46 156740 1.21837e+06 623081 2227.25 329227 639771 423000 512109 1146.96 475138 2521.13 1080.29 450038 516302 115924 40815.6 4066.62 595289 978.837 87335.9 3706.01 713.144 2992.87 472617 23274.8 1814.81 302846 449342 197509 225490 2714.79 344818 2117.33 2157.5 2738.98 2204.62 1349.88 355224 9391.43 1642.97 106778 60302.2 54861.6 42783 1520.91 83629.9 623.165 1587.84 21460 3419.41
internal_count=2379727 2013248 366479 1642553 263484 773129 370695 102995 7874 1572 6302 3035 95121 869424 441705 1191 210774 436030 291566 337099 635 311197 1172 556 305468 356528 71624 23497 2583 427719 452 52710 2023 543 1480 310025 14202 1037 193447 295823 139504 152062 1325 235029 1068 1044 1719 1371 861 233482 6578 896 85177 36783 33729 26013 855 50687 379 815 13165 2046
is_linear=0
shrinkage=0.05


Tree=7
num_leaves=63
num_cat=0
split_feature=217 53 58 219 374 198 276 57 219 36 359 15 359 51 368 212 359 48 51 219 367 16 359 53 33 343 37 219 211 339 43 200 44 211 53 219 108 198 327 369 41 207 372 183 370 271 210 321 359 113 372 346 44 174 43 374 9 198 337 292 48 359
split_gain=0.0723387 0.0344435 0.0285654 0.0229691 0.0170042 0.0207263 0.0122636 0.0119889 0.0112619 0.0109174 0.00957059 0.00911883 0.0086076 0.00775148 0.00751627 0.00738813 0.00693886 0.00630901 0.00628576 0.00542635 0.00540302 0.00535522 0.00475729 0.00457399 0.00430231 0.00447226 0.0112879 0.00426283 0.00406675 0.00396659 0.00394058 0.00390859 0.00396009 0.00388597 0.00385468 0.0038143 0.00379031 0.00376744 0.00372885 0.00602706 0.00573215 0.00467005 0.00547126 0.00532464 0.00514526 0.00381711 0.00383964 0.00357876 0.00354038 0.00339907 0.00470926 0.00505712 0.00390447 0.00548004 0.0050503 0.00380263 0.00337449 0.00524663 0.0045745 0.00382291 0.00333978 0.00333821
threshold=0.00013305780157679695 3.8550044337171137e-05 1.0000000180025095e-35 3.0845681976643398e-05 1.0000000180025095e-35 0.0064655533060431489 0.24001149833202365 0.80315214395523082 0.00065103455563075851 0.0052968494128435859 8.4868202065990789e-06 0.015167532954365017 -5.1023312153120051e-06 0.00021240692876745018 -0.0016599542577750979 3.9145106711657725e-05 1.2334081844755931e-07 0.07003748789429666 0.00048643231275491422 3.7031375541118912e-05 -2.3817754168931057e-07 0.0014607428456656637 7.3393507591390525e-06 0.00028316320094745612 -0.026641020551323887 -0.50696924328804005 0.037573676556348808 0.0034776577958837156 3.3085529139498255e-05 1.1207890510559084 1.4815189842920519e-05 0.0010655435035005214 0.000176977067894768 2.7261065952188804e-05 0.00040011468809098011 0.00069662311580032121 14.435021400451662 0.00178182905074209 0.0037913726409897213 -0.0008136272954288869 0.0012133464915677907 0.00082732288865372549 5.4965291838016137e-06 0.014738763216882946 0.0027824296848848466 0.0058107846416533002 0.00019448325474513697 0.048950603231787689 -8.362585504073648e-06 -0.024956729263067242 -0.00023445150145562363 -0.63850915431976307 0.014260448049753906 0.041870890185236938 0.018100535497069362 0.0032491963356733326 0.054920747876167304 0.0078186104074120539 0.10848317667841913 0.31154043972492224 0.17567076534032824 -1.2517252230281881e-06
decision_type=2 2 2 2 2 2 2 2 2 10 2 2 2 2 2 2 2 2 2 2 2 2 2 2 10 2 10 2 2 2 10 2 10 2 2 2 2 2 2 2 10 2 2 2 2 2 2 2 2 2 2 2 10 2 10 2 2 2 2 2 2 2
left_child=1 3 4 16 5 -2 11 12 17 13 15 22 -3 -8 -13 28 33 -4 27 -14 49 36 47 -15 37 26 -26 61 -5 31 -20 32 -24 -1 -9 -17 -11 -23 39 40 -22 43 45 -41 -45 46 -43 -6 -19 -16 52 -52 -51 -54 -55 -53 60 58 -58 -59 -25 -10
right_child=2 7 8 10 6 -7 9 34 18 21 -12 14 19 23 20 35 -18 48 30 -21 38 24 29 56 25 -27 -28 -29 -30 -31 -32 -33 -34 -35 -36 -37 -38 -39 -40 41 -42 42 -44 44 -46 -47 -48 -49 -50 50 51 55 53 54 -56 -57 57 59 -60 -61 -62 -63
leaf_value=-1.205167186614564e-05 -3.8304500258990351e-05 -3.235047590643158e-05 3.0468434968678626e-05 3.1733189410714072e-06 9.4117031715472432e-06 -0.00048796654046148584 9.4759540045182732e-06 -1.8568776696968327e-05 1.769302690064401e-05 -4.9675891980734765e-05 2.4157916338124865e-05 0.00034285924495579842 -1.2923108665710077e-05 1.224207852128537e-06 -4.2986623536706919e-05 -6.3106874051091829e-07 2.2043461410516478e-07 -2.3334189526139697e-05 -0.00020274090749648635 -2.0163296045470117e-06 0.00028608360366813563 -9.7418880058727144e-06 -0.00019344274263308379 -2.8450036545723076e-05 2.6537828180233516e-05 -8.0813849118051974e-06 0.0003983326985819289 8.0510158369058874e-05 1.6237911394436473e-05 0.00018041214728955178 1.769302690064401e-05 -0.00010931522863693059 3.372575756872337e-05 -4.60582792107157e-06 -3.2387529507291204e-05 2.9104994072678893e-05 1.6113749218235857e-06 -0.00012853554817518964 -6.3522548119385416e-05 2.2798252326617538e-05 -7.9329564329169856e-06 0.00023132430221207889 -0.00014138514112699117 -4.1394468754292168e-05 -0.00033409091879248848 1.6180500066992339e-05 8.9673820354740864e-05 -6.5691493846809033e-05 1.3260567152299146e-05 2.8274661921897851e-05 0.00036983007430951631 0.00014273413528759657 5.9205578896747812e-05 0.00012188312242240681 0.00044192706672061834 -4.2986623536706919e-05 -2.5308468952786656e-05 -6.011441854026534e-05 -0.00026978642613254662 -0.00033144568781297182 1.224207852128537e-06 4.7489307380317521e-05
leaf_weight=351728.65202003717 791.64629429578781 36882.982482910156 66148.832849800587 98000.583610713482 163117.79294872284 377.20133686065674 299481.11733961105 166322.59956175089 8840.1296653747559 14715.821233987808 67259.1787109375 200.27523803710938 218882.24855226278 54540.618120193481 583.43024063110352 394103.71640014648 384272.36413574219 7068.5506120920181 202.84849166870117 238081.1760559082 436.54230952262878 1328.6907119750977 191.38758367300034 20140.792013168335 3724.6146733760834 59086.154140710831 214.01670837402344 8460.218017578125 151882.12596875429 439.22596120834351 19805.446033477783 497.49176216125488 24674.932243406773 349212.30401098728 72455.269470214844 11085.596969604492 4769.7974994182587 1339.7706832885742 1091.403847694397 21493.65014398098 266.35007989406586 600.76358991861343 277.37491965293884 829.61862856149673 181.53613096475601 1313.9696918725967 2350.1132505536079 1599.7933502197266 101340.18943917751 3708.6446622610092 220.19833326339722 1780.6984862685204 1120.5643267631531 294.91202759742737 212.55226683616638 222.45065385103226 2651.8606512546539 230.06023669242859 204.27838683128357 299.12054944038391 8060.6787052154541 52024.080936431885
leaf_count=246695 524 26752 41457 68051 109625 149 196185 108995 5354 9328 48704 84 150668 34154 388 261403 282493 5240 95 155388 172 779 104 12558 2431 44109 130 4669 102939 223 11358 251 17696 244577 46303 6966 3269 617 603 13577 114 328 126 525 89 776 1386 1060 67948 2216 88 1026 671 162 81 115 1476 111 101 174 4674 31417
internal_value=6.38402e-09 -4.41845e-06 1.16714e-05 -7.11735e-07 6.38419e-06 -0.000184002 6.7033e-06 -1.35637e-05 2.56893e-05 2.0957e-06 6.19681e-06 1.62295e-05 -9.11609e-06 5.67429e-06 3.88775e-05 4.35259e-06 -5.31015e-06 1.82997e-05 4.01279e-05 -7.24063e-06 3.72129e-05 -1.41045e-05 1.18088e-05 -7.54471e-06 -7.27602e-06 -4.64202e-06 4.69323e-05 4.72532e-05 1.11142e-05 3.17705e-05 1.54382e-05 2.91825e-05 3.19619e-05 -7.24063e-06 -2.27622e-05 1.82622e-07 -3.71226e-05 -6.94369e-05 2.70547e-05 3.06214e-05 0.000174964 2.68576e-05 7.30929e-05 1.75201e-05 -9.44991e-05 8.71018e-05 0.000118649 8.68149e-06 1.08741e-05 7.31745e-05 8.2148e-05 0.000143268 5.66403e-05 0.000121143 0.000257143 0.000118019 -2.2685e-05 -6.98403e-05 -4.29707e-05 -0.000214155 -1.702e-05 4.26279e-05
internal_weight=3.50372e+06 2.54017e+06 963552 1.80754e+06 699662 1168.85 698493 732624 263890 470787 722331 227706 493846 385609 37185 655072 1.08521e+06 174558 89332.7 456963 36984.8 85178.9 190521 86127.4 65693.2 63024.8 3938.63 69324.4 249883 25803 20008.3 25363.8 24866.3 700941 238778 405189 19485.6 2668.46 28841.3 27749.9 702.892 27047 4542.22 22504.8 1011.15 4264.85 2950.88 164718 108409 8143.45 7560.02 2223.35 5336.67 1628.03 507.464 2003.15 31586.8 3385.32 2856.14 529.181 28201.5 60864.2
internal_count=2379727 1749934 629793 1261828 462255 673 461582 488106 167538 310096 488063 151486 332808 249433 22527 439359 773765 114645 52893 306056 22443 60663 128959 53248 48066 46670 2561 41440 170990 18274 11453 18051 17800 491272 155298 268369 12597 1396 17696 17093 286 16807 2616 14191 614 2490 1714 110685 73188 4747 4359 1229 3130 914 243 1141 19094 1862 1577 285 17232 36771
is_linear=0
shrinkage=0.05


Tree=8
num_leaves=63
num_cat=0
split_feature=217 53 52 52 51 52 51 52 53 213 359 46 176 53 359 51 109 217 220 45 0 322 0 371 108 211 344 12 357 373 13 62 167 108 212 52 1 327 200 53 281 262 359 218 270 34 283 213 213 369 368 2 281 207 359 343 291 202 203 52 329 314
split_gain=0.0654894 0.03132 0.0280225 0.0187277 0.017298 0.0183947 0.0116639 0.00966853 0.00860227 0.00758927 0.00670438 0.00651335 0.00768166 0.00642505 0.00528955 0.00522428 0.00601291 0.00687957 0.00456436 0.004433 0.00443023 0.00463139 0.00438966 0.00436411 0.00388944 0.00380338 0.00366591 0.00397563 0.00399159 0.0037858 0.0044941 0.00331102 0.00329063 0.00318748 0.00318353 0.00308368 0.00305148 0.00298319 0.00280318 0.00276838 0.00272879 0.00267412 0.00267163 0.00260786 0.00259398 0.00285516 0.00254377 0.00252692 0.0024462 0.00223661 0.00219109 0.00239515 0.0020059 0.00203564 0.00196594 0.00191523 0.00187555 0.00187458 0.001849 0.00172163 0.00171593 0.00238043
threshold=0.00012167231761850418 2.1298365027178082e-05 0.0012224463862366977 1.0111444680660499e-05 0.00020015712652821097 3.3265516321989714e-05 9.2334707005647956e-05 1.0111444680660499e-05 0.00027698594203684484 0.0001155334284703713 1.088645351643436e-08 0.0168658746406436 0.0091015691868960875 0.00039141649904195225 -8.6335444393625938e-07 0.00050654340884648274 107.61749649047853 0.00051415443886071454 0.0002387271815678105 0.0045340105425566444 0.012862880714237692 0.065540108829736723 0.0015356485382653775 -1.4306225182281193e-07 15.407746791839601 4.1884861275320879e-05 -0.027385733090341088 0.052088622003793723 0.051493017002940185 0.00026439556677360093 1.0000000180025095e-35 0.00064320466481149207 -0.0056481545325368634 18.041067123413089 2.6649095161701556e-05 4.8690908442949883e-05 0.036073241382837302 0.0037913726409897213 0.00065885239746421586 0.00030776848143432295 0.53850597143173229 0.011599321849644186 -4.2908825435006284e-06 3.3861530027934357e-05 0.0073533975519239911 0.0041688228957355031 0.38000397384166723 1.2336626696196619e-05 0.00084895439795218419 -0.0019057540339417753 -0.00014656221173936498 0.0012884810566902163 0.31003549695014959 0.0001381103720632382 -5.1023312153120051e-06 -0.51673093438148487 0.14900299161672595 0.0017194329993799331 0.0010066892718896272 9.2331785708665861e-05 0.36471912264823919 0.0069211167283356198
decision_type=2 2 2 2 2 2 2 2 2 2 2 2 2 2 2 2 10 2 2 10 2 2 2 2 2 2 2 2 2 2 2 2 2 2 2 2 2 2 2 2 2 2 2 2 2 10 2 2 2 2 2 2 2 2 2 2 2 2 2 2 2 2
left_child=1 3 4 10 5 39 7 -3 -6 34 19 26 46 20 55 -15 44 49 35 23 31 -22 -14 -1 42 -25 -10 29 33 30 -28 40 -20 -29 -5 -8 54 -34 -24 -2 -4 -32 -11 -26 45 -16 -13 -12 -44 -18 -35 56 -47 -54 57 -7 -52 -31 -48 -9 -50 -62
right_child=2 6 13 9 8 14 18 59 11 24 47 12 22 15 16 -17 17 -19 32 -21 21 -23 38 25 43 -27 27 28 -30 36 41 -33 37 50 -36 -37 -38 -39 -40 -41 -42 -43 48 -45 -46 52 58 -49 60 -51 51 -53 53 -55 -56 -57 -58 -59 -60 -61 61 -63
leaf_value=1.8860544690333269e-06 4.76442193859885e-06 -1.3436790171405088e-05 0.00018890113515326277 9.8525446626064778e-06 2.9084138571197579e-06 3.8459581825822837e-05 -2.0191218683890278e-05 -4.4848029241939924e-06 -3.8186721178324343e-06 1.8860544690333269e-06 -3.8539415274903559e-06 -0.00013642745836239128 -0.00038089987895052833 3.9387257496190332e-05 2.2930768929742374e-05 -3.8186721178324343e-06 3.9387257496190332e-05 3.5438930560426752e-05 -1.3436790171405088e-05 -1.3436790171405088e-05 9.3239541581489012e-05 0.00030729710272069544 -6.4099775368824482e-05 -1.2730009350794451e-05 2.2457790658311343e-05 -1.6853241381495935e-06 -2.1369829698080031e-05 -0.00025480709617765212 -3.8186721178324343e-06 -5.6310776284011066e-05 -0.00014798862983153463 0.00010372309060691797 -3.1101996866807355e-05 -3.8186721178324343e-06 1.8860544690333269e-06 -6.4784613768870023e-06 -3.8186721178324343e-06 -0.00016181253966306185 -0.00022681708705577305 -3.8186721178324343e-06 4.4263126382023261e-05 -3.8186721178324343e-06 2.6976931883022483e-05 4.2396553019776478e-06 4.76442193859885e-06 4.76442193859885e-06 -3.8186721178324343e-06 1.8860544690333269e-06 5.5630628441786865e-05 4.9620000144025019e-06 -0.000313724032602453 -3.8186721178324343e-06 2.6473005555981201e-05 3.9387257496190332e-05 -2.1719403631459151e-05 4.76442193859885e-06 -0.00011289446648453711 -0.0002142551080464295 -0.00015429262845959588 1.8860544690333269e-06 6.8259636459253368e-05 0.00029536108162896233
leaf_weight=135293.08166503906 375640.69966125488 330064.45022583008 327.04555612802505 140065.48568725586 131275.81991577148 4367.2683715820312 105304.62910461426 132583.29914855957 31074.493401169777 9647.696533203125 247605.54639816284 425.12608534097672 227.01487904787064 17637.473052978516 88878.165496945381 11595.271606445312 2997.7944488525391 27156.718627929688 26592.806579589844 82428.080932617188 1639.4703369140625 297.64303588867188 578.35571390390396 215821.69584369659 28389.425842285156 122015.99547785521 2369.7563052177429 422.38272613286972 342.07617622613907 1958.3178598880768 1628.5976806879044 2600.603458404541 97200.445579528809 290.57528018951416 223705.06991577148 67138.476852416992 5604.7442641854286 436.60282135009766 489.55364239215851 43457.982315063477 39016.925814568996 202.12030029296875 54657.322616577148 63756.116973876953 7450.7986297607422 2671.8447848558426 1476.9419164061546 276921.40733718872 3224.238757610321 82509.261884689331 207.89993536472321 201.05257296562195 34060.317138910294 55608.914112567902 23015.214603841305 33336.589477539062 268.86458170413971 206.27381896972656 203.5842399597168 106662.00141906738 300.59760314226151 186.97893160581589
leaf_count=96371 259921 229237 147 97895 84228 2735 69270 89154 19107 6856 182960 219 110 10227 54699 6483 1952 17439 16412 65649 867 121 299 147003 18785 82314 1424 204 164 1286 889 1435 61789 184 151961 43176 3225 258 235 28927 23257 96 35268 42247 4470 1519 734 193607 1937 57615 120 160 22391 33366 14489 21621 167 97 102 70561 178 108
internal_value=6.67881e-09 -4.41557e-06 1.05733e-05 -2.78599e-07 8.3021e-06 1.17695e-05 -1.20783e-05 -7.88931e-06 -4.6813e-06 7.47847e-06 -4.04144e-06 -1.8676e-05 -8.61817e-05 4.04125e-05 2.04286e-05 2.22504e-05 2.22504e-05 1.35158e-05 -2.01167e-05 -7.86914e-06 5.25101e-05 0.000126413 -0.000181911 -5.70221e-06 1.65475e-05 -8.74106e-06 -1.52873e-05 -2.60094e-05 -9.9894e-05 -2.23443e-05 -6.68608e-05 4.90912e-05 -2.74236e-05 -0.000140429 3.48544e-06 -1.48525e-05 -1.62661e-05 -3.16898e-05 -0.000138978 4.76442e-06 4.5475e-05 -0.000125659 2.56165e-05 9.85291e-06 2.81142e-05 2.93289e-05 -2.71935e-05 1.27268e-08 2.96463e-05 6.55247e-06 -9.01185e-05 -0.000140525 3.54864e-05 3.68251e-05 -2.60081e-05 4.76442e-06 -0.000201414 -7.15459e-05 -3.81867e-06 -2.35908e-07 6.89183e-05 0.000156201
internal_weight=3.50372e+06 2.47e+06 1.03372e+06 1.60402e+06 960605 758136 865983 569310 202469 523933 1.08009e+06 71192.9 3400.58 73114.4 339038 29232.7 301334 112664 296673 555559 43881.7 1937.11 1294.92 473131 160162 337838 67792.4 36717.9 1732.85 34985 4200.47 41944.6 124230 1390.78 363771 172443 30784.6 97637 1067.91 419099 39344 1830.72 68016.8 92145.5 188670 181219 2105.65 524527 58369.1 85507.1 968.392 677.817 92341.1 89669.2 25179.8 37703.9 476.765 2164.59 1680.53 239245 3711.82 487.577
internal_count=2379727 1702996 676731 1123139 634194 506655 579857 388952 127539 355235 767904 43311 1699 42537 217807 16710 193451 77006 190905 391337 25827 988 644 325688 105379 229317 41612 22505 999 21506 2409 24839 78459 835 249856 112446 19097 62047 534 288848 23404 985 44347 61032 116445 111975 1055 376567 37491 59567 631 447 57276 55757 15872 24356 287 1383 836 159715 2223 286
is_linear=0
shrinkage=0.05


Tree=9
num_leaves=63
num_cat=0
split_feature=154 52 359 52 53 56 57 211 53 193 52 211 44 208 0 301 56 359 174 355 0 321 52 295 189 316 208 373 108 364 199 108 53 108 359 21 193 202 53 185 203 243 19 50 371 108 207 320 244 51 53 198 270 311 48 199 203 342 209 355 42 42
split_gain=0.0567379 0.0268581 0.0225969 0.0230352 0.0187473 0.0120558 0.0113738 0.00993521 0.00872169 0.00771194 0.00727273 0.00705209 0.00658497 0.0117614 0.00578443 0.0054933 0.00543563 0.00483659 0.00473434 0.0054732 0.00485043 0.00451789 0.00447014 0.00436157 0.00430064 0.00423217 0.00679058 0.00419474 0.00512676 0.00415143 0.00396656 0.00394706 0.00389561 0.00384008 0.00360412 0.00358373 0.00347483 0.00341742 0.00333064 0.00324981 0.00320213 0.00620131 0.0030323 0.00281585 0.00279465 0.00269933 0.00265861 0.00277859 0.00266931 0.0026423 0.00257332 0.00253372 0.00250159 0.00247691 0.00242137 0.00309291 0.00237353 0.00239668 0.00234015 0.0023159 0.00224057 0.0021744
threshold=0.00024968733487185096 1.1110378181911075e-05 -6.0405966451071427e-06 0.00045667875383514916 1.3054363080300392e-05 1.0000000180025095e-35 0.80315214395523082 3.8196958485059447e-05 0.00016134313773363831 -0.010922023560851811 0.0033221556805074219 5.0819968237192377e-05 inf 0.0019759229617193346 0.012862880714237692 -0.020763267762959 0.80645090341568004 1.1092951808677755e-05 -0.0017364036757498977 -0.023144789971411225 0.010753360111266376 0.020087766461074356 0.00024971252423711127 0.0086622093804180639 0.024847152642905716 0.072589091956615462 0.0001207199093187228 0.01079176412895322 14.639077663421633 -0.00028058604220859701 0.00091128260828554641 14.315008640289308 0.00031619546643923973 14.595041751861574 1.2334081844755931e-07 0.0082591660320758837 0.016743349842727188 0.0008827710698824377 0.00053567939903587114 0.061846453696489341 0.0010066892718896272 -0.3865958154201507 0.045699330046772964 9.4454611826222403e-05 2.5880610792228258e-06 107.55430984497072 0.0014015666674822571 -0.039432039484381669 -2.1970748901367183 7.1761303843231885e-05 0.00042102958832401788 0.0078186104074120539 -0.0060569571796804658 -0.025722349062561985 0.20733179897069934 0.00057775160530582081 0.00040401591104455298 -1.239051818847656 0.00090577951050363492 -0.14508563280105588 0.0033596566645428543 0.002726690843701363
decision_type=2 2 2 2 2 2 2 2 2 2 2 2 8 2 2 2 2 2 2 2 2 2 2 2 2 2 2 2 2 2 2 2 2 2 2 2 2 2 2 2 2 2 2 2 2 2 2 2 2 2 2 2 2 2 2 2 2 2 2 2 8 10
left_child=2 23 9 4 7 8 11 34 17 30 16 -6 -13 -14 22 58 33 24 37 21 53 42 -7 50 49 27 -27 28 29 31 -1 -26 43 36 -4 -22 -5 61 46 44 54 -42 52 -8 -39 -9 -24 -48 -49 -3 -2 -52 -20 -21 55 -16 -32 -58 -11 -28 -25 -17
right_child=1 5 3 10 6 14 32 45 -10 15 -12 12 13 -15 40 18 -18 -19 19 20 35 -23 38 60 25 26 59 -29 -30 -31 56 -33 -34 -35 -36 -37 -38 39 -40 -41 41 -43 -44 -45 -46 -47 47 48 -50 -51 51 -53 -54 -55 -56 -57 57 -59 -60 -61 -62 -63
leaf_value=-3.8522103220630565e-05 1.4069202511895269e-06 1.4782076247610581e-05 -6.9779091790919785e-06 1.2948963906107508e-05 -1.1421967570799636e-05 1.9120188343676982e-05 -1.7317348020399683e-05 4.8885605273856352e-06 1.4069202511895269e-06 5.7901784107384734e-05 5.9592499366142155e-05 -4.0940680315763196e-06 -6.8364550785012459e-05 -0.00050956435228640881 6.6787397703435867e-05 7.4723623146978367e-06 2.881757028007584e-05 3.5432426981335416e-05 0.00013040704695252027 0.0002171388276371597 0.00020581135958964541 -5.6561685694274238e-05 3.6554596160231528e-05 7.1008393498521456e-07 9.2173885502260411e-05 0.00037673632670288948 0.00014742733774898985 1.4069202511895269e-06 2.657892567430654e-05 1.4069202511895269e-06 -2.0288694050284476e-06 0.00027100691248839259 -2.6730419854673092e-05 4.8885605273856352e-06 3.6951233377233859e-07 4.0753270696677216e-06 5.9592499366142155e-05 7.7189421132364599e-05 1.9120188343676982e-05 -0.00012467541012728872 1.4069202511895269e-06 0.00033380124017866152 0.00015774680102262031 -6.9779091790919785e-06 -3.9073419411330986e-05 -3.2965476193592988e-06 0.00024882644344873878 0.00016543741212570969 5.3158004628478368e-05 1.7614005923185507e-06 -1.4268243275985109e-05 -0.00020603429918924457 -1.5273461312543176e-05 2.2451933340788701e-06 5.4759004753443152e-06 0.00019696381177887684 -0.00011112479892885022 -0.00029468390024668315 0.00023839220063491003 1.4069202511895269e-06 -3.3374064799602827e-05 -3.3679347949476408e-05
leaf_weight=42206.872512817383 454989.89581871033 154069.43979871273 425236.76061195135 12113.826321601868 298679.83677053452 108369.71889793873 160021.81707596779 448742.28088378906 82525.63720703125 905.34574127197266 9487.0511474609375 341583.78652954102 1099.4102630615234 173.29087829589844 3868.8684027194977 3453.5591673851013 41547.110121011734 29712.977920532227 300.37437152862549 132.67323064804077 520.02522546052933 7798.4576416015625 60991.342649459839 7457.5367889404297 3481.8477234840393 217.29156601428986 452.29085129499435 7231.3134818077087 16049.445599079132 732.79482579231262 238.07125854492188 337.40578484535217 85158.382080078125 62098.993427991867 274739.15466308594 380.82669752836227 5868.1306991577148 1824.317423760891 15669.542938232422 318.40185546875 183.50651490688324 309.45069944858551 268.42565155029297 44157.278244018555 719.46645075082779 100726.04809570312 212.69335556030273 592.32635879516602 4896.6672973632812 52152.674896717072 23524.828866958618 171.53215026855469 11601.00299680233 31095.130228757858 1343.7251694202423 516.29003381729126 459.45042473077774 292.61444038152695 222.74394989013672 460.84373015165329 13638.99348449707 45389.20606315136
leaf_count=30781 319493 102446 291462 7602 203234 70968 105565 302666 51142 453 5450 225301 654 83 2409 2458 25740 20490 164 63 223 5002 38173 4826 1922 108 216 4879 9542 369 103 166 54268 39967 200926 189 3089 1021 9286 153 96 178 164 28844 429 73541 105 324 2747 33780 15755 88 8784 26376 624 311 202 139 99 234 8960 34895
internal_value=1.08125e-08 9.77613e-06 -4.13488e-06 -2.92164e-06 -4.14568e-06 1.74597e-05 -9.51712e-06 -1.43774e-07 1.18573e-05 -2.30664e-05 1.74326e-05 -5.80542e-06 -9.1252e-07 -0.000129144 2.73421e-05 -1.57459e-05 1.41432e-05 1.6425e-05 -1.69393e-05 -6.30097e-06 6.47546e-06 -2.68567e-05 2.57939e-05 1.40692e-06 1.40234e-05 3.20645e-05 0.000126823 2.82071e-05 3.98688e-05 8.66937e-05 -4.08472e-05 0.000108106 -1.77468e-05 6.5294e-06 -4.09407e-06 0.000120727 2.82512e-05 -2.76576e-05 3.45743e-05 2.54299e-05 7.47793e-05 0.000196857 -7.8154e-06 -1.39998e-05 4.43016e-05 4.88856e-06 3.96092e-05 7.226e-05 6.53301e-05 1.14893e-05 1.40692e-06 -1.56737e-05 -1.15754e-05 3.17203e-06 6.42098e-05 8.21966e-05 -0.000139682 -0.000183136 9.38989e-05 6.666e-05 -2.13265e-05 -3.07694e-05
internal_weight=3.50372e+06 1.04416e+06 2.45956e+06 2.31143e+06 2.18032e+06 544378 930874 1.24944e+06 347424 148127 131115 641536 342856 1272.7 196954 104930 121628 264898 103802 52096.9 32128.7 19968.3 190732 499783 235185 28963.2 1130.43 27832.8 20601.5 4552.05 43197 3819.25 289337 80081 699976 900.852 17982 51705 82362.6 2862.19 6221.84 492.957 12169.8 204179 2543.78 549468 66693 5701.69 5488.99 206222 478686 23696.4 11901.4 31227.8 5728.88 4385.16 990.136 752.065 1128.09 913.135 21096.5 48842.8
internal_count=2379727 699637 1680090 1568392 1486544 350515 617949 868595 225294 111698 81848 429272 226038 737 125221 80473 76398 174152 79921 40965 26851 14114 121603 349122 153662 17436 558 16878 11999 2457 31225 2088 188677 50658 492388 412 10691 38956 50635 1603 3618 274 9112 134409 1450 376207 41349 3176 3071 136226 335336 15843 8948 26439 3344 2720 444 341 552 450 13786 37353
is_linear=0
shrinkage=0.05


Tree=10
num_leaves=63
num_cat=0
split_feature=217 53 52 52 53 370 19 220 276 53 48 205 52 52 359 52 218 310 327 276 57 358 225 359 359 344 57 200 48 348 337 52 109 217 41 344 246 276 355 373 48 199 327 19 343 200 245 370 15 355 48 186 200 191 359 293 356 144 292 198 227 26
split_gain=0.0556459 0.0275588 0.0213317 0.0177216 0.0129943 0.0174335 0.0137852 0.0111058 0.00982087 0.0083127 0.00768232 0.00741806 0.00696251 0.0064458 0.00503498 0.00503408 0.004715 0.00545149 0.0045273 0.00427265 0.00410355 0.00374362 0.00396452 0.00358102 0.00307634 0.00298847 0.00271447 0.00265988 0.00302954 0.00308345 0.00252434 0.00243188 0.00234269 0.00228067 0.00227243 0.00223756 0.00220986 0.00216137 0.0021543 0.0021005 0.00209332 0.00208358 0.00208125 0.00207296 0.00206975 0.00239194 0.00211823 0.00201311 0.00448639 0.00301518 0.00288742 0.00236555 0.00277157 0.00195159 0.00193542 0.00186975 0.00185255 0.00179811 0.00179321 0.00227469 0.00177065 0.00175577
threshold=0.00014064155402593317 2.1298365027178082e-05 0.00051125983009114872 6.2941431679064421e-05 0.00030776848143432295 1.0000000180025095e-35 0.00098079739836975954 0.0002387271815678105 0.17001139372587207 0.00035330907849129295 0.06488205119967462 0.00041772655094973748 1.0000000180025095e-35 3.539319186529611e-05 -8.362585504073648e-06 0.0094728656113147753 0.00023631408112123611 -0.00014083402493270111 -0.00065879337489604939 0.12000031396746637 0.80315214395523082 -0.72443604469299305 2.1652569515140389e-08 8.4868202065990789e-06 6.2555961903854049e-06 0.045071104541420944 0.82877093553543102 0.00079704765812493872 0.17946330457925799 0.11535707861185075 0.27523292601108557 0.00036936043761670595 15.55613946914673 0.0017315481672994795 0.034602649509906776 -0.21594871580600736 -1.3120079636573789 0.82000151276588451 -0.20282186567783353 0.00070895205135457229 0.1907731890678406 0.00035665747418534016 0.0037913726409897213 0.0080287330783903616 -0.12587966024875638 0.0013601399841718378 -0.066816732287406908 0.0021910858340561394 0.042241508141160018 0.012240626383572819 0.0976739637553692 0.040302511304616935 0.0009051185625139625 0.054466009140014655 1.2631921890715604e-05 0.00015927936328807848 -0.77669247984886158 -0.00048307888209819788 1.7509500980377199 0.0024972417159006004 -0.72295564413070668 0.03995120897889138
decision_type=2 2 2 2 2 2 2 2 2 2 2 2 2 2 2 2 2 2 2 2 2 2 2 2 2 2 2 2 2 2 2 2 10 2 8 2 2 2 2 2 2 2 2 2 2 2 2 2 2 2 2 2 2 2 2 2 2 10 2 2 2 10
left_child=1 3 4 8 10 6 -6 12 25 15 13 24 26 -2 -9 21 -7 39 30 32 44 22 -4 35 -12 -1 37 28 29 54 -18 -14 53 -23 -30 -10 -19 -3 -26 -11 -24 -15 57 -25 -16 -46 -47 -20 51 50 -50 52 -49 -5 -13 -21 60 -22 -17 -60 -57 -44
right_child=2 7 9 19 5 16 -8 14 23 17 11 27 31 41 20 58 18 36 47 55 42 33 40 43 38 -27 -28 -29 34 -31 -32 -33 -34 -35 -36 -37 -38 -39 -40 -41 -42 -43 61 -45 45 46 -48 48 49 -51 -52 -53 -54 -55 -56 56 -58 -59 59 -61 -62 -63
leaf_value=8.4971858014958321e-06 1.0812559702119894e-05 -7.4492228331572219e-06 3.1231289436922773e-05 3.3030799308627506e-05 -0.00062974307061999628 1.3478148659793487e-06 -3.4342016539933503e-05 -4.4616313615532775e-05 1.0340990903768833e-06 1.3478148659793487e-06 1.3882775411250334e-06 4.6524214894003688e-06 -4.485865171950413e-06 3.1231289436922773e-05 -4.485865171950413e-06 0.00010912548553692417 1.3478148659793487e-06 3.1231289436922773e-05 -1.8554138193064145e-05 8.4971858014958321e-06 -5.9036833871039901e-06 3.1231289436922773e-05 3.1231289436922773e-05 -4.485865171950413e-06 3.1231289436922773e-05 -1.0719629534910604e-06 -2.0574213672882227e-05 1.3478148659793487e-06 3.1231289436922773e-05 3.1231289436922773e-05 -0.00015500270348153225 8.4971858014958321e-06 1.3789832674858067e-05 6.1274623880943079e-05 1.3478148659793487e-06 -4.485865171950413e-06 1.3478148659793487e-06 -1.7758942234583784e-05 8.2250855974835232e-06 3.1231289436922773e-05 0.00010912548553692417 1.0812559702119894e-05 -4.7005643365141335e-05 8.4971858014958321e-06 -1.5435159661485459e-05 -4.9325864245366671e-05 -0.00023399484833595258 -3.3458774198268141e-05 -0.00031330789335339004 -2.86950453338532e-06 -0.00012187058150751095 1.3478148659793487e-06 -0.00011572789860635126 0.00019774806209504631 3.1231289436922773e-05 0.00023633571608578228 1.5879886140476289e-05 -2.6827836359474196e-05 0.00010912548553692417 0.00033969085151695235 3.0595306238908311e-05 -0.00025639519748931307
leaf_weight=205830.75966536999 106871.56562852859 199002.87810474634 2369.6397394537926 28009.805961608887 198.68276405334473 79511.222711324692 189.02774620056152 18444.554260253906 206837.40986633301 2789.7470321655273 306649.5908420682 44443.404721438885 275585.49203491211 70680.551436901093 44991.454531669617 1922.0832495689392 15315.221672058105 4938.8533325195312 20250.992647409439 149222.78067016602 11549.785183310509 80507.548366546631 689.00559478998184 20179.802490234375 13396.076751708984 112268.53955078125 80146.374718129635 7620.055419921875 35824.767427444458 12033.34354621172 261.13982391357422 37587.882186889648 28663.677764892578 6505.6208801269531 3396.0052795410156 780486.44639587402 27884.247940063477 68279.833221435547 31087.231621921062 20359.478233337402 1912.9621524810791 6841.7026672363281 233.77665042877197 57952.598876953125 89687.426396787167 506.85649985074997 222.85101968050003 10342.574906826019 266.5584619641304 353.87831377983093 760.11824744939804 888.55179834365845 1134.819206237793 179.07401275634766 4305.4656739234924 183.87486785650253 72753.088623046875 92563.806605517864 237.95360803604126 190.19922637939453 240.68979889154434 174.59969234466553
leaf_count=148734 69905 138098 1241 19071 81 51987 126 12624 139992 1451 212609 29024 182995 43573 29551 1051 9046 2940 12568 100348 7333 49647 439 15682 9179 78124 53865 4019 22375 7300 132 24394 19399 3669 2037 544682 16287 47285 23451 12055 873 4003 147 48531 58688 268 101 6314 150 167 353 471 575 92 2934 85 48481 59224 143 87 137 97
internal_value=6.14449e-08 -3.70546e-06 1.05989e-05 1.34901e-07 7.24607e-06 -7.20589e-06 -0.000341122 -1.06542e-05 -2.18411e-06 2.7833e-05 1.01554e-05 6.69085e-06 -7.21666e-06 1.87748e-05 -1.94432e-05 3.68903e-05 -6.19769e-06 1.25673e-05 -1.82994e-05 1.16243e-05 -1.75076e-05 3.50423e-05 7.72372e-05 -4.48587e-06 3.17082e-06 5.52549e-06 -1.25033e-05 1.81751e-05 2.06151e-05 1.36228e-05 1.34781e-06 -4.48587e-06 2.38566e-05 3.26298e-05 3.12313e-05 -4.48587e-06 1.34781e-06 -1.0083e-05 1.54583e-05 3.12313e-05 0.000109125 2.97509e-05 -2.49503e-05 6.21831e-06 -1.17624e-05 -1.61701e-05 -0.000106209 -2.85814e-05 -4.33484e-05 -0.000128778 -0.000172086 -3.37916e-05 -4.16118e-05 3.40911e-05 7.89127e-06 8.49719e-06 1.64895e-05 -2.45068e-05 0.000109125 0.000211484 0.00012039 -0.000137343
internal_weight=3.50472e+06 2.58179e+06 922930 1.66281e+06 772623 129473 387.711 918978 1.38356e+06 150307 643150 458756 660602 184394 258375 94335 129085 55972.3 49573.9 279253 239931 91984.8 4971.61 1.06546e+06 351133 318099 347429 107623 100003 60782.2 15576.4 313173 56852.6 87013.2 39220.8 987324 32823.1 267283 44483.3 23149.2 2601.97 77522.3 104522 78132.4 135409 90417.1 729.708 33997.5 13746.5 1380.56 1026.68 12365.9 11477.4 28188.9 48748.9 222400 73177.7 104114 2350.24 428.153 424.565 408.376
internal_count=2380290 1778028 602262 1163358 512379 81970 207 614670 975745 89883 430409 312928 446637 117481 168033 57150 81763 32733 29776 187613 155409 55869 2553 748887 245239 226858 239248 67689 63670 39258 9178 207389 38562 53316 24412 684674 19227 185383 32630 13506 1312 47576 66801 64213 88608 59057 369 20598 8030 670 503 7360 6889 19163 31958 149051 48703 66557 1281 230 222 244
is_linear=0
shrinkage=0.05


Tree=11
num_leaves=63
num_cat=0
split_feature=217 58 53 374 198 276 53 52 219 15 51 46 198 371 343 219 51 36 344 180 201 16 370 359 219 217 327 369 364 201 372 198 337 276 53 51 108 52 359 203 57 212 207 279 33 174 335 201 272 374 334 336 219 164 192 0 31 201 108 198 15 262
split_gain=0.0513744 0.0234059 0.0222514 0.015403 0.0192473 0.0135686 0.0112903 0.00999858 0.00959396 0.00921416 0.00918036 0.00790523 0.0116517 0.00761183 0.00963102 0.00759128 0.00691543 0.00660613 0.00620478 0.00604751 0.00558971 0.00523642 0.00489525 0.00469513 0.00458149 0.00452483 0.00403979 0.00665386 0.0058749 0.00509393 0.00458473 0.00450986 0.00435494 0.00401945 0.00391021 0.00378261 0.0037005 0.00365487 0.00343134 0.00336732 0.00329509 0.00323477 0.00318596 0.00318386 0.00315215 0.00308802 0.00296609 0.00369795 0.00343648 0.00292084 0.00403024 0.00315282 0.00289858 0.00284437 0.00277242 0.00269871 0.00284535 0.00389284 0.00278657 0.00281394 0.00275137 0.00396052
threshold=8.8302203948842375e-05 1.0000000180025095e-35 1.0000000180025095e-35 1.0000000180025095e-35 0.0064655533060431489 0.17001139372587207 0.00030776848143432295 0.0033221556805074219 5.3797069995198406e-05 0.015167532954365017 5.1847455324605114e-05 0.0168658746406436 0.0078186104074120539 -3.3013250231306297e-06 -0.43108654022216791 1.4392733191925801e-05 0.00023207398771774026 0.0052968494128435859 0.060890061780810363 0.035936994478106506 0.001635046908631921 0.0053890170529484758 0.0020423777168616657 9.7627744253259169e-06 0.00028599549841601407 0.00043387910409364855 0.0037913726409897213 -0.0008136272954288869 4.6734161514905288e-05 0.001102554611861706 -0.00010773523536045103 0.0054191292729228744 -0.015806669369339939 0.12649323046207431 0.00039141649904195225 9.2318423412507413e-05 17.651319503784183 0.0014851486776024105 -2.0155122001597189e-05 0.00035031534207519149 1.0000000180025095e-35 3.9145106711657725e-05 3.8015354220988236e-05 0.5600021779537202 0.0027454482624307279 0.028960372321307663 -0.13276886194944379 0.0006689898727927358 -1.7457781886776044e-08 0.0016111923032440247 0.3599862158298493 -0.0463448017835617 2.5472731977060906e-05 0.0071056315209716567 0.044609101489186294 -0.010039789602160452 -0.0015126965590752659 0.001635046908631921 63.021087646484382 0.005819168873131276 -0.040084291249513619 0.0010000235633924606
decision_type=2 2 2 2 2 2 2 2 2 2 2 2 2 2 2 2 2 10 2 2 2 2 2 2 2 2 2 2 2 2 2 2 2 2 2 2 2 2 2 2 2 2 2 2 10 2 2 2 2 2 2 2 2 2 2 2 10 2 2 2 2 2
left_child=2 3 8 4 -2 9 17 16 33 21 15 40 22 14 19 -4 24 25 -16 -11 54 38 -13 41 -3 35 27 32 39 30 31 45 -15 -1 52 -7 -33 53 -5 -28 -8 -10 -23 -18 -9 -29 -24 -48 -49 50 -31 -51 -12 -19 -20 58 57 -57 59 -40 61 -60
right_child=1 7 10 5 -6 6 11 44 23 13 34 12 -14 26 18 -17 43 37 20 -21 -22 42 46 -25 -26 -27 28 29 -30 49 -32 36 -34 -35 -36 -37 -38 -39 55 -41 -42 -43 -44 -45 -46 -47 47 48 -50 51 -52 -53 -54 -55 -56 56 -58 -59 60 -61 -62 -63
leaf_value=4.7514094795371528e-06 -3.5317884196486557e-05 1.4409120457978335e-05 -1.337000160357643e-05 -4.2081044179630277e-05 -0.00043852702772227995 6.8127799774055305e-06 -8.4516723737369021e-06 2.8072072867448534e-05 1.2023263108566492e-05 0.00010977776204507274 -2.0633692867788524e-05 -8.4516723737369021e-06 -0.00028458194705732151 0.00034449108520708411 2.5655681048159641e-05 -2.8289776372591675e-06 -1.2868667061225314e-05 -8.4516723737369021e-06 -5.5529717278427364e-05 0.00043979177455297859 0.00030741822667395505 -4.9786975273423562e-08 -8.4516723737369021e-06 2.4614894383714074e-05 2.8072072867448534e-05 1.7318798027496128e-05 0.0001871498457279184 4.8680226410101342e-05 -0.00031945774487189625 8.9254900508340133e-05 -4.4723001784124449e-06 -0.00011546227172913537 8.5573448436999437e-05 -2.8289776372591675e-06 -2.6407095001680577e-05 -3.5811243348032374e-06 5.681949360182967e-05 0.0001791743226766933 3.387437799975759e-06 -5.2359372226092571e-05 -2.41368671013336e-05 9.7236873317389076e-07 3.3267240053981594e-05 1.0301297568997583e-05 6.2604484558638682e-05 -0.00013421086656694169 -5.3258667763889408e-05 -7.2082203593423864e-05 -0.00026450816076528243 -8.1827802571980487e-05 0.00026239876224127417 8.3640464564979292e-05 -1.0160713590345767e-05 1.3052190437032473e-05 0.00018365129826276871 -1.139949408062476e-06 1.2516308166904704e-05 -0.00024000247702078175 7.0875041522694369e-05 0.00018425590365989618 3.3436206222149589e-05 0.00029677116314365108
leaf_weight=174871.53072249889 928.01826071739197 130701.75020909309 237494.77404785156 3578.9694137573242 432.84092712402344 306699.15600347519 75674.174776554108 6182.580530166626 105191.16011810303 249.2057249546051 103168.96716308594 2378.6910357475281 578.35052490234375 267.24886095523834 2204.5166231393814 319886.13232421875 21971.503799438477 81292.324871301651 246.61473381519318 316.3774356842041 443.94438171386719 9159.8461847305298 452.90262949466705 34440.869262695312 115655.83574771881 72908.799481391907 173.49471652507782 15406.965184390545 181.49206829071045 1728.798251748085 9823.2278180718422 820.47500455379486 413.99607360363007 789423.61193847656 80339.94677734375 122491.85419392586 500.32698380947113 257.55692195892334 10446.423782706261 894.20160019397736 35699.487687826157 178736.33164215088 33118.629096984863 45583.844696044922 16825.727087020874 232.43953704833984 895.17763936519623 370.62372958660126 627.25187742710114 433.33140343427658 416.6365864276886 848.40410369634628 183731.71459960938 15429.0799908638 234.82207298278809 75089.666259348392 66422.200906097889 168.96132659912109 1097.2086033821106 217.56686210632324 8023.1089155673981 234.33658909797668
leaf_count=125240 617 88359 170058 2898 171 204669 48494 3552 72055 133 69653 1232 309 101 1393 215629 13714 61546 147 128 197 7981 229 24955 72320 45657 99 9430 80 1098 6449 480 180 559115 51157 78870 264 115 7215 504 22198 119341 23060 28524 9396 136 477 182 287 244 208 416 118441 10261 115 49893 43916 86 649 100 5754 113
internal_value=3.45929e-08 7.93053e-06 -4.6066e-06 3.95307e-06 -0.00016402 4.19173e-06 7.23825e-07 1.92696e-05 -3.44285e-07 1.43898e-05 -1.05194e-05 -1.35056e-05 -7.31381e-05 3.78018e-05 0.000105744 -6.47531e-06 1.69374e-05 3.49518e-06 7.13268e-05 0.000295281 0.000179838 1.03472e-05 -4.71455e-05 7.18149e-06 2.08236e-05 5.80271e-06 2.99839e-05 3.35495e-05 -5.81037e-05 3.00577e-05 2.27095e-05 3.84516e-05 0.000187857 -2.82898e-06 -1.66573e-05 3.84634e-06 -5.02138e-05 -8.45167e-06 6.33037e-06 -1.31633e-05 -1.0665e-05 5.06663e-06 2.60493e-05 2.76541e-06 5.10838e-05 4.59452e-05 -9.91508e-05 -0.000127218 -0.000193326 8.74375e-05 0.000123092 2.76583e-05 -1.39269e-05 -8.45167e-06 6.14086e-05 7.40239e-06 4.97417e-06 -1.68258e-06 2.45858e-05 7.11138e-06 4.45003e-05 0.000111016
internal_weight=3.50472e+06 1.29743e+06 2.20729e+06 960510 1360.86 959149 715755 336921 1.28266e+06 243393 924622 116677 5303 35836.5 3695.48 557381 313913 599079 3129.9 565.583 925.381 207557 4724.65 318368 246358 502100 32141 30891.8 1249.19 30210.6 26783.4 16960.2 681.245 964295 367241 429191 1320.8 96979 165278 1067.7 111374 283927 42278.5 67555.3 23008.3 15639.4 2345.96 1893.05 997.876 3427.17 2145.43 1281.74 286901 96721.4 481.437 161699 141681 75258.6 20018.6 10664 9354.65 1331.55
internal_count=2380290 854646 1525644 638781 788 637993 474526 215865 900706 163467 624938 73408 2716 21802 2113 385687 202917 401118 1852 261 459 141665 2407 216351 160679 329196 19689 19006 683 18725 16759 10310 281 684355 239251 283539 744 71922 110624 603 70692 191396 31041 42238 12948 9566 1175 946 469 1966 1306 660 188094 71807 262 107726 93895 49979 13831 7315 6516 762
is_linear=0
shrinkage=0.05


Tree=12
num_leaves=63
num_cat=0
split_feature=219 59 218 219 218 372 178 50 374 48 32 374 318 292 218 133 313 0 2 48 342 2 292 46 356 356 318 48 52 198 374 313 330 346 199 276 239 371 35 176 372 334 166 320 31 314 357 339 175 0 318 0 258 0 348 357 313 200 50 292 46 0
split_gain=0.0454643 0.0229675 0.016791 0.0166205 0.0139953 0.0121666 0.0199379 0.0108577 0.0106695 0.0111082 0.0201883 0.0215378 0.0102596 0.00937664 0.00929405 0.00911747 0.00902728 0.00870423 0.00847296 0.0147655 0.012882 0.0124994 0.0156288 0.010593 0.00910231 0.00848055 0.00910843 0.00816232 0.00777714 0.00752754 0.0119268 0.00933442 0.00826108 0.00743099 0.00773684 0.00735451 0.00704114 0.00676205 0.00670815 0.00669506 0.00668607 0.007589 0.00655397 0.00643747 0.00637302 0.00632071 0.00667693 0.00624135 0.00949902 0.00671563 0.00618813 0.00596366 0.00688269 0.00595235 0.00744257 0.00874516 0.00570404 0.00564951 0.00564715 0.00561127 0.00589005 0.00548397
threshold=0.00023633425007574263 1.0000000180025095e-35 0.00028739319532178348 1.1231063126615483e-05 7.6948086643824367e-05 -0.0014910081517882643 0.045952305197715766 0.0006219671922735871 1.0000000180025095e-35 0.176913857460022 0.064407262951135649 0.0037998808547854428 -0.011435769964009522 1.8204498887062075 8.4107723523629843e-05 -1.0000000180025095e-35 0.034015435725450523 -0.017543686553835865 -0.0026975084329023953 0.26058992743492132 0.33486305177211767 -0.0018860122072510419 0.35592091083526617 0.0168658746406436 -0.77669247984886158 0.091687984764575972 0.014753683004528286 0.31101824343204504 6.5234737576247434e-06 0.005819168873131276 0.0047432079445570716 0.034015435725450523 0.7165108621120454 0.15589131414890292 0.00091128260828554641 0.22710955142974856 0.26763543486595159 3.0790813809744582e-07 -0.038451924920082085 0.0127820847555995 -0.00062476834864355613 0.50518187880516063 0.016680696047842506 -0.039432039484381669 0.068429157137870802 0.0038377379532903437 -0.15057674795389173 0.9208456575870515 -0.062293127179145806 -0.0048425069544464341 0.011109898798167707 -0.027487963438034054 0.24126578867435458 0.011476783081889154 0.26551410555839544 0.010069334879517557 -0.013292618095874785 0.0013601399841718378 3.5395400118432015e-05 1.5659546256065371 0.0168658746406436 -0.0033818191150203343
decision_type=2 2 2 2 2 2 2 2 2 2 8 2 2 2 2 8 2 2 2 2 2 2 2 2 2 2 2 2 2 2 2 2 2 2 2 2 2 2 10 2 2 2 2 2 10 2 2 2 2 2 2 2 2 2 2 2 2 2 2 2 2 2
left_child=1 3 7 -1 35 6 -4 28 -7 10 29 39 16 42 -3 17 47 27 24 20 -20 22 -22 -21 -19 26 -26 45 -2 33 31 32 56 38 -35 -5 40 -23 43 -12 -32 -42 -8 -10 -13 -14 -47 57 49 -49 -48 52 -6 -40 -55 -56 -31 -11 -37 60 -39 -27
right_child=2 14 5 4 51 8 13 -9 9 12 11 44 15 -15 -16 -17 -18 18 19 23 21 37 -24 -25 25 61 -28 -29 -30 30 36 -33 -34 34 -36 58 -38 59 53 -41 41 -43 -44 -45 -46 46 50 48 -50 -51 -52 -53 -54 54 55 -57 -58 -59 -60 -61 -62 -63
leaf_value=-5.8645347075691961e-06 -2.5283974590627232e-06 -6.2085882642026585e-06 2.8431250905841615e-05 1.31399917385741e-05 3.0263835333512276e-05 -0.00020525848843469912 0.00036266730843161087 3.7371291724369676e-05 0.00030976307566195772 3.4885058920192546e-05 7.3777118177512578e-06 -0.00027161352699902182 2.2628062558462954e-05 0.00053103454979757812 -1.9356241839526441e-05 -9.8569922432931211e-05 0.00030592117049360742 9.8346794978075499e-05 -3.6792289414177685e-05 8.2650704331869429e-05 0.00054359935294094109 4.995013939962007e-05 4.1046357645578131e-05 -0.00015802704365190841 -6.3008869232866006e-06 7.9027121093585464e-05 -6.8849518625399033e-05 -6.9952361484763669e-05 1.8895684503119596e-05 7.129341744569818e-06 -0.00011452803152493785 -0.00032368397532006897 7.4735985120875454e-05 -1.8277490753039309e-05 -0.00012046828575809057 -1.1881405989745907e-07 -5.8744532214873699e-05 0.00020820040391248781 -1.1319835015155248e-07 -0.0002097748861071087 6.7546570144789758e-05 0.00035521268447459673 1.6513001724070071e-05 5.6306878830161617e-05 -0.000592761355319432 0.00027228421071774531 0.00018908917671910786 0.00046487549196628277 6.1600097007284197e-05 0.00013925027661193455 -1.7739918417924792e-06 -3.6534343265276209e-06 0.00022448479256131465 1.389963734559559e-05 0.00012365321391113356 0.00054282806061197364 -0.00017628760788467111 -7.8317356491482021e-05 9.2998078926370261e-06 0.00025979816684046906 -9.3938372206451865e-05 -4.0115241792696337e-06
leaf_weight=862277.43353956938 50998.372137010098 328962.7127224803 3032.8148498535156 292106.42407226562 2343.685159444809 637.33135837316513 257.4005560874939 68123.48828125 312.71708679199219 6950.3101167678833 1137.7756096720695 400.76491564512253 1545.0098402500153 292.93208837509155 227285.7666015625 2048.4454295635223 339.22482299804688 1852.8698120117188 1943.4961000084877 689.79489135742188 349.84533470869064 3695.1687900424004 276.73295813798904 1347.8124694824219 15178.60864931345 3226.2780539989471 9438.7180895805359 830.87300109863281 250065.44158369303 557.1282970905304 306.93462991714478 496.77684783935547 605.63850462436676 26272.363436758518 1990.7775268554688 400760.3078918457 1657.3985657691956 335.83017307519913 64364.73520809412 513.80274832248688 824.66747111082077 316.26943570375443 289.61251544952393 1234.9766864776611 256.77646636962891 781.55241227149963 865.12017452716827 248.47671377658844 5778.2653760910034 437.84280526638031 832.21488225460052 580947.27868652344 564.64491868019104 1364.2437427639961 628.68164086341858 153.76704299449921 1768.2965995073318 1307.8511428833008 263968.93637084961 853.73136579990387 307.02842330932617 5175.8306975364685
leaf_count=622857 33477 228862 1624 202084 1143 276 103 41268 142 3773 627 233 792 125 148567 975 141 787 1195 503 206 2023 191 774 9584 1747 5536 339 159990 283 192 240 378 16262 1048 275095 901 171 40003 314 446 196 132 685 150 306 443 96 3090 232 428 384033 214 955 436 111 1049 626 178301 341 147 3042
internal_value=1.96076e-08 -2.42544e-06 1.32834e-05 -3.06109e-07 2.80477e-06 5.89567e-07 8.82104e-05 1.93456e-05 -1.37929e-06 -6.20578e-07 -1.0741e-05 -0.000156886 1.53511e-05 0.000303477 -1.15808e-05 4.74802e-06 5.16523e-05 9.02512e-06 2.11364e-06 4.31869e-05 7.4631e-05 0.00011185 0.00032248 -7.65488e-05 -9.43013e-06 -1.54836e-05 -3.02868e-05 7.25948e-05 1.52666e-05 -7.45705e-06 -5.93868e-05 -0.000123658 -8.95592e-05 -3.93373e-06 -2.54835e-05 6.5273e-06 1.15953e-05 8.63148e-05 5.01582e-06 -6.035e-05 9.20842e-05 0.00014777 0.000180126 0.000107852 -0.000398442 0.000102049 0.000151491 4.5753e-05 8.25403e-05 0.000258149 9.56157e-05 -3.29578e-06 6.80997e-05 2.61969e-06 8.44843e-05 0.000207204 -0.000132376 1.69425e-05 3.62141e-06 0.000175915 6.40555e-05 2.78852e-05
internal_weight=3.50472e+06 2.95922e+06 545499 2.40297e+06 1.54069e+06 176312 3872.76 369187 172439 171801 105164 2309.12 66636.9 839.945 556248 51575 15062 49526.5 44671.7 9799.44 7761.83 5818.34 626.578 2037.61 34872.3 33019.4 24617.3 4854.77 301064 102855 6533.11 3427.84 2931.06 96322.3 28263.1 956836 3105.27 5191.76 68059.1 1651.58 1447.87 1140.94 547.013 1547.69 657.541 4023.9 2478.89 14722.7 6464.58 686.32 1697.34 583856 2908.33 66511.4 2146.69 782.449 2325.42 8258.16 664729 1496.59 642.859 8402.11
internal_count=2380290 2041156 339134 1663727 1040870 104399 1984 234735 102415 102139 64651 1324 37488 360 377429 29530 7958 28555 26247 5551 4274 3079 397 1277 20696 19909 15120 2308 193467 63327 3685 1950 1710 59642 17310 655480 1735 2682 42332 941 834 642 235 827 383 1969 1177 7817 3418 328 871 385390 1357 41505 1502 547 1332 4399 453396 659 318 4789
is_linear=0
shrinkage=0.05


Tree=13
num_leaves=63
num_cat=0
split_feature=217 58 59 374 271 276 359 359 52 51 368 14 190 371 51 202 7 374 334 354 52 48 214 327 273 371 16 343 16 16 39 313 289 205 46 358 51 338 278 190 178 334 49 202 2 370 205 183 134 52 203 186 39 356 1 225 219 356 48 14 374 38
split_gain=0.0444759 0.0208376 0.0154594 0.0132997 0.0187946 0.0126878 0.0111787 0.0103028 0.00923038 0.00861285 0.00848864 0.00821307 0.00815152 0.00645163 0.00619661 0.00593472 0.00583963 0.00812696 0.00796879 0.00551374 0.00548875 0.00545436 0.00543426 0.00533295 0.00522534 0.00518604 0.00516035 0.00517035 0.00505771 0.0049788 0.00489509 0.00491706 0.0071325 0.00487702 0.00463536 0.0044376 0.00432097 0.00430804 0.00657199 0.004286 0.00439162 0.00425391 0.00405035 0.00395606 0.00411083 0.00385129 0.00384636 0.00382286 0.00370249 0.00366898 0.00362524 0.00362261 0.00349033 0.00561991 0.00397299 0.00471903 0.00341461 0.00338975 0.00335911 0.00335564 0.0038971 0.00334789
threshold=7.845489380997607e-05 0.80122017860412609 1.0000000180025095e-35 1.0000000180025095e-35 -0.0093901720829308016 0.14624624699354175 1.2334081844755931e-07 -3.6426183669391317e-06 0.0033221556805074219 0.0001061920811480377 -0.00083106063539162267 0.015499951783567669 -0.0046692818868905297 -6.7990178820309653e-08 0.0001061920811480377 0.00070640261401422333 0.056822586804628379 0.0026562144048511986 0.36328014731407171 0.058221366256475456 4.2007820866274423e-06 0.31101824343204504 0.00037262728437781339 0.0037913726409897213 0.0082671758718788641 -1.3549287700698185e-06 0.0012907405616715553 -0.50696924328804005 0.0053890170529484758 0.0059058389160782107 0.02763504441827536 0.034015435725450523 0.60000842809677135 0.00088172164396382879 0.014920451212674381 -1.1445014476776121 5.8229899877915166e-05 0.60642829537391674 0.080002997070550932 0.054824959486722953 0.016444738954305652 0.2221498638391495 0.24694982171058658 0.00097726326202973745 -0.0026975084329023953 0.0035127126611769204 0.0007232781790662558 0.020397405140101913 -0.00014347158867167306 4.2007820866274423e-06 0.00040401591104455298 0.068615749478340163 0.0056629481259733447 -0.47841748595237726 0.0034461247269064192 -1.2941783644748737e-08 0.0002957432006951422 0.057436252012848861 0.081694424152374281 0.037851082161068923 0.0042303998488932857 0.0084678344428539293
decision_type=2 2 2 2 2 2 2 2 2 2 2 2 2 2 2 2 2 2 2 2 2 2 2 2 2 2 2 2 2 2 10 2 2 2 2 2 2 2 2 2 2 2 2 2 2 2 2 2 2 2 2 2 8 2 2 2 2 2 2 2 2 10
left_child=2 3 6 4 -2 11 10 12 14 46 29 28 33 -12 56 39 -11 18 19 61 -8 -6 -4 30 57 -25 34 37 -5 59 31 41 -33 -7 43 -31 49 -28 -39 40 -13 -17 -26 -14 -45 -46 -9 -41 -16 -15 -35 -43 53 -29 55 -55 58 -19 -3 -1 -61 -18
right_child=1 8 22 5 21 7 20 9 -10 16 13 15 26 36 48 23 17 24 -20 -21 -22 -23 -24 25 42 -27 27 52 -30 35 -32 32 -34 50 -36 -37 -38 38 -40 47 -42 51 -44 44 45 -47 -48 -49 -50 -51 -52 -53 -54 54 -56 -57 -58 -59 -60 60 -62 -63
leaf_value=-2.7903977397829962e-05 -0.0007042854673916727 2.3101632277628171e-05 -1.0686640664807984e-05 5.9608070140390313e-06 -0.00026398279959446194 -3.0403536496025773e-05 -4.546009930536767e-07 6.3285459686862851e-06 4.774599922747325e-05 -3.7852762289612928e-06 1.4050583747102916e-06 2.7190343826844931e-05 -2.6863856847826439e-05 -7.5751178794445532e-06 -1.1483437549102739e-05 2.2268048739417857e-06 -8.0577073485505439e-05 -5.8308044910411292e-05 6.3285459686862851e-06 6.3285459686862851e-06 9.702545468953544e-06 -2.7451272683608443e-05 -2.5834750719237897e-05 0.00013386969676944653 -0.00038922985322383126 -0.00018132970064701923 2.8031944130021583e-06 0.00026946395944148254 2.5533758573107376e-05 0.00010957485372584679 -0.00010819305117254785 0.00044276232367912661 0.00013744376918612555 -1.5882606521254198e-05 -0.00011542997804207224 -6.9634415889448472e-06 -1.3321148733144876e-05 0.00034399055694780175 7.748159743591469e-05 -5.8002893465009203e-06 9.4070370488758893e-05 8.9019044345183053e-05 -0.00011710423903804043 3.7318234827342343e-06 4.8349424260169592e-05 0.00032961547794388305 3.1434933268133453e-05 -0.00017247042572741793 1.0470130717032531e-05 1.3827740059076023e-06 -0.00017786077846597935 0.00024052376887061662 -4.5466809870129026e-06 0.0003448307474526741 9.3920116540910384e-06 4.9370887642259191e-05 2.7083348535947375e-05 -0.00026991100584929377 1.0470130717032531e-05 -7.1919380761749577e-05 -0.00031783719818399017 -0.00022841609295888972
leaf_weight=53245.783371925354 136.32720589637756 66290.034147500992 325303.42334491014 159148.15370941162 329.28855776786804 31987.348541259766 377750.86335754395 477910.25354170799 23364.29296875 200636.36300992966 344533.12090301514 21119.742021560669 16238.1886947155 336913.11150300503 24810.527862548828 1127.4117480516434 3038.4618700146675 1700.4501299858093 3854.6609624028206 1202.6158136129379 205284.49583435059 924.29819560050964 72378.91552734375 206.9957582950592 280.51530146598816 346.01553320884705 1329.1608221530914 252.1747407913208 41639.585577964783 841.69256591796875 265.59593152999878 240.08382779359818 929.46308726072311 528.54085159301758 1344.767333984375 25689.357827186584 192915.8755056262 279.5645489692688 1308.1610157489777 3154.9697704315186 2776.0018138885498 1975.4944089651108 269.7467987537384 1217.8546217083931 271.92946457862854 219.5169238448143 15253.435972213745 384.17476081848145 84988.460398674011 173002.53712463379 997.3961296081543 492.84174346923828 38399.331298828125 199.01062893867493 3940.2105464339256 414.98995286226273 96834.560221672058 211.31406617164612 60561.799980163574 892.27515947818756 195.16957890987396 437.30390524864197
leaf_count=39456 54 42589 222757 106797 131 22682 274220 321319 13158 128548 237583 13495 10281 229391 15561 672 1836 900 1904 766 141779 623 47023 97 142 181 1012 112 30618 481 122 101 429 294 722 23003 127253 159 724 1862 1657 1060 131 593 143 118 8979 222 54095 115355 513 192 28883 102 2394 313 60620 98 43238 434 115 198
internal_value=1.87109e-08 6.9423e-06 -4.56355e-06 3.36183e-06 -0.00015109 3.56903e-06 -2.49986e-06 5.86813e-07 1.73663e-05 2.70774e-06 -5.40492e-06 1.38205e-05 -1.45231e-05 -4.19981e-06 1.52376e-05 3.69289e-05 -5.7298e-06 -4.1206e-05 -1.81038e-05 -6.67815e-05 3.12171e-06 -8.99042e-05 -1.34437e-05 8.39078e-05 -0.000121195 -6.32912e-05 -4.24966e-06 4.83299e-06 1.00201e-05 -2.10132e-05 0.000100107 0.000111757 0.000200768 -3.45743e-05 -2.59621e-05 -3.25831e-06 -6.94735e-06 6.92389e-05 0.000124782 2.73617e-05 3.49671e-05 8.27103e-05 -0.000256737 -1.92463e-05 5.30661e-05 0.000174811 6.32855e-06 -2.39796e-05 5.50931e-06 -4.53592e-06 -0.00012185 0.00011944 4.81845e-07 4.06411e-05 2.7858e-05 0.000145944 2.00127e-05 -8.19549e-05 1.46149e-05 -2.96826e-05 -0.000116558 -9.92981e-05
internal_weight=3.50472e+06 1.39577e+06 2.10895e+06 1.03892e+06 1389.91 1.03753e+06 1.71126e+06 803723 356850 704795 1.12823e+06 233807 98928.1 1.04736e+06 333485 33018.8 211631 10995.1 8533.04 4678.38 583035 1253.59 397682 5583.9 2462.03 553.011 65414.9 46122.6 200788 80864.3 5030.89 4765.29 1169.55 33513.3 19292.3 26531.1 702832 2916.89 1587.73 27434.9 23895.7 3595.75 550.262 17947.5 1709.3 491.446 493164 3539.14 109799 509916 1525.94 2468.34 43205.7 4806.39 4554.21 614.001 223686 1911.76 126852 54333.2 1087.44 3475.77
internal_count=2380290 921440 1458850 692179 808 691371 1189070 533866 229261 464821 773071 157505 69045 709582 216103 20090 134523 5975 4704 2800 415999 754 269780 2854 1271 278 45556 33699 137415 63489 2576 2454 530 23489 11857 23484 471999 1895 883 17236 15152 1924 273 11135 854 261 330298 2084 69656 344746 807 1252 31804 2921 2809 415 146447 998 85827 40005 549 2034
is_linear=0
shrinkage=0.05


Tree=14
num_leaves=63
num_cat=0
split_feature=217 53 374 52 198 52 359 16 51 293 52 359 51 152 173 359 34 48 213 367 51 207 344 344 11 374 266 199 51 292 16 48 360 283 278 198 358 344 199 191 359 49 52 267 16 173 373 13 201 174 35 203 179 201 0 0 108 213 370 46 191 62
split_gain=0.0406124 0.0207434 0.0167864 0.0167083 0.0166539 0.015777 0.0122978 0.00956059 0.00933202 0.00882078 0.00854648 0.00645546 0.006898 0.00575971 0.00532174 0.00501851 0.00469222 0.00463888 0.0055042 0.00459593 0.00466989 0.00413519 0.00409237 0.00390096 0.00567506 0.0135467 0.00952952 0.00439595 0.00338695 0.00333204 0.00320325 0.00388412 0.00310395 0.00306503 0.00291655 0.00443373 0.00355333 0.00291082 0.00281742 0.00358124 0.00275941 0.00270837 0.0025757 0.002551 0.00254906 0.00254676 0.00246686 0.00990807 0.00419387 0.00596712 0.00289664 0.00245888 0.00319668 0.00243222 0.00701743 0.00711749 0.00239833 0.0032125 0.00232865 0.00226008 0.00324366 0.00220361
threshold=0.00014898629160597923 8.8488497567595928e-05 1.0000000180025095e-35 3.7032269801784427e-06 0.0078186104074120539 0.0014120768755674364 -7.0948997290543039e-06 0.0019688750617206101 0.00016452110867248851 0.00025442639889661228 1.0000000180025095e-35 -6.0405966451071427e-06 3.9142643800005324e-05 0.00063241599127650272 -0.042564585804939263 -6.0405966451071427e-06 0.0066372542642056951 0.06488205119967462 0.00031684160057920968 -7.5688094511860968e-05 0.00044244249875191605 0.0024983378825709228 -0.020452638156712052 -0.027385733090341088 0.052809711545705802 0.0040839873254299172 0.006635878700762988 0.00072381008067168306 4.056052603118588e-05 -0.018950905650854107 0.0047107455320656308 0.071172412484884276 1.0890247267525412e-05 0.31000474095344549 0.80778008699417125 0.0078186104074120539 -0.079996019601821886 0.16278279572725299 0.00079694067244417976 -0.033617082983255379 1.2631921890715604e-05 0.32795967161655432 1.0000000180025095e-35 -0.0022103709634393449 0.0039470319170504817 -0.042564585804939263 0.00040468224324285989 0.0025360621511936192 0.00044446029642131185 0.034355461597442634 0.0037424265174195175 0.00029260781593620783 0.0049703929107636222 0.00033655684092082089 0.00046932196710258728 0.00085446983575820934 111.15518188476564 0.0001059525166056119 0.0042427137959748515 0.0168658746406436 0.027774965390563015 0.00077639793744310747
decision_type=2 2 2 2 2 2 2 2 2 2 2 2 2 8 2 2 10 2 2 2 2 2 2 2 2 2 2 2 2 2 2 2 2 2 2 2 2 2 2 2 2 2 2 2 2 2 2 2 2 2 10 2 2 2 2 2 2 2 2 2 2 2
left_child=1 3 4 15 -2 6 7 59 10 22 -8 44 42 -6 21 -1 38 29 32 -16 61 -7 56 -10 46 26 33 -27 -17 -12 31 53 40 37 -14 43 58 -26 -9 -40 -19 -20 -13 -36 -3 -18 47 -25 -49 -50 -48 52 -31 -11 -55 -56 57 -5 -37 60 -4 -21
right_child=2 11 5 9 13 14 8 16 23 30 17 12 34 -15 19 28 45 18 41 20 -22 -23 -24 24 25 27 -28 -29 -30 51 -32 -33 -34 -35 35 36 -38 -39 39 -41 -42 -43 -44 -45 -46 -47 50 48 49 -51 -52 -53 -54 54 55 -57 -58 -59 -60 -61 -62 -63
leaf_value=-1.6028354853755653e-05 -3.2444225400624763e-05 -4.3868748686200588e-05 -3.941318124599009e-05 4.9734096572318874e-06 -0.00022261703886397111 9.1075625390593402e-05 5.3814421744668834e-06 -2.0540987088641642e-05 5.3814421744668834e-06 1.5299619433706185e-05 3.9793724431173872e-05 -9.7477482271920033e-06 -1.0660835560033194e-05 -0.00055648822740188449 0.00020004648164069665 -2.0372242132959785e-06 9.1075625390593402e-05 5.3814421744668834e-06 1.8905264034928564e-05 3.9793724431173872e-05 9.8859033037260515e-06 0.00032027046225657378 -2.0123054382676347e-06 5.3814421744668834e-06 -2.7804324527205134e-05 -0.00018919635833977559 -0.00014622829266846911 -0.00049426778970465643 -8.3348220830824908e-06 2.0081448670594468e-05 2.6306745708754629e-05 7.0200149110703788e-07 3.7399755590450158e-05 5.3814421744668834e-06 -1.0541124649959259e-05 -0.00014608966899349454 -4.3708407021267753e-05 -0.00025537121535770525 -0.00021855544337984114 -2.0705753097074251e-05 2.7457611972507546e-05 3.96713790112947e-05 -2.0372242132959785e-06 -2.5129283752417883e-05 -1.6247601088200632e-05 8.3742259335830926e-06 -1.2127668038173256e-05 -2.1419544811942525e-05 -0.00016572877976282099 5.3814421744668834e-06 5.3814421744668834e-06 5.3814421744668834e-06 3.9793724431173872e-05 -2.0372242132959785e-06 0.0003174481563499264 7.555727031254273e-05 -2.0372242132959785e-06 1.8555912600506057e-05 -0.00039400459520212949 -0.0001099435349654054 9.8859033037260515e-06 8.5421322982399703e-05
leaf_weight=85699.043334960938 918.1173095703125 20521.652466773987 22698.180890440941 167233.58917808533 270.85516762733459 972.54171752929688 225580.964181602 8492.4508910179138 83358.77880859375 93201.605134963989 22300.181238174438 127780.25947713852 137819.37339639664 253.06829428672791 403.29631614685059 917412.88293671608 441.36846542358398 130647.0751529932 53350.211865663528 39536.020689725876 15868.964607477188 245.73269653320312 318317.54611206055 8157.6338136196136 412.752212703228 356.72027730941772 1379.0123696327209 178.1240119934082 278255.22325575352 66928.060196220875 41862.53662109375 59694.346082687378 8789.0841178894043 4196.8688277602196 45107.31606054306 258.27133691310883 535.81949853897095 211.50423419475555 425.51125621795654 492.8742036819458 14757.092434048653 22253.084350585938 116394.1408996582 89308.311777591705 14091.483519554138 37507.062240600586 33179.418215036392 1360.6517009735107 2054.3924407958984 375.96300888061523 47662.890839099884 5516.2900981903076 11550.060147762299 2101.3593152761459 390.08504629135132 1364.7813616991043 47915.016906738281 58853.243890762329 151.54551708698273 970.03294372558594 3747.9779039621353 2645.7050576210022
leaf_count=69700 572 13606 14944 110471 107 454 154217 5739 52445 60527 13862 88106 89312 100 196 645144 193 88575 32309 23374 8879 113 218782 4927 256 206 727 97 190557 41456 30526 40679 5217 2160 28761 153 313 131 201 250 10228 14304 77822 56931 10777 29050 21323 782 1087 198 30501 3278 7255 1266 183 757 35434 36620 103 517 2069 1461
internal_value=1.01158e-08 -3.10748e-06 9.30245e-06 -8.13251e-07 -0.000161032 9.58226e-06 7.77444e-06 -1.15549e-05 9.71571e-06 4.90122e-06 1.29099e-05 -1.17209e-05 -1.03222e-05 -0.000385388 3.44035e-05 -4.34055e-06 2.04826e-06 1.79628e-05 1.39674e-05 3.22448e-05 3.10722e-05 0.000137755 1.84359e-06 -9.41274e-08 -6.99112e-06 -5.13013e-05 -3.04278e-05 -0.00029226 -3.50281e-06 2.65999e-05 1.40197e-05 1.0738e-05 8.5487e-06 2.74211e-06 -1.57811e-05 -2.09941e-05 -0.000128771 -0.000105476 -2.95518e-05 -0.00011265 6.80428e-06 2.50185e-05 -4.34055e-06 -2.0234e-05 -3.26254e-05 9.8859e-06 -3.77395e-06 -2.49775e-05 -9.17493e-05 -0.000131074 -6.39486e-07 2.1919e-05 2.4644e-05 1.69104e-05 5.58137e-05 0.000129627 6.32311e-06 8.50924e-06 -0.000239234 -3.50518e-05 -3.22967e-05 3.97937e-05
internal_weight=3.50472e+06 2.62427e+06 880447 2.0723e+06 1442.04 879005 819332 74775.5 744557 790934 561672 551968 517355 523.923 59672.3 1.28137e+06 47359.3 336091 229797 58454 58050.7 1218.27 592319 182885 99525.9 6734.98 6200.14 534.844 1.19567e+06 106295 198615 156752 154193 4821.13 273181 135361 945.636 624.256 9410.84 918.385 145404 75603.3 244174 134416 34613.1 37948.4 92791 11948.6 3791.01 2430.36 80842.3 83994.4 78478.1 97057.8 3856.23 1754.87 274002 226087 409.817 27416.2 26446.2 42181.7
internal_count=2380290 1806530 573760 1440646 779 572981 538504 52963 485541 535245 370701 365884 341501 207 34477 905401 35433 216484 150633 33910 33714 567 401307 114840 62395 3577 3274 303 835701 65851 133938 103412 104020 2547 175573 86261 569 387 6190 451 98803 46613 165928 85692 24383 29243 58818 6994 2067 1285 51824 51989 48711 62733 2206 940 182525 147091 256 17530 17013 24835
is_linear=0
shrinkage=0.05


Tree=15
num_leaves=63
num_cat=0
split_feature=217 52 53 53 52 370 17 51 359 51 220 51 52 213 368 183 52 53 359 278 48 361 25 197 237 265 203 258 337 207 359 359 51 345 212 167 189 371 17 50 49 334 109 174 204 276 198 359 368 343 43 35 203 220 279 190 51 208 292 213 217 309
split_gain=0.0383555 0.0198153 0.0166179 0.0143816 0.0103794 0.00995401 0.0118638 0.00852853 0.0081277 0.00805174 0.00630564 0.00515575 0.00455798 0.0044849 0.00416558 0.0103265 0.00404648 0.00372768 0.00368985 0.00358958 0.0035465 0.00451474 0.00405409 0.003799 0.00316296 0.00315509 0.00312344 0.00336052 0.00508967 0.00293541 0.00266996 0.00297669 0.00266283 0.0023725 0.00230512 0.00214881 0.00319071 0.00333996 0.00787009 0.00212379 0.00203563 0.00201444 0.00300277 0.00453028 0.00208189 0.00199055 0.00186895 0.00185093 0.00177066 0.00283723 0.00215112 0.00176767 0.00210202 0.00163718 0.00208858 0.00333393 0.00162196 0.00161951 0.00161772 0.00160661 0.0014757 0.00146504
threshold=6.2011029513087137e-05 0.00049553561257198464 1.0000000180025095e-35 0.00030776848143432295 1.0000000180025095e-35 1.0000000180025095e-35 0.004197942093014718 2.0691781173809435e-05 6.2555961903854049e-06 0.00045560678699985152 0.00016858715389389547 0.00019260468252468857 1.0000000180025095e-35 0.0011706505320034923 -0.0014870744780637322 0.066237289458513274 1.0000000180025095e-35 0.00070785294519737374 -7.0948997290543039e-06 0.33952456712722784 0.35680325329303747 0.0017668316140770914 0.0084002786315977591 0.0022078531328588728 -0.39327713847160334 0.00066308685927651833 0.00029260781593620783 0.42481917142868048 -0.087388847023248659 0.0017535733641125264 -5.1023312153120051e-06 -8.362585504073648e-06 2.4350197236344687e-05 1.0000000180025095e-35 3.5993618439533755e-05 -0.0042410206515341988 0.022084534168243412 2.181586296501337e-06 0.00017042016406776386 0.00073078912100754689 0.084541145712137236 0.20742019265890124 130.16275787353518 0.028960372321307663 7.1154270699480562e-05 0.71999749541282665 0.0041152420453727254 -3.6426183669391317e-06 -0.00081236037658527483 0.0061477937269955882 0.00078653322998434316 -0.020513469353318211 0.00048467548913322395 0.00014241169992601502 0.22000940144062045 0.066432520747184767 2.0691781173809435e-05 0.0019759229617193346 0.00041841354686766868 8.1179445260204388e-05 1.1661664757411929e-05 0.0085680084303021448
decision_type=2 2 2 2 2 2 2 2 2 2 2 2 2 2 2 2 2 2 2 2 2 2 2 2 2 2 2 2 2 2 2 2 2 2 2 2 2 2 2 2 2 2 10 2 2 2 2 2 2 2 10 10 2 2 2 2 2 2 2 2 2 2
left_child=2 3 8 4 31 6 -5 59 16 13 12 30 45 39 15 -15 -1 -11 -12 -9 23 -22 24 29 -23 33 27 -25 -29 -16 -7 -2 -20 -10 60 57 -37 48 -39 53 -21 61 44 -44 -43 -4 -46 51 49 -38 -50 52 -13 -3 55 58 -33 -34 -49 -6 -18 -31
right_child=1 9 10 5 7 11 -8 19 25 17 18 47 -14 14 20 -17 34 -19 32 40 21 22 -24 26 -26 -27 -28 28 -30 41 -32 56 35 -35 -36 36 37 38 -40 -41 -42 42 43 -45 46 -47 -48 54 50 -51 -52 -53 -54 -55 -56 -57 -58 -59 -60 -61 -62 -63
leaf_value=-4.4528544369627915e-06 -1.0763803586223717e-05 2.6162014563308917e-05 -8.3433611890434513e-06 -0.00056025448236849459 1.2715593340333989e-05 -1.91038479168817e-05 -2.147610602398558e-05 1.2561967024345693e-05 1.7352380477418842e-06 1.3730263474446615e-05 -4.0044151320810223e-05 -4.6634114240681613e-05 -2.2649465909079553e-06 3.7042562853262095e-05 3.867739829568335e-05 0.00040731098166122348 8.4591436828758203e-07 -1.5325620852055001e-05 -7.9687692635260556e-06 1.2715593340333989e-05 1.6290660690055855e-05 0.00014117100320217078 5.4236813016107549e-05 3.9936780958701108e-05 0.0003874060115699018 2.4083616880441127e-05 1.6290660690055855e-05 3.9936780958701108e-05 0.00032360727190484809 8.16652614522101e-05 5.2008527998046654e-07 4.5708844137026941e-06 -7.9687692635260556e-06 2.4083616880441127e-05 -1.5809609676075117e-06 -1.9899496733020907e-05 -2.1682195159980705e-05 -0.00044978206950050466 -7.3046722172641883e-05 3.4300497445154946e-05 1.0677792268665427e-06 0.00022736385562002645 7.0088955008780983e-05 0.00033553275675230138 4.6547359397646721e-05 -1.6582578211850878e-05 0.00020788915936271386 -1.8610654807044158e-05 -4.9992540373506777e-05 -0.00025448445259417879 -7.9687692635260556e-06 -3.4695535892874617e-05 -0.00022538325407957073 1.6290660690055855e-05 -1.5325620852055001e-05 -0.00021072347769844331 5.2008527998046654e-07 -6.9345954987817389e-05 -7.0744680748243202e-05 1.6290660690055855e-05 1.0779419071951985e-05 1.6290660690055855e-05
leaf_weight=692057.51801091433 53257.911376953125 44279.523376464844 204736.94532775879 177.16506695747375 121639.51267242432 14365.886840820312 238.15838885307312 97486.676025390625 57330.978540956974 28389.45849609375 16526.028198242188 409.68880152702332 225113.47196960449 626.66650390625 17291.779668092728 267.47787475585938 63253.420089066029 18058.360473632812 75696.415915489197 37508.239303588867 347.56945586204529 249.34885305166245 357.7623827457428 1805.0994063019753 279.80832201242447 36869.625030517578 8520.9196166992188 303.54638695716858 295.47479194402695 1255.0544630885124 108199.90755009651 326353.62592828274 33814.889797210693 11915.824529111385 182307.44271850586 93284.672493934631 286.39461445808411 162.09592509269714 901.30750453472137 25401.540985107422 186477.5704498291 217.67813742160797 316.8159122467041 327.08232879638672 1638.3254290223122 114200.16003417969 199.94585573673248 4557.3349452018738 7609.237192928791 239.6517927646637 3751.3464823365211 7107.1862108707428 274.34154033660889 43372.102020263672 56634.505548477173 281.42898559570312 203928.97590124607 1079.6136474609375 2208.9473297595978 176821.38537597656 91432.126831054688 766.37703323364258
leaf_count=484312 41889 28356 143666 73 84263 9683 160 64188 47866 16696 11622 211 150636 325 10412 105 44716 10349 51145 22075 163 99 158 1059 107 28360 4462 175 168 740 70744 226593 21379 8112 122804 60493 153 67 548 15277 121496 135 209 204 907 79390 86 2802 4699 131 2182 4207 123 26901 35177 154 137568 632 1326 114224 62703 504
internal_value=9.45913e-09 5.74144e-06 -4.76326e-06 3.66065e-06 5.69921e-06 -8.95583e-06 -0.000252887 1.02043e-05 -9.06322e-07 2.06913e-05 -1.03952e-05 -8.43112e-06 -7.44597e-06 2.64165e-05 4.20384e-05 0.000148468 -2.26495e-06 4.55345e-06 -1.7271e-05 4.55345e-06 3.92451e-05 0.00012239 0.000184685 3.61217e-05 0.000272344 1.22686e-05 1.62907e-05 7.4084e-05 0.000176508 4.8226e-05 -2.20718e-06 9.13187e-07 -1.55349e-05 5.97726e-06 2.2282e-06 -1.95929e-05 -2.31289e-05 -4.63848e-05 -0.00013121 2.15702e-05 1.06778e-06 8.31666e-05 0.000111422 0.000205548 8.17717e-05 -1.12936e-05 6.43031e-05 -1.91038e-05 -3.87755e-05 -0.000128302 -3.46081e-05 -4.21057e-05 -0.000118772 1.78802e-05 -1.62885e-05 -4.26954e-05 1.06778e-06 -8.82724e-06 -3.56464e-05 1.62907e-05 6.71751e-06 4.53555e-05
internal_weight=3.50507e+06 1.5925e+06 1.91257e+06 1.39793e+06 1.20347e+06 194455 415.323 619933 1.13517e+06 194568 777402 194039 544051 148120 35066.7 894.144 1.02905e+06 46447.8 233352 321472 34172.6 1234.49 886.92 32938.1 529.157 106116 10925 2404.12 599.021 22013.1 122566 583541 216826 69246.8 336993 141129 106235 12950 1063.4 113053 223986 4721.28 2699.85 643.898 2055.95 318937 1838.27 71473.4 11886.6 526.046 11360.6 7791.22 684.03 87651.6 63682.2 7047.71 530283 34894.5 6766.28 298461 154686 2021.43
internal_count=2380169 1054553 1325616 936956 812296 124660 233 406246 798873 117597 526743 124427 373692 90552 20018 430 714535 27045 153051 207759 19588 527 364 19061 206 84338 5864 1402 343 13197 80427 406050 141429 55978 230223 90284 68273 7780 615 70534 143571 2785 1541 413 1128 223056 993 44000 7165 284 6881 4541 334 55257 39459 4282 364161 22011 4128 198487 107419 1244
is_linear=0
shrinkage=0.05


Tree=16
num_leaves=63
num_cat=0
split_feature=154 327 359 52 59 217 53 52 52 16 108 56 358 372 35 238 18 374 51 51 205 371 303 27 349 356 358 226 225 200 207 238 259 266 46 358 374 192 199 15 42 56 271 22 207 357 374 297 180 281 49 344 49 358 183 339 347 14 372 312 46 292
split_gain=0.035543 0.0174361 0.015491 0.0152949 0.0108042 0.0092258 0.00893694 0.00803234 0.00741003 0.00705117 0.00543646 0.00486364 0.00476674 0.00615043 0.00522316 0.00571574 0.00460884 0.00457346 0.00456597 0.00430809 0.00492848 0.00429069 0.00427852 0.00413069 0.0040338 0.00566685 0.00517548 0.00384167 0.00348778 0.00348661 0.00469116 0.00342065 0.00337919 0.00414529 0.00354008 0.00344502 0.00378699 0.00325624 0.00406674 0.00354617 0.00337335 0.003213 0.00319176 0.00313609 0.00428249 0.00300578 0.00297443 0.00297351 0.00286334 0.00282117 0.00300461 0.00277445 0.00269605 0.00362275 0.0035331 0.00341963 0.00320217 0.00313231 0.00737536 0.00411489 0.00355862 0.00356007
threshold=0.00024968733487185096 -0.0010335529223084448 -5.1023312153120051e-06 1.0000000180025095e-35 1.0000000180025095e-35 0.00014898629160597923 0.00036934527452103799 0.00086182623635977517 6.2941431679064421e-05 0.0047107455320656308 82.862415313720717 1.0000000180025095e-35 -0.72443604469299305 -0.00020388035773066801 0.057339871302247054 -0.30428667366504664 0.0047523705288767823 1.0000000180025095e-35 3.1566811230732135e-05 6.1242702940944596e-05 3.4125932870665572e-05 1.3143612704880072e-06 0.0033779022051021461 0.032325912266969688 0.0088464738801121729 0.10259755700826646 -0.086091008037328706 -1.0000000180025095e-35 -0.13051787763833997 0.0013601399841718378 0.00082732288865372549 -0.29002551734447474 0.64380618929862987 -0.0060288370586931697 0.014920451212674381 0.079034358263015761 0.0066971625201404103 -0.01857874076813459 0.00079694067244417976 0.042241508141160018 0.0028288435423746709 1.0000000180025095e-35 -0.019072258844971653 0.0025037551531568174 0.0024983378825709228 -1.0106157064437864 0.0021490912185981874 0.010205000638961794 -0.00093115278286859382 0.2333004027605057 0.44552682340145117 0.018643922172486786 0.32552051544189459 -0.50051885843276966 -0.060116568580269807 0.73956677317619335 -0.069993671029806123 0.014285762794315817 -0.0007741635781712829 -0.01290202187374234 -0.0056066131219267836 2.2031823396682744
decision_type=2 2 2 2 2 2 2 2 2 2 2 2 2 2 10 2 2 2 2 2 2 2 2 10 2 2 2 2 2 2 2 2 2 2 2 2 2 2 2 2 10 2 2 2 2 2 2 2 2 2 2 2 2 2 2 2 2 2 2 2 2 2
left_child=1 5 9 47 8 10 7 22 19 37 29 -10 13 14 -9 16 -16 -7 -6 20 -4 27 41 42 49 -26 -27 -11 -24 30 32 -31 34 -34 52 36 -36 38 -3 40 -39 -5 -12 -42 -45 -23 -32 -2 51 50 -19 -37 57 54 56 -55 -54 -1 -59 -60 -61 -62
right_child=3 2 4 6 18 17 -8 12 11 21 23 -13 -14 -15 15 -17 -18 24 -20 -21 -22 45 28 -25 25 26 -28 -29 -30 31 46 -33 33 -35 35 48 -38 39 -40 -41 43 -43 -44 44 -46 -47 -48 -49 -50 -51 -52 -53 53 55 -56 -57 -58 58 59 60 61 -63
leaf_value=9.3935137808918439e-06 1.0614120585132471e-06 -4.5993856580361158e-05 -6.3728797472060932e-06 7.2353192170348043e-06 -5.4474599408129008e-06 -0.000189951705864843 1.0614120585132471e-06 2.4849966152851986e-05 1.3261831413850487e-06 -2.1303718116309831e-05 -0.00018446437811714443 1.5079172244261371e-05 3.0343073074598619e-05 0.00035218634329578296 0.00040100612812601097 5.0690374274932645e-05 0.00012989450612337634 4.2938699183445103e-06 -1.5948662388799417e-05 -8.7519011838956498e-06 8.6954713871155934e-07 0.00016131601702222304 7.1507501276162226e-06 -6.4357611247406972e-05 3.8654096285213268e-05 0.00036471299862938248 0.00010280956094344646 7.2248186083662253e-06 2.4849966152851986e-05 5.1462475104732082e-05 0.00019705366307863284 -0.00012696346352534537 0.00032252728492829176 5.191445713385588e-05 2.0419683065977382e-05 -0.00019125159927245265 -0.00016762947312049491 9.1638301528141057e-06 -0.00019464757737204999 -0.000106988596010323 -7.1369397654338156e-05 1.7761696591840804e-05 -5.1736600429315057e-06 -2.5272844075618788e-05 0.00016293305651578289 -4.8035645062608401e-05 4.2924231870265939e-05 -1.9378300901004786e-05 5.191445713385588e-05 2.291054018738978e-05 -0.00010002781352164811 -4.9809251765818666e-05 -0.00021212700343137053 1.7265974804151707e-05 8.6664163140153146e-06 5.191445713385588e-05 -3.030675633904932e-05 -0.00027750229904475077 5.191445713385588e-05 -5.8405626469034032e-05 8.2135818611167522e-06 -0.00017265798274268841
leaf_weight=93365.072164297104 453860.01043701172 13929.664123535156 381541.62189155817 217112.07229483128 202757.62790375948 243.69461441040039 82752.771057128906 2107.9949179291725 256507.87669450045 17581.994802117348 247.34720230102539 85781.40126055479 47802.817443847656 208.53709238767624 300.97156769037247 675.71199268102646 330.79742980003357 2601.8243578076363 211482.89556884766 299942.5452144146 611176.58092498779 173.76510620117188 30604.572143554688 3201.7396240234375 12097.443194806576 217.80207633972168 1356.7037010192871 35876.201706290245 81609.365905761719 382.97924703359604 516.0792048573494 890.39941507577896 175.23144459724426 707.82005643844604 2360.9476517438889 706.88469809293747 299.9361777305603 7130.3067812919617 474.0455322265625 1293.115608215332 3759.2336432337761 108832.53958261013 55537.165218353271 62763.318010151386 301.74895095825195 7129.6009750366211 794.65027397871017 17791.418212890625 283.52893590927124 46846.989061117172 937.33803844451904 682.30283254384995 367.90229374170303 11803.658610641956 4183.0540466308594 7319.3088970184326 703.60930293798447 264.24531745910645 1580.8371052742004 4236.1805664896965 6277.1555068492889 282.3770477771759
leaf_count=56468 317439 9394 272978 144486 141318 99 50664 1184 169736 14577 147 56453 29467 111 115 294 145 1561 138314 204703 422976 97 19299 2280 6985 81 685 30569 53192 205 225 423 78 369 1254 338 130 4759 220 643 2428 71265 36376 45807 142 5285 408 11704 156 28232 499 407 180 8260 2813 4426 340 175 881 2465 3303 156
internal_value=-2.46504e-09 -3.28179e-06 -4.73281e-06 7.72813e-06 -3.59599e-06 8.92469e-06 1.3222e-05 1.58435e-05 -1.76852e-06 -2.02204e-05 3.56107e-06 4.7729e-06 3.45371e-05 8.98113e-05 7.35949e-05 0.000152026 0.000259909 2.53707e-05 -1.08087e-05 -3.50066e-06 -1.91402e-06 -7.07016e-06 1.36493e-05 -9.14625e-06 2.61957e-05 5.02814e-05 0.000139456 -2.15845e-06 2.207e-05 8.98546e-06 9.75187e-06 -7.33038e-05 8.8411e-06 0.000106222 8.20121e-06 -3.62469e-05 -8.87294e-07 -2.91326e-05 -5.09126e-05 -2.49623e-05 -2.35252e-05 1.07502e-05 -5.97522e-06 -2.70134e-05 -2.43672e-05 -4.30119e-05 0.000103818 1.06141e-06 -9.24271e-05 1.96585e-05 -2.33763e-05 -0.000121953 9.67908e-06 2.46716e-05 -1.20956e-05 3.47746e-05 -9.30134e-05 6.23094e-06 -1.71256e-05 -1.15225e-05 -2.26955e-05 3.77106e-07
internal_weight=3.50507e+06 2.46108e+06 2.1996e+06 1.04399e+06 2.04919e+06 261472 572338 489585 1.63495e+06 150413 197170 342289 51426.8 3624.01 3415.48 1307.48 631.769 64301.8 414241 1.29266e+06 992718 60761.6 438159 58986.3 64058.1 13671.9 1574.51 53458.2 112214 138184 136911 1273.38 135600 883.052 134717 4333.6 2660.88 89651.4 14403.7 75247.7 73954.6 325945 55784.5 66824.3 63065.1 7303.37 1310.73 471651 1672.72 50386.2 3539.16 1389.19 130383 24377.5 5254.57 19123 1071.51 106006 12640.8 12376.6 10795.7 6559.53
internal_count=2380169 1680804 1520399 699365 1406478 160405 370222 319558 1126846 113921 122263 226189 31316 1849 1738 554 260 38142 279632 900657 695954 50528 288242 38803 38043 7751 766 45146 72491 83460 82832 628 82199 447 81752 2285 1384 63393 9614 53779 53136 215751 36523 48377 45949 5382 633 329143 901 30292 2060 745 79467 16019 3333 12686 520 63448 6980 6805 5924 3459
is_linear=0
shrinkage=0.05


Tree=17
num_leaves=63
num_cat=0
split_feature=219 51 53 219 276 359 327 13 278 36 276 357 0 28 176 219 372 200 14 203 37 327 57 327 238 204 344 355 333 361 327 178 1 345 192 189 372 174 2 174 203 292 200 361 207 48 357 328 355 364 292 131 47 219 372 348 196 208 205 16 205 205
split_gain=0.033257 0.0183051 0.0148587 0.0101197 0.0090671 0.00788674 0.00641053 0.00655935 0.0097744 0.00619551 0.00613334 0.00610993 0.00645546 0.00749934 0.00830469 0.00640669 0.00619365 0.00789883 0.00622325 0.00609627 0.00594227 0.00565235 0.00563614 0.00634922 0.00549101 0.00486026 0.00485305 0.00473964 0.00444465 0.00570138 0.00442725 0.00413709 0.00387895 0.00380513 0.00377055 0.00486696 0.00469449 0.00479691 0.00386817 0.00518653 0.00398623 0.00393626 0.00365842 0.00360857 0.00365998 0.00645763 0.00344236 0.00350644 0.0034101 0.00473442 0.00481491 0.00332168 0.0033047 0.00325916 0.00320186 0.00537904 0.00361733 0.00315552 0.00391809 0.0031227 0.0031199 0.00421764
threshold=0.00010572653263807298 0.00011527320020832123 1.0000000180025095e-35 0.00065103455563075851 0.72000274062156688 6.2032989944782468e-07 0.0037913726409897213 0.047397440299391753 0.55834475159645092 0.0052968494128435859 0.14000273495912555 -0.019853050820529457 -0.01091334782540798 0.06516027078032495 0.011941653210669758 0.00089452622341923427 2.7350732125341896e-05 0.00043936062138527637 -0.043042572215199464 0.00036616421130020177 0.003402745933271945 -0.0017679880838841198 1.0000000180025095e-35 0.0037913726409897213 -0.82367992401123036 0.0002804223913699389 0.047739930450916297 -0.081361096352338777 0.28201898932456976 0.005041347350925208 -0.0024367637233808632 0.0396326631307602 0.059633491560816772 -0.1138225458562374 0.022734441794455055 0.0096357292495667952 -0.0014910081517882643 0.034355461597442634 -0.015592113602906464 0.028960372321307663 0.00030192696431186056 0.93855509161949169 0.00043936062138527637 0.0069481215905398139 0.0014015666674822571 0.06488205119967462 0.19086907804012301 0.075831744819879546 -0.076903719455003725 -0.0003057947324123233 0.094171959906816496 -1.0000000180025095e-35 0.059338480234146125 0.00098572392016649268 -0.00063836525077931572 -0.11325901746749877 0.0025654446799308066 0.0019759229617193346 0.0016088320408016445 0.0049360706470906743 3.9564296457683674e-05 2.5371427000209227e-05
decision_type=2 2 2 2 2 2 2 2 2 8 2 2 2 8 2 2 2 2 2 2 10 2 2 2 2 2 2 2 2 2 2 2 2 2 2 2 2 2 2 2 2 2 2 2 2 2 2 2 2 2 2 8 2 2 2 2 2 2 2 2 2 2
left_child=2 3 10 21 22 6 11 28 24 32 59 15 57 16 27 31 18 -18 19 -14 -19 -2 23 60 -9 -21 -26 -15 29 -8 -20 54 -6 -28 -5 -36 37 -37 39 41 43 -38 -43 44 -40 -46 47 -16 49 50 -34 53 -32 -7 55 56 -3 -13 -59 -1 -4 -12
right_child=1 5 4 34 9 51 7 8 -10 -11 61 12 13 14 46 -17 17 20 30 25 -22 -23 -24 -25 26 -27 33 -29 -30 -31 52 -33 48 -35 35 36 38 -39 40 -41 -42 42 -44 -45 45 -47 -48 -49 -50 -51 -52 -53 -54 -55 -56 -57 -58 58 -60 -61 -62 -63
leaf_value=4.0412182349141021e-06 4.0957559343089086e-05 -6.8311763496917182e-05 -9.2770849484165663e-06 2.7070258980102612e-05 -1.0030919743271594e-05 9.3204854013564711e-06 -3.6549375122699483e-05 -0.00031747980090739343 -0.0004729062230367072 -2.8314454509579794e-05 -7.1085122816881395e-06 9.9572253899802846e-06 -2.8463300666488649e-05 9.9572253899802846e-06 -0.00015620758618889991 2.7070258980102612e-05 -2.0481071543312042e-05 -0.00020729647275205033 2.7070258980102612e-05 2.9542683085688466e-06 9.9572253899802846e-06 9.9572253899802846e-06 -1.2136567438120865e-05 -0.00032058205006898485 9.9572253899802846e-06 -0.00019359396764885098 -0.00027184074808932494 -0.00010122379522111921 9.9572253899802846e-06 -0.0002332776823581369 -1.3295523639402767e-05 -4.5594873700324739e-05 -5.2869183054170615e-05 -2.2883074911676682e-05 0.00027979453970094847 6.4280393600780266e-05 2.7070258980102612e-05 0.00034141417900603727 6.9302128637418854e-05 0.00018986834422034856 2.7070258980102612e-05 4.5037834554957363e-05 0.00027511896729626027 2.7070258980102612e-05 0.00043710361408174562 0.00010519122817305172 -2.6526945907318893e-05 -0.00037829275384031256 -1.368703178365344e-05 -1.069762824074308e-05 -0.00018410325039366985 -9.7034213073694925e-05 6.935001444616481e-06 2.7070258980102612e-05 4.8012755977609765e-06 -7.8719848123332208e-06 -0.00024935407123219763 -2.795800273870811e-05 -0.00026706520385693901 1.7116091874293926e-05 -1.5448633038668489e-06 1.1821248649142394e-07
leaf_weight=247615.9493304491 14702.227142333984 1540.7755984067917 130459.92492330074 78589.360778808594 281201.16612243652 57755.132259368896 1762.6446207165718 232.04548096656799 190.85855758190155 63742.667053222656 262243.83361816406 21075.211841106415 4073.8224201202393 868.32294112443924 362.08776193857193 21640.992919921875 2982.5294246673584 1281.3989220261574 3497.14501953125 424.40590047836304 352.57284158468246 531237.7483215332 172302.32413160801 154.01533889770508 666.12617576122284 1212.2347016334534 332.8771345615387 1378.839006125927 2886.4824147224426 463.91974800825119 109746.03490567207 4841.1199340820312 1507.7675775885582 284.0839536190033 220.27482724189758 384.51308822631836 2201.3151508569717 262.28276443481445 4783.6062181591988 925.55377197265625 10016.005347430706 352.42806255817413 338.70218658447266 3741.8885440826416 190.74296098947525 620.20813459157944 187.91955983638763 356.42895942926407 5037.9838070869446 1841.0380165576935 1304.6260803341866 830.10951805114746 24734.828271150589 14852.347944259644 90333.895355224609 9047.18419277668 334.9206657409668 685.00283813476562 226.72958374023438 55991.133056640625 374338.69767284393 877316.31726074219
leaf_count=172255 8633 873 92084 49119 188188 35631 952 108 108 47659 188221 13685 2445 442 197 12698 1622 627 2119 224 160 348889 115548 77 316 531 169 740 1591 257 69715 2848 1003 150 124 181 992 104 2640 364 5731 179 140 2667 97 318 102 211 3043 1073 791 393 15621 7979 57249 5858 189 382 92 44375 255453 613937
internal_value=3.62889e-09 7.55343e-06 -3.13826e-06 1.26652e-05 -7.71978e-06 -1.13817e-06 -4.75589e-06 -5.26883e-05 -0.000137526 -1.41967e-05 1.3761e-07 -3.67032e-06 -9.78183e-06 -1.35533e-05 -8.98265e-05 4.62799e-06 -1.19302e-05 -6.89238e-05 -1.00982e-05 -6.12381e-05 -0.000157214 9.95723e-06 -4.32818e-06 -1.66373e-06 -9.47108e-05 -0.000142685 -5.39917e-05 -3.82161e-05 -2.43392e-05 -7.77116e-05 -7.98082e-06 -4.49871e-07 -1.1103e-05 -0.000157651 2.70703e-05 4.68738e-05 4.46963e-05 0.000177367 4.09779e-05 8.69632e-05 3.18975e-05 5.39261e-05 0.000158262 6.0471e-05 8.60086e-05 0.000184143 -0.000217409 -0.00026712 -4.22011e-05 -7.30524e-05 -0.000113834 9.95723e-06 -9.57451e-06 9.95723e-06 1.70938e-06 -2.38572e-05 -0.000100869 9.95723e-06 -8.78736e-05 6.45258e-06 -1.56515e-06 -1.54486e-06
internal_weight=3.50507e+06 1.03001e+06 2.47506e+06 648567 1.03189e+06 381441 308003 6819.04 1705.99 354635 1.44317e+06 301184 173446 151459 3153.6 127739 148305 4616.5 143688 5710.46 1633.97 545940 677255 504953 1515.13 1636.64 1283.09 2247.16 5113.05 2226.56 137978 106098 290893 616.961 102627 24037.5 23817.2 646.796 23170.5 3818 19352.5 2892.45 691.13 9336.45 5594.56 810.951 906.436 718.517 9691.42 4653.43 2812.39 73437.6 134481 72607.5 101257 10922.9 1875.7 21986.9 911.732 303607 504799 1.13956e+06
internal_count=2380169 656462 1723707 420178 704919 236284 192281 3651 851 241757 1018788 188630 108915 94756 1692 79715 93064 2409 90655 3200 787 357522 463162 347614 743 755 635 1182 2800 1209 87455 67017 194098 319 62656 13537 13413 285 13128 1675 11453 1311 319 5722 3055 415 510 408 5910 2867 1794 44003 85336 43610 64169 6920 1062 14159 474 216630 347537 802158
is_linear=0
shrinkage=0.05


Tree=18
num_leaves=63
num_cat=0
split_feature=217 276 53 374 198 219 52 109 207 327 53 214 218 278 173 87 213 372 218 218 364 340 371 45 33 354 33 187 46 19 27 370 20 109 213 203 49 212 52 327 333 343 315 20 109 191 226 356 45 46 226 41 49 46 366 202 38 183 360 109 355 353
split_gain=0.0308454 0.0187551 0.0151663 0.0135967 0.0131245 0.0108043 0.0107761 0.0091476 0.00937902 0.00757896 0.00938278 0.00584444 0.005601 0.00539297 0.00479698 0.00456051 0.00438123 0.00468078 0.00422008 0.00418843 0.0041625 0.00413321 0.00396626 0.0049164 0.00359595 0.00334818 0.00395141 0.00330489 0.00312748 0.00349559 0.00303173 0.00725744 0.00511981 0.00471244 0.00300284 0.00300016 0.0029705 0.00282916 0.00298823 0.00277355 0.00277201 0.00276066 0.00363202 0.0047862 0.00261876 0.00256349 0.00321953 0.00244373 0.00239037 0.00237507 0.00228736 0.00228423 0.0022392 0.00221808 0.004979 0.00340958 0.00410523 0.00216867 0.00632392 0.00213253 0.00210353 0.00209551
threshold=0.00020206986664561558 0.15697952359914782 8.8488497567595928e-05 1.0000000180025095e-35 0.0078186104074120539 6.1489186919061481e-05 0.0014851486776024105 14.905007362365724 5.8188003094983294e-05 -0.00095133195281960059 0.00036934527452103799 0.00031318287074100232 0.00064495703554712247 0.12000141665339471 -0.042564585804939263 -0.99181404709815968 0.0010392985423095526 -0.0014910081517882643 2.3411566871800463e-05 4.32310607720865e-05 -0.00077566859545186151 -0.38991203904151911 -5.3913592637400136e-05 0.031251267530024059 0.014988476410508158 -0.14899582415819165 0.079936511814594283 0.052522098645567901 0.0075346636585891255 0.035990886390209205 0.052507678046822555 0.0024006332969293003 0.00077408974175341438 16.598015785217289 4.1650582716101789e-06 0.0010066892718896272 0.052839845418930061 0.00011595644173212351 1.0000000180025095e-35 -0.001588151615578681 0.22239203751087191 0.061080249026417739 -0.043535683304071419 0.0034327091416344051 5.4437077045440683 0.026879886165261272 -1.2526293992996214 -0.016125240363180634 0.011436598375439646 -0.0038372693816199894 -0.28556329011917109 0.00065782363526523124 0.070950523018836989 0.0168658746406436 0.0024195349542424087 0.00037851496017538016 0.001473576470743865 -0.027610198594629761 -0.00041295419214293355 120.02148056030275 0.17047213017940524 -0.36473898589611048
decision_type=2 2 2 2 2 2 2 8 2 2 2 2 2 2 2 10 2 2 2 2 2 2 2 10 10 2 10 2 2 2 10 2 2 10 2 2 2 2 2 2 2 2 2 2 8 2 2 2 10 2 2 8 2 2 2 2 10 2 2 10 2 2
left_child=1 7 5 4 -2 18 9 8 51 -5 13 -4 53 24 35 -6 19 -18 34 -7 -15 59 23 -16 -11 57 27 47 41 50 44 40 33 -33 -3 -8 -29 38 -22 -21 -32 -10 43 -43 -23 -19 -47 -27 61 -49 -30 -1 -51 -12 -55 -56 -57 58 -9 -13 -38 -48
right_child=3 2 11 6 15 16 14 25 28 10 12 21 -14 20 22 -17 17 45 -20 39 37 30 -24 -25 -26 26 -28 36 29 -31 31 32 -34 -35 -36 -37 60 -39 -40 -41 -42 42 -44 -45 -46 46 48 49 -50 52 -52 -53 -54 54 55 56 -58 -59 -60 -61 -62 -63
leaf_value=1.2621406995568197e-05 -2.5446446987566067e-05 -7.3777519070295412e-06 -8.3815851981316436e-06 2.467038811709166e-05 -0.00049699601658596804 9.2500792396928708e-06 8.8199153184957693e-05 0.0003062317148070893 2.7788623231295336e-05 1.2680368008403636e-05 -2.872340680282174e-06 -8.4186705715791381e-06 -3.6347864408519667e-05 -2.872340680282174e-06 6.4138708522124693e-05 -0.00019851951831843513 0.00024091562913983243 1.6537524658390044e-05 -7.5056241276639465e-06 2.0575950379604165e-05 5.3457393032570994e-06 -4.0611843718526002e-05 2.79571047126278e-05 0.00035290435880015454 2.79571047126278e-05 1.0099850301834685e-05 0.00015909826363651392 -0.00024874604420910593 0.0001527981965416158 0.00028960761811598271 -0.00010239132955613739 -0.00038675023769015786 -8.2100400344623016e-05 -0.00010306713470205486 4.1598484511255924e-07 0.00028092526564729649 -6.1241452014083883e-05 2.6748530471021031e-06 1.8134355343674122e-05 -1.3955506681224198e-06 -7.5056241276639465e-06 -0.00028469837222137298 1.1811265405201891e-05 -2.6765023754499705e-05 -1.9011782899176882e-05 0.0002797804545387057 0.00023598362073274254 -5.6559901762484353e-06 -7.5056241276639465e-06 -1.4865046349413903e-05 4.3940602292841397e-05 -1.0878165478311636e-06 3.1216321425662407e-05 -2.872340680282174e-06 -2.872340680282174e-06 -0.00038240774885911391 -0.0001127726263726293 6.7888386437223097e-06 2.4979452230036597e-05 -2.5623623764912547e-05 0.00011135714770843875 6.8769755938742733e-05
leaf_weight=52115.578776955605 833.0804443359375 169475.65728497505 352994.46942138672 62417.227777957916 253.13430380821228 193458.28414821625 841.93722534179688 230.32141876220703 71651.940124392509 70933.310554027557 74088.867060661316 65892.203674316406 14931.074096679688 52884.355728149414 528.04644846916199 265.75668740272522 280.53169250488281 5664.7986676692963 623665.93341064453 15152.922760009766 81343.817991495132 22011.045824944973 49956.537366390228 203.1470890045166 30995.861083984375 34343.761903762817 375.39179229736328 194.26715880632401 537.74382126331329 162.54915332794189 820.24818974733353 357.40192747116089 885.87220162153244 250.21181917190552 456448.16357684135 265.13491821289062 1890.3107613921165 119985.21998667717 104183.69352316856 275001.39035129547 1794.0529103279114 229.21602725982666 19197.145599484444 811.91620540618896 38725.597241461277 185.7239785194397 224.95818400382996 194115.26877629757 466.37736320495605 3815.0564693212509 4599.8778628110886 72864.357269287109 8522.3964421749115 1570.2385112643242 275.66105109453201 220.06478440761566 394.75231277942657 120774.80038452148 1433.9233322143555 24785.17822265625 192.85709929466248 1094.7104864120483
leaf_count=36096 516 126046 236066 37076 100 130808 389 135 49883 48036 47395 40478 8753 37611 293 105 140 3505 432263 9111 56087 14513 28700 77 20346 23819 146 95 256 96 465 197 472 125 320742 121 1163 76100 67771 180917 871 106 12532 527 25093 101 122 131037 252 2316 3122 58068 5557 822 157 104 191 83169 1000 17310 99 600
internal_value=9.83103e-09 -2.26484e-06 -4.3431e-06 9.68182e-06 -0.000148604 -2.12443e-06 1.00036e-05 5.68562e-06 1.36884e-05 8.15663e-06 6.28861e-06 -1.19396e-05 -8.33674e-06 9.19513e-06 3.19049e-05 -0.000345477 4.1556e-06 4.10452e-05 -4.5947e-06 3.55152e-06 6.30892e-06 -2.00152e-05 2.96527e-05 0.00014511 1.93431e-05 8.26206e-07 -2.5658e-06 -2.81677e-06 2.53379e-05 6.26792e-05 -2.96542e-05 -7.12193e-05 -0.000159071 -0.000270653 -1.69427e-06 0.000134779 -6.27391e-05 8.65799e-06 1.25274e-05 -2.47984e-07 -2.09487e-05 2.31828e-05 6.87515e-06 -8.39887e-05 -2.68408e-05 3.36417e-05 8.27147e-05 -2.24951e-06 6.19326e-05 -4.30393e-06 5.53895e-05 4.62892e-06 1.69667e-05 -2.87234e-06 -5.03241e-05 -0.00014486 -0.000210212 7.57056e-06 6.42239e-05 -1.31218e-05 -4.5171e-05 9.75879e-05
internal_weight=3.50507e+06 2.83769e+06 2.24964e+06 667371 1351.97 1.74112e+06 666019 588059 222170 614224 551807 508516 91480.7 460326 51794.8 518.891 491530 7917.1 1.24959e+06 483613 358397 155522 50687.7 731.194 101929 365888 243449 243074 97190.4 5300.17 64844.4 4107.79 1493.49 607.614 625924 1107.07 2277.44 305513 185528 290154 2614.3 91890.2 20238.3 1041.13 60736.6 7636.57 1971.77 240796 1786.05 206453 5137.62 124980 12337.5 76549.6 2460.72 890.478 614.817 122439 1664.24 90677.4 2083.17 1319.67
internal_count=2380169 1949419 1540197 430750 721 1204607 430029 409222 160686 400449 363373 335590 57422 305951 29580 205 325556 4720 879051 320836 237569 99524 29070 370 68382 248536 164232 164086 66522 3474 41736 2130 794 322 446788 510 1357 199958 123858 190028 1336 63048 13165 633 39606 4580 1075 162729 974 138910 3378 94164 7873 48669 1274 452 295 84304 1135 57788 1262 722
is_linear=0
shrinkage=0.05


Tree=19
num_leaves=63
num_cat=0
split_feature=154 359 219 371 276 59 26 333 0 357 354 33 276 49 374 48 368 193 359 344 190 356 262 198 16 276 0 205 185 21 108 330 224 278 202 2 192 198 237 215 205 361 16 308 187 278 211 271 188 74 198 361 348 49 3 200 45 223 359 2 38 45
split_gain=0.0284713 0.0142529 0.0135906 0.010472 0.00980181 0.00889642 0.00802351 0.0114981 0.0115493 0.00957511 0.00863081 0.00755766 0.00667809 0.00626519 0.00605015 0.00625959 0.00742555 0.005882 0.00746964 0.00629463 0.010844 0.0061763 0.0081636 0.00571155 0.00554766 0.00548384 0.0052065 0.0079373 0.00796969 0.00514061 0.00503542 0.00492639 0.00539253 0.00534201 0.00483298 0.00478837 0.00527531 0.00487769 0.00484846 0.00478156 0.0047519 0.00692617 0.00447597 0.00445274 0.00439677 0.00439466 0.0043194 0.00428342 0.00427722 0.00427163 0.00598827 0.00463997 0.00455231 0.00453596 0.00722867 0.00424413 0.0058977 0.00544715 0.00422769 0.00417483 0.00408705 0.0071822
threshold=0.00024968733487185096 -5.1023312153120051e-06 0.00065103455563075851 -7.3802766564767794e-08 0.3782114982604981 1.0000000180025095e-35 0.063278455287218108 0.22675308585166934 -0.009948074817657469 0.036679839715361602 -0.0055323371198028317 0.079936511814594283 0.56000173091888439 0.13757362216711047 0.0042053293436765679 0.22214172780513766 -0.0013216417864896355 0.016743349842727188 -3.6426183669391317e-06 -1.0000000180025095e-35 -0.00017326421220786867 -0.77669247984886158 0.0067945043556392202 0.0026788149261847143 0.005141214933246375 0.14000273495912555 0.011476783081889154 0.00079001783160492789 0.047341389581561096 0.013256025500595571 14.595041751861574 0.43189913034439092 -0.15089326351881024 0.16000552475452426 0.0011137441615574064 0.0063143761362880477 0.044609101489186294 0.0042289735283702621 1.5352175831794741 0.00026606881874613469 0.0016088320408016445 0.00086623759125359367 0.0020926787983626132 -0.036202672868967049 -0.0015586118679493664 0.19000899791717532 7.9493718658341108e-05 0.013297896366566421 0.067940708249807372 0.058184577152132995 0.002737420611083508 -0.00037581067590508605 0.0074418911244720229 0.083282947540283217 0.037210972979664809 0.0009051185625139625 0.002211552695371211 -0.0286724679172039 -2.0155122001597189e-05 0.0024123134789988403 0.037302944809198386 0.0035567010054364805
decision_type=2 2 2 2 2 2 8 2 2 2 2 10 2 2 2 2 2 2 2 2 2 2 2 2 2 2 2 2 2 2 2 2 2 2 2 2 2 2 2 2 2 2 2 2 2 2 2 2 2 2 2 2 2 2 2 2 10 2 2 2 10 8
left_child=1 12 3 49 11 25 17 10 9 -9 47 24 59 -13 15 16 -10 18 42 20 -19 22 -21 -23 26 -5 58 -28 -29 43 31 48 33 39 -12 38 37 -37 -25 -33 -32 -42 -6 -22 -14 -15 -27 -8 -4 52 -51 -52 -3 54 -54 -26 -57 -58 -2 -1 -60 -62
right_child=4 2 30 5 6 -7 7 8 14 -11 34 13 44 45 -16 -17 -18 19 -20 21 29 23 -24 35 55 46 27 28 -30 -31 40 32 -34 -35 -36 36 -38 -39 -40 -41 41 -43 -44 -45 -46 -47 -48 -49 -50 50 51 -53 53 -55 -56 56 57 -59 60 -61 61 -63
leaf_value=-6.4625652345441031e-06 -3.0300567967103204e-05 1.661267821411713e-06 2.7484702454111626e-05 3.9147856787485375e-06 -3.3734118611368671e-05 -1.153532583139514e-05 -0.00015044081059467927 3.452373452135856e-05 0.00032171722589847322 0.00032474423292223805 5.2595210208280179e-05 -0.00016373028439783656 -3.8786841836279686e-05 0.00017352769277009604 -0.00030824999009172418 -7.4092731431172162e-05 6.0194132359376597e-06 0.00035348787482600286 3.2510091637697282e-06 -1.2486721757095044e-05 0.00022968538610644947 1.1026672674342386e-05 0.00021585950638453971 -4.3541469216966112e-05 2.3426859832614345e-05 -6.1996780045707845e-06 3.3252785647831757e-05 0.00034671910450572493 -2.7200898006765734e-06 -3.511720348683543e-05 1.5244164452359047e-05 0.00044678256815577867 4.9790313274935306e-05 8.959084295815105e-05 -0.00021642105195577687 6.4364725305064404e-05 -8.727609666696192e-05 0.00038277116197087341 3.6286372310504019e-05 0.00016083886814276854 -0.00021191113754951359 1.6891588356223673e-05 -4.1930324408680329e-06 2.9927998303127135e-05 -1.7268128959818648e-05 5.5571390125071144e-05 7.3105240077430627e-07 -0.00033849007857822655 -0.00018246185463950118 1.6856604644624428e-05 0.00014431381564642865 -8.9830590009466507e-05 3.0783300745836824e-05 8.9973103144409884e-06 0.00019541288775066948 -0.00022978260245436373 0.00014767411974736384 -7.0003407659302827e-05 8.4605118429921798e-06 5.441056120548424e-05 0.00034965574677621756 1.9964146448537037e-05
leaf_weight=49530.392899990082 7082.4415302276611 414531.75725704432 8950.7365065217018 257479.00956100225 22339.503268718719 355939.35844486952 1519.9875285029411 905.43232727050781 201.96790885925293 412.59799385070801 769.30319130420685 234.09448623657227 36731.55708694458 1320.887571811676 198.3243835568428 3191.6279487609863 2146.7483199834824 253.13811475038528 414088.14758300781 789.89413452148438 278.95601654052734 34922.774079561234 773.47781372070312 12662.957030296326 99747.80433344841 777480.23719024658 7723.0681574344635 417.18181037902832 267.11442375183105 3135.2256226539612 49758.56071472168 236.03932482004166 4539.8254773020744 1201.1993809938431 211.07798004150391 304.02906334400177 255.72025012969971 198.11764514446259 2236.6982724666595 389.10627752542496 570.04887557029724 783.51856827735901 30096.694878101349 40525.956018149853 67116.640239715576 1966.2918677330017 316244.50015258789 379.16545391082764 247.3759765625 3076.0244102478027 222.72120904922485 3681.3149275779724 14762.465726792812 93922.491363525391 696.43487119674683 376.07549977302551 402.13852071762085 992.94467091560364 349899.28417229652 2984.440046787262 239.60513079166412 523.12116920948029
leaf_count=38757 5748 282676 5009 177977 14736 238632 836 423 84 157 467 95 26520 613 116 1516 1087 105 276819 517 133 24123 310 7162 73543 537390 4981 265 172 1936 30820 111 2438 607 101 170 150 96 1256 185 259 457 23307 25226 49974 902 210696 186 120 1763 99 1773 8562 63672 347 168 173 474 230812 1960 99 301
internal_value=1.11939e-08 -2.92383e-06 -1.93272e-06 -2.59545e-06 6.93014e-06 -4.50276e-06 2.53598e-06 -4.19986e-05 -7.62947e-06 0.000125729 -0.000126161 1.22718e-05 -1.75321e-05 8.52283e-05 -3.82918e-05 -2.85205e-05 3.34171e-05 3.3223e-06 9.9959e-07 1.45701e-05 2.84526e-05 2.80364e-06 0.000100619 -2.23569e-07 1.17221e-05 -2.6502e-06 8.85456e-06 4.77428e-05 0.000210705 2.65641e-05 2.03118e-05 4.52101e-05 7.90166e-05 0.000151532 -5.6472e-06 -2.53145e-05 9.71274e-05 0.000191009 -3.15547e-05 0.000269885 1.27284e-05 -7.96381e-05 -1.67793e-05 3.13048e-05 -2.488e-05 0.000103046 -4.1957e-06 -0.000188301 2.17999e-05 3.53769e-06 -3.53132e-05 -7.64058e-05 4.05543e-06 1.31286e-05 3.82243e-05 2.20642e-05 -5.46166e-05 -7.13538e-06 7.94038e-06 -3.00118e-06 8.71292e-06 0.000124178
internal_weight=3.50507e+06 2.46108e+06 2.30471e+06 2.23804e+06 1.04399e+06 1.70714e+06 572798 9936.23 7056.7 1318.03 2879.53 471192 156363 3521.27 5738.67 5540.34 2348.72 562861 466524 96336.9 44193.3 52143.7 1563.37 50580.3 467671 1.3512e+06 366152 8407.36 684.296 43940.1 66676.4 15564.3 6366.17 1826.34 980.381 15657.5 757.867 502.147 14899.7 625.146 51112.1 1353.57 52436.2 40804.9 103848 3287.18 1.09372e+06 1899.15 9198.11 530893 6980.06 3904.04 523913 109381 15458.9 101519 1771.16 1395.08 357744 52514.8 350662 762.726
internal_count=2380169 1680804 1563593 1523587 699365 1164695 381019 4973 3383 580 1590 318346 117211 1610 2803 2687 1171 376046 314862 61184 27400 33784 827 32957 316736 926063 242378 5418 437 27295 40006 8470 3341 903 568 8834 416 266 8418 296 31536 716 38043 25359 76494 1515 748086 1022 5129 358892 3635 1872 355257 72581 8909 74358 815 647 236960 40717 231212 400
is_linear=0
shrinkage=0.05


Tree=20
num_leaves=63
num_cat=0
split_feature=52 56 293 359 53 327 0 218 359 359 219 343 33 203 156 276 36 213 203 73 327 293 335 338 269 33 179 53 46 373 291 373 17 48 108 42 108 367 32 291 198 276 48 312 187 202 193 34 205 373 108 348 44 48 108 205 181 108 0 331 46 197
split_gain=0.0273175 0.0200178 0.011867 0.010608 0.00794292 0.00637181 0.00601562 0.00571053 0.00512971 0.00434429 0.0051526 0.00406053 0.00437698 0.0048173 0.00359076 0.00328768 0.00336996 0.00313876 0.00296503 0.00476031 0.00247989 0.00254782 0.00243401 0.00238517 0.00232252 0.00344985 0.00288372 0.00231313 0.00230388 0.00404335 0.00474156 0.00503088 0.00359331 0.00230127 0.00384693 0.00224946 0.0020545 0.00246748 0.00217414 0.00203241 0.00306871 0.00195853 0.00189327 0.00189219 0.00409694 0.00188046 0.00201718 0.00186394 0.00185206 0.00184547 0.00180628 0.00173152 0.00173025 0.00165761 0.00200424 0.00180452 0.00164757 0.00297098 0.00214255 0.00277075 0.00191443 0.00184325
threshold=3.5395400118432015e-05 1.0000000180025095e-35 1.2670757146731255e-19 1.1092951808677755e-05 1.0000000180025095e-35 0.0037913726409897213 0.012862880714237692 4.2472436689422473e-05 1.1092951808677755e-05 -7.0948997290543039e-06 0.00065103455563075851 -0.12587966024875638 0.050360325723886497 0.00052028143545612704 0.0084435804747045057 0.20678280293941501 0.0055106554646044978 8.8063279690686627e-05 0.0010066892718896272 0.050565559417009361 -0.001588151615578681 -0.00021237240434857083 0.032550530508160598 0.89936938881874096 0.045935731381177909 0.031026318669319156 0.032937802374362952 0.00042102958832401788 0.010791343636810781 0.0021224676165729765 0.44589747488498693 0.005988387856632472 0.0001115597551688552 0.20968962460756305 14.595041751861574 0.0037529839901253585 69.918979644775405 1.0666716221408025e-07 -0.044586071744561188 0.46102485060691839 0.0028302593855187301 0.12000031396746637 0.067943900823593154 0.0037002494791522626 0.020945133641362194 6.3967519963625832e-05 0.031106162816286091 0.039508294314146049 4.4625807277043357e-05 0.005465209251269699 13.805087089538576 0.79872024059295665 0.0041230216156691321 0.067943900823593154 89.340499877929702 0.00015423963486682626 -0.039901873096823685 84.443588256835952 -0.027487963438034054 0.13470670580863955 -0.0540260262787342 0.0021311355521902446
decision_type=2 2 2 2 2 2 2 2 2 2 2 2 10 2 2 2 8 2 2 2 2 2 2 2 2 8 2 2 2 2 2 2 2 2 2 8 2 2 10 2 2 2 2 2 2 2 2 10 2 2 2 2 8 2 2 2 2 2 2 2 2 2
left_child=2 3 4 7 -1 15 9 17 14 -3 20 12 -5 -14 27 -6 28 -2 33 -20 -11 -22 24 -15 56 -26 -27 -4 36 -30 31 32 -31 34 39 -16 48 -38 -39 -8 -41 52 47 -36 -45 -18 50 -19 -17 -49 -47 -24 -13 54 -23 -56 57 -12 59 -58 -59 -60
right_child=1 6 8 11 5 -7 18 -9 -10 10 22 41 13 23 35 16 45 42 19 -21 21 53 51 -25 25 26 -28 -29 29 30 -32 -33 -34 -35 43 -37 37 38 -40 40 -42 -43 -44 44 -46 46 -48 49 -50 -51 -52 -53 -54 -55 55 -57 58 60 61 -61 -62 -63
leaf_value=-2.9226951902316916e-06 2.659711565910862e-06 -2.6369054297385803e-07 -2.6369054297385803e-07 3.94774566965934e-05 -3.4486757627316316e-06 -0.0002447247616306523 9.2555243534718458e-05 6.8553442269661353e-07 1.3334149712776621e-05 3.3192764970568325e-05 4.4095128509190089e-05 5.5447806262432333e-05 5.582617537371594e-05 0.00014440884185249421 -1.3960729642912915e-06 -1.218046825114054e-05 -6.3232772279126091e-06 1.8512527295642403e-05 0.00033830298830429904 5.150817566299381e-05 3.6372703389666912e-06 1.7138790240599924e-05 1.3334149712776621e-05 0.00036608773909687102 0.00030038087354988346 0.00021702921372035832 1.3334149712776621e-05 -1.2459455562881022e-05 -2.9226951902316916e-06 -0.00031739059119375549 -2.9226951902316916e-06 -5.3687380288148807e-05 -0.00012259033154449011 1.3334149712776621e-05 2.9055897735651719e-05 -3.115471497938213e-05 -1.2410380748105436e-05 -0.00019032789090104744 -3.0751159819803622e-05 7.3021386653494654e-05 0.0003346640696387733 1.3334149712776621e-05 8.2097254384705392e-06 0.00025474860767240367 3.5341134570522802e-05 -3.2944182361606686e-05 -2.9226951902316916e-06 3.5206581841565875e-05 -2.9226951902316916e-06 0.00012867247709415219 -2.9226951902316916e-06 0.00013948458342574621 2.087616776818087e-05 1.3334149712776621e-05 2.3695130132544391e-05 5.9520889649342584e-05 1.3334149712776621e-05 0.00031151595520433165 3.4697440686366905e-05 0.00018576473109201358 9.8073627138421104e-05 1.3334149712776621e-05
leaf_weight=686887.90267634392 127535.61426973343 16090.93177986145 926902.91079044342 8483.4148139953613 117615.78418654203 289.41537475585938 1261.7979697585106 520030.57015991211 74560.466552734375 15764.610832214355 1393.8131346702576 5081.4720153808594 679.21595764160156 235.92578053474426 10863.566581726074 90354.798093914986 13721.593957781792 54989.271281838417 229.7730827331543 387.45387649536133 69098.431251645088 77236.570440173149 18253.115699589252 257.42453074455261 193.8395299911499 208.79115438461304 456.22838544845581 40509.084723472595 3541.4483624100685 314.3395659327507 1341.8763843774796 3220.937876522541 963.45325130224228 2134.6039090156555 5287.3015771508217 15283.87979888916 139264.62778609991 214.36235952377319 16313.037371873856 206.71361565589905 246.44389486312866 31523.646457672119 69562.593017578125 308.87148332595825 676.73761248588562 46702.624466776848 5574.6107392311096 1854.6720952987671 106856.1124162674 737.78855645656586 3994.7201467752457 270.07980173826218 12581.39037322998 92807.735136508942 9398.8865537643433 5617.2967472076416 295.74166131019592 191.32581520080566 36568.159458637238 493.76476073265076 236.17761087417603 8588.8019614219666
leaf_count=485209 88302 10745 640046 5307 79977 137 638 331470 59432 9398 702 2892 401 113 7017 62341 11911 35308 145 186 45593 47779 10860 112 110 112 231 26984 1820 141 740 1979 568 996 3536 9923 93478 124 11027 115 130 21692 47280 181 463 34062 3919 1183 68723 352 2949 146 8951 62571 6883 3823 133 91 22358 185 163 4945
internal_value=7.07568e-09 6.13366e-06 -3.17531e-06 1.8622e-06 -6.50859e-06 -1.09846e-05 1.59177e-05 6.85534e-07 6.85534e-07 1.47965e-05 1.61636e-05 2.23718e-05 5.20133e-05 0.000142487 -2.63691e-07 -1.08607e-05 -1.28769e-05 8.20201e-06 5.27793e-05 0.00015902 1.33341e-05 1.33341e-05 2.85663e-05 0.000261089 3.44419e-05 0.000115853 6.13281e-05 -2.63691e-07 -1.09369e-05 -3.53889e-05 -6.14298e-05 -8.70502e-05 -0.000170933 4.6271e-05 5.91028e-05 -1.87918e-05 -1.02868e-05 -1.45785e-05 -3.28437e-05 0.00012543 0.000216158 1.65509e-05 1.37612e-05 4.09355e-05 0.000104476 -2.29209e-05 -2.69678e-05 2.04673e-05 -6.89635e-06 6.18847e-05 -3.01478e-05 1.33341e-05 3.08273e-05 1.4889e-05 2.03892e-05 3.71031e-05 3.29733e-05 7.95976e-05 3.11217e-05 0.000112687 0.000194604 2.96908e-05
internal_weight=3.50275e+06 1.19746e+06 2.30529e+06 833553 1.23717e+06 550284 363904 774711 1.06812e+06 353164 337073 58842.5 9655.98 1172.57 993559 549994 432379 254680 10739.7 617.227 269924 254159 67149.8 493.35 48626.6 858.859 665.02 967412 362385 9382.06 5840.61 4498.73 1277.79 10122.5 7987.87 26147.4 353003 155792 16527.4 1714.96 453.158 49186.5 127144 6272.91 985.609 69993.5 56272 57581.7 197211 2592.46 50697.3 18523.2 17662.9 185060 92252.8 15016.2 47767.8 1821.32 45946.5 789.506 427.503 45157
internal_count=2379088 776581 1602507 543363 859105 373896 233218 503895 743402 226828 216083 39468 5933 626 683970 373759 293782 172425 6390 331 176047 166649 40036 225 29030 453 343 667030 240941 5248 3428 2688 709 6059 5063 16940 235693 104629 11151 883 245 33535 84123 4180 644 52841 40930 36843 131064 1535 37011 11006 11843 121056 58485 10706 28577 956 27621 318 254 27303
is_linear=0
shrinkage=0.05


Tree=21
num_leaves=63
num_cat=0
split_feature=56 276 52 344 16 220 200 321 35 270 359 349 212 374 201 355 22 259 359 25 48 311 12 278 201 41 30 14 374 193 2 313 2 38 144 2 195 203 355 211 271 48 211 183 306 164 3 334 1 208 362 193 177 176 35 369 2 21 370 2 2 291
split_gain=0.0253199 0.0175982 0.0143058 0.011837 0.011498 0.0111353 0.00918671 0.00886994 0.0075267 0.00707302 0.00640991 0.00561693 0.00661686 0.0057854 0.0131114 0.00827573 0.00608648 0.0102006 0.00559409 0.00550958 0.00548596 0.00546298 0.00578244 0.00517273 0.00516572 0.00572641 0.00603267 0.00516295 0.0161024 0.00634178 0.00640931 0.00615332 0.00501182 0.00510135 0.00493187 0.00478102 0.0101171 0.00474807 0.00464819 0.00463568 0.00459822 0.00459367 0.00565168 0.00456019 0.00441004 0.00431845 0.00429641 0.00425656 0.00424006 0.00420332 0.0041546 0.0041372 0.00384808 0.00383542 0.00374178 0.00413222 0.00468875 0.00372951 0.00357509 0.00357429 0.00343076 0.00339985
threshold=1.0000000180025095e-35 0.13000302761793139 3.539319186529611e-05 -0.020452638156712052 0.0049360706470906743 0.00023284742201212796 0.0013601399841718378 0.068329539149999632 0.073004703968763365 0.012414363678544761 4.568527629089659e-06 0.056897979229688651 0.00011406166231608951 0.0078285848721861857 0.00027775829948950564 -0.018783159554004666 0.020174237899482254 0.29137262701988226 2.0820346691152738e-07 3.0776842322666205e-05 0.1429872810840607 -0.0037543710786849256 0.066913038492202773 0.69000697135925304 5.3274809033609933e-05 0.00060000622761435818 0.055816458538174636 0.04300950653851033 0.0026838789926841859 0.065762814134359374 -0.024543994106352326 0.057872431352734573 0.0020117328967899088 0.0046385526657104501 -0.00037441292079165572 0.0036969431675970559 0.0022395772393792872 0.00038372019480448222 0.21471524238586429 2.6778747269418094e-05 0.0023457820061594252 0.067943900823593154 0.00085710181156173359 0.037054067477583892 0.025006132200360302 0.0032622908474877481 0.027967120520770553 0.34038905799388891 0.0014315594453364613 0.0014867485151626172 0.0017232084646821024 0.065762814134359374 0.01521621970459819 0.004133528098464013 0.022989000193774704 0.00045219884486868983 -0.024543994106352326 0.030878293327987198 0.0024298595963045959 -0.013826186303049324 0.00057819485664367687 5.5317606320392595e-15
decision_type=2 2 2 2 2 2 2 2 8 2 2 2 2 2 2 2 2 2 2 2 2 2 2 2 2 10 10 2 2 2 2 2 2 8 8 2 2 2 2 2 2 2 2 2 2 2 2 2 2 2 2 2 2 2 8 2 2 2 2 2 2 2
left_child=1 4 -2 10 8 18 21 9 -1 37 11 12 -3 16 48 -16 -13 -18 39 -12 -10 22 52 -11 -6 26 49 31 29 60 -31 35 33 -22 -4 54 -37 -8 -39 -5 53 -36 -43 -14 50 -30 -33 -24 -15 -26 -21 -34 -7 -17 -23 61 -57 -52 -44 -48 -29 -56
right_child=2 3 34 5 24 6 7 -9 20 23 19 13 43 14 15 40 17 -19 -20 44 32 27 47 -25 25 -27 -28 28 45 30 -32 46 51 -35 41 36 -38 38 -40 -41 -42 42 58 -45 -46 -47 59 -49 -50 -51 57 -53 -54 -55 55 56 -58 -59 -60 -61 -62 -63
leaf_value=1.6733480760288627e-06 1.7819829052261258e-06 3.6974109893982354e-07 2.9416987501810769e-05 -1.2934853033639446e-05 2.0082988285427866e-06 -7.0340227572606864e-06 3.8416285852268028e-06 0.00019388437254153751 -0.00013787215359659753 -9.6902852544099893e-05 -0.00024388776440102558 3.5892465279579165e-06 -8.7689239357060275e-06 0.00024303295870023884 3.6974109893982354e-07 0.00015947638380857528 4.8914448345984877e-05 0.00042121606470036147 2.7066607281408323e-07 -5.4610728397347193e-05 0.00020771886786441008 -1.6512722207680175e-05 -4.023040683223767e-05 -0.00040780858952835502 -4.8023422996166577e-06 3.1451266264981486e-05 -0.00032858100975610764 -7.8200321428892173e-05 -0.00011236802974169043 0.00016549502204685375 -1.1723365990942413e-05 -3.04368473355263e-05 7.2127826120574234e-05 3.8087971457744559e-05 1.9486739468798121e-05 1.5547533132474015e-05 0.00036011215480707785 -0.00012629982512335467 0.00012147988111172546 -4.6516155990140819e-06 5.5200004915435639e-05 3.3758569218197568e-06 3.8055768609844635e-05 -5.6422719399677161e-05 0.00011098878136796806 -0.00024527686821420962 0.00024690327690148083 0.00017802431911449206 1.5608217880101273e-05 -0.00024361812437820969 2.4251225441843357e-05 -0.00019889673052732559 6.1003904410839539e-05 0.00036147078233121594 -2.7952649701876865e-05 0.00017185634982874772 -3.2704239678552163e-05 -4.75483300851742e-05 1.7819829052261258e-06 5.2540592437596866e-05 6.0467026600385891e-06 -0.0001493189853068109
leaf_weight=402176.25585705042 466379.34612959623 495275.06043982506 50954.319580078125 274812.24002075195 26164.539276123047 39402.173455953598 1273.4387955665588 271.63519287109375 252.35743200778961 244.16831874847412 196.59479856491089 150594.70443749428 230688.42799377441 206.71955817937851 445.31053650379181 392.00215798616409 1095.5803687572479 219.29191517829895 302502.82916259766 1916.748358130455 1220.0015639662743 114661.04762029648 315.41360795497894 298.278395652771 4413.1448082923889 69777.832244873047 156.43590259552002 3309.1689480543137 1668.7306746244431 808.89166879653931 1375.1743712425232 533.11178874969482 434.4946403503418 697.11206191778183 138180.80619812012 3558.1314307451248 224.62081527709961 2959.3947491645813 200.651442527771 438313.82534790039 287.63369542360306 148282.6138458252 21385.25184738636 5130.0550537109375 1291.6698913574219 969.03972244262695 458.18294286727905 758.42647993564606 11375.532984316349 190.28165483474731 37112.613584637642 205.876953125 2191.8855402469635 604.92414498329163 984.31685519218445 280.87298464775085 29327.11683011055 1899.4572296142578 7654.3723591566086 489.56757307052612 1902.476350069046 1396.3709207773209
leaf_count=273511 324968 336042 31449 192502 22360 24745 760 146 129 109 129 97700 149500 77 257 176 641 117 220783 1004 483 75858 166 152 2878 49107 73 1819 918 307 752 329 220 307 86687 2498 124 1566 129 299231 152 99379 12682 3041 634 490 173 308 6799 105 25480 116 1215 266 591 112 18974 1244 4369 291 1223 735
internal_value=-2.05871e-08 -2.39485e-06 7.59082e-06 -4.35706e-06 6.00293e-06 -7.59341e-06 -1.80783e-05 -8.33903e-05 2.24331e-06 -9.85984e-05 -1.3208e-07 -1.0309e-06 -2.91254e-06 7.29515e-06 3.88988e-05 0.000167215 4.52518e-06 0.000111552 -5.42685e-06 1.88601e-05 8.37633e-05 -1.64025e-05 -4.85812e-07 -0.000268732 2.11223e-05 2.78316e-05 -2.52224e-05 -2.0596e-05 -5.53312e-05 -1.74872e-05 5.40027e-05 -1.83011e-05 0.000105724 0.000146141 1.49835e-05 -1.93e-05 3.61874e-05 -7.76704e-05 -0.0001105 -7.84369e-06 0.000231786 1.26523e-05 7.3263e-06 -9.80607e-06 2.0095e-05 -0.000161344 8.30561e-05 0.000113962 1.97085e-05 -1.47753e-05 1.72212e-05 -1.53535e-05 -3.44586e-06 0.000282523 -2.07317e-05 -3.58525e-05 -3.07522e-05 2.07531e-05 2.74965e-05 0.000146826 -4.7456e-05 -9.92046e-05
internal_weight=3.50275e+06 2.66991e+06 832837 2.16422e+06 505688 1.22549e+06 209862 5247.57 404986 4975.93 938732 896315 731094 165222 13312.1 1729.87 151910 1314.87 1.01563e+06 42417.1 2809.84 204615 42667.9 542.447 100702 74537.7 4759.86 161947 10033.5 7395.71 2184.07 151913 2557.49 1917.11 366457 150432 3782.75 4433.48 3160.05 713126 1284.56 315503 177322 235818 42220.5 2637.77 1480.86 1073.84 11582.3 4603.43 40928.8 640.372 41594.1 996.926 146650 31988.7 29608 39012.1 29039.6 947.751 5211.65 2380.69
internal_count=2379088 1819554 559534 1470265 349289 847006 134490 2862 274766 2716 623259 594768 488583 106185 7727 851 98458 758 712516 28491 1255 131628 26434 261 74523 52163 3056 105194 5509 4101 1059 99685 1126 790 234566 98892 2622 2455 1695 491733 594 203117 116430 152541 28362 1408 793 474 6876 2983 27728 336 25960 442 96270 20412 19086 26724 17051 464 3042 1326
is_linear=0
shrinkage=0.05


Tree=22
num_leaves=63
num_cat=0
split_feature=217 276 36 104 198 109 213 1 198 207 46 258 218 369 49 175 53 211 276 164 14 333 6 291 357 69 374 1 198 313 365 373 202 256 355 322 202 354 203 202 179 226 25 109 226 175 321 218 203 369 291 33 334 24 213 374 198 48 202 43 36 225
split_gain=0.0239103 0.0164784 0.01297 0.0114381 0.0162722 0.0109028 0.0138081 0.00814589 0.00974603 0.00800453 0.00654006 0.0101055 0.00648923 0.00648556 0.0146166 0.0132764 0.00623889 0.00616853 0.00601437 0.00590771 0.00577986 0.00577059 0.0152889 0.00908274 0.00941332 0.00852758 0.00961667 0.00844086 0.0127295 0.0106795 0.0150632 0.00865975 0.00781473 0.00760346 0.00669183 0.00603935 0.00575372 0.0055787 0.00771007 0.00521307 0.0140633 0.00967255 0.00743615 0.00600633 0.00527506 0.00546943 0.00518071 0.00512 0.00591068 0.0099347 0.00526557 0.00504447 0.00790267 0.00500504 0.00490011 0.00495066 0.00528359 0.0047623 0.00475637 0.00576907 0.00535854 0.00474059
threshold=0.00032935185299720621 0.56000173091888439 0.0052968494128435859 inf 0.0078186104074120539 16.059278488159183 2.7784421945398211e-05 0.059633491560816772 0.0048684624489396819 0.00014214617112884301 0.0019448557286523285 0.33219841122627264 5.9991709349560558e-05 0.0045017539523541936 0.2246731519699097 0.013171939644962551 1.8493232346372682e-05 5.6890106861828833e-05 0.080006629228591933 -0.0055353629868477574 0.040207672864198692 0.30211628973484045 0.062518529593944563 0.88239249587059032 0.045619718730449683 0.072970841079950347 0.0028233529301360254 0.038874551653862006 0.0078186104074120539 0.041662279516458518 0.0022324352758005266 -0.00022154599719215182 0.0017194329993799331 0.21544124186038974 0.21471524238586429 -0.0015518493601121006 0.0017194329993799331 -1.0000000180025095e-35 0.0013797787833027544 0.0011137441615574064 0.037954879924654968 0.35570892691612249 0.01316394377499819 4.7393701076507577 0.13730406016111377 -0.0043073687702417365 0.048950603231787689 0.00031480210600420838 0.00052028143545612704 0.02146224491298199 1.3914718867831219e-14 0.079936511814594283 0.35050447285175329 0.00041065394179895526 0.0030363111291080718 0.0087761757895350474 0.0041152420453727254 0.35680325329303747 6.9344579969765632e-05 0.00094949069898575555 0.032151265069842346 0.028641023673117164
decision_type=2 2 10 8 2 8 2 2 2 2 2 2 2 2 2 2 2 2 2 2 2 2 2 2 2 2 2 2 2 2 2 2 2 2 2 2 2 2 2 2 2 2 2 10 2 2 2 2 2 2 2 10 2 2 2 2 2 2 2 8 10 2
left_child=1 5 7 21 -5 6 -1 10 9 -9 16 -12 -7 -13 15 53 17 -3 -8 -10 -21 22 27 37 -25 39 33 28 47 31 -31 -29 61 -27 46 -35 -30 -24 -39 54 42 43 44 -42 -41 -46 -33 -2 -49 50 -50 -14 -53 -15 55 56 -23 -58 -4 60 -60 -32
right_child=3 2 58 4 -6 12 18 8 19 -11 11 13 51 14 -16 -17 -18 -19 -20 20 -22 25 23 24 -26 26 -28 29 36 30 32 34 -34 35 -36 -37 -38 38 -40 40 41 -43 -44 -45 45 -47 -48 48 49 -51 -52 52 -54 -55 -56 -57 57 -59 59 -61 -62 -63
leaf_value=-5.9070888080133207e-07 1.157174490605801e-05 -3.9819117756236636e-06 -5.8353251074554644e-06 -4.7711487379372122e-05 -0.00043922794300617379 1.9661339134487041e-06 2.3078195956519648e-05 -3.5294044313827589e-05 1.0968057626987796e-05 1.3479497752146755e-05 8.4188342077924864e-07 3.1281425048901669e-05 -6.6040118482489976e-06 4.5472402260514308e-05 8.5498353005187124e-06 0.00055760003259769896 -7.7027638278532556e-06 5.918215415932325e-06 9.1024316786848247e-06 -8.290258992418344e-06 -0.00015449620358091656 1.5648909469595899e-05 -0.00013231959563249902 -1.1277886320410256e-05 0.00035805855906978387 7.8277395688695862e-05 -0.0001295156308762545 -0.00017954359709235814 -5.8350394868663295e-05 -0.00010240298711188447 4.8529335171040982e-05 3.2658812178018305e-05 0.00038599595798216894 0.0003614448891770009 0.00017670640050297052 9.5630575720208598e-05 -0.00028838333741213433 2.9830883642840625e-05 -0.00020479729284041484 3.8193059587184801e-05 3.410178349127173e-05 0.00020460547461515453 0.00023690051544637098 -0.00014057954207181251 7.7216777412624795e-05 0.00027200177980527218 -0.00012809546447520179 2.4596381331768747e-06 8.8887699091089771e-06 -0.00018081537292399366 -7.0221495638774547e-05 -8.3447091712911424e-05 0.00014198262741492773 0.00023200635513319283 6.6512396077716309e-05 8.2829606516230037e-05 -3.1388187211072977e-05 0.00014963365426416916 9.9824235967163671e-06 -2.5154710537214508e-05 0.00024586095118013941 0.00025799655275204653
leaf_weight=345990.85076594353 197629.63247722387 414607.08982408047 62464.451171875 2117.7889099121094 301.53286743164062 557230.416015625 110809.13061523438 21799.440585136414 1091.2749767303467 13695.915280342102 18183.701069116592 5014.0110743045807 422307.03698730469 569.87414091825485 1547.3551051616669 246.67590355873108 478803.41144633293 253564.83936679363 252161.35607910156 877.77319526672363 2941.6628570556641 97174.893139898777 3447.0518181920052 794.81140470504761 218.30760097503662 2576.6581991910934 426.62796187400818 483.96218299865723 602.99581909179688 459.82175928354263 578.78646057844162 16600.128600358963 498.08972930908203 503.39609825611115 787.50142288208008 373.48815083503723 494.9293212890625 1468.6526166796684 457.58981323242188 2888.6875530481339 759.34810626506805 347.54163908958435 881.63885307312012 1392.7988685369492 925.74631124734879 590.62648612260818 514.85642671585083 35367.781992435455 5176.7865849733353 1128.2337770462036 3540.4693840742111 549.32294833660126 1319.1516610383987 978.0672772526741 4604.7293701171875 2539.5809881687164 8841.6020545959473 376.92861938476562 8597.5119209289551 128772.13220596313 245.72013092041016 506.37553715705872
leaf_count=258159 129933 283420 53911 1188 126 381585 74861 13996 557 8235 12029 2908 280553 310 1159 115 315386 169021 166871 482 1496 62497 1789 450 86 1133 200 216 314 242 337 10622 225 189 448 150 227 800 225 1567 381 143 390 683 479 289 272 22045 3000 493 2060 253 527 428 2599 1390 4801 148 5928 94364 141 256
internal_value=-2.00761e-08 -1.49994e-06 -5.4829e-06 1.15116e-05 -9.68307e-05 1.83183e-06 6.55639e-06 -3.53877e-06 -2.56114e-05 -1.6475e-05 -2.77873e-06 2.17587e-05 -1.58116e-06 6.72654e-05 0.000121202 0.000218215 -3.34653e-06 -2.24902e-07 1.33691e-05 -9.16169e-05 -0.000120917 1.21741e-05 8.06937e-06 -6.83632e-05 6.88556e-05 2.10504e-05 9.39983e-05 9.91626e-06 7.33059e-06 4.07871e-05 0.00014918 2.87277e-05 0.000222285 0.000121669 3.43773e-05 0.000248703 -0.000162382 -9.42514e-05 -2.6061e-05 1.87159e-05 5.82884e-05 -3.94129e-05 0.000104482 -7.89718e-05 7.78835e-05 0.000153344 2.78086e-05 8.09921e-06 -7.07927e-06 -4.13393e-05 -2.32502e-05 -6.24116e-06 7.5689e-05 0.000163481 1.6001e-05 1.38647e-05 1.2217e-05 -2.39557e-05 -1.72781e-05 -2.24719e-05 1.65907e-05 0.000146569
internal_weight=3.50275e+06 3.10437e+06 1.414e+06 398380 2419.32 1.69037e+06 708961 1.21392e+06 40406.1 35495.4 1.17352e+06 26539.7 981406 8355.98 3341.97 1794.62 1.14698e+06 668172 362970 4910.71 3819.44 395961 270757 6386.41 1013.12 125204 3880.17 264370 243941 20429.5 2043.07 18386.4 1583.25 3453.54 17902.5 876.884 1097.93 5373.29 1926.24 121324 7786.39 2499.69 5286.7 2152.15 4405.06 1516.37 17115 242843 45213.3 9845.49 8717.26 424176 1868.47 1547.94 113538 108933 106393 9218.53 200080 137615 8843.23 1085.16
internal_count=2379088 2126695 963886 252393 1314 1162809 499891 809542 24766 22231 784776 16949 662918 4920 2012 853 767827 452441 241732 2535 1978 251079 174040 3350 536 77039 1672 170690 158072 12618 1060 11558 818 1472 11342 339 541 2814 1025 75367 3932 1207 2725 1064 2335 768 10894 157531 27598 5553 5060 281333 780 738 71435 68836 67446 4949 154344 100433 6069 593
is_linear=0
shrinkage=0.05


Tree=23
num_leaves=63
num_cat=0
split_feature=217 144 134 359 219 212 359 372 183 193 152 198 0 292 204 204 355 51 52 359 202 360 372 320 0 212 16 220 36 46 219 18 0 291 358 34 52 199 45 75 327 210 35 2 330 369 210 196 343 291 343 279 75 266 179 209 291 343 354 223 49 333
split_gain=0.0224966 0.012229 0.00986005 0.00966093 0.00762962 0.00699736 0.00684157 0.00670442 0.0111517 0.00656493 0.00618814 0.0124362 0.00648981 0.0132124 0.00577565 0.00609383 0.00626065 0.00515014 0.00548867 0.00513678 0.00498435 0.00838277 0.00538756 0.00628843 0.00729794 0.00490477 0.00472557 0.00455456 0.00445586 0.00400609 0.0039527 0.00388818 0.00355652 0.00411761 0.00341818 0.00340212 0.00324016 0.00313214 0.00507668 0.00312943 0.00310166 0.00475478 0.00339433 0.0068584 0.00411813 0.00530759 0.0037698 0.00404688 0.00307779 0.00304977 0.00413352 0.00296083 0.00293585 0.00780783 0.00334882 0.00292545 0.0029204 0.00289428 0.0028843 0.00295465 0.00284964 0.00282681
threshold=5.7213106629205874e-05 -1.0000000180025095e-35 -1.0000000180025095e-35 -3.6426183669391317e-06 0.0012660397915169599 9.1786583652719869e-05 9.7627744253259169e-06 -0.0014910081517882643 0.046231294050812728 -0.010922023560851811 inf 0.0078186104074120539 -0.027487963438034054 0.93855509161949169 0.0010795257403515281 0.00037415965925902134 -0.13065120577812192 0.00020430884615052494 0.00019260010594734925 2.8366291644488233e-06 0.0017194329993799331 -3.7989493648638011e-05 -0.00055971497204154719 0.0088923485018312948 0.0026403209194540982 4.1099698137259118e-05 0.0011245265486650171 0.00011013733092113399 0.0023859604261815552 0.014920451212674381 0.00010363507681176999 0.00026780336338561034 -0.027487963438034054 1.1220153570175173 0.035303855314850814 0.047217473387718208 7.4069068887183684e-06 0.00091128260828554641 0.002211552695371211 0.045410038903355605 0.0037913726409897213 0.00011839819853776136 0.033020377159118659 -0.015418306924402712 0.57265198230743419 0.013180272653698923 0.00025102694053202873 0.0029732835246250038 -0.59141045808792103 0.9978756606578828 0.54477593302726757 0.60000175237655651 0.062747754156589522 0.0057034755591303119 0.015769608318805698 0.00068073190050199639 -0.60142758488655079 -0.037615055218338959 -0.23425536602735517 0.11580816656351091 0.13302320986986163 0.29793362319469457
decision_type=2 8 2 2 2 2 2 2 2 2 8 2 2 2 2 2 2 2 2 2 2 2 2 2 2 2 2 2 10 2 2 2 2 2 2 10 2 2 10 2 2 2 10 2 2 2 2 2 2 2 2 2 2 2 2 2 2 2 2 2 2 2
left_child=2 4 27 9 5 30 25 8 -6 37 12 -12 13 14 15 -5 -17 18 -14 32 40 22 23 34 -25 36 -11 -1 -8 57 -2 -31 33 56 -22 55 -4 -3 -39 -18 42 -42 -9 44 45 -44 47 -45 -28 -43 58 -34 -19 61 -55 -24 -7 -21 -51 60 -60 -54
right_child=1 3 6 10 7 19 28 20 -10 26 11 -13 17 -15 -16 16 39 52 -20 29 21 -23 35 24 -26 -27 48 -29 -30 31 -32 -33 51 -35 -36 -37 -38 38 -40 -41 41 49 43 46 -46 -47 -48 -49 -50 50 -52 -53 53 54 -56 -57 -58 -59 59 -61 -62 -63
leaf_value=-5.9551517909294941e-06 8.3565851552321804e-06 -2.8879244932828657e-05 -1.465257881740069e-06 -1.5529016168104988e-05 3.1209469607625619e-05 0.00020473646738557879 2.8177121577619884e-05 2.5306952803593739e-05 0.00033452112608476319 -2.4805009909651669e-05 -4.2230960449473812e-05 -0.00044458366625135901 2.3817982716127707e-06 0.00021521579230956929 -0.00017195976687319625 -8.3202254270648503e-05 0.00025777209647334149 -4.2563760596154178e-06 1.4435254601212847e-05 4.5032421511161077e-05 0.00011381755875576865 -0.00018968902240870626 8.8783087093544989e-05 -0.00034331887403928101 3.2295780102267385e-05 -5.7895891070549199e-06 5.2895536254205837e-05 -1.5164239485820027e-05 4.2898561404724503e-06 -0.00025517720618400768 1.970811490278467e-05 -2.3795105946672979e-05 -6.7817494046656475e-06 0.00022329424570083722 -7.9450864202826861e-05 0.0001731065956142281 6.6995617441443686e-06 -0.00026583853752933697 -4.058523346254604e-05 9.9630677135426147e-05 0.00012004984842170922 -0.00010010360363547938 0.00023617884340382348 6.4956731839441485e-05 3.6377782657384459e-05 6.5363067367237159e-05 1.0030652772991037e-05 0.00030540474832963026 -8.7548215023037757e-08 0.00021764304724161397 -0.00020934817199569 4.2531287410685275e-06 -6.3299485866888055e-05 -0.00025817978282375919 -8.8097990827447806e-05 -0.0001215482169725715 1.3704699947498604e-05 1.4264912449063418e-05 0.0001390747066577034 0.00019442527042273533 -8.7972279066846553e-05 2.3817982716127707e-06
leaf_weight=392784.93911743164 172080.44574737549 32017.232650756836 452338.45021170378 2406.2196362018585 830.66647338867188 222.08694338798523 28979.871036529541 21619.745676517487 475.51974487304688 21827.126612067223 2335.3336770534515 207.32528686523438 618260.0057040453 1059.8931567668915 361.61712646484375 343.26226711273193 481.1003999710083 167379.16157960892 111473.41355955601 11174.801587104797 479.1020033955574 666.57210510969162 432.49524766206741 321.81451618671417 214.76506447792053 541283.0877532959 2892.7731704711914 203991.73608398438 59817.777767181396 196.19621598720551 138343.7880859375 2171.3468137979507 108795.90319734812 331.89620208740234 434.29939204454422 572.73284292221069 166137.9493060708 366.6515526175499 780.9483008980751 901.22662734985352 532.7219500541687 1239.4226580262184 1148.4630352854729 3115.919182062149 855.1352704167366 755.35436654090881 5135.9280471801758 183.63642883300781 51587.826184868813 197.45493006706238 183.87052065134048 137753.69020932913 1717.7837453484535 462.28902244567871 777.6905460357666 264.86419868469238 1869.8572170734406 24189.373950004578 179.17892706394196 171.36803215742111 581.33852702379227 2054.1041178107262
leaf_count=274787 119633 22623 320647 1245 419 82 20663 13079 187 13527 1326 87 421069 384 150 145 193 107549 71041 6625 229 287 264 167 93 363830 1974 135502 50020 86 90478 1194 69182 122 203 279 114403 154 395 346 305 650 462 1924 349 311 2975 94 39009 104 109 88649 981 256 422 172 871 15246 92 91 339 1008
internal_value=-1.90184e-08 4.20908e-06 -3.81655e-06 8.1258e-07 9.63994e-06 8.21396e-06 -1.28973e-06 3.06152e-05 0.000141973 -1.32208e-05 2.5004e-06 -7.53619e-05 2.71868e-06 5.65951e-05 1.91011e-05 3.58979e-05 0.000107544 2.3869e-06 4.22311e-06 2.58193e-06 2.69058e-05 -3.10653e-05 7.9173e-06 -5.79054e-05 -0.000193418 -2.31388e-06 -5.14833e-06 -9.10307e-06 1.20861e-05 1.97732e-05 1.34156e-05 -4.31687e-05 -2.35297e-08 6.02221e-05 2.19505e-05 8.30356e-05 7.28028e-07 -3.17929e-05 -0.00011289 0.000154963 3.2376e-05 -1.55448e-05 3.68824e-05 5.92295e-05 0.000127637 0.000168546 3.6831e-05 7.85157e-05 2.72755e-06 -4.39146e-05 9.18882e-06 -6.16291e-07 -5.38574e-06 -4.30858e-05 -0.000151822 8.77798e-06 3.41614e-05 2.39892e-05 4.50765e-05 8.12403e-06 -3.42552e-05 -7.2783e-06
internal_weight=3.50275e+06 1.65741e+06 1.84533e+06 1.01969e+06 637722 597129 1.24856e+06 40592.4 1306.19 109473 910220 2542.66 907678 5553.32 4493.43 4131.81 1725.59 902124 729733 286705 39286.2 3386.65 2720.07 1449.98 536.58 1.15976e+06 76307.7 596777 88797.6 37731.7 310424 2367.54 248973 2423.84 913.401 1270.09 618476 33164.8 1147.6 1382.33 35899.5 3085.36 32814.2 11194.4 2758.95 1903.82 8435.48 3299.56 54480.6 2552.63 1313.21 246550 172391 5011.87 1239.98 697.359 2091.94 35364.2 1129.34 931.885 760.517 3771.89
internal_count=2379088 1099236 1279852 683884 415352 392168 869563 23184 606 77682 606202 1413 604789 2463 2079 1929 684 602326 492110 182057 22578 1694 1407 692 260 798880 54510 410289 70683 23151 210111 1280 158906 1075 432 715 435050 23172 549 539 20884 1690 19194 6115 1122 773 4993 2018 40983 1385 735 157831 110216 2667 678 436 953 21871 626 522 431 1989
is_linear=0
shrinkage=0.05


Tree=24
num_leaves=63
num_cat=0
split_feature=52 51 213 51 53 53 0 213 373 346 162 47 327 359 337 371 290 364 310 336 207 40 0 42 212 213 0 322 35 109 109 14 374 291 355 333 374 345 356 299 330 369 1 247 0 321 174 202 374 321 1 38 256 225 327 174 1 366 372 361 0 346
split_gain=0.020894 0.0136251 0.0117471 0.00910288 0.00555797 0.00527726 0.00518647 0.00382135 0.0043071 0.00482113 0.00427076 0.00523974 0.00378669 0.00347081 0.00297639 0.0030325 0.00438168 0.00742725 0.00314457 0.0036461 0.00296963 0.00324004 0.00291318 0.00273437 0.00258248 0.00247866 0.00245008 0.00255394 0.00357836 0.00238614 0.00313843 0.0029186 0.00319893 0.00326067 0.00252668 0.00241238 0.00240498 0.00236057 0.00235088 0.00234731 0.00231984 0.00225272 0.00222055 0.00218102 0.002102 0.00257128 0.00209534 0.00197296 0.0019031 0.00339754 0.00189905 0.00188537 0.00186006 0.00183467 0.00173141 0.00266656 0.00172704 0.00172672 0.00172667 0.0017368 0.00171464 0.00167083
threshold=3.5395400118432015e-05 0.00020430884615052494 0.00027224639779888099 3.2618727345834493e-05 5.3094881877768792e-05 1.44276159517176e-05 -0.0053049251437187186 0.0010392985423095526 0.0011946257436648013 -0.75634357333183277 0.012617836240679027 0.06708164140582086 -0.0018755563069134948 -7.5898634577242763e-07 -0.090690609067678438 1.3298205203682303e-07 0.64312422275543224 -0.0003704310802277177 0.00314065651036799 -0.12315210327506064 0.0017535733641125264 0.01594786532223225 0.010753360111266376 0.05531145632266999 2.5159199140034619e-05 8.5209103417582823e-05 -0.027487963438034054 -0.02738704718649387 -1.0000000180025095e-35 14.757041454315187 68.381614685058608 -0.038858938962221139 0.0057541225105524072 -0.25036695599555964 0.089751012623310103 0.26272918283939367 0.0089998864568769949 0.081414811313152327 -0.01906162220984697 0.0015584214706905188 0.57560682296752941 0.00057400576770305644 0.017725269310176376 -1.3106606006622312 0.0070612225681543359 0.0034327681642025713 0.034355461597442634 0.00036907178582623606 0.001793900039047003 0.068329539149999632 -0.0037008258514106269 0.00065733454539440583 0.086363825947046294 -0.47104018926620478 0.0019746875623241071 0.0069076127838343391 0.029023746959865097 0.0045766383409500131 -8.789438288658856e-05 0.00096497166668996226 -0.010039789602160452 0.26313021779060369
decision_type=2 2 2 2 2 2 2 2 2 2 2 2 2 2 2 2 2 2 2 2 2 10 2 8 2 2 2 2 10 10 10 2 2 2 2 2 2 2 2 2 2 2 2 2 2 2 2 2 2 2 2 10 2 2 2 2 2 2 2 2 2 2
left_child=3 2 12 -1 -3 -5 -6 13 9 -9 11 44 -2 -4 48 18 54 -18 20 -20 38 46 -8 43 25 -14 27 -15 -29 -28 -31 47 37 34 -34 -35 57 39 -16 -33 -36 -38 -43 -7 61 -46 -22 -32 49 -13 -39 -47 -25 -40 55 -17 -27 -37 59 -41 -45 -10
right_child=1 4 7 5 6 23 22 8 10 -11 -12 14 24 26 15 16 17 -19 19 -21 21 -23 -24 52 -26 56 29 28 -30 30 31 32 33 35 40 36 41 50 53 58 -42 42 -44 60 45 51 -48 -49 -50 -51 -52 -53 -54 -55 -56 -57 -58 -59 -60 -61 -62 -63
leaf_value=-6.6128085782131273e-07 3.0200354232736442e-05 4.9740212658449997e-06 4.9740212658449997e-06 -3.1643149753541658e-06 4.9740212658449997e-06 -3.0068122130024231e-05 -1.1666664177205972e-05 0.00023709522236048231 3.5145379997870013e-05 4.9740212658449997e-06 4.9740212658449997e-06 4.644127877468694e-05 6.2027552368332195e-06 4.9740212658449997e-06 3.0280088295980998e-05 3.7075113544755873e-05 0.00040588932051761526 0.00011887005003102321 0.00018567532468207425 4.9740212658449997e-06 0.00017364853530818749 1.5982834514943755e-05 4.9740212658449997e-06 -4.5802643382093193e-05 4.9740212658449997e-06 1.4970944083433738e-05 2.9018154334426606e-05 9.5156404074771969e-06 0.0001935762961360519 4.9740212658449997e-06 3.8340060298436975e-05 1.666659765745978e-05 5.7205384305065912e-05 1.718447579999079e-05 0.00026674943436343361 0.00011036275362255818 1.5323661599313619e-05 7.9496478422192622e-05 0.00028479757735355086 0.00018690974047607777 6.9135681182682087e-05 0.00030276047491773395 0.00010860072739382764 -3.1643149753541658e-06 2.9117119389747328e-05 0.00022537142058959891 0.00036538721868887745 0.00013284945321568792 4.9740212658449997e-06 0.00029127027901941824 4.9740212658449997e-06 7.0753100781263941e-05 -0.00016556926621098038 8.9223433614969664e-05 4.9740212658449997e-06 0.00020636110382863618 3.68515202525829e-05 4.9740212658449997e-06 2.8835608993750578e-05 6.3332196629547723e-05 -1.1743331885318975e-05 4.9740212658449997e-06
leaf_weight=1575275.7550017834 14874.253784179688 107016.41415405273 28186.363082885742 365005.41558837891 45726.169891357422 16221.022334575653 137908.17388916016 232.91587066650391 16864.42238253355 7742.862174987793 5290.730110168457 1044.4454310536385 108094.28349769115 226.61079216003418 1147.3116987943649 550.82770454883575 343.97587442398071 654.32416588068008 320.22811269760132 2066.8606786727905 411.08999848365784 211.56760573387146 8118.545166015625 1751.4864857196808 460741.1935530901 63461.785217285156 34203.110592544079 435.02543479204178 670.75162094831467 45942.576056182384 1421.2245736122131 35351.370144367218 829.7396799325943 5833.7096186876297 383.29099833965302 461.17915523052216 239.0703963637352 859.64822673797607 183.12495177984238 316.69909936189651 244.59398376941681 270.23107981681824 328.67188006639481 38012.737909555435 956.48923712968826 409.0562436580658 223.00395584106445 903.69703340530396 1624.4000031352043 162.18052673339844 28413.789296388626 383.96292662620544 396.68780016899109 349.03533059358597 228.31144714355469 402.07786864042282 10511.973815917969 625.63073432445526 5185.1111328601837 2701.0030434727669 308628.47031617165 5167.8811492919922
leaf_count=1110470 8833 68463 17757 253661 27358 10636 85045 114 10546 4082 2960 683 75828 92 674 298 176 336 166 1208 220 96 4796 969 307356 42986 20531 224 247 29278 858 22832 490 3266 186 269 123 627 102 175 142 128 172 24862 540 208 95 507 897 86 18396 223 171 198 128 193 6851 368 3239 1795 201738 3134
internal_value=-1.69635e-08 5.34111e-06 8.43452e-06 -2.80015e-06 -2.80015e-06 -7.41554e-06 -7.41554e-06 1.78778e-05 3.06742e-05 4.97402e-06 3.77109e-05 4.44289e-05 4.97402e-06 1.47798e-05 7.49474e-05 9.22474e-05 0.000141336 0.00021838 7.04187e-05 2.92366e-05 0.000109296 0.000185639 -1.16667e-05 -1.16667e-05 4.97402e-06 1.10291e-05 1.7812e-05 8.52938e-05 0.000121313 1.72645e-05 1.41791e-05 1.99363e-05 1.83696e-05 4.61209e-05 0.00011469 3.32123e-05 8.17216e-05 1.48566e-05 7.06791e-05 2.22597e-05 0.000190233 0.000145274 0.000196924 -1.16667e-05 3.169e-05 8.44169e-05 0.000242018 7.51585e-05 3.15761e-05 7.97759e-05 4.97402e-06 0.000150875 -6.80525e-05 0.000157338 7.5963e-05 0.000108788 1.80812e-05 3.25435e-05 4.63543e-05 7.64165e-05 -1.16667e-05 2.74959e-05
internal_weight=3.50275e+06 1.19746e+06 898688 2.30529e+06 298769 730016 191753 241004 46971.1 7975.78 38995.3 33704.6 657683 194033 9922.77 7091.74 2179.52 998.3 4912.22 2387.09 2525.13 845.662 146027 365010 642809 182068 165847 1332.39 1105.78 164514 130311 84368.7 82043.7 9216.12 1457.62 7758.49 1924.78 72827.6 1679.47 43554.2 627.885 837.973 598.903 362862 23781.8 1749.51 634.094 2324.92 2831.03 1206.63 29273.4 793.019 2148.17 532.16 1181.22 952.906 73973.8 1086.81 8202.81 3017.7 346641 22032.3
internal_count=2379088 776581 590919 1602507 185662 492037 117199 149065 27363 4196 23167 20207 441854 121702 5556 3890 1131 512 2759 1374 1385 411 89841 238376 433021 125665 103945 563 471 103382 82851 53573 52208 5144 818 4326 1060 47064 974 28041 328 423 300 237236 14651 971 315 1365 1666 769 19023 431 1140 300 619 491 49837 637 5209 1970 226600 13680
is_linear=0
shrinkage=0.05


Tree=25
num_leaves=63
num_cat=0
split_feature=217 276 36 33 53 51 52 33 198 0 192 109 339 200 208 356 44 361 31 207 203 45 47 356 1 199 198 359 187 259 368 357 24 342 109 314 7 333 374 108 178 33 214 29 369 364 372 346 174 366 48 343 332 271 208 369 346 342 313 178 333 23
split_gain=0.0207507 0.0112875 0.0119373 0.00950918 0.00941865 0.00694184 0.00662464 0.00655843 0.0100532 0.0081358 0.00654458 0.00602169 0.0102166 0.00919261 0.00774826 0.00770242 0.00657116 0.00560314 0.00553466 0.00526799 0.00522198 0.00520346 0.00622758 0.0268841 0.00502002 0.00491249 0.00469991 0.00466494 0.00442913 0.0110271 0.00878104 0.00524334 0.0104476 0.0049208 0.00439282 0.0120251 0.00424009 0.00996448 0.00907797 0.00559222 0.00544983 0.00418307 0.00413761 0.00409847 0.011224 0.00654691 0.00488891 0.00579648 0.00470353 0.0051297 0.00405257 0.00392703 0.0038776 0.00386585 0.00390854 0.00417663 0.00384704 0.00378695 0.00369593 0.00361699 0.00359058 0.00356655
threshold=5.1759687266894623e-05 0.25817584991455084 0.0052968494128435859 0.079936511814594283 1.0000000180025095e-35 0.00021240692876745018 0.00010618615851853976 1.0000000180025095e-35 0.0078186104074120539 -0.0081350649707019312 0.00061876740073785197 14.757041454315187 0.93315836787223827 0.0010655435035005214 0.0014867485151626172 0.53752371668815624 0.0045966973993927249 0.020423776470124725 -0.0017813871963880954 5.4434218327514834e-05 0.00025217239453922963 0.0044166811276227244 0.03410997427999974 -0.47841748595237726 0.029958769679069523 0.0014153248630464079 0.0018539830925874414 9.7627744253259169e-06 0.056011334061622627 0.56819850206375133 -0.001266974431928247 -1.0106157064437864 0.0038315302226692442 0.8679088056087495 68.381614685058608 0.01646045129746199 0.056822586804628379 0.26272918283939367 0.0049662836827337751 19.715286254882816 0.034865336492657668 -0.0022515309974551197 9.7391148301539956e-05 0.057385230436921127 -0.0008136272954288869 4.6734161514905288e-05 -0.00028371223015710706 -0.037456279620528214 0.034355461597442634 0.0007941120129544289 0.10039553791284563 -0.18046642094850537 0.34516175091266638 0.028727257624268535 0.00081802319618873309 0.0093669272027909773 -0.13970727473497388 -1.239051818847656 -0.0074889860115945331 0.055075423792004592 0.18256156891584399 0.0032136216759681706
decision_type=2 2 8 10 2 2 2 10 2 2 2 10 2 2 2 2 10 2 10 2 2 8 2 2 2 2 2 2 2 2 2 2 2 2 10 2 2 2 2 2 2 10 2 10 2 2 2 2 2 2 2 2 2 2 2 2 2 2 2 2 2 2
left_child=4 3 5 7 27 6 -3 8 9 34 25 12 13 19 15 -14 -17 -16 20 -9 41 22 23 -20 -15 -11 -22 -1 31 33 -31 32 -23 61 -2 -36 56 39 -39 50 -41 58 -6 48 -45 46 47 -46 -13 59 -38 -44 -26 54 55 -21 -7 -27 -4 -50 -35 -30
right_child=1 2 18 -5 42 36 -8 11 -10 10 -12 43 14 24 17 16 -18 -19 21 53 26 28 -24 -25 52 57 -28 -29 29 30 -32 -33 -34 60 35 -37 37 38 -40 40 -42 -43 51 44 45 -47 -48 -49 49 -51 -52 -53 -54 -55 -56 -57 -58 -59 -60 -61 -62 -63
leaf_value=-1.8760897249468263e-06 6.1002959002059525e-06 2.3904646245180867e-06 1.1491715895233591e-05 8.0641266647668724e-05 -4.8622684937126359e-06 2.3904646245180867e-06 1.2549204951801271e-05 3.30772412385813e-06 -0.00025032237364074961 -5.5752180629523489e-07 -0.00032095801061569337 8.9862987618878861e-06 4.314181460937602e-05 -0.00020410439882154351 0.0001117028406985187 0.00034135942735001004 4.8050233483530913e-05 0.00036251634700160368 0.00054524134420412453 3.7218976738202697e-05 -2.713151322283149e-05 0.0001865472018152208 7.394628794123447e-06 -1.6364790064379782e-05 9.7848712381728859e-05 -8.9148956470726745e-06 -9.7920174175033917e-05 1.0237097634541481e-05 -2.2007271086504354e-05 0.00042635509234940612 -2.2007271086504354e-05 -1.1695991773642814e-05 -8.4311234251733915e-07 -0.00031772374556352445 3.0541277058377994e-05 0.00032709674855774891 -0.00035030387828751796 2.3904646245180867e-06 -0.00032601936968744736 -9.0524068048752837e-06 -0.00022655862676978903 -5.6462767193525331e-05 -3.2769858271427433e-06 0.00031646392024485147 -0.00023657125606192989 -0.00029225466373772948 -5.7678986166208501e-06 -3.4759348764561641e-05 0.00010049675325589693 1.8524504876328676e-05 -0.00012349806688815971 -1.5861521230658935e-05 -9.5460523984496157e-05 -6.7576674505837229e-05 7.8970557783433832e-05 1.0293434196439004e-05 -8.5425749922243376e-06 -0.00025379625138734202 -2.7734118451226291e-05 0.0003024249090398579 -0.00011624632002770395 -0.00010832372165714138
leaf_weight=970490.23100274801 27455.723593950272 571862.77990913391 11879.901637077332 4672.2978515625 386830.37426757812 62700.124908447266 223082.91309165955 33017.197378277779 388.7618408203125 197542.8430877924 157.95462334156036 185053.52032268047 12195.985685348511 656.43575751781464 653.92808723449707 412.9232274889946 355.16139632463455 337.97022819519043 284.56910157203674 35588.619864344597 5034.9838743209839 1001.4217863082886 29539.882171630859 830.6939103603363 386.40687084197998 295.45029079914093 4390.0307741165161 86570.244506835938 1627.1085597276688 198.46698665618896 239.4548921585083 93113.868376255035 2874.7964448928833 260.8229752779007 27979.168098449707 344.0904426574707 216.21496117115021 6084.6236938238144 209.46558231115341 2204.5736710429192 329.29933547973633 5557.9208927154541 84132.952209472656 222.09748125076294 565.58295941352844 252.22667455673218 4304.317263841629 955.85296773910522 742.91124826669693 1548.4784383177757 2108.6562522649765 235560.71527099609 779.61556255817413 1042.1118784546852 3744.8292064666748 24195.82390743494 134146.53203582764 337.42538058757782 12139.64201259613 316.36064910888672 1435.7344958782196 1334.8399329185486
leaf_count=675178 18893 381599 7993 2129 268908 38904 141581 26664 180 130865 66 121956 7050 324 302 155 247 145 135 24265 3211 443 20496 570 183 131 2264 69539 780 85 142 72974 1544 133 18975 176 137 3117 120 1488 240 3662 55216 79 324 117 2613 500 459 1012 954 155487 369 676 2053 17395 84926 173 8456 188 714 634
internal_value=-4.85534e-08 3.82341e-06 1.02774e-06 9.62043e-06 -3.87135e-06 3.1135e-06 5.2413e-06 9.02952e-06 3.09308e-06 3.48274e-06 -1.26186e-06 1.39455e-05 2.31001e-05 1.74753e-05 6.31579e-05 5.28335e-05 0.000206211 0.00019772 -1.11525e-05 1.95539e-05 -2.7711e-05 -6.28695e-06 1.17778e-05 0.000127653 -9.37253e-05 -1.00381e-06 -6.01176e-05 -8.84037e-07 -1.17117e-05 -5.71361e-05 0.000182206 -9.32367e-06 4.76405e-05 -7.97039e-05 2.03526e-05 3.41669e-05 -5.01863e-06 -3.50073e-05 2.39046e-06 -8.89035e-05 -3.74757e-05 -1.73811e-05 -8.34078e-06 8.59462e-06 -3.1067e-05 -4.38662e-05 -3.30156e-05 -0.000109994 9.92644e-06 7.65833e-05 -0.000144874 -1.25497e-05 -3.13421e-05 2.78607e-05 2.94283e-05 2.63224e-05 -3.31921e-06 -0.000139865 -8.33395e-06 0.000161261 -0.000147558 -4.07646e-05
internal_weight=3.50478e+06 1.74119e+06 1.17469e+06 566502 1.76358e+06 1.00295e+06 794946 561830 254501 254113 198334 307328 113367 99411 13956 12964.1 768.085 991.898 171744 97588.6 39002.5 132742 30655.1 1115.26 1822.46 198176 9425.01 1.05706e+06 102087 5096.43 437.922 96990.1 3876.22 4658.51 55779 28323.3 207999 11152.8 6294.09 4858.74 2533.87 29577.5 706524 193961 6300.08 6077.98 5825.75 1521.44 187661 2607.75 2324.87 319694 1166.02 64571.4 63529.3 59784.4 196847 632.876 24019.5 1059.27 1696.56 2961.95
internal_count=2380294 1155966 777302 378664 1224328 653066 523180 376535 169459 169279 131235 207076 79828 71929 7899 7452 402 447 124236 71053 25586 98650 21201 705 876 131169 5475 744717 77449 2488 227 74961 1987 2261 38044 19151 129886 6056 3237 2819 1728 20111 479611 127248 3633 3554 3437 824 123615 1659 1091 210703 552 44389 43713 41660 123830 304 16449 647 847 1414
is_linear=0
shrinkage=0.05


Tree=26
num_leaves=63
num_cat=0
split_feature=293 344 144 219 172 208 36 158 29 176 113 16 303 358 373 19 367 19 7 333 369 202 47 12 49 2 0 69 291 2 174 199 273 337 202 292 355 172 278 176 200 355 337 49 333 199 203 367 2 0 21 322 187 319 21 0 365 197 205 200 343 48
split_gain=0.0190308 0.010895 0.00903085 0.00814262 0.0074512 0.00741931 0.00677822 0.00630727 0.00559845 0.00711285 0.00672881 0.0051996 0.00505832 0.0061224 0.0268093 0.00639325 0.00531584 0.00500561 0.00473344 0.00922626 0.00566483 0.00765056 0.00612934 0.00882976 0.00578329 0.00560558 0.0081233 0.0063253 0.00595436 0.00595364 0.0132241 0.0067031 0.00532099 0.00471383 0.00707707 0.00462954 0.00454249 0.00451347 0.00474762 0.0044802 0.00515523 0.00444027 0.00572471 0.00467629 0.00431544 0.00493571 0.00498446 0.00429602 0.00410371 0.00405227 0.00405501 0.00398811 0.00397331 0.00381524 0.0037765 0.00377233 0.00625133 0.00390149 0.00376723 0.00375036 0.00369487 0.0036478
threshold=0.00024620794283691799 -0.020452638156712052 -3.7034967590443553e-06 0.00069662311580032121 -0.0090924091637134535 0.00023945781867951157 0.0041625318117439756 0.0081539638340473192 0.065878853201866164 0.0049730539321899423 -0.0011680481838993726 0.0039470319170504817 0.0031406297348439698 -0.67510241270065297 1.0000000180025095e-35 0.0021332311443984513 -3.5461458537611172e-05 0.0003408381599001587 0.018518720753490928 0.30211628973484045 0.00064368412131443631 0.0006312310288194568 0.065567154437303557 0.047954360023140914 0.28154654800891882 -0.0035736551508307453 -0.017543686553835865 0.03676468878984452 1.2205241322517397 -0.013965539168566464 0.014785785693675281 0.00072381008067168306 0.0089275119826197642 -0.057326857000589364 0.00039835039933677768 0.3800818026065827 -0.12267746776342391 -0.011226306669414042 0.83001035451889049 0.045717958360910423 0.0013601399841718378 -0.054404087364673608 0.0057474116329103717 0.27963083982467657 0.30589029192924505 0.00049280814710073184 0.00029260781593620783 1.0058940347335012e-06 -0.016079314053058621 0.012862880714237692 0.0072159878909587869 -0.059247955679893487 0.042363172397017486 0.010127899702638389 0.030878293327987198 -0.000341682753060013 0.0057608548086136588 0.0039669023826718339 0.00040390946378465747 0.0013601399841718378 -0.34329447150230402 0.20517430454492572
decision_type=2 2 10 2 2 2 8 2 8 2 2 2 2 2 2 2 2 2 2 2 2 2 2 2 2 2 2 2 2 2 2 2 2 2 2 2 2 2 2 2 2 2 2 2 2 2 2 2 2 2 2 2 2 2 2 2 2 2 2 2 2 2
left_child=1 3 11 8 39 -6 18 49 37 44 17 -2 -13 14 -14 16 -16 -11 55 20 32 35 -23 53 -25 26 28 -28 -21 30 -29 47 -20 -27 -35 -22 -26 -1 54 40 58 42 43 -36 -10 -46 -47 -31 -17 -4 -51 -5 -43 -24 -39 -7 -57 -58 -3 -15 -40 -52
right_child=2 4 7 51 5 6 -8 -9 9 10 -12 12 13 59 15 48 -18 -19 19 25 21 22 23 24 36 33 27 29 -30 31 -32 -33 -34 34 41 -37 -38 38 60 -41 -42 52 -44 -45 45 46 -48 -49 -50 50 61 -53 -54 -55 -56 56 57 -59 -60 -61 -62 -63
leaf_value=1.820432362530204e-05 8.1751812815808929e-06 7.954683416005816e-06 2.3189833871070842e-06 0.00012255673875416441 -4.562773794167728e-06 1.2858012944018967e-06 -3.2646896316159842e-05 -1.8846530145656384e-05 -9.2837983122286873e-05 -0.00048819373992357152 -7.8828598805181829e-05 1.0779609060224743e-05 0.00058703953758111268 2.8340273728233263e-05 0.00037852491444120227 0.00014914922628743457 8.0118602462330913e-05 -0.00013678182191658613 -8.8186448675705231e-05 4.7882406051695683e-06 -3.8949940071317905e-05 -8.1372719740066286e-05 7.8680132725678686e-05 -0.00027687306805468495 -0.00017142001386660183 -2.4874103574277741e-05 -1.5789504757012833e-05 -0.00011912044893104269 0.00023813642820917432 -6.5395135114245577e-05 0.00036449403540181167 -0.00036942782952370653 -0.00028447233678572775 -1.3875123491180225e-05 0.0003415003566766786 -0.00012065740754854098 5.8341791793392404e-05 3.1274854668573038e-06 3.3066505944525013e-06 0.00013470531046522392 -5.9193714698971087e-05 0.00014574984712159304 7.6374472086891102e-05 9.9353116538857228e-05 -2.534951020397399e-05 0.00030630800137607887 4.454520593427529e-05 -0.00022937234364969088 2.0398776079212691e-05 4.3983545633141712e-05 0.00011492891255785873 2.2756972708723203e-05 -3.9916010537546274e-05 0.00024347000372717566 -5.7009832504211383e-05 -2.6622678984346453e-05 2.2526649601566842e-06 0.00022012203824596532 4.9800533329792707e-05 -0.00011093693818632722 -7.4031475129479119e-06 -6.0862650687164151e-05
leaf_weight=35958.443439483643 338774.2392578125 64181.68913936615 569833.36806488037 1032.00634765625 1074222.8289336562 76096.939854383469 42098.257995605469 35238.5849609375 1091.8315432071686 199.49151891469955 1355.3948882818222 52341.399475097656 249.24641513824463 38257.15576171875 265.51631546020508 725.86328315734863 340.74125999212265 208.24438446760178 3555.2220914959908 685.34495687484741 4934.4128732681274 1142.0340013504028 961.83935034275055 206.68619799613953 274.20878201723099 3011.3999974131584 6524.5858978629112 462.26055872440338 452.88712930679321 1484.5246323943138 201.24602699279785 281.68406677246094 381.11403465270996 2370.1803684830666 499.96792501211166 2673.2641034126282 970.67411357164383 619717.75339460373 114955.7353515625 712.16975402832031 2678.46533203125 440.08036816120148 1274.1565998196602 334.41127598285675 1621.6952197551727 256.47754096984863 616.5060863494873 545.86286348104477 4140.5559440255165 10377.628548145294 351.85664367675781 31521.582275390625 825.89993667602539 554.15501260757446 2619.6573390960693 43167.044154405594 27242.442481994629 205.04605865478516 5868.5516290664673 487.59918212890625 268938.07251596451 1777.7263331413269
leaf_count=23751 219670 41232 388731 480 760880 48861 28881 21958 597 98 743 38224 100 25948 99 342 157 111 1862 286 3125 749 543 126 155 1829 4170 235 166 877 110 166 187 1393 220 1662 567 419627 76566 347 1459 254 632 168 851 106 317 272 2616 6444 161 18959 478 272 1654 26831 18539 107 3152 217 180085 889
internal_value=-3.90169e-08 -2.45387e-06 5.58241e-06 1.30216e-06 -5.41179e-06 -6.28839e-06 -1.4569e-05 1.69396e-06 5.3683e-07 -5.04723e-05 -0.000132639 1.10955e-05 2.13147e-05 3.37144e-05 8.19851e-05 5.8777e-05 0.000211623 -0.00031026 -1.03815e-05 -2.68896e-05 -5.5442e-05 -3.79967e-05 1.69689e-05 5.48439e-05 -3.32834e-05 -3.84114e-06 -2.82257e-05 -4.33532e-05 9.78892e-05 -0.000103741 2.82177e-05 -0.000141602 -0.000107326 2.57851e-05 5.23403e-05 -6.76853e-05 7.53867e-06 7.98761e-07 1.76725e-07 1.0082e-05 8.85803e-06 9.88291e-05 0.000143239 0.00024492 -1.00275e-05 2.6261e-05 0.000121974 -0.000109662 3.96563e-05 2.93697e-06 3.10877e-05 2.59281e-05 2.47533e-05 0.000139159 2.87416e-06 -6.43758e-06 -1.47604e-05 3.89617e-06 1.14617e-05 2.65818e-05 -4.19613e-06 -3.17372e-05
internal_weight=3.50478e+06 2.45161e+06 1.05316e+06 1.08009e+06 1.37152e+06 1.29808e+06 223858 617579 1.04754e+06 5349.64 1763.13 435582 96808.1 44466.7 5721.92 5472.68 606.258 407.736 181760 35048.1 15653.6 11717.3 4109.6 2967.56 1451.57 19394.5 10638.4 9500.16 1138.23 2975.58 663.507 2312.07 3936.34 8756.1 5744.7 7607.68 1244.88 1.04219e+06 1.00623e+06 73440.9 72728.7 3374.52 2108.54 834.379 3586.51 2494.68 872.984 2030.39 4866.42 582341 12507.2 32553.6 1265.98 1515.99 622337 146711 70614.5 27447.5 70050.2 38744.8 383894 2129.58
internal_count=2380294 1674738 705556 723945 950793 904603 143723 418183 704506 2823 952 287373 67703 29479 3314 3214 256 209 114842 20504 9248 7199 2412 1663 848 11256 6282 5830 452 1660 345 1315 2049 4974 3145 4787 722 701683 677932 46190 45843 1752 1020 388 1871 1274 423 1149 2958 396225 7494 19439 732 815 421281 94338 45477 18646 44384 26165 256651 1050
is_linear=0
shrinkage=0.05


Tree=27
num_leaves=63
num_cat=0
split_feature=276 344 35 202 321 213 372 292 256 321 108 201 327 185 36 217 208 44 231 270 359 331 199 367 316 34 199 43 266 374 344 192 349 45 48 264 59 371 41 23 237 0 355 1 193 0 77 235 201 0 35 1 46 318 199 314 41 0 48 356 355 339
split_gain=0.0186088 0.0134599 0.0118848 0.0104018 0.0122246 0.00830529 0.0125042 0.0301717 0.0104576 0.0100076 0.00821343 0.00998306 0.00793548 0.00851311 0.00791339 0.00950318 0.00784974 0.0076526 0.00715248 0.00678447 0.00669503 0.00667276 0.0126728 0.0114665 0.00614919 0.00584854 0.00755305 0.0055884 0.0104844 0.00556603 0.0055509 0.00547182 0.0053432 0.00532915 0.00530754 0.00527975 0.00513188 0.00507163 0.00586243 0.0057039 0.00501385 0.0088155 0.0073874 0.0048926 0.00485744 0.00484172 0.00707842 0.0075702 0.00502906 0.00551904 0.00481688 0.00796768 0.00677068 0.00688886 0.0252497 0.0328473 0.00647319 0.00478621 0.00471972 0.00454576 0.00513122 0.00451177
threshold=0.17001139372587207 -0.018153870478272435 0.081614442169666304 0.0017194329993799331 0.068329539149999632 0.00072442935197614144 -0.0014910081517882643 1.8204498887062075 4.4408919208649429e-08 0.039774339646101005 14.685020446777346 7.6927273767068996e-05 0.0037913726409897213 0.056720066815614707 0.0046972946729511031 0.0003007257182616741 8.6767606262583299e-05 0.022971457801759246 -0.99147740006446827 3.012184060935397e-05 1.2631921890715604e-05 0.34053415060043341 0.0010758923017419877 2.4503744953108257e-06 -0.0049174593295902005 0.0027041858993470673 0.0010758923017419877 0.0016553048626519742 0.026893996633589271 0.0039409445598721513 0.13256732374429706 0.0011001144303008916 -0.22459854930639264 0.0017773097497411074 0.35680325329303747 0.028872648254036907 1.0000000180025095e-35 -6.0555369145731666e-06 0.052014227956533439 0.0039064090233296165 0.57713085412979137 0.016877651214599613 0.064092144370079054 0.0046388874761760244 -0.0074248160235583774 -0.011039308737963436 0.070033580064773573 -0.67622652649879444 0.00086255813948810111 0.00046932196710258728 0.081614442169666304 0.059633491560816772 0.0019448557286523285 0.0063037339132279166 7.2482187533751144e-05 0.0092928335070610064 0.0043990174308419236 -0.024235775694251057 0.071172412484884276 0.099652785807847991 -0.0056392136029899112 0.89249834418296825
decision_type=2 2 10 2 2 2 2 2 2 2 2 2 2 2 8 2 2 8 2 2 2 2 2 2 2 10 2 8 2 2 2 2 2 8 2 2 2 2 10 2 2 2 2 2 2 2 2 2 2 2 10 2 2 2 2 2 10 2 2 2 2 2
left_child=2 5 10 12 17 36 7 8 -7 21 11 -1 14 24 15 20 44 30 -6 -19 40 -8 32 -24 -14 26 31 28 -18 -15 43 -13 -23 -28 57 -32 -2 39 -39 -11 50 -42 -43 -5 -16 58 48 -48 -47 -50 51 52 -3 -54 55 -55 -52 -34 -12 60 -53 -27
right_child=1 3 -4 4 18 6 9 -9 -10 37 45 25 13 29 16 -17 27 19 -20 -21 -22 22 23 -25 -26 61 33 -29 -30 -31 35 -33 34 -35 -36 -37 -38 38 -40 -41 41 42 -44 -45 -46 46 47 -49 49 -51 56 59 53 54 -56 -57 -58 -59 -60 -61 -62 -63
leaf_value=4.1801968459466776e-06 2.6680009756536642e-06 -7.689976322506067e-06 9.0300952972150817e-05 1.1468680255920152e-05 0.00037535105002265323 -3.2429117047199099e-05 1.1111598100582872e-05 0.0005407595128982906 0.0003335476669678359 -0.00020610559405285944 3.9541206585592593e-05 1.1317840457636336e-05 0.00024035337725763009 -0.00012260230169904485 -1.5199059408756765e-05 1.0216418772056369e-05 9.4685421759328521e-06 -0.0001000564398008869 -1.9524924327627705e-06 -0.00038206290770362327 1.5242412930528042e-05 -8.4794541786730105e-05 0.00013066363117066732 0.00053232177447952759 -4.5230325283772769e-05 2.5078148642395287e-05 -0.00032158070792656868 -2.3727935535498667e-05 0.00040765706559193105 -0.0003790848193652991 -3.5383985506225573e-05 -0.00026362032717306224 0.00017428363162744123 -4.7812099435993533e-05 0.00026434040746821911 0.00023450850235846567 -5.6878022821502607e-06 -2.1145798377282171e-05 0.0001962640340388873 -4.8151344328796941e-05 -8.5692801458522394e-07 6.5075370335065832e-05 0.00034124189500884557 -0.00015434390858745002 3.7405736717428167e-06 5.4564383363565301e-07 -0.00041771622677805792 -6.1577959673765812e-05 -3.1447343838171171e-06 7.1366470428435512e-05 0.0001414224339500905 -6.2633549608350403e-05 3.9666290272417311e-06 9.2868816656150086e-05 3.3368925627880025e-05 0.00088274811431034291 -4.1566219172082225e-05 3.1826342656363255e-05 6.1209080973646783e-06 3.022013191545672e-05 -1.0241169878629097e-05 5.4902177724804766e-05
leaf_weight=147976.79143255949 905200.15357214212 661436.89899718761 4214.62939453125 572.52298241853714 233.52545297145844 1024.0700688362122 32562.454869031906 387.3535590171814 239.07982063293457 768.03323078155518 16370.147464752197 38123.263467431068 195.08384430408478 883.2154723405838 57531.496185302734 123233.11924171448 8942.1664428710938 509.94349551200867 269.09869253635406 367.10831427574158 41562.781018972397 875.16251564025879 1576.1919960975647 198.7209677696228 4335.3008908033371 77072.843823432922 279.53851145505905 125280.58143615723 166.42936706542969 277.73292243480682 3438.3853970170021 179.83366239070892 615.15603518486023 484.57769948244095 262.37358951568604 189.29404449462891 230556.68505090475 3656.9239912033081 336.779052734375 2224.8214874267578 336351.49541676044 1819.2108156681061 277.6496274471283 1989.3630758523941 82250.085319757462 475741.73936533928 192.11725234985352 649.17181015014648 4681.0069997310638 5295.5200369358063 1225.6195367574692 13367.82529681921 12773.173921585083 352.55312740802765 4498.9571517705917 208.54772710800171 795.87812864780426 13278.541413784027 29781.972175598145 2270.0245567560196 7186.0197457671165 15179.169825553894
leaf_count=111939 605445 443380 1892 380 118 531 19429 159 101 357 10993 23663 107 405 48123 77630 5981 299 137 168 30310 517 806 94 2479 54366 116 92221 69 163 1886 86 234 221 105 81 151646 2139 136 1168 227385 1047 143 1001 70788 320014 90 362 2876 3201 507 8151 8255 195 2732 78 353 8044 20769 1257 4330 8636
internal_value=-3.70412e-08 -2.04449e-06 6.57528e-06 -5.20603e-06 -6.36634e-05 1.9143e-06 2.03682e-05 0.000155935 3.72581e-05 1.63924e-05 6.14049e-06 1.30854e-05 -4.90843e-06 -6.38255e-05 -4.68201e-06 -2.94064e-06 -1.23504e-05 -8.0622e-05 0.00017414 -0.000218697 -4.43623e-06 2.43189e-05 4.99042e-05 0.000176182 -3.28321e-05 2.31199e-05 6.90464e-06 -2.09787e-05 1.6832e-05 -0.000184507 -6.09927e-05 1.00133e-05 3.49717e-05 -0.000148544 4.23868e-05 -2.11794e-05 9.7178e-07 -3.96095e-05 -2.72311e-06 -8.87965e-05 -5.22076e-06 -2.1949e-07 0.000101933 -0.000117309 -4.05473e-06 2.49932e-06 1.0312e-06 -0.000143704 1.28248e-06 3.6412e-05 -7.62472e-06 -7.84672e-06 -6.87029e-06 2.35295e-05 7.28912e-05 0.000388541 6.94086e-05 3.81579e-05 1.79763e-05 -3.69034e-05 -4.43189e-05 2.99865e-05
internal_weight=3.50478e+06 2.68855e+06 816222 1.49479e+06 7569.24 1.19376e+06 58005.7 1650.5 1263.15 56355.2 812008 279296 1.48722e+06 5691.33 1.48153e+06 1.20736e+06 274171 7066.62 502.624 877.052 1.08413e+06 49368.6 16806.1 1774.91 4530.38 131319 39067.2 134389 9108.6 1160.95 6189.57 38303.1 15031.2 764.116 14156.1 3627.68 1.13576e+06 6986.56 3993.7 2992.85 1.04256e+06 338448 2096.86 2561.89 139782 532712 486560 841.289 485718 9976.53 704115 702094 679270 17833.2 5060.06 561.101 2021.5 13893.7 46152.1 22823.9 20553.8 92252
internal_count=2380294 1821070 559224 1030159 4070 790911 33820 791 632 33029 557332 199027 1026089 3154 1022935 805753 217182 3815 255 467 728123 29229 9800 900 2586 87088 24086 98271 6050 568 3348 23749 8900 337 8383 1967 757091 3800 2275 1525 697813 228575 1190 1381 118911 358305 326543 452 326091 6077 469238 468378 454640 11260 3005 273 860 8278 31762 13738 12481 63002
is_linear=0
shrinkage=0.05


Tree=28
num_leaves=63
num_cat=0
split_feature=217 327 53 278 35 349 372 53 130 359 0 35 35 347 198 181 313 197 259 192 187 359 16 109 310 109 6 198 177 45 51 349 356 24 364 337 355 198 46 355 318 278 175 177 292 51 0 355 266 51 179 358 198 359 49 109 0 43 202 314 346 266
split_gain=0.017652 0.00955726 0.0133037 0.00971454 0.0100188 0.0100933 0.00986207 0.00863577 0.00801927 0.0063691 0.00617987 0.00894453 0.00668225 0.00634766 0.00604244 0.00603701 0.00599164 0.0119711 0.00595414 0.00533988 0.0143628 0.00524975 0.00497799 0.00492401 0.00598651 0.00491904 0.00507291 0.00505785 0.00729107 0.0068796 0.00470219 0.00464537 0.00613552 0.011261 0.00457358 0.00474437 0.00434516 0.00478505 0.00424078 0.00403688 0.00378965 0.003748 0.00371852 0.00366631 0.00361848 0.00350855 0.00346967 0.00343917 0.00467781 0.00339447 0.00331933 0.00330908 0.00598128 0.0032289 0.00450114 0.00762978 0.00684924 0.00521246 0.0043964 0.00556457 0.00413163 0.00352902
threshold=6.2011029513087137e-05 -0.00097716663731262066 0.00074263053829781722 0.12000141665339471 0.073004703968763365 0.13814192265272143 -0.0014011946041136978 2.8991644285270016e-05 inf -8.362585504073648e-06 -0.011932536493986843 0.073004703968763365 0.060791891068220145 0.1349252983927727 0.0078186104074120539 3.5395400118432015e-05 0.034015435725450523 0.0052974459249526271 0.20001282542943957 0.022734441794455055 0.0076493602246046075 1.0000000180025095e-35 0.0045040745753794917 14.805061817169191 -0.0022052819840610023 107.61749649047853 0.057851983234286315 0.0078186104074120539 0.0078490027226507681 0.001320206269156188 2.2381948838301472e-05 0.0050587337464094171 0.10530115291476251 0.011286082211881878 -4.5906626837677316e-05 -0.016948767006397244 0.21471524238586429 0.0033764197723940019 -0.0038372693816199894 -0.23096993565559384 0.0046466728672385224 0.37000538408756262 -0.062293127179145806 -0.0053802083712071172 -2.6759457458119564e-15 4.8691583288018598e-05 0.00052703541587106894 -0.15732572972774503 0.026893996633589271 0.00083341484423726808 -0.069648042321205125 -0.25598269701004023 0.0078186104074120539 4.568527629089659e-06 0.19653940200805667 79.26727676391603 -0.012549248989671467 0.022445259615778927 0.00097726326202973745 0.011540005449205639 0.059500383213162429 0.0010706413886509838
decision_type=2 2 2 2 10 2 2 2 8 2 2 10 8 2 2 2 2 2 2 2 2 2 2 10 2 10 2 2 2 10 2 2 2 2 2 2 2 2 2 2 2 2 2 2 2 2 2 2 2 2 2 2 2 2 2 10 2 10 2 2 2 2
left_child=7 16 3 4 19 -6 -7 21 49 22 11 36 13 30 -10 -8 25 -18 -13 53 -21 -1 -5 24 -22 27 50 31 34 -30 -12 42 -33 -34 35 46 -11 -38 -15 -26 44 -42 -2 -41 -40 -9 -29 48 -23 -4 -27 -51 -53 54 55 57 60 58 -3 -60 -57 -58
right_child=1 2 8 9 5 6 15 45 14 10 12 18 -14 38 -16 -17 17 -19 -20 20 23 47 -24 -25 39 26 -28 28 29 -31 -32 32 33 -35 -36 -37 37 -39 40 43 41 -43 -44 -45 -46 -47 -48 -49 -50 51 -52 52 -54 -55 -56 56 61 -59 59 -61 -62 -63
leaf_value=-4.3312503237472642e-06 -2.7791179347800905e-05 2.6666362394524683e-06 -1.3931648445090261e-05 -1.3931648445090261e-05 2.4791628858148874e-05 0.0004809651547215629 0.00030033085283310038 -4.9615133315675672e-06 -8.1194544293607766e-05 1.228862682101268e-05 4.3991139182984892e-06 1.0068615289215753e-06 -1.3931648445090261e-05 8.9694991936220671e-06 -0.00038386047751108273 4.8896569259828601e-05 1.446148650624263e-05 0.00031868326974927218 0.00023220512935815361 0.00052135016062117539 0.00031598645015090579 7.3304250056848796e-06 5.5463135008848352e-06 1.7074607415647314e-05 0.00011663013123222055 -0.00020735464962262228 -0.00010900542759132906 -2.5112138237600785e-05 0.00035801267955813416 -3.3207779605956949e-05 -3.4275330441936341e-06 3.1161333840742812e-05 7.1393553036130304e-05 0.00036794701173003305 -0.00020030945940949704 2.3440545131175727e-05 3.2492206350254897e-05 0.0002054281782463798 4.8114020946548966e-05 0.00027316588324932689 1.6591300358667599e-05 9.3272534444500846e-05 1.8293625612465823e-05 2.5863075539493886e-05 4.3991139182984892e-06 -1.2844655759306583e-05 -0.0002304616150216377 -2.4430674427682396e-07 0.00022840361890649554 -1.3931648445090261e-05 2.5158930055704422e-06 -3.9829595209390199e-05 -0.00018018253055540655 2.9404520637124726e-05 -4.2939134108782578e-07 4.188185721316843e-05 1.2222540387810279e-05 0.00027920383138494033 -6.3439414600058051e-06 0.00035120028028233692 0.00015138031442795902 4.5051728025507731e-05
leaf_weight=642757.07597345114 4606.1529331207275 67264.887546300888 78448.155683994293 48632.526951313019 1783.9178574085236 261.96584129333496 368.75874137878418 323035.51647949219 529.58303833007812 79249.952842950821 422985.92867469788 430.7014946937561 23206.724670410156 102588.12456989288 238.47964477539062 673.2032630443573 960.57562255859375 485.61972045898438 786.01154851913452 146.92396640777588 226.69968199729919 193038.45582580566 34072.347060680389 21859.378179550171 1995.5228196382523 187.52240395545959 1075.8200073242188 393.11142945289612 199.97359228134155 252.61185264587402 351275.84422278404 21344.617648541927 2619.7726104259491 362.98180818557739 578.41611170768738 1179.9919476509094 1181.2571468353271 603.53380393981934 6136.3512495756149 152.43170326948166 2554.0417473316193 4239.7849814891815 87424.907330572605 5111.7887205481529 7204.8994990587234 250679.9033203125 430.74856996536255 502227.31042480469 237.58140563964844 3677.6515197753906 31886.670063495636 14226.653764247894 800.11822509765625 17699.334973216057 100296.9158796072 1638.4862186908722 19958.722188949585 170.11171054840088 231.24725580215454 203.43105554580688 1819.5080783367157 13878.66668510437
leaf_count=448214 2576 42999 49862 33286 889 99 146 222334 272 53830 288481 169 13029 65366 95 343 514 192 281 79 104 134530 27963 14602 1054 115 801 223 110 129 232093 12311 1348 149 230 610 867 348 4011 105 1586 2404 52187 3230 4576 162753 276 357354 128 1979 20620 8625 430 12124 72923 1155 13292 77 136 101 1234 8345
internal_value=-3.51174e-08 3.85262e-06 2.58554e-06 3.8848e-06 1.26513e-05 0.000102141 0.000207763 -3.27385e-06 -1.52058e-05 1.81874e-06 2.91902e-06 1.60498e-05 1.74529e-06 2.52282e-06 -0.000175924 0.000138286 1.56915e-05 0.000116916 0.0001505 1.15568e-05 3.15513e-05 -1.07367e-06 -1.15172e-05 2.90637e-05 6.40562e-05 1.47303e-05 -2.3093e-06 1.94614e-05 -4.42419e-05 0.000140466 8.48232e-07 2.11236e-05 4.05543e-05 0.000107705 -7.66988e-05 -4.08542e-05 1.40274e-05 9.11356e-05 1.30876e-05 5.61043e-05 3.40663e-05 6.44587e-05 1.59865e-05 3.3125e-05 1.85822e-05 -8.40602e-06 -0.000132776 1.93685e-06 7.60454e-06 -1.39316e-05 1.27603e-06 -3.52312e-05 -4.73258e-05 8.91408e-06 7.14868e-06 1.43758e-05 3.25429e-05 4.39209e-06 3.69333e-06 0.00016183 9.95513e-05 2.56896e-05
internal_weight=3.50478e+06 1.5928e+06 1.43881e+06 1.34089e+06 255742 3087.85 1303.93 1.91198e+06 97920.6 1.08515e+06 1.00244e+06 82251.5 920192 896985 768.063 1041.96 153989 1446.2 1216.71 252654 29492.7 1.33826e+06 82704.9 29345.8 7486.44 152543 33150 119393 3034.85 452.585 774262 116358 24327.4 2982.75 2582.27 2003.85 81034.7 1784.79 122723 7259.74 20135.1 6793.83 92031.1 5264.22 13341.3 573715 823.86 695503 193276 97152.6 32074.2 18704.4 15026.8 223161 205462 105165 37295.4 67869.7 67699.6 434.678 3457.99 33837.4
internal_count=2380294 1054981 962590 901327 173037 1477 588 1325313 61263 728290 667041 55495 611546 598517 367 489 92391 706 450 171560 19174 940226 61249 19095 4493 91685 21536 70149 1578 239 520574 68571 13808 1497 1339 1109 55045 1215 77943 4389 12577 3990 54763 3335 8587 385087 499 492012 134658 60896 20735 11034 9055 152386 140262 67339 24026 43313 43236 237 2389 21637
is_linear=0
shrinkage=0.05


Tree=29
num_leaves=63
num_cat=0
split_feature=219 218 359 0 334 364 42 134 152 2 48 108 225 177 44 189 259 243 47 199 15 279 317 292 322 344 201 52 343 329 339 204 25 39 346 212 219 75 327 306 364 315 202 336 190 334 256 198 48 24 176 48 278 259 355 316 201 48 317 174 311 34
split_gain=0.0168892 0.0128306 0.00894612 0.00892828 0.0132584 0.0101575 0.00988173 0.00870563 0.00732518 0.00856618 0.0102616 0.0115116 0.0110829 0.0127442 0.00995631 0.00730002 0.00729268 0.00730427 0.00718634 0.00823654 0.00808001 0.0066477 0.00642872 0.00687889 0.00638862 0.00748789 0.00617053 0.00582348 0.00580681 0.00576493 0.00516304 0.00649004 0.0063884 0.004751 0.00473791 0.00446675 0.00444984 0.00442692 0.00438195 0.0043757 0.00958806 0.00554807 0.00436909 0.00474244 0.00423976 0.00587415 0.00610717 0.00540554 0.00525233 0.0070683 0.00432364 0.00492179 0.00492377 0.00462135 0.00401122 0.00397581 0.00389567 0.00420408 0.00386895 0.00795329 0.00662915 0.00748552
threshold=6.1489186919061481e-05 8.8758268248057006e-05 4.568527629089659e-06 -0.027487963438034054 0.31951618194580084 -8.428535875282249e-05 0.022184388712048534 -1.0000000180025095e-35 inf 0.0053303977474570283 0.25081275403499609 14.595041751861574 -0.52187946438789357 -0.0044082747772335997 0.022971457801759246 0.067411929368972792 0.29137262701988226 -0.65891897678375233 0.01857847906649113 0.00061624700902029883 -0.050302514806389802 0.4600015282630921 0.073012493550777449 1.3399390578269961 -0.02738704718649387 0.030236372724175457 0.001635046908631921 1.0000000180025095e-35 -0.0061853439547121516 0.22296116501092914 0.97979149222373974 0.00084552555927075456 0.0044491318985819825 0.0056629481259733447 0.12691731005907061 4.1099698137259118e-05 0.00048691601841710513 0.058010840788483627 -0.0010041766217909751 0.049293542280793197 -0.0010673830402083693 0.054894799366593368 0.00070640261401422333 -0.034072795882821076 0.059957811608910568 0.60462805628776561 0.21544124186038974 0.0024276467738673095 0.35680325329303747 0.0016777550918050113 0.0127820847555995 0.21954017132520678 0.71000567078590404 0.49738569557666784 -0.09690412878990172 -0.00077576501644216467 0.00017595587269170212 0.071172412484884276 0.027669414877891544 0.022409618832170967 -0.00036536560219246889 0.023330811411142353
decision_type=2 2 2 2 2 2 8 2 8 2 2 2 2 2 10 2 2 2 2 2 2 2 2 2 2 2 2 2 2 2 2 2 2 8 2 2 2 2 2 2 2 2 2 2 2 2 2 2 2 2 2 2 2 2 2 2 2 2 2 2 2 10
left_child=7 27 3 4 5 16 24 -1 9 18 11 12 13 -11 -12 28 17 -3 19 -5 42 44 -14 -24 -6 55 -7 -2 30 -17 39 -32 -33 -19 36 -9 -23 -13 -29 41 -41 -4 -20 -44 48 47 -47 -46 -22 -50 53 52 -52 -49 -16 -26 57 -40 59 -38 61 -61
right_child=1 2 15 8 6 26 -8 35 -10 10 14 37 22 -15 54 29 -18 33 20 -21 21 34 23 -25 25 -27 -28 38 -30 -31 31 32 -34 -35 -36 -37 58 -39 56 40 -42 -43 43 -45 45 46 -48 50 49 -51 51 -53 -54 -55 -56 -57 -58 -59 -60 60 -62 -63
leaf_value=-7.7939770582597145e-06 1.1146694230143045e-06 -0.00010669286295426533 3.0913142197821586e-05 2.2688510211596595e-05 -2.5399495613111408e-05 -2.659580754302467e-05 -3.573486936398268e-07 1.7684864851945515e-06 -0.00010971252183654816 0.00067590903196826238 -0.00026773391100806383 1.9688733888433523e-05 6.7651805546525433e-05 0.00012782267223707583 -8.6017675418903261e-05 -0.00013200554028569981 0.00019175667738095478 9.1983892040143348e-05 -2.3663247530388788e-05 0.00017269565074040202 -9.8295141532275838e-06 5.3160727874517941e-07 8.5794173568786052e-05 0.00042436294545470385 0.00040487005487193972 0.00013303941625676622 -0.00021108775328284075 2.9781672468618976e-05 8.5365833767710028e-06 4.8279697128175461e-05 6.1176619267508595e-05 5.2279541295830823e-05 0.00036636116367105582 -0.00011871292448420819 -6.9979732013587789e-06 -3.80108517458621e-06 1.6032165245389334e-05 -0.0001368868704814147 1.2287539267761186e-05 0.0004402323677623942 -1.2594134695221831e-05 -9.8492509402132989e-05 -2.4500234942816472e-05 -0.00013470856069199306 6.4976275705007474e-06 -2.1990913261717726e-05 0.0002899400778697737 -7.1403438169403275e-05 0.00031134151249279682 2.4638716247428992e-05 -0.00015647111571560077 -6.8855068069366255e-05 -0.00042080821069050763 0.00017164843111445755 8.7637770097390223e-05 0.00017412605721877297 1.6243910440130648e-05 1.1146694230143045e-06 -1.385572294078041e-05 0.00041339597088266056 5.073865087713313e-05 0.00011211328848874835
leaf_weight=633407.79934692383 175977.54428100586 888.43819779157639 19478.425100922585 9944.6317106485367 325.76425170898438 1277.688782453537 1108.61518907547 790249.46266168356 1607.291939496994 179.20889919996262 453.80421447753906 2835.6750962734222 3912.2072794437408 258.63705855607986 645.87250065803528 1444.6032463908195 709.95489025115967 1920.2484453320503 7984.8561477661133 1005.944465637207 205557.28799474239 180364.21890360117 325.45952999591827 278.38655269145966 557.57461881637573 1218.5034108161926 700.94813537597656 31252.933471679688 51209.80640733242 638.16750556230545 2722.5998516082764 278.91135811805725 386.437335729599 309.05243515968323 138635.50761717558 661177.80895996094 51982.744802474976 534.83967304229736 171558.12050247192 200.04454064369202 277.1322934627533 863.14189147949219 1702.8582202196121 2288.6629589796066 2124.4378096461296 418.93510550260544 248.64034950733185 3140.5070586800575 287.663449883461 835.315554022789 542.49830198287964 812.96097660064697 262.13657867908478 206.67532330751419 681.2144935131073 287.26547622680664 183671.6203994751 137871.39413833618 9392.24658203125 298.26970243453979 2390.8856534957886 665.42215871810913
leaf_count=441109 119525 376 11737 5715 137 706 558 564802 780 102 190 1751 2277 162 302 690 270 776 4573 470 130886 117656 145 108 195 444 282 18981 32654 304 1424 139 164 131 88351 456784 31937 348 111944 84 154 472 830 1130 1444 230 99 1642 116 387 294 389 155 88 296 108 116015 99014 5502 140 1435 385
internal_value=-3.86069e-08 4.16716e-06 -5.21655e-07 -2.45846e-06 4.616e-05 -1.73793e-07 0.000123032 -2.90307e-06 -3.17344e-06 -2.9018e-06 4.27587e-05 6.60624e-05 0.000114546 0.000354206 -6.61214e-05 1.55252e-05 4.7369e-05 1.43879e-05 -3.64484e-06 3.64975e-05 -4.36541e-06 -3.55117e-06 9.11638e-05 0.000242768 0.00018024 0.0002127 -9.21007e-05 8.98502e-06 1.80761e-05 -7.67723e-05 3.82548e-05 9.54811e-05 0.000235251 6.26943e-05 3.89166e-07 -7.68657e-07 4.56767e-06 -5.22342e-06 1.16264e-05 2.89338e-05 0.000178287 2.5413e-05 -4.50258e-05 -8.77274e-05 -1.06022e-05 -4.68887e-05 9.47077e-05 -6.02455e-05 -9.23995e-06 9.85037e-05 -8.87961e-05 -0.00015588 -0.000243418 -5.63024e-05 3.12012e-06 0.000327008 1.04756e-05 7.05149e-06 1.58135e-05 2.08495e-05 9.54451e-05 0.000206026
internal_weight=3.50478e+06 1.41994e+06 719609 642110 9304.05 5806.33 3497.72 2.08484e+06 632806 631199 10105.3 8324.41 4953.9 437.846 1780.89 77499.3 3827.69 3117.74 621093 10950.6 610143 598166 4516.05 603.846 2389.11 2063.34 1978.64 700332 75416.5 2082.77 24206.7 3387.95 665.349 2229.3 383729 1.45143e+06 245094 3370.51 524354 20818.7 477.177 20341.6 11976.4 3991.52 214437 7756.79 667.575 7089.22 206680 1122.98 4964.78 1617.6 804.635 3347.18 1327.09 844.84 493101 309430 64729.6 55337.3 3354.58 963.692
internal_count=2380294 917599 452120 404298 3983 2541 1442 1462695 400315 399535 5681 4893 2794 264 788 47822 1553 1283 393854 6185 387669 381136 2530 253 884 747 988 465479 46828 994 14174 1727 303 907 245406 1021586 157055 2099 345954 12447 238 12209 6533 1960 135730 4341 329 4012 131389 503 2568 838 449 1730 598 303 326973 210958 39399 33897 1960 525
is_linear=0
shrinkage=0.05


Tree=30
num_leaves=63
num_cat=0
split_feature=50 278 16 359 343 50 134 64 19 36 48 109 36 191 311 16 1 311 24 109 207 2 203 42 311 1 362 339 2 371 256 281 46 2 52 211 52 195 36 179 1 42 57 38 355 371 0 43 371 109 44 22 223 357 22 46 348 0 205 212 0 35
split_gain=0.0165084 0.0125558 0.00789295 0.0107831 0.00659491 0.00535062 0.00533384 0.00519819 0.00462946 0.00391983 0.00386643 0.00379673 0.0037873 0.0037734 0.00362226 0.00281163 0.00279613 0.00278177 0.00268996 0.00262041 0.0025955 0.00258693 0.00254989 0.00254396 0.00252293 0.00356746 0.00738309 0.00475252 0.0031655 0.00258 0.00710455 0.00246956 0.00244166 0.00234412 0.00228959 0.00215528 0.00211351 0.0019923 0.00188915 0.00188032 0.00315829 0.00214789 0.00184161 0.00181523 0.00178038 0.00173761 0.00159858 0.00184446 0.00159772 0.00175614 0.00182208 0.00162516 0.00161702 0.00174413 0.00157673 0.00156485 0.00155428 0.0015333 0.00166542 0.00210124 0.00153234 0.00304794
threshold=0.00024621089687570935 0.716291904449463 0.0043052679393440494 -9.652053449826779e-06 -0.35550320148468012 7.0593996497336784e-06 -1.0000000180025095e-35 0.00030810771568212664 1.7697707335173621e-05 0.0046972946729511031 0.072276182472705855 66.748500823974624 2.1157576156838335e-05 0.021111134439706806 9.1802785391337255e-06 0.00067388531169854115 0.0012480836012400689 -0.032301751896738999 2.4907662918849386e-05 109.19491577148439 2.2452562916441824e-05 -0.018420637585222718 0.00081219192361459147 0.05531145632266999 -0.0091075785458087904 0.059633491560816772 0.001676920452155173 1.4970083832740786 -0.0066079050302505484 5.3403513788907741e-07 0.16538248211145404 0.2333004027605057 0.0168658746406436 0.00010778212890727447 1.0000000180025095e-35 1.8162567357649099e-05 0.0094728656113147753 2.7939202482230033e-05 0.0041625318117439756 0.00024625699734315282 0.064584005624055876 0.01331164548173547 0.82387247681617748 0.00027616582519840455 -0.19999860227107999 1.8131903800622243e-07 0.00068594361073337506 0.011151568032801153 -1.1324824299663304e-05 14.555070400238039 0.00044851835991721606 0.001255575683899224 -4.4408919208649416e-08 -0.76897394657134999 0.03929856792092324 -0.01165857771411538 -0.004964445484802126 0.015415255911648275 2.7907823096029464e-05 0.00012352770863799381 -0.013953062705695627 0.028028547763824466
decision_type=2 2 2 2 2 2 2 2 2 10 2 10 8 2 2 2 2 2 2 10 2 2 2 10 2 2 2 2 2 2 2 2 2 2 2 2 2 2 10 2 2 10 2 10 2 2 2 8 2 10 10 2 2 2 2 2 2 2 2 2 2 10
left_child=1 2 3 13 19 21 9 12 -4 24 34 14 -2 15 20 -1 -13 22 -10 35 43 54 -9 -15 -6 44 -27 29 -29 -28 -31 55 33 38 -7 -3 -19 -11 -16 -33 41 -41 -18 -8 -26 -34 47 -45 51 50 -50 -39 -52 -54 -5 -22 -21 58 -46 -60 61 -14
right_child=7 4 8 5 6 10 11 17 18 37 -12 16 60 23 32 -17 42 36 -20 56 31 -23 -24 -25 25 26 27 28 -30 30 -32 39 45 -35 -36 -37 -38 48 -40 40 -42 -43 -44 46 57 -47 -48 -49 49 -51 52 -53 53 -55 -56 -57 -58 -59 59 -61 -62 -63
leaf_value=-5.2162733909823369e-05 3.4889605491251909e-05 -2.115443110381521e-06 -0.00028411578831049597 -6.4884461683512199e-06 7.2040999701666197e-06 2.8867392805990162e-06 7.2133802731112783e-06 6.6892994327396051e-05 -0.0001322768570089791 -8.1663143752787367e-06 -3.1281869286277165e-07 2.3686529495583546e-06 1.6395753873672328e-05 8.5381643671247102e-06 -6.9713670573083582e-06 -2.1618017665293563e-05 -7.7786775552037722e-06 2.4833188493959889e-05 8.5381643671247102e-06 -2.819304058665988e-05 -5.6600987149925299e-06 -3.1281869286277165e-07 0.00026619972381880139 -0.00012572869373383692 -4.6022037867520879e-07 1.3678892636963049e-06 -3.8883367087299631e-05 -0.0002855530145684084 -0.00010475747925745103 -4.8792239116934982e-05 -0.00036920541090133661 7.5748808536538595e-06 -2.1473305502218537e-05 8.5381643671247102e-06 8.5381643671247102e-06 8.5381643671247102e-06 8.445674688854097e-05 -0.00014535570924766427 -2.4103476468755631e-05 3.0705529464029192e-06 -6.9140367842988252e-05 -2.9236190049379438e-05 -1.7576456533362366e-05 -6.1293478025646808e-06 -1.8284219741411627e-05 -0.00012035306442176636 -1.4778539143762543e-05 8.5381643671247102e-06 -0.00015883072956778682 2.9972089836831795e-06 -6.1015554427248399e-05 -8.4909098110267286e-06 8.5381643671247102e-06 -3.2127864870687124e-05 -0.00014975781147050045 -6.2866553172152498e-05 -3.0767858820875275e-06 8.5381643671247102e-06 -4.192856101066869e-06 -1.4320266402636203e-05 8.5381643671247102e-06 6.5084478116380216e-05
leaf_weight=10217.923143386841 14535.178869605064 55797.612157821655 147.23659229278564 212367.70008468628 24176.136199951172 191398.32229220867 29859.086923599243 549.21802520751953 409.02658867835999 21669.488849639893 265140.775390625 51381.466323852539 25340.060664653778 6740.5234069824219 81373.027640283108 28692.1585521698 173757.5664665699 20126.291004776955 213321.0478541851 8080.523422896862 2724.5326731801033 457375.42651385069 225.96620941162109 351.6893310546875 57470.853344678879 7190.0747883319855 4938.3137700557709 370.6274625658989 703.35903888940811 680.91133588552475 230.29482680559158 183453.95444256067 970.12645280361176 9688.4003203511238 193663.79189550877 112662.45730018616 1603.3711624145508 218.67867875099182 20056.34769320488 40586.761888444424 1764.4304580688477 5889.5373010635376 66247.326889753342 69015.091094255447 56103.758536279202 819.39948713779449 39734.62957239151 13809.495901346207 289.18999111652374 3466.3161377906799 4582.0920261144638 12696.390107870102 1730.7248687744141 30391.541825294495 190.21710205078125 2128.5904285311699 25894.996962845325 2700.172492980957 118237.5415032506 90359.680653572083 423557.29895544052 3679.8079795837402
leaf_count=6975 8753 37555 87 140871 14867 129420 20173 266 225 18179 182855 32247 16776 4361 54098 21872 116398 11891 161015 5827 1666 314932 101 153 39117 4368 2953 210 384 375 119 126918 471 6244 123665 72532 817 138 14717 26899 983 4479 44077 51894 39085 441 31577 12020 160 2382 2998 9577 1004 21694 107 1204 18622 1751 78664 57010 276967 1487
internal_value=2.27638e-08 -1.36059e-06 1.71378e-06 2.73339e-07 -4.74823e-06 1.10258e-06 -6.12305e-06 8.53816e-06 8.53816e-06 -1.05504e-05 4.33371e-06 -3.6773e-06 8.53816e-06 -2.35227e-05 -1.04153e-06 -2.96414e-05 -8.217e-06 3.25675e-05 8.53816e-06 3.61514e-06 1.24707e-06 -2.03338e-06 0.000125526 8.53816e-06 -8.40066e-06 -9.51361e-06 -3.41212e-05 -7.09663e-05 -0.000167564 -5.31796e-05 -0.000130404 4.52562e-06 -8.92565e-06 -7.99188e-06 7.53313e-06 6.16987e-06 2.924e-05 -2.09533e-05 -1.03594e-05 5.26511e-06 -3.51862e-06 -1.02448e-06 -1.04832e-05 -3.84112e-06 -8.44437e-06 -6.68328e-05 -6.5344e-06 -2.57906e-06 -2.61441e-05 -3.10315e-05 -3.422e-05 -1.08305e-05 -3.32296e-05 -2.92625e-05 -6.61807e-06 -3.07665e-05 -9.05159e-06 -1.01603e-05 -1.06369e-05 -8.57992e-06 8.53816e-06 2.25737e-05
internal_weight=3.50353e+06 3.01392e+06 1.58002e+06 1.36614e+06 1.4339e+06 1.32014e+06 1.23147e+06 489617 213877 438206 650203 793260 467112 46002.3 501873 38910.1 291386 22504.8 213730 202436 388966 669933 775.184 7092.21 363162 338986 14113.6 6923.51 1073.99 5849.52 911.206 236548 112907 111118 385062 168460 21729.7 75044.4 101429 231695 48240.7 46476.3 240005 152418 324872 1789.53 122559 82824.6 53374.9 40459.9 36993.5 12915.1 36704.4 32122.3 212558 4853.12 33975.5 267401 264701 208597 452577 29019.9
internal_count=2379673 2062615 1086538 925211 976077 891850 841541 317058 161327 295035 435940 546506 303983 33361 353784 28847 192722 13075 161240 134536 277813 455910 367 4514 238903 224036 8409 4041 594 3447 494 162149 75971 75059 253085 110087 12708 56132 68815 159279 32361 31378 160475 115664 215627 912 95491 63914 37953 28238 25856 9715 25696 22698 140978 2870 24449 176510 174759 135674 295230 18263
is_linear=0
shrinkage=0.05


Tree=31
num_leaves=63
num_cat=0
split_feature=52 218 213 218 359 48 217 59 0 334 35 261 204 372 372 315 259 292 0 365 213 338 48 370 19 359 345 48 225 174 197 201 210 365 12 338 42 330 365 19 218 15 257 363 0 230 319 59 279 322 334 210 226 3 319 0 49 358 314 181 354 331
split_gain=0.0150337 0.00997253 0.00890143 0.00767021 0.0060444 0.00492335 0.0059229 0.00423002 0.00400611 0.00455322 0.00717525 0.00550172 0.00527019 0.00384513 0.003483 0.00577275 0.00359494 0.0034838 0.00396545 0.00339418 0.00584725 0.00686939 0.00683359 0.00395246 0.00491086 0.0033486 0.00319078 0.00299795 0.00421656 0.00338377 0.00293523 0.00292295 0.00531733 0.00470751 0.00422076 0.00507084 0.00455324 0.00447893 0.00310659 0.00283211 0.00279195 0.00276939 0.00739852 0.00276217 0.00271315 0.00266891 0.00263708 0.00259732 0.00308208 0.00259112 0.00258479 0.00255233 0.00253078 0.00251693 0.00281903 0.00293821 0.00253961 0.00237064 0.00231397 0.00218718 0.00208418 0.00205058
threshold=3.3265516321989714e-05 0.00020901706011500212 0.00031684160057920968 3.3861530027934357e-05 1.281393963381561e-06 0.071172412484884276 4.535911830316764e-05 1.0000000180025095e-35 -0.020473274402320382 0.32286587357521063 0.023910600692033771 1634033.9375000002 0.00084552555927075456 -0.00026979012181982393 -2.2586310478800439e-05 0.017170745879411701 0.53753033280372631 -0.049025399610400193 -0.011039308737963436 0.0028232197510078554 0.00078085067798383545 0.84893688559532177 0.18502659350633624 0.0039933747611939916 0.0020222312305122618 1.2631921890715604e-05 0.081414811313152327 0.35680325329303747 0.01822800096124411 0.020096793770790104 0.0032660290598869328 0.001102554611861706 3.3561596865183681e-05 0.0042429629247635612 0.018729825504124168 0.26728455722332006 0.021149873733520511 0.4518579244613648 0.017213580198585991 0.0056998527143150577 4.5771492295898504e-05 -0.010738100390881298 0.31636308133602148 1.7731927073327827e-06 -0.000234066741541028 -1.9647284150123594 0.00057300689513795089 0.80778390169143688 0.55685466527938854 0.0066312120761722335 0.38243976235389715 0.00041901228541973984 -0.034508638083934777 -0.0050835092552006236 0.0019741217838600282 -0.0036162483738735314 0.25516547262668615 -0.046478353440761559 0.029510608874261383 -1.0000000180025095e-35 -0.27892985939979548 0.3541353195905686
decision_type=2 2 2 2 2 2 2 2 2 2 10 2 2 2 2 2 2 2 2 2 2 2 2 2 2 2 2 2 2 2 2 2 2 2 2 2 10 2 2 2 2 2 2 2 2 2 2 2 2 2 2 2 2 2 2 2 2 2 2 2 2 2
left_child=3 2 5 -1 8 6 -2 -5 9 11 -11 45 46 -12 17 16 -16 50 -19 -6 -21 41 -23 24 43 -7 31 47 -29 -30 -15 -4 -33 -34 38 -36 37 58 -35 -38 -20 42 -22 -24 -18 51 -13 48 -10 -46 53 -3 -26 -8 56 -56 -55 -39 59 -37 -43 -58
right_child=1 4 26 7 19 25 14 -9 27 10 13 12 -14 30 15 -17 44 18 40 20 21 22 23 -25 52 -27 -28 28 29 -31 -32 32 33 34 35 36 39 57 -40 -41 -42 60 -44 -45 49 -47 -48 -49 -50 -51 -52 -53 -54 54 55 -57 61 -59 -60 -61 -62 -63
leaf_value=4.3519035848521366e-07 2.3788178560344547e-06 2.0612109120664539e-05 2.0148655449650363e-05 -5.3754292783346017e-06 -5.3754292783346017e-06 4.3519035848521366e-07 0.00021857776287894466 -1.2184719252919739e-05 -5.3754292783346017e-06 -5.3754292783346017e-06 -5.3754292783346017e-06 -5.3754292783346017e-06 0.00034137526419487322 0.00027397820846401225 2.8699539687388069e-05 0.00030870847214306947 4.1318488877970705e-05 3.961209924328951e-05 1.3647792899287197e-05 8.1394732588580189e-06 3.4325730634106616e-05 9.7113495574484122e-06 0.00015251522320301785 0.00030578986922771476 7.753340116389063e-07 1.5972246871140039e-05 9.0535618758352227e-06 -4.1820488379654252e-06 2.0801560368291286e-05 0.00023011117281372456 9.9213492647874183e-05 0.00025627703087626727 4.3519035848521366e-07 4.3519035848521366e-07 4.3519035848521366e-07 0.00029978107972377093 0.00018197174164376104 8.4014567937495141e-05 0.0001423918784254382 4.3519035848521366e-07 -1.2282560363326077e-06 7.5216095178229115e-05 0.0003668653189167472 0.00036014268131314076 0.00033579937154068788 -5.3754292783346017e-06 0.00013614997329743371 -1.2184719252919739e-05 4.676828490964378e-06 9.6366875161631253e-05 1.6354046050351022e-05 0.00020393319032613766 0.00011904801321316425 2.1722956095182459e-05 4.3519035848521366e-07 9.1751864943727924e-05 4.021220285920067e-05 0.00025862844972159731 0.00036881682558072488 6.4191565969883273e-05 -5.3754292783346017e-06 0.00026511376474972116
leaf_weight=1173533.7207667232 183555.46655273438 543.79318284988403 96655.946105957031 872490.82171201706 14061.682197570801 299910.18603515625 198.9877347946167 228075.06842470169 100719.12072426081 981.24878418445587 261.22289252281189 684.36557173728943 189.74658393859863 643.25595736503601 7697.1254634857178 201.97489500045776 399.70208859443665 10350.833252310753 75785.277632951736 31927.170310974121 2873.2239438295364 1513.7961118817329 397.40158993005753 318.51309859752655 653.92804485559464 34678.383422851562 69884.150817871094 1088.511744260788 321.67086625099182 482.68469905853271 388.04861688613892 297.1570919752121 3847.9696815609932 1966.0736389756203 648.82833284139633 210.03469967842102 234.26715087890625 1002.2712006568909 428.75890922546387 508.04813027381897 54024.027004241943 817.22383594512939 175.65248191356659 272.82280790805817 233.02677655220032 6529.1146234273911 604.81724190711975 94663.990803658962 81256.168013095856 221.9443826675415 23525.881475448608 290.15723609924316 1465.0898197889328 10299.658370673656 647.56223201751709 3740.2742931842804 210.75912690162659 240.43830364942551 344.06713485717773 186.57669222354889 2980.0811449885368 194.76739519834518
leaf_count=835080 121286 298 60963 596327 7741 207888 110 152077 63137 596 103 390 72 234 4323 110 221 6751 48466 20019 1679 836 171 164 296 24920 43320 490 147 184 147 159 2074 1246 424 104 93 576 181 231 33753 407 78 105 116 3427 337 58989 51278 95 15368 118 655 6421 398 2121 140 141 173 112 1686 121
internal_value=3.13251e-08 4.48584e-06 7.31233e-06 -2.3769e-06 -2.3769e-06 4.80136e-06 8.76543e-06 -5.37543e-06 -5.37543e-06 2.46689e-05 8.77404e-05 8.43343e-06 9.67343e-05 0.000165211 1.50099e-05 4.58018e-05 3.95218e-05 1.35034e-05 9.83196e-06 1.21249e-05 1.91405e-05 4.97617e-05 9.68483e-05 0.000139259 0.000120037 4.3519e-07 1.73569e-05 -5.37543e-06 6.00061e-05 0.000146665 0.000208539 2.28015e-05 4.86549e-05 4.21878e-05 7.07542e-05 0.000106766 0.000136975 0.000176479 1.99636e-05 3.12341e-05 7.45676e-06 1.79567e-05 5.3712e-05 0.000237852 0.000136692 -5.37543e-06 6.02542e-05 -5.37543e-06 -3.70839e-06 0.000219932 2.67585e-05 8.47305e-05 8.25843e-05 4.27609e-05 4.04143e-05 7.416e-05 2.65713e-05 0.00011816 0.000273745 0.000189832 -5.37543e-06 0.000149
internal_weight=3.50353e+06 1.22943e+06 882330 2.2741e+06 347105 705876 371287 1.10057e+06 289648 11115.8 2273.78 8841.99 1478.93 1292.53 187732 8753.77 8551.8 178978 140160 57456.6 43394.9 11467.7 4621.55 3107.76 2789.24 334589 176455 278532 1892.87 804.356 1031.3 106570 9914.49 9617.33 5769.36 3374.53 2725.7 1983.39 2394.83 742.315 129809 6846.18 3048.88 670.224 854.673 7363.07 1289.18 276639 181975 454.971 38817.9 833.95 2119.02 15292 15093 4387.84 10705.2 1242.71 740.679 396.611 3797.3 405.527
internal_count=2379673 796189 582405 1583484 213784 472608 239800 748404 179947 5722 1080 4642 799 484 118514 4865 4755 113649 88970 33837 26096 6077 2227 1391 1227 232808 109797 174225 821 331 381 66477 5514 5355 3281 1854 1430 1106 1427 324 82219 3850 1757 276 432 3843 727 173404 114415 211 24679 416 951 9311 9201 2519 6682 717 389 216 2093 261
is_linear=0
shrinkage=0.05


Tree=32
num_leaves=63
num_cat=0
split_feature=276 344 35 202 344 319 236 327 348 191 171 108 207 224 355 370 201 199 21 23 214 35 2 358 198 315 35 372 198 331 303 193 46 259 46 184 316 370 201 334 201 48 25 197 48 46 373 369 372 333 314 314 2 240 372 337 2 198 200 339 334 332
split_gain=0.0149568 0.0110987 0.0095838 0.00875052 0.00956155 0.0101526 0.00683053 0.0100332 0.0066172 0.0107118 0.00696793 0.00656559 0.00917612 0.00642749 0.00660534 0.00593966 0.00659064 0.00548203 0.00519378 0.00517644 0.00507632 0.005614 0.00725747 0.0106685 0.00856771 0.00881686 0.0072765 0.00688316 0.00649054 0.0220301 0.00587129 0.00570169 0.00522439 0.00498893 0.00507566 0.0048532 0.00699342 0.005244 0.00477688 0.00695314 0.00791724 0.020462 0.00845227 0.0194145 0.00770357 0.0157774 0.00529041 0.00471066 0.00599117 0.00505222 0.00470166 0.00470697 0.00462716 0.00510653 0.00459576 0.00599458 0.00455218 0.00804943 0.00571522 0.011157 0.00562593 0.00755085
threshold=0.19718934595584872 -0.020452638156712052 0.081614442169666304 0.0017194329993799331 0.36529932916164404 0.041824292391538627 0.88051581382751476 0.0037913726409897213 0.015968726947903637 -0.0086046974174678308 -0.019739599898457524 14.685020446777346 5.2991186748840853e-05 -0.14182830601930616 -0.0081713548861443979 0.011570505332201721 0.00027775829948950564 0.0014153248630464079 0.030878293327987198 0.020402533933520321 0.00010870328333112413 0.020380085334181789 -0.028391303494572636 0.0027498409617692236 0.0024733054451644425 0.072877008467912688 0.046772917732596404 -0.00030456327658612276 0.0078186104074120539 0.17860066145658496 0.030378624796867374 0.031106162816286091 -0.027699140831828114 0.71963307261466991 -0.0048012640327215186 0.057134183123707778 -0.00052595516899600614 0.0045650214888155469 0.00018396957602817568 0.61674374341964733 0.0009634126618038864 0.11611405387520791 0.016409025527536873 0.00023686860367888587 0.078733917325735106 0.013370585627853872 0.014348223339766266 0.0003204201784683392 -2.8414052394509778e-05 0.15339694172143939 0.0062325235921889552 0.011540005449205639 -0.0034269348252564664 -0.75426965951919545 -0.00012831594358431173 0.11901234090328218 0.0045890440233051786 0.0025214974302798514 0.0010655435035005214 0.94504970312118541 0.38827714323997503 0.2592508345842362
decision_type=2 2 10 2 2 2 2 2 2 2 2 2 2 2 2 2 2 2 2 2 2 8 2 2 2 2 10 2 2 2 2 2 2 2 2 2 2 2 2 2 2 2 2 2 2 2 2 2 2 2 2 2 2 2 2 2 2 2 2 2 2 2
left_child=2 8 11 6 13 -6 7 20 18 -10 17 12 -1 14 -5 19 -17 -11 -2 -12 -3 28 23 27 31 30 -27 -23 -22 -30 32 -24 -26 47 -35 36 -9 -37 -8 -40 42 -42 44 -44 45 46 -41 48 50 -50 -34 -52 53 -49 -55 -56 58 -58 -14 -60 61 -59
right_child=1 3 -4 4 5 -7 38 35 9 10 15 -13 56 -15 -16 16 -18 -19 -20 -21 21 22 24 -25 25 26 -28 -29 29 -31 -32 -33 33 34 -36 37 -38 -39 39 40 41 -43 43 -45 -46 -47 -48 52 49 -51 51 -53 -54 54 55 -57 57 60 59 -61 -62 -63
leaf_value=2.0146323223221396e-06 3.1269978237774206e-07 -3.5663048673584136e-06 7.7520292980480645e-05 7.2485812048378472e-05 2.3384870306383942e-06 0.0003958941601269005 -1.5365457498645912e-06 0.00021556145200519962 0.00036863906207285654 6.2612588394511963e-05 6.1317727080332088e-06 2.1521407600353075e-06 1.9331154416520489e-05 -0.00012515574769924405 -0.00012366735269304303 3.7465236095041942e-05 0.00019622740951560111 0.00031885117095933299 -4.6240488108992736e-05 0.00010617738745307072 -7.1058282849015737e-06 -0.00023677094647885753 -1.9946965210721091e-05 0.00013319351303854642 0.00013958096345531993 -7.2545597008546079e-05 0.00016306636100343996 1.0064445892837119e-05 -4.1910771874594416e-05 0.00068641682399892727 -0.00021934145159742481 1.1495798353785335e-05 -5.7402264854388614e-05 -2.3679857806766257e-05 0.00027207075551717103 -0.00011493540679392752 -7.4090698706698866e-05 -0.00038752551856834961 5.4574084239504652e-06 3.5455350469460716e-05 0.00049975959273403363 4.2390362101986537e-05 0.00065199246185977796 6.4093633803322162e-06 -1.28104564180592e-06 0.00041914267417446664 0.00030371429199741476 -2.3679857806766257e-05 -0.00015754027897190543 -2.3679857806766257e-05 -0.00041907673046624662 -0.0001653269460365539 -2.3679857806766257e-05 -5.6858830674425475e-05 -0.00015880723377661426 -2.3679857806766257e-05 2.1997451073551882e-05 9.5351447056167939e-05 -0.00011279611241719667 0.00010555954761314055 8.8865500907542668e-05 0.00046380870713137051
leaf_weight=142721.01097553968 937229.60405814648 676310.28114163876 4609.20703125 1015.2269081473351 1588.657678604126 180.72265815734863 297505.330078125 221.61803448200226 205.84917998313904 3371.6272926330566 196476.88687646389 583744.4840221405 152283.5583190918 3975.9649150371552 740.44395333528519 5422.0755987167358 741.59725284576416 220.71340942382812 6027.8981628417969 1299.5045166015625 278710.05241549015 344.48949766159058 53426.117725372314 1870.7549152374268 391.82410961389542 498.97148132324219 947.42597961425781 1526.889317035675 350.40885454416275 145.41756147146225 468.4857177734375 19745.180632591248 446.81305301189423 345.55102008581161 247.68736785650253 713.79414373636246 3073.3807295560837 233.73327630758286 62981.762329101562 2863.2096508741379 332.07745695114136 914.06567049026489 176.79173564910889 334.13724899291992 8487.5149685144424 323.08525848388672 194.4750657081604 6288.4511704444885 938.58277457952499 2490.4322245121002 293.04378831386566 493.02036118507385 13882.883374989033 12815.50985878706 2492.3173810243607 373.02296090126038 3071.7873797416687 266.72869998216629 2083.4232047796249 811.30708086490631 956.23098367452621 291.43936848640442
leaf_count=108476 625167 480109 2085 576 885 97 211653 119 114 1811 126966 392838 102694 2040 428 3228 349 97 3793 757 184687 141 36696 791 173 312 399 915 247 98 243 13445 275 223 126 337 1783 138 39304 1780 168 498 78 208 5247 128 104 3596 504 1235 156 218 7696 7320 1582 201 2212 148 967 345 516 151
internal_value=2.9459e-08 -1.87816e-06 5.62421e-06 -4.76996e-06 -5.86282e-05 4.29375e-05 -4.49207e-06 -6.50884e-06 1.79426e-06 9.87266e-06 9.51325e-06 5.25011e-06 1.12286e-05 -8.9986e-05 -1.02872e-05 8.29688e-06 5.66245e-05 7.85245e-05 1.51037e-08 6.7902e-06 -6.20614e-06 -1.06747e-05 -1.9703e-05 4.88197e-05 -2.19032e-05 -3.94997e-05 8.17981e-05 -3.55781e-05 -6.78369e-06 0.000173595 -4.36838e-05 -1.14621e-05 -4.16903e-05 -4.34249e-05 0.0001003 -8.32311e-05 -5.44901e-05 -0.000182852 1.33048e-06 1.24644e-05 4.48478e-05 0.000164878 3.27404e-05 0.000231465 2.41478e-05 8.79505e-05 5.27045e-05 -4.55343e-05 -9.28099e-05 -5.876e-05 -0.000187265 -0.000260748 -3.93821e-05 -5.41578e-05 -6.96742e-05 -0.000126912 1.94595e-05 6.8544e-05 1.8008e-05 -5.15669e-05 0.000162805 0.000288705
internal_weight=3.50353e+06 2.6127e+06 890839 1.4617e+06 7501.02 1769.38 1.4542e+06 1.08009e+06 1.151e+06 207738 207532 886230 302485 5731.64 1755.67 203940 6163.67 3592.34 943258 197776 1.07584e+06 399533 120327 3742.13 116585 43414 1446.4 1871.38 279206 495.826 41967.6 73171.3 41499.1 41107.3 593.238 4242.53 3295 947.527 374112 76607.1 13625.4 1246.14 12379.2 510.929 11868.3 3380.77 3057.68 40514.1 4661.89 3429.01 1232.88 786.064 35852.2 21969.3 15680.9 2865.34 159764 4586.19 155178 2894.73 1514.4 558.168
internal_count=2379673 1769241 610432 1006959 4026 982 1002933 743765 762282 133322 133208 608347 215509 3044 1004 131300 3577 1908 628960 127723 741388 261279 76247 1847 74400 24259 711 1056 185032 345 23548 50141 23305 23132 349 2377 1902 475 259168 47515 8211 666 7545 286 7259 2012 1884 22783 2388 1739 649 374 20395 12699 9103 1783 107033 3027 104006 1312 815 299
is_linear=0
shrinkage=0.05


Tree=33
num_leaves=63
num_cat=0
split_feature=144 359 359 16 217 108 278 53 370 17 327 193 211 212 327 343 39 371 19 25 357 199 332 327 32 355 278 372 259 370 348 372 21 343 313 318 309 333 304 364 201 30 356 24 226 2 319 292 219 292 217 327 51 372 357 45 108 44 48 164 196 201
split_gain=0.0139853 0.00866126 0.00839526 0.00799754 0.00729595 0.0065192 0.00649307 0.00609409 0.00587427 0.0100209 0.00545186 0.0053323 0.00442028 0.00440231 0.00457251 0.00393945 0.00369554 0.00511574 0.00440692 0.00483667 0.0032754 0.00491059 0.00407591 0.00325731 0.00568393 0.0072308 0.0078503 0.00731393 0.00545481 0.00508177 0.00411238 0.0039872 0.00552154 0.00345033 0.00341602 0.00466086 0.00336249 0.00331837 0.0042596 0.00317395 0.00393472 0.00399415 0.00310733 0.00337362 0.00301855 0.00305626 0.00351062 0.0030106 0.00297034 0.00334102 0.00296891 0.00294393 0.00290458 0.00285078 0.0415688 0.00391266 0.00336385 0.00342765 0.00295929 0.00284996 0.00275551 0.00274189
threshold=-1.0000000180025095e-35 -3.6426183669391317e-06 1.1092951808677755e-05 0.0011024262639693918 0.00021088123321533206 11.613108634948732 0.43920145928859716 4.8690908442949883e-05 1.0000000180025095e-35 0.0020748531678691511 -0.0007592097099404781 -0.010922023560851811 4.056729267176707e-05 6.6329339460935457e-05 0.0037913726409897213 -0.0030653754947707053 0.0056629481259733447 -6.0555369145731666e-06 0.045699330046772964 0.0032417521579191093 -0.044833168387413018 0.0014153248630464079 0.38650371134281164 0.0037913726409897213 0.041764996945858009 -0.18273111432790753 0.090005006641149535 -0.00031389904324896628 0.39841489493846899 0.010106606874614956 0.88649776577949535 -0.00087633758084848512 0.0048204001504927882 -0.43891751766204828 0.0091393622569739836 0.014753683004528286 -1.0000000180025095e-35 0.26665505766868597 0.0036631927359849219 -0.00012534162669908253 0.0022376934066414837 0.038363745436072356 -0.47841748595237726 0.011756327934563162 -1.0000000180025095e-35 0.0036969431675970559 -0.012966699432581661 2.1266672611236577 0.001476030389312655 0.12796030938625338 4.7672523578512489e-05 -0.0011315904557704923 1.8421547792968344e-05 -7.171883680712198e-06 -0.58800438046455372 0.017428630962967876 23.134233474731449 0.017581459134817127 0.061053305864334113 0.00063711745315231394 0.0033169413218274717 0.0022376934066414837
decision_type=8 2 2 2 2 2 2 2 2 2 2 2 2 2 2 2 8 2 2 2 2 2 2 2 10 2 2 2 2 2 2 2 2 2 2 2 2 2 2 2 2 8 2 2 2 2 2 2 2 2 2 2 2 2 2 10 2 10 2 2 2 2
left_child=2 3 6 5 7 -2 23 12 9 -6 39 -5 -3 50 20 -4 42 18 44 -20 48 -22 -23 24 53 26 27 28 36 31 37 -27 60 -34 -28 -36 -26 -25 47 40 -8 -42 -13 -44 -18 -46 -47 -39 -15 61 -12 -10 -9 58 -55 56 57 -56 -1 -17 -33 -50
right_child=1 4 15 11 8 -7 10 52 51 -11 13 16 -14 14 -16 59 17 -19 19 -21 21 22 -24 30 25 29 34 -29 -30 -31 -32 32 33 -35 35 -37 -38 38 -40 -41 41 -43 43 -45 45 46 -48 -49 49 -51 -52 -53 -54 54 55 -57 -58 -59 -60 -61 -62 -63
leaf_value=1.0922083351110903e-05 -3.9709614023647983e-05 -3.4680476673092931e-06 3.8978122186277533e-05 -2.127825632320318e-05 -0.00040618714891635751 1.8572636364400876e-06 1.3539131678479957e-05 -3.4680476673092931e-06 2.2396885571660613e-05 -1.6628385867325187e-05 -2.3552081967219338e-06 0.00018178386687962581 2.3848865867999016e-06 3.5467692492148112e-07 -0.00014181309381157604 3.8733878711283939e-06 -1.232359824041281e-05 -2.1338229579881132e-05 0.00039784370541836537 1.3237610340075513e-05 -9.0320462488256879e-06 -0.00016865360990858531 6.9470333505503389e-05 -8.142326431929499e-05 0.00027549581023200356 -4.1113673764152906e-05 -2.4832295527477834e-05 1.2167946904187708e-05 0.00038039274487672634 0.00023024789761473945 0.00019534966966463686 4.5190969261297982e-06 0.00024948545533486901 7.2128921225325608e-05 0.00020775129850791947 2.1030771072521568e-05 0.00011321252339466189 0.00018358222878288907 -2.9288626553809589e-05 -7.1601261547272731e-07 -6.3428944664850389e-06 0.00029273768161746592 3.9603093557904649e-05 -3.1431898017347852e-05 6.3786640504802857e-06 0.00024660074382141286 4.1164655237658491e-05 -4.9335681345393308e-05 7.1890726270730436e-05 -2.5132949495840829e-06 8.0206876141738055e-06 4.5826473310373904e-06 -1.0579390022877987e-05 0.0007668791913610154 -1.2426445266455538e-05 0.00025298018367506564 3.1578404644672643e-05 0.00017700906151333761 1.6932284407152486e-06 2.3517149459771503e-05 0.0001015398976395995 0.00027232139042166333
leaf_weight=171695.98028540611 37943.256920576096 694416.15333259106 19255.88988494873 42938.897636413574 230.40650343894958 12553.182921648026 95144.781967163086 203952.06931066513 25168.875576972961 570.51250290870667 149590.75630950928 318.80147647857666 602438.61686736345 71970.568932294846 621.07220458984375 37346.750745773315 21875.643426001072 28215.81587600708 146.46902859210968 182.20396411418915 195415.24735188484 826.68249750137329 228.25271368026733 2327.7481634616852 435.02057665586472 2835.2848311662674 1579.1434707641602 770.40796232223511 325.99188590049744 270.88527351617813 199.40603977441788 10534.600151360035 335.60349190235138 1478.8778198957443 484.94934844970703 1067.2094173431396 1207.8384023308754 444.10426598787308 3246.9475046396255 56411.555038452148 199.08907091617584 251.87851941585541 7399.5912342071533 2157.3609476089478 43508.353754460812 218.91468071937561 3582.1675570011139 200.31551051139832 1755.1759885549545 1838.5511232614517 127874.91635131836 294991.45975017548 285485.6559753418 184.90469169616699 8839.1124228239059 174.23357677459717 14333.657021164894 243.4201602935791 175802.33248209953 36519.001947402954 784.49015617370605 187.49505615234375
leaf_count=112818 24188 487633 11916 31991 92 8468 58767 139710 14896 390 105076 162 412186 48862 335 27854 17504 20683 73 153 126214 418 139 1273 199 1932 992 510 147 139 103 6799 171 817 264 546 598 220 1777 34928 110 112 4649 1328 37721 89 2159 111 1013 1027 86260 193205 184970 72 5399 92 8537 111 124414 25889 377 85
internal_value=3.10079e-08 -2.24218e-06 4.42107e-06 -1.2158e-05 -1.29616e-06 -2.93766e-05 3.20298e-06 -2.54326e-06 5.64451e-06 -0.000129428 3.07386e-07 -6.38212e-06 -7.49136e-07 -2.00791e-06 -6.51766e-06 1.8837e-05 -4.37678e-07 -3.38342e-06 3.90489e-06 0.000186002 -6.20795e-06 -9.61348e-06 -0.000117098 8.28953e-06 8.86606e-06 3.34934e-05 8.10409e-05 0.000142829 0.000193892 1.62974e-05 -2.70372e-05 1.26397e-05 2.42485e-05 0.000105171 2.69324e-05 7.95611e-05 0.000156467 -3.42282e-05 -5.96958e-06 8.68931e-06 1.42393e-05 0.000161257 2.87079e-05 2.35646e-05 3.03446e-06 1.01362e-05 5.31197e-05 0.000111252 2.62468e-06 4.58081e-05 2.42673e-06 5.98322e-06 -7.29709e-06 7.39927e-06 2.41487e-05 1.82626e-05 1.64947e-05 -7.31155e-06 6.25316e-06 1.35856e-05 1.12601e-05 9.14953e-05
internal_weight=3.50353e+06 2.30829e+06 1.19524e+06 201041 2.10725e+06 50496.4 1.10212e+06 1.78629e+06 320961 800.919 702316 150544 1.29685e+06 550309 272843 93121.6 107605 97729.6 69513.8 328.673 272222 196470 1054.94 399802 393384 22110.3 5870.56 2739.26 1968.85 16239.7 6418.52 15968.9 13133.6 1814.48 3131.3 1552.16 1642.86 6219.12 3891.37 152007 95595.7 450.968 9875.75 9556.95 69185.1 47309.4 3801.08 644.42 75751.8 3781.22 277466 320160 489438 371274 23775.3 23590.4 23416.2 9082.53 347498 73865.8 11319.1 1942.67
internal_count=2379673 1582250 797423 149168 1433082 32656 731764 1224499 208583 482 463346 116512 899819 369429 178093 65659 84521 78382 57699 226 177758 126771 557 268418 264934 13491 3256 1454 944 10235 3484 10096 8164 988 1802 810 797 3381 2108 93917 58989 222 6139 5977 57473 39969 2248 331 50987 2125 191336 208101 324680 251443 14211 14139 14047 5510 237232 53743 7176 1098
is_linear=0
shrinkage=0.05


Tree=34
num_leaves=63
num_cat=0
split_feature=56 359 53 52 211 374 44 372 371 46 346 164 37 357 17 39 353 0 34 259 206 256 337 183 174 374 334 15 0 48 47 262 358 372 16 271 259 198 368 357 0 337 259 0 256 327 291 12 362 53 244 198 38 180 201 178 46 361 371 17 337 337
split_gain=0.0132252 0.0097365 0.00921305 0.00812504 0.00678814 0.00638752 0.0063095 0.005117 0.00671549 0.00497255 0.00495918 0.00474277 0.00452418 0.00472918 0.00431519 0.0065576 0.0041741 0.00406295 0.00927528 0.0079347 0.00476011 0.00399512 0.00394708 0.00393425 0.00528813 0.00498744 0.00839916 0.00500353 0.00385527 0.00377916 0.00551579 0.00732927 0.00377662 0.00376166 0.00370904 0.00386621 0.00585018 0.00887374 0.00365214 0.00345857 0.00328189 0.00592072 0.0237336 0.00325579 0.00552551 0.003178 0.00393693 0.00451627 0.00313991 0.00310299 0.00305809 0.00305168 0.00365138 0.0110779 0.00317207 0.00470129 0.00691189 0.0182666 0.00304078 0.00633465 0.00301744 0.00295681
threshold=1.0000000180025095e-35 8.4868202065990789e-06 0.0003758674865821377 1.0000000180025095e-35 2.6778747269418094e-05 1.0000000180025095e-35 0.00036931544309481984 -0.00081466572009958316 -6.7990178820309653e-08 -0.0043708500452339641 0.2125048711895943 0.00063711745315231394 0.002065814565867186 0.10713526234030725 0.018038872629404071 0.029122507199645046 -0.070865362882614122 -0.011039308737963436 0.045350214466452606 0.25299248099327093 3.1436989957001067e-05 -0.10613605380058287 0.015797802247107032 0.031042485497891906 0.0096034416928887385 0.0017319195321761074 0.40407221019268041 0.050008544698357589 0.012862880714237692 0.26058992743492132 0.020665038377046589 0.0036908509209752087 1.0000000180025095e-35 -6.0062198826926754e-05 0.0027052055811509494 0.028727257624268535 0.30728629231452947 0.0034283826826140289 -2.069506535917753e-05 -0.018888114951550957 0.016877651214599613 0.023744297213852409 0.097801420837640776 0.023155600763857368 0.20410846918821338 0.0037913726409897213 0.88239249587059032 0.052088622003793723 0.0016035984735935929 1.0000000180025095e-35 -0.95223274827003468 0.0043545945081859836 0.037302944809198386 -0.0017058607772924004 0.00086255813948810111 0.024737401865422729 -0.011278665158897637 0.0020276781870052223 2.181586296501337e-06 0.00012310462625464427 -0.015806669369339939 0.20204638689756396
decision_type=2 2 2 2 2 2 10 2 2 2 2 2 10 2 2 10 2 2 10 2 2 2 2 2 2 2 2 2 2 2 2 2 2 2 2 2 2 2 2 2 2 2 2 2 2 2 2 2 2 2 2 2 8 2 2 2 2 2 2 2 2 2
left_child=1 2 4 -2 40 10 12 34 9 51 -4 16 -3 -14 23 -16 21 18 22 32 -19 -8 -10 24 -11 -26 27 38 50 30 31 33 -20 -24 -6 -36 -37 -38 -27 -22 49 -42 -43 -41 -45 58 47 60 -18 -1 -5 52 54 -54 -9 56 -56 -58 -7 -60 -47 -32
right_child=3 6 5 28 7 45 11 8 17 14 -12 -13 13 -15 15 -17 48 20 19 -21 39 -23 29 -25 25 26 -28 -29 -30 -31 61 -33 -34 -35 35 36 37 -39 -40 43 41 42 -44 44 -46 46 -48 -49 -50 -51 -52 -53 53 -55 55 -57 57 -59 59 -61 -62 -63
leaf_value=-3.2548033180629364e-06 -1.1250618767529187e-07 5.7976408199755127e-06 -6.2695163319151899e-05 2.0198004580885962e-05 -1.1692253230752051e-05 -1.1692253230752051e-05 -0.00019890407567413972 5.2699299453366243e-06 -6.2131595073805463e-06 1.5913727182341186e-05 -0.0003347964924539763 1.8596225495971657e-05 -8.2959170881746988e-05 -0.00031757795678136815 5.3802764800924181e-05 0.00029495211685889357 -8.2209418290798779e-05 5.9764527643862365e-06 -1.1692253230752051e-05 0.00021290064778254261 2.9275147690887233e-06 2.7182117219773369e-05 0.00014232363391242239 -1.1692253230752051e-05 3.7612620315434482e-06 0.00017983163987190005 3.8927608579437436e-05 -1.1692253230752051e-05 3.626266291214436e-05 -1.1692253230752051e-05 2.232607219201874e-05 0.0003949192902211302 0.00010575822242830649 2.7900073950073655e-05 -2.2275550105533841e-06 1.1571624807319811e-05 6.6223507013823117e-05 0.00045636840464637627 0.00039893854374145501 -5.8137393786044176e-06 9.474520514690897e-06 3.7121859551146317e-06 0.00061172356821575158 2.6987683430539725e-06 0.00027947977223128175 -0.00015562526648777204 -1.1692253230752051e-05 -0.00023456709255249484 3.6036381020864405e-07 -9.7929546093582281e-06 7.5765536369351476e-06 -1.1692253230752051e-05 0.00048873375579917258 2.7618053917338932e-05 4.0150388112143694e-05 -1.1692253230752051e-05 0.00065961124101638344 8.0058311845084015e-05 -0.00024496165186731715 -3.04013744279814e-05 -1.1692253230752051e-05 -1.1692253230752051e-05
leaf_weight=536543.63477021456 361540.63141876459 788.77138292789459 472.55104064941406 54453.975875854492 46619.975034713745 209690.09575879574 195.46716541051865 319576.80035018921 33480.027073144913 26119.591700553894 258.39795684814453 83941.280522108078 719.040602684021 305.64069926738739 1531.6098833084106 343.90292358398438 1161.916995882988 154641.57374238968 565.80479454994202 1010.0481905937195 150894.17864227295 18873.827677547932 1080.3873134255409 2526.8775272369385 2136.1256103515625 1356.7468593716621 2562.3014838695526 212.00325775146484 13418.284576416016 7651.9847984313965 30669.473087608814 177.32364988327026 860.79890465736389 2139.1161035299301 73979.333620071411 1618.4517741203308 477.82816392183304 208.26010102033615 221.64710563421249 525564.82195186615 3609.6155925989151 641.94189584255219 212.02039241790771 545.4759578704834 267.39054393768311 540.06491076946259 1925.6533997654915 509.19868469238281 106792.57375299931 274220.78554850817 404407.61839294434 15635.147888183594 154.50191223621368 778.17367541790009 2935.5611273646355 1774.6118774414062 171.76266920566559 628.30536812543869 351.92936712503433 12338.710599482059 924.98790436983109 3577.9983057975769
leaf_count=375762 253717 550 263 34733 30840 134621 104 217360 23149 16492 102 61580 358 130 1151 251 578 106640 235 363 99492 11880 691 1414 1666 645 1440 116 8028 5132 21723 78 343 1290 57308 843 285 87 109 342743 2171 453 114 291 132 290 1039 249 85108 187864 263647 8988 72 596 1831 1155 70 408 166 7649 489 2599
internal_value=3.17969e-08 -1.68501e-06 -2.57362e-06 5.52865e-06 -1.5967e-06 -1.21697e-05 8.57552e-06 4.97451e-07 1.425e-06 7.0232e-06 -0.000159537 9.37415e-06 -8.42392e-05 -0.000153423 2.44312e-05 9.82881e-05 3.27971e-06 -8.96541e-07 9.77793e-06 0.000105815 -1.93862e-06 2.4844e-05 6.80476e-06 2.04834e-05 2.59523e-05 6.63433e-05 9.70401e-05 0.000180071 9.84706e-06 1.64266e-05 2.29827e-05 8.37362e-05 2.98056e-05 6.63624e-05 -9.25145e-06 -2.40074e-07 6.35078e-05 0.000185633 0.000211066 -3.74589e-06 -5.23076e-06 3.75159e-05 0.000155745 -5.65892e-06 9.42077e-05 -1.16923e-05 -5.68171e-05 -0.000106565 -5.29843e-07 -5.46619e-06 9.07445e-06 5.13729e-06 6.20239e-06 0.000104886 5.91863e-06 4.35254e-05 7.57221e-05 0.000205814 -1.16923e-05 -3.63891e-05 -6.18168e-05 1.69524e-05
internal_weight=3.50353e+06 2.66971e+06 2.45694e+06 833821 2.22992e+06 227012 212779 1.4147e+06 1.29179e+06 378666 730.949 210965 1813.45 1024.68 37010.8 1875.51 127024 913126 81213 2436.65 831913 19069.3 78776.3 35135.3 32608.4 6488.82 4352.7 1790.4 472280 45296.3 37644.3 3396.83 1426.6 3219.5 122904 76283.9 2304.54 686.088 1578.39 677272 815228 4463.58 853.962 526378 812.867 226281 3899.9 1974.25 107954 810764 458862 341655 326020 932.676 325087 5510.24 3735.63 800.068 222381 12690.6 1465.05 34247.5
internal_count=2379673 1819548 1659260 560125 1514392 144868 160288 948028 858665 253764 365 159250 1038 488 23284 1402 97670 604901 55603 941 549298 11984 54662 21882 20468 3976 2310 870 306408 31513 26381 2059 578 1981 89363 58523 1215 372 754 442658 566364 2738 567 343166 423 144503 2067 1028 85686 563626 298380 230480 221492 668 220824 3464 2309 478 142436 7815 779 24322
is_linear=0
shrinkage=0.05


Tree=35
num_leaves=63
num_cat=0
split_feature=276 219 359 0 197 72 371 359 315 193 258 322 218 327 239 76 337 355 349 37 353 198 202 313 358 198 369 0 355 368 0 45 2 314 368 374 203 322 170 355 181 46 334 187 24 369 364 358 219 75 198 317 46 202 38 334 2 42 28 372 213 12
split_gain=0.0130625 0.0109836 0.0107191 0.0100201 0.0181205 0.0114491 0.00722366 0.00729637 0.00656808 0.00654189 0.00700649 0.0138711 0.00630942 0.00550355 0.00622221 0.00558985 0.0120042 0.00957364 0.00750369 0.00612586 0.00826833 0.00581419 0.0130462 0.00872763 0.0065849 0.0070869 0.00579181 0.00565149 0.00788529 0.0131373 0.00698349 0.00767859 0.0083874 0.00751685 0.008255 0.00679734 0.00664445 0.00637861 0.00557387 0.00540173 0.00493301 0.00479153 0.0046027 0.00457811 0.00589145 0.00475744 0.00712512 0.00613101 0.00455758 0.00626588 0.0120212 0.00572883 0.00457936 0.0057946 0.00449307 0.00568857 0.00448613 0.00631612 0.0053876 0.0051561 0.00564238 0.00449896
threshold=0.69592308998107921 0.00034188016434200113 -4.2908825435006284e-06 0.011476783081889154 0.0052974459249526271 0.047917906194925315 -8.4256114973868521e-08 2.531817517592572e-05 0.006548147415742279 0.065762814134359374 0.55201175808906566 0.026559188030660156 5.1926666856161325e-05 0.0037913726409897213 -1.0692832469940183 0.038851700723171241 0.19200243055820468 -0.2395391836762428 -0.10068854317069052 0.012845322024077179 -0.3605086207389831 0.0064655533060431489 0.0017194329993799331 -0.017012238502502438 0.090899046510458006 0.0078186104074120539 0.007650279439985753 -0.0069553812500089398 -0.12536745518445966 -8.5486663010669859e-05 0.00030085821344982838 0.0090078185312449949 1.0000000180025095e-35 -0.0009202804067172109 2.6613060072122611e-05 0.00092429033247753989 0.00062423368217423569 -0.0059395725838839999 -0.0089345364831387979 -0.024653771892189976 -0.034356519579887383 -0.0008481873373966663 0.61298742890357982 0.014865634962916376 0.021540081128478054 0.0011315098963677885 -0.00015183540381258351 -0.56577414274215687 0.00020525999570963907 0.058010840788483627 0.0078186104074120539 0.024701580405235294 0.0027269214624539022 0.0013101944932714107 2.1244509298412598e-05 0.65976855158805858 -0.0092774950899183733 0.0054969838820397863 0.06516027078032495 -0.0014910081517882643 0.00059787160716950904 0.014106396585702898
decision_type=2 2 2 2 2 2 2 2 2 2 2 2 2 2 2 2 2 2 2 10 2 2 2 2 2 2 2 2 2 2 2 8 2 2 2 2 2 2 2 2 2 2 2 2 2 2 2 2 2 2 2 2 2 2 8 2 2 8 10 2 2 2
left_child=1 6 39 13 9 8 54 12 -6 10 -5 -12 -8 15 42 21 17 18 -17 -20 -21 -3 24 -24 -23 -26 27 28 -19 40 36 32 33 -32 37 -34 -29 -35 -38 56 -30 -28 -15 45 -45 46 -41 -48 -4 52 51 -51 -50 -54 55 -1 58 61 -2 60 -59 -58
right_child=2 3 48 4 5 -7 7 -9 -10 -11 11 -13 -14 14 -16 16 -18 26 19 20 -22 22 23 -25 25 -27 41 30 29 -31 31 -33 35 34 -36 -37 38 -39 -40 43 -42 -43 -44 44 -46 -47 47 -49 49 50 -52 -53 53 -55 -56 -57 57 59 -60 -61 -62 -63
leaf_value=2.3115032607900197e-05 -3.7560013198864039e-05 9.5843630060028155e-06 -4.0617695946002917e-06 3.3900080257364709e-05 0.00069243281267243953 5.9604186624155535e-05 1.1521984159419087e-06 1.3479401182615382e-05 0.00027849814161738803 -0.00014786854044887866 3.5971013629233055e-05 0.00037371067345143196 -5.5774597297579508e-06 2.9211053810104879e-05 -4.6775070618510319e-05 -2.8858484359413879e-05 -0.00013847295301106229 -3.9051762955714654e-05 0.00010386039471023111 0.00046279074564875696 0.00013421705644152269 -3.0064538150830836e-05 -1.8973673065985296e-07 -0.00026332282430305032 3.8816145874507273e-05 0.00040066378735564628 5.7022743787685302e-05 1.2348950619590958e-05 0.00042597969584723915 1.3782575892572838e-05 2.215243560028336e-05 -8.0551761070866073e-05 9.3380595287476163e-05 0.00038326045934325708 -5.3916127562574676e-05 -6.158413851502192e-05 -0.000385237127855291 0.00015885638589237177 -8.1321593949498636e-05 0.00032573450737641448 0.0001903039907584863 -3.5749252570042489e-05 0.00032677658737581295 1.0516791358363876e-05 0.00017398746632420013 -1.8490255899978675e-05 0.00022839335326025985 4.8663708232146782e-06 4.5860428756989508e-06 4.777775186857829e-06 -0.00019650587235158932 -0.00011501007950407804 2.9207317879522414e-05 0.00019006321880813218 5.1987673080106952e-06 0.00012743573495722978 8.7381288708558693e-06 -1.692762571087876e-06 -0.00019423461762583844 -3.582240430284409e-05 0.00018069849052248824 0.0001121738226592364
leaf_weight=11633.369720816612 35035.423055648804 204223.44403076172 882902.37524414062 7593.6271787881851 193.65120267868042 263.28150939941406 830827.48670244217 84165.783271789551 196.69131135940552 425.63286399841309 835.64306771755219 476.29403305053711 599684.98406982422 430.89011698961258 6691.6560206413269 773.57676392793655 993.00636291503906 828.17020678520203 2344.3503848910332 315.27005326747894 489.13173449039459 1807.8203474879265 477.45397186279297 924.89990997314453 404.66581279039383 201.66944885253906 1889.2452323436737 3014.7210009694099 265.57234573364258 1250.0822635889053 1522.4322729706764 953.03252685070038 1220.7436593174934 368.94676452875137 395.71282935142517 1677.7968868017197 177.72013688087463 2231.5914915204048 951.9674699306488 196.77987289428711 1370.6191560029984 5268.8872696757317 184.35382574796677 13377.854127883911 572.8707103729248 57480.916850924492 327.40603852272034 4465.6088160276413 159707.08432006836 6066.3002161979675 1040.5010986328125 1192.647171497345 10533.447219848633 589.41865539550781 523866.95315551758 1470.3955684900284 4392.8347263336182 1641.3212375640869 555.56884765625 16616.127676010132 569.71504211425781 1380.157470703125
leaf_count=7322 21944 129141 601907 4159 109 133 572804 66133 99 270 560 279 395484 238 3620 433 503 344 1120 151 279 1012 231 407 212 109 912 1857 95 542 697 482 894 145 187 996 98 1076 635 81 508 3530 109 10793 304 45465 128 2813 100948 3179 540 650 6439 284 368941 800 3018 1034 247 11442 252 850
internal_value=-4.85474e-08 2.1528e-06 -4.28226e-06 1.19686e-05 6.1056e-05 0.000315154 9.39313e-07 -8.27183e-07 0.000486336 4.31935e-05 5.23563e-05 0.000158968 -1.66894e-06 9.95648e-06 -3.27758e-05 1.12779e-05 3.21249e-05 3.83377e-05 0.000110607 0.000144867 0.000263824 8.44148e-06 -5.26876e-05 -0.000173863 1.77872e-05 0.00016009 2.62088e-05 4.27322e-05 9.68756e-05 0.000135878 2.66492e-05 5.2927e-05 7.00947e-05 0.000112664 0.000158608 3.69989e-06 -2.64228e-05 0.000190963 -0.000129729 -1.74656e-05 0.00022903 -1.12549e-05 0.000119145 -8.64153e-06 1.72535e-05 -1.44247e-05 3.23981e-05 2.02242e-05 -2.58642e-06 4.68534e-06 -3.77357e-05 -1.49297e-05 6.7467e-06 3.7764e-05 5.9222e-06 3.48387e-05 -2.86683e-05 -1.22481e-05 -4.00165e-05 -2.62771e-05 4.54246e-05 3.34969e-05
internal_weight=3.50393e+06 2.30528e+06 1.19864e+06 253634 9984.82 653.624 2.05165e+06 1.51468e+06 390.343 9331.2 8905.56 1311.94 1.43051e+06 243649 7306.9 236343 28302.6 27309.6 3922.33 3148.75 804.402 208040 3816.51 1402.35 2414.16 606.335 23387.2 16229.1 3714.44 2886.27 12514.7 8370.26 7417.22 4518.68 2996.25 2898.54 4144.41 2600.54 1129.69 136613 1636.19 7158.13 615.244 76421.4 13950.7 62470.7 4989.79 4793.01 1.06203e+06 179129 8299.45 7258.95 170830 11122.9 536971 13103.8 60191.1 24600.2 35591 18827.2 2211.04 5772.99
internal_count=2379974 1567656 812318 156172 5609 341 1411484 1034421 208 5268 4998 839 968288 150563 3967 146596 15484 14981 1983 1550 430 131112 1971 638 1333 321 12998 8556 1489 1145 7067 4477 3995 2105 1408 1890 2590 1221 733 98371 603 4442 347 59584 11097 48487 3022 2941 713947 112040 4369 3829 107671 6723 377063 8122 38787 16596 22191 12728 1286 3868
is_linear=0
shrinkage=0.05


Tree=36
num_leaves=63
num_cat=0
split_feature=213 51 344 32 218 357 199 305 276 59 217 357 85 134 372 311 174 372 364 317 189 318 198 16 213 372 366 46 361 355 201 109 365 371 204 372 259 367 361 370 313 320 3 365 356 201 372 182 184 339 365 170 13 178 10 201 291 355 357 346 223 69
split_gain=0.0122827 0.0110686 0.00730938 0.00591746 0.00556067 0.00527011 0.00685046 0.012256 0.00469015 0.00379679 0.00378082 0.00376386 0.00375326 0.00366783 0.00354295 0.00328396 0.00321637 0.00417915 0.00294314 0.00329733 0.00437741 0.00280113 0.00342514 0.00277957 0.00271864 0.00269315 0.00253715 0.00306953 0.00253199 0.00250359 0.00242794 0.00311093 0.00304468 0.00582533 0.00331991 0.0028548 0.00281415 0.00280341 0.00265982 0.00243649 0.00355194 0.00239559 0.00230086 0.00228457 0.0104794 0.00364333 0.00517199 0.00372389 0.00281594 0.00296441 0.00267556 0.00267019 0.00220864 0.00218453 0.00218143 0.0021392 0.00236977 0.00254935 0.00206047 0.00204185 0.00201374 0.00200049
threshold=2.7784421945398211e-05 8.6884941993048428e-05 1.0000000180025095e-35 0.0018508043140172961 1.4921326510375367e-05 -0.019853050820529457 0.0014153248630464079 0.0069263223558664331 0.39001198112964636 1.0000000180025095e-35 0.0008562413277104498 -0.018888114951550957 inf -1.0000000180025095e-35 1.0524915978749052e-05 0.00077160162618383776 0.028960372321307663 -0.00015371799236163494 0.00013271095667732882 0.0041264342144131669 0.03064111061394215 0.011680983938276769 0.0030127228237688546 3.5395414670347243e-05 2.5138873525065723e-06 1.0524915978749052e-05 0.0017285811481997373 -0.0059719046112149945 0.012641410343348982 -0.031048495322465893 4.6341163397300995e-05 16.846448898315433 0.0023403969826176767 -7.3802766564767794e-08 9.0785782958846553e-05 -0.00046857626875862474 0.55269843339920055 -3.0385567129087571e-07 0.022731035016477111 0.0082346498966217058 0.0011267016525380316 0.01517981104552746 -0.023015590384602543 0.0015729484730400147 -0.47841748595237726 0.0009634126618038864 -0.0014910081517882643 0.026570553891360763 -0.010490935761481522 1.6349526047706606 0.011353679932653906 -0.017266624607145783 0.029017428867518905 0.00043936607835348701 0.020641947165131572 0.0006689898727927358 0.060210488736629493 -0.056203952059149735 -0.0096052237786352617 0.11236950755119325 0.042900830507278449 -0.008270293474197386
decision_type=2 2 2 10 2 2 2 2 2 2 2 2 8 2 2 2 2 2 2 2 2 2 2 2 2 2 2 2 2 2 2 10 2 2 2 2 2 2 2 2 2 2 2 2 2 2 2 2 2 2 2 2 2 2 2 2 2 2 2 2 2 2
left_child=4 2 3 11 24 12 9 16 30 23 -4 14 18 52 21 -9 25 -18 -3 -20 -21 42 28 -7 -1 -8 27 -12 -23 -24 -5 -32 33 37 35 -35 -37 -33 55 -39 -41 -31 -2 44 -10 59 -47 50 -46 53 51 -48 -6 -50 -42 -34 57 -57 -38 -45 -16 -62
right_child=1 5 10 8 13 6 7 15 43 -11 26 -13 -14 -15 60 -17 17 -19 19 20 -22 22 29 -25 -26 -27 -28 -29 -30 41 31 32 38 34 -36 36 58 39 -40 40 54 -43 -44 45 48 46 47 -49 49 -51 -52 -53 -54 -55 -56 56 -58 -59 -60 -61 61 -63
leaf_value=-5.7922006153165205e-06 2.0684726711701517e-05 6.2436409254577941e-07 6.2436409254577941e-07 2.8346875548314299e-06 -1.1575956021688365e-05 -1.3680709286085877e-05 -0.00012737690048694335 -0.00017420497119284561 0.00032300004158842166 -1.2350269393656454e-05 2.3348007821917153e-05 6.2436409254577941e-07 -0.00010133505546910151 -4.5546060773419221e-06 2.5371349913924799e-05 6.2436409254577941e-07 -0.0002407450153860044 6.2436409254577941e-07 6.2436409254577941e-07 -5.8510652054666453e-05 -0.00025579172084708981 1.7228599987180359e-05 4.6206522900379224e-05 -5.6827564498475667e-07 1.8034273877628206e-06 -0.00024996379302416881 4.9142445680159354e-06 8.4844886182335809e-05 0.00022513524411094839 0.00012039080377308188 2.6091768069771055e-05 1.0075874928236565e-05 1.5449630514963335e-06 0.00018333703643219637 6.2436409254577941e-07 1.9129668097151745e-05 1.9129668097151745e-05 6.5639278696011242e-05 0.00019702099928757368 4.7465457555219245e-05 0.00015807532159839232 0.00035249139831080049 3.6236642225044951e-06 6.2436409254577941e-07 0.00014369590811313981 0.00023490700139312739 0.00028934401426724811 6.2436409254577941e-07 2.1986366257936376e-05 4.4012597694946167e-05 6.2436409254577941e-07 8.8422503754473074e-05 -4.2272256491432956e-05 6.2436409254577941e-07 0.00036090219757262462 2.1887111600038478e-06 1.7614749808585075e-05 0.00019083045360375288 0.00015925677618608652 1.1241404030506781e-05 5.5221140964626187e-05 0.00015853031100878414
leaf_weight=165405.46272325516 25724.714874923229 285909.09613800049 614717.48583984375 23878.593017578125 210805.26292419434 47487.775025963783 1606.0739703178406 290.29718685150146 277.377077460289 142027.10827302933 9069.4909839630127 303568.39478492737 1033.3642578125 464914.56323242188 3211.6949110627174 2380.8153924942017 195.13374161720276 492.59192061424255 1130.7906939983368 1188.6767294406891 367.08780574798584 3362.7366590499878 406.91875755786896 271321.7379168272 409343.3515625 625.80067873001099 12840.306030273438 2612.9671459197998 151.14044237136841 273.8255227804184 90892.559090256691 1806.5890049934387 45235.375080823898 297.73273086547852 7458.8280735015869 10016.492575287819 289.39196610450745 4412.9836378097534 177.36151885986328 465.44590783119202 367.38220828771591 189.14277791976929 85230.210279285908 129177.31648492813 423.63723492622375 338.93375396728516 183.32310485839844 2229.6620311737061 16432.730650126934 7020.3002471923828 718.81521415710449 1585.7870483398438 6025.8442535400391 17760.021990001202 211.25000840425491 283.15771126747131 1906.7968358397484 485.57593733072281 652.5108790397644 62849.325326442719 1500.4287956953049 682.03377157449722
leaf_count=123858 16983 182958 406073 18074 148766 30263 811 156 117 89933 5687 200426 511 329995 1729 1298 119 287 532 565 152 2255 246 174942 294412 267 7619 1521 105 154 63177 1269 32090 173 4288 6265 189 2604 121 250 184 98 57397 94312 259 143 95 1223 10150 4103 374 917 3601 10388 91 198 1283 278 413 42046 861 320
internal_value=-4.60125e-08 2.16747e-06 4.66584e-06 7.69759e-06 -4.00516e-06 -2.76075e-06 -6.21826e-06 -6.1223e-05 1.18469e-05 -5.5507e-06 6.24364e-07 3.51363e-06 6.24364e-07 -7.05924e-06 1.09817e-05 6.24364e-07 -0.000132829 -3.81499e-05 6.24364e-07 -5.80129e-05 -0.000105328 9.12885e-06 4.83211e-05 -2.52149e-06 -3.82511e-07 -0.000161942 2.02562e-05 3.71149e-05 2.62942e-05 0.000137034 1.77364e-05 1.98934e-05 1.22865e-05 2.60783e-05 1.1325e-05 3.10807e-05 2.69113e-05 6.40768e-05 4.83506e-06 8.19438e-05 0.000150601 0.000216322 7.57954e-06 7.19342e-06 1.77935e-05 4.93891e-06 4.68243e-05 3.32177e-05 1.57449e-05 1.44227e-05 7.64701e-05 0.000109546 -1.24294e-05 8.34527e-06 0.000233112 4.11542e-06 4.75406e-05 0.000121532 0.000109448 3.8355e-06 5.05808e-05 8.76215e-05
internal_weight=3.50393e+06 2.24743e+06 1.49138e+06 852136 1.25649e+06 756056 466427 5590.71 427835 460837 639240 424301 289629 681746 120733 2671.11 2919.6 687.726 288596 2686.56 1555.76 115339 4383.76 318810 574749 2231.87 24522.8 11682.5 3513.88 869.887 188838 164959 74066.9 25978.6 18715 11256.1 10958.4 7263.65 48088.3 5457.06 1044.08 462.968 110955 238997 41914.1 197083 5056.52 4717.59 41636.7 41213.1 2487.93 1769.11 216831 34192.8 578.632 47910.9 2675.53 768.734 941.903 192027 5394.16 2182.46
internal_count=2379974 1479342 996548 575648 900632 482794 298076 2938 295074 295138 420900 280574 184718 482362 80148 1454 1484 406 184207 1249 717 77238 2858 205205 418270 1078 14827 7208 2360 498 130947 112873 49696 15726 11328 7040 6867 4398 33970 3129 525 252 74380 164127 25017 139110 2752 2609 24900 24641 1386 1012 152367 20538 275 33849 1759 476 602 136358 2910 1181
is_linear=0
shrinkage=0.05


Tree=37
num_leaves=63
num_cat=0
split_feature=217 134 85 346 0 48 373 199 15 46 52 220 0 291 108 204 44 223 193 346 199 322 204 32 256 320 292 13 374 358 0 46 48 199 361 176 207 349 358 185 202 374 336 365 316 349 176 333 354 1 46 373 361 263 2 357 183 346 349 49 277 365
split_gain=0.0117293 0.0099272 0.00649722 0.0116395 0.00706258 0.0113306 0.0124411 0.0116711 0.0104833 0.0118698 0.00588162 0.00577325 0.00575887 0.00554926 0.00550609 0.00479468 0.0045722 0.00580784 0.00463751 0.00430013 0.00878833 0.00932417 0.0113658 0.008072 0.00651328 0.00607589 0.00548584 0.0092532 0.014605 0.00796965 0.00682693 0.00611418 0.00639356 0.00818639 0.00658116 0.00821262 0.00716269 0.00642541 0.00720663 0.0056359 0.00959826 0.00851008 0.0058469 0.00562675 0.00618696 0.00560033 0.00552922 0.00542946 0.00506357 0.00503525 0.0058718 0.00703602 0.00707119 0.00502347 0.00491066 0.00488366 0.00853878 0.00483503 0.00469924 0.004628 0.00458898 0.0042113
threshold=0.00032935185299720621 -1.0000000180025095e-35 inf 0.14097943156957629 0.011476783081889154 0.24601135402917865 0.0043783686123788365 0.00061624700902029883 0.024204373359680179 -0.0081965452991425974 1.0000000180025095e-35 0.00022134929895401004 -0.027487963438034054 2.4859330654144292 95.812191009521499 0.00030489929486066108 0.017581459134817127 0.14285262674093249 0.040473997592926032 0.12691731005907061 0.0010758923017419877 -0.059247955679893487 0.00054083007853478204 -0.037429323419928544 1.6148230671608173e-17 -0.039432039484381669 -6.7872110553611901e-15 0.047397440299391753 0.0021490912185981874 0.090899046510458006 -0.027487963438034054 0.025998254306614402 0.038355454802513129 0.00049280814710073184 0.00031896382279228424 0.0127820847555995 0.00055335671640932571 -0.21154457330703733 -0.42354626953601832 0.038141703233122833 0.0011137441615574064 0.003989564487710596 0.055836830288171775 -0.00022380345762940121 0.072589091956615462 0.026681063696742061 -0.038490686565637582 0.31662078201770788 -0.12859183549880979 0.036073241382837302 -0.028166308067739006 0.0031291362829506402 0.0021614769939333205 0.0043428163044154653 -0.0079659777693450434 -0.46858656406402582 0.022147650830447677 -0.21686170250177381 -0.0668649487197399 0.35907416045665747 0.61865401268005382 0.0042429629247635612
decision_type=2 2 8 2 2 2 2 2 2 2 2 2 2 2 2 2 8 2 2 2 2 2 2 10 2 2 2 2 2 2 2 2 2 2 2 2 2 2 2 2 2 2 2 2 2 2 2 2 2 2 2 2 2 2 2 2 2 2 2 2 2 2
left_child=1 11 4 -4 19 6 15 -8 9 -9 -3 -1 -13 -10 -12 -6 18 -18 -7 23 -21 -22 -23 25 -24 -2 31 39 29 48 -30 32 33 -25 35 -34 -36 38 -38 46 43 42 -42 -41 -45 -46 58 -33 59 -39 -51 52 -52 -27 -37 -32 57 -57 -28 -29 -26 -43
right_child=2 10 3 -5 5 16 7 8 13 -11 14 12 -14 -15 -16 -17 17 -19 -20 20 21 22 24 26 60 53 27 28 30 -31 55 47 34 -35 36 54 37 49 -40 40 41 61 -44 44 45 -47 -48 -49 -50 50 51 -53 -54 -55 -56 56 -58 -59 -60 -61 -62 -63
leaf_value=-2.9728306504935616e-06 0.00025790044971343325 -1.386510651141103e-06 -3.8133208373784972e-05 -0.0004124841893673166 1.5288728741234407e-05 -3.0710241778971412e-05 4.7354180475889849e-05 0.00017738860008163532 9.1542274547954844e-05 0.00056448117327987247 6.392221891987639e-06 5.8220730651342965e-05 -1.2534535865221727e-05 0.00032556706306704098 -1.386510651141103e-06 -0.00012893185501813061 -3.7107012556210028e-05 0.00017199975151198948 -0.00026843521830658703 3.3607642441657834e-06 0.00024418873956158661 -1.4545000068359752e-06 -0.00019478876996099602 5.2917824673098522e-05 3.2913003521049495e-05 3.497543632073619e-05 -0.00021533230031077746 2.1948449156793139e-05 0.00012427020381815699 0.0001633953031154597 -4.2396996386095937e-05 -3.3439617050712151e-05 2.6081943215796347e-06 0.00025056734252448907 7.3408283388622789e-06 -0.00011656388483967064 -0.00036707633069041064 3.6806311304181265e-05 -9.7992400270443716e-06 -0.00021161695761372237 5.6057206521851804e-06 0.00017164457631934488 0.00018622814893212944 1.1327580729531336e-05 1.0700001382574328e-06 0.00027824577855438713 7.8443845415223834e-06 0.00026213323978319249 1.881371605457851e-05 0.0002851931209465716 0.00010824835942608168 5.928503601613422e-05 0.00044431642258098756 0.0001812026388696067 -0.00039642764687935518 -0.00024066761469749982 -0.00035207009526787194 -6.8437264880071404e-05 -3.4020470960785395e-05 -0.00016821697161768844 -0.00013098882623324294 0.00050274598172315879
leaf_weight=798837.29244232178 415.26115083694458 1171601.5191082954 2172.8731963634491 227.6553680896759 2076.6888921260834 445.10575485229492 5198.6961936950684 557.01604104042053 2420.070453286171 307.89346098899841 654331.03715896606 2907.993896484375 245177.39575195312 281.50969922542572 231981.22192382812 795.46602249145508 2181.6807315349579 389.61366009712219 379.48624038696289 142386.61676168442 253.8135986328125 3660.2755037546158 1771.5147470235825 3957.7156061530113 766.63948702812195 3703.6696736812592 396.89688223600388 513.18244022130966 257.03866577148438 716.83960402011871 885.38396072387695 225.77211076021194 2076.803684592247 602.19918787479401 26875.103168547153 788.24958711862564 161.95214807987213 7425.4512809514999 1015.4432898759842 253.90948450565338 941.64075171947479 183.44543766975403 852.96662199497223 6545.6650260686874 312.09325903654099 436.05120354890823 156039.38619494438 493.33640974760056 3169.8560444712639 400.8125 417.36117732524872 3790.3322992324829 250.22887516021729 696.40905594825745 194.70764249563217 618.86254000663757 552.08533000946045 1193.0309529304504 3446.3434351086617 845.81730937957764 960.27106785774231 206.93119740486145
leaf_count=547773 189 825209 1201 95 1185 232 3073 252 1332 183 432436 1308 159441 142 161109 446 992 152 160 90644 108 2159 836 2320 333 2078 201 239 97 336 419 113 1063 290 18021 409 73 4573 657 125 496 115 354 4220 173 214 102777 193 1786 149 207 2221 122 300 100 320 270 627 2256 490 477 103
internal_value=-4.0975e-08 -1.07813e-06 8.02785e-06 -7.39488e-05 8.5243e-06 4.21373e-05 6.55838e-05 9.51719e-05 0.000164808 0.000316172 9.38409e-07 -5.04201e-06 -1.17047e-05 0.000116151 4.01168e-06 -2.47162e-05 -3.82024e-05 -5.3132e-06 -0.000140499 7.20009e-06 5.97227e-07 -5.2474e-05 -6.30575e-05 1.1466e-05 -0.000127473 7.55132e-05 1.0107e-05 6.04677e-06 -4.40817e-05 8.73138e-06 -0.000123052 2.49845e-05 2.28105e-05 7.91186e-05 1.68906e-05 -5.37838e-05 2.2254e-05 5.20216e-05 -5.94823e-05 8.63387e-06 4.55705e-05 0.000137806 9.15663e-05 1.884e-05 2.69184e-05 0.000162931 6.38485e-06 0.000169499 -1.58106e-05 6.27167e-05 0.000102283 8.57174e-05 0.000235166 5.81909e-05 -0.000172693 -0.00014268 -0.000180172 -0.000127464 -5.28471e-05 -9.64804e-05 -5.82728e-05 0.000348823
internal_weight=3.50393e+06 3.10484e+06 399091 2400.53 396691 15033.2 11637.3 8765.19 3566.49 864.91 2.05791e+06 1.04692e+06 248085 2701.58 886312 2872.15 3395.89 2571.29 824.592 381657 149799 7412.51 7158.7 231858 3498.43 4815.34 227043 178367 8752.1 5245.7 3506.4 48675.5 47956.4 4559.91 43396.4 3059.76 40336.7 13461.6 1177.4 169615 9732.7 2184.98 1794.61 7547.72 7293.81 748.144 159883 719.109 4528.86 12284.2 4858.73 4457.92 667.59 4400.08 982.957 3249.36 2363.98 1811.89 3843.24 1359 1726.91 390.377
internal_count=2379974 2127276 252698 1296 251402 8149 6613 4982 1909 435 1418754 708522 160749 1474 593545 1631 1536 1144 392 243253 94557 3913 3805 148696 1646 2567 146129 115618 4584 2851 1733 30511 30205 2610 27595 1572 26023 8002 730 111034 5800 1068 850 4732 4607 387 105234 306 2515 7272 2699 2550 329 2378 509 1636 1217 947 2457 729 810 218
is_linear=0
shrinkage=0.05


Tree=38
num_leaves=63
num_cat=0
split_feature=278 56 0 355 201 1 374 307 359 182 169 2 356 203 41 51 256 337 201 362 333 192 179 373 19 356 174 224 12 344 190 183 1 373 0 354 368 341 193 258 355 165 201 199 113 320 354 374 206 23 46 192 22 346 320 343 333 35 292 256 313 198
split_gain=0.0113557 0.00768474 0.00753128 0.0119398 0.010987 0.00804439 0.0231856 0.00908753 0.00718952 0.00654784 0.00599893 0.0064031 0.00564191 0.00581194 0.0057324 0.00523419 0.00521543 0.0112618 0.00516729 0.00500819 0.00650901 0.00826794 0.00555231 0.00490547 0.00480339 0.00469719 0.00467852 0.00595527 0.00603309 0.00461602 0.00452313 0.00452159 0.00444376 0.00506578 0.00556615 0.00742952 0.00613249 0.011191 0.00871016 0.00510604 0.00435203 0.00409265 0.00401029 0.00398833 0.00606747 0.00391575 0.0039103 0.00375093 0.00373906 0.00372366 0.00426116 0.0057609 0.00501485 0.00384205 0.00365784 0.00354976 0.00352019 0.00344185 0.00591191 0.00510408 0.00412 0.00410515
threshold=0.83001035451889049 1.0000000180025095e-35 0.016877651214599613 0.078010469675064101 0.001635046908631921 0.068626064807176604 0.0028942673234269027 0.0048934363294392833 1.4772190297662748e-06 -3.5212780858273611e-05 -0.0028322543948888774 0.0027663693763315682 0.24905215203762057 0.00081219192361459147 0.029636698774993423 5.8994190112571239e-05 0.34402832388877874 0.014687408693134786 5.4623154937871739e-05 0.001517140422947705 0.70414847135543834 0.065910223871469512 0.00029989570612087851 0.00096391368424519907 1.5515191080339722e-05 -0.002775732427835464 0.028960372321307663 0.23381593823432925 0.052088622003793723 1.0000000180025095e-35 -0.018967899493873116 -0.0033954877872020002 0.0079021472483873385 -0.00038938944635447109 -0.024235775694251057 0.0015550985699519517 1.3723880329052919e-05 0.86135095357894909 0.018495100550353531 0.73125970363616954 0.18571014702320102 0.0054439364466816196 0.00018125589122064414 0.0014153248630464079 0.01876886282116175 0.013499926775693895 -0.079911518841981874 0.00076823041308671247 0.001003893150482327 0.0057742621283978232 0.0168658746406436 0.026856787502765659 0.0007459152548108251 0.68970668315887462 -0.004831816302612423 -0.36185801029205317 0.88976949453353893 0.073004703968763365 1.9355823993682864 0.20852734148502353 0.034015435725450523 0.0043545945081859836
decision_type=2 2 2 2 2 2 2 2 2 2 2 2 2 2 8 2 2 2 2 2 2 2 2 2 2 2 2 2 2 2 2 2 2 2 2 2 2 2 2 2 2 2 2 2 2 2 2 2 2 2 2 2 2 2 2 2 2 10 2 2 2 2
left_child=1 8 5 4 9 10 19 -8 12 16 47 15 13 29 26 55 41 -18 -13 20 45 -22 -21 -23 -10 -5 43 54 40 32 -14 -16 -1 -34 35 -35 -36 38 -38 -39 -29 -4 -3 46 -45 -7 -15 -2 -48 -26 51 53 -53 -51 -28 -12 -33 -31 60 -60 61 -59
right_child=2 42 3 25 -6 6 7 -9 24 -11 11 18 30 14 31 -17 17 -19 -20 22 21 23 -24 -25 49 -27 27 28 -30 57 -32 56 33 34 36 -37 37 39 -40 -41 -42 -43 -44 44 -46 -47 48 -49 -50 50 -52 52 -54 -55 -56 -57 -58 58 59 -61 -62 -63
leaf_value=-1.1700529925448829e-06 -9.4667525065908097e-06 4.2377401870310186e-06 3.7772775130046436e-05 0.00046905858033915771 0.00031847507133365635 -9.4550804702228654e-06 -0.00010243928062535109 -0.00035184289317785383 -0.00024501297693960752 -4.1389390306718524e-05 6.064461107486101e-06 -4.7536560666502786e-06 -3.5125727134525145e-05 -6.0067038575948906e-05 -0.00030513360149576028 -1.2072294395787134e-05 6.0908429139647456e-05 0.00049499497425693295 3.4260540701369238e-05 -1.3567261904105385e-05 2.6363517148849451e-05 0.00011534815942063433 -8.6791650971827702e-05 0.00040573266724786147 3.1731778424228302e-06 0.00014130120040037913 0.00018536165515345578 0.00010367963686309055 -9.4735173379251867e-05 -3.3995017983660158e-06 -6.4723225971335639e-06 -0.00010153531771862259 -4.8818556549479665e-05 2.1620232976743721e-05 6.1020789994091247e-06 0.00026066288643985516 4.3707371433653169e-05 -2.0832544377978107e-05 0.0004221796635374759 0.0002512038571788158 0.00033939158125852366 -0.00014235103903534712 1.3319645902628119e-05 -0.00012738356385927683 0.0001398630087501215 9.8984249309728664e-05 2.2009540066206666e-05 5.8422338040171354e-06 -8.8794202857882948e-05 8.2170506670827775e-06 -9.7224512897428118e-05 0.00032774263229891235 5.666904028582058e-05 3.1791325852770948e-05 -1.7090244668712781e-05 -5.2603943299444203e-06 8.9072201771963887e-05 2.3637645491119585e-05 7.4867528354993762e-05 0.000315051931757786 0.00014502015210787265 -9.8057084651505992e-05
leaf_weight=382152.77663445473 49118.888492584229 383464.5738556385 6156.262441277504 199.72582763433456 310.39613771438599 11572.006357371807 5396.6589835882187 390.27185106277466 184.4649829864502 3255.5038352608681 79852.158677101135 16164.735181808472 19963.657043457031 4078.2876341938972 238.91764068603516 276018.00167989731 652.93219751119614 192.03588098287582 17865.871978759766 11356.423282146454 1248.7434449195862 307.98542326688766 3351.6248373985291 277.43852692842484 126970.65354728699 244.18476486206055 230.32651430368423 1015.0691554546356 314.97728729248047 614977.30313682556 44408.593566894531 1819.7569961547852 4119.0251541137695 927.96684980392456 399660.57551765442 498.63297986984253 257.24005210399628 1269.9301276803017 371.45031809806824 197.56442147493362 241.75283360481262 330.4335241317749 177963.55859375 1920.5365099906921 237.10020875930786 895.01497215032578 4732.9841858744621 215758.85475158691 905.25282287597656 70931.093416929245 821.43498229980469 173.93341457843781 5772.1802566051483 22850.303486227989 5625.0704068541527 518384.89431333542 277.8011474609375 2458.7056713700294 848.96008342504501 298.07917070388794 483.35938930511475 962.68499183654785
leaf_count=261757 33252 266308 3319 92 117 7138 2986 199 95 1711 52868 12476 12739 2554 97 182631 366 102 11774 7059 838 123 1826 109 89055 124 101 596 191 414992 30363 899 2293 477 276203 192 126 666 137 101 130 158 111375 1042 117 468 2828 142156 538 55230 467 64 3499 14178 3334 362827 192 1174 376 107 209 453
internal_value=-4.32355e-08 2.03621e-06 -3.93953e-06 3.66115e-05 2.62299e-05 -4.32032e-06 -2.80117e-05 -0.000119375 3.80984e-07 1.76033e-05 -3.61758e-06 -5.54839e-06 -8.79237e-07 -2.27896e-07 -2.59434e-05 -6.37666e-06 4.38021e-05 0.000160499 1.57294e-05 -9.77913e-06 1.12887e-05 9.91781e-05 -3.02629e-05 0.000253877 8.65768e-06 0.000290209 -1.6984e-05 1.41394e-05 0.000100488 1.66914e-07 -1.53594e-05 -9.9878e-05 2.70272e-06 6.33634e-06 6.90006e-06 0.00010542 6.5497e-06 9.18068e-05 0.000267951 1.6083e-05 0.000149487 2.85562e-05 7.11659e-06 -3.64506e-05 -9.79138e-05 -1.65553e-06 -2.27848e-05 3.00329e-06 4.19416e-06 8.8655e-06 1.60534e-05 1.69884e-05 6.47059e-05 1.39616e-05 -9.06607e-06 -3.74875e-06 -7.62304e-05 -3.06181e-06 3.80324e-05 0.000137724 8.69213e-06 -1.06412e-05
internal_weight=3.50393e+06 2.28463e+06 1.2193e+06 11341.5 10897.6 1.20796e+06 34796.2 5786.93 1.7232e+06 10587.2 1.17316e+06 908286 1.49549e+06 1.43112e+06 21637.8 874255 7331.66 844.968 34030.6 29009.2 14301.2 1834.17 14708 585.424 227704 443.911 19301.4 7427.2 1571.8 1.40948e+06 64372.3 2336.48 789455 407302 403183 1426.6 401757 2096.18 628.69 1467.49 1256.82 6486.7 561428 11874.2 2157.64 12467 9716.52 264878 5638.24 227520 100549 99727.5 5946.11 93781.4 5855.4 598237 2097.56 620029 5051.79 1147.04 3904.75 3421.39
internal_count=2379974 1555255 824719 5989 5773 818730 20746 3185 1177572 5656 797984 622576 1014984 971882 12619 598326 3945 468 24250 17561 8676 1070 8885 232 162588 216 11431 4352 917 959263 43102 1188 541952 280195 277902 669 277233 1030 263 767 726 3477 377683 7079 1159 7606 5920 175408 3366 162493 73438 72971 3563 69408 3435 415695 1091 417311 2319 483 1836 1627
is_linear=0
shrinkage=0.05


Tree=39
num_leaves=63
num_cat=0
split_feature=144 219 36 16 109 211 212 193 0 334 372 368 186 372 337 108 45 174 336 270 46 201 49 364 11 346 374 364 175 364 0 368 203 371 259 202 355 0 200 337 372 368 113 354 337 212 213 200 181 202 8 49 2 174 357 355 372 330 266 17 306 223
split_gain=0.0118016 0.00624341 0.00615742 0.00642356 0.00694264 0.00590721 0.0053546 0.00505681 0.00492406 0.00810813 0.00508676 0.007121 0.00504155 0.00713205 0.00778729 0.00996729 0.00775182 0.0076044 0.00604863 0.0051788 0.00498577 0.00544032 0.00489883 0.00489694 0.00447178 0.00679104 0.00696978 0.00667876 0.00450931 0.00445087 0.00428562 0.00775272 0.00576049 0.00477751 0.00420082 0.00418494 0.00413157 0.00704796 0.00392768 0.00507695 0.00441331 0.00728343 0.00989393 0.00688062 0.00502035 0.00384556 0.0037933 0.00378248 0.00377982 0.00373767 0.00370865 0.00572001 0.00407606 0.00365517 0.00361903 0.00361139 0.00472806 0.00380177 0.00358616 0.00356683 0.00360601 0.00356622
threshold=-1.0000000180025095e-35 0.00048691601841710513 0.0055106554646044978 0.0010775853879749777 11.647509574890138 3.9380323869409046e-05 5.6155298807425431e-05 -0.010922023560851811 -0.027487963438034054 0.31951618194580084 -0.00029101167456246907 -3.2458465284435072e-05 0.052833685651421554 -0.00026643654564395541 0.028441717848181728 16.868181228637699 0.020582198165357116 0.041870890185236938 -0.040151050314307206 0.008143888786435129 0.0019448557286523285 0.00017097198724513876 0.29346092045307165 3.4837477869587026e-05 0.033978989347815521 -0.21686170250177381 0.0036868734750896697 -0.00028709966863971198 0.013171939644962551 -8.2344784459564821e-05 0.011476783081889154 -0.0014870744780637322 0.0007026508974377067 -4.395870547568847e-07 0.29137262701988226 0.0013101944932714107 -0.042150368914008134 0.0090173142962157744 0.0010655435035005214 0.17062155157327655 -0.00055971497204154719 -0.00015546823124168438 0.0097141875885427015 -0.12246229127049445 0.029541292227804664 0.00011781095963669942 5.2725414207088768e-05 0.0010655435035005214 0.0072555025108158597 0.0017194329993799331 0.027872382663190368 0.045445343479514129 0.0012884810566902163 0.025206356309354309 0.12169821560382844 -0.12710218876600263 3.6055009331903427e-05 0.10497220605611803 0.0072309286333620557 4.5456212319550111e-05 0.000738630333216861 -3.330668896239785e-08
decision_type=8 2 8 2 10 2 2 2 2 2 2 2 2 2 2 2 8 2 2 2 2 2 2 2 2 2 2 2 2 2 2 2 2 2 2 2 2 2 2 2 2 2 2 2 2 2 2 2 2 2 2 2 2 2 2 2 2 2 2 2 2 2
left_child=1 6 5 4 -4 -2 46 -5 9 29 -11 -12 20 17 15 16 18 19 -15 59 45 -22 24 -16 36 26 -26 28 -27 34 38 32 -32 61 -7 -24 37 53 -3 40 43 42 -42 -40 -43 49 -1 -31 -45 -10 -47 -52 55 -23 -20 -53 57 -57 -17 60 -14 -33
right_child=2 30 3 7 -6 8 -8 -9 12 10 11 -13 13 14 23 58 -18 -19 54 -21 21 22 35 -25 25 27 -28 -29 -30 47 31 33 -34 -35 -36 -37 -38 -39 39 -41 41 44 -44 48 -46 50 -48 -49 -50 -51 51 52 -54 -55 -56 56 -58 -59 -60 -61 -62 -63
leaf_value=2.363277614563499e-06 -4.3990075958008208e-06 1.4383652019237776e-05 -4.1352761133133726e-05 -1.5984632354751683e-05 3.6160832806906947e-06 2.1163454137195138e-05 -7.0225380786892396e-07 -9.6629538272486088e-07 2.7170241337237263e-06 -8.8307201307306904e-05 0.00027028834163344992 7.741703839559479e-05 -0.00034918677237720649 0.00028984539844201576 -2.4886397651932536e-05 1.5440642713405749e-05 -0.00011327491620804857 0.00010356746852176771 0.00017117611916457471 -0.00017338580684840481 -1.3772511157243469e-07 5.3031040483519139e-05 2.0001857538300074e-06 -0.0001446300247556239 8.4683170124102389e-05 0.00017683224801407957 -9.0350558615275443e-05 8.7053431903517055e-05 0.00043704699707178816 -1.660290248034269e-05 9.8788872259833119e-05 -0.000128041281214265 0.00037594692977477225 7.0217093509294243e-05 0.00018894020988350052 0.00015870542069732049 -4.5174924776266047e-05 0.00034853038213611257 -9.8180754474069566e-06 -0.00019165041447137931 2.3537474280949123e-06 3.9526916445608705e-06 0.00020652642617208748 -6.3910310636450173e-05 -0.00012534097460633001 -2.4015855083499317e-06 1.108926407283616e-05 -0.0001862275038982008 -0.00026441602890479084 0.00019258926880861969 -0.00023350475451832978 6.2901111333599337e-06 3.7004531326511468e-05 -0.00010238813922762865 -7.1931956564100634e-05 0.00017278631001071878 -0.00022477933881029984 -4.9468254948425078e-05 -9.7422449891918943e-05 -4.6822749401375312e-05 -3.5590155700616025e-05 1.3215062815672617e-05
leaf_weight=267304.1650094986 824127.75520372391 122953.92230224609 27788.428745508194 83875.519432067871 12418.039211034775 2361.5305946469307 555242.40512084961 168942.86710357666 736576.36443138123 266.63177871704102 722.69146180152893 1416.6609373092651 199.18496942520142 703.37778675556183 5046.4738191962242 7113.7683348059654 250.88002943992615 683.060791015625 394.57083606719971 1051.8805799484253 21352.231185913086 3269.2760862112045 9495.6157112121582 1026.0084228515625 1410.7181589603424 754.56037271022797 950.04677510261536 3556.8197020292282 214.15075325965881 1858.3045982718468 536.427734375 588.21560603380203 287.9852294921875 3490.1114463806152 441.24581480026245 444.06893920898438 1597.856392621994 186.52420043945312 2086.5765774250031 404.0021071434021 1596.83434933424 2764.9376596212387 942.24466514587402 437.48571288585663 1028.5972827076912 363697.01920950413 233201.54949855804 397.397216796875 510.14403343200684 257.28144836425781 327.92938888072968 3801.2091717720032 2376.3402843475342 425.90071952342987 247.87124180793762 195.13307118415833 377.26862931251526 8166.8938031196594 779.08868885040283 6998.3550266027451 169.32181942462921 1837.855137526989
leaf_count=190564 566503 75497 18437 65673 8717 1041 364724 135237 500174 104 266 577 111 263 2867 4470 109 316 161 517 13957 1736 6908 462 680 380 486 1893 94 1061 229 284 110 2165 166 235 991 111 974 197 1010 1558 460 216 535 233007 157924 161 248 134 172 2287 1760 220 110 123 177 5186 531 3772 99 837
internal_value=-4.09867e-08 3.99198e-06 -2.12884e-06 -8.90124e-06 -2.74643e-05 -1.14432e-06 2.67852e-06 -5.9489e-06 1.10675e-06 4.15839e-05 0.000117103 0.000142762 8.51515e-07 -2.15168e-05 -9.52675e-07 2.73392e-05 0.000141187 -5.66689e-05 0.00018872 -6.96913e-05 1.32738e-06 1.79026e-05 3.51704e-05 -4.51593e-05 5.61759e-05 8.29923e-05 1.42272e-05 0.000118842 0.000235139 5.63232e-06 1.39346e-05 5.2822e-05 0.000196282 3.27715e-05 4.76927e-05 9.03172e-06 2.24572e-05 5.0306e-05 1.19589e-05 -1.85502e-05 -1.10448e-05 1.27136e-05 7.82245e-05 -6.06061e-05 -3.11522e-05 6.78794e-07 6.42902e-06 -4.66249e-05 -0.000172179 2.78384e-06 -3.41437e-06 -2.7573e-05 -2.30151e-05 3.5072e-05 7.74464e-05 -3.43925e-05 -5.2085e-05 -4.42417e-05 4.27829e-06 -5.48422e-05 -0.000206065 -2.11107e-05
internal_weight=3.50393e+06 1.19521e+06 2.30871e+06 293025 40206.5 2.01569e+06 1.05575e+06 252818 1.19156e+06 7464.46 2405.98 2139.35 1.1841e+06 24663.8 15562 9489.56 1596.7 9101.8 1345.82 8418.74 1.15943e+06 43657.8 22305.5 6072.48 12365.9 6886.3 2360.76 4525.53 968.711 5058.48 139465 6740.6 824.413 5916.18 2802.78 9939.68 5479.56 3881.7 132725 9770.82 9366.82 6332.61 2539.08 3034.21 3793.53 1.11578e+06 500506 2255.7 947.63 736834 378942 15244.8 14916.8 3695.18 642.442 12540.5 8739.3 8362.03 7892.86 7366.86 368.507 2426.07
internal_count=2379974 797532 1582442 228064 27154 1354378 713212 200910 787875 3376 947 843 784499 13788 8973 5644 643 4815 534 4499 770711 27691 13734 3329 6591 3533 1166 2367 474 2429 84320 3625 339 3286 1207 7143 3058 2067 80695 5198 5001 3563 1470 1438 2093 743020 348488 1222 464 500308 242712 9705 9533 1956 271 7773 5486 5309 5001 3982 210 1121
is_linear=0
shrinkage=0.05


Tree=40
num_leaves=63
num_cat=0
split_feature=276 344 327 12 33 202 321 16 198 217 214 327 52 205 33 357 18 208 18 109 346 109 190 0 190 201 318 308 178 193 0 186 198 330 337 0 337 356 207 203 203 33 369 201 2 292 357 372 337 327 48 316 330 236 354 201 25 346 202 51 202 186
split_gain=0.0113042 0.00927073 0.00739855 0.00996608 0.00722896 0.00671172 0.00895561 0.00592723 0.0052957 0.00496108 0.00567036 0.00553345 0.00492665 0.00459977 0.0045993 0.00622264 0.00619258 0.00438603 0.00436322 0.004859 0.00428337 0.00419125 0.00418139 0.0040186 0.00476298 0.0044254 0.00398062 0.00397469 0.0038922 0.00387434 0.00719472 0.00514498 0.00740647 0.0137411 0.0078551 0.00710199 0.00681853 0.00534503 0.00680153 0.00511879 0.00504294 0.0049133 0.0072979 0.00667498 0.0054168 0.00466207 0.00398866 0.00377659 0.00605336 0.00375905 0.00372036 0.00371308 0.00564853 0.00431942 0.003706 0.00368558 0.0036167 0.00359031 0.00355041 0.00354539 0.00354466 0.00479263
threshold=0.13735899329185489 -0.015942312777042385 0.0037913726409897213 0.052088622003793723 0.079936511814594283 0.0017194329993799331 0.068329539149999632 0.0049360706470906743 0.0044951804447919139 0.0008562413277104498 0.00015382673882413658 -0.0007592097099404781 0.00089254765771329414 3.4655819035833708e-05 0.066236786544322981 0.12790648639202121 0.0004924198437947781 0.0019759229617193346 0.0059627627488225707 19.18502235412598 -0.21686170250177381 83.282638549804702 0.010842931922525169 -0.010525844525545834 -0.014535516500473021 0.001635046908631921 0.0024432712234556679 0.014906204771250488 -0.0077338949777185908 0.065762814134359374 -0.0050026322714984408 0.052833685651421554 0.0078186104074120539 0.91939792037010204 -0.087388847023248659 0.00052703541587106894 -0.030801518820226189 -0.77669247984886158 0.0011841585510410371 0.00018571745022200051 0.00036616421130020177 0.022430319339036945 0.00045219884486868983 0.00041444649104960268 0.0024123134789988403 2.0565603971481328 -0.40991373360157007 -0.00047696863475721324 0.034318430349230773 -0.0016733946977183221 0.071172412484884276 0.00059632534976117324 0.65766972303390514 1.5318875312805178 -0.024763725697994229 4.3292548070894561e-05 0.0072805399540811786 0.13621860742568973 0.00024378221860388297 3.7037312722532085e-05 0.0011137441615574064 0.03807522356510163
decision_type=2 2 2 2 10 2 2 2 2 2 2 2 2 2 8 2 2 2 2 8 2 10 2 2 2 2 2 2 2 2 2 2 2 2 2 2 2 2 2 2 2 10 2 2 2 2 2 2 2 2 2 2 2 2 2 2 2 2 2 2 2 2
left_child=4 12 5 17 7 9 8 23 -7 10 13 -12 14 21 22 18 -17 51 19 -16 -5 -3 49 50 25 -25 28 -28 -6 31 -31 32 37 34 -34 -36 -37 38 -13 -33 -38 -39 43 -43 46 54 58 48 -10 -2 -1 52 -4 -53 -32 -9 -45 -49 -44 -51 -26 -62
right_child=1 2 3 20 26 6 -8 55 47 -11 11 29 -14 -15 15 16 -18 -19 -20 -21 -22 -23 -24 24 60 -27 27 -29 -30 30 45 39 33 -35 35 36 40 41 -40 -41 -42 42 44 56 -46 -47 -48 57 -50 59 -52 53 -54 -55 -56 -57 -58 -59 -60 -61 61 -63
leaf_value=3.4421674053913652e-05 1.6711843488565947e-05 -5.0518547031042219e-06 -6.8286961247157762e-05 -0.00029656760891488208 7.9429766834087495e-05 -2.3843009218060562e-05 0.00019580312861724265 -1.6166102252846789e-06 -0.00024187020762138369 1.4728974151667773e-05 9.9857242770778697e-07 1.0161272305656417e-05 1.6711843488565947e-05 -8.809087376725603e-08 1.6711843488565947e-05 -0.00028552316868949747 -6.4281300345959166e-05 0.0001437588199115585 -5.6269680815116562e-05 -6.0708625327179912e-05 -0.00011347695903297759 -2.2419752993612077e-05 7.4833344536430568e-06 -7.3857912329277933e-06 3.8557920847512946e-06 -0.00023094919071162381 -6.0234987964513821e-05 0.00011118885825464206 0.00023812542155582175 0.00015750619433321932 -9.1885468738560924e-05 2.7911067953009618e-06 -0.00023980686912751506 0.00051030412485114629 -1.4243860798012333e-05 -3.5825877403242004e-05 0.00052873898557354319 -1.0055165480576983e-05 0.00020629629832091863 -8.0451639564141968e-05 0.00017317531254261844 -2.6128295158517894e-05 -2.199137859437645e-05 -0.00018850969843957661 2.1994216323625354e-05 0.00014188702061333595 -1.9977967492816143e-05 -1.9251053283856771e-05 5.6265655032853551e-05 1.7127874212516394e-06 5.84888464251952e-06 -6.566996852834464e-05 0.00031117640795575645 9.9951239589804721e-05 3.639930354992678e-05 1.9465448677379054e-05 -7.1563557341055203e-06 -0.0001548050297724453 -8.2951960614372375e-05 -4.7598384758052849e-06 3.8945657635026594e-06 0.00013499838997528554
leaf_weight=18708.150491714478 20602.237480163574 284714.16700321436 206.14579749107361 458.1657087802887 1194.6150131225586 3737.9052510261536 345.96099853515625 26106.793117523193 903.31217050552368 36206.770111083984 100360.05200195312 1582.2551498413086 52808.281494140625 782039.19611674547 4767.6002993583679 410.00783503055573 1369.4698623418808 363.01858520507812 3984.6988340616226 2083.9156130552292 1061.0049149990082 39562.107490539551 229980.6399769783 100519.13220214844 412947.82704943419 219.84671020507812 746.61784589290619 614.76874208450317 571.59019577503204 941.14433586597443 1210.3138942718506 2795.7028198242188 209.32207053899765 173.68117362260818 747.74272131919861 183.19558346271515 178.69384145736694 223848.66472125053 611.48355102539062 5438.1725158691406 229.29551780223846 1892.648748755455 4261.9825286865234 1624.507056593895 6221.261127948761 460.55280125141144 35349.564429759979 1268.5536415576935 208.87318897247314 619841.58782482147 29131.788612365723 3955.4044191241264 184.05723333358765 435.37594848871231 1049.540116071701 100669.67874145508 331.03040373325348 793.05380702018738 5436.9886665344238 321191.92992067337 1634.7026882171631 1213.489236831665
leaf_count=12463 12568 205858 119 241 502 2220 162 22564 442 22482 61666 957 31704 546814 2082 194 730 178 2203 1293 516 28969 149821 66936 279937 110 344 292 236 349 674 1598 134 112 431 99 101 151443 240 2934 134 1149 3348 888 4400 197 22570 569 107 422354 20338 2248 100 248 627 70847 166 413 3432 210932 1012 583
internal_value=-1.48801e-08 -1.42708e-06 -4.01272e-06 -5.65785e-05 5.698e-06 -3.78593e-06 -5.17489e-05 5.35467e-06 -6.41931e-05 -3.55948e-06 -4.00052e-06 -9.14194e-06 1.7644e-06 -2.16416e-06 1.1089e-06 -2.892e-05 -0.000115521 -2.33208e-05 -1.468e-05 9.51699e-06 -0.000169012 -7.17089e-06 1.42686e-06 3.16009e-06 1.87605e-06 -7.87826e-06 8.1518e-05 1.72254e-05 0.000130999 -1.25944e-05 3.85043e-05 -1.32373e-05 -1.21031e-05 9.12188e-05 4.36085e-05 8.8208e-05 0.000217402 -1.27365e-05 6.49701e-05 -5.21939e-05 0.000330727 -1.3348e-05 -2.67203e-05 -9.31123e-05 -2.17336e-05 -2.75068e-06 -2.77732e-05 -0.00011167 -0.000185879 -2.15903e-08 1.70235e-05 -3.60619e-05 0.000111378 -4.92095e-05 -3.23269e-05 1.51241e-05 -0.000157849 -7.14951e-05 -5.61743e-05 -4.96443e-07 4.23935e-06 5.98077e-05
internal_weight=3.5029e+06 2.80862e+06 1.55158e+06 6663.17 694279 1.54492e+06 7257.66 691151 6911.7 1.53766e+06 1.50145e+06 395138 1.25704e+06 1.10632e+06 1.20423e+06 12615.7 1779.48 5144 10836.2 6851.52 1519.17 324276 1.19162e+06 564375 516535 100739 3127.59 1361.39 1766.21 294778 3661.55 291116 282882 1721.93 1548.25 1338.93 591.185 281160 2193.74 8233.88 407.989 278967 55118 3848.19 51269.8 2720.41 45048.5 3173.79 1112.19 961636 47839.9 4780.98 390.203 4390.78 2259.85 126776 1955.54 2061.61 9698.97 941034 415796 2848.19
internal_count=2379380 1903216 1069335 3650 476164 1065685 3913 474790 3751 1061772 1039290 257649 833881 781641 802177 6502 924 2893 5578 3375 757 234827 795675 381379 348578 67046 1374 636 738 195983 1847 194136 189604 1011 899 765 334 188593 1197 4532 235 187396 35953 2203 33750 1498 29350 1531 549 645854 32801 2715 219 2496 1301 93411 1054 982 6780 633286 281532 1595
is_linear=0
shrinkage=0.05


Tree=41
num_leaves=63
num_cat=0
split_feature=276 359 50 1 197 277 327 218 219 321 312 365 70 41 199 174 2 279 184 2 18 367 180 48 41 337 345 205 48 197 175 365 354 72 367 372 370 201 48 339 312 365 202 358 174 361 346 188 195 278 268 45 190 199 309 199 53 37 337 34 47 191
split_gain=0.010662 0.00888809 0.00815972 0.0057248 0.00799157 0.00735413 0.00533677 0.00515233 0.00522269 0.00515231 0.0085224 0.00539288 0.00451653 0.00482085 0.00642417 0.0175465 0.00567048 0.0043042 0.00404334 0.00458059 0.00484625 0.00552793 0.00399756 0.00399069 0.0038583 0.00371354 0.00426039 0.00367415 0.00372245 0.0040983 0.00701134 0.0155486 0.0377913 0.00558249 0.00376089 0.00361244 0.0036016 0.00415988 0.00339018 0.0033416 0.00333889 0.00326976 0.00493983 0.00563041 0.00744257 0.00564054 0.00414289 0.00394951 0.00439956 0.00321417 0.00297004 0.00296194 0.00288862 0.00392672 0.0039067 0.00339025 0.00287017 0.00286701 0.00414934 0.00311208 0.00449249 0.0027711
threshold=0.74999442696571361 -5.1023312153120051e-06 1.0000000180025095e-35 0.059633491560816772 0.0052974459249526271 0.11800025030970575 -0.0014535438967868684 8.4107723523629843e-05 7.0164554927032454e-05 -0.01167764514684677 9.2342674179235487e-05 0.026160984300076965 0.040978884324431426 0.0007287886692211033 6.5845317294588326e-05 0.0069076127838343391 -0.015048009343445299 0.30821920931339269 0.062280971556901939 0.00010778212890727447 0.0025303689762949948 -7.2385832936561192e-06 0.051912520080804832 0.11491814255714418 0.0027997272554785018 0.073782797902822508 -0.24231757223606107 2.0362370378279596e-05 0.054405143484473235 0.0030049884226173167 0.0034373669186607008 0.0056185016874223956 -0.030602188780903813 0.008939364459365608 -1.8890054853670787e-08 -0.0014011946041136978 0.0037726364098489289 0.00018693006859393793 0.031548041850328452 0.84946635365486156 0.010828002355992796 0.0077315669041126975 0.00097726326202973745 -1.1445014476776121 0.020096793770790104 0.0010326944757252934 0.62457364797592174 0.035304177552461631 0.0016304537421092393 0.16986688226461413 -0.041135925799608224 0.0071955644525587567 -0.004506937460973858 0.0014153248630464079 0.012030043173581364 0.00072381008067168306 7.6061412983108325e-05 0.0057671507820487031 0.19200243055820468 0.00578393996693194 0.037077598273754127 0.00014040399400983008
decision_type=2 2 2 2 2 2 2 2 2 2 2 2 2 10 2 2 2 2 2 2 2 2 2 2 10 2 2 2 2 2 2 2 2 2 2 2 2 2 2 2 2 2 2 2 2 2 2 2 2 2 2 10 2 2 2 2 2 10 2 10 2 2
left_child=2 18 56 12 9 -6 22 8 -8 10 -5 17 27 16 15 -15 -14 -11 19 52 21 -21 -4 -7 -9 40 -27 -3 29 -29 -31 33 -33 49 36 -20 50 -38 -18 -22 -16 42 46 -44 -45 -46 -26 -47 -49 -32 -30 -12 55 61 -55 -2 -1 58 59 -48 -61 -54
right_child=1 3 6 4 5 23 7 24 -10 11 51 -13 13 14 25 -17 38 -19 35 20 39 -23 -24 -25 41 26 -28 28 34 30 31 32 -34 -35 -36 -37 37 -39 -40 -41 -42 -43 43 44 45 47 57 48 -50 -51 -52 -53 53 54 -56 -57 -58 -59 -60 60 -62 -63
leaf_value=-1.4399870580101318e-06 -2.710903165729266e-05 -1.0607722092079182e-05 1.7220260569809962e-05 3.0725988960088271e-08 0.00012005818637813998 -0.00025628786109911124 2.9278331497649974e-06 -1.4399870580101318e-06 1.1120216707113372e-05 -7.7301475266551643e-05 0.00025249272276045012 8.9461714048725153e-05 -0.00021805634272637289 3.8342866549093433e-05 3.9240374046484084e-05 0.00058985631316970321 0.0001500253118366312 -2.0578522977738435e-05 0.00010486948502664065 0.00036601858562424849 -7.9244175223089211e-06 6.3470079929866383e-05 0.00020341982999596718 -9.1410598249519308e-05 3.8307555739451536e-06 0.00021892552837464256 1.6932753539623118e-05 1.7686134113581138e-06 0.00011822208908485646 1.0377296503593934e-05 5.6856096139169053e-05 2.0062104813066319e-05 0.0009606875462712356 0.00011209797618808046 -7.7425449935397481e-06 -9.4210082249311373e-05 -9.1776786935898394e-07 -4.0941604507142924e-05 -1.7854160424258656e-06 0.00010044718582594439 -9.6833496409740583e-05 -2.0999581566265758e-07 -1.4399870580101318e-06 9.1188441234460839e-06 1.9069714178011255e-05 3.8307713481518357e-05 1.4550113297779827e-05 0.00039578531013270538 0.00018697445608047668 -8.9161658568733546e-05 4.2819214450921066e-06 4.5158698644445902e-05 2.5633156871188408e-06 0.00026844206617272634 9.5100967358054575e-06 -0.00012687150526353996 -7.3473812133686132e-06 1.9718242672765614e-05 0.00022991341975741152 0.00031866452945661188 7.4503332194177874e-05 -1.935701521904792e-05
leaf_weight=884006.35739725828 35806.551115453243 113547.88263607025 67718.707595825195 3180.2945821881294 254.88450640439987 701.77068477869034 514878.06796264648 370495.70251464844 312689.0285949707 3888.3782919049263 522.38897460699081 1001.4515292644501 286.29254710674286 468.0089898109436 2984.5590576529503 206.65139389038086 395.80527019500732 23853.091993749142 248.55110168457031 202.55930471420288 4461.8106870651245 580.88363885879517 287.50627136230469 774.28243088722229 32917.687860012054 564.65760403871536 484.69725155830383 306340.72687888145 572.11880493164062 13697.460234642029 708.12241333723068 296.47959226369858 164.96768003702164 1661.7655045986176 264115.27750813961 2551.6520233154297 19067.23526763916 9841.7459716796875 4867.6593424081802 844.17432260513306 529.00600671768188 52389.733001708984 570.0672607421875 1250.5965054035187 483.97134792804718 254.08195793628693 2232.2229447364807 379.29679155349731 770.30480098724365 801.27330070734024 150779.77013480663 258.02945494651794 19867.695199906826 243.29955291748047 359.05284881591797 870.53317260742188 205613.43475341797 8224.179612159729 367.07079124450684 209.4437689781189 1755.5603976249695 52553.717012524605
leaf_count=619811 26069 81024 39785 2000 124 449 363071 238020 205200 2446 260 562 183 270 1799 76 237 14466 104 91 3295 308 127 341 22406 245 314 199912 325 8118 387 167 102 864 184172 1270 12610 5677 3251 451 310 35861 261 674 207 174 1282 174 347 447 102264 136 14842 100 168 466 136577 5188 182 87 1028 38216
internal_value=-1.10584e-08 -4.24046e-06 1.78811e-06 -2.59129e-06 -2.25954e-05 -0.000127233 4.35955e-06 3.64518e-06 6.02327e-06 -1.70496e-05 3.64005e-05 -2.4417e-05 -1.81934e-06 3.03346e-05 6.47318e-05 0.000208518 -2.13942e-06 -2.85341e-05 -1.71289e-05 -1.56923e-05 2.65112e-05 0.000142427 1.80134e-05 -0.00017004 -5.21735e-07 4.33899e-05 0.000125835 -2.21285e-06 -9.71729e-07 3.10689e-06 2.67604e-05 8.84965e-05 0.000359031 4.89286e-05 -3.94248e-06 -7.64772e-05 1.62534e-06 -1.45453e-05 9.68319e-06 9.34869e-06 1.87095e-05 8.49269e-06 1.7719e-05 7.32043e-05 0.000103754 0.000166374 1.32143e-05 0.000217064 0.000256437 -2.06739e-05 4.71418e-06 0.000184233 -1.80355e-05 -1.22848e-05 0.000114639 -2.94837e-05 -1.43999e-06 3.73631e-05 6.9134e-05 5.49701e-05 0.000100825 -1.33436e-05
internal_weight=3.5029e+06 1.04541e+06 2.45749e+06 926817 34434.6 1730.94 1.36787e+06 1.29987e+06 827567 32703.6 3960.71 28742.9 892382 10787.3 5237.58 674.66 5549.76 27741.5 118590 115790 6089.43 783.443 68006.2 1476.05 472300 4562.92 1049.35 881595 768047 323671 17330.1 3632.61 461.447 3171.16 444376 2800.2 180261 28909 5263.46 5305.99 3513.57 101804 49414.5 3708.32 3138.25 1887.65 45706.2 1403.68 1149.6 1509.4 151352 780.418 109701 73023.8 602.352 36677.1 1.08962e+06 12788.5 4564.3 4197.23 1965 72421.4
internal_count=2379380 708918 1670462 623538 20784 914 914074 874162 568271 19870 2396 17474 602754 6685 3014 346 3671 16912 85380 84006 4145 399 39912 790 305891 2668 559 596069 515045 209997 10085 1967 269 1698 305048 1374 120876 18287 3488 3746 2109 67871 32010 1837 1576 902 30173 695 521 834 102589 396 79861 53326 268 26535 756388 7767 2579 2397 1115 53058
is_linear=0
shrinkage=0.05


Tree=42
num_leaves=63
num_cat=0
split_feature=327 293 367 175 327 220 344 134 11 369 197 198 219 278 28 179 0 175 337 316 359 2 358 358 334 201 182 344 365 44 183 272 337 372 258 327 24 18 208 277 0 48 271 276 209 356 69 198 358 358 236 368 207 27 0 0 331 217 226 278 327 236
split_gain=0.0103536 0.011586 0.00710339 0.0069452 0.008005 0.00691057 0.00571268 0.00519161 0.00498692 0.00553673 0.00501039 0.00452229 0.00449725 0.00427325 0.00490606 0.00435219 0.00420319 0.00629869 0.00409151 0.00409168 0.0040066 0.00435772 0.00392981 0.00775523 0.00399671 0.00505034 0.00410854 0.00432726 0.00430636 0.00382805 0.00374137 0.00457821 0.00405225 0.00409019 0.00421573 0.00488101 0.00371682 0.00371083 0.00375529 0.00379305 0.00370088 0.0045039 0.00390274 0.0036566 0.0036277 0.00359818 0.00625186 0.00359755 0.00501525 0.00461512 0.00359582 0.0035878 0.00358534 0.0036229 0.00718914 0.00357818 0.00349665 0.00344412 0.00341343 0.00328362 0.00327713 0.00348824
threshold=-0.00067352823680266727 1.2670757146731255e-19 -1.6153126125573178e-07 0.013171939644962551 -0.0029211543733254071 0.00075775236473418783 1.0000000180025095e-35 -3.1919641969579966e-06 0.012572650332003834 0.010678031016141178 0.0022078531328588728 0.0078186104074120539 0.00021061157167423519 0.91830703616142284 0.032075982540845878 0.025935050100088123 -0.017543686553835865 -0.062293127179145806 0.031937284395098693 0.072589091956615462 -5.1023312153120051e-06 0.0012884810566902163 -0.60033312439918507 -0.97563537955284108 0.22621691972017291 0.00018693006859393793 0.013027088716626169 0.51359310746192943 0.0070813260972499856 0.028065321967005733 0.046231294050812728 0.019885391928255561 -0.12010787799954413 -8.6081083281896995e-05 0.77126827836036693 0.0037913726409897213 0.012225420214235784 0.0131018552929163 0.00067689234856516134 0.18000124394893649 0.0014118889812380078 0.076031360775232329 0.0017375974566675725 0.52000135183334362 0.00024886980827432131 -0.77669247984886158 0.038854071870446212 0.0030127228237688546 0.14263179898262027 -0.22976834326982495 0.75765657424926769 -0.00017011759337037799 0.0024983378825709228 0.029289863072335724 0.018028125166893009 -0.0036162483738735314 0.30931864678859716 0.00094506365712732087 1.4946916699409487 0.23001224547624591 0.0037913726409897213 0.66721057891845714
decision_type=2 2 2 2 2 2 2 2 2 2 2 2 2 2 10 2 2 2 2 2 2 2 2 2 2 2 2 2 2 10 2 2 2 2 2 2 2 2 2 2 2 2 2 2 2 2 2 2 2 2 2 2 2 10 2 2 2 2 2 2 2 2
left_child=2 7 3 11 -5 6 8 -2 43 12 52 16 -10 51 15 -15 17 -1 19 -12 21 45 23 29 -24 -26 27 28 50 -16 31 32 -14 34 -34 -36 -25 38 -6 -40 42 -42 -35 -3 -13 46 -8 -19 49 -49 58 -4 53 54 -11 59 -41 60 -27 -33 -22 -62
right_child=1 5 13 4 37 -7 20 -9 9 10 18 44 30 14 22 -17 -18 47 -20 -21 57 -23 24 36 25 26 -28 -29 -30 -31 -32 55 33 40 35 -37 -38 -39 39 56 41 -43 -44 -45 -46 -47 -48 48 -50 -51 -52 -53 -54 -55 -56 -57 -58 -59 -60 -61 61 -63
leaf_value=-0.00014873428833010209 -8.418927855668508e-06 6.5767332192302824e-06 1.3862761631520339e-05 0.00031017674010554158 2.3979942162522413e-05 -1.7739702694553906e-05 3.0684535029848808e-06 -2.1197386305622985e-06 1.211430188374761e-05 1.9715688461287217e-05 -0.00010842902474527376 -0.00016746750722219852 -1.1721515459730092e-05 9.9094528959758214e-07 -0.00011303660066422006 -0.00024824107979804969 1.4926411660079747e-05 4.5847277666765296e-05 0.00010846566288729425 6.2530610767000885e-05 -7.3404551552125552e-07 5.3085180848393523e-05 -5.6155213493302932e-05 -0.00011740306727018797 -3.6059177647152212e-05 3.7368281713211134e-05 -0.00020045944158393538 -0.00013921026905457351 -8.6601755888855557e-07 0.00012955566087163262 -3.5381948797673145e-05 0.00010627189743135247 4.9696479281123002e-05 2.2693201918179853e-05 8.904916378010407e-05 0.00030279213572833447 -0.00031621786475518406 -6.6418125394663105e-05 -4.8306565876658182e-05 0.00029144660243889884 0.00011812664133703116 1.1291716183255757e-05 -6.8944128673261522e-05 -3.678808062235133e-07 -6.0959928073238745e-06 -2.7225764875956403e-05 0.00030129239573873723 -1.272163729023991e-05 -4.0055651835556013e-05 0.00023832044164139444 0.00018452588133696627 1.0912135888447373e-06 0.00026360228740253839 -1.5331667648391829e-05 0.00037094436980125868 6.1113482279716281e-05 9.9405966385923353e-05 2.048109685576161e-05 0.00025230041520142967 0.00035152871192301721 -8.3150529195482047e-05 3.2081554822760407e-05
leaf_weight=315.2095947265625 519028.60693359375 432944.07209014893 126154.43640136719 367.17803955078125 1141.1081105470657 43973.044921875 810.499516248703 884525.85867899656 54890.189865112305 9018.6803102493286 2412.6801837682724 587.66054153442383 3915.7047356963158 180429.03963255882 259.79642295837402 173.33228516578674 96706.465385079384 2461.5281621217728 305.50312006473541 407.97076416015625 590660.45259094238 1967.6219971179962 4974.5956695079803 835.60192799568176 5800.96653008461 2064.8895496726036 186.60436201095581 328.16490173339844 2529.7037354111671 427.57908058166504 1751.6783447265625 278.13344699144363 14563.367758870125 2922.6154868006706 1216.9745616912842 341.37249755859375 327.7555091381073 464.9780341386795 195.25289112329483 462.96565228700638 1548.2466406822205 2714.1987388134003 1925.8610563278198 337163.04355621338 851.13468551635742 27643.283886671066 222.406001329422 226.01774376630783 293.94294279813766 957.19662988185883 725.15982663631439 97480.217010498047 128.86236572265625 13505.164624214172 146.09493064880371 773.38567835092545 489.99604737758636 19244.384643554688 201.02367079257965 270.7555023431778 2350.1088395118713 909.91270589828491
leaf_count=158 358135 306234 79729 160 656 26628 507 617607 34374 7036 1276 371 2481 115054 134 83 61126 1349 166 180 395972 1129 2922 453 3761 1153 110 178 1529 192 1057 152 8451 1702 712 176 140 261 124 220 876 1583 1134 233785 444 19768 83 108 168 395 387 60845 64 11363 67 467 245 11751 91 115 1307 496
internal_value=-2.05566e-09 -1.1478e-06 6.44732e-06 1.80527e-05 9.14998e-05 1.80183e-06 2.36461e-06 -4.44916e-06 4.9758e-06 1.47827e-05 -5.50161e-06 1.5812e-05 2.08193e-05 3.55151e-06 -1.77307e-06 7.49e-07 1.70669e-05 6.56988e-05 -6.48408e-05 -8.36751e-05 -1.2173e-06 -1.88607e-05 -2.61782e-05 -9.52916e-05 -1.85591e-05 -2.7515e-06 2.9263e-05 3.6658e-05 4.71586e-05 3.7805e-05 3.56466e-05 3.97319e-05 3.55981e-05 4.29416e-05 5.80739e-05 0.0001362 -0.000173862 6.21439e-05 8.8291e-05 0.000152051 1.61584e-05 5.01345e-05 -1.37194e-05 3.5363e-06 -7.21474e-05 -2.38006e-05 6.77404e-05 8.29265e-05 0.00014457 0.000190426 8.77489e-05 8.29582e-06 2.63991e-06 1.13341e-06 2.53943e-05 0.000130666 0.000193118 -3.35487e-07 5.6642e-05 0.000228089 -1.01006e-06 -5.09879e-05
internal_weight=3.5029e+06 2.97448e+06 528420 105521 3121.48 1.57093e+06 1.52695e+06 1.40355e+06 883145 113037 25925 102399 87112.5 422899 199264 180602 100960 4253.9 3126.15 2820.65 643809 30643.8 18661.8 1850.73 16811.1 11836.5 6035.55 5848.94 5520.78 687.376 32222.3 30470.6 29148.3 25232.6 16121.7 1558.35 1163.36 2754.3 2289.32 1148.21 9110.92 4262.45 4848.48 770107 1438.8 28676.2 1032.91 3938.69 1477.16 1183.21 2991.07 223635 22798.8 22669.9 9164.78 1322.27 952.962 613165 2265.91 548.889 593920 3260.02
internal_count=2379380 2046834 332546 65785 1666 1071092 1044464 975742 613451 73432 20152 64119 53280 266761 126187 115137 63304 2178 1622 1456 431013 21487 11050 919 10131 7209 3448 3338 3160 326 18906 17849 17115 14634 9339 888 593 1506 1245 589 5295 2459 2836 540019 815 20358 590 2020 671 503 1631 140574 18530 18466 7103 734 465 409526 1244 267 397775 1803
is_linear=0
shrinkage=0.05


Tree=43
num_leaves=63
num_cat=0
split_feature=144 134 359 218 36 36 44 2 15 197 44 219 0 357 327 34 292 179 370 256 356 334 319 291 208 41 357 49 364 334 174 181 181 207 236 49 9 353 278 327 0 292 348 1 337 374 9 2 0 371 0 174 44 197 109 19 327 178 177 328 343 314
split_gain=0.00974563 0.00597943 0.00582346 0.0051943 0.00478006 0.0046309 0.00551801 0.0044963 0.00410431 0.00769126 0.00426114 0.00393549 0.00377568 0.00403185 0.0044907 0.00435753 0.00747044 0.00617283 0.0058123 0.00431159 0.00358901 0.003418 0.0041361 0.00447021 0.00338312 0.00337295 0.00329439 0.00582242 0.00429144 0.00371595 0.00328464 0.00832506 0.00645738 0.00586705 0.00451899 0.00479499 0.00321339 0.00304337 0.00304196 0.00380137 0.00300515 0.0047926 0.00300279 0.00298102 0.00463666 0.00574328 0.00434155 0.00365042 0.00448162 0.00376195 0.00346132 0.00311362 0.00362429 0.00305145 0.00289406 0.00528132 0.00284406 0.00307925 0.00279945 0.00397341 0.00278401 0.00270002
threshold=-1.0000000180025095e-35 -3.1919641969579966e-06 6.2555961903854049e-06 3.9354608816211119e-05 0.0052968494128435859 0.0021517965942621235 0.00020198117999825629 0.0036969431675970559 0.042241508141160018 0.0052974459249526271 0.022971457801759246 9.1947124019498019e-05 -0.011932536493986843 -0.02089527994394302 0.0037913726409897213 0.066673770546913161 1.9355823993682864 -0.012562254443764685 0.0017615607357583942 0.23013373464345935 -0.081205818802118288 0.4338099360466004 -0.0057505420409142962 0.5747843086719514 0.00011630648077698426 0.00054863243713043641 -0.43431818485260004 0.3817176371812821 -0.00028709966863971198 0.29479864239692694 0.0069076127838343391 -0.034356519579887383 0.017309361137449745 0.00082732288865372549 0.75765657424926769 0.16881269216537478 -0.051031177863478654 -0.10217770934104918 0.94887736439704906 -0.00065879337489604939 -0.027487963438034054 0.73634997010231029 0.25778190791606909 0.059633491560816772 0.12868727743625644 0.0025159241631627087 0.040117416530847556 -0.0053907749243080607 0.0035545858554542069 3.0790813809744582e-07 0.0011862994288094344 0.041870890185236938 0.0036184099735692148 0.0024570174282416706 14.596927642822267 0.00045555764518212532 0.0012700917432084682 -0.0074657930526882401 0.053699364885687835 0.0063733046408742675 0.21235810965299609 -0.062205033376812928
decision_type=8 2 2 2 8 10 8 2 2 2 10 2 2 2 2 8 2 2 2 2 2 2 2 2 2 10 2 2 2 2 2 2 2 2 2 2 2 2 2 2 2 2 2 2 2 2 2 2 2 2 2 2 10 2 10 2 2 2 2 2 2 2
left_child=2 4 3 11 40 25 -7 12 9 21 20 -1 26 14 30 36 17 19 -18 -17 -10 22 23 -9 -6 -4 -5 61 -29 -30 56 -32 33 -33 -35 -36 -15 -16 39 -3 41 -2 -22 46 51 -46 -42 49 -49 -48 -47 53 -53 -45 55 -26 -14 -58 -38 -60 -19 -28
right_child=1 38 5 7 24 6 -8 8 10 -11 -12 -13 13 15 37 16 18 60 -20 -21 42 -23 -24 -25 54 -27 27 28 29 -31 31 32 -34 34 35 -37 58 -39 -40 -41 43 -43 -44 44 45 50 47 48 -50 -51 -52 52 -54 -55 -56 -57 57 -59 59 -61 -62 -63
leaf_value=3.3225551882401142e-06 8.1744600731825506e-06 9.5255495311918317e-06 -5.4911540889917236e-05 -6.1032332482745343e-05 -5.2162990143690459e-06 -0.00028504251805004579 6.7755976697598511e-06 0.00011026767447364801 -0.00011754746833938343 0.00028883784528300354 0.00010635469468343352 1.3093268592615866e-05 2.553339666232272e-06 -5.3444141536056948e-05 -1.2962536887039311e-05 -2.3034813004459971e-05 0.00029389843307197933 -8.1415999692768134e-05 -1.9027482597712602e-05 0.00022255076253532331 -3.5853662935887138e-05 1.2306955013611805e-05 4.4504053521386676e-05 0.00040403685019333433 -0.0002515836498037278 2.8863877336809828e-05 -0.00012854842781085055 2.3862858844564619e-05 6.796805127124014e-05 0.00021507900353692267 0.00031617048911053777 1.7937493633415053e-05 -1.1937956615611181e-05 5.4579631102049852e-05 0.00033017773422937876 0.00010087928885902292 -4.9142952654664252e-06 -0.00012723458554008099 -4.4460584646235414e-06 1.3516068975695892e-07 -3.8792255737998663e-06 0.00013331846209667353 0.00011869542276391073 -7.22510378052723e-06 -3.4608222336129289e-05 -0.00029406769241526148 -1.9069639380303334e-05 0.00013650242708012202 2.3688467962805161e-05 0.00015069671703861015 -8.8840713802379857e-05 -5.7651906821551099e-05 0.00018774266103375889 -5.234494931425655e-05 9.9448828702500096e-06 -2.5223658779835603e-05 -0.00014872077845828427 -2.0242474569983368e-05 9.2981172252541837e-06 0.00016387091354762176 -0.00018683663322766107 9.783448659632088e-06
leaf_weight=319970.01220703125 3164.1504697799683 119609.47473144531 1232.6837286949158 1526.7449150085449 49273.245483398438 160.38576853275299 67233.231399416924 669.95388066768646 1093.2921951413155 298.01480102539062 545.19630098342896 152023.85302734375 148407.74240493774 3393.7607116699219 1269.1069003343582 782.3026225566864 252.87837839126587 2506.7231006622314 354.63034343719482 229.52337670326233 1530.3044947981834 7771.9008511304855 3836.3543215990067 159.40613520145416 256.8935124874115 44956.719367027283 353.32823371887207 2068.4649341106415 1021.8127353191376 741.81704831123352 230.40010070800781 16745.753248691559 13059.390869140625 4179.7215056419373 322.04457569122314 779.58743572235107 335617.32760238647 1076.0229824781418 315895.84924316406 1088984.7008420825 632733.36682128906 1007.1450624465942 393.39246439933777 18295.622809410095 1921.6199733614922 413.77846878767014 3104.3172273039818 1503.3918721079826 2122.7554119825363 362.62952089309692 411.04787361621857 240.22483587265015 397.29251909255981 4710.6961965560913 6115.3504275679588 56288.919023811817 496.49392652511597 7257.5652165412903 1434.0666040182114 583.65028440952301 836.34058523178101 48685.8640396595
leaf_count=223572 1496 75958 748 1033 40267 66 49909 471 624 163 241 100239 98494 1812 691 397 97 1361 166 107 1073 5203 2753 94 120 28107 189 1053 472 335 112 10820 7956 2423 153 432 217675 585 218227 759622 422517 389 252 11369 1119 188 2122 716 1479 187 197 146 167 2502 4151 38347 280 4091 815 294 424 32312
internal_value=-1.89829e-09 -1.90095e-06 3.66067e-06 2.53054e-06 -5.4545e-06 1.44311e-05 6.07268e-06 -5.1483e-07 2.5393e-05 3.86618e-05 -2.20413e-05 6.46963e-06 -1.2255e-06 -2.49073e-06 3.2826e-06 -5.72495e-06 -5.22321e-05 -7.51507e-05 0.000111766 3.30031e-05 -4.52987e-05 3.26219e-05 6.64418e-05 0.000167567 -1.50192e-05 2.66258e-05 1.13296e-05 1.34214e-05 7.27612e-05 0.000130019 4.12518e-06 1.78952e-05 1.59186e-05 3.24338e-05 7.83735e-05 0.000168388 -5.04791e-06 -6.54581e-05 -7.73681e-08 1.0645e-06 -3.85745e-06 3.84395e-05 -4.15821e-06 -4.12239e-06 -2.05903e-05 -8.20593e-05 -3.44309e-06 3.54518e-05 7.05103e-05 -1.23607e-06 -0.000192256 -1.34437e-05 9.53837e-05 -1.64674e-05 -2.27272e-05 -2.62609e-05 1.01081e-06 -2.85052e-05 -4.56114e-06 5.41283e-05 -0.000107885 8.78156e-06
internal_weight=3.5029e+06 2.30681e+06 1.19609e+06 1.0825e+06 782322 113583 67393.6 610511 16297.8 12735.6 3562.19 471994 594213 539815 193824 345991 4962.4 4354.89 607.509 1011.83 3016.99 12437.6 4665.71 829.36 111934 46189.4 54398 52871.3 3832.09 1763.63 191479 35316.9 35086.5 22027.1 5281.35 1101.63 341029 2345.13 1.52449e+06 1.20859e+06 670388 4171.3 1923.7 666217 26390.3 2746.45 639826 7093.09 3626.15 3466.95 824.826 23643.8 637.517 23006.3 62661.2 56545.8 156162 7754.06 337635 2017.72 3343.06 49039.2
internal_count=2379380 1581286 798094 719264 527479 78830 49975 395453 10874 8684 2190 323811 384579 349185 126037 223148 2552 2289 263 504 1949 8521 3318 565 82885 28855 35394 34361 1860 807 124761 21896 21784 13828 3008 585 220596 1276 1053807 835580 444594 1885 1325 442709 15688 1504 427021 4504 2195 2309 385 14184 313 13871 42618 38467 102865 4371 218784 1109 1785 32501
is_linear=0
shrinkage=0.05


Tree=44
num_leaves=63
num_cat=0
split_feature=211 218 52 311 53 281 0 360 1 74 359 358 256 48 199 179 355 27 371 198 1 47 367 369 371 0 183 199 170 188 359 358 0 0 292 205 373 174 292 277 34 0 109 374 199 0 343 292 334 358 292 334 345 355 1 52 354 225 30 174 37 369
split_gain=0.00919604 0.00750952 0.00774401 0.00596809 0.00555974 0.00466802 0.0063648 0.00453829 0.00436529 0.00521691 0.00455688 0.00436345 0.00391107 0.00381362 0.00462942 0.00459997 0.00552808 0.00805606 0.0127309 0.00512112 0.0102632 0.00394866 0.00390705 0.00373914 0.00372767 0.00368524 0.00366113 0.00638789 0.00339773 0.00359227 0.0032235 0.00318891 0.00624312 0.00315483 0.0040724 0.00432842 0.00346715 0.00407402 0.00332931 0.00567453 0.00321652 0.00305747 0.00303652 0.00293749 0.00360548 0.00292057 0.00288673 0.00288434 0.00322205 0.00282501 0.0042155 0.00340511 0.00280379 0.00272611 0.00266168 0.0030262 0.00256337 0.0025563 0.00558739 0.00557727 0.00250655 0.00249548
threshold=3.8196958485059447e-05 0.00017081094119930643 1.0000000180025095e-35 -0.011198909021914004 0.001257556723430753 0.45589849352836614 -0.020473274402320382 -0.00011198576612514442 0.068626064807176604 0.011082840152084829 1.1694772439341251e-07 0.076858460903167738 0.21544124186038974 0.067943900823593154 0.00051642025937326263 0.0058799707330763349 1.0000000180025095e-35 0.026657360605895523 2.1644718373181607e-07 0.0046676155179739007 0.025124941021203998 0.01857847906649113 -1.8890054853670787e-08 -0.0029964871937409039 2.181586296501337e-06 0.00069914787309244286 -0.036302739754319184 0.00016501110803801569 -0.0048671707045286885 0.067940708249807372 1.1092951808677755e-05 0.13913384079933169 0.018028125166893009 -0.011039308737963436 -0.05857813544571399 0.00020227476488798859 6.9995512603782131e-05 0.0096034416928887385 1.4466288089752199 0.49000124633312231 -0.013619577512145041 0.01459197234362364 87.894126892089858 0.0056075218599289664 9.9286215117899715e-05 0.0067114471457898625 -0.36861148476600641 -0.38700540363788599 0.40407221019268041 -0.018058811314404007 -0.069649100303649888 0.2221498638391495 0.068855084478855147 -0.12880826741456983 0.068626064807176604 0.00053947986452840279 0.092756088823080077 -0.23130955547094342 0.043168155476450927 0.041870890185236938 0.037573676556348808 -0.0019057540339417753
decision_type=2 2 2 2 2 2 2 2 2 2 2 2 2 2 2 2 2 10 2 2 2 2 2 2 2 2 2 2 2 2 2 2 2 2 2 2 2 2 2 2 10 2 10 2 2 2 2 2 2 2 2 2 2 2 2 2 2 2 10 2 10 2
left_child=8 2 -2 57 5 6 7 -5 10 -10 24 -11 -13 15 30 26 17 41 25 42 22 23 -21 -16 46 -19 27 -4 29 -23 61 33 -33 40 35 45 37 38 -36 -40 43 -17 49 44 -28 56 -1 -37 -49 -18 51 -51 -30 -14 55 -8 -35 58 -3 -60 -12 -15
right_child=1 3 13 4 -6 -7 54 -9 9 11 60 12 53 14 21 16 19 18 -20 20 -22 28 -24 -25 -26 -27 31 -29 52 -31 -32 32 -34 34 36 47 -38 -39 39 -41 -42 -43 -44 -45 -46 -47 -48 48 -50 50 -52 -53 -54 -55 -56 -57 -58 -59 59 -61 -62 -63
leaf_value=2.0297416465262632e-06 2.0457404252187278e-07 1.5379671967187351e-05 0.00038697904687030529 0.00011180430650170027 -2.1602345949023823e-05 -1.6597116598648192e-08 -1.0812529948533435e-05 1.0286739354144441e-05 -0.00013929950062920227 8.1733924273676539e-07 6.7016225066020747e-07 -3.5827866537222288e-05 -0.00023658352141843762 2.3554240061011178e-05 0.00032330654522489229 2.0457404252187278e-07 2.0457404252187278e-07 8.6588150399577974e-07 0.00035155034546043869 0.00051029987687938245 2.0457404252187278e-07 5.0836999671454237e-05 0.0002066607207139242 5.917807447285719e-05 -3.1580756534921595e-05 9.5728688878755609e-05 2.8276554630884468e-05 2.0457404252187278e-07 2.5861883585002289e-05 0.00023844907354040272 1.5076881315108915e-05 1.8081092804102675e-05 0.00032505667042461903 2.0457404252187278e-07 1.7016458501830965e-05 2.6906378896856588e-05 2.0457404252187278e-07 0.00026815232885431175 0.0003450540946414478 2.6038539418981407e-05 8.9560709524243476e-06 0.00011563988806432026 9.0722802155895259e-05 1.1536545049984878e-05 0.00011512756848780545 3.7953754112085969e-05 -6.1992340755396759e-06 0.00012419897447487821 4.7064431101813966e-06 0.0002813288586126447 3.0194301332842707e-05 8.4125035478692709e-05 2.0457404252187278e-07 -7.4330963880027282e-05 -2.1602345949023823e-05 6.7169056263881297e-05 3.3532428352559298e-05 7.7246676600537027e-06 7.3251685860048721e-05 0.00030050445478542009 4.2699829424214436e-05 4.2659325448936265e-07
leaf_weight=126914.62143158913 821623.87496185303 7617.7426910400391 172.67593604326248 1672.8775175213814 43801.492523193359 356715.35115814209 118815.82186222076 3213.8391878008842 1009.9751809835434 8717.7725285291672 435079.07635200024 5113.7955487966537 437.49054753780365 12032.561187744141 198.6087646484375 21463.411781311035 3092.4270064234734 1968.0664699673653 381.41162705421448 191.61743146181107 365.01531893014908 3059.5368858575821 244.62670624256134 407.12511444091797 13289.501537799835 2131.9035252928734 2236.1830410957336 171.58535546064377 21445.683231651783 276.64068603515625 46418.523304462433 62841.666680395603 164.07331466674805 30960.693325281143 3926.2591930031776 4204.7012875080109 174251.3682115078 191.4277925491333 218.73534113168716 379.26136857271194 11527.32527923584 580.20853757858276 2918.040055334568 2979.1015396118164 2568.5564303398132 8378.1755995750427 664967.08507782221 2090.3841428160667 772.61986094713211 315.21949207782745 3587.4846979379654 715.5705885887146 16426.215078413486 636.91822052001953 9885.7711944580078 1255.2906484603882 6651.1557369232178 45078.785797119141 1933.5243988037109 312.32992553710938 3574.5112915039062 378326.94144010544
leaf_count=84821 575243 4671 103 679 26352 231479 74063 1806 830 5502 313941 3114 198 7199 78 13844 1751 1258 186 108 187 1668 119 209 9614 1128 1675 106 12951 116 32610 41980 78 20044 2193 2554 109215 78 83 193 6813 369 1977 1853 1780 5578 459877 1182 487 135 2230 388 9926 356 5732 742 3971 26757 995 139 2837 261229
internal_value=-1.76332e-09 1.91809e-06 3.64697e-06 -2.92281e-06 -4.53339e-06 -3.01234e-06 -1.09372e-05 4.50709e-05 -3.42034e-06 -2.94382e-05 -3.08737e-06 -2.19767e-05 -5.40783e-05 7.04956e-06 4.14242e-06 1.0995e-05 2.74378e-05 1.49095e-05 7.60074e-05 5.65037e-05 0.000178257 2.00356e-05 0.000341752 0.00014656 -5.32115e-06 5.02153e-05 9.01161e-06 0.000171507 1.81687e-05 6.65276e-05 2.62085e-06 8.83256e-06 1.88908e-05 6.311e-06 4.69478e-06 1.68603e-05 1.08797e-06 4.34125e-05 3.37891e-05 0.000143489 2.57275e-05 2.48279e-06 4.72934e-05 5.05561e-05 7.47347e-05 1.12606e-05 -4.88038e-06 5.32844e-05 9.19781e-05 3.08388e-05 5.58388e-05 0.000144859 1.39055e-05 -0.000140716 -1.30439e-05 -9.99616e-06 5.31289e-06 1.27704e-05 3.58242e-05 0.000105095 1.01285e-06 1.1396e-06
internal_weight=3.5029e+06 2.24316e+06 1.65286e+06 590303 535360 491559 134844 4886.72 1.25974e+06 15916 1.24382e+06 14906 6188.2 831233 478592 352641 37955 26525 4481.38 11430 801.259 41813.8 436.244 605.734 805171 4099.97 314686 344.261 41208.1 3336.18 436778 314342 63005.7 251336 232025 53057.7 178967 4715.68 4524.26 597.997 19311.2 22043.6 10628.7 7783.84 4804.74 45990 791882 7067.71 2863 7710.7 4618.27 1030.79 37871.9 1074.41 129957 120071 37611.8 54942.4 9863.6 2245.85 438654 390360
internal_count=2379380 1498290 1124875 373415 340853 314501 83022 2485 881090 10000 871090 9170 3668 549632 325986 223646 23680 16785 2572 6895 414 24948 227 287 554312 2386 199966 209 24661 1784 301038 199757 42058 157699 145578 33816 111762 2547 2469 276 12121 14213 6481 5308 3455 29593 544698 4223 1669 4504 2753 523 22877 554 80537 74805 24015 32562 5805 1134 316778 268428
is_linear=0
shrinkage=0.05


Tree=45
num_leaves=63
num_cat=0
split_feature=278 343 197 336 13 358 14 169 214 35 355 278 373 193 360 317 361 48 270 23 374 13 358 198 204 15 31 2 367 364 355 276 43 176 196 337 44 200 270 318 2 358 204 176 291 202 366 38 2 183 196 370 68 333 289 108 1 31 30 175 348 226
split_gain=0.00867349 0.00671513 0.00876069 0.0134587 0.00897625 0.00757477 0.0068509 0.00680624 0.00657621 0.0061704 0.0113557 0.0145543 0.0124991 0.0111006 0.00882711 0.00809347 0.0103246 0.00869185 0.00947855 0.00774143 0.00884218 0.00758627 0.00756129 0.00732704 0.0180163 0.00620166 0.00584359 0.00569242 0.00567458 0.00559817 0.00655783 0.00536724 0.00545626 0.00521288 0.00512504 0.00634256 0.00597374 0.00499923 0.00499038 0.00819132 0.00489549 0.00489158 0.0091025 0.00652702 0.00479111 0.00476428 0.00459993 0.00467452 0.00457382 0.00446483 0.00641176 0.00634638 0.00500287 0.00434563 0.0042969 0.00532244 0.00735203 0.00730099 0.00612561 0.00924372 0.00561695 0.0050311
threshold=0.71998926997184765 -0.26701547205448145 0.0052974459249526271 -0.043138571083545678 0.047397440299391753 -0.025510938838124272 0.02239856589585543 -0.0027489761123433705 0.00018086483032675463 0.043409280478954322 -0.19504082202911374 0.090005006641149535 0.0092372070066630858 0.048397518694400794 -0.00026916124625131482 0.034864695742726333 -0.00022305497986963016 0.17324320971965793 0.008143888786435129 0.0068566077388823041 0.008167365565896036 0.020460749045014385 -0.67510241270065297 0.0032239244319498543 0.00025259245012421166 0.034799860790371902 0.056807436048984535 -0.013826186303049324 1.3857110729986746e-06 6.4969259256031378e-05 0.017650589346885685 0.070003718137741103 inf 0.011941653210669758 0.0017268414376303556 -0.0010959308710880575 0.00062134594190865766 0.0010655435035005214 -0.00048013828927651042 -0.00037178843922447408 -0.022180161438882347 0.048202363774180419 7.3570572567405193e-05 -0.0018089390941895542 -0.15525503456592557 0.0017194329993799331 0.0025289433542639021 0.037302944809198386 -0.0026975084329023953 0.0058209695853292951 0.0033169413218274717 0.0032354715513065462 0.038860529661178596 0.37102672457695013 0.86000052094459545 23.134233474731449 -0.014542952179908751 -0.0011204293696209786 -0.041000818833708756 0.015241890214383604 0.2454962953925133 -0.24555704742670056
decision_type=2 2 2 2 2 2 2 2 2 10 2 2 2 2 2 2 2 2 2 2 2 2 2 2 2 2 10 2 2 2 2 2 8 2 2 2 10 2 2 2 2 2 2 2 2 2 2 10 2 2 2 2 2 2 2 2 2 10 10 2 2 2
left_child=9 -2 7 5 6 -4 37 -3 -9 31 11 14 13 19 21 17 -17 18 26 20 49 -11 -21 -19 -25 -13 33 -18 29 30 -28 45 54 -15 40 36 -36 -5 44 -40 -14 42 -23 -44 -26 -1 47 -45 -29 50 -12 -51 -53 -52 -33 57 -57 -56 59 -58 -60 -62
right_child=1 2 3 4 -6 -7 -8 8 -10 10 12 25 34 15 -16 16 27 23 -20 22 -22 41 -24 24 38 -27 28 48 -30 -31 -32 32 -34 -35 35 -37 -38 -39 39 -41 -42 -43 43 46 -46 -47 -48 -49 -50 51 53 52 -54 -55 55 56 58 -59 60 -61 61 -63
leaf_value=8.1962020527384923e-06 3.8412718547917629e-06 2.92627758633493e-06 -0.00029329603930424667 1.4879824861873673e-05 -0.00016139182832598678 -7.2267150293160381e-05 0.00014761491375257874 -3.8699554030623174e-06 -1.3614946929455761e-05 1.5565196469471159e-05 3.8020633204759661e-05 4.4546276918475824e-05 0.00017150726190727107 6.7575818091568195e-06 1.9491151690408947e-06 -0.00032324467054497917 7.5929709504532584e-05 -5.7664158891958322e-06 -0.00019919915469532627 -4.2401771118871369e-05 0.00020515271016482403 0.00045281808459478665 0.00014948379392681598 0.00025678893331721722 9.7879532727869294e-05 -1.6657260817015483e-05 -6.4371384593947019e-05 -0.00018737004998376435 -0.00031447106932550625 -0.00021878787579650435 4.0983014027922403e-05 2.9481680348138838e-06 -7.2791962733009363e-05 0.00012939197765594854 6.3636742625588816e-05 5.1265268350743398e-05 -0.00011565886937462512 -0.00023267206611305783 0.00023248413191081577 2.6429016115007062e-05 -1.5410063252580585e-05 7.8744332717924125e-05 0.00038376248675094798 0.00015384494996945928 -8.7791068050801905e-05 -0.00014491685537253832 5.3588914999858314e-05 0.00038587075278479822 -3.5914005688211189e-05 4.3583224426174916e-05 9.388912046375473e-05 1.8821118534021196e-05 -0.00010356080823509658 0.00038890386109882935 -1.4760802139145307e-05 0.00020160394605706584 4.9182305207672094e-05 -1.1352878678726789e-06 -1.0800810338101444e-06 0.00036998754054319116 -1.0800810338101444e-06 3.3248938568842882e-05
leaf_weight=279485.70671421289 312001.87158203125 274529.57970714569 847.85010015964508 1069.8857822418213 738.84585952758789 715.81787598133087 880.94644379615784 821239.61501407623 219364.76792526245 954.24302244186401 9559.8077391982079 10761.31424331665 354.57430171966553 4518.9661252498627 1464.9225306510925 365.90813636779785 758.28229856491089 3936.5218954086304 677.62249755859375 624.84392929077148 717.24497622251511 330.01788979768753 2856.748966217041 1175.9086494445801 494.19941973686218 6723.733039855957 3484.0265101194382 709.79136848449707 180.07237064838409 373.19725036621094 2561.2218551635742 815071.91722273827 2541.65576171875 1070.2144634723663 529.07761359214783 919.11383056640625 3742.3109056949615 249.91736602783203 648.13386523723602 1870.9237478971481 19924.131752967834 1022.9876798391342 322.43612283468246 1081.9043347835541 1157.6720747947693 506.98782348632812 872.55955255031586 271.77724432945251 1667.7614216804504 3374.1992435455322 296.27407985925674 1424.0922373533249 2015.1611099243164 215.93612903356552 147417.06997680664 465.93896102905273 2039.2121319770813 295151.64520859718 194445.92490810156 250.47500944137573 14784.465545654297 25026.209029734135
leaf_count=195041 205587 179102 505 605 367 420 446 574613 141207 606 5648 6306 128 2900 926 145 296 2543 361 387 392 149 1792 430 207 3816 2121 353 92 172 1474 550590 1345 597 289 454 1808 116 261 877 15192 550 141 467 475 241 471 108 1088 2028 145 825 1152 116 99589 327 1364 217247 128053 103 9613 15476
internal_value=-9.04232e-08 -2.75552e-06 -4.3152e-06 -7.39196e-05 -1.08428e-05 -0.000192335 3.98009e-05 -4.07675e-06 -5.92427e-06 2.23099e-06 1.45774e-05 4.45231e-05 4.70318e-06 2.00603e-05 0.000109534 -2.03318e-06 -7.26459e-05 9.13636e-06 -1.74699e-05 4.6936e-05 3.34541e-05 0.000141976 0.000115041 4.60044e-05 8.41076e-05 2.10117e-05 -7.33489e-06 -4.32171e-05 -3.91934e-05 -3.13748e-05 -1.97365e-05 1.56399e-06 3.75716e-07 3.02775e-05 -2.34757e-05 -6.77988e-05 -9.34309e-05 -3.22776e-05 3.53239e-05 7.95878e-05 -1.21252e-05 0.000172869 0.000206239 0.000173981 -3.21918e-05 7.91792e-06 0.00014328 0.000200929 -8.1249e-05 2.61374e-05 4.72807e-05 -5.12256e-06 -5.29046e-05 0.000219289 5.00235e-07 -2.43575e-06 3.6108e-06 -5.67391e-06 3.2191e-06 8.45683e-05 2.42326e-06 1.95337e-05
internal_weight=3.50484e+06 1.63164e+06 1.31964e+06 4503.26 2939.6 1563.67 2200.75 1.31513e+06 1.0406e+06 1.8732e+06 96009.8 23805.9 72203.9 46734.7 6320.85 25650.4 3501.74 22148.7 12865.3 21084.3 17602.7 4855.93 3481.59 9283.36 5346.84 17485 12187.7 3135.84 6598.52 6418.45 6045.25 1.77719e+06 1.49719e+06 5589.18 25469.2 5190.5 4271.39 1319.8 4170.93 2519.06 20278.7 3901.68 2878.7 2548.68 1651.87 279993 2226.24 1353.68 2377.55 16885.5 10072 6813.45 3439.25 512.21 1.49465e+06 679581 237012 442569 236546 2289.69 234257 39810.7
internal_count=2380245 1102968 897381 2459 1534 925 1167 894922 715820 1277277 58288 13540 44748 26877 3418 14392 1882 12510 7717 12485 10306 2492 2179 4793 2250 10122 7356 1737 3859 3767 3595 1218989 1023707 3497 17871 2551 2097 721 1820 1138 15320 1886 1336 1187 682 195282 1046 575 1441 9914 5909 4005 1977 261 1022362 471772 154936 316836 154609 1467 153142 25089
is_linear=0
shrinkage=0.05


Tree=46
num_leaves=63
num_cat=0
split_feature=327 278 327 13 262 327 108 1 2 149 190 290 292 0 49 0 198 355 204 262 197 181 0 203 201 49 292 333 39 358 48 200 365 49 291 20 190 370 348 292 210 77 265 365 35 372 339 198 355 356 190 358 24 292 355 358 167 372 316 198 186 20
split_gain=0.00880359 0.0100644 0.0100341 0.0104229 0.0084115 0.00522875 0.00656439 0.0100554 0.0096713 0.0106161 0.00882888 0.00998261 0.00763006 0.00737374 0.00726819 0.0100203 0.0152993 0.00830257 0.00748913 0.00687769 0.00762879 0.0068521 0.00671587 0.00619714 0.0107468 0.0106169 0.0153984 0.013186 0.00824393 0.0119654 0.00822716 0.00739588 0.00645193 0.00956878 0.00771398 0.00976651 0.0108031 0.00777158 0.00588421 0.00571905 0.00557059 0.00566167 0.0054741 0.00544624 0.012566 0.0124245 0.0132228 0.0104085 0.0103006 0.00984148 0.0469583 0.00812015 0.00998277 0.00856886 0.0137028 0.0137058 0.00681804 0.00534039 0.00533682 0.00532581 0.00778066 0.00954011
threshold=-0.0010335529223084448 0.7200029492378236 0.0029866567347198729 0.047397440299391753 0.0023027496645227079 5.6478540955140495e-08 76.888061523437514 -0.010717219673097132 -0.018567427992820736 inf 0.020239174365997318 0.27202354371547705 -0.018950905650854107 -0.019575032405555245 0.079586490988731398 0.00060857526841573428 0.0031320780981332068 0.0480986274778843 0.0001248182816198096 0.014705278445035221 0.0013055361923761668 0.068822897970676436 -0.0050026322714984408 0.00052028143545612704 0.001102554611861706 0.15978669375181201 1.9946970939636233 0.46413844823837286 0.018090762197971347 -0.086091008037328706 0.17567076534032824 0.0013601399841718378 -0.00022380345762940121 0.179304875433445 1.2205241322517397 0.0042145275510847577 0.048166245222091682 0.003552834154106677 0.36214612424373632 -0.0011572754010558126 5.8208490372635431e-05 0.025027615018188957 0.0017272546538151803 0.0068284249864518651 0.036953190341591842 -0.00032304163323715324 1.4970083832740786 0.0078186104074120539 0.035721877589821822 -0.47841748595237726 0.0025149703724309806 -0.19998676329851148 0.021540081128478054 0.50204649567604076 -0.22305908799171445 -0.082854911684989915 -0.00011695331340888514 -0.00033210661786142731 0.0066999495029449472 0.0035489713773131375 0.0044600057881325492 0.017888642847537998
decision_type=2 2 2 2 2 2 2 2 2 8 2 2 2 2 2 2 2 2 2 2 2 2 2 2 2 2 2 2 10 2 2 2 2 2 2 2 2 2 2 2 2 2 2 2 10 2 2 2 2 2 2 2 2 2 2 2 2 2 2 2 2 2
left_child=-1 5 -3 4 -4 42 8 13 10 23 21 -12 14 -8 15 16 22 -18 -17 -14 -21 -7 58 24 43 26 27 -26 40 -30 31 -25 33 -32 37 36 -36 39 -24 -34 41 -27 -2 44 47 46 48 49 51 50 -10 52 -46 -53 55 -55 -47 -13 -9 -45 61 -61
right_child=1 2 3 -5 -6 6 7 12 9 -11 11 57 19 -15 -16 18 17 -19 -20 20 -22 -23 38 30 25 28 -28 -29 29 -31 32 -33 34 -35 35 -37 -38 -39 -40 -41 -42 -43 -44 59 45 56 -48 -49 -50 -51 -52 53 -54 54 -56 -57 -58 -59 -60 60 -62 -63
leaf_value=8.2410019300789159e-06 3.4265477373610753e-06 -3.9141492883866752e-06 -0.0001705046577949339 -0.00032376330549667843 0.00011001590602755839 -1.2958772950047109e-05 0.00030841336957690408 2.2547494160499724e-05 0.00069731983499808712 -0.0002351385224354843 -5.2156234021537744e-05 -8.8409786756821279e-06 2.396655825115442e-07 5.5558405318222072e-05 9.8950097647000884e-06 2.5776829858153354e-05 7.8581431980671596e-05 0.00025260344186335505 -0.00013635875337804167 0.00018987070079627591 2.396655825115442e-07 -0.00014486894626737295 2.6080065216838976e-05 -4.1503631732317308e-05 0.0001376887734840063 1.7307910461215909e-05 -9.2061274430838651e-06 0.00055490763169183512 7.8551218243699426e-05 0.000491205415177706 5.7229160152449872e-05 -0.00023189277779711421 5.2699834132670716e-05 -0.00015426589216783467 4.6920182895606969e-05 1.3425954855284069e-05 0.000287638827419231 7.7659309026741042e-05 0.00016102169219352872 -5.8347998879941423e-05 -1.6044421582030361e-05 0.00033946777289230108 1.7393973389846087e-05 -4.7029919778943106e-06 3.4917449058628713e-05 -7.6557813802266005e-05 -0.00012523216867320439 0.00034870040254899687 -9.1203366218020496e-05 1.1813744816382204e-06 -3.9478514934054297e-05 7.057178716791539e-05 0.00042636380170252964 0.00070745560230029434 0.0001559094178983817 0.00018585649480479583 2.3389533850602555e-05 0.0001383777677951929 -0.00023673673990762202 1.4241236984549912e-05 -7.1542310201955431e-05 0.00044384267312649319
leaf_weight=291024.755859375 608973.27039676905 1382779.724609375 590.75213086605072 481.17927932739258 484.7678085565567 215696.70511245728 301.51247215270996 431.85895240306854 288.31950563192368 475.61960625648499 1508.9846767187119 813.06480956077576 350300.67375564575 5819.1804103851318 44455.054985046387 6606.2542705535889 1157.7183076143265 1686.9310383796692 796.26146030426025 1009.1667961478233 929.80636364221573 987.01631164550781 3045.5137069225311 13948.095121622086 407.51172745227814 332.33807295560837 577.92821073532104 354.70791947841644 2124.0000240802765 189.66851687431335 852.563252389431 527.587646484375 1445.1256287097931 1429.0971022248268 1047.8371930718422 3553.4467782974243 838.89312744140625 1881.0161548852921 1098.0418779850006 5835.3579135537148 5041.1857278943062 229.55847263336182 79279.596588134766 135848.47412467003 3531.4807597398758 2078.6014934778214 724.60307931900024 214.32682800292969 682.50708907842636 293553.15159988403 846.84196263551712 2104.9479901194572 168.78253936767578 243.69863152503967 2754.3782150745392 262.39436566829681 9483.0808312892914 2536.7032717466354 364.7131028175354 1358.5498739480972 6300.4242248535156 140.83270967006683
leaf_count=178155 431264 949476 361 245 233 135452 194 268 114 190 641 378 239342 4450 31116 4422 671 910 519 608 661 552 1941 8756 218 248 363 188 1180 108 384 262 689 731 567 2309 326 1194 617 3037 2826 91 58238 100355 2117 1129 371 127 386 197051 671 997 109 101 1240 118 5189 946 234 977 3539 93
internal_value=-8.64015e-08 -8.40489e-07 -4.05707e-06 -0.000130847 -4.40964e-05 1.59346e-06 -4.8239e-07 4.50561e-06 -3.36533e-06 4.76998e-07 -1.20661e-05 5.45773e-05 3.56009e-06 6.8111e-05 2.0098e-05 4.99582e-05 8.95544e-05 0.000181885 8.30438e-06 7.59735e-07 9.462e-05 -1.3561e-05 3.63362e-05 7.01525e-07 2.13792e-06 5.54724e-05 0.000185513 0.000332791 3.34178e-05 0.000112775 -2.08183e-05 -4.84737e-05 2.89616e-06 -7.52579e-05 1.51172e-05 6.22669e-05 0.000154142 -1.28882e-05 6.19e-05 -3.62974e-05 6.20568e-07 0.000149661 5.0355e-06 1.06577e-06 4.72615e-06 4.1147e-05 8.05905e-05 2.0046e-06 9.59123e-05 1.75008e-06 0.000148558 0.000110016 5.29934e-05 0.000149308 0.000200065 0.000438818 5.4105e-06 0.00010266 -9.64622e-05 -7.01024e-06 -4.71838e-05 5.513e-05
internal_weight=3.50484e+06 3.21381e+06 1.38434e+06 1556.7 1075.52 1.82947e+06 1.14122e+06 418003 723219 501677 221542 4858.75 411882 6120.69 59642.3 15187.3 7784.78 2844.65 7402.52 352240 1938.97 216684 4940.13 501201 469842 9256.9 1340.15 762.22 7916.75 2313.67 31359 14475.7 16883.3 2281.66 14601.7 5440.18 1886.73 9161.5 4143.56 7280.48 5603.08 561.897 688253 460585 316937 22034.5 10472.8 294903 9748.19 294688 1135.16 9065.68 3700.26 5365.42 3260.47 506.093 11561.7 3349.77 796.572 143648 7799.81 1499.38
internal_count=2380245 2202090 950315 839 594 1251775 762273 285953 476320 338351 137969 1965 281309 4644 40698 9582 4641 1581 4941 240611 1269 136004 3060 338161 319906 5222 769 406 4453 1288 18255 9018 9237 1115 8122 3202 893 4920 2558 3726 3165 339 489502 314684 209720 11757 5439 197963 5068 197836 785 4682 2226 2456 1459 219 6318 1324 502 104964 4609 1070
is_linear=0
shrinkage=0.05


Tree=47
num_leaves=63
num_cat=0
split_feature=344 16 372 24 327 15 15 348 374 201 310 276 34 278 21 330 177 240 303 327 36 172 203 355 327 236 361 24 346 365 19 2 191 347 356 335 21 174 47 365 292 202 11 354 305 19 346 356 338 0 13 356 15 292 329 259 35 273 358 369 318 189
split_gain=0.00889152 0.007885 0.00899675 0.0082453 0.00664639 0.0108435 0.0063827 0.00632683 0.00745954 0.00628268 0.00618384 0.00611749 0.00584806 0.00562032 0.00558733 0.00593173 0.00892235 0.00557712 0.00539052 0.00623402 0.00538117 0.00534906 0.00563114 0.00694961 0.00537423 0.00527046 0.00517718 0.00470049 0.0046138 0.010371 0.00744944 0.00670934 0.00494577 0.00609843 0.00488126 0.0062187 0.00458743 0.00442952 0.00669792 0.00687025 0.0058308 0.0129714 0.0048443 0.00864627 0.00541196 0.00507415 0.00460653 0.00524064 0.00732781 0.00559068 0.00432889 0.00430566 0.00456014 0.00444953 0.00523862 0.00408988 0.00408874 0.00403422 0.00401242 0.0105917 0.00528162 0.00500951
threshold=-0.020452638156712052 0.0036474179942160849 -0.00089661136735230673 1.9501425413182009e-05 0.0037913726409897213 0.045824810862541206 0.032428791746497161 0.0074418911244720229 0.0089998864568769949 0.00029711089155171072 -0.019663970917463299 0.46790452301502233 0.080312751233577742 0.69000697135925304 0.0055994545109570035 0.70428243279457103 0.00052658680942840885 0.51258528232574474 0.0098569393157959002 0.0037913726409897213 0.0048927587922662505 -0.044528264552354806 0.00062423368217423569 -0.1442170515656471 0.0037913726409897213 0.81723091006279003 0.019593779928982261 0.0050172905903309592 -0.54067549109458912 0.0011952352942898872 0.0043073412962257871 0.0063143761362880477 0.0041395358275622138 0.051719050854444511 -0.65830704569816578 -0.11208524927496909 0.026709797792136673 0.0096034416928887385 0.01857847906649113 -0.0030290213180705901 -0.37386238574981684 0.0017194329993799331 0.033978989347815521 -0.29411439597606653 -0.046084111556410783 0.00054916241788305353 0.10263866931200029 0.53752371668815624 0.90667301416397106 0.012862880714237692 0.051346145570278175 0.0027595792198553686 0.0020297722658142452 1.0129397511482241 0.052049422636628158 0.44470265507698065 0.001627418212592602 0.0025168877327814703 -1.1445014476776121 0.006316116778180004 0.07274408265948297 0.060438388958573348
decision_type=2 2 2 2 2 2 2 2 2 2 2 2 10 2 2 2 2 2 2 2 8 2 2 2 2 2 2 2 2 2 2 2 2 2 2 2 2 2 2 2 2 2 2 2 2 2 2 2 2 2 2 2 2 2 2 2 10 2 2 2 2 2
left_child=1 2 6 -3 11 14 21 -4 10 51 -9 12 37 -7 15 57 -17 -11 19 36 25 -1 24 -24 -23 -13 -12 -14 29 -20 31 -31 33 -30 35 -32 -5 -2 39 -39 41 -40 44 45 -42 -44 -46 49 -49 -48 -45 52 56 -54 -55 -8 -10 -6 59 -22 -61 -60
right_child=4 3 7 18 5 13 55 8 9 17 26 20 27 -15 -16 16 -18 -19 28 -21 58 22 23 -25 -26 -27 -28 -29 32 30 34 -33 -34 -35 -36 -37 -38 38 40 -41 42 -43 43 50 46 -47 47 48 -50 -51 -52 -53 53 54 -56 -57 -58 -59 61 60 -62 -63
leaf_value=0.00011342268345574248 -5.8305365985060807e-07 -0.00027135888836287943 6.9549641944004906e-07 1.3224742545584313e-05 2.2749043266579554e-05 -0.00011494979599209251 -9.9052702857404398e-05 9.8612630105733985e-05 0.00025186598070983879 3.9448930697126218e-05 5.968535135134584e-06 -5.6356238569035207e-06 7.5380698734702151e-05 -0.00037838741949129077 0.00011141266572967199 0.00038494439741793175 7.7579195118657245e-06 0.00022277766311817757 0.0003449076961846268 -0.00029724203075231549 -0.00011300470719517208 -1.4167874457223575e-05 -0.00016292934018594682 4.2820322186867841e-06 0.00026757788989830805 3.0483965770333761e-06 8.7247083648880994e-05 -3.6136210687412789e-05 4.0935960496626421e-05 7.4536870600571119e-05 5.7350349085271545e-05 0.00028711306372973528 -1.4349452987876573e-05 0.00029143954287814765 5.9052698722757668e-05 -0.00014201525487382926 -3.4893497198449437e-05 0.00045667818139114827 -2.3673548650315313e-05 4.1319144179465271e-05 -0.0002211517033002666 -0.0004111828070120897 1.1918237648020217e-05 5.9229195146524657e-05 1.908873935047653e-05 0.00030124190412143825 -2.3141364269341989e-05 1.0688429019842746e-05 0.00020419145169671977 0.00016694393858222633 -2.9151582674928576e-05 6.9549641944004906e-07 6.4590979256849509e-05 0.00037838285954338533 9.1316395498636206e-05 0.00011211333619714771 1.5304555958129652e-06 -9.6530338935905342e-05 -1.2481325380661343e-05 4.9970963885039565e-05 0.00023875215451682857 -0.00010411998312585215
leaf_weight=787.42132568359375 834766.86975938082 250.5359411239624 1112466.650047183 115397.1133813858 951.56397390365601 1969.8651221990585 3386.5021547079086 1840.0985505580902 168.1946662068367 790.48839342594147 234821.86349022388 573032.7304084301 4430.89275598526 224.35286486148834 787.42661547660828 173.39063572883606 1478.8978997468948 873.41309666633606 325.75176596641541 162.08612060546875 988.01152467727661 33571.212474822998 1425.1172034740448 1100.4583084583282 168.11666870117188 251362.70858955383 1973.7073700428009 1199.62091588974 5294.7252369523048 1017.5225681066513 761.107093334198 584.23647606372833 5533.1863203048706 252.73385137319565 4056.6569423675537 800.89395451545715 5173.5068054199219 167.66229248046875 5097.7192631959915 242.0091609954834 250.59361886978149 223.5281982421875 215.33025914430618 4955.4838237762451 48832.22920358181 510.93378275632858 17538.082918167114 2144.7184181213379 631.95074081420898 393.5623893737793 1921.4634685516357 3420.961361348629 4425.6561910510063 258.38538700342178 412.47185587882996 244.31309950351715 3919.8913897275925 2769.8285716772079 196556.86368751526 3438.5214700698853 413.56368494033813 1500.786865234375
leaf_count=378 579276 142 744053 78930 559 989 1561 1000 68 394 153329 381077 1978 123 378 94 860 387 163 68 504 22077 717 622 83 167856 1434 552 3372 577 378 224 3518 121 2837 439 3514 63 3443 173 154 101 127 2950 35134 240 12093 1381 284 175 1126 2052 2558 125 248 115 2358 1597 156362 1801 167 786
internal_value=-8.20763e-08 2.75325e-06 1.62793e-06 1.40864e-05 -2.31897e-06 -4.68129e-05 -2.15417e-05 2.31833e-06 9.45672e-06 4.45707e-05 7.35669e-06 -2.12836e-06 8.24702e-07 -0.000142206 -1.28046e-05 -3.10414e-05 4.77573e-05 0.000135834 1.46035e-05 1.07406e-05 -4.78311e-06 -1.53397e-05 -1.81416e-05 -9.01253e-05 -1.27482e-05 -2.98782e-06 6.64673e-06 5.16168e-05 3.96379e-05 6.97875e-05 5.72833e-05 0.000152335 1.90964e-05 5.24494e-05 3.01417e-05 -4.49224e-05 1.11595e-05 5.13022e-07 1.15199e-05 0.000212702 1.05183e-05 -4.00999e-05 1.39995e-05 5.18938e-05 9.86988e-06 0.000215729 1.07087e-05 -9.05212e-06 5.48437e-05 -1.89512e-05 3.45337e-05 3.25046e-05 5.12952e-05 8.28399e-05 0.000202678 -8.47897e-05 1.1948e-05 -6.60346e-05 -1.20775e-05 3.28921e-05 7.03521e-05 -1.31768e-05
internal_weight=3.50484e+06 1.54566e+06 1.40605e+06 139610 1.95917e+06 8355.33 40683.1 1.36537e+06 252905 14269.5 238636 1.95082e+06 923523 2194.22 6161.11 5373.68 1652.29 1663.9 139360 120733 1.02729e+06 37052.3 36264.9 2525.58 33739.3 824395 236796 5630.51 18626.8 7546.17 7220.42 1601.76 11080.6 5547.46 5618.66 1562 120571 917892 83125.3 409.671 82715.6 5321.25 77394.3 7603.21 69791.1 726.264 69540.5 20708.3 2776.67 17931.6 6876.95 12605.6 9184.6 5096.51 670.857 3630.82 4088.09 3721.39 202898 4840.1 3852.09 198058
internal_count=2380245 1027842 933559 94283 1352403 4600 25553 908006 163953 8190 155763 1347803 639250 1112 3488 3110 954 781 94141 82512 708553 23877 23499 1339 22160 548933 154763 2530 11629 4618 4455 801 7011 3493 3654 817 82444 636720 57444 236 57208 3544 53664 4443 49221 367 49067 13933 1665 12268 4076 7409 5357 2931 373 1676 2426 2156 159620 2472 1968 157148
is_linear=0
shrinkage=0.05


Tree=48
num_leaves=63
num_cat=0
split_feature=211 48 32 266 203 207 46 292 48 52 354 2 198 48 70 147 2 336 198 358 45 359 46 259 1 346 1 47 369 46 346 48 1 198 330 176 2 327 109 200 292 52 342 1 365 2 366 271 259 354 354 204 179 109 186 278 2 12 362 109 332 276
split_gain=0.00811842 0.00748336 0.00929669 0.0100943 0.00612215 0.00986584 0.015662 0.00786715 0.00916239 0.00598732 0.00574689 0.00706471 0.00570528 0.015358 0.0156584 0.00921495 0.0076109 0.00865934 0.00699185 0.00691256 0.00944508 0.0074643 0.00624574 0.011373 0.0060419 0.00603172 0.0102705 0.00755469 0.00571578 0.00512609 0.00492134 0.00678111 0.00480548 0.00961437 0.00647957 0.0108079 0.00537699 0.00477434 0.00571209 0.00472852 0.00514135 0.0046775 0.00462658 0.00450172 0.0044976 0.00572099 0.00445952 0.00428666 0.00654456 0.00495866 0.00436559 0.0041272 0.00411837 0.00431569 0.00603669 0.00440312 0.00409515 0.00398168 0.00397339 0.00389692 0.00388913 0.00385633
threshold=5.6074315580190166e-05 0.06296310201287271 0.064407262951135649 0.0053070380818098792 0.00028340089193079626 0.0011841585510410371 -0.0020881663076579566 -0.13574592769145963 0.038057534024119384 0.0017763804644346239 -0.017566231079399582 -0.0029498700750991698 0.0038317510625347499 0.17946330457925799 0.014170182868838312 inf 0.0029717998113483195 -0.082277625799179063 0.005819168873131276 -0.046478353440761559 0.0087621416896581667 1.1092951808677755e-05 0.0168658746406436 0.40674613416194921 0.035499118268489845 -0.00470638065598905 0.038874551653862006 0.088431984186172499 0.0057554144877940425 -0.0099378149025142175 0.35249963402748113 0.12073149532079698 0.024664683267474178 0.002450842061080039 0.51995155215263378 0.027705748565495018 -0.0050104805268347255 -1.0000000180025095e-35 66.748500823974624 0.0009051185625139625 -0.16639687120914456 1.7697707335173621e-05 -1.0000000180025095e-35 0.041576478630304343 0.0023403969826176767 -1.0000000180025095e-35 0.0046368588227778682 -0.0054854408372193566 0.36000581085681921 -0.24716504663228986 -0.03305170685052871 0.00030489929486066108 0.0065492147114127883 23.848003387451175 0.02115796692669392 0.77999728918075573 -0.0046658378560096017 0.058333432301878936 0.001166733156424016 85.155651092529311 0.32200130820274359 0.16000334918498996
decision_type=2 2 10 2 2 2 2 2 2 2 2 2 2 2 2 8 2 2 2 2 8 2 2 2 2 2 2 2 2 2 2 2 2 2 2 2 2 2 10 2 2 2 2 2 2 2 2 2 2 2 2 2 2 10 2 2 2 2 2 10 2 2
left_child=37 2 4 -4 5 41 -7 8 10 12 -6 -12 19 14 30 22 17 18 56 20 44 24 -15 39 -21 27 -27 29 51 -19 31 -14 -9 60 35 -35 -36 38 43 40 -24 -2 -29 -1 -3 57 -8 48 49 -45 -50 -18 -43 54 -54 -56 -16 -46 -26 -38 -34 -22
right_child=1 9 3 -5 7 6 46 32 -10 -11 11 -13 13 15 16 -17 28 25 -20 21 61 -23 23 -25 58 26 -28 42 -30 -31 -32 -33 33 34 36 -37 59 -39 -40 -41 -42 52 -44 47 45 -47 -48 -49 50 -51 -52 -53 53 -55 55 -57 -58 -59 -60 -61 -62 -63
leaf_value=3.503705590227387e-06 3.6093118281895194e-06 1.7147538622010749e-05 -7.075436371909165e-05 -0.00047377663572187816 1.9666608545692764e-05 2.9144163271858325e-05 0.00024087335558944839 -1.1239164352764686e-05 -2.8705094493362107e-05 1.7147538622010749e-05 0.00023827036618860457 -3.6379787814211028e-05 -2.9449222218920693e-05 1.7147538622010749e-05 -4.3371531710664323e-05 -0.0003260365205349497 1.7147538622010749e-05 -0.00012696886318314205 -0.00024376288191519705 -5.6584266527020044e-06 1.217109799547493e-05 1.1144833317728813e-05 1.7147538622010749e-05 1.7147538622010749e-05 -4.9464309926674751e-06 -0.00013431696899770013 1.7147538622010749e-05 -9.6703077773606219e-06 1.7147538622010749e-05 -2.1461925732867184e-05 -4.4266299487485158e-05 1.7147538622010749e-05 -7.3028865616248188e-05 -0.00015857921390671114 -0.00010187801078007176 0.00022459085335452958 -2.3174438467337368e-06 -5.9537394220811901e-06 -5.6031548657913101e-06 -0.00015136784252074259 -9.3497764197703805e-05 1.0626264305545152e-05 -0.0002489489837940938 7.3501236452280593e-05 3.1065709175054215e-06 1.7147538622010749e-05 0.00056996478325726152 -2.5725187084617714e-05 0.00032270802253067638 -1.763766336105019e-05 3.7432052060884303e-06 -0.0001859763841364439 4.0060708016867717e-06 5.8469575752036012e-05 5.8937065087395876e-05 0.00024386424040136049 -0.00015497275464748989 -0.00010971834639786696 1.7147538622010749e-05 0.00021579005615875456 8.6846711137675102e-05 -1.5186811926467111e-05
leaf_weight=578080.39764404297 312442.15328967571 68825.611766815186 1090.2768423557281 179.40679335594177 961.93899351358414 950.71304196119308 227.08810323476791 16034.239019632339 2190.1093683242798 48790.451599121094 1080.4273307919502 298.14617788791656 9815.6194930076599 34754.246219396591 1496.3685025572777 202.28260397911072 213.76626455783844 1836.8437490463257 1245.3693542480469 629450.0098181963 16261.349540710449 89596.414554953575 948.60440325737 1572.2557504177094 25575.646657645702 1195.6746478676796 2220.6095428466797 254.91963487863541 1817.8001903295517 3081.4691447019577 7800.9804406166077 10435.499011993408 531.73689675331116 3129.1134487986565 1408.7346084713936 193.81052303314209 1155.203839302063 660008.67509037256 341305.41705322266 1629.1136245727539 1970.4143600463867 243057.73115491867 974.55750745534897 1982.8517854213715 188006.72985315323 28911.309144496918 194.61446511745453 25066.377105712891 277.36608469486237 6013.9429320693016 174.22210186719894 601.76674747467041 13573.76105427742 9501.3713573217392 1471.7050675153732 410.78381311893463 1827.6596990823746 783.24835205078125 36238.150061428547 246.91464185714722 1323.5655789375305 61938.604927062988
leaf_count=406940 205680 40736 638 95 574 587 118 9953 1391 28154 535 167 5963 17429 958 81 150 1131 718 426190 12495 65013 440 640 17986 744 1190 142 1190 1806 4450 6465 349 1699 822 98 651 465709 229558 790 949 152129 519 1121 139584 21621 109 15564 144 3410 116 354 8500 5854 749 193 1084 538 21303 122 756 45101
internal_value=-7.88124e-08 2.14309e-06 6.69259e-06 -0.000128357 6.97393e-06 8.08326e-06 0.000141886 -1.56294e-05 4.47917e-05 -3.04541e-08 0.000113531 0.000178905 -7.1106e-07 -1.31395e-05 -3.33793e-05 8.94458e-06 -7.16033e-05 -8.61423e-05 -0.000142756 2.20843e-07 5.90383e-06 -2.4336e-06 1.06182e-05 -3.60981e-05 -4.19356e-06 -5.90698e-05 -5.79702e-06 -8.86617e-05 6.43591e-06 -6.09012e-05 -1.05292e-05 2.46987e-06 -2.70271e-05 -5.8703e-05 -8.8863e-05 -0.000136109 -3.29528e-05 -2.68508e-06 -4.21094e-07 -8.31699e-05 -4.50308e-05 7.76641e-06 -0.000199433 2.4708e-06 1.01073e-05 6.33618e-06 0.000394722 -1.53444e-05 1.54544e-05 4.97348e-06 0.000200211 -0.000116454 1.26125e-05 3.19541e-05 1.56489e-05 9.95066e-05 -0.00010479 2.63733e-06 1.07229e-05 3.63442e-05 4.09965e-05 -9.49768e-06
internal_weight=3.50484e+06 1.89193e+06 611654 1269.68 610384 581830 1372.42 28553.9 4530.62 1.28027e+06 2340.51 1378.57 1.23148e+06 85895.8 44818.9 41076.9 16766.8 14133.5 4569.4 1.14559e+06 364727 780860 40874.6 6120.39 691264 9564.07 3416.28 6147.79 2633.33 4918.31 28052.1 20251.1 24023.3 7989.08 6133.78 3322.92 2810.85 1.61291e+06 952901 4548.13 2919.02 580458 1229.48 611595 286527 217701 421.703 33514.8 8448.38 7996.79 451.588 815.533 268015 24957.6 15456.2 1882.49 3324.03 188790 61813.8 1402.12 1855.3 78200
internal_count=2380245 1257683 391769 733 391036 373919 814 17117 2667 865914 1276 702 837760 47193 26864 20329 9986 8292 2760 790567 260075 530492 20248 2819 465479 5532 1934 3598 1694 2937 16878 12428 14450 4497 3392 1797 1595 1122562 656853 2179 1389 373105 661 427295 202479 161743 227 20355 4791 4531 260 504 167425 15296 9442 942 2042 140122 39289 773 1105 57596
is_linear=0
shrinkage=0.05


Tree=49
num_leaves=63
num_cat=0
split_feature=344 16 109 349 256 187 189 0 234 256 200 355 27 270 313 21 26 367 311 220 207 291 313 46 0 48 0 354 49 269 212 303 44 373 193 368 8 25 262 264 21 373 372 315 237 262 370 0 334 51 11 183 205 42 239 185 358 109 374 322 180 337
split_gain=0.00792755 0.00700129 0.00889146 0.0080853 0.00669948 0.00595561 0.00552943 0.0118461 0.0112186 0.00578965 0.00548015 0.00895452 0.0107438 0.00731999 0.00695836 0.00541479 0.00874574 0.00565744 0.00526053 0.00595654 0.00514951 0.00503145 0.00673639 0.00486205 0.00688685 0.00481149 0.00480021 0.00976499 0.00594723 0.00536959 0.00503657 0.00465488 0.0046049 0.00455258 0.00592001 0.0138147 0.00688261 0.00449079 0.00448089 0.00436316 0.00432541 0.00427365 0.00507198 0.0111244 0.00456101 0.00422442 0.00811886 0.00936071 0.00597525 0.00446906 0.00396557 0.00494151 0.00983637 0.00393394 0.00420861 0.00388771 0.00378594 0.00400655 0.00903381 0.00376377 0.00372941 0.00363137
threshold=-0.020452638156712052 0.0036474179942160849 11.008281230926515 -0.65782442688941944 -0.15595867484807965 -0.0027694214368239041 -0.0013508615083992479 -0.0013346139458008108 -1.3611410856246946 0.16538248211145404 0.0013601399841718378 -0.23379257321357724 -0.039975285530090325 0.012414363678544761 0.025065025314688686 0.00024066939658951017 -0.040538070723414414 5.102602699480486e-06 -0.0091075785458087904 0.00013129923172527927 8.1826525274664177e-05 -0.25036695599555964 0.028549380600452427 0.014920451212674381 0.0011862994288094344 0.28918915987014776 -0.027487963438034054 -0.057067802175879472 0.33804762363433843 -0.0083865504711866361 0.00011406166231608951 0.0098569393157959002 0.0060525157023221263 0.00026439556677360093 0.037023860961198814 0.00012946951756021011 0.060976741835474975 0.0014909827732481065 0.00074527034303173434 0.0032742107287049298 0.026709797792136673 0.00060666081844829034 -8.2498816482257084e-05 0.010055114515125753 -1.2463035583496092 0.014705278445035221 0.00070744616095907997 -0.0066134918015450231 0.093603543937206282 0.00076311160228215169 0.015231497120112182 -0.023058362305164334 0.00011891714166267776 0.017529429867863659 -1.4022916555404661 0.025605477392673496 -0.42354626953601832 14.805061817169191 0.0058565079234540471 -0.059247955679893487 0.051912520080804832 -0.037814734503626816
decision_type=2 2 8 2 2 2 2 2 2 2 2 2 8 2 2 2 10 2 2 2 2 2 2 2 2 2 2 2 2 2 2 2 10 2 2 2 2 2 2 2 2 2 2 2 2 2 2 2 2 2 2 2 2 8 2 2 2 8 2 2 2 2
left_child=1 2 3 -1 -5 37 7 8 -7 -8 18 14 -13 21 -12 16 -3 -18 -2 39 23 22 -14 -4 -25 -15 27 29 -29 -22 50 40 -10 34 55 36 38 -6 -36 -20 -17 42 43 44 -35 49 48 53 -47 -21 -28 52 -52 54 -48 -32 -53 58 -58 -42 -27 -44
right_child=10 15 20 4 5 6 9 -9 32 -11 11 12 13 25 -16 31 17 -19 19 45 26 -23 -24 24 -26 60 30 28 -30 -31 33 -33 -34 41 35 -37 -38 -39 -40 -41 59 -43 61 -45 -46 46 47 -49 -50 -51 51 56 -54 -55 -56 -57 57 -59 -60 -61 -62 -63
leaf_value=-0.00030011736126831412 1.0112776821556121e-05 -0.00027902750178861077 -2.2773779897689036e-07 -0.00024862080317134076 1.0561920334281235e-05 0.00040603100925873885 -1.0566474764533393e-05 -2.8602296656144892e-05 0.00022423633789808237 0.00017461821808957624 4.4788665389033945e-06 0.00020852917756134708 -2.7655747547950813e-05 -7.8549986437563722e-05 0.00025943879826943126 1.3550316377254783e-05 -7.9083919741352647e-06 -0.00028359108939658896 -1.7817614134581696e-06 -7.9647744665664836e-06 9.5743595963522043e-05 -8.322851449054199e-05 0.00023119499695057008 -0.0001977792176022416 -2.20430148926851e-05 -0.00018558668457407531 7.398078153640568e-06 1.1647966597688924e-05 0.00018686733606345664 -8.1102950374902443e-05 1.6042974660469483e-05 3.8521858080023227e-05 3.7446988230576161e-05 -0.00019041639514420913 5.9265832564491249e-05 -0.00020427399620097142 -2.3883591808814839e-05 -4.3224514895162136e-05 0.0002510398075722222 7.9158326634793496e-06 -0.00022563070109022067 -1.9401452229674128e-07 4.9414398431513427e-05 0.00022044023837206663 -6.6002356348361364e-05 -7.9647744665664836e-06 0.00032739427364737776 -7.9647744665664836e-06 0.00023473157862766901 -2.3960301991197526e-05 0.0004029423606134274 -4.465629804045021e-05 -5.915734431208958e-06 -7.9647744665664836e-06 0.00010263637164010825 -8.7719048419374946e-05 9.5227066075268319e-05 1.9552522784278078e-05 -0.00015156945075142766 -2.3752364057019342e-05 -0.00044228221973927626 -2.8140171763491561e-05
leaf_weight=247.6350182890892 85848.332359313965 349.01245880126953 695585.57231336832 303.58623003959656 4780.4098366498947 327.85500979423523 37365.760202765465 2190.6571850776672 447.61898237466812 424.89345836639404 893.00246143341064 346.92718315124512 1446.3509065508842 487.16954231262207 380.16755485534668 111181.02614307404 4294.8059874773026 192.53378760814667 1259800.0467868447 425738.46894073486 638.50160980224609 4316.6000679135323 302.1335563659668 722.47759109735489 2421.4713224768639 352.46128082275391 297766.77329826355 713.03856647014618 1509.2745113372803 1299.5647069215775 26981.176673650742 18419.175059318542 1243.9159380793571 1019.7376677393913 424.83824068307877 326.57560729980469 457.40634155273438 20603.269897460938 1087.8161172270775 127747.87300491333 240.2689208984375 251330.32384681702 2053.8821331262589 289.31655097007751 2655.0009662508965 239.60486084222794 240.37245404720306 4482.1343173980713 743.44331258535385 43666.085346221924 251.25612610578537 2060.1578855514526 350.83316832780838 384.06159806251526 1515.2584570646286 932.00478911399841 3784.7121948599815 37372.067643225193 409.24733734130859 4933.2375793457031 240.68354034423828 5676.2759387493134
leaf_count=113 54138 171 475543 143 2920 175 22393 1783 222 176 501 168 792 252 190 76024 2971 91 892812 280248 272 2466 140 321 1518 146 196620 378 566 624 15214 11512 869 509 215 132 212 12924 482 89469 126 164735 1143 133 1367 191 91 2711 471 26675 150 1246 199 179 649 503 1904 24195 195 3388 114 3465
internal_value=-5.38595e-08 2.62336e-06 1.56298e-06 -1.60831e-05 -1.50351e-05 -1.39754e-05 -2.41911e-06 5.19208e-05 0.000139215 -8.47525e-06 -2.16602e-06 -4.16076e-05 -6.24409e-05 -7.56518e-05 8.08972e-05 1.33026e-05 -3.86683e-05 -1.98579e-05 -1.98872e-06 -2.54591e-06 2.45888e-06 -5.42553e-05 1.7286e-05 -5.08234e-07 -6.25272e-05 -0.000195454 5.70135e-06 5.92209e-05 0.000130708 -2.28017e-05 5.35065e-06 1.51681e-05 8.70822e-05 5.42522e-07 1.89248e-05 9.60537e-05 0.000145995 -3.30951e-05 0.000197328 -8.88919e-07 1.14706e-05 -1.56891e-06 -3.11129e-05 -7.70806e-05 -0.000100612 -7.36582e-06 2.95968e-05 9.67079e-06 0.000163526 -7.96477e-06 9.47321e-06 2.34431e-05 0.000165473 0.000101071 0.000133747 1.25724e-05 2.14754e-05 2.47551e-05 7.10839e-05 -3.32116e-05 -0.000290884 -7.52668e-06
internal_weight=3.50484e+06 1.54566e+06 1.40605e+06 67935.6 67688 67384.4 42000.7 4210.05 2019.39 37790.7 1.95917e+06 8765.5 7492.33 7145.4 1273.17 139610 4836.35 4487.34 1.95041e+06 1.86456e+06 1.33812e+06 6065.08 1748.48 698730 3143.95 1080.31 639390 4160.38 2222.31 1938.07 635229 134774 1691.53 293234 30209.8 2296.64 1970.06 25383.7 1512.65 1.38755e+06 116355 263025 11694.2 3964.06 3674.74 477009 7604.88 6621.83 983.048 469405 341995 44228.3 602.089 2139.69 1755.63 27913.2 43626.2 41566 4193.96 5173.51 593.145 7730.16
internal_count=2380245 1027842 933559 41718 41605 41462 25618 3049 1266 22569 1352403 4769 4078 3910 691 94283 3233 3062 1347634 1293496 891841 3398 932 477382 1839 512 414459 1840 944 896 412619 91050 1091 188110 16758 1041 909 15844 697 982281 79538 171352 6617 2009 1876 311215 4292 3630 662 306923 224509 27889 349 919 740 15717 27540 26294 2099 3514 260 4608
is_linear=0
shrinkage=0.05


Tree=50
num_leaves=63
num_cat=0
split_feature=144 134 52 218 359 359 16 2 48 42 0 281 186 316 343 356 188 219 15 313 181 203 0 292 204 322 1 9 2 0 259 167 292 279 258 365 357 337 0 184 369 198 219 313 33 247 198 339 266 16 49 321 44 33 315 205 0 190 212 43 49 1
split_gain=0.00794128 0.00542351 0.00516001 0.00420012 0.00360776 0.00360048 0.00284732 0.00279459 0.00382967 0.00284818 0.00284319 0.00315896 0.00389379 0.00309469 0.00314119 0.00277554 0.00277219 0.00267671 0.00250828 0.00249373 0.00348011 0.00248619 0.00375597 0.00403288 0.00382076 0.00266221 0.00252365 0.00370212 0.00330494 0.00382046 0.00296602 0.00502397 0.00355273 0.00314748 0.00291286 0.00425644 0.00286698 0.00282252 0.00491377 0.00445599 0.00251987 0.00352419 0.00247506 0.00245136 0.00365228 0.00240961 0.00239446 0.00235104 0.00234274 0.00244876 0.0022312 0.00274783 0.00216497 0.002084 0.00206984 0.00199115 0.00353493 0.0047308 0.00220523 0.00196347 0.00194239 0.00192675
threshold=-1.0000000180025095e-35 -3.1919641969579966e-06 0.0026471263263374571 4.0886749047786004e-05 1.4120916148385733e-05 -3.6426183669391317e-06 0.0032294038683176045 0.0036969431675970559 0.24601135402917865 0.05531145632266999 -0.0065359394066035739 0.2333004027605057 0.068615749478340163 -0.0024832363706082101 -0.12206377089023589 -0.013059191405773161 0.019794723019003872 0.00098572392016649268 0.050008544698357589 0.0051127795595675716 0.018592285923659805 0.0013797787833027544 -0.027487963438034054 0.75472208857536327 0.00040703779086470609 -0.019967910833656784 0.059633491560816772 0.040117416530847556 -0.0053907749243080607 0.0035545858554542069 0.5248868763446809 -0.00074330312781967212 1.6575220227241518 0.31001299619674688 0.41756856441497808 0.004961001919582487 0.071348682045936598 0.12868727743625644 0.0011862994288094344 0.042803877964615829 0.001350438629742712 0.0078186104074120539 6.3848030549706905e-05 0.028549380600452427 0.025240176357328895 -0.24873167276382444 0.0078186104074120539 0.96910184621810924 0.0053070380818098792 0.003497169585898519 0.066339813172817244 0.026249176822602752 0.053440166637301452 0.015229706186801197 -0.003354272223077714 3.0443227842624768e-05 0.018028125166893009 0.024915819056332115 2.5653928787505723e-05 0.00098661676747724436 0.29141815006732946 0.029023746959865097
decision_type=8 2 2 2 2 2 2 2 2 10 2 2 2 2 2 2 2 2 2 2 2 2 2 2 2 2 2 2 2 2 2 2 2 2 2 2 2 2 2 2 2 2 2 2 10 2 2 2 2 2 2 2 8 10 2 2 2 2 2 8 2 2
left_child=2 5 3 42 7 6 59 9 18 10 13 12 -12 14 -5 19 -11 45 -9 -13 -21 22 23 24 -7 -26 27 55 34 36 32 -32 37 -34 -29 -36 -30 53 39 -39 41 -23 -1 44 -15 -3 -16 -42 -22 -50 -46 -52 -17 -28 -47 56 -24 -58 -57 -2 -49 -44
right_child=1 17 -4 4 -6 21 -8 8 -10 16 11 15 -14 43 46 52 -18 -19 -20 20 48 40 26 -25 25 -27 30 28 29 -31 31 -33 33 -35 35 -37 -38 38 -40 -41 47 -43 61 -45 50 54 -48 60 49 -51 51 -53 -54 -55 -56 58 57 -59 -60 -61 -62 -63
leaf_value=3.3219652475392715e-06 1.1190998437915176e-05 -5.190504584398724e-06 2.87957715127111e-05 2.87957715127111e-05 1.4013466945718023e-05 -1.7669969707451205e-05 -3.9508732763175626e-06 2.87957715127111e-05 -5.6727810850645119e-05 -9.8320430612235221e-06 -1.7815550493552413e-05 1.3779577806154021e-07 -0.00017079697284643156 9.6290249564382908e-07 6.7754162845809559e-06 -4.527923177301797e-06 -0.00013805836082191861 1.5490426375101576e-05 -4.0196541957094687e-05 2.6206107129236207e-05 2.87957715127111e-05 -4.5531292082852501e-05 -1.0009037330895904e-05 0.0001392349216614081 -2.2920996004336147e-05 0.00015925965363973696 -9.3922099248488388e-05 -3.2142229190224712e-05 9.8752195692611603e-05 2.4500152551617791e-05 0.00020679063892733892 -1.5807601771173277e-05 -0.00029918806065281359 -7.2168047258310699e-05 2.4361066978076828e-05 0.00030558184812635953 0.00029371619195941502 -4.9161481081859678e-05 -2.3580965807638252e-05 -0.00029253214416320782 -4.7136432896741563e-05 -0.00020586213974604583 8.3105100315679965e-06 2.87957715127111e-05 -0.0001933972276587458 4.3813841674005517e-06 -0.00012983223684898319 -4.4125403276840336e-05 -4.3723717489335138e-05 1.753825910328348e-05 -1.4125413529332093e-05 -9.2403296265910692e-05 -0.00011375538157843753 -1.5807601771173277e-05 -4.78715419404411e-07 3.3284754581357837e-06 0.00032556574901711839 1.6169921942611823e-05 -4.2256139456290769e-06 -2.5857324367311263e-05 0.00015131228260683517 2.1391894268135033e-05
leaf_weight=304758.51987457275 3891.5939145088196 210598.07242584229 19574.06787109375 17861.192779541016 44229.268547058105 2220.6506276130676 34165.367675304413 13519.290451049805 1490.5586204528809 968.30715894699097 23784.146734893322 111819.30632579327 421.38446044921875 64472.877694368362 26210.561889648438 299609.82737082243 744.89596605300903 27565.172119140625 1322.7455215454102 23502.8544921875 2662.6255493164062 1300.160065472126 124664.02714675665 875.40902090072632 290.12384748458862 644.05560922622681 893.61085385084152 2431.7659725546837 1205.0050796866417 2197.9498300552368 383.2303860783577 740.41727513074875 175.90768975019455 1095.7763629555702 854.59278547763824 157.79404199123383 222.71378147602081 362.2620974779129 1765.2487771511078 391.35544776916504 963.75497525930405 464.28695678710938 186965.86184692383 3410.28102684021 223.32922732830048 279999.65145111084 322.75009155273438 195.91107094287872 4939.0667295455933 2433.7381410598755 4618.2206736803055 1478.9560699462891 452.35017585754395 20783.93048208952 1006736.1960575581 126574.0684876442 179.49273681640625 387.70964050292969 408107.73698049784 43989.340656280518 356.25875771045685 33137.407043457031
leaf_count=215972 2538 144971 11217 11467 30221 1222 26376 9420 697 658 14587 74658 258 44326 16662 192295 348 16286 773 15014 1655 706 88182 342 120 245 634 1638 605 1525 171 456 110 596 594 70 88 239 1048 185 613 190 125748 1683 129 190076 149 124 3100 1621 2439 672 218 12598 702624 88592 110 210 269004 28485 181 21492
internal_value=2.79368e-08 -1.68515e-06 3.3365e-06 2.91246e-06 2.27638e-07 -5.06787e-06 -1.4978e-05 -7.78125e-07 1.96225e-05 -1.34299e-06 -1.15538e-06 -2.90227e-06 -2.04926e-05 5.76188e-06 1.62037e-05 -1.94627e-06 -6.56805e-05 5.16495e-08 2.72969e-05 3.72452e-06 1.56822e-05 -3.90775e-06 -3.70347e-06 4.44137e-05 1.8031e-05 0.000102753 -3.9832e-06 -3.38095e-06 3.26036e-05 6.59089e-05 -1.90877e-05 6.03441e-05 -2.25966e-05 -0.000103991 -2.47493e-06 6.87092e-05 0.000129533 -1.83106e-05 -6.92818e-05 -0.000175984 -4.73213e-05 -8.79052e-05 6.23994e-06 -4.85487e-07 -2.59343e-06 -2.32591e-07 5.10407e-06 -3.04363e-08 -8.96491e-06 -2.35021e-05 -3.88589e-05 -3.31369e-05 -4.69334e-06 -1.58076e-05 5.7887e-07 -3.76656e-06 -9.44156e-06 0.000114879 -2.43734e-06 -2.28458e-05 8.20616e-05 1.02801e-05
internal_weight=3.50276e+06 2.30783e+06 1.19493e+06 1.17536e+06 650499 782932 82046.3 606269 16332.6 589937 588223 469625 24205.5 118598 44394.5 445420 1713.2 1.5249e+06 14842 145358 33538.3 700885 697605 4030.24 3154.83 934.179 693575 666983 7069.82 3625.67 26591.7 1123.65 25468.1 1271.68 3444.15 1012.39 1427.72 24196.4 2518.87 753.618 3280.37 1764.45 524862 74203.7 70793.4 1.49733e+06 26533.3 1515.92 10035.4 7372.8 6320.51 6097.18 300062 21677.5 1.28674e+06 659913 125231 567.202 534682 47880.9 552.17 220103
internal_count=2379233 1581754 797479 786262 423050 527797 57399 392829 10890 381939 380933 303406 14845 77527 28278 288561 1006 1053957 10193 96048 21390 470398 468584 1929 1587 365 466655 450618 4520 2218 16037 627 15410 706 2302 664 693 14704 1472 424 1814 896 363212 49249 47566 1037671 16811 918 6376 4721 3240 3111 192513 13232 892700 446098 88502 320 357596 31023 305 147240
is_linear=0
shrinkage=0.05


Tree=51
num_leaves=63
num_cat=0
split_feature=327 293 198 14 0 0 46 339 353 174 167 64 53 205 346 345 198 348 108 290 2 263 370 45 52 371 277 109 0 268 23 357 1 24 49 43 0 355 181 49 259 30 1 370 183 225 198 371 189 357 15 270 184 213 364 13 271 315 356 371 21 23
split_gain=0.00832606 0.00910752 0.00579994 0.0133682 0.0115186 0.00727337 0.00683472 0.00679773 0.00652352 0.0056341 0.00496032 0.00491162 0.00445321 0.00433222 0.00485749 0.00646699 0.0058311 0.00495742 0.00436954 0.00410354 0.00451882 0.00571408 0.00465887 0.00453919 0.00401312 0.00391157 0.00387893 0.00387178 0.00385001 0.00378602 0.00375768 0.00363546 0.00566255 0.00491763 0.00471862 0.00404255 0.0039021 0.00376633 0.00349577 0.00346814 0.00346391 0.0064227 0.00420647 0.0066106 0.00529954 0.00448914 0.00397735 0.00358317 0.00394824 0.00340162 0.00649964 0.00333215 0.00342811 0.00330282 0.00364073 0.00411142 0.00324252 0.00322095 0.00337583 0.00318591 0.0033065 0.00313239
threshold=-0.00095133195281960059 -5.3093079259269864e-05 0.0078186104074120539 0.04300950653851033 0.00052703541587106894 0.00085446983575820934 -0.0038372693816199894 0.15778648853302005 -0.17325279861688611 -0.012238600291311739 0.0057211818639189014 0.00028704533178824937 0.0013658180250786247 0.00044913589954376226 0.15589131414890292 0.54988533258438121 0.0078186104074120539 0.0048796292394399652 92.646038055419936 0.4995363056659699 -0.0023201638832688327 -0.001885523146484047 0.0029914841288700704 0.015454440377652647 1.0000000180025095e-35 -4.9754153224057509e-06 0.096803076565265669 18.564029693603519 -0.0066134918015450231 -0.041135925799608224 0.0079548843204975146 -0.38400654494762415 0.037530513480305679 0.014104609377682211 0.81942036747932445 0.0053560680244117984 -0.027487963438034054 0.064092144370079054 -0.023596067912876603 0.71115919947624218 0.64380618929862987 0.045288378372788436 0.059633491560816772 0.0028803653549402957 -0.0062999986112117759 -0.13051787763833997 0.0051007212605327376 -1.5948538489851668e-08 0.020306793041527275 0.0077109392732381829 0.0052308859303593644 -0.020611694082617756 0.057134183123707778 0.0011706505320034923 4.3100194488943097e-06 0.021312381140887741 -0.026834519580006596 -0.003354272223077714 -0.0034808758646249767 1.2026087006233868e-06 0.0037054660497233276 0.0023504600394517188
decision_type=2 2 2 2 2 2 2 2 2 2 2 2 2 2 2 2 2 2 2 2 2 2 2 10 2 2 2 8 2 2 2 2 2 2 2 10 2 2 2 2 2 10 2 2 2 2 2 2 2 2 2 2 2 2 2 2 2 2 2 2 2 2
left_child=13 26 11 4 9 8 -7 -5 -6 -4 -8 12 24 18 15 19 39 -17 31 20 23 38 -23 28 -3 -9 -2 -27 -15 -21 -25 32 59 -34 36 -36 37 -33 -22 -16 42 -42 47 45 46 -44 -45 48 -38 50 -47 -20 -53 -28 61 -56 -37 -11 -59 -1 -61 -55
right_child=1 2 3 7 5 6 10 25 -10 57 -12 -13 -14 14 16 17 -18 -19 51 29 21 22 -24 30 -26 27 53 -29 -30 -31 -32 34 33 -35 35 56 40 -39 -40 -41 41 -43 43 44 -46 49 -48 -49 -50 -51 -52 52 -54 54 55 -57 -58 58 -60 60 -62 -63
leaf_value=2.44130203484058e-05 -9.7632007226950937e-06 -5.0769177940803786e-07 0.00018763699445157993 -0.00033340960252707744 8.3230037787906255e-05 -0.00013377280424266708 0.00021907353773407956 2.9958377981344178e-05 0.00054637393666123475 -0.00023724987400613106 1.521977410500597e-05 2.1416916089064605e-05 -1.8206393272029801e-05 8.9113151677590611e-05 -4.7620665115434579e-07 2.6376371113727991e-05 -0.00012632126865001598 0.00032453021910541541 -0.000166721315317456 -0.00026013296603259658 0.00010232555494080901 0.00010794663970158405 0.00033906177020712923 2.9760579136881314e-05 4.2834303292753939e-06 -0.00017401653566851278 -2.9515418676410802e-06 1.2721280418111082e-05 1.7325789063665476e-05 -1.2316110321038043e-05 -0.00015501421518592941 5.4111329041859187e-05 -3.8533073749909254e-05 -0.00019687183151078492 0.00021430978395135019 0.00011756784036655035 1.5020587428265788e-05 0.00026388073603183252 -1.117829293613332e-05 0.00010317313865028952 4.4384473993676313e-05 0.00035666682444448957 4.4384473993676313e-05 -6.8458088084844229e-05 -1.824114698668167e-05 -0.00021598922502169784 -0.00021286917086772318 5.2139509745668071e-06 4.4384473993676313e-05 -4.056357968490099e-05 4.4384473993676313e-05 -3.0510854891233344e-06 -9.1656623978264204e-05 1.20068327644953e-05 2.6916044545333955e-05 -0.00014874432318469648 1.4130990035716483e-05 -0.00011185083284593432 9.7483000307190639e-06 -0.00019543468896963368 -1.8480948622727827e-05 6.6219264127910946e-05
leaf_weight=7387.8998911976814 232083.89892578125 952051.63617503643 215.5266135931015 369.76643407344818 146.01692110300064 351.18709552288055 592.09636354446411 446.74290251731873 158.56244748830795 279.02893596887589 600.20991361141205 31095.485887169838 28572.585319519043 2750.795550763607 6819.3868722915649 229.28840273618698 846.03204345703125 355.20153790712357 316.12905883789062 184.52409362792969 1728.1139001846313 540.80127191543579 366.74195575714111 522.46609902381897 808001.50991606712 1362.7865782380104 1098101.9953918457 348.12058907747269 5812.9348027706146 888.48097664117813 578.00060486793518 1469.6483789682388 5296.4493923187256 538.6532154083252 406.46727800369263 1122.8608703613281 73233.70774948597 248.83424127101898 1115.3003494739532 913.38771533966064 1145.3272979855537 190.46099007129669 3123.1081584692001 1125.0788879394531 2328.9062156677246 253.33763438463211 829.25865936279297 123000.30107867718 7851.2646412849426 5210.5081866383553 2810.2832968235016 65944.148046731949 1108.0037281513214 7406.2387278079987 707.75595855712891 626.42037963867188 2322.9526586532593 1283.0567479133606 1026.3154495358467 316.49964690208435 1545.7104790210724 4160.7938878536224
leaf_count=5304 166369 670655 92 182 98 209 307 197 110 136 290 19087 18013 1347 3747 113 374 144 228 76 787 299 176 262 535526 736 753743 173 3595 493 276 643 2755 228 192 497 45259 92 619 468 615 75 1922 620 1198 201 495 76169 4395 3118 1635 43078 809 4387 381 284 1332 665 624 174 959 2200
internal_value=3.13672e-08 -7.58462e-07 1.53946e-06 -4.33063e-05 6.99348e-06 0.000103842 5.95729e-05 -0.000135821 0.000326332 -5.68683e-05 0.00011665 1.71644e-06 1.37392e-06 7.55512e-06 2.81789e-05 4.5272e-05 -1.8564e-06 0.000208057 5.97701e-06 3.8677e-05 4.62038e-05 9.27709e-05 0.000201881 2.81143e-05 1.69181e-06 -0.000101682 -3.88415e-06 -0.00013605 4.04004e-05 -5.53377e-05 -6.73943e-05 9.11503e-06 -1.46511e-05 -5.32122e-05 1.06968e-05 6.55479e-05 9.74791e-06 8.47571e-05 5.78283e-05 1.17903e-05 9.16415e-06 8.93773e-05 8.67578e-06 -1.62788e-05 -6.92202e-05 3.62601e-06 -0.000129889 1.05933e-05 1.8753e-05 -1.59867e-05 2.58121e-05 -5.28401e-06 -4.51794e-06 -2.65603e-06 2.24934e-05 -5.56589e-05 4.78858e-05 -7.73565e-05 -5.78489e-05 9.68003e-06 -4.87333e-05 3.15157e-05
internal_weight=3.50276e+06 3.16999e+06 1.8269e+06 7179.42 4652 1848.07 1543.49 2527.42 304.579 2803.93 1192.31 1.81972e+06 1.78863e+06 332777 23651.5 15072.6 8578.81 584.49 309126 14488.2 13415.2 3750.96 907.543 9664.2 1.76005e+06 2157.65 1.34309e+06 1710.91 8563.73 1073.01 1100.47 241758 15085.2 5835.1 226672 3852.28 222820 1718.48 2843.41 7732.77 221102 1335.79 219766 15680.5 4283.24 11397.2 1954.34 204085 81085 8274.13 3063.62 67368.3 67052.2 1.111e+06 12901.2 1334.18 3445.81 2588.4 2309.37 9250.11 1862.21 11567
internal_count=2379233 2174464 1247100 3819 2531 1014 806 1288 208 1517 597 1243281 1224194 204769 12776 8187 4589 257 191993 7930 7361 1881 475 5480 1206181 1106 927364 909 4942 569 538 147878 9420 2983 138458 2021 136437 735 1406 4215 135702 690 135012 9189 2313 6876 1115 125823 49654 4954 1836 44115 43887 760995 7252 665 1829 1425 1289 6437 1133 6587
is_linear=0
shrinkage=0.05


Tree=52
num_leaves=63
num_cat=0
split_feature=327 53 293 367 313 197 64 22 344 368 356 292 113 372 22 197 211 46 176 49 371 334 201 370 183 262 365 265 47 372 319 334 23 223 37 211 23 177 190 46 365 213 243 365 45 2 291 48 176 291 372 270 170 57 49 189 2 175 34 199 174 256
split_gain=0.00768942 0.00850259 0.00777462 0.00591491 0.00593686 0.0101211 0.00436615 0.00402434 0.00394148 0.00374166 0.00478595 0.0044394 0.00536988 0.00457953 0.00458757 0.00362343 0.00370249 0.00359156 0.00606259 0.00677136 0.0038517 0.00353053 0.00315693 0.00366824 0.00314163 0.00414081 0.00346653 0.00381005 0.00385126 0.00312011 0.00301537 0.00315426 0.0034983 0.00315531 0.00291925 0.00286048 0.00402255 0.00302192 0.00284912 0.00304843 0.00284062 0.00277224 0.00275155 0.00272606 0.00271259 0.00269608 0.00297984 0.00304204 0.00351315 0.00275809 0.00347516 0.00663037 0.00263829 0.00261372 0.00257721 0.00557713 0.00436312 0.00415947 0.00406582 0.00460248 0.00520115 0.00380987
threshold=-0.00065879337489604939 0.00042102958832401788 -3.9711278532195129e-06 -1.6967798899258921e-07 0.016976623795926574 0.0052974459249526271 5.1849565352313227e-05 0.0022186544956639413 1.0000000180025095e-35 -0.00013054736336925996 -0.26236850023269648 0.22602356225252154 0.23717702180147174 -0.0009642103686928748 0.0028111257124692206 0.0043801134452223786 0.00042224251956213271 0.0168658746406436 0.010593441780656578 0.053911827504634864 1.6523255226275071e-06 0.12670815736055377 0.00052979483734816324 0.010106606874614956 0.0079166172072291392 0.0012589833931997421 -0.0023661097511649127 0.0030133191030472521 0.034485168755054481 0.00012748793960781771 0.015586181078106167 0.99999859929084789 0.017349263653159145 1.0000000180025095e-35 0.0045355099719017753 0.00010566513083176689 0.018149212002754215 -0.064656816422939287 0.017700637690722946 -0.013789293356239794 0.0014128132024779918 0.0011706505320034923 1.0734780430793764 0.0018308772123418751 0.0044166811276227244 -0.010893162805587052 6.8489134311676034 0.037767037749290473 0.0065317247062921533 0.1970833241939545 -0.0014910081517882643 0.022840135730803016 -0.0010743988095782695 0.80164310336112987 0.33042235672473913 0.046215634793043144 -0.003765022498555481 -0.062293127179145806 -0.02229068428277969 0.00033128008362837141 -0.0052099272143095723 0.23013373464345935
decision_type=2 2 2 2 2 2 2 2 2 2 2 2 2 2 2 2 2 2 2 2 2 2 2 2 2 2 2 2 2 2 2 2 2 2 8 2 2 2 2 2 2 2 2 2 10 2 2 2 2 2 2 2 2 2 2 2 2 2 10 2 2 2
left_child=3 2 41 4 43 42 8 -7 22 10 11 12 38 14 -13 16 29 53 20 -20 -19 -21 24 45 25 44 27 -26 -29 -11 -27 32 -32 -34 -22 -12 40 -38 -5 -40 -37 -2 -6 52 -4 46 47 48 -24 -47 51 -51 -1 -3 55 57 -57 -45 -56 -60 61 -61
right_child=1 17 6 9 5 7 -8 -9 -10 15 35 13 -14 -15 -16 -17 -18 18 19 21 34 -23 23 -25 26 30 -28 28 -30 -31 31 -33 33 -35 -36 36 37 -39 39 -41 -42 -43 -44 54 -46 49 -48 -49 -50 50 -52 -53 -54 -55 58 56 -58 -59 59 60 -62 -63
leaf_value=1.9575565395841502e-05 -3.1692666382080099e-06 -4.7287041550894789e-06 4.1077891302822196e-06 -5.5108453013610501e-06 2.2249445198919061e-05 0.0003933828538895557 1.2663691622259318e-05 0.00011789038140073505 -1.5785083180963548e-06 -5.2010975423932976e-06 4.2475428422571403e-06 -0.00033846901046987495 9.732543723745686e-05 -1.6776445500147799e-05 -8.5830305593734301e-05 -8.8005306191681298e-05 2.7087829487201457e-05 -3.1692666382080099e-06 -0.00036116166276320958 -0.00022314557390803945 -0.00029778315175092154 -5.6080877969372495e-05 2.0910898357297889e-05 0.00017573711761093049 -3.1692666382080099e-06 1.1662911001816387e-05 -3.1692666382080099e-06 0.00035688958721535836 9.0154926921767969e-05 5.4109254177586774e-05 2.3482545832903791e-05 0.00021483276254451907 0.00033795698641878383 6.9297379633463701e-05 -5.3449966781483702e-05 4.9502554832801415e-05 -0.00025590257515247216 -3.8280365591012283e-05 -0.00027539761457472616 -6.0818010567244853e-05 1.4366931914170235e-05 2.7457397939584406e-05 0.00015994293664647912 -0.00010749482666944706 -3.1692666382080099e-06 5.5667603036693586e-05 0.00020279012763556228 -3.1692666382080099e-06 0.00028843086648399399 -3.1692666382080099e-06 1.0046250168638873e-05 0.00034498645199524839 6.3919196395942961e-05 -1.5799166820855441e-05 -5.4314722096212904e-05 -0.00022571401963368006 -2.118691398515073e-05 8.0700580843033894e-06 1.3924320201039624e-05 7.6649537575419351e-05 -3.9338663544611682e-06 0.00029816428237861031
leaf_weight=11077.842967987061 1206551.9580230713 138326.4909696579 504304.64117890596 3453.3728195428848 2392.7592567205429 316.01345789432526 93566.609726369381 231.33871495723724 597391.19927978516 150060.23176527023 185623.28234410286 325.44641131162643 916.56619262695312 648.66712820529938 402.36899214982986 1243.3150939941406 9994.175434589386 3909.7387002706528 222.04243749380112 357.58547133207321 182.73128223419189 2649.9510592222214 337.73340648412704 363.46175193786621 459.09709465503693 104639.4404335022 77052.735168457031 191.1234011054039 459.28939193487167 2248.692440032959 2875.0460804700851 292.70651507377625 174.40456080436707 290.89503252506256 364.86901819705963 6250.0384362339973 177.60871887207031 1437.5345916748047 179.86285591125488 1874.1939792633057 72070.241734206676 7386.769775390625 425.87602770328522 787.78573805093765 95472.382934570312 6635.0514826774597 181.83997857570648 16944.695867478848 191.0801944732666 231.59685516357422 11458.718868970871 223.97174072265625 4810.9272506833076 86758.267575263977 1622.9788570404053 455.39792490005493 607.61317586898804 55110.326992928982 19495.209795176983 5533.3538967370987 2344.3703451156616 199.47482430934906
leaf_count=6185 844901 90936 345125 2406 1375 144 60281 107 402374 94257 119734 141 464 357 227 591 5937 2118 107 204 89 1305 201 178 262 74829 51699 79 293 1179 2074 188 83 194 213 3428 87 829 77 1144 44874 4226 257 437 78618 4001 99 10059 100 117 7442 95 2664 55259 798 243 363 35817 13197 2844 1205 116
internal_value=3.14781e-08 -9.71195e-07 -1.88419e-07 5.50494e-06 1.61357e-05 8.14514e-05 2.20207e-06 0.000277799 1.51279e-06 2.94003e-06 6.51901e-06 -3.20778e-05 -1.46021e-05 -0.000113497 -0.000199417 -3.04206e-06 -2.39013e-06 -1.01439e-05 -4.37477e-05 -9.5891e-05 -5.94108e-06 -7.60794e-05 3.75728e-06 1.81177e-05 3.0893e-06 4.21898e-06 -3.16927e-06 9.12124e-05 0.000169389 -4.32474e-06 1.32184e-05 5.79873e-05 4.4123e-05 0.000171012 -0.00013577 7.65298e-06 1.55607e-05 -6.2498e-05 -3.32581e-05 -7.98572e-05 1.7172e-05 -3.16927e-06 4.31526e-05 1.39797e-05 2.59437e-06 1.65257e-05 2.53948e-06 4.32583e-07 0.000118298 2.98362e-05 1.54438e-05 0.000150568 3.30086e-05 -8.99588e-06 1.04697e-05 4.27829e-06 -0.000109066 6.43759e-06 2.25482e-05 2.70762e-05 5.88084e-05 8.44585e-05
internal_weight=3.50276e+06 2.96045e+06 2.72768e+06 542317 105411 3365.99 1.51374e+06 547.352 1.42017e+06 436906 273359 7800.48 6424 1376.48 727.815 163546 162303 232772 7686.92 3229.58 4457.34 3007.54 822780 36568.2 786212 708050 78162.2 1109.51 650.413 152309 108272 3633.05 3340.35 465.3 547.6 265559 79935.4 1615.14 5507.43 2054.06 78320.3 1.21394e+06 2818.64 102045 599777 36204.7 17655.3 17473.5 528.814 18549.3 11914.3 455.569 15888.8 225085 86156.5 56961.1 1063.01 55898.1 29195.4 27572.4 8077.2 5732.83
internal_count=2379233 2037749 1887518 341484 65752 1883 1038391 251 978110 275732 173768 4816 4091 725 368 101964 101373 150231 4036 1616 2420 1509 575736 22292 553444 501111 52333 634 372 95436 77368 2539 2351 277 302 168952 49218 916 3627 1221 48302 849127 1632 63869 423743 22114 10459 10360 301 11655 7654 212 8849 146195 55020 36860 606 36254 18160 17362 4165 2960
is_linear=0
shrinkage=0.05


Tree=53
num_leaves=63
num_cat=0
split_feature=276 371 0 29 258 358 346 369 202 10 21 198 26 374 149 175 359 356 199 207 0 210 212 0 0 368 35 358 337 355 374 109 327 198 343 46 189 356 316 46 202 262 198 355 108 330 260 199 346 32 374 197 327 197 316 348 175 210 370 113 22 210
split_gain=0.00733495 0.00673952 0.00617437 0.0102183 0.00759387 0.00699406 0.00681428 0.00650536 0.0120389 0.00686604 0.00646025 0.00626866 0.00570818 0.00691752 0.00556371 0.00539849 0.00529534 0.00609795 0.0052891 0.00724992 0.00885099 0.0148315 0.0054104 0.00506144 0.00753865 0.0120867 0.0048529 0.00480779 0.00909598 0.00471314 0.00467247 0.00467112 0.00453622 0.00552036 0.00637583 0.0065716 0.00564151 0.00622147 0.0055199 0.00499268 0.00507487 0.0047316 0.00865324 0.00442967 0.00442311 0.00433573 0.00433378 0.0059904 0.00486851 0.00556727 0.00456586 0.00433139 0.00432225 0.00426659 0.00530098 0.004772 0.00439097 0.00426333 0.00422618 0.00419313 0.00414212 0.00410121
threshold=0.80504608154296886 -8.4256114973868521e-08 -0.0065359394066035739 0.044088581576943404 0.31328006088733679 1.0000000180025095e-35 0.21770125627517703 0.022667644545435909 0.00050865445518866192 -0.0041066177655011407 0.010679956991225483 0.0078186104074120539 0.063278455287218108 0.0019652168266475205 inf 0.0010157512733712795 1.2631921890715604e-05 0.25970789790153509 0.0014153248630464079 0.0010248761391267183 0.011476783081889154 0.00019448325474513697 4.175268986728043e-05 0.00052703541587106894 0.00085446983575820934 -0.00037755144876427943 0.067570704966783537 1.3983684778213503 0.17438270896673205 -0.2395391836762428 0.0026562144048511986 16.507852554321293 -0.0016733946977183221 0.0043545945081859836 -0.30883479118347162 0.0168658746406436 0.020306793041527275 -0.030730109661817547 -0.0056934270542114964 -0.040394764393568032 0.00081274210242554556 0.0053066674154251823 0.0078186104074120539 -0.056203952059149735 13.755080699920656 0.7165108621120454 506831.76562500006 0.00066415345645509671 0.33210644125938421 -0.028219228610396382 0.00079932864173315476 0.00046551937703043228 0.00096317727002315234 0.0018248833948746326 0.010455797426402571 -0.2152844816446304 0.07114709168672563 0.00098935834830626867 0.0025948479305952792 0.0015323733678087594 0.0088856238871812838 0.00019448325474513697
decision_type=2 2 2 10 2 2 2 2 2 2 2 2 10 2 8 2 2 2 2 2 2 2 2 2 2 2 10 2 2 2 2 10 2 2 2 2 2 2 2 2 2 2 2 2 2 2 2 2 2 8 2 2 2 2 2 2 2 2 2 2 2 2
left_child=1 32 3 7 5 6 29 11 10 -10 -9 27 44 15 16 -14 17 18 19 22 23 -22 -4 26 25 -25 -21 46 -29 -5 61 -20 41 36 39 -36 -34 38 -38 -35 -41 -1 -43 -27 -2 -42 53 -48 49 50 -49 -39 -15 56 -55 -56 -3 -11 -13 -24 -7 -26
right_child=12 2 14 4 -6 60 -8 8 9 57 -12 58 13 52 -16 -17 -18 -19 31 20 21 -23 59 24 30 43 -28 28 -30 -31 -32 -33 33 34 35 -37 37 51 -40 40 45 42 -44 -45 -46 -47 47 48 -50 -51 -52 -53 -54 54 55 -57 -58 -59 -60 -61 -62 -63
leaf_value=2.2200165892238851e-05 -9.4502124418079732e-06 2.6921337126557504e-06 1.5811681158383765e-06 0.00011370773525731216 0.00015620305389177119 0.00013690215962593351 -0.00020478467377466744 -0.00013983454991680925 0.00036661116999004844 0.00014586957465095136 8.1920022227797295e-05 -0.00025491771834237529 5.3521624861269279e-05 -5.0243816599737638e-05 -0.00031025855357738515 -5.13617431561826e-05 7.6537235196216438e-06 -1.6975082139505039e-05 4.5920403458099219e-05 -2.6181777863574084e-06 0.00049636060308458222 5.0154752656373784e-05 -6.4888188702891564e-06 0.00050419933147020349 0.00011713748527299736 -7.3207420515436904e-05 -0.00023808454664665422 2.1332490752272151e-05 0.0003341464498782731 -1.7752155712170438e-05 -4.7518332950266758e-05 -9.0173231165951878e-05 4.0932655370567572e-06 -5.6395384052587371e-05 -2.0634600362990468e-05 -0.00012357184623984648 -2.7005108004787215e-05 -1.4554908497332129e-06 1.6108010784438716e-05 1.4151171647616428e-05 0.00014667764562715567 2.2200165892238851e-05 0.00031714069153934515 0.00018042586676461116 -1.3498548449626062e-06 -3.5528941602842026e-05 1.102093014789384e-05 0.0003985861311952962 -5.290402722047523e-05 4.5734243079613051e-05 0.00014533516741189009 4.6308472767414251e-05 -0.00014846513380684619 -1.0348432943580387e-05 -0.00032735063710734839 -6.4325074999795225e-05 0.00025496055491404965 -6.5639190326388845e-05 -3.7051034646281331e-06 3.4030896670020989e-06 -2.0261861397554741e-05 2.5350829288260586e-05
leaf_weight=22836.104396820068 230925.72580569983 196493.53137606382 612990.21047443151 923.73406863212585 1680.5247079133987 1923.4294517040253 382.64710569381714 750.70800042152405 308.87967550754547 1443.2518495321274 580.90629553794861 388.90644800662994 2443.0235680937767 3441.9939248561859 143.90093779563904 2460.5239899754524 144188.57015228271 68319.885864257812 801.1128112077713 5894.9407563209534 266.51967036724091 609.45058262348175 614072.29797172546 220.06843543052673 1694.1048685312271 280.03450810909271 225.25588846206665 875.03821957111359 314.57689273357391 2586.0670589208603 1493.2464153766632 2940.2539490461349 593356.58275604248 1644.530891418457 24263.058883666992 1654.4747009277344 9427.063346862793 5954.2654447555542 34916.76798248291 5163.3521862030029 1554.9884942770004 616.02737808227539 388.68927001953125 441.20414531230927 623622.74245601892 412.25814306735992 81429.506182730198 226.80841457843781 525.78187590837479 1295.2180302739143 825.11828446388245 23393.97089099884 1660.957540512085 26736.578919172287 181.93773299455643 2806.0876423716545 170.64628219604492 284.06736183166504 292.94050633907318 129770.361959517 535.31879854202271 4314.2607976198196
leaf_count=13556 164837 139991 418798 393 608 764 154 376 114 604 248 171 1227 1717 57 1292 111284 45312 404 3475 159 439 397126 121 883 136 133 482 115 1121 881 1779 418243 906 13488 786 5571 4191 23906 2937 706 307 155 217 416905 221 56597 98 303 816 451 14320 815 17013 95 1744 96 131 172 86484 235 2567
internal_value=1.83461e-08 1.32815e-06 -2.28387e-07 6.0626e-06 6.17489e-05 3.6715e-05 -4.99441e-06 4.64654e-06 7.3746e-05 0.000150139 -4.31181e-05 3.90153e-06 -3.97853e-06 -4.15196e-05 -1.51126e-06 8.93297e-07 -1.4829e-06 -2.39502e-06 -1.67109e-06 -1.50918e-06 3.25583e-05 0.000186737 -1.89688e-06 2.32601e-05 4.83524e-05 0.00018158 -1.13595e-05 4.23307e-06 0.000104474 1.68914e-05 3.1591e-05 -6.10235e-05 5.43114e-06 4.7024e-06 -1.47428e-05 -2.72147e-05 5.71377e-06 1.87614e-05 6.94178e-06 2.20911e-05 4.02032e-05 2.6879e-05 0.000132968 8.20178e-05 -3.53884e-06 0.000108497 3.84859e-06 1.35256e-05 8.44595e-05 0.000115249 0.000200592 3.66185e-05 -8.22595e-05 2.44998e-07 -1.74102e-05 -8.05487e-05 2.91362e-06 0.00011105 -0.000147316 -4.76308e-06 0.000102696 5.12611e-05
internal_weight=3.50276e+06 2.63821e+06 1.91263e+06 323962 8031.72 6351.2 3892.45 315930 3367.81 2036.2 1331.61 312563 864555 10006.5 1.58867e+06 4903.55 1.58852e+06 1.44433e+06 1.37601e+06 1.37227e+06 15439.1 875.97 1.35683e+06 14563.1 8442.92 941.307 6120.2 311881 1189.62 3509.8 7501.61 3741.37 725582 701741 34692.7 25917.5 667049 73692.1 44343.8 8775.13 7130.6 23840.8 1004.72 721.239 854548 1967.25 310691 84302.4 2872.93 2347.14 1051.93 29348.2 5102.95 226389 29724.6 2988.03 196664 1727.32 681.847 743843 2458.75 6008.37
internal_count=2379233 1792440 1293147 222892 3275 2667 1668 219617 1473 849 624 218144 586793 5051 1070255 2519 1070198 958914 913602 911419 9011 598 902408 8413 4805 474 3608 217801 597 1514 4331 2183 499293 485275 19044 14274 466231 47988 29477 4770 3864 14018 462 353 581742 927 217204 58265 1668 1365 549 18511 2532 158939 18852 1839 140087 735 343 483610 999 3450
is_linear=0
shrinkage=0.05


Tree=54
num_leaves=63
num_cat=0
split_feature=50 53 327 53 52 327 47 212 316 205 211 21 62 174 336 180 42 206 201 35 46 289 354 311 219 164 356 202 356 345 223 211 355 344 51 22 291 374 30 279 346 47 205 2 109 330 240 2 316 167 358 34 310 203 337 355 246 276 187 366 203 47
split_gain=0.00727075 0.00595764 0.00478036 0.00482479 0.0044663 0.00363419 0.00301541 0.0026837 0.00244285 0.00217165 0.00215866 0.00215533 0.00207172 0.00200203 0.00225056 0.0019929 0.00191603 0.00181448 0.0028432 0.00301392 0.00238464 0.0022552 0.0018583 0.00183825 0.00166645 0.00158931 0.00155657 0.00176468 0.00170496 0.00185461 0.00173696 0.0014948 0.00144266 0.00144063 0.00137529 0.00137508 0.00137266 0.00136746 0.00313828 0.00146859 0.00223533 0.00136548 0.00131672 0.00128773 0.00120142 0.00119927 0.00110289 0.00168302 0.00117046 0.00128148 0.00114067 0.00107734 0.00114699 0.00102456 0.00230294 0.00169577 0.00156695 0.00125963 0.00118581 0.00117991 0.00118978 0.00116603
threshold=3.5395400118432015e-05 1.0000000180025095e-35 -0.001588151615578681 0.00015004366287030282 0.00049553561257198464 0.00062461651396006357 0.014762619044631721 2.9215588256192863e-05 -0.043112460523843758 2.0868169485765978e-05 0.00036915186501573777 0.030878293327987198 1.2174026323918953e-05 0.0083771846257150191 0.19308727979660037 0.051912520080804832 0.0057165201287716636 0.00041618020622991031 0.00018693006859393793 0.019765377976000312 -0.020020414143800732 0.58914104104042064 0.11589550226926805 -0.0017772181890904901 5.5736436479492121e-06 -0.011520325206220148 -0.10457411408424376 0.0011137441615574064 -0.012486508581787346 -0.43881282210350031 0.095050778239965453 0.00023986629821592945 -0.036701573058962815 -0.013618468772619961 0.00066417228663340222 0.00010182441110373476 -0.11995936930179595 0.0018201797502115371 0.055816458538174636 0.39000950753688818 -0.10721011459827422 0.081724360585212721 0.00016033893189160156 -0.0070544073823839417 92.76276016235353 0.41548088192939764 -1.1715569496154783 -0.01814284827560186 -0.0014770926791243253 -0.0092022838070988638 0.043327316641807563 -0.00040547765092924232 -1.0000000180025095e-35 0.00020084888819837945 0.0011666573700495066 -1.0000000180025095e-35 0.032190276309847839 0.61690092086792003 -0.0038474514149129386 0.0026869376888498668 5.172285818844103e-05 0.030481043271720413
decision_type=2 2 2 2 2 2 2 2 2 2 2 2 2 2 2 2 8 2 2 10 2 2 2 2 2 2 2 2 2 2 2 2 2 2 2 2 2 2 10 2 2 2 2 2 10 2 2 2 2 2 2 10 2 2 2 2 2 2 2 2 2 2
left_child=1 35 6 4 7 9 31 24 -7 41 -9 34 -6 16 -15 17 36 18 20 -20 23 46 25 -8 -4 -23 27 -21 29 33 42 -2 -32 -28 -11 -1 -10 -38 53 40 -40 44 -30 -43 -3 -44 47 -19 49 -49 -50 -16 -53 58 55 57 -56 -55 61 60 -60 -39
right_child=2 5 3 -5 12 8 15 10 13 11 -12 -13 -14 14 51 -17 -18 21 19 26 -22 22 -24 -25 -26 -27 28 -29 30 -31 32 -33 -34 -35 -36 -37 37 38 39 -41 -42 43 45 -45 -46 -47 -48 48 50 -51 -52 52 -54 54 56 -57 -58 -59 59 -61 -62 -63
leaf_value=-2.9074348492269354e-06 5.7763524816584839e-05 -7.9492857537903467e-06 4.014734347263591e-07 -2.9074348492269354e-06 7.9849432333766366e-06 -0.00016855571452868888 1.3228082039800681e-05 4.014734347263591e-07 -2.9074348492269354e-06 -2.9074348492269354e-06 7.9849432333766366e-06 -3.5193156219473257e-05 2.389731655743701e-05 -2.9074348492269354e-06 -2.9074348492269354e-06 0.00014948552321425912 -4.0813502320986703e-05 4.014734347263591e-07 1.6944334259487011e-05 4.014734347263591e-07 4.014734347263591e-07 0.00015409651193323994 0.00022516235634054756 4.9166153109168197e-05 7.9849432333766366e-06 4.014734347263591e-07 0.00032214236429971543 0.00014925718614381737 4.014734347263591e-07 9.0391913464293771e-05 0.00017940032667209017 0.00022475603394382033 2.8382322898744378e-05 0.00012964978897424739 -1.1641467731605663e-05 4.014734347263591e-07 -2.9074348492269354e-06 -2.9074348492269354e-06 -0.00024357796608699767 -2.2505086917207503e-05 -5.3603768829279024e-05 -9.2042736147796405e-05 4.014734347263591e-07 -3.5130488963540488e-06 -2.748967040330289e-05 0.00010005263736288996 4.014734347263591e-07 5.4839432140586683e-05 0.00018943625285035629 4.014734347263591e-07 2.7904591560884312e-05 -0.00016419547652774013 -5.4580030532742637e-05 -2.9074348492269354e-06 -8.5514009114600122e-06 -0.00014297187966331358 -8.1860798737259932e-05 -8.4727113335793946e-05 -2.9074348492269354e-06 -3.1230205874556146e-06 -4.4183537366372835e-05 -2.8597927991932742e-05
leaf_weight=204605.98090863228 297.52029401063919 107796.82308113575 78553.757726669312 347941.95893859863 45225.067016601562 250.80339813232422 9771.6174891591072 520173.60219764709 6037.623397231102 584633.17206382751 98133.718475341797 5226.5076141357422 36863.666015625 27091.516109466553 468.78466695547104 274.07649230957031 7588.6603150367737 3036.0225768089294 4216.8012338280678 919.46065616607666 8595.3511292338371 205.75242209434509 192.57675361633301 5595.9387444853783 228071.78578186035 302.26287508010864 208.93791514635086 230.30023193359375 486.45679426193237 560.5322453379631 517.54399120807648 244.7198411822319 228.56913089752197 188.46372222900391 47864.14866065979 1011775.0710449219 13548.163218200207 3290.393810749054 331.49559819698334 314.64116150140762 291.71725422143936 972.31615257263184 229.16087430715561 710.42721748352051 8484.0151833295822 901.64102977514267 19459.103602707386 2362.5506032705307 248.83396077156067 1225.9100471138954 195.09163212776184 287.51815605163574 1385.8915854096413 385.80570024251938 4788.4906613230705 730.68247503042221 857.93204146623611 798.52610099315643 1486.6855802536011 20460.167709052563 3973.8736782073975 20668.406435012817
leaf_count=133866 161 75720 57951 222301 28306 115 6079 352399 3660 398958 62995 3487 22566 16194 291 119 4631 1677 2568 472 5229 101 106 3221 157146 165 109 107 295 325 255 110 128 97 30096 720499 8590 1962 179 176 152 521 135 453 6321 498 11123 1330 133 759 106 148 822 224 2841 408 499 444 1023 12425 2525 12931
internal_value=1.74269e-08 -1.85869e-06 2.78339e-06 2.16844e-06 3.92223e-06 -5.01608e-06 1.65112e-05 2.93022e-06 -1.32951e-05 -3.75574e-06 1.03357e-06 -2.90743e-06 1.50994e-05 -1.2953e-05 -2.90743e-06 1.54506e-05 -1.68321e-05 1.48321e-05 2.278e-05 4.72813e-05 1.38937e-05 5.30034e-06 9.37173e-05 2.63193e-05 6.75475e-06 4.32019e-05 7.58726e-05 2.56739e-05 9.32244e-05 0.000149483 7.03142e-05 0.000133678 0.000133336 0.000231961 -2.90743e-06 4.01473e-07 -1.44968e-05 -1.68106e-05 -2.01328e-05 -0.000110765 -0.00015511 -1.00231e-05 4.11107e-05 -5.47155e-05 -9.37543e-06 7.30292e-05 2.95836e-06 2.07607e-05 4.2465e-05 3.29494e-05 0.000118892 -5.43595e-05 -7.35872e-05 -1.86492e-05 -3.57993e-05 -8.31531e-05 -1.97153e-05 -4.60686e-05 -1.6048e-05 -8.63519e-06 -2.928e-05 -2.40665e-05
internal_weight=3.50276e+06 2.08711e+06 1.41566e+06 1.35496e+06 1.00702e+06 870725 60695.2 924933 115038 755687 618307 637724 82088.7 114787 29233.7 60153 85553.3 59878.9 32650.8 8687.87 23962.9 27228.1 700.592 15367.6 306626 508.015 4471.07 1149.76 3321.31 957.934 2363.37 542.24 746.113 397.402 632497 1.21638e+06 77964.6 71927 58378.8 937.854 623.213 117964 1617.26 1682.74 116281 1130.8 26527.5 7068.41 4032.39 3588.46 443.926 2142.19 1673.41 57441 7561.44 1915.01 5646.42 1184.33 49879.5 25920.7 5460.56 23958.8
internal_count=2379233 1440161 939072 903664 681363 585796 35408 630491 70240 515556 415394 432541 50872 70125 17455 35137 52670 35018 19518 4989 14529 15500 372 9300 215097 266 2421 579 1842 531 1311 271 383 206 429054 854365 48039 44379 35789 507 331 83015 928 974 82041 633 15128 4005 2328 2089 239 1261 970 35282 4416 1076 3340 668 30866 15973 3548 14893
is_linear=0
shrinkage=0.05


Tree=55
num_leaves=63
num_cat=0
split_feature=50 51 52 134 64 278 374 202 334 355 0 199 372 357 51 211 372 356 372 193 0 358 0 270 0 281 187 198 42 358 355 21 372 359 267 292 173 203 16 285 208 362 339 49 317 256 353 21 319 201 331 372 355 1 0 346 289 332 177 1 361 46
split_gain=0.00690931 0.00699269 0.00492664 0.00418768 0.00259246 0.00237536 0.00209674 0.0029212 0.00229825 0.00277178 0.00284245 0.00239298 0.00202861 0.00179264 0.00170486 0.00224351 0.00218978 0.00477458 0.00310512 0.0025125 0.00238484 0.00167422 0.00206293 0.00288171 0.00163308 0.00241532 0.00283116 0.00215268 0.00172793 0.00162401 0.00162288 0.00157436 0.00217691 0.00155105 0.00154035 0.00150222 0.00149525 0.00188876 0.00144925 0.001405 0.00135099 0.00136553 0.00223597 0.00207761 0.00142639 0.00169792 0.00148411 0.00136555 0.0013425 0.00416129 0.00133054 0.00174444 0.00147345 0.00128531 0.00276697 0.00260044 0.00287179 0.0022881 0.00138687 0.00128285 0.00351735 0.00169438
threshold=0.00025509952683933085 2.0691781173809435e-05 1.0111444680660499e-05 -6.5557647758396329e-05 0.00030810771568212664 0.90000766515731823 0.0078285848721861857 0.0011137441615574064 0.24293553829193118 0.050589997321367271 0.00194937433116138 0.00015948107466101649 -0.00027661077911034221 -0.004631591495126485 9.429809142602609e-05 0.00045508159382734453 -0.00021340609964681787 -0.4400248229503631 -8.9769389887806015e-05 0.0099096256308257597 -0.025395949371159073 0.043327316641807563 0.0060983959119766959 0.0022683403221890335 -0.0066134918015450231 0.24270453304052356 0.06821323931217195 0.0036120373988524084 0.05531145632266999 0.21452230960130694 0.2628463506698609 0.0080371126532554644 -0.00018795901269186285 8.4868202065990789e-06 -0.0018067620112560687 -0.05857813544571399 -0.024109739810228344 0.0007026508974377067 3.4949662222061313e-05 0.65573966503143322 0.00021053379168733957 0.0017466881545260551 2.3108974695205693 0.17414358258247378 0.024701580405235294 1.8573072857464016e-08 -0.042124997824430459 0.0041558113880455503 -0.0013438229216262696 0.00038847903488203889 0.52119427919387828 -0.00065224088029935945 -0.14508563280105588 0.059633491560816772 0.0013014324358664455 -0.023492141626775261 0.68830659985542308 0.29232420027256018 0.012322358787059786 0.02850405685603619 0.007923218887299301 0.019780854694545272
decision_type=2 2 2 2 2 2 2 2 2 2 2 2 2 2 2 2 2 2 2 2 2 2 2 2 2 2 2 2 10 2 2 2 2 2 2 2 2 2 2 2 2 2 2 2 2 2 2 2 2 2 2 2 2 2 2 2 2 2 2 2 2 2
left_child=1 2 33 24 6 38 14 8 31 48 11 -11 -13 -14 15 -2 -17 -18 19 21 -21 22 -19 -24 28 26 27 -26 -3 50 59 35 -33 -1 -7 -8 37 -6 -5 -38 -27 -42 44 -44 53 46 -46 -47 49 -10 51 52 -29 57 55 56 -55 58 -43 60 -22 -61
right_child=4 3 -4 5 36 34 7 -9 9 10 -12 12 13 -15 -16 16 17 18 -20 20 30 -23 23 -25 25 40 -28 29 -30 -31 -32 32 -34 -35 -36 -37 39 -39 -40 -41 41 42 43 -45 45 47 -48 -49 -50 -51 -52 -53 -54 54 -56 -57 -58 -59 -60 61 -62 -63
leaf_value=-7.0774799968464229e-07 4.9021955216675301e-06 -7.0774799968464229e-07 4.9021955216675301e-06 -8.0258598590315485e-06 3.7988242140098766e-05 -7.0774799968464229e-07 6.1133239407564017e-05 0.00021700270665977366 2.710231859172141e-05 5.2135345917705024e-05 4.9021955216675301e-06 8.8193960278510491e-05 0.000322924106227056 0.00013362256972982131 -4.6503280581271375e-07 4.9021955216675301e-06 0.00024204754159846007 2.8636142755549455e-05 9.1389197904694526e-06 0.00021690008928062937 4.9719629497078348e-05 4.9021955216675301e-06 4.6748881722890278e-05 0.00027175287675543897 -1.5775283524595183e-05 -6.1855609212376221e-06 -0.00017127041083792608 -6.05991901922275e-05 -8.5099760798581299e-05 -0.00017875544299256299 0.00016981507447972542 1.299575393242075e-05 0.00016582247002166017 4.9021955216675301e-06 -8.4224779831709589e-06 4.9021955216675301e-06 4.9021955216675301e-06 0.00018407600666773172 -7.0774799968464229e-07 2.7763006296830118e-05 -7.4533120380525263e-06 -1.82581603468897e-05 -4.4285095217726323e-05 -0.00019033729737151812 -7.0774799968464229e-07 -0.00014230963161546424 -6.9934345841292451e-05 -4.4518871167827699e-05 4.9021955216675301e-06 0.00028295585304172124 -7.0774799968464229e-07 -5.0380313723142715e-05 -0.00025427637529478364 -0.00010305952559903069 -1.7121736014565535e-05 -3.7950470500254318e-05 -0.00035054818615525528 -7.0774799968464229e-07 -6.4781864266935148e-05 2.132785097734387e-05 0.00020887153623649313 0.00013221428528808162
leaf_weight=1073647.5426373482 194027.27954274416 57508.85205078125 589661.45391845703 68204.096252441406 786.61861038208008 93587.73193359375 1186.1220674514771 184.48649597167969 1043.3046287298203 632.97166204452515 480.58008718490601 362.56120491027832 297.97655165195465 222.30901944637299 144258.38177537918 37744.651412963867 237.59799194335938 6468.400901556015 34480.688906908035 222.82542610168457 2234.9197120666504 6154.426869392395 422.26809418201447 213.46811187267303 9743.5769957304001 130281.76038360596 350.1492919921875 183.62621974945068 608.15338134765625 273.99326300621033 277.30852317810059 633.46053498983383 366.95082670450211 90055.333862304688 196641.70257568359 14517.568937420845 6065.4968789219856 306.67051315307617 617841.01760864258 15145.093567252159 43193.989524841309 27559.811035513878 817.34652692079544 345.92169207334518 1646.194748044014 665.48676872253418 1040.7800327539444 773.26502895355225 3233.1309492588043 185.60165238380432 684.24789088964462 1924.3908995985985 213.16355609893799 329.90727365016937 2963.7646226286888 587.58690840005875 182.09477531909943 13337.959298193455 1699.167284309864 4123.2037361860275 409.55227959156036 374.07662963867188
leaf_count=753121 133103 36908 398262 44380 403 61473 639 97 581 365 292 182 131 131 90696 24696 114 4121 21062 80 1366 3918 263 117 6005 86848 194 95 293 143 166 357 180 73959 131454 8081 3622 137 416054 8863 28157 17394 485 221 960 330 623 437 1902 89 367 1125 127 199 1694 344 93 8234 1004 2738 277 171
internal_value=1.26342e-08 -8.69098e-07 1.1789e-06 -3.68947e-06 5.60367e-06 -2.10807e-06 4.9022e-06 1.98941e-05 1.83056e-05 4.36302e-05 9.25713e-05 0.000126563 0.000179686 0.00024286 4.9022e-06 6.19647e-06 1.29787e-05 1.93217e-05 1.83574e-05 3.35634e-05 5.63954e-05 2.03971e-05 3.71053e-05 0.000122916 -8.88918e-06 -1.07185e-05 -3.13627e-05 -2.75753e-05 -1.37253e-06 -6.26036e-05 5.15176e-05 8.51009e-06 6.92716e-05 -7.07748e-07 -5.90938e-06 4.9022e-06 2.22541e-05 7.92275e-05 -7.07748e-07 1.93103e-05 -9.49353e-06 -1.4023e-05 -1.94849e-05 -8.79689e-05 -1.79129e-05 -4.60873e-05 -2.25856e-05 -8.98862e-05 2.17014e-05 6.61408e-05 -5.19027e-05 -7.01676e-05 -0.0001654 -1.54198e-05 -4.22828e-05 -0.000109946 -0.000192101 -1.28555e-05 -2.09642e-05 4.6878e-05 7.45069e-05 3.06059e-05
internal_weight=3.50385e+06 3.02655e+06 1.75336e+06 1.27319e+06 477300 976275 454996 23347 23162.5 6458.44 1996.4 1515.82 882.847 520.286 431649 287391 93363.4 55618.7 55381.1 20900.5 7641.89 13258.6 7104.14 635.736 296915 238798 13373.1 13023 58117 3279.42 7419.06 16704.1 1000.41 1.1637e+06 290229 15703.7 22303.9 1093.29 686045 21210.6 225425 95143.3 51949.3 1163.27 50786 4125.73 2686.97 1438.75 4462.04 1228.91 3005.43 2321.18 396.79 46660.3 4063.35 1099.59 512.002 42596.9 29259 7141.75 2644.47 4497.28
internal_count=2379923 2070983 1225342 845641 308940 653361 295915 13027 12930 3673 1101 809 444 262 282888 192192 59089 34393 34279 13217 4798 8419 4501 380 192280 155079 8056 7862 37201 1857 4718 9257 537 827080 192927 8720 13025 540 460434 12485 147023 60175 32018 706 31312 2350 1583 767 2572 670 1714 1347 222 28962 2330 636 292 26632 18398 4552 1643 2909
is_linear=0
shrinkage=0.05


Tree=56
num_leaves=63
num_cat=0
split_feature=327 278 327 337 357 200 0 270 108 203 362 220 371 343 356 278 44 199 200 256 334 21 34 355 204 202 181 334 17 46 199 259 24 361 19 46 327 344 108 46 174 361 327 46 0 130 202 200 202 198 198 318 291 224 318 211 12 362 191 364 320 333
split_gain=0.00688008 0.0081085 0.00655962 0.00612901 0.00538835 0.00503994 0.00633529 0.00495862 0.00492814 0.00673599 0.00552506 0.0048798 0.00486267 0.00482236 0.00451558 0.00442917 0.00431074 0.00409145 0.00549017 0.00543155 0.00773281 0.00396802 0.00397887 0.0105787 0.0084674 0.00855843 0.00950149 0.00819165 0.00730011 0.00728481 0.0153688 0.00730469 0.00612586 0.00545979 0.00521146 0.00431166 0.00445863 0.00435284 0.00422447 0.00597706 0.00699259 0.00643947 0.00591221 0.0054348 0.00461278 0.00492713 0.00574072 0.00457446 0.0150171 0.017951 0.00506492 0.00691762 0.00417435 0.00434342 0.00516726 0.00395854 0.00420123 0.00394445 0.00391732 0.00527262 0.00454961 0.00391579
threshold=-0.00064503654721193005 0.39000384509563452 0.0025823281612247233 0.12868727743625644 -1.0000000180025095e-35 0.0009051185625139625 -0.0053049251437187186 0.022840135730803016 92.646038055419936 5.054530447523576e-05 0.0017743222997523846 7.0038178819231703e-05 -4.9754153224057509e-06 -0.15251481533050534 -0.28380835056304926 0.71998926997184765 0.025499718263745311 0.00042305438546463853 0.0013601399841718378 0.20410846918821338 0.27577978372573858 0.026709797792136673 0.036836398765444762 -0.18273111432790753 0.00024684032541699713 0.00047502957750111824 0.0043016064446419486 0.36328014731407171 0.001923391246236861 0.012102958280593159 6.3026785937836407e-05 0.60381194949150097 0.019272067584097389 -0.00037581067590508605 0.013543169479817154 -0.024504391476511952 0.0037913726409897213 0.34959137439727789 76.888061523437514 -0.059358470141887658 0.010054672602564098 -0.0030174665153026576 -1.0000000180025095e-35 -0.027834096923470494 -0.0063403116073459378 -1.0000000180025095e-35 0.0017194329993799331 0.0005771529395133258 0.00040902258479036396 0.0029738446464762096 0.0078186104074120539 0.007293935166671873 -0.89660561084747303 -0.28291247785091395 0.037800990045070655 0.00051668667583726357 0.058333432301878936 0.0016551601001992824 0.059684365987777717 -3.111564751634432e-06 0.0052222823724150666 0.23464529216289523
decision_type=2 2 2 2 2 2 2 2 2 2 2 2 2 2 2 2 10 2 2 2 2 2 10 2 2 2 2 2 2 2 2 2 2 2 2 2 2 2 2 2 2 2 2 2 2 8 2 2 2 2 2 2 2 2 2 2 2 2 2 2 2 2
left_child=8 5 11 -4 -5 21 7 14 9 -1 17 -3 -9 -13 -7 -12 -8 -11 19 -19 -21 22 38 27 25 32 -27 28 -24 -29 -31 -32 33 61 -34 -26 -37 -38 42 40 -40 -42 -2 -44 -45 46 47 50 49 -49 -46 -52 -41 -54 -55 56 -10 -28 59 -35 -61 -25
right_child=1 2 3 4 -6 6 16 12 55 10 15 13 -14 -15 -16 -17 -18 18 -20 20 -22 -23 23 24 35 26 57 29 -30 30 31 -33 34 58 -36 36 37 -39 39 52 41 -43 43 44 45 -47 -48 48 -50 -51 51 -53 53 54 -56 -57 -58 -59 -60 60 -62 -63
leaf_value=1.0510951705207919e-06 8.7556853136952796e-06 -7.4824010225530228e-07 -3.479857906733516e-05 1.8086615390096926e-05 -0.00029009123348266427 -7.4925777703186401e-05 -7.2309051932840788e-05 2.4513806895585166e-05 -5.1198072881274732e-06 2.2541079886610741e-05 2.2496660221151905e-05 5.608803894433306e-07 -0.00019621222384379135 -8.5905478581830065e-06 0.00012787007930026715 4.8769848726179752e-06 0.0001339316721000814 5.9142835478179767e-05 -3.3616808203642924e-05 -3.8748551931142499e-06 0.00026553236080808585 -2.5018980037292713e-05 -5.2402750312882006e-05 -0.0002520373630106544 0.00019558127691904554 0.00024748856323183647 0.0001226921586339152 4.6468784158742398e-05 6.0032673590234721e-05 0.00052473311178187509 8.4190573305832609e-05 0.0003500074526773509 1.2585689691235127e-05 1.1644106066366667e-05 0.00029467918679160362 -2.2541629883507914e-05 -7.4808649334888233e-05 -0.00029394345644850775 3.2178614035156735e-05 3.3369132081311937e-05 0.00032518733464719667 4.5810100654199788e-05 -9.9501369784048791e-06 -1.5686430977896446e-05 2.8678669562662653e-06 -0.00017990695916847703 0.00027172041902952677 -2.2045007283668734e-05 -5.4009822249897406e-05 0.00053823705087320908 0.00042647826025843036 8.7167176453725313e-06 -1.5957446908081685e-06 9.5531391434870646e-06 0.00012300488851014539 2.8346395493136195e-05 -9.8006425541910123e-05 -5.5155871502525287e-05 -5.0394607319058127e-05 0.00032000469603607836 5.8132363002956489e-05 1.4140865813247063e-05
leaf_weight=203496.8966217041 147432.43858265877 1201150.4708614349 7456.4944605231285 206.00527966022491 451.77467387914658 348.75236129760742 5824.3782636523247 701.15210437774658 114699.31447219849 38548.897510528564 48906.882251739502 201270.54016113281 385.05858898162842 505491.13387489319 1267.8685052990913 131742.364112854 263.08753967285156 4943.7958682775497 1220.844482421875 395.79617637395859 812.07387942075729 12532.174962997437 2972.598234474659 343.4867115020752 205.27613592147827 817.8104407787323 585.40634191036224 6992.1859238147736 2802.9999832510948 233.44826912879944 3071.3642649054527 280.56289321184158 310.99289762973785 26613.23583573103 344.18023455142975 11149.709200382233 1521.518972158432 264.87835907936096 9709.8153295516968 13171.876123607159 405.62469482421875 419.0696496963501 167282.01353001595 35294.830902516842 262943.76084136963 363.46753835678101 197.79786825180054 258.72025108337402 727.6548376083374 317.09157562255859 165.00179082155228 243.89674919843674 147110.82848739624 161861.02995550632 1007.917635679245 8981.7772216796875 1228.4013481140137 662.62185561656952 2471.2850351333618 248.87925869226456 492.89128303527832 229.91828536987305
leaf_count=131205 104113 846498 4064 117 241 152 3332 300 76217 23714 28810 131919 159 337337 630 79859 120 2515 563 231 358 8347 1846 178 75 366 294 4281 1633 92 1744 123 229 17984 154 6794 842 162 5979 8920 162 216 106218 25318 188717 144 131 204 524 157 99 145 102873 112994 534 5600 917 365 1618 127 271 92
internal_value=7.43513e-09 -9.53742e-07 -2.87874e-06 -4.77336e-05 -0.000193813 2.61729e-06 -3.5077e-05 2.86114e-05 5.11465e-06 7.65388e-06 1.35842e-05 -2.68792e-06 -5.39497e-05 -5.98442e-06 8.40826e-05 9.64733e-06 -6.33547e-05 2.90702e-05 6.31936e-05 8.2411e-05 0.000177392 2.94092e-06 3.28737e-06 1.54949e-05 3.27523e-06 1.67493e-05 0.000115244 5.00589e-05 2.16604e-06 7.62041e-05 0.000134136 0.000106635 1.01903e-05 6.92481e-06 0.000161223 -3.06814e-05 -3.43016e-05 -0.000107593 2.48181e-06 7.01172e-06 4.40712e-05 0.000183676 2.48667e-08 -2.72681e-06 1.29414e-06 3.554e-06 3.80712e-06 3.60484e-06 9.69698e-05 0.00028729 3.142e-06 0.00017855 5.80334e-06 4.63179e-06 1.02567e-05 -3.62799e-06 -6.10573e-06 2.83292e-05 9.86721e-06 1.53146e-05 0.00014662 -0.00014563
internal_weight=3.50385e+06 2.94888e+06 1.91603e+06 8114.27 657.78 1.03285e+06 8790.3 2702.83 554977 430068 226571 1.90791e+06 1086.21 706762 1616.62 180649 6087.47 45921.4 7372.51 6151.67 1207.87 1.02406e+06 1.01153e+06 62615.3 46262.1 33120.7 2065.84 16353.2 5775.6 10577.6 3585.38 3351.93 31054.9 30399.7 655.173 13141.4 12936.1 1786.4 948913 333686 10534.5 824.694 615227 467794 300512 265217 264854 264656 1303.47 575.812 263353 408.899 323152 309980 162869 124909 115928 1248.03 29826.3 27355 741.771 573.405
internal_count=2379923 2029934 1320176 4422 358 709758 4693 1241 349989 267255 136050 1315754 459 469256 782 108669 3452 27381 3667 3104 589 705065 696718 39270 29551 21678 1025 9719 3479 6240 1959 1867 20653 20270 383 7873 7798 1004 657448 231678 6357 378 425770 321657 215439 190121 189977 189846 885 361 188961 244 225321 216401 113528 82734 77134 659 20000 18382 398 270
is_linear=0
shrinkage=0.05


Tree=57
num_leaves=63
num_cat=0
split_feature=211 134 219 212 213 48 322 202 0 291 358 267 1 281 75 259 69 358 109 198 311 339 203 349 256 1 11 361 371 337 344 39 24 109 198 318 48 144 0 337 259 199 359 1 109 203 167 292 1 358 367 256 344 334 349 358 109 69 373 193 21 175
split_gain=0.00642416 0.00605603 0.00636327 0.00573501 0.00425933 0.00460368 0.00466325 0.0048143 0.00407093 0.00867343 0.00449847 0.00408273 0.00382764 0.00378231 0.00541645 0.00559316 0.00353176 0.00392756 0.0032705 0.00451756 0.00519469 0.00372936 0.00451463 0.00431878 0.00409327 0.0040102 0.00344726 0.00331482 0.00586241 0.00564877 0.00352921 0.00326524 0.00323575 0.00323414 0.00321293 0.00375246 0.0031527 0.00314564 0.00312234 0.00966799 0.0293721 0.00476591 0.00322529 0.00307848 0.00310176 0.00333473 0.00297784 0.00296981 0.00378139 0.00295496 0.00293308 0.00281316 0.00276706 0.00275668 0.00275359 0.00273104 0.0027098 0.00390237 0.00342434 0.00414949 0.00269823 0.00333916
threshold=2.6778747269418094e-05 -0.00036518181150313461 0.00089452622341923427 8.9039869635598748e-05 6.1746733990730731e-05 0.067943900823593154 -0.03611797280609607 0.0013101944932714107 -0.027487963438034054 1.0985265970230105 -0.33772738277912134 -0.0066870707087218753 0.068626064807176604 0.47000105679035192 0.062747754156589522 0.5248868763446809 0.011597243137657644 0.038390100002288825 14.805061817169191 0.005819168873131276 0.02646295074373484 0.89971050620079052 0.00081219192361459147 -0.17306431382894513 1.0000000180025095e-35 0.019568163901567463 0.024961309507489208 0.0029785817023366694 -8.7866144582449111e-08 -0.072199635207653032 -0.018153870478272435 0.0048706969246268281 8.6799282144056647e-05 88.71445465087892 0.0025716522941365842 -0.013168974313884972 0.057829560711979873 0.0054283253848552713 0.018028125166893009 0.023744297213852409 0.097801420837640776 2.8497357561718676e-05 -1.6139133585113538e-08 -0.00094078105757944275 83.282638549804702 0.00028340089193079626 0.037568159401416786 -0.16639687120914456 0.012574186548590662 1.3983684778213503 -7.5688094511860968e-05 -0.12493581697344779 0.011660196818411352 0.23435840010643008 0.65152576565742504 -0.0026790648698806758 15.355017662048342 0.023587370291352276 0.0043008872307837018 0.020566356368362907 0.0002037059093709104 0.011529777664691212
decision_type=2 2 2 2 2 2 2 2 2 2 2 2 2 2 2 2 2 2 8 2 2 2 2 2 2 2 2 2 2 2 2 8 2 10 2 2 2 8 2 2 2 2 2 2 10 2 2 2 2 2 2 2 2 2 2 2 10 2 2 2 2 2
left_child=12 37 3 4 -3 6 -6 33 9 10 53 -12 32 14 43 34 -14 -18 21 46 31 22 -4 -24 51 -23 -26 30 50 -30 -27 -21 52 56 -16 -36 47 -2 42 41 -41 -40 -34 44 49 -46 -20 48 -35 -10 -29 -25 -1 -5 -49 -31 57 -8 -59 -60 -61 -62
right_child=1 2 18 8 5 -7 7 -9 13 -11 11 -13 16 -15 15 -17 17 -19 19 20 -22 25 23 24 26 27 -28 28 29 55 -32 -33 38 36 35 -37 -38 -39 39 40 -42 -43 -44 -45 45 -47 -48 54 -50 -51 -52 -53 -54 -55 -56 -57 -58 58 59 60 61 -63
leaf_value=-3.7127257914598662e-06 -5.2572645803026553e-06 1.3070407280471618e-06 2.6204883998718917e-05 5.8676590112023107e-06 0.00027468329658428216 2.9726933863249209e-06 1.4722138027638729e-05 0.00025049079360758793 -1.1030907842660211e-05 0.00017708189211814405 0.00012864429014232336 9.2328882877481966e-06 -0.00013969724851063136 3.1094671072988871e-07 -1.5506142737381133e-05 9.5565452207400605e-05 6.7721430658607284e-06 -5.5974758381072408e-05 1.3198872708736104e-05 -9.1163844844994874e-06 -0.00023222414668809554 3.6891045899501363e-07 -0.00022954412730919328 -0.00014207442604619497 -8.706916034233953e-06 8.1290969347255516e-05 -0.00016775817524819291 0.00023146686101098831 2.9419468595463401e-05 0.00027896570900972864 -8.9648084605261076e-05 -0.00014370878412808789 -5.8864466546692739e-06 0.00014031718784107824 -6.2812312392812527e-06 -0.00011554879590046087 8.5699753873862283e-05 -3.5548517531691844e-05 0.00010997516255871793 -2.0842896624021645e-06 0.00071544946783925177 -3.6022998537097891e-05 5.731641278150733e-07 -7.5836614943588957e-06 1.3550801293848149e-05 7.1961537119433658e-05 -7.6905547564603925e-05 1.3290184382094265e-05 3.5917474257822841e-05 0.00012898968289035798 4.6533075479532357e-05 4.8197474845602915e-05 -1.7037353123265979e-05 -0.00018446115748434834 0.00017839088929015741 0.00010053787212788303 5.6403284178873399e-06 -0.00011204614616710494 0.00028992431990752104 -5.3871052001584428e-05 6.4154881673597137e-05 0.00025932243816725046
leaf_weight=87253.663246273994 218667.02545166016 754502.1453641057 20236.993293821812 347.54108428955078 167.3100266456604 292290.18518066406 55825.65570640564 209.74070608615875 13971.149715423584 957.06963109970093 887.90623378753662 3660.8630981445312 723.49963629245758 653292.1935300231 2302.3132009506226 605.04518508911133 4859.4372193813324 5120.2815891504288 58543.113231658936 3865.1716787219048 322.33705902099609 2474.5055097937584 261.42296260595322 216.62984889745712 704.0687267780304 633.16757315397263 658.47034358978271 226.30847930908203 489.71344715356827 834.22683942317963 573.56560182571411 508.14507085084915 324095.0081589222 1028.8462958931923 1040.1383309364319 3213.4612908363342 2069.4881057739258 8918.3842163085938 771.09750455617905 470.80658543109894 202.59779930114746 2016.2008389830589 478599.74981796741 225982.59457117319 12482.658435821533 3036.7095794677734 929.58349609375 26832.851532101631 5486.6601679325104 385.24459838867188 3571.4963699579239 1744.1042240858078 70399.145767211914 418.03010892868042 252.96223837137222 292.61528134346008 138928.85243374109 260.94728803634644 209.53530168533325 441.20963364839554 3349.3260263204575 232.85087186098099
leaf_count=57572 142039 535273 11781 141 104 202045 35664 106 9256 348 357 1833 583 435295 1388 315 3082 3051 36275 2088 158 1286 129 106 386 290 344 86 256 393 264 223 230135 680 490 1588 1504 5500 409 295 96 1162 341567 141744 8234 1754 580 19197 3830 199 1678 875 46640 175 169 147 86482 120 111 213 1737 95
internal_value=7.14779e-09 1.33606e-06 2.10537e-06 1.55368e-06 3.71694e-06 7.16333e-06 1.2369e-05 1.218e-05 -1.45254e-06 3.8688e-05 1.37072e-05 3.25879e-05 -3.44203e-06 -1.72735e-06 -6.79008e-06 -4.96732e-05 -3.31751e-05 -2.54261e-05 1.4633e-05 8.05979e-06 -3.91442e-05 2.74455e-05 1.70436e-05 -3.46609e-05 -1.92017e-05 5.46787e-05 -8.57044e-05 7.49697e-05 9.1666e-05 0.000171365 2.8984e-08 -2.48135e-05 -3.11177e-06 1.19651e-05 -6.31023e-05 -8.8845e-05 2.58301e-05 -6.44459e-06 -1.8306e-06 4.55464e-05 0.000215269 4.41684e-06 -2.03497e-06 -5.58949e-06 9.49406e-06 2.4988e-05 1.1788e-05 2.21379e-05 5.2441e-05 -7.2561e-06 5.76692e-05 2.70521e-05 -9.66292e-06 -9.82687e-05 1.48452e-05 0.000232892 9.48262e-06 1.83318e-05 6.31462e-05 7.39941e-05 6.26101e-05 7.69789e-05
internal_weight=3.50385e+06 2.52934e+06 2.30176e+06 2.20467e+06 1.28209e+06 527586 235296 235129 922583 6271.41 5314.34 4548.77 974511 916312 263019 7160.96 10703.2 9979.72 97085.6 64168.4 4695.65 32917.3 23821.7 3584.7 3323.27 9095.6 1362.54 6621.09 5414.36 1616.56 1206.73 4373.32 963808 234919 6555.91 4253.6 35670.8 227585 806155 3460.7 673.404 2787.3 802695 255858 29875.8 15519.4 59472.7 33601.3 6515.51 14356.4 3797.8 1960.73 157653 765.571 27085.8 1126.84 199248 60319.5 4493.87 4232.92 4023.39 3582.18
internal_count=2379923 1695331 1547792 1490447 887330 352057 150012 149908 603117 2854 2506 2190 684592 600263 164968 3781 6716 6133 57345 39324 2469 18021 13621 1840 1711 4400 730 3114 2560 796 554 2311 677876 149802 3466 2078 25380 147539 573664 1962 391 1571 571702 161187 19443 9988 36855 23876 4510 9455 1764 981 104212 316 19366 540 124422 37940 2276 2156 2045 1832
is_linear=0
shrinkage=0.05


Tree=58
num_leaves=63
num_cat=0
split_feature=134 52 53 50 212 205 212 372 108 36 334 362 0 316 246 223 50 2 278 355 201 291 336 291 371 359 371 213 150 217 64 2 334 226 198 199 365 291 49 35 198 348 372 109 193 281 36 349 199 372 213 355 176 49 372 338 249 173 358 277 362 176
split_gain=0.00620712 0.00471827 0.00387401 0.00365506 0.00282095 0.00264601 0.00352364 0.00280108 0.00264511 0.00314497 0.00226744 0.00248414 0.00237689 0.00252672 0.00211628 0.00210304 0.00210101 0.00208396 0.00207614 0.00201715 0.00370941 0.00564511 0.00377536 0.00208503 0.00200752 0.00186694 0.00242238 0.0018572 0.00183071 0.00268202 0.00171629 0.00165786 0.00290227 0.00200384 0.00196418 0.00161727 0.00157123 0.00155777 0.00224947 0.00146501 0.002261 0.00183418 0.00148024 0.00145508 0.00193973 0.00196042 0.00168597 0.00144225 0.00143893 0.00142973 0.00142453 0.00139082 0.00146752 0.00128327 0.00193016 0.00126251 0.00126008 0.00125987 0.00123807 0.00123407 0.0012307 0.00121507
threshold=-1.0000000180025095e-35 9.2331785708665861e-05 0.00074263053829781722 0.00086177693447098147 4.1099698137259118e-05 3.4655819035833708e-05 2.4687119548616469e-05 -0.00073449368937872339 15.271092414855959 0.0041625318117439756 0.61674374341964733 0.0024204843211919074 -0.0065359394066035739 -0.0023419695207849141 -0.083295281976461397 -0.0286724679172039 0.00065237827948294591 0.0036969431675970559 0.12951706349849704 -0.25000216066837305 0.00086255813948810111 0.77852916717529308 -0.12109314277768134 -6.9124645701287621e-15 6.4260198087140461e-06 5.2596205932786695e-05 4.9537893787032778e-08 1.8013595308730148e-06 -0.016221302561461922 0.0024913513334468011 0.0006623230001423509 0.0053303977474570283 0.41009926795959478 -0.53821322321891774 0.0041152420453727254 0.00066415345645509671 0.0067729325965046891 -0.03504864685237407 0.095726326107978835 0.017745872959494594 0.0021654447773471479 0.37425781786441809 -0.00046423322055488819 67.626438140869155 -0.010737360920757054 0.24270453304052356 0.0046972946729511031 0.045942088589072234 5.6472825235687203e-05 -0.0002591974771348759 0.00031684160057920968 0.24242424219846728 0.0095442254096269625 0.084541145712137236 -0.00014030552847543729 2.1704634428024296 -0.088879153132438646 -0.030548543669283387 -0.2216217443346977 0.58793365955352794 0.0018222854123450818 -0.0014512114576064048
decision_type=2 2 2 2 2 2 2 2 2 10 2 2 2 2 2 2 2 2 2 2 2 2 2 2 2 2 2 2 10 2 2 2 2 2 2 2 2 2 2 8 2 2 2 10 2 2 10 2 2 2 2 2 2 2 2 2 2 2 2 2 2 2
left_child=2 4 3 5 27 -1 -7 18 9 19 12 -12 13 58 48 60 53 25 -8 20 -3 23 -23 59 -13 26 37 -2 29 -4 -11 34 36 -34 55 -25 -33 38 -14 41 -41 42 -39 44 46 50 -16 -24 -6 -17 56 -5 -53 54 -10 -21 -46 -32 -9 -22 -15 -51
right_child=1 8 28 51 14 6 7 10 16 30 11 24 17 15 43 49 -18 -19 -20 31 21 22 47 35 -26 -27 -28 -29 -30 -31 57 32 33 -35 -36 -37 -38 39 -40 40 -42 -43 -44 -45 45 -47 -48 -49 -50 61 -52 52 -54 -55 -56 -57 -58 -59 -60 -61 -62 -63
leaf_value=-7.6073684251682541e-06 -3.7226313755365841e-06 2.1823378847472518e-05 -3.6147959384341032e-05 1.3463200970919383e-05 -4.389622048876158e-06 4.6936439311236334e-06 1.0384125491512094e-05 -1.275339765525057e-05 1.3657146401568262e-05 2.3512783175582263e-06 -3.8540555305083497e-06 1.3463200970919383e-05 1.3463200970919383e-05 1.8062008221052654e-06 -3.7269721447559238e-06 -1.1622645489299808e-05 1.3657146401568262e-05 1.3463200970919383e-05 -1.275339765525057e-05 1.4609867510979709e-05 0.0001863732136428383 0.00038746404147332967 5.1139063361626261e-05 8.167803487937856e-05 -1.275339765525057e-05 1.3463200970919383e-05 -1.1635537295160891e-05 2.3512783175582263e-06 -1.275339765525057e-05 -0.00022351186082523609 0.00017236120346404398 7.2070935955225764e-05 0.00016956166255461031 7.0368369098552789e-06 2.3512783175582263e-06 2.3512783175582263e-06 0.0002553653312033702 1.3463200970919383e-05 -2.8308876723633069e-06 4.5579283849586097e-06 -1.275339765525057e-05 1.3463200970919383e-05 -5.3731658967210068e-06 -7.2918275961450196e-06 -1.1353190037672984e-05 1.9567637797942408e-06 -1.9883673699288887e-05 0.00022706382213704015 2.3512783175582263e-06 -1.2509939768552741e-05 2.3512783175582263e-06 1.8155349075118801e-05 0.00014008311246847544 2.3512783175582263e-06 2.3512783175582263e-06 0.00013919747968974881 -6.9851266877220944e-05 3.3123409088435105e-05 1.3463200970919383e-05 4.2685883805822142e-05 -1.275339765525057e-05 1.3463200970919383e-05
leaf_weight=213128.48160791397 125850.60591292381 22006.25171661377 899.18418723344803 35521.453979492188 102000.29616475105 186657.05364751816 9847.6477508544922 2878.4390869140625 31263.263851583004 45723.5415148139 34261.042449951172 39507.208899021149 15786.178097426891 14599.092399597168 59979.991287231445 8998.7630233764648 44166.292510986328 6879.0033912658691 71849.853439331055 67378.676760613918 327.04572856426239 204.05616402626038 262.32390195131302 658.11838626861572 2590.904908657074 5357.3499603271484 121103.63474941254 756770.58952593803 91158.640351951122 240.89665222167969 171.00897216796875 234.5280487537384 212.35835784673691 1647.4484583735466 9297.5014915466309 840.07301902770996 235.57181036472321 10047.643439292908 36705.407790184021 19066.16181910038 18631.950912475586 7773.5993939042091 164834.22672766447 192713.42199707031 1572.0689017176628 188694.32432556152 22093.339202880859 209.81315892934799 350230.47497558594 4710.598205268383 1813.2298889160156 555.62240695953369 442.98681545257568 236972.24629592896 36670.707351267338 201.98491960763931 2222.4081879258156 2711.4477429986 34829.26513671875 276.52572643756866 15604.58137512207 23775.613479375839
leaf_count=150482 93945 13593 464 22157 71364 131150 6645 1842 18355 31169 24066 24610 9355 10461 38958 6109 27102 4814 50499 42135 132 93 135 310 1911 3948 77664 533811 57342 110 79 144 120 1013 4812 374 105 6631 24048 13182 10672 4611 107010 129297 920 131189 16439 97 236304 3151 998 331 251 159070 22557 100 1287 1549 22816 119 9972 15944
internal_value=6.84832e-09 1.52397e-06 -2.91234e-06 -2.09101e-06 3.31173e-07 -2.6222e-06 -1.3814e-06 -3.07479e-06 5.8131e-06 1.13042e-05 -1.86931e-06 6.16765e-06 -3.06894e-06 3.62163e-06 -1.60408e-06 -2.16163e-06 3.41258e-06 -4.80501e-06 -1.17498e-05 1.62518e-05 2.87006e-05 8.3125e-05 0.000208571 4.26056e-05 1.34632e-05 -5.31245e-06 -5.75053e-06 2.35128e-06 -1.27534e-05 -7.60596e-05 2.35128e-06 1.23559e-05 5.38908e-05 2.57566e-05 1.10958e-05 1.09437e-05 0.000164614 -3.13837e-06 4.60218e-06 -4.98231e-06 -1.27534e-05 -3.1146e-06 -4.23599e-06 -3.95698e-06 -1.63159e-06 1.09083e-06 -8.07658e-06 0.000129946 8.36531e-07 5.74936e-06 -2.80373e-05 1.34632e-05 7.24149e-05 2.35128e-06 9.28134e-06 1.49863e-05 -4.5634e-05 4.14978e-05 1.34632e-05 0.000120901 -1.19795e-05 1.12376e-05
internal_weight=3.50385e+06 2.30561e+06 1.19824e+06 1.10594e+06 1.80394e+06 1.06942e+06 856295 669638 501671 152598 587941 76359.2 511582 105396 921320 67688.6 349073 406185 81697.5 103992 24784.2 2777.96 676.193 2101.76 42098.1 399306 393949 882621 92298.7 1140.08 48606 79208.1 2329.91 1859.81 76878.2 1498.19 470.1 272845 52491.6 220354 37698.1 182655 174882 469089 276375 194302 82073.3 472.137 452231 37485 5607.71 36520.1 998.609 304906 67934 67580.7 3794.48 2882.46 37707.7 603.571 30203.7 28486.2
internal_count=2379923 1577675 802248 744332 1254512 721593 571111 439961 323163 96079 382817 50587 332230 70295 626756 45637 227084 261935 57144 63282 14853 1260 325 935 26521 257121 253173 627756 57916 574 32797 48429 1382 1133 47047 684 249 175509 33403 142106 23854 118252 113641 319088 189791 134394 55397 232 307668 25204 3205 22739 582 199982 40912 42235 2207 1628 24658 251 20433 19095
is_linear=0
shrinkage=0.05


Tree=59
num_leaves=63
num_cat=0
split_feature=327 278 327 197 32 1 361 370 2 2 316 266 42 202 204 192 37 179 199 201 206 2 329 21 363 329 1 361 15 344 372 35 358 355 174 2 344 333 361 198 373 355 358 7 202 322 318 199 236 236 374 336 199 334 39 15 374 346 372 358 194 14
split_gain=0.00642687 0.00719202 0.00491784 0.00486618 0.00794681 0.0095839 0.00911169 0.00768136 0.00676549 0.00593236 0.0129265 0.0133994 0.00757386 0.00656375 0.00796098 0.0083057 0.00555905 0.00548448 0.0149436 0.0152318 0.00515416 0.00618426 0.00513889 0.0051125 0.0124128 0.0049822 0.00427934 0.00932789 0.00829843 0.00753775 0.00745527 0.0122968 0.00950866 0.00895522 0.00865024 0.00688246 0.00665607 0.00659841 0.0267302 0.0133958 0.00669639 0.00692269 0.0085992 0.0080278 0.00644678 0.00609888 0.00615626 0.00565114 0.00539858 0.00535935 0.00510204 0.00952701 0.00509711 0.00516117 0.00487227 0.00440565 0.00455785 0.00431989 0.00422963 0.015601 0.0287069 0.00613309
threshold=-0.0012072313111275432 0.83001035451889049 -1.0000000180025095e-35 0.0019650865579023962 0.031517200171947486 0.054283499717712409 0.0096187395974993723 0.0057662818580865869 -0.024861130863428112 0.0053303977474570283 -0.0044057227205485097 -0.0018288038554601369 0.05531145632266999 0.00029241449374239897 0.0010795257403515281 0.04220880754292012 0.027154451236128811 0.0053042927756905564 6.7288106947671636e-05 0.00029711089155171072 0.00043123310024384415 -0.0026975084329023953 0.10011167079210283 0.00037165170942898845 4.1446221530350166e-06 0.28206492960453039 0.029023746959865097 -0.00022305497986963016 0.014537624083459379 0.45686890184879309 -0.00031389904324896628 0.043409280478954322 -0.72443604469299305 -0.20203883200883863 0.015762999653816227 1.0000000180025095e-35 -0.0066782599315047255 0.49985611438751226 0.019593779928982261 0.0078186104074120539 0.0021558216540142898 -0.024653771892189976 -0.099599804729223237 0.0092764701694250124 0.00016569655417697507 0.0035052980529144411 -0.015479797031730412 0.0014153248630464079 0.50299808382987987 0.43763656914234167 0.0024553104303777222 0.063956599682569518 0.0014153248630464079 0.10298506915569307 0.042121505364775665 0.015167532954365017 0.0033146495698019867 -0.73463425040245045 -0.00020388035773066801 -0.72443604469299305 0.0012342320987954738 -0.034821555018424981
decision_type=2 2 2 2 10 2 2 2 2 2 2 2 8 2 2 2 10 2 2 2 2 2 2 2 2 2 2 2 2 2 2 10 2 2 2 2 2 2 2 2 2 2 2 2 2 2 2 2 2 2 2 2 2 2 10 2 2 2 2 2 2 2
left_child=-1 2 -2 4 58 6 7 17 -7 12 11 -11 26 16 15 -15 -12 -6 19 -19 22 -22 -20 24 -10 -17 37 28 -28 -30 33 48 -33 34 -29 36 45 47 39 40 41 -39 43 -43 -35 46 -34 -5 -32 -45 51 -38 53 -46 -55 -42 -57 -36 61 60 -60 -4
right_child=1 -3 3 9 5 8 -8 -9 23 10 13 -13 -14 14 -16 25 -18 18 20 -21 21 -23 -24 -25 -26 -27 27 30 29 -31 31 32 35 44 57 -37 50 38 -40 -41 55 42 -44 49 52 -47 -48 -49 -50 -51 -52 -53 -54 54 -56 56 -58 -59 59 -61 -62 -63
leaf_value=8.2964539304038988e-06 4.075750687650254e-06 -3.9170967689728244e-06 -2.0719436025939773e-05 -7.6469268564821562e-06 2.6291453477889852e-05 0.00014368439295149352 -4.3413966988117703e-06 -3.6683085365878694e-05 -2.9756886300831776e-05 3.4833614123408977e-05 5.9919647207811012e-05 0.00056681665186974681 -0.00011204537250952484 3.0667460864557342e-05 0.0001459133141329523 -0.00024376705874890444 0.00034616476095808581 0.00013558198380024934 0.00010736072295275096 0.00061578168113440293 -9.0476084383777261e-05 6.6833562240502286e-05 4.6970102179442471e-05 4.9551695818408294e-06 -0.00045993819403894335 -4.2479579161096256e-06 0.00014132920073827617 -3.3941556508174706e-05 -0.00016666450737910663 8.4568504109049691e-05 -5.584813237192707e-05 -0.00016516723152339629 0.00024762123285123602 -1.1937254449340566e-05 -6.1708749512818956e-05 -4.2192846568237541e-05 -4.4824499584102035e-06 -1.4316280831305357e-06 0.0004317640402888383 0.00033830889997545234 -1.8281889083922712e-05 7.4886065748869701e-05 4.9111709178416212e-05 0.00017951001882388803 4.8771857938264578e-05 0.00018541450547975976 -1.7486372262025579e-05 -0.00010673716318131998 2.7987998574224545e-05 0.00050690866429954282 -3.9848274088910424e-05 0.00018191254468519517 5.2994306715975224e-05 -0.00010186794529480502 9.8156945135864632e-05 2.5963983956799118e-05 0.00031632444975421867 0.00010429221479604008 1.1075862976519531e-05 2.1896146856513569e-06 0.00058967158768279419 -2.1039416599316303e-06
leaf_weight=219030.5859375 845134.36254882812 1069218.4758911133 48339.724365234375 121065.11290156841 15328.048983991146 743.62589526176453 14950.352046966553 2867.0682473778725 10978.983687639236 243.17897772789001 1830.4823266863823 229.13987851142883 1779.4538116455078 913.28209429979324 485.11492156982422 754.00785839557648 185.13776636123657 554.59480929374695 5399.4485930204391 234.16952681541443 1210.4189777374268 1287.0184258818626 10146.471087157726 22889.526769161224 168.30517625808716 304.68095672130585 300.81227970123291 4127.5848971605301 2354.4746246337891 340.62717342376709 6844.4930877685547 491.70636749267578 283.43963766098022 5853.9650344848633 463.8546679019928 1380.5406368970871 1572.0912918448448 3916.6452226042747 386.58733177185059 310.7882080078125 13239.289405226707 495.78499162197113 2931.0501663088799 233.87133967876434 663.74559879302979 2049.1041970252991 939.60882091522217 1454.1671752929688 2667.3342027664185 274.9126855134964 1411.1957786679268 1213.4935368299484 704.52861797809601 9244.9270106554031 313.29118824005127 430.57811093330383 195.25637495517731 2484.919097661972 645.58984470367432 514855.60227632523 319.00982570648193 522188.37917327881
leaf_count=132791 582440 733218 31563 73490 10361 275 12430 1822 7557 139 1080 137 811 460 207 349 76 256 3180 98 668 817 6096 14260 71 173 122 2219 1097 122 4215 223 114 3581 255 877 772 2293 162 196 8490 268 1597 98 415 892 493 799 1626 105 800 484 367 5041 145 241 94 1158 503 342910 124 382200
internal_value=3.70791e-09 -5.49253e-07 1.07602e-06 -7.7384e-07 4.4823e-07 1.50103e-05 2.86038e-05 4.19055e-05 -5.30508e-06 -8.03759e-06 4.60256e-05 0.000294221 -9.42744e-06 1.96964e-05 -3.5154e-05 -7.98002e-05 8.65288e-05 4.85032e-05 6.65774e-05 0.000279341 5.72465e-05 -9.42021e-06 6.79562e-05 -8.5684e-06 -3.63332e-05 -0.000174974 -8.46843e-06 -2.1808e-05 -0.000107064 -0.000134873 -1.58229e-05 7.67607e-06 4.84189e-05 -3.43921e-05 1.2779e-05 6.03211e-05 7.92758e-05 -4.26149e-06 2.06798e-05 1.34269e-05 8.74691e-06 4.56344e-05 9.24505e-05 0.000218552 -5.42835e-05 0.000132712 4.42559e-05 -8.82474e-06 -3.23376e-05 0.000357706 3.75691e-05 7.67897e-05 -7.69645e-05 -8.59303e-05 -9.52925e-05 -1.21472e-05 0.000117274 7.81554e-05 -7.1475e-07 2.56639e-06 0.000203252 -3.68126e-06
internal_weight=3.50385e+06 3.28482e+06 2.2156e+06 1.37047e+06 1.17311e+06 86758 51977.6 37027.2 34780.4 197364 4945.02 472.319 192419 4472.71 2457.09 1971.97 2015.62 34160.2 18832.1 788.764 18043.4 2497.44 15545.9 34036.8 11147.3 1058.69 190640 45705.7 2995.91 2695.1 42709.8 18853 9341.18 23856.8 7076.36 8849.47 7468.93 144934 22414.8 22028.2 21717.4 7852.26 3935.62 1004.57 16780.5 3272.15 1223.05 122519 9511.83 508.784 4196.78 2785.58 10926.5 10222 9558.22 13865.1 625.834 2948.77 1.08635e+06 515820 964.6 570528
internal_count=2379923 2247132 1513914 931474 815191 57891 35728 23298 22163 116283 2621 276 113662 2345 1189 982 1156 21476 11115 354 10761 1485 9276 21888 7628 522 112851 25018 1341 1219 23677 10496 4655 13181 3632 4432 3555 87833 13544 13382 13186 4361 2068 471 9549 1499 607 74289 5841 203 2056 1256 5968 5601 5186 8825 335 1413 757300 343537 627 413763
is_linear=0
shrinkage=0.05


Tree=60
num_leaves=63
num_cat=0
split_feature=144 53 348 77 109 36 339 339 357 0 364 374 354 77 265 200 371 198 317 202 192 334 31 44 292 14 2 0 358 199 198 355 2 1 13 337 205 357 372 218 19 24 364 200 348 109 175 0 0 49 175 238 15 314 9 360 372 199 174 43 321 0
split_gain=0.00600371 0.00409727 0.00343225 0.00357939 0.00327994 0.00445373 0.00391397 0.00357383 0.0039237 0.00639482 0.00455205 0.00324434 0.00369024 0.00367139 0.00321595 0.00283562 0.00278229 0.00296058 0.00275806 0.00338711 0.00273306 0.00308298 0.00349672 0.00291328 0.00280789 0.00271751 0.00328911 0.0060353 0.00646147 0.00566929 0.00407732 0.0037712 0.0111487 0.013095 0.00326577 0.00269614 0.00259679 0.00259251 0.00280841 0.00258564 0.00256758 0.00256067 0.00252538 0.00251433 0.00250982 0.00460119 0.00329973 0.00246507 0.00511362 0.00268532 0.00258131 0.00398945 0.00246732 0.00245506 0.00312222 0.00409069 0.00240885 0.00236733 0.00266452 0.0023517 0.00234784 0.00231558
threshold=-1.0000000180025095e-35 0.00043086819641757762 0.11535707861185075 -0.0037395316176116462 15.355017662048342 0.0041625318117439756 2.5902588367462163 0.84851163625717174 0.88885897397995006 -1.0000000180025095e-35 -0.00020549906184896824 0.0026838789926841859 -0.22433927655220029 0.057646911591291435 0.0015387667808681729 0.0010655435035005214 -8.062461631652694e-08 0.0064655533060431489 0.039549361914396293 0.0013101944932714107 0.012977881357073786 0.4719961434602738 0.028119556605815891 0.00097384312539361428 0.39187517762184149 0.046449152752757079 -0.0034269348252564664 -0.0017596185207366941 -0.17963176965713498 0.0010758923017419877 0.0036120373988524084 -0.014346808660775421 -0.015048009343445299 0.01053087553009391 0.01753121800720692 -0.18759733438491819 2.6394085580250252e-05 0.023808717727661136 -0.00046857626875862474 0.00015635892486898231 0.0087880492210388201 0.0038315302226692442 0.00013271095667732882 4.210021506878548e-05 0.18800690025091174 23.848003387451175 0.044244874268770225 0.00046932196710258728 0.00085446983575820934 0.12574779987335208 0.0066792720463126906 -0.04586218670010566 0.032428791746497161 -0.00043694680789485568 0.0069629903882741937 -8.4893840721633734e-06 -0.00012374378275126216 0.0014153248630464079 0.028960372321307663 0.011941511649638416 -0.0092324786819517595 -0.027487963438034054
decision_type=8 2 2 2 10 10 2 2 2 2 2 2 2 2 2 2 2 2 2 2 2 2 10 10 2 2 2 2 2 2 2 2 2 2 2 2 2 2 2 2 2 2 2 2 2 10 2 2 2 2 2 2 2 2 2 2 2 2 2 10 2 2
left_child=4 2 36 -4 5 6 7 15 11 10 -10 12 13 20 -7 40 17 44 19 60 -9 22 23 -22 -24 26 30 28 -28 -29 47 42 33 -33 -34 -14 -2 38 -27 -18 -1 59 -32 -38 46 -46 -6 -13 49 -49 52 -52 -51 -45 55 -55 -56 61 -59 -17 -19 -41
right_child=1 -3 3 -5 16 14 -8 8 9 -11 -12 25 35 -15 -16 41 39 18 -20 -21 21 -23 24 -25 -26 37 27 29 -30 -31 31 32 34 -35 -36 -37 43 -39 -40 57 -42 -43 -44 53 45 -47 -48 48 -50 50 51 -53 -54 54 56 -57 -58 58 -60 -61 -62 -63
leaf_value=4.8928596715334208e-06 -5.3282285175400852e-06 -8.5503181472911193e-06 0.00023528775068573757 4.5378671868346836e-06 4.6334784807873261e-06 -6.9630352130577056e-06 -0.00010329378031504048 3.7920740998836085e-05 6.6434617976230296e-05 1.7109710491796052e-06 0.00028526304430038997 6.8049735180409963e-06 -7.2988914108853539e-05 -4.5781072027266124e-05 8.4351904767860719e-06 -4.2772684830835381e-05 1.3665851768542185e-06 -0.00016853173400498857 -0.00022146105740758327 0.00011305535598988896 0.00013737480157195251 5.4050291093313332e-05 0.00015031912259803973 0.00040991533861475972 -2.3113054829990355e-05 -9.2302013793569204e-05 3.9940312559663895e-05 1.8906960361177137e-05 0.00031493950460281084 0.00021648760377719606 -4.777605760912204e-05 -2.8513162434317786e-05 7.7949032777392662e-06 0.00047256943708777504 -0.00019240905564399776 2.6360897432314722e-05 3.1377661310810381e-06 -0.00022275862341112425 0.00012282322055814205 4.9944405334246387e-05 1.794788695194516e-05 -9.9038413009448686e-05 0.0001378267291326165 4.6305744251620216e-07 4.6334784807873261e-06 4.3668036079547196e-05 -0.00012965828824192027 1.2981108831107696e-05 9.6851690045838308e-06 0.0001044325612199697 9.6058962332644569e-05 0.00032311566310264908 -6.9986096290499869e-05 -7.7780575154131889e-06 4.5378671868346836e-06 4.5378671868346836e-06 -8.5503181472911193e-06 -9.3371450237040722e-05 1.9240731793215732e-05 0.00014075182928123539 -3.0103781357694512e-05 -5.9679170026251456e-06
leaf_weight=180335.46717053652 364063.74439120293 185560.14428710938 166.17449724674225 250420.48022168875 140698.07558518648 86512.034271240234 760.91667151451111 2146.2669664621353 451.08417469263077 1005.8910753130913 503.97506737709045 24758.036051869392 741.37769556045532 627.44110107421875 55763.156646728516 533.31343746185303 419511.73510742188 377.55875062942505 206.42684555053711 343.08577537536621 186.66583645343781 1395.2428601980209 1200.3543475866318 211.721863925457 288.98090201616287 490.28344202041626 465.53549587726593 8267.1131246685982 393.76718652248383 377.77627563476562 6055.6611371040344 250.17215341329575 638.75478845834732 269.81640136241913 296.96416914463043 8400.0488512516022 343231.55013179779 217.76367145776749 217.35396379232407 1871.5640258789062 47603.510964334011 1183.0353527069092 187.10003662109375 608502.93083381653 15290.92788618803 12475.578708648682 455.42679214477539 877.27399826049805 5978.4547612071037 1314.5898033380508 481.44788765907288 324.33511900901794 238.22104263305664 393404.6071472168 77781.974578857422 50156.859610557556 34800.230377197266 1570.2108306884766 787.93003845214844 257.05468273162842 1594.2853178977966 159252.7431640625
leaf_count=121095 260487 118771 77 164015 94022 65855 473 1239 227 572 193 15129 470 305 39378 241 279736 190 97 138 115 763 594 99 165 262 270 4960 201 181 3256 135 361 134 147 4906 247035 104 95 804 31773 584 78 411161 10344 8079 308 679 3652 791 202 133 112 275588 50952 31134 22594 830 439 128 928 102442
internal_value=6.45676e-08 -1.42551e-06 -8.02622e-07 4.69276e-06 2.93863e-06 6.35777e-06 9.81373e-06 1.01021e-05 2.00587e-05 8.97429e-05 0.000182263 1.80257e-05 3.83506e-05 6.86134e-05 -9.27841e-07 7.10258e-06 9.34508e-07 6.53378e-06 -4.72254e-05 -3.15107e-05 8.18456e-05 0.000110521 0.000152158 0.00028354 0.000116682 1.20955e-05 1.36322e-05 4.01714e-05 0.000166395 2.75892e-05 7.57756e-06 -2.52731e-05 4.71515e-05 0.000232308 -5.60176e-05 1.82893e-05 -1.53826e-06 -7.27315e-05 -2.60654e-05 -7.12088e-07 7.61945e-06 -5.25454e-05 -4.2171e-05 -6.23204e-07 7.33675e-06 2.10778e-05 4.63348e-06 1.50229e-05 3.70974e-05 8.77059e-05 0.000115465 0.000188025 7.76189e-05 -1.7316e-06 -4.13287e-06 -6.02027e-06 3.30328e-06 -6.04612e-06 -5.57597e-05 1.71204e-05 -5.67532e-05 -5.31785e-06
internal_weight=3.50473e+06 2.30809e+06 2.12253e+06 250587 1.19664e+06 442208 299933 299172 69259.5 1960.95 955.059 67298.5 15198.1 6056.67 142275 229912 754436 171441 2521.36 2314.93 5429.23 3282.97 1887.72 398.388 1489.34 52100.4 51175 9504.19 859.303 8644.89 41670.8 7698.47 1455.71 519.989 935.719 9141.43 1.87194e+06 925.401 707.637 582994 227939 1973.4 6242.76 1.50788e+06 168920 27766.5 141154 33972.4 9214.32 3235.87 2358.59 805.783 1552.81 1.16465e+06 556144 443561 112582 163482 2358.14 790.368 1971.84 161124
internal_count=2380228 1581814 1463043 164092 798414 300057 194824 194351 40530 992 420 39538 8656 3280 105233 153821 498357 114106 1353 1256 2975 1736 973 214 759 30882 30421 5612 471 5141 24809 4111 777 269 508 5376 1298951 461 357 384251 152868 953 3334 1038464 112753 18423 94330 20698 5569 1917 1238 335 903 791429 380268 306722 73546 104515 1269 369 1118 103246
is_linear=0
shrinkage=0.05


Tree=61
num_leaves=63
num_cat=0
split_feature=247 344 327 16 372 24 348 361 374 330 199 310 15 303 202 223 72 357 45 338 46 17 192 46 39 41 37 48 15 276 202 33 339 346 198 1 199 374 364 371 172 344 199 1 14 356 174 9 174 226 14 198 346 292 46 192 0 198 357 0 292 202
split_gain=0.00614342 0.00551946 0.00537067 0.00532383 0.00732832 0.00578702 0.004988 0.00553771 0.00550535 0.00617513 0.00506046 0.00502475 0.00483451 0.00457366 0.00439377 0.00698461 0.00614833 0.00474433 0.00423112 0.00419451 0.00408914 0.00618418 0.00498742 0.00412657 0.00442316 0.00399779 0.00396099 0.00395185 0.00392483 0.00391008 0.00479419 0.00595198 0.00424451 0.00421202 0.00575664 0.00396495 0.00502031 0.00468954 0.00446352 0.00440373 0.00385356 0.00384842 0.00383253 0.0037812 0.00460098 0.00602961 0.00426976 0.00374702 0.00399414 0.00428776 0.0054377 0.00382787 0.00407186 0.00387748 0.003646 0.00654113 0.00986311 0.0101755 0.00788418 0.00609355 0.00751472 0.0055966
threshold=-0.35538162291049952 -0.011371682863682507 0.0037913726409897213 0.0037961790803819899 -0.0010754621471278367 1.9501425413182009e-05 0.0074418911244720229 0.018942832015454773 0.0095197665505111235 0.11892812326550485 7.4052630225196494e-05 -0.019663970917463299 0.016542389988899234 0.0098569393157959002 0.0017194329993799331 -0.012891982216387985 0.041045967489480979 -0.18522181361913678 0.0096158026717603224 0.074045214802026763 0.014920451212674381 0.00027698886697180575 0.027775146998465065 -0.0014915620558895169 0.012367083225399257 0.034602649509906776 0.0057671507820487031 0.2663679718971253 0.032428791746497161 0.45781552791595465 0.0008827710698824377 0.079936511814594283 0.20198857784271243 -0.58741623163223255 0.0054191292729228744 0.059633491560816772 0.0010758923017419877 0.0038902214728295807 -0.0015742846298962829 -3.193103736975899e-08 -0.032321482896804803 0.087485097348690047 0.00049280814710073184 0.04256808944046498 0.050465770065784461 0.13397234678268435 0.0080398912541568297 0.047342542558908469 0.0091278362087905424 -1.7946417685266166e-08 0.029211628250777725 0.0022404671180993323 -0.1281560733914375 0.96295845508575451 0.0019448557286523285 0.018670587800443176 0.023155600763857368 0.0025974494637921457 -0.079801972955465303 0.0028618959477171306 0.10558530315756799 0.00019749628700083124
decision_type=2 2 2 2 2 2 2 2 2 2 2 2 2 2 2 2 2 2 10 2 2 2 2 2 10 10 10 2 2 2 2 10 2 2 2 2 2 2 2 2 2 2 2 2 2 2 2 2 2 2 2 2 2 2 2 2 2 2 2 2 2 2
left_child=2 3 -1 4 28 -5 25 8 11 10 -10 -8 -11 20 29 16 -16 -18 -4 -14 22 -22 -7 26 -25 -6 -24 41 40 30 31 47 -33 34 -32 54 37 38 -37 -38 -2 -17 -23 -35 46 -46 -45 48 -3 -50 -51 -49 -53 -54 55 56 -31 -58 -59 60 -57 -62
right_child=1 14 18 5 6 13 7 -9 9 12 -12 -13 19 -15 15 27 17 -19 -20 -21 21 42 23 24 -26 -27 -28 -29 -30 35 33 32 -34 43 -36 36 39 -39 -40 -41 -42 -43 -44 44 45 -47 -48 51 49 50 -52 52 53 -55 -56 59 57 58 -60 -61 61 -63
leaf_value=-5.885484839100755e-06 8.82213020700674e-05 8.4793569167239704e-08 -7.923099350141304e-05 -0.00024030755839001968 1.1016853047574228e-06 8.3492270236025563e-06 9.2796948931832401e-05 7.388649586043239e-05 1.1774325714399382e-05 1.635727966086535e-05 0.00030166662098936856 5.8403416595928996e-06 1.1016853047574228e-06 3.7495234314429058e-05 -4.013685469908986e-05 -0.00013850927742594681 0.00026876858075733904 4.3231865026904022e-05 9.7368522914650362e-05 0.00013196367240658242 -0.00031362584945841978 -6.6871755681188202e-05 0.00022655421721672989 -2.1342768382848789e-06 8.4689556924972043e-05 -8.9569779789779985e-05 6.5210847188021268e-05 -0.00016162847107862484 -8.0710054319638703e-05 -2.1752134452415254e-06 3.2355866584932581e-05 0.00025614873325326484 5.2219941604890673e-05 1.7292242460969043e-05 -0.00017372203076337347 7.4982042163336212e-05 -0.0002117940428211035 -7.1442789080121744e-05 -1.363423327286672e-05 -3.6207354864948435e-05 -2.14871282307756e-05 -1.6778923857289767e-05 3.0551186072448146e-05 8.2975372656083235e-05 -2.2296817745184099e-05 0.00019107337549830161 0.00022830924496535957 2.6194090730562151e-06 -3.8120842712513948e-06 1.7935968870313029e-05 0.00010168657711226827 -0.00011553407100675726 -4.9116600389959207e-05 7.9657933031972606e-05 1.4317603907024559e-05 -8.3984729595399589e-06 -2.6731334506858355e-05 0.00054990201515605524 0.00014931301570799853 5.751683214270382e-06 -3.1484335271670824e-05 -8.5546143993627674e-05
leaf_weight=306036.32080078125 828.19778442382812 715033.60771113634 3754.3459916114807 223.60573244094849 1060938.6346480846 99216.992336153984 1671.70458984375 3249.2701287269592 241.27289611101151 8534.2840928435326 399.06291460990906 224409.5217063427 283.18986749649048 16771.038208007812 1576.2923460006714 911.22448539733887 339.70664000511169 737.27989411354065 371.14375448226929 1840.0189642906189 192.67018258571625 2358.1573331356049 561.35536617040634 3911.3950569033623 2345.0192549228668 1213.6795349121094 1179.4313517808914 1109.381534576416 2750.9887924194336 789184.94550061226 909.63531875610352 280.00640404224396 2705.525090098381 4877.1762752532959 537.61798477172852 1484.7033205032349 611.90101027488708 3385.2382801771164 32158.811523556709 856.07195115089417 22359.599311828613 2248.6790647506714 1762.3977999687195 1617.1853306293488 1510.1283023357391 421.97005581855774 735.98131251335144 5507.7045021057129 25885.709106445312 43851.18341255188 2025.8771743774414 1901.6578090190887 3412.4585289955139 703.43977999687195 30835.738594055176 20937.789887666702 402.65593749284744 202.62814390659332 312.75745302438736 17265.101856231689 13402.030671596527 7449.1047592163086
leaf_count=204619 409 499711 2077 128 710250 69233 931 2175 121 5063 172 146541 150 10526 860 468 154 345 179 1040 93 1661 228 2322 1461 662 707 500 1240 551081 460 112 1212 3004 244 708 284 1972 19264 419 14303 1301 894 793 718 177 342 3745 17510 31903 1211 978 1815 368 23165 13428 202 94 154 11378 8637 4326
internal_value=6.86637e-08 7.20947e-07 -6.64962e-06 2.99022e-06 2.0503e-06 1.27074e-05 2.57427e-06 9.0743e-06 8.18653e-06 4.22459e-05 0.000192815 6.48414e-06 3.31648e-05 1.31521e-05 -1.18248e-06 -4.09314e-05 2.2767e-05 0.000114738 -6.3304e-05 0.000100644 9.49089e-06 -3.82314e-05 1.14114e-05 4.9391e-05 3.04256e-05 1.10169e-06 0.00011744 -8.05109e-05 -2.42645e-05 -1.02342e-06 1.50454e-06 1.06239e-06 7.15046e-05 3.48916e-05 -4.4331e-05 -3.25805e-06 -1.89641e-05 -1.53658e-05 -9.71933e-06 -0.000109586 -1.75614e-05 -5.19478e-05 -2.52085e-05 4.74122e-05 8.16684e-05 2.44526e-05 0.000128586 7.98778e-07 1.2134e-06 1.24584e-05 2.16386e-05 -2.75016e-05 -5.50622e-05 -2.708e-05 -2.57092e-06 -3.18424e-06 -1.98448e-06 0.000161629 0.000308325 -1.92356e-05 -2.95589e-05 -5.08044e-05
internal_weight=3.50473e+06 3.19457e+06 310162 1.45724e+06 1.32872e+06 128522 1.30278e+06 240628 237379 11297.8 640.336 226081 10657.5 128298 1.73733e+06 6922.56 2653.28 1076.99 4125.49 2123.21 111527 4313.23 107214 7997.2 6256.41 1.06215e+06 1740.79 4269.29 25938.8 1.73041e+06 811917 801307 2985.53 10609.7 1447.25 918489 38496.7 37028.8 33643.5 1467.97 23187.8 3159.9 4120.56 9162.44 4285.27 1932.1 2353.17 798322 786796 71762.8 45877.1 11525.3 6017.56 4115.9 879993 849157 790103 918.042 515.386 59054 41788.9 20851.1
internal_count=2380228 2173353 206875 970310 883057 87253 867105 156193 154018 6546 293 147472 6253 87125 1203043 3628 1359 499 2256 1190 76599 2648 73951 4718 3783 710912 935 2269 15952 1199415 564303 558565 1324 5738 704 635112 22647 21944 19972 703 14712 1769 2555 5034 2030 895 1135 557241 550335 50624 33114 6906 3161 2183 612465 589300 551531 450 248 37769 26391 12963
is_linear=0
shrinkage=0.05


Tree=62
num_leaves=63
num_cat=0
split_feature=276 371 355 183 197 181 49 36 35 337 48 179 41 370 355 38 372 343 31 46 38 46 197 49 3 373 355 49 198 46 18 357 292 262 24 369 334 270 23 197 355 46 270 357 198 292 46 267 46 1 365 176 205 374 181 360 348 225 336 198 292 357
split_gain=0.00569332 0.00523166 0.00544205 0.00521344 0.00480632 0.00471458 0.00568304 0.00446599 0.00445896 0.00862326 0.00569681 0.00483229 0.00440139 0.00504307 0.00440088 0.00425726 0.00417013 0.0058603 0.00528384 0.00744376 0.00672174 0.0122225 0.00931216 0.00552822 0.00862873 0.00890907 0.00575585 0.00580011 0.00709864 0.00506029 0.00501615 0.00584931 0.00509933 0.00494645 0.0062641 0.00472597 0.00439371 0.00434835 0.00426469 0.00772873 0.00697723 0.00423908 0.00910805 0.00415524 0.00406131 0.00476606 0.00519727 0.00404936 0.00392897 0.00391339 0.00493141 0.00502886 0.00472164 0.00394056 0.0038067 0.0036674 0.00366112 0.00365647 0.00396452 0.00352446 0.00484578 0.00421884
threshold=0.72000274062156688 -8.4256114973868521e-08 -0.1762481406331062 0.066237289458513274 0.0043801134452223786 0.040922701358795173 0.16259474307298663 0.0052968494128435859 0.042023185640573509 0.057014718651771552 0.089036438614130034 -0.053238974884152405 0.021178984083235267 0.0017615607357583942 -0.024653771892189976 0.029151140712201599 -0.0010308263590559361 0.10261485725641252 0.024390489794313911 -0.027081970125436779 0.037302944809198386 -0.020020414143800732 0.00024756282800808554 0.064596805721521391 0.058402823284268386 0.00081878333003260206 1.0000000180025095e-35 0.31840717792510992 0.0051007212605327376 -0.0056066131219267836 0.0013108095736242833 -0.30118609964847559 2.4593654870986943 0.0041107651777565488 0.021540081128478054 0.0016672953497618439 0.58612805604934703 -0.0043189872521907082 0.0029512051260098819 0.0031235336791723971 -0.17242112010717389 -0.018204840831458565 -0.0032239408465102311 -1.0106157064437864 0.0064655533060431489 0.13926633447408679 -0.0032255024416372176 0.034616788849234588 -0.016514001414179798 0.059633491560816772 0.026160984300076965 -0.00033850217005237932 0.00030360689561348414 0.0038902214728295807 0.011521480046212675 -0.00051931964117102314 0.077059503644704833 -0.31547737121582026 -0.094931427389383302 0.0034880122402682905 -6.7872110553611901e-15 -0.86609068512916554
decision_type=2 2 2 2 2 2 2 8 8 2 2 2 10 2 2 10 2 2 10 2 10 2 2 2 2 2 2 2 2 2 2 2 2 2 2 2 2 2 2 2 2 2 2 2 2 2 2 2 2 2 2 2 2 2 2 2 2 2 2 2 2 2
left_child=1 16 8 5 -5 15 -7 49 -3 11 -11 12 -10 -14 59 -4 17 -1 20 -20 -18 22 -22 24 25 -21 30 28 -28 -30 32 33 41 -32 35 -35 37 -37 39 -19 -41 42 -25 -16 -43 -46 -47 -13 -29 -2 51 52 53 -51 -34 -39 -50 58 -54 -9 -61 -62
right_child=7 2 3 4 -6 6 -8 14 9 10 -12 47 13 -15 43 -17 18 38 19 23 21 -23 -24 26 -26 -27 27 48 29 -31 31 -33 54 34 -36 36 -38 55 -40 40 -42 44 -44 -45 45 46 -48 -49 56 50 -52 -53 57 -55 -56 -57 -58 -59 -60 60 61 -63
leaf_value=-1.5334935414503805e-07 -8.4273004655301504e-07 4.1662090732815387e-06 -1.7662648779673545e-06 -5.4869562670119657e-05 -0.00030829652515213765 0.0001988224548554234 2.8551255942143203e-05 -1.5573644483790579e-05 4.8665682448324735e-05 -0.0001208689262495412 9.2717990717029404e-06 5.2475767651369563e-05 -0.00030809161828879942 -3.0591670659532343e-05 6.9110464002162343e-05 3.0193551832015684e-05 4.5427245450503918e-06 -4.9347091097082697e-05 0.00030313859678813139 0.00017756915546531248 0.00056160538519004378 1.6940233641247354e-05 0.00012037341235398458 0.00042431947353510993 -0.00015200811380180741 -2.3784786317826347e-05 -1.425722166237318e-05 0.00021062498060153475 2.7687363606906377e-06 -0.00017468925592045335 -9.4396500782684942e-06 5.7571689709328876e-05 5.0751892860564877e-05 0.00021366554466976186 0.00026928114061226078 0.00030672519208472539 -9.4396500782684942e-06 7.5081678013537019e-05 -2.2139173864153312e-05 -5.9460304505019889e-05 -0.00040781985418203301 3.6535041254256157e-06 -7.0985608744413112e-05 -5.2264253154502193e-06 4.1170758125949707e-05 -0.00025172770318136073 -3.9441249675618129e-05 0.00028094119380576499 -2.2901994410717991e-05 -6.1451437798511372e-06 8.4506668176906484e-05 -4.0329854217339211e-05 -3.5361486792528835e-05 -9.9338281165732789e-05 0.000259202415396346 -9.4396500782684942e-06 5.7387699224042359e-05 1.8621438423992481e-05 0.00019526773806072695 1.8495428742751291e-05 1.0798758841672998e-05 -8.7858932998952793e-05
leaf_weight=65083.405540466309 901464.58703613281 346960.68455505371 1350772.9442647099 855.56586456298828 237.91420745849609 558.30647897720337 3917.0087752342224 60281.047569274902 688.90562534332275 1353.6463150978088 2213.9480299949646 13045.836637496948 250.4976395368576 467.12107288837433 1909.60791015625 10498.856388092041 501169.20236206055 2019.0729179382324 228.06983935832977 1807.1730666160583 213.40058976411819 1146.9351649284363 272.02093476057053 177.0972626209259 336.58113479614258 788.28268229961395 6563.6806011199951 270.66733479499817 566.74512696266174 1377.1189858913422 9299.961968421936 15579.78807580471 736.01105666160583 353.02622646093369 295.89263200759888 170.28722739219666 3093.4893291592598 3266.9272233247757 8008.4432220458984 256.22379195690155 327.710240483284 20572.439477920532 191.64651048183441 113232.5782699585 581.61887526512146 517.6926246881485 649.60957586765289 194.9978199005127 2905.6325180530548 11146.899116039276 1130.6041564941406 17186.837354302406 253.25313436985016 1260.8512295484543 310.63539338111877 732.79933130741119 2773.0856666564941 2478.8868610858917 697.49407589435577 2050.5836448669434 1340.7108154296875 5639.6559944152832
leaf_count=47506 600126 239640 909595 539 117 266 2642 40808 316 719 1320 7867 106 310 1110 8112 348120 1307 83 884 118 911 152 102 197 479 3997 133 332 738 6754 9103 421 153 180 68 2012 1846 5281 119 166 12775 138 91955 316 276 360 94 1948 7095 647 10139 159 779 156 418 1883 1260 343 1047 605 3080
internal_value=6.64203e-08 1.44755e-06 9.95151e-09 -1.43871e-06 -0.000110471 -1.35125e-06 4.98723e-05 -2.87404e-06 5.43223e-06 2.95445e-05 -4.01473e-05 4.65222e-05 -4.15472e-05 -0.000128045 -9.98467e-06 -1.51973e-06 5.26272e-06 -5.77139e-06 6.7104e-06 1.91706e-05 4.87288e-06 0.000106108 0.000315856 1.82863e-05 8.55441e-05 0.000116443 1.55059e-05 -1.26465e-05 -3.91268e-05 -0.000123001 2.27059e-05 3.53773e-05 5.19889e-06 1.52837e-05 4.43377e-05 3.55305e-05 2.68162e-05 6.07177e-05 -4.02221e-05 -9.57965e-05 -0.000255688 2.16985e-07 0.000167901 -3.99239e-06 -2.56792e-06 -7.56706e-05 -0.000133859 5.58823e-05 2.52203e-05 -1.47218e-06 -1.80846e-05 -2.16017e-05 -1.27536e-06 -1.56297e-05 0.000112995 5.00959e-05 1.63122e-05 5.06348e-05 0.000133889 -1.99387e-05 -4.90656e-05 -6.89122e-05
internal_weight=3.50473e+06 2.38466e+06 1.73202e+06 1.36684e+06 1093.48 1.36575e+06 4475.32 1.12007e+06 365176 18215 3567.59 14647.4 1406.52 717.619 184454 1.36127e+06 652642 75694.9 576948 74146 502802 1632.36 485.422 73917.9 2932.04 2595.46 70985.9 14456.9 8507.54 1943.86 56528.9 32792.2 23736.8 17212.4 7912.42 7616.53 7263.5 4170.01 10611.5 2603.01 583.934 22690.1 368.744 115142 22321.4 1748.92 1167.3 13240.8 5949.39 935619 34154.8 33024.2 15837.4 12407.8 1046.65 3999.73 5678.72 3429.63 950.747 69312 9030.95 6980.37
internal_count=2380228 1621075 1171643 921271 656 920615 2908 759153 250372 10732 2039 8693 732 416 138605 917707 449432 54379 395053 45752 349301 1181 270 45669 1560 1363 44109 9031 5067 1070 35078 20534 14544 11431 4677 4497 4344 2332 6873 1592 285 13967 240 93065 13727 952 636 7961 3964 620548 20422 19775 9636 7874 577 2264 3831 1762 502 45540 4732 3685
is_linear=0
shrinkage=0.05


Tree=63
num_leaves=63
num_cat=0
split_feature=327 53 278 367 174 198 181 348 18 1 36 17 369 371 38 356 290 24 22 2 362 374 208 266 207 355 327 356 368 207 368 259 354 178 317 199 37 346 354 2 23 311 203 29 49 201 329 331 361 372 337 1 41 371 22 361 305 258 42 226 258 331
split_gain=0.00565173 0.00657123 0.0058346 0.00421332 0.00464992 0.007583 0.00502876 0.00416989 0.00387675 0.0054249 0.0044881 0.00405499 0.00364591 0.00331672 0.00407939 0.00331441 0.00423605 0.00361279 0.0054303 0.00302013 0.00561604 0.00440493 0.00550915 0.00465853 0.00572374 0.00487158 0.00387091 0.0036588 0.00358643 0.00340987 0.00502185 0.0119511 0.0102776 0.00591298 0.00423781 0.00491697 0.00376649 0.00577682 0.00364628 0.00656392 0.00425082 0.0113058 0.00385196 0.0065133 0.0122361 0.00842266 0.00602161 0.00382361 0.00355696 0.00538358 0.00486216 0.00351149 0.00339326 0.00400022 0.00336849 0.00325169 0.00311294 0.00362597 0.00299323 0.00303283 0.00365841 0.00330032
threshold=-0.00067352823680266727 0.00074263053829781722 0.39000384509563452 -3.395980208154014e-08 0.034355461597442634 0.0078186104074120539 -0.0055702938698232165 0.12558953464031222 0.0004712341469712556 0.0027157772565260534 0.0046972946729511031 0.0007510499272029848 0.0026105855358764534 -1.1324824299663304e-05 0.026286501437425617 -0.26236850023269648 0.22821568697690967 0.015691231004893783 0.0034814454847946767 -0.015592113602906464 0.0014616862172260883 0.0087761757895350474 8.6767606262583299e-05 0.0019603905966505413 0.000185954908374697 -0.0040160636417567721 1.0000000180025095e-35 -0.77669247984886158 1.9475101908028595e-05 0.00041141347901429986 -0.0014870744780637322 0.29697518050670629 -0.061463607475161545 0.030942257493734363 0.0055397329851984986 4.6117596866679385e-05 0.037573676556348808 -0.82225406169891346 1.0000000180025095e-35 -0.0072202931623905888 0.00095911635435186337 -0.00036536560219246889 0.00029260781593620783 0.027545784600079063 0.22617065906524661 0.00078459779615513991 0.40042519569396978 0.39450463652610784 0.0068295029923319825 -0.00017587081674719227 0.011326109059154989 0.092657245695590987 0.00089250592282041918 4.5931515160191347e-06 0.0066573789808899173 0.00060608965577557694 0.005437487969174982 0.54142081737518322 0.0064516253769397744 -9.9920054452695681e-08 0.050348157063126571 0.25006914138793951
decision_type=2 2 2 2 2 2 2 2 2 2 10 2 2 2 8 2 2 2 2 2 2 2 2 2 2 2 2 2 2 2 2 2 2 2 2 2 10 2 2 2 2 2 2 10 2 2 2 2 2 2 2 2 8 2 2 2 2 2 8 2 2 2
left_child=3 2 19 4 -1 6 -6 8 9 12 11 -10 -4 -12 -15 16 17 -5 -19 20 28 29 -23 24 -24 -26 -22 -28 -2 -21 31 -31 54 34 -32 -36 38 -38 42 40 47 -42 43 -37 45 56 -47 -40 51 -50 -51 -44 53 -29 -33 -27 57 -45 59 -17 -61 -62
right_child=1 -3 7 15 5 -7 -8 -9 10 -11 13 -13 -14 14 -16 58 -18 18 -20 21 26 22 23 -25 25 55 27 52 -30 30 33 32 -34 -35 35 36 37 -39 39 -41 41 -43 48 44 -46 46 -48 -49 49 50 -52 -53 -54 -55 -56 -57 -58 -59 -60 60 61 -63
leaf_value=1.0123566900747067e-05 6.567384083930757e-06 -1.1680667813957911e-05 4.6963624091689678e-06 -1.0042207341296133e-05 0.00026120517702332631 0.00029117258284678562 -1.8103373904687586e-05 4.6963624091689678e-06 -3.5443320545517087e-06 -8.3148765001514797e-06 2.5651174783466697e-06 4.2464874117625373e-06 -8.5899581787216929e-06 -1.1680667813957911e-05 4.6963624091689678e-06 6.3664432710271827e-06 -0.00021065793392987435 -0.00030764529491897271 -3.8835285988036411e-05 2.594698231742077e-06 5.2132664344028935e-06 1.3111856329805743e-05 3.186443625895489e-05 -1.1680667813957911e-05 5.0088426725112215e-05 0.00010201234987883685 0.00010688914917386113 -3.308336122637162e-06 3.9550603306856945e-05 9.9899096531410175e-06 2.4519365897245234e-06 0.00024900924234441457 4.5010447036303941e-05 -1.1680667813957911e-05 0.00028250346514460673 8.9442022429788568e-06 0.0003151055886031264 -2.5057321661917695e-06 9.0490238761964067e-05 1.3100197670033962e-05 0.00052389165372551205 0.00010537747448103896 -1.1680667813957911e-05 6.2345687764259891e-05 -2.1258017385648594e-06 0.00018339693309914602 0.00057222231267715126 -1.1680667813957911e-05 1.0501553701309498e-05 4.715467274426919e-05 0.00035424466507710009 0.00019786437734114223 -1.1680667813957911e-05 0.00014385331192787355 0.00051408081607333628 0.00025396043132820814 3.1148901075066254e-05 0.0002791435878435864 1.6850370354075861e-05 -5.2559812967930838e-06 -5.2559812967930838e-06 5.7749587175711284e-05
leaf_weight=187115.3459777832 103048.10066223145 132212.45202636719 111205.47910225391 6422.0166730880737 194.46607387065887 379.6466064453125 895.3365079164505 210267.92335611582 268652.40293776989 502005.53430175781 74343.8056640625 441476.41916429996 58486.031797230244 164758.76175451279 22035.774139404297 132551.85304892063 312.73796105384827 261.71552002429962 655.82257044315338 464369.14623242617 85176.092816352844 21013.282219409943 2095.9254238009453 1273.3513600826263 865.46246641874313 558.45052027702332 697.23253059387207 155293.93596601486 8956.3337860107422 1998.1856071949005 22927.264687538147 246.59089028835297 414.98859357833862 17363.590728759766 189.98843687772751 7484.8926461935043 283.64062094688416 286.9602587223053 3410.550961971283 6350.9073061347008 186.75381594896317 1125.2986580729485 8163.3430908918381 335.85795867443085 1729.1095480918884 194.88563656806946 207.64628291130066 1185.359555721283 1850.72760617733 272.78379225730896 243.57938063144684 223.16049957275391 67787.371641993523 461.15793859958649 245.43919360637665 970.1991525888443 532.8441047668457 455.59864854812622 31754.923566102982 161493.75906258821 2296.9104666113853 4477.0958479642868
leaf_count=117180 75029 84513 67884 4048 92 160 510 136572 180529 333901 62009 314410 39818 126765 18322 82992 169 117 347 335447 58692 12558 1287 700 514 275 268 99053 5406 1073 14637 108 211 11132 106 4869 127 168 1989 3810 83 683 4888 172 1187 104 98 783 1216 182 173 83 44575 200 97 436 273 245 21142 101858 1396 2557
internal_value=6.21898e-08 -7.84206e-07 -2.77589e-07 4.82532e-06 1.08199e-05 9.93566e-05 3.21241e-05 -1.93332e-06 -2.7818e-06 -5.70239e-06 -7.62e-07 1.2991e-06 2.02623e-06 -6.36684e-06 -9.92173e-06 1.50253e-06 -3.10272e-05 -2.33178e-05 -0.000116012 2.82037e-06 -3.87975e-07 5.19633e-06 2.49924e-05 6.82892e-05 9.22459e-05 0.000145036 -3.86073e-06 -7.30745e-06 9.20552e-06 4.21875e-06 1.38983e-05 7.83762e-05 0.00022868 1.13989e-05 1.91344e-05 3.01518e-05 2.87468e-05 0.000155925 2.66005e-05 4.83958e-05 8.63204e-05 0.000165654 1.42812e-05 3.51661e-05 9.19194e-05 0.000185982 0.00038581 6.36098e-05 -6.96985e-06 5.04029e-05 0.000192823 -1.16807e-05 -7.66458e-06 -2.87078e-06 0.000382781 0.000198656 0.000124753 0.000187534 2.25119e-06 7.09981e-07 -3.74588e-06 3.22461e-05
internal_weight=3.50473e+06 2.97592e+06 2.84371e+06 528812 188585 1469.45 1089.8 1.85323e+06 1.64296e+06 671697 971267 710129 169692 261138 186795 340227 7652.29 7339.55 917.538 990476 421420 569056 26776.7 5763.39 4490.04 2394.11 309416 224240 112004 542279 77909.9 2905.2 907.019 75004.7 57641.2 34713.9 34523.9 570.601 33953.3 12258.9 5907.96 1312.05 21694.4 10940.8 3455.94 1726.83 402.532 4595.91 10753.6 2367.09 516.363 8386.5 223542 155755 492.03 1528.65 1324.3 791.457 332575 300820 168268 6774.01
internal_count=2380228 2047660 1963147 332568 117942 762 602 1280210 1143638 441603 702035 494939 107702 207096 145087 214626 4681 4512 464 682937 283223 399714 15770 3212 2512 1225 202788 144096 80435 383944 48497 1489 416 47008 35876 21239 21133 295 20838 7348 3538 766 13490 6948 2079 892 202 2772 6542 1571 355 4971 143828 99253 205 711 690 417 209945 188803 105811 3953
is_linear=0
shrinkage=0.05


Tree=64
num_leaves=63
num_cat=0
split_feature=21 0 373 200 46 199 292 321 15 46 272 327 278 11 278 327 355 356 342 319 344 225 197 202 331 292 256 317 322 76 292 246 331 14 42 292 310 371 21 178 349 358 344 339 313 365 365 292 0 46 42 371 349 46 277 16 265 292 13 313 49 320
split_gain=0.0057779 0.00616406 0.00816663 0.0112505 0.00671525 0.0138838 0.0132868 0.0100274 0.00759658 0.00853903 0.0071774 0.0063323 0.006764 0.0065045 0.00619223 0.00616911 0.00547872 0.00664777 0.00676589 0.0106499 0.0158092 0.0072637 0.00999811 0.0092831 0.00686261 0.00630815 0.012502 0.00629503 0.00622369 0.00539176 0.00570889 0.00530211 0.00524766 0.00549908 0.00516906 0.00498469 0.00491251 0.00675521 0.00473284 0.00465813 0.00580002 0.00643556 0.0045247 0.00450266 0.00435867 0.00423913 0.00656508 0.00724812 0.00844964 0.00435649 0.00423789 0.00446854 0.00416641 0.00406153 0.00405693 0.00431691 0.0044211 0.00401326 0.00591439 0.00648974 0.0154443 0.00401321
threshold=0.030878293327987198 0.012862880714237692 0.0043008872307837018 0.00039636358269490307 0.014920451212674381 0.00061624700902029883 0.96295845508575451 0.033987252041697509 0.024204373359680179 -0.0097114136442542059 0.0055106251966208228 0.0025823281612247233 0.716291904449463 0.04017909802496434 0.9400041699409486 -0.00041373526619281614 -0.18273111432790753 -0.064752507954835878 1.0000000180025095e-35 -0.0027510144282132383 -0.0601473432034254 0.052200466394424445 0.0017761336639523508 0.00015070445078890773 0.50864344835281383 -1.0000000180025095e-35 0.33461356163024908 -0.030914853326976296 -0.016556688584387299 0.047916689887642867 1.6123788356781008 -1.0390180945396421 0.20112305134534839 0.02239856589585543 0.00092330921324901294 1.699917793273926 -0.0020777743775397535 2.2643777697339831e-07 0.0082591660320758837 0.0097098853439092653 0.30214263498783117 -0.096106901764869676 1.0000000180025095e-35 0.17998759448528293 0.018421829678118232 0.00040535999869462108 0.0010347576462663712 -0.091551031917333589 -1.0000000180025095e-35 0.013370585627853872 0.0047029841225594291 -1.7315919365046281e-07 -0.03670083545148372 -0.0097114136442542059 0.43924234807491308 0.0045040745753794917 0.0032258847495540981 1.3736768364906313 0.00059229359612800192 0.015721106901764873 0.19836834818124774 -0.004831816302612423
decision_type=2 2 2 2 2 2 2 2 2 2 2 2 2 2 2 2 2 2 2 2 2 2 2 2 2 2 2 2 2 2 2 2 2 2 8 2 2 2 2 2 2 2 2 2 2 2 2 2 2 2 8 2 2 2 2 2 2 2 2 2 2 2
left_child=1 11 3 39 5 16 7 38 9 -7 35 14 31 32 15 44 25 -18 27 20 28 -21 -23 -24 -22 53 -27 -19 -20 -29 -31 -13 -14 -34 -15 -8 37 -33 -6 40 -3 -42 54 -10 -1 -38 47 48 -47 -49 51 57 -5 -4 -17 -56 -57 -44 -59 -60 -61 -46
right_child=-2 2 4 52 6 8 10 -9 43 -11 -12 12 13 34 -16 42 17 18 19 21 24 22 23 -25 -26 26 -28 29 -30 30 -32 36 33 -35 -36 -37 45 -39 -40 -41 41 -43 50 -45 61 46 -48 49 -50 -51 -52 -53 -54 -55 55 56 -58 58 59 60 -62 -63
leaf_value=5.7113779144609386e-06 -2.3599937835277558e-05 7.2448354172281326e-07 5.5459565473808382e-05 -0.0002210741787837128 1.6840385578149458e-05 0.000147246338777951 0.00013467963755715195 -0.00014400888349955479 -0.00012292033918137219 0.00046390100480958287 0.0002231460082225999 5.0348453797788599e-05 -0.0001521851066485673 -0.00039588320689901721 -4.0228258583788713e-06 -2.6852664413178289e-06 -3.4178289495626409e-05 0.000137595919075569 -0.00018745678901996627 -1.1118383213012047e-05 0.00016986728290265094 5.2505283295141333e-05 0.00056367708996638965 0.00010434227099467337 0.00056548929558167564 1.8286833194046333e-05 0.0003753390916248804 8.7219100049976241e-06 0.00015159340961155976 -6.0579976651174055e-05 -0.00038066066458052191 2.0714245809281362e-05 -4.0787812993874425e-05 0.00022216047835808958 -0.0001257238501709664 -3.8295199707070378e-05 -5.2086842656899887e-05 0.00032316962224173302 -7.4345540552111543e-05 -7.395296266964017e-05 0.00026876415735642287 4.6806510383918856e-05 5.2385431798839839e-06 0.00011068018778902271 0.00014324217310131323 0.0002897540666367227 -2.3882674161560052e-05 -4.5145266854373653e-06 -5.5047384160740819e-06 0.00021174497807997336 -1.3629811041944641e-05 -2.8530387633392453e-06 -7.0457611209614638e-05 0.00017562284494877824 2.1039378042372207e-06 5.3831650068194229e-06 2.2679292704354452e-05 -7.2387102972626939e-06 4.8088211799392414e-05 0.00042035658615151576 1.0396720523650667e-05 3.0904437258798011e-05
leaf_weight=498778.41188049316 25627.3818359375 24060.509910047054 1263.2934337854385 600.19073581695557 5124.6521167755127 627.0056032538414 750.8743371963501 1687.8443202972412 227.06276172399521 322.81255012750626 771.0198016166687 2950.8740901947021 672.34503048658371 265.73218154907227 701293.61661612988 337566.10532993078 5257.369640827179 850.39808058738708 193.52166414260864 2750.7815747261047 171.54543215036392 1448.4729000329971 209.44884234666824 231.59842211008072 313.28059327602386 6010.8863112926483 253.60381352901459 8979.5695980787277 438.22412401437759 906.6602748632431 162.86003446578979 879.333531498909 770.04340726137161 265.84240889549255 532.10948181152344 930.71022963523865 9035.2861585021019 231.77460432052612 1967.7785432338715 1816.5429339408875 374.23871660232544 2485.6949620842934 76595.045066833496 2101.0773215889931 932.48019063472748 554.32989287376404 22850.985611617565 3637.3324597477913 429.15812796354294 246.80128598213196 79934.411315917969 719156.67355537415 1948.7203741073608 1591.5618360042572 759504.53925943375 115308.73875951767 54365.280029296875 4154.075834274292 5092.4506511688232 409.86052346229553 519.75801062583923 5341.6164280176163
leaf_count=322103 17443 16393 882 298 2891 279 448 820 169 190 305 1605 392 140 476093 245858 3156 388 114 1881 105 949 99 107 161 3349 131 6001 317 701 105 443 416 139 266 564 4756 103 925 932 192 1523 52784 1147 501 298 13211 2066 250 101 55388 483983 1008 883 510485 94506 39626 2927 3204 166 365 3197
internal_value=5.3395e-08 2.27641e-07 1.42327e-05 -5.43552e-06 2.77432e-05 3.8728e-05 -5.81112e-06 -3.45539e-05 0.00013656 0.000255616 9.70318e-05 -8.86272e-08 -1.90821e-05 -9.87819e-05 1.56351e-07 1.25914e-06 2.8386e-05 1.48309e-05 3.03022e-05 7.41403e-05 0.000212638 4.07371e-05 0.000116161 0.000324036 0.00042678 6.09486e-05 3.28565e-05 7.13853e-06 4.74689e-05 -3.92653e-06 -0.000109939 -1.41839e-05 -4.36264e-05 2.69914e-05 -0.000216469 3.90111e-05 -1.92154e-05 8.4273e-05 -8.47277e-06 3.4972e-06 8.72851e-06 7.60185e-05 9.2281e-08 8.78113e-05 6.23244e-06 -2.23484e-05 -1.26517e-05 4.00602e-05 0.000161164 9.3287e-06 -2.64894e-06 -1.55979e-06 -0.000106069 0.000122526 2.00928e-06 3.71478e-06 1.09252e-05 9.15845e-06 3.86565e-05 7.03073e-05 0.000191659 4.76408e-05
internal_weight=3.50473e+06 3.4791e+06 76829.8 31285.9 45543.9 34311 11232.9 8780.27 3277.96 949.818 2452.6 3.40228e+06 43321.9 2506.07 3.35895e+06 2.65766e+06 31033.1 21913.7 16656.4 5756.87 1116.57 4640.3 1889.52 441.047 484.826 9119.35 6264.49 10899.5 631.746 10049.1 1069.52 40815.9 1708.23 1035.89 797.842 1681.58 37865 1111.11 7092.43 28737 26920.4 2859.93 2.15261e+06 2328.14 505053 36753.9 27718.6 4867.62 983.488 3884.13 885862 805928 2548.91 2854.86 1.26674e+06 929179 169674 86771.2 10176.1 6022.07 929.619 6274.1
internal_count=2380228 2362785 47413 20346 27067 21114 5953 4636 1785 469 1317 2315372 24186 1353 2291186 1815093 19329 14084 10928 3733 697 3036 1155 206 266 5245 3480 7195 431 6807 806 22833 947 555 406 1012 21228 546 3816 19040 18108 1715 1489292 1316 325801 20682 15926 2715 548 2167 598817 543429 1306 1765 890475 644617 134132 59446 6662 3735 531 3698
is_linear=0
shrinkage=0.05


Tree=65
num_leaves=63
num_cat=0
split_feature=50 0 212 327 53 337 35 355 357 53 13 43 38 373 316 175 207 52 262 355 327 373 354 64 109 175 40 366 337 311 372 342 47 179 355 316 23 10 373 31 179 371 200 364 199 254 34 371 366 355 181 200 215 358 290 198 47 358 201 47 373 12
split_gain=0.00560438 0.00506092 0.00514836 0.00429861 0.00345775 0.00336812 0.00521263 0.00470481 0.0036086 0.00332101 0.00316234 0.00366311 0.00336144 0.00696224 0.0030496 0.00618974 0.00295219 0.00285318 0.00273773 0.0064581 0.00252906 0.00249656 0.00239777 0.00230179 0.00224801 0.00352454 0.00251081 0.00325146 0.00221085 0.00216928 0.00216121 0.00213442 0.00422715 0.00268323 0.00222774 0.00209064 0.00208482 0.00205832 0.00202076 0.00244619 0.00195601 0.00198824 0.00188603 0.00184436 0.00182424 0.00180137 0.00172084 0.00479771 0.00218869 0.00325607 0.00229988 0.00171008 0.00166023 0.00164535 0.0016173 0.00153289 0.00151453 0.00199737 0.00196991 0.00194104 0.00174366 0.00223453
threshold=1.0000000180025095e-35 -0.011932536493986843 2.8197041501698553e-05 -0.0021628815447911616 1.0000000180025095e-35 0.010209126863628628 0.067570704966783537 0.21471524238586429 0.0014890190213918688 3.703923357534223e-05 0.041155928745865829 9.9183307611383511e-05 0.0078892158344388025 0.00089078856399282824 -0.00081391679123044003 0.0097629055380821245 0.0017535733641125264 1.0000000180025095e-35 0.0075533220078796157 -0.1197838746011257 0.00064118584850803028 0.0084053701721131819 1.0000000180025095e-35 1.6676263840054165e-05 76.349609375000014 0.016556874848902229 0.010405555833131077 0.0038482750533148651 0.20204638689756396 -0.001118356653023511 -1.4796017239859792e-05 2.4612363576889043 0.04444543085992337 0.0070365814026445159 -0.042150368914008134 0.0072312052361667165 0.0009037071722559632 0.038967128843069083 -0.0018866066238842902 0.0010334291146136822 0.012388920877128841 4.6139024334479478e-07 0.00026355138106737291 4.6734161514905288e-05 0.00079694067244417976 -0.062477884814143174 -0.010082791093736885 -4.0508545851025695e-08 0.0034643854014575486 -0.22305908799171445 -0.00016571166634093967 0.00051945459563285123 0.0003378553810762242 0.023830242455005649 -0.078811459243297563 0.0042289735283702621 0.046437056735157974 0.022487316280603412 0.00044446029642131185 0.03750667721033097 0.0020537128439173107 -0.018330456689000126
decision_type=2 2 2 2 2 2 10 2 2 2 2 8 8 2 2 2 2 2 2 2 2 2 2 2 8 2 10 2 2 2 2 2 2 2 2 2 2 2 2 10 2 2 2 2 2 2 8 2 2 2 2 2 2 2 2 2 2 2 2 2 2 2
left_child=4 5 17 18 -1 6 14 8 46 23 11 21 24 -14 15 29 -8 -3 37 -20 -6 28 -9 38 26 56 54 -28 31 -2 36 53 33 34 43 -22 -24 -4 39 42 41 45 -5 -33 -31 -12 47 48 -7 -50 -51 -49 -35 -10 -13 -46 57 -26 60 -60 -59 -62
right_child=1 2 3 9 20 7 16 22 10 -11 40 12 13 -15 -16 -17 -18 -19 19 -21 35 -23 30 -25 25 -27 27 -29 -30 44 -32 32 -34 52 -36 -37 -38 -39 -40 -41 -42 -43 -44 -45 55 -47 -48 51 49 50 -52 -53 -54 -55 -56 -57 -58 58 59 -61 61 -63
leaf_value=-1.0384517323735209e-06 -1.0384517323735209e-06 2.0876313526382312e-06 1.6249542424274994e-05 8.3734765378708594e-05 -4.0373530357376112e-06 3.0067759226659445e-05 0.00015819109186159701 -1.0384517323735209e-06 -1.0384517323735209e-06 -3.8067834406457383e-06 0.0001078332904526089 4.5913432132702423e-05 0.00034018656714914153 4.3377510141277184e-05 -1.0384517323735209e-06 0.00024446736445765601 1.0999716306594415e-06 9.6391499200746511e-06 0.00034256187449147762 1.6249542424274994e-05 -2.0465784666018235e-05 0.00015421273937178218 0.00018594583989758946 8.9775211077043549e-06 -1.0384517323735209e-06 0.0002008836458996813 -1.0384517323735209e-06 0.00030228717952155625 -1.0384517323735209e-06 2.1857333732968982e-05 1.6609225363744051e-05 0.00010255850833119624 6.9731945623326487e-07 0.00027066696619488351 2.0786769492950449e-05 -3.8067834406457383e-06 7.9291780059303522e-06 -1.0384517323735209e-06 -8.2878771843101166e-08 1.5906853908335264e-06 -1.0384517323735209e-06 4.9223619880963162e-05 -1.0384517323735209e-06 0.00029056278256249117 0.0001895174642283508 0.00028628064367307125 -1.0384517323735209e-06 -1.0384517323735209e-06 0.00031088476163620933 0.00012209039803813196 9.7094434284800442e-06 0.00017463654694173145 0.0001040764222449779 4.7332379043219616e-05 -1.0384517323735209e-06 2.2507396952346844e-05 -1.0384517323735209e-06 2.1985717175082701e-05 0.0002070900974269433 3.7347031268200587e-05 0.00017415726649166845 2.8457045224496364e-05
leaf_weight=951220.5151616931 12430.985482513905 289372.78799438477 23856.686563014984 2262.2070807218552 549907.71362304688 3688.3455775976181 822.79263305664062 333.72452694177628 1817.5248835086823 580063.59888458252 288.08937168121338 1872.9320260882378 223.36270880699158 1610.0203704833984 30285.627735853195 289.55202031135559 469.26036071777344 220318.15420532227 214.98616421222687 268.96991336345673 45827.086975097656 510.893181681633 972.20014220476151 86426.370128691196 1769.3798596858978 299.84002304077148 169.89140474796295 157.44103503227234 734.10242402553558 15615.711319625378 366.06961393356323 579.49556177854538 1037.3292125463486 404.23122799396515 686.81460559368134 26648.560119628906 198.09736120700836 5356.6015076637268 575502.58672899008 3807.9700965881348 329.26246023178101 380.17020678520203 545.75309574604034 168.17307233810425 302.42321109771729 283.36105465888977 20209.552792906761 6362.7470279932022 158.58075946569443 1110.1964398622513 771.38576072454453 159.40780258178711 242.63431310653687 5669.7399806976318 22226.67434155941 251.51314258575439 1203.9261063337326 3021.1521390676498 384.32991009950638 300.45308840274811 492.65354633331299 564.29997915029526
leaf_count=669616 7872 207298 13849 1270 376354 2489 296 241 1260 371059 113 1113 103 1290 20636 134 181 149522 93 131 28051 279 566 55584 1254 160 124 78 515 10138 278 407 740 255 445 16348 145 2891 390939 2413 140 152 325 103 158 100 13593 4236 80 586 466 80 152 3960 14878 131 887 2091 205 209 337 473
internal_value=1.94461e-08 1.82498e-06 1.10289e-06 -5.9128e-07 -2.19527e-06 1.09026e-05 1.95546e-06 1.75196e-05 1.56831e-05 -1.03845e-06 2.44741e-05 2.23204e-05 1.40381e-05 7.98693e-05 -2.15401e-07 1.52485e-05 0.000101227 5.35186e-06 1.82087e-05 0.000135915 -5.19449e-06 4.62829e-05 9.58728e-05 1.3635e-06 1.03155e-05 3.32517e-05 2.76776e-06 0.000139892 4.13941e-05 1.2911e-05 0.000122759 4.84203e-05 8.31679e-05 0.000124231 8.59053e-05 -1.39739e-05 0.000155878 1.62495e-05 2.33027e-07 2.77046e-05 0.000101912 0.000138196 6.30922e-05 0.000145509 2.5029e-05 0.000197009 2.8376e-06 1.87332e-05 5.30808e-05 9.46153e-05 7.60772e-05 -1.03845e-06 0.000208694 3.39284e-05 8.93828e-07 0.000114041 2.67044e-05 3.75741e-05 5.4572e-05 0.00013294 4.13541e-05 9.65696e-05
internal_weight=3.50383e+06 1.93022e+06 1.788e+06 1.27831e+06 1.5736e+06 142226 60467.9 81758.5 79888.4 1.24861e+06 47428.2 46147.3 34296.4 1833.38 59175.8 28890.2 1292.05 509691 29697.2 483.956 622383 11850.9 1870.09 668545 32463 8036.03 24426.9 327.332 11340 28600.6 1536.37 10605.9 3118.68 2081.35 1434.48 72475.6 1170.3 29213.3 582119 6615.93 1280.88 951.621 2807.96 747.669 16169.6 571.45 32460.2 12250.7 5728.51 2040.16 1881.58 6522.15 646.866 7487.26 24099.6 553.936 7736.19 6532.27 4762.89 684.783 4078.11 1056.95
internal_count=2379872 1289503 1195374 838554 1090369 94129 39546 54583 53353 821590 31823 31318 23202 1393 39069 18433 477 356820 16964 224 420753 8116 1230 450531 21809 5616 16193 202 7837 18299 989 7322 2102 1362 955 44399 711 16740 394947 4008 505 365 1595 510 10427 213 21530 7937 3621 1132 1052 4316 407 5220 15991 289 5456 4569 3315 414 2901 810
is_linear=0
shrinkage=0.05


Tree=66
num_leaves=63
num_cat=0
split_feature=343 246 21 200 197 1 190 41 1 173 262 359 374 359 371 290 32 339 20 317 368 318 22 2 374 52 207 333 329 318 336 339 50 33 47 174 49 76 371 49 23 307 187 25 197 40 189 22 43 33 202 201 209 214 264 1 197 321 199 2 369 24
split_gain=0.00547814 0.00477446 0.00445088 0.00401494 0.00531359 0.00607051 0.005237 0.00496916 0.00380686 0.00370499 0.00430302 0.00362802 0.00318899 0.00318606 0.00527113 0.00310116 0.00314269 0.00304003 0.00295683 0.00295395 0.0040176 0.00415708 0.00316474 0.0044616 0.00320234 0.00295307 0.00291678 0.00374993 0.00602877 0.00345369 0.00551701 0.0028173 0.00304472 0.00289511 0.00458773 0.00277105 0.0027099 0.00292878 0.00266736 0.00496198 0.00265459 0.00263546 0.00323764 0.00260772 0.00260478 0.00257927 0.00415922 0.00312155 0.00294365 0.00521826 0.00255695 0.00255552 0.00252646 0.00252078 0.00259409 0.00248109 0.0023896 0.00238751 0.00235069 0.00235576 0.0033549 0.00246722
threshold=-0.18046642094850537 -0.21919832378625867 0.030878293327987198 0.0013601399841718378 0.0043801134452223786 0.033084494993090637 0.059957811608910568 0.044422483071684844 0.0098041016608476656 0.020783665589988235 0.0041107651777565488 2.8366291644488233e-06 0.0083562461659312266 -6.3812866102352919e-09 2.5880610792228258e-06 0.15027406811714175 0.045521385967731483 0.83894973993301403 0.0069486473221331843 0.034864695742726333 -0.0015607269015163181 0.055378645658493049 0.0059552271850407132 -0.019519695080816742 0.00099286827025935076 0.0061564657371491202 0.0001360027526970953 0.38074119389057165 0.087470322847366347 0.0070305494591593751 0.068979203701019301 0.058553444221615798 3.5395400118432015e-05 0.024428181350231174 0.040077861398458488 0.0026819041231647138 0.044061798602342613 -0.012646493501961229 -1.001002551959118e-07 0.052839845418930061 0.0020927762379869823 0.0034065687796100978 -0.0034178750356659289 0.00053704879246652137 0.0043801134452223786 0.010085635818541052 0.046215634793043144 0.0020889261504635219 0.0013703708536922934 0.027121908962726596 6.4701787778176381e-05 0.0006689898727927358 0.00056427551317028712 0.00010368835501139985 0.0032742107287049298 0.0014315594453364613 0.0021674722665920858 -0.059896357357501977 3.4493681596359245e-05 0.0036969431675970559 0.035278996452689178 0.019272067584097389
decision_type=2 2 2 2 2 2 2 10 2 2 2 2 2 2 2 2 8 2 2 2 2 2 2 2 2 2 2 2 2 2 2 2 2 10 2 2 2 2 2 2 2 2 2 2 2 10 2 2 8 10 2 2 2 2 2 2 2 2 2 2 2 2
left_child=11 12 3 13 6 -6 7 15 18 10 -7 19 25 14 58 16 -5 -13 -4 31 21 -21 24 -24 -22 53 -14 29 56 41 -31 36 -33 57 -35 -30 37 -1 39 -36 -25 42 44 -19 -28 -15 48 51 49 -47 55 -48 -18 54 -2 -39 -29 -34 -3 -60 61 -61
right_child=1 2 8 4 5 9 -8 -9 -10 -11 -12 17 26 45 -16 -17 52 43 -20 20 22 -23 23 40 -26 -27 27 28 35 30 -32 32 33 34 38 -37 -38 50 -40 -41 -42 -43 -44 -45 -46 46 47 -49 -50 -51 -52 -53 -54 -55 -56 -57 -58 -59 59 60 -62 -63
leaf_value=8.841419114717748e-06 2.8026137671797304e-06 -9.0137464665979404e-06 0.00011211711804383107 -1.4542100915920928e-05 -0.00027801928833043284 -0.00011710417467329915 -0.00011952364394786125 0.00016714065339274204 -5.8926280456000164e-05 -0.00021286339311716023 6.3562510117448187e-05 1.1543825538524582e-05 9.0773975132019406e-06 -9.5798933629278588e-07 -2.2677425037254141e-05 -9.0710581658865771e-05 1.9524837452932574e-05 -4.0296963711697956e-05 -1.5550777293112845e-05 -4.9037721125575193e-05 1.8799237121293772e-05 0.00022965563534923137 -8.4483470821962252e-05 0.00014897652264990756 -6.984022511005856e-05 3.6688257465762752e-05 5.0756595695460319e-06 0.00010497164048054544 0.00010395966470642487 2.1989364868274519e-05 0.00030398539358193402 1.3422986012584862e-06 0.00011391292978770996 0.00028724193065596861 0.00021766662473081305 -4.8176369888343039e-05 -2.5909742765015283e-06 0.00013273663643215356 8.9212814463998278e-06 3.129972334237268e-05 4.8577928935091319e-06 -9.237946004192215e-05 5.9389705637881727e-05 5.7205142027131652e-05 -0.00013035079498262343 3.0080126321041643e-05 7.4880043423784182e-05 -6.1235927020795772e-05 7.2370592771645354e-06 0.00022486135162603024 -9.9505163114964356e-05 -8.7106229746796663e-05 0.00018072058361805649 -2.6995143038015495e-06 1.6929684766132804e-05 -4.0678519269770967e-05 0.0002956356433894559 5.8496399586385605e-06 -2.6198729787347699e-06 1.31353142845929e-05 0.00016615119987651526 -0.00015568777428401806
leaf_weight=2362.1666121482849 238095.424077034 148864.66303730011 469.44685357809067 3268.3034376502037 409.22671008110046 647.37375712394714 999.58234405517578 431.7582540512085 6105.6490994095802 328.04853582382202 667.39842128753662 32725.078032493591 26259.291934967041 1047538.9242222905 36636.589508056641 947.59627920389175 584.17838621139526 763.77137422561646 11939.177240371704 228.21066665649414 1287.24926841259 319.42248153686523 1450.6929008364677 332.98245489597321 4873.4061394929886 6091.0176429748535 2653.4482764005661 273.45368677377701 673.32984751462936 461.60718142986298 276.16966426372528 421332.45039784908 510.0494384765625 158.64020133018494 364.03208446502686 535.92866468429565 94159.200149536133 229.61528819799423 23521.915785074234 14852.674929618835 6925.7356120944023 531.58484244346619 3107.1034225225449 6604.3664746284485 407.8905029296875 2116.7784976363182 891.50558376312256 3715.3121566772461 120845.43581521511 408.75191551446915 2114.4941331148148 332.8162317276001 414.98171234130859 194788.48291110992 37629.434865951538 1884.4954547286034 422.27217626571655 285447.72902643681 678404.4843082428 21633.316489219666 354.1729736328125 216.60967540740967
leaf_count=1370 168908 106347 242 1876 189 315 476 179 3677 157 290 21840 15291 705410 25517 571 365 437 8863 121 829 128 892 186 2971 3436 1445 140 366 241 128 281435 279 80 165 298 61860 135 15441 8610 4442 316 1686 3560 222 1394 420 2005 99428 241 1120 163 216 125933 25890 1019 185 188374 466061 15449 138 104
internal_value=1.92481e-08 -1.14521e-06 -2.20585e-06 -1.98761e-06 -3.58818e-05 -0.000106171 -1.41549e-05 4.53287e-06 -2.66111e-05 -6.30774e-05 -2.54378e-05 3.37589e-06 3.18086e-06 -1.84459e-06 -4.10865e-06 -8.98845e-06 9.19205e-06 1.80784e-05 -1.07035e-05 2.69229e-06 -1.89955e-05 0.000113762 -2.38994e-05 -4.49646e-06 -5.13192e-05 2.10254e-06 1.76154e-05 4.16056e-05 0.000104163 2.55597e-05 0.000128084 3.08715e-06 4.14679e-06 7.78414e-06 2.0582e-05 3.65666e-05 -4.76085e-06 -3.57506e-05 1.94753e-05 3.57862e-05 1.15082e-05 1.42353e-05 2.34501e-05 4.709e-05 -1.30418e-05 -1.3841e-07 6.55262e-06 -3.84269e-05 8.35414e-06 6.17581e-05 -6.06528e-05 3.07759e-05 8.67016e-05 1.65466e-06 4.73071e-06 -2.17361e-05 0.000221211 6.04318e-06 -3.30775e-06 -2.09533e-06 1.393e-05 1.14476e-05
internal_weight=3.50383e+06 2.60138e+06 2.08917e+06 2.07066e+06 8698.45 2052.05 6646.4 5646.82 18514.3 1642.82 1314.77 902448 512206 2.06196e+06 886110 5215.06 4267.46 40093.2 12408.6 862355 15417.7 547.633 14870.1 8709.41 6160.66 476604 35602.1 9342.79 1904.98 7437.8 737.777 846937 746187 324855 38897.3 1209.26 100750 6590.77 38738.6 15216.7 7258.72 6700.03 6168.44 7368.14 3061.34 1.17585e+06 128311 4939.63 123371 2525.53 4228.6 1224.32 999.16 470513 275725 2114.11 695.726 285958 849473 700609 22204.1 21849.9
internal_count=2379872 1784578 1440093 1427311 4634 951 3683 3207 12782 762 605 595294 344485 1422677 613616 3028 2457 25837 9105 569457 9569 249 9320 5520 3800 324167 20318 5027 989 4038 369 559888 494384 212949 24296 664 65504 3644 24216 8775 4628 3669 3353 3997 1667 809061 103651 2588 101063 1635 2274 583 581 320731 194798 1154 325 188653 588099 481752 15691 15553
is_linear=0
shrinkage=0.05


Tree=67
num_leaves=63
num_cat=0
split_feature=64 212 327 278 327 108 30 1 320 34 314 226 348 373 16 108 33 367 41 21 177 351 371 259 355 46 373 346 331 203 372 365 197 34 19 46 341 0 334 263 330 197 201 46 358 213 358 352 0 192 372 278 365 365 24 197 327 373 1 355 303 12
split_gain=0.00521746 0.00543283 0.00509329 0.00430374 0.00406918 0.00412184 0.00789234 0.00758759 0.00614602 0.00496307 0.00905422 0.00492116 0.00491103 0.00487597 0.00531774 0.00461884 0.00655736 0.00930332 0.00909352 0.0065749 0.00573729 0.00566368 0.00580415 0.00897714 0.00939983 0.0187923 0.00784439 0.00626568 0.00550176 0.00511148 0.00500044 0.00489717 0.00458763 0.00932452 0.00456652 0.00457804 0.00455893 0.0045206 0.00776817 0.00760448 0.00448006 0.00433578 0.00422874 0.00406805 0.00485935 0.00383799 0.00383169 0.00415226 0.00376715 0.00365256 0.00364444 0.00355426 0.0035498 0.00516267 0.00470957 0.00386878 0.0035439 0.00345257 0.00343547 0.00431527 0.00364548 0.00340284
threshold=0.00035826410748995846 2.6143768081965394e-05 -0.001588151615578681 0.83001035451889049 -1.0000000180025095e-35 82.862415313720717 -0.0039316599722951642 -0.014542952179908751 0.068165011703968062 -0.038686934858560555 0.014083033427596094 -0.38339844346046442 0.22936207801103595 0.0092372070066630858 0.0025307369651272897 18.715023994445804 0.031809356063604362 5.102602699480486e-06 0.0027997272554785018 0.00015388968313345688 -0.0044082747772335997 -0.46909101307392115 6.5603714460849018e-08 0.34746904671192175 -0.22058314830064771 0.012102958280593159 0.0011311938287690284 0.093276116997003569 0.74386504292488109 0.00025939023180399095 2.7350732125341896e-05 -0.0030290213180705901 0.0043801134452223786 0.0089689111337065714 0.022546818479895595 -0.021596811711788174 3.560023427009583 0.0083780926652252691 0.2221498638391495 0.0080173346213996428 0.33846595883369451 0.0025759281124919657 0.001635046908631921 -0.033826485276222222 -0.061455758288502686 4.3978907342534521e-06 -0.013821483589708803 0.4290373176336289 -0.024235775694251057 0.0042244344949722299 2.7350732125341896e-05 0.05998175963759423 0.000966780644375831 0.0032275080448016529 0.021540081128478054 0.00070590627728961419 -0.00012690875155385581 0.0016642343834973874 0.014566165860742332 0.023032913915812973 0.010923810303211214 0.044785406440496452
decision_type=2 2 2 2 2 2 10 2 2 10 2 2 2 2 2 2 10 2 10 2 2 2 2 2 2 2 2 2 2 2 2 2 2 8 2 2 2 2 2 2 2 2 2 2 2 2 2 2 2 2 2 2 2 2 2 2 2 2 2 2 2 2
left_child=1 45 -3 4 -4 6 8 50 42 10 -9 -11 -13 15 41 16 32 19 -19 20 -18 -21 26 61 25 -25 31 -26 -29 30 -17 -23 -8 -34 35 -28 -35 40 -39 57 58 48 -6 -32 -45 -1 47 52 -15 -43 -7 -51 -37 -54 -55 -56 -47 -40 59 -14 -60 -24
right_child=-2 2 3 -5 5 7 13 9 -10 11 -12 12 37 14 -16 29 17 18 -20 21 -22 22 23 24 27 -27 34 28 -30 -31 43 -33 33 36 -36 46 -38 38 39 -41 -42 49 -44 44 -46 56 -48 -49 -50 51 -52 -53 53 54 55 -57 -58 -59 60 -61 -62 -63
leaf_value=-2.8941278876279648e-06 1.6617974814108585e-05 8.8205913327220382e-06 2.7942624738557428e-06 -4.8691566575220244e-06 -1.3150487886739087e-05 8.6993762433082474e-05 1.3673166934363314e-06 3.3468817998708163e-05 -0.00020015986179563582 -6.6398948949412146e-06 0.000301423714801804 2.1921030107827125e-06 3.5792048685622095e-05 0.0001433396077899218 1.44053085433795e-06 -3.5558365060350887e-06 0.00016493020910129003 -0.00023634049144957348 -1.3239811750054326e-05 -0.00013991279791890333 -7.9601977679652134e-05 0.00013648614729905038 2.9876104961826885e-05 2.9876104961826885e-05 5.1796461311061809e-05 0.00066764661201948689 0.00026392914054138331 0.00024463355317763381 4.1284297252463197e-05 -3.2677211203506933e-05 0.00024823756094038968 -0.00010526171030070648 0.00036175930370411558 -8.9299256417940464e-07 0.00014796310787960678 0.00020255203246176455 0.00023657188298038999 2.1921030107827125e-06 2.1921030107827125e-06 0.00038189765096099688 2.1921030107827125e-06 1.9522518825259102e-05 -0.00012698265141723565 0.00029062308805975729 1.3560076729641526e-05 9.9365621540554506e-06 8.56819200019415e-05 -0.0001203409057586999 -1.6670198936681189e-05 -4.1622375189744696e-06 0.00034358238984123708 -8.9655809574374994e-05 -4.2286739642893788e-05 2.951546911213605e-05 0.0004024975633482664 6.7429990640361742e-05 2.4456869179144839e-06 0.00015160031960251402 1.0480098277450872e-05 0.00013609015461883101 0.00011695037498557091 -5.0101746600609373e-05
leaf_weight=235623.80336177349 46704.039413750172 113047.33415222168 592352.28568649292 849221.17372894287 166634.60614204407 388.98239898681641 149955.84905147552 4310.5531955957413 441.15887451171875 120118.85015690327 338.21420133113861 125661.9881297946 2681.4813116192818 368.93402290344238 48543.391010284424 69339.686145782471 271.97138094902039 592.97935724258423 1966.9775786399841 427.90331125259399 1930.3322150111198 240.55938720703125 3778.2494027614594 227.26075196266174 2393.8459712266922 222.77074956893921 207.29271578788757 1060.994847536087 485.46908748149872 16030.299194335938 300.51725780963898 1544.2336506843567 252.8984067440033 1320.0848082304001 884.81667768955231 270.10362941026688 236.65515172481537 1158.8158875703812 413.99869811534882 292.44975471496582 18175.031318545341 1372.2213034629822 817.91438674926758 178.01098775863647 1311.4631179571152 210862.63092041016 2494.2506981492043 517.00339311361313 44370.8172082901 1582.5233881473541 214.53844451904297 5245.3532698154449 2651.8769011497498 10286.188226163387 153.0315528512001 196.11820471286774 628499.90496826172 1060.9972982406616 7580.0784349441528 1787.4560174942017 897.43026447296143 1328.2488861083984
leaf_count=175453 28301 66961 400120 571739 103996 277 101948 2851 227 82160 139 87347 1672 132 37772 44937 133 284 1329 210 984 100 2054 125 1195 88 75 432 237 10205 124 710 147 736 586 109 117 676 247 211 11863 823 388 73 704 144778 1282 280 29673 796 140 2727 1538 6288 91 145 443165 587 5172 1005 564 644
internal_value=1.83253e-08 -2.05937e-07 -1.53745e-06 -2.0535e-06 -3.69449e-07 -2.6341e-06 -5.19231e-06 2.23352e-06 -1.42003e-05 1.85716e-06 5.30847e-05 1.00575e-06 6.75611e-06 -1.15429e-06 -1.05121e-05 2.32365e-06 6.7764e-06 2.65773e-05 -6.50622e-05 3.40112e-05 -4.92815e-05 4.02598e-05 4.29331e-05 7.49703e-05 0.000127383 0.000343434 2.72806e-05 0.000102545 0.000180934 -7.17327e-06 -1.42476e-06 -7.2562e-05 2.32283e-06 8.14127e-05 3.73778e-05 3.15282e-05 3.54636e-05 2.35996e-05 8.29945e-05 0.000149774 1.80099e-05 -2.14718e-05 -1.3708e-05 8.10395e-05 4.70179e-05 2.74464e-06 2.85891e-05 1.84603e-05 -1.53444e-05 -5.48912e-05 0.000179039 -6.98477e-05 2.37704e-05 2.01062e-05 3.56687e-05 0.000215745 4.32755e-06 0.000103295 4.04855e-05 7.59516e-05 2.1776e-05 2.98761e-05
internal_weight=3.50383e+06 3.45712e+06 2.38214e+06 2.26909e+06 1.41987e+06 827516 542435 285081 167894 284477 4648.77 279829 159710 374541 101483 273058 185898 34132.5 2559.96 31572.5 2202.3 29370.2 28942.3 9496.84 4390.34 450.032 19445.5 3940.31 1546.46 87160 71129.7 1784.79 151765 1809.64 17660.7 16775.9 1556.74 34047.7 2926.26 1767.45 31121.5 52939.8 167453 1789.99 1489.47 1.07499e+06 16568.6 14074.3 44739.8 8200.1 603.521 6827.88 13557.3 13287.2 10635.3 349.15 839363 1475 12946.4 4468.94 8477.51 5106.5
internal_count=2379872 2351571 1588175 1521214 949475 549355 354444 194911 104611 194494 2990 191504 109344 249833 71923 177910 121867 18919 1613 17306 1117 16189 15979 4775 2077 213 11204 1864 669 56043 45838 810 102948 1000 10394 9808 853 21997 1721 1045 20276 34151 104384 901 777 763396 9733 8451 29805 4346 417 3523 8171 8062 6524 236 587943 834 8413 2677 5736 2698
is_linear=0
shrinkage=0.05


Tree=68
num_leaves=63
num_cat=0
split_feature=247 50 344 356 204 207 172 327 36 48 204 212 374 365 21 313 17 262 292 199 204 237 353 359 237 35 48 266 372 225 313 24 191 213 322 313 374 320 198 49 49 344 200 22 199 225 200 68 75 334 327 270 34 373 334 373 371 361 371 198 327 346
split_gain=0.00523517 0.00499338 0.00478064 0.00505973 0.00448885 0.00414532 0.00410598 0.00402256 0.00440458 0.00460719 0.00426982 0.00366643 0.00359803 0.00462065 0.00350618 0.00329938 0.00439084 0.00380438 0.00328583 0.00320918 0.00416936 0.00315319 0.0032735 0.00306722 0.00304295 0.00296633 0.00291347 0.0027383 0.00470883 0.00352091 0.00263447 0.00262288 0.00317838 0.00243921 0.00291958 0.00331592 0.00271223 0.00320815 0.0025514 0.00273477 0.00246954 0.00312151 0.0023781 0.00329019 0.00276597 0.0022852 0.0022397 0.00223955 0.00223195 0.00304304 0.00256045 0.00280496 0.002468 0.00254313 0.00300262 0.002227 0.00220689 0.00242826 0.0021933 0.00219063 0.00218572 0.00208845
threshold=-0.25645758211612696 0.00075143939466215681 1.0000000180025095e-35 -0.24390602856874463 0.00044702713785227394 2.5169729269691746e-05 -0.0085490490309894068 0.0037913726409897213 0.044843047857284553 0.20315863192081454 0.00013710623898077759 3.4215885534649722e-05 0.01580048352479935 0.00057046930305659782 0.026709797792136673 -0.039213931187987321 0.021489140577614311 0.014705278445035221 -0.069649100303649888 0.0010758923017419877 0.00058644800446927558 0.17238268256187442 -0.41413418948650355 -9.652053449826779e-06 0.18639666587114337 0.0058733909390866765 0.29910336434841162 0.026893996633589271 -0.0014910081517882643 0.21802403032779696 -1.0000000180025095e-35 0.019272067584097389 0.038558365777134902 0.00078085067798383545 0.0078809801489114779 0.0049571916460990914 0.0087761757895350474 0.0034670521272346382 0.0036809061421081428 0.054899806156754501 0.038527891039848335 -0.31642124056816096 4.0474862544215291e-05 5.309310108714272e-05 8.0430152593180551e-05 -0.80483460426330555 1.8381372683506928e-05 0.062929663807153716 0.062747754156589522 0.3599862158298493 -0.0021628815447911616 0.0021904475288465623 0.0028970651328563695 0.035104615613818176 0.10298506915569307 0.0007797116122674198 1.3143612704880072e-06 0.0049972285050898799 -8.4350322140380723e-06 0.002450842061080039 0.00071429772651754331 -0.056449843570590012
decision_type=2 2 2 2 2 2 2 2 8 2 2 2 2 2 2 2 2 2 2 2 2 2 2 2 2 10 2 2 2 2 2 2 2 2 2 2 2 2 2 2 2 2 2 2 2 2 2 2 2 2 2 2 10 2 2 2 2 2 2 2 2 2
left_child=7 2 5 4 31 46 -5 27 9 10 18 60 14 25 33 -6 17 -17 -9 23 30 22 -12 58 42 -14 -22 48 -29 -30 -21 -4 -33 34 35 36 -13 -38 39 61 41 -37 44 -44 -25 -45 -2 -24 50 59 51 -1 55 -54 -55 -52 -51 -58 -8 -50 -7 -36
right_child=1 -3 3 6 15 11 19 8 -10 -11 21 12 13 -15 -16 16 -18 -19 -20 20 26 -23 47 24 -26 -27 -28 28 29 -31 -32 32 -34 -35 38 40 37 -39 -40 -41 -42 -43 43 45 -46 -47 -48 -49 49 56 52 -53 53 54 -56 -57 57 -59 -60 -61 -62 -63
leaf_value=1.4162772725824453e-05 4.2629444600901177e-06 1.0664509458109718e-05 -8.2204179935355099e-06 1.0664509458109718e-05 1.0664509458109718e-05 9.2997675375520111e-06 -1.4059887042616754e-06 0.00018676375298685866 -0.00027213645928851501 4.7832410025397192e-05 6.9320732279089736e-05 8.2040392313822323e-07 -6.4404302024753909e-05 -1.6040180356391866e-06 -2.3827811949313032e-05 -7.9503268421632483e-05 -0.0002697180993257403 1.0664509458109718e-05 -2.6878424817342903e-05 -9.7734172061558384e-05 -7.4782933200701532e-05 8.1257886811856111e-05 -0.00012316863877322396 -2.344133873111393e-06 1.5804526184160706e-06 -0.00025615412024598621 -0.00024244405986488554 0.00021662876774598458 2.1163274771703421e-06 0.00016760901688275321 1.0664509458109718e-05 -4.9382349635728094e-05 -0.00027890276572124659 1.0664509458109718e-05 -0.00015822320255605763 1.0664509458109718e-05 1.0664509458109718e-05 -4.1447531221591385e-05 -3.046010195553142e-05 -2.5114639152156326e-06 1.0664509458109718e-05 -0.00012353423467904197 -1.5724939653545156e-05 -1.240659567279353e-05 1.0664509458109718e-05 -2.0684167141670517e-06 -4.6617238071785319e-06 -0.00030630817046064661 -1.9780039153527575e-05 1.9530066724896016e-05 2.1523787905096935e-06 0.0001633091823783427 -1.5009768773836381e-06 0.00023494226296871045 3.4590248481896638e-05 -1.0125462949955896e-05 -0.00022241518899273965 -1.7552981575978032e-06 -3.2629003478223022e-05 -0.00010782516995671133 -5.5199302549850882e-07 -2.3509476068891026e-05
leaf_weight=12775.024856746197 93908.872038602829 124162.90417480469 30357.462070465088 57695.764724731445 1273.1860046386719 324107.59265899658 9530.5303649902344 205.31172788143158 207.11115264892578 1202.602187871933 205.22413194179535 597736.38582444191 3066.9128423333168 5305.997097492218 12863.809509277344 4811.4424538612366 263.91536855697632 839.87530136108398 1362.8520995378494 642.00588953495026 1256.1916275024414 209.54705768823624 1916.4169967770576 145007.01697397232 465216.28861677647 214.25009435415268 325.66518402099609 338.51619720458984 2820.4205918312073 360.73484182357788 2157.5579837560654 1527.1176698207855 165.58535981178284 37191.502063512802 487.14740347862244 336.143774330616 33179.301399052143 3311.2743999361992 10157.504150390625 72855.357669830322 72694.579872131348 800.41871303319931 69828.403045356274 64870.110479354858 42108.294485092163 303691.58272045851 279591.77814048529 182.229567527771 1208.8498110175133 2517.106324493885 44649.2926466465 321.2441948056221 259729.95645213127 214.05776846408844 1399.167077422142 213691.61213684082 212.81066828966141 297.21631902456284 13722.494062900543 1701.6170663833618 68135.118286132812 700.6376748085022
leaf_count=7501 71033 77900 20842 36866 670 229855 7265 109 84 551 109 406744 1546 2891 8750 2595 150 369 755 343 691 120 1130 101684 312267 94 145 157 1617 185 1194 972 71 22122 244 163 18571 1856 5670 48084 49850 390 44100 41948 29342 199294 211619 109 824 1260 26838 167 178484 97 650 146160 95 146 9254 823 44022 435
internal_value=1.84877e-08 8.5042e-07 4.20125e-07 -1.94927e-06 -1.96112e-05 2.20129e-06 -1.35996e-06 -4.47144e-06 -4.70427e-05 -3.81207e-05 -6.3457e-05 3.58909e-06 1.74547e-06 -3.04522e-05 2.07379e-06 -5.53149e-05 -7.10911e-05 -6.17231e-05 1.29492e-06 -2.03296e-06 -4.4731e-05 -0.000103826 -0.000120716 -1.86495e-06 -1.48185e-06 -7.70734e-05 -0.000109563 -4.04015e-06 3.99062e-05 2.09763e-05 -8.04659e-06 -1.16004e-05 -7.21374e-05 2.47555e-06 1.83816e-06 2.88486e-06 1.68456e-06 1.06645e-05 -6.96357e-06 -3.7395e-06 1.06645e-05 -6.57428e-05 -3.75942e-06 -5.77357e-06 9.59523e-07 -3.88808e-06 -2.41779e-06 -0.000139347 -4.32741e-06 -3.48083e-05 -3.98759e-06 1.78456e-05 -4.53786e-06 -1.11203e-06 6.14328e-05 -8.00347e-06 2.95776e-07 -9.43356e-05 -1.98331e-05 -7.12947e-05 7.58846e-06 -7.89328e-05
internal_weight=3.50383e+06 2.9561e+06 2.83194e+06 1.21529e+06 39238.6 1.61664e+06 1.17605e+06 547729 5491.29 5284.18 4081.58 1.24314e+06 850901 8587.16 842314 7188.42 5915.23 5651.32 1568.16 1.11836e+06 4381.42 2513.42 2303.87 1.11397e+06 1.09072e+06 3281.16 1581.86 542238 3519.67 3181.16 2799.56 32050.2 1692.7 829450 792259 708058 634227 36490.6 84200.6 74043.1 73831.1 1136.56 625505 438390 187115 368562 373501 2098.65 538718 5937.6 532780 13096.3 519684 261343 1613.22 258341 3027.13 510.027 23253 2910.47 392243 1187.79
internal_count=2379872 2011901 1934001 810062 25669 1123939 784393 367971 2967 2883 2332 841287 567410 4531 562879 3784 3114 2964 864 747527 2373 1468 1348 745154 728635 1640 836 365004 1959 1802 1537 21885 1043 554129 532007 477574 427171 20427 54433 48763 50403 553 416368 285342 131026 241242 282652 1239 363045 3148 359897 7668 352229 179231 747 172998 1501 241 16519 1647 273877 679
is_linear=0
shrinkage=0.05


Tree=69
num_leaves=63
num_cat=0
split_feature=51 211 48 203 201 11 327 108 211 109 48 75 1 366 358 1 183 201 355 236 46 259 197 1 2 1 372 349 219 313 46 39 355 198 348 330 314 2 22 358 372 356 44 1 15 320 45 46 369 292 348 206 371 357 344 109 208 11 348 368 317 2
split_gain=0.00482605 0.00589035 0.00498953 0.00524759 0.0106086 0.0084971 0.00410051 0.00447067 0.00406128 0.00398874 0.00471853 0.00366861 0.00340387 0.00329518 0.00300014 0.0041826 0.00383476 0.0035531 0.00425334 0.00462191 0.00389783 0.0054524 0.00379349 0.00356925 0.00482714 0.0036935 0.00557158 0.00334147 0.00292961 0.00291294 0.00284602 0.00433193 0.00392834 0.00283171 0.00382616 0.00336057 0.00421317 0.00307548 0.0027293 0.00271965 0.00466284 0.0141782 0.00394604 0.00303802 0.00526377 0.00300488 0.00273051 0.00384087 0.00308858 0.00270477 0.00642663 0.0026693 0.00266446 0.00262026 0.00272623 0.0031361 0.00256248 0.00263999 0.00252106 0.00251773 0.00329803 0.00250908
threshold=0.00054089332115836452 7.415475920424798e-05 0.06296310201287271 0.00028340089193079626 0.0009634126618038864 0.019184880889952186 -1.0000000180025095e-35 66.471199035644545 0.0004384112980915234 88.71445465087892 0.049801485612988479 -0.003766247420571744 0.041576478630304343 0.0017537430394440892 0.14263179898262027 0.038600187748670585 -0.036302739754319184 0.00036525717587210243 0.012240626383572819 2.0013360977172856 -0.0087455031462013704 0.38998141884803778 0.0052974459249526271 -0.00052286434220150102 -0.027079991996288296 0.0081680109724402445 2.0595862224581655e-05 0.26578521728515631 1.0215637303190308e-05 0.0083841485902667063 -0.0052164900116622439 0.016289005056023601 0.2908571213483811 0.0033254472073167567 0.4145041704177857 0.75810182094573986 -0.0029852634761482473 -0.018030935898423191 0.00027700116334017372 -0.042783185839653008 1.0524915978749052e-05 -0.47841748595237726 0.016453035175800327 -1.0000000180025095e-35 -0.0065412814728915683 0.0049018738791346559 0.0079268375411629694 0.0048867112491279849 0.0092542045749723929 1.699917793273926 0.32792970538139349 9.4969800557009889e-05 9.3548827351241939e-08 -0.27063262462615961 0.25724096596241003 18.254811286926273 6.338257435345441e-06 -0.011427849996834992 0.13504047691822055 -5.1540015192585991e-05 0.0088379713706672209 -0.019987694919109341
decision_type=2 2 2 2 2 2 2 2 2 10 2 2 2 2 2 2 2 2 2 2 2 2 2 2 2 2 2 2 2 2 2 8 2 2 2 2 2 2 2 2 2 2 10 2 2 2 8 2 2 2 2 2 2 2 2 10 2 2 2 2 2 2
left_child=1 6 3 4 9 51 7 12 39 14 33 -9 28 30 16 -16 -3 23 20 38 22 27 -19 24 -18 26 -25 -22 -1 59 -10 32 49 -11 35 36 37 -35 -20 40 46 -42 45 44 -43 -41 47 -4 53 -32 -51 -6 -45 -49 -55 -56 -8 -58 -54 60 -12 -28
right_child=-2 2 8 -5 5 -7 56 11 13 10 29 -13 -14 -15 15 -17 17 18 19 -21 21 -23 -24 25 -26 -27 61 -29 -30 -31 31 -33 -34 34 -36 -37 -38 -39 -40 42 41 43 -44 52 -46 -47 -48 48 -50 50 -52 -53 58 54 55 -57 57 -59 -60 -61 -62 -63
leaf_value=7.483351657112727e-07 -6.9415882940621839e-06 0.00020721645584974836 3.3052603430432624e-06 -6.9415882940621839e-06 0.00020977597224837216 0.00037091905564415838 4.9714498739953115e-06 1.0490988201381712e-06 9.9435112635016964e-06 6.9962262352716515e-06 5.1951935821803382e-05 -6.9415882940621839e-06 -6.9415882940621839e-06 8.80423711023068e-07 1.1595949469911757e-05 6.0851833638893001e-05 4.5328920328901234e-05 -6.9415882940621839e-06 9.5667888121320942e-05 0.00030281246051413118 -6.9415882940621839e-06 0.00013996080159899349 0.00022160057890794314 -6.9415882940621839e-06 1.4857632446900137e-06 5.1191750597310406e-06 0.00019814608155329077 0.00013996080159899349 7.6275660484200251e-06 0.00013194351450644242 3.2564329183594319e-05 -6.9415882940621839e-06 0.00024335569527365923 0.00014196425116815066 0.00014991256368093901 -6.9415882940621839e-06 2.3778870218623996e-05 2.8514797562264602e-05 4.2605667523604346e-06 -1.2064932920284904e-06 0.00037771365609060725 3.8120252254418323e-05 1.5481673366004916e-05 -6.9415882940621839e-06 0.00021386823146224367 -6.9415882940621839e-06 -6.9415882940621839e-06 9.0663056515009194e-06 1.9930809409648865e-06 4.2541499700044016e-05 0.00027377950077270676 -6.9415882940621839e-06 3.715080142818538e-05 6.1485878913873374e-05 0.00025238323448753606 2.1739647426497047e-05 -6.9415882940621839e-06 -2.3892213547155684e-06 0.00022839515640588125 -1.1381797297176641e-06 0.00022687207549489249 4.6686108398242503e-05
leaf_weight=317641.97138595581 231668.57275390625 229.09099388122559 175800.52536022663 22794.225280761719 195.32145237922668 349.70283627510071 69804.645288646221 209731.78326416016 81539.827926635742 39474.005821347237 5470.8438711166382 174098.73034667969 36119.265213012695 98491.279529094696 87936.208959698677 4530.2243499755859 10792.383331298828 6588.0021133422852 2120.2586527466774 206.89505481719971 2090.9919346570969 1217.0179694890976 181.42938232421875 89579.651400566101 15005.475482940674 148806.54501974583 427.7183028459549 218.74281013011932 301818.2138710022 1034.6624007225037 12698.916276097298 2399.6227340698242 240.16537022590637 1475.8090867400169 656.99861717224121 2137.6636446714401 10722.943906605244 1004.7403272390366 1327.7382487654686 403911.78192162514 291.34042477607727 4604.6176195144653 28499.85230255127 4847.6380908489227 467.69694423675537 119977.50915503502 58752.778005003929 2007.7346343994141 4436.2732963562012 1169.3746194243431 402.8443061709404 388.78094053268433 1235.9707809686661 3706.963525056839 423.75334614515305 226.0334706902504 261011.74116277695 435281.96583795547 198.49108350276947 2316.5570447444916 281.69388556480408 756.69707953929901
leaf_count=229049 145974 140 125874 13726 110 187 51269 142525 51427 28639 4119 116608 22037 62052 59348 2702 6898 3813 1146 108 1156 621 101 55121 8453 92092 174 126 206798 760 8167 1263 152 1014 412 1488 7288 670 766 275604 132 2710 20754 2664 209 80097 43385 1223 4111 639 208 257 605 2271 194 135 184206 303699 94 1719 188 395
internal_value=3.23161e-08 5.26072e-07 2.87982e-06 7.1918e-06 8.55499e-06 0.000176722 -1.38592e-06 6.59759e-07 9.0741e-07 8.19449e-06 1.96652e-05 -3.62577e-06 3.16887e-06 7.3467e-06 6.20327e-06 1.40104e-05 3.62081e-06 3.45235e-06 2.80453e-05 7.43674e-05 1.15909e-05 5.44084e-05 -6.94159e-06 2.15923e-06 1.98294e-05 2.56294e-07 -6.94159e-06 9.2481e-06 4.1001e-06 5.30246e-05 1.38155e-05 3.24817e-05 4.36289e-05 1.41887e-05 3.19325e-05 2.6861e-05 3.73731e-05 9.60718e-05 6.04921e-05 -6.59425e-07 3.58973e-06 3.45e-05 -2.63636e-06 2.56286e-05 5.44031e-05 -3.62204e-06 2.1223e-06 5.08351e-06 3.40215e-05 4.02341e-05 0.000102063 5.95874e-05 2.38541e-06 5.63388e-05 7.81094e-05 0.000172465 -4.16141e-06 -5.07701e-06 6.3895e-05 4.2875e-05 6.05934e-05 0.000101623
internal_weight=3.50383e+06 3.27216e+06 1.46665e+06 460319 437525 933.805 1.80551e+06 1.03941e+06 1.00633e+06 436591 64575.9 383831 655579 196942 372015 92466.4 279549 279320 13951.1 3654.89 10296.2 3526.75 6769.43 265368 25797.9 239571 90764.1 2309.73 619460 9103.76 98450.8 16910.9 14511.3 55472.2 15998.2 15341.2 13203.5 2480.55 3448 809389 257000 11645.8 552389 11354.4 5072.31 523889 245354 186601 10800.8 14271.1 1572.22 584.102 6282.1 6364.48 4356.75 649.787 766098 696294 1434.46 8069.09 5752.54 1184.42
internal_count=2379872 2233898 977707 293737 280011 554 1256191 717017 683970 279457 46297 259133 457884 123908 233160 62050 171110 170970 7837 2020 5817 1903 3914 163133 15351 147782 55690 1282 435847 6786 61856 10429 9166 39511 10872 10460 8972 1684 1912 560062 183607 6414 376455 6282 2919 355701 177193 133808 7934 9014 847 367 3363 3823 2600 329 539174 487905 699 6026 4307 569
is_linear=0
shrinkage=0.05


Tree=70
num_leaves=63
num_cat=0
split_feature=134 343 0 186 193 266 0 374 373 373 372 108 224 374 333 239 175 355 46 369 199 2 2 46 203 11 292 330 320 365 259 332 320 355 17 22 71 226 373 373 198 349 182 179 0 48 213 292 327 199 113 22 372 292 347 2 16 372 16 15 374 50
split_gain=0.00497846 0.00333956 0.0028375 0.00457556 0.00412255 0.00374715 0.00465347 0.0042417 0.00394219 0.00811413 0.00417129 0.00367082 0.00670049 0.0036227 0.00357731 0.00353266 0.00335672 0.00291392 0.00290058 0.00466018 0.0048755 0.00414916 0.00515506 0.00451278 0.00361624 0.0035761 0.00454202 0.00542357 0.0046513 0.00394103 0.00482295 0.00339631 0.00436255 0.00310224 0.00289729 0.00298793 0.00289052 0.00288425 0.00284787 0.00340072 0.0046618 0.0065284 0.00423783 0.00709142 0.00615866 0.00489321 0.00386369 0.00326737 0.00299085 0.00480968 0.00381909 0.00298076 0.00347552 0.00282955 0.00277699 0.00276388 0.00275912 0.00273247 0.0046542 0.00425915 0.00605033 0.00318057
threshold=-3.1919641969579966e-06 -0.35550320148468012 -0.011932536493986843 0.052833685651421554 0.060244310647249229 0.0057034755591303119 0.00060857526841573428 0.0032702810131013398 -0.00082397545338608314 -0.00022154599719215182 -0.0002591974771348759 16.868181228637699 0.32589849829673773 0.0017319195321761074 0.21001909673213962 0.35060764849185949 -0.062293127179145806 0.11091259494423868 -0.0038372693816199894 -0.00022315856767818329 0.0010758923017419877 -0.0026975084329023953 -0.00067877399851568032 -0.0014915620558895169 0.0007026508974377067 0.021529953926801685 0.17023472487926486 0.051916887983679778 -0.034246694296598428 0.00036411084874998784 0.025984235107898716 0.3531778752803803 0.068165011703968062 -0.049186976626515382 0.012345075141638519 0.0056530688889324674 0.057939356192946441 -0.5545484423637389 0.035104615613818176 0.0099591617472469824 0.005819168873131276 -0.0051336204633116713 0.023961924947798256 0.0049703929107636222 0.00055879596038721513 0.039299234747886665 0.00072442935197614144 0.070665184408426299 0.00087506292038597177 0.00026547192828729754 0.0030469035264104609 0.0017284447094425561 -0.0007741635781712829 0.98786771297454845 0.0069228336215019235 -0.012759904377162455 0.0039470319170504817 -0.00073449368937872339 0.0032294038683176045 0.034799860790371902 0.005249687936156989 0.00075143939466215681
decision_type=2 2 2 2 2 2 2 2 2 2 2 2 2 2 2 2 2 2 2 2 2 2 2 2 2 2 2 2 2 2 2 2 2 2 2 2 2 2 2 2 2 2 2 2 2 2 2 2 2 2 2 2 2 2 2 2 2 2 2 2 2 2
left_child=57 56 4 18 16 8 7 -7 -5 -10 34 12 15 -14 -6 -12 -3 -13 25 24 33 -22 -23 -24 -20 -4 28 -28 -27 55 -31 -29 54 38 37 -36 -25 -11 39 40 42 -42 43 -21 -45 -46 -43 -41 -47 50 -50 52 -49 -44 -33 -30 -2 58 59 -1 -61 -59
right_child=1 2 3 5 14 6 -8 -9 9 10 11 17 13 -15 -16 -17 -18 -19 19 20 21 22 23 36 -26 26 27 31 29 30 -32 32 -34 -35 35 -37 -38 -39 -40 47 41 46 53 44 45 48 -48 51 49 -51 -52 -53 -54 -55 -56 -57 -58 61 -60 60 -62 -63
leaf_value=-1.6755589823427629e-05 4.5347263776677087e-06 -0.00014230235433766885 7.9080190871062006e-08 0.00015121516868510823 -2.4656923813917114e-05 -9.9433445449970606e-05 -3.0619135179713526e-05 -0.00035216679971197411 -0.00017458118513670695 1.3752625803533238e-05 -7.7357612112050579e-05 -1.0074614681751989e-05 0.00035252449345764351 0.00010096585343145697 0.00013394677807763097 0.00012495696882952449 7.1742043023678795e-06 5.7308799098158006e-05 -2.8662301173920887e-05 1.1177826570989651e-05 -2.3690355490258814e-05 0.00030266636923415371 0.00030628102768484903 7.6589736070516599e-05 -0.00019991637245830079 0.00026547559759681751 0.0002408434646840465 -6.0339575246497646e-05 2.1173500592635332e-06 -1.1689227104506978e-05 4.5423066372830208e-05 -4.7807069585237242e-05 0.00024918446352696253 -6.4703693517059027e-07 5.407739052412346e-05 -7.5950827298324101e-05 -0.00013311600045699397 -5.9272416376260474e-05 0.00013191248176416928 1.1729783027582899e-05 -2.3369010486872864e-05 0.00011515692724523249 -7.951459513794191e-05 1.2600044812563822e-05 -4.1956766494853632e-06 8.3079260966423027e-05 0.00033282805054015341 -0.00031069234621367324 0.00017918731699250628 9.4080946376963077e-05 0.0004076589682034885 -1.3837776535189965e-06 -5.6788665112356608e-05 5.2361640509529281e-05 9.6063567483332967e-06 -0.00016649688399932798 2.1437002208535809e-05 -2.4352506075180609e-06 -2.1987188465898663e-06 -5.0539212633288823e-05 -0.00026235192432671475 1.0633139194346399e-05
leaf_weight=49209.107299804688 315924.04528808594 374.74488830566406 1638208.5003895164 369.23215699195862 510.55144453048706 1192.5496579408646 4707.1930770874023 191.58304011821747 750.29121792316437 1697.4506471157074 556.83990317583084 9014.3353153467178 267.83637940883636 309.65415143966675 1164.6935505867004 349.47143846750259 122452.91093444824 1949.6842433214188 984.90594291687012 35030.855721533298 724.27651274204254 310.52489423751831 188.28992450237274 1098.3461217880249 447.25429725646973 162.20673370361328 174.89226561784744 8276.5759947896004 408.93008726835251 14007.835128247738 5019.4599443078041 4385.0285887122154 150.97178649902344 66730.01246035099 1656.7241750955582 600.2953132390976 191.29781436920166 6632.5906981229782 511.74215698242188 11011.996201753616 573.2337771654129 578.56459391117096 1739.3454642295837 3780.2392800450325 975.46172815561295 2368.5990719199181 315.91805958747864 139.33929163217545 539.39456760883331 989.19149589538574 280.08246243000031 3564.4023118019104 2970.3794738650322 529.17646443843842 4049.8299544453621 596.90827435255051 26140.785766601562 1005017.701675415 88796.509155273438 3822.941366314888 367.990030169487 48818.473129272461
leaf_count=32183 209923 233 1132491 155 206 628 2573 95 363 944 243 5595 107 127 428 143 84249 1200 587 22462 454 198 134 660 200 76 115 5357 292 9655 3276 2851 68 48085 986 346 84 3521 268 8307 313 300 1173 2410 591 1383 153 80 261 493 131 2258 2121 347 2758 303 17101 669262 67046 1893 230 30126
internal_value=-8.95116e-08 1.2668e-06 4.7375e-07 -1.99687e-08 7.77915e-06 -1.93064e-05 -5.43452e-05 -0.000134873 -1.04664e-05 -1.29888e-05 -7.7107e-06 1.19111e-05 8.56633e-05 0.000218451 8.56386e-05 7.57763e-07 6.71584e-06 1.91615e-06 3.01976e-07 7.30863e-06 8.25998e-06 7.72294e-05 0.00011808 7.89403e-05 -8.2348e-05 -2.69176e-07 -1.55914e-05 -3.46031e-05 4.49196e-07 -1.72299e-06 3.38037e-06 -3.74881e-05 -1.54509e-05 6.95216e-06 -3.07791e-05 1.94574e-05 4.53253e-05 -4.4392e-05 1.46471e-05 1.37253e-05 2.06684e-05 0.000108338 1.78807e-05 2.132e-05 6.10813e-05 9.66303e-05 0.000192606 -5.00075e-06 0.000120166 0.000168588 0.000258077 -3.26006e-05 -6.83579e-05 -4.87329e-05 -2.02454e-05 -9.80775e-05 5.82653e-06 -2.70773e-06 -9.21375e-06 -2.08782e-05 -6.9254e-05 -1.82984e-06
internal_weight=3.50486e+06 2.30883e+06 1.96676e+06 1.84226e+06 124503 30245.7 6091.33 1384.13 24154.4 23785.2 23034.9 12447.8 1483.8 577.491 1675.24 906.311 122828 10964 1.81201e+06 136573 135141 2512.74 1788.46 1477.93 1432.16 1.67544e+06 37232.6 17037.3 20195.3 20033.1 19027.3 16862.4 8585.83 132628 10587.1 2257.02 1289.64 8330.04 65897.9 65386.2 47700.1 1467.72 46232.3 43963.8 8932.97 5152.73 894.483 17686.1 4177.27 1808.67 819.477 6674.12 3109.72 2268.52 8434.86 1005.84 342065 1.19603e+06 142197 53400 4190.93 1.05384e+06
internal_count=2380601 1579861 1352837 1267721 85116 17026 3296 723 13730 13575 13212 7415 620 234 634 386 84482 6795 1250695 93453 92666 1530 1076 878 787 1157242 24751 11149 13602 13526 12931 11034 5677 91136 5797 1332 744 4465 43051 42783 30017 766 29251 27731 5269 2859 453 12766 2268 885 392 4459 2201 1520 5609 595 227024 800740 101352 34306 2123 699388
is_linear=0
shrinkage=0.05


Tree=71
num_leaves=63
num_cat=0
split_feature=327 197 14 346 344 147 291 337 291 330 46 164 0 204 179 342 374 355 36 201 371 306 19 337 365 337 8 368 174 332 176 357 346 204 334 251 202 225 201 348 344 368 329 338 200 201 49 176 373 225 371 109 0 1 354 372 372 183 37 49 291 278
split_gain=0.0048551 0.0055052 0.00622342 0.0130323 0.0099982 0.00658977 0.00609162 0.00573957 0.00686011 0.00600648 0.00592425 0.00561835 0.00532719 0.0065588 0.00528811 0.00488765 0.0048578 0.00714514 0.00482459 0.00551349 0.00473586 0.00470924 0.00455466 0.00454553 0.00448396 0.00413426 0.00938732 0.00726041 0.00810726 0.00484835 0.00482935 0.00571845 0.00492055 0.00548626 0.00448044 0.00442979 0.00404901 0.00403278 0.00464168 0.00399714 0.00469744 0.00393575 0.00382787 0.00382275 0.00381801 0.00520916 0.00938743 0.0112071 0.00614461 0.00936403 0.00527248 0.00380527 0.00379143 0.0040867 0.00730251 0.0104466 0.00633487 0.0140929 0.0060335 0.00500227 0.00452682 0.00457495
threshold=-0.00056729500647634257 0.0019650865579023962 0.04300950653851033 -0.15110307186841962 -0.032029567286372178 inf 1.1322404742240908 0.019256349653005603 1.2783523797988894 0.46845449507236486 0.0168658746406436 0.0017548620817251506 0.0071843070909380921 0.0010795257403515281 0.021419241093099121 2.5100563764572148 0.0037091808626428251 -0.087075755000114427 0.0046972946729511031 0.00086255813948810111 -4.6326430691578928e-08 0.013066108804196121 0.00050405520596541475 0.016925366595387462 0.0075778802856802949 -0.0068471049889922133 0.04092091694474221 1.9475101908028595e-05 0.0096034416928887385 0.5226169526576997 -0.02622157800942659 -0.69117406010627735 -0.40799966454505915 0.00072610648931004118 0.60462805628776561 0.14960341900587085 7.0115773269208162e-05 -3.330668896239785e-08 0.0022376934066414837 0.88649776577949535 -0.14648641645908353 -0.00011559884296730159 0.067126683890819563 0.87843990325927745 0.00049597499310038995 0.00058687455020844947 0.21839474141597751 0.00070600651088170718 0.015402952674776317 0.10286116227507593 -7.9307105238513021e-07 14.596927642822267 -0.027487963438034054 0.028094664216041568 -0.25742679834365839 -0.0011461844551376996 -0.0014450218877755103 0.046231294050812728 0.028489842079579834 0.042260829359292991 0.40604819357395178 0.28934168815612799
decision_type=2 2 2 2 2 8 2 2 2 2 2 2 2 2 2 2 2 2 8 2 2 2 2 2 2 2 2 2 2 2 2 2 2 2 2 2 2 2 2 2 2 2 2 2 2 2 2 2 2 2 2 10 2 2 2 2 2 2 10 2 2 2
left_child=41 11 12 4 6 7 24 14 9 10 -9 18 25 44 15 -5 17 -6 19 -2 -12 -10 -17 -21 -4 52 30 28 -28 35 31 -27 34 39 -32 -30 -20 -13 -39 -34 -41 -1 -15 -40 45 48 47 -47 -14 -50 -49 -38 -3 56 -55 58 57 -54 -56 -57 -61 -62
right_child=1 2 3 5 16 -7 -8 8 21 -11 20 37 13 42 -16 22 -18 -19 36 23 -22 -23 -24 -25 -26 26 27 -29 29 -31 32 -33 33 -35 -36 -37 51 38 43 40 -42 -43 -44 -45 -46 46 -48 50 49 -51 -52 -53 53 54 55 59 -58 -59 -60 60 61 -63
leaf_value=6.4744533260312503e-06 -6.0141450200216402e-07 0.00011866968268954767 -1.8652610486984255e-05 3.1749709062832148e-05 -0.0001538174267982159 -0.00027838209313261022 7.5208294490697482e-05 9.9129170002013056e-05 2.4440782446104344e-05 -0.00011192394345809667 -0.00027720098858071486 -1.3905383661057333e-06 -1.5516589014233933e-07 0.00030693873514901895 -3.7161004900799525e-05 5.2725636831383384e-05 -0.00020641521878413224 -2.2983768996641064e-05 -1.2993321479968993e-07 7.2043431519555726e-05 -4.182096857992965e-06 0.00027597857207776441 0.00022668282201564142 -2.4641402848896508e-05 -0.00014449482345697758 0.00018743759045415433 -3.5751944104415946e-06 -0.00017602634102805977 0.00013510019732854614 6.3961734811543909e-06 9.3386436653680173e-06 -0.00012349515953593169 -5.074455862350241e-06 -0.00011151026398040757 7.6669116032445446e-05 0.00030596136997879998 -1.4838587263446769e-05 7.1664296451399938e-06 2.2187354183395953e-05 0.00032225208062863748 1.7580389893523305e-05 -2.0598619439511474e-06 6.3584359676230524e-05 0.00016133769653557464 -3.9885315499563847e-05 0.00042098133166138928 1.8727752935371022e-05 0.00030697549796805424 4.3068498637122561e-05 0.00042817088475679383 2.4321849969176364e-05 1.0773873342450048e-05 2.416918046243279e-05 2.1462383552200046e-05 -0.00012121870627936215 -0.0002366262414322968 -1.148816970688555e-05 0.00043010820875018484 -0.00040295332578068385 -4.7628157821064511e-06 -1.3973413897741082e-05 -8.597250435011672e-05
leaf_weight=441913.98693847656 1738751.0470126271 534.687744140625 2477.8456854224205 3203.5326989889145 2299.1121237277985 202.31273341178894 1219.6674866080284 890.1691507101059 831.99215143918991 2389.6295271515846 234.16185456514359 195396.31225585938 13133.495464980602 295.86724507808685 1654.1544997692108 744.26562690734863 1260.6035799980164 1910.990042924881 111931.26345825195 4591.5015237927437 485.30959624052048 237.85214042663574 762.31297445297241 1651.9964162707329 989.37303936481476 163.52395248413086 1194.5958797931671 255.60702228546143 1023.9410632252693 408.81088489294052 9307.1158699989319 1399.695999622345 119713.88986039162 1206.9197044372559 3362.1401495933533 606.75139856338501 152325.25404769182 340001.28692626953 1121.6169729232788 199.65767109394073 340.17997378110886 194571.20739746094 356.1434360742569 880.50961399078369 2853.8876047134399 358.90038281679153 2544.7025921940804 214.42044281959534 635.76888054609299 208.23060232400894 695.91246950626373 16026.280528724194 1339.008918762207 5065.0726475715637 2005.7259693145752 295.19553816318512 95709.857861042023 252.49605560302734 208.57381248474121 9020.759074985981 3883.5264458060265 5109.5445586442947
leaf_count=282784 1200150 206 1222 1648 1061 80 524 401 366 1235 116 131418 8294 133 830 405 710 904 97495 2669 226 113 310 988 445 76 657 108 470 191 5535 855 73004 681 1846 270 114603 234484 715 99 187 121654 191 453 1654 184 1485 98 345 101 386 11642 814 2693 998 144 58253 117 93 5385 2348 3049
internal_value=-8.49953e-08 -9.61613e-07 -7.30378e-06 -3.30517e-05 -7.44286e-05 3.07551e-06 -2.08204e-05 8.1037e-06 -3.15839e-05 -6.16661e-05 1.29916e-05 -2.0506e-07 -5.32708e-06 1.87223e-05 3.97147e-05 6.67172e-05 -0.000120332 -9.44704e-05 -1.41102e-06 -4.32973e-07 -9.35619e-05 8.07743e-05 0.00014093 4.64614e-05 -5.46244e-05 -7.2776e-06 -1.36979e-06 7.95781e-05 9.9876e-05 0.000160415 -3.45272e-06 -9.07714e-05 -2.43372e-06 -5.5268e-06 2.72159e-05 0.000198971 -7.50015e-06 4.33979e-06 7.61369e-06 -4.46127e-06 0.000131036 3.86555e-06 0.000174614 8.34838e-05 1.37826e-05 2.23948e-05 7.41723e-05 0.000185129 8.25811e-06 0.000138868 9.14253e-05 -1.24003e-05 -1.39396e-05 -1.45185e-05 -3.2298e-05 -4.55666e-05 -9.84223e-06 8.90314e-05 -0.000148096 -3.31518e-05 -2.97916e-05 -5.48908e-05
internal_weight=3.50486e+06 2.86837e+06 305698 21793.3 10157.6 11635.7 4686.89 11433.4 5069.11 3999.27 1609.64 2.56268e+06 283905 21297.3 6364.27 4710.11 5470.71 4210.1 2.02528e+06 1.74499e+06 719.471 1069.84 1506.58 6243.5 3467.22 262607 139183 3489.71 3234.1 2039.5 135693 1563.22 134130 121461 12669.3 1630.69 280283 537400 342003 120254 539.838 636485 652.011 2002.13 20645.3 17791.4 3813.94 1269.23 13977.5 843.999 910.333 168352 123424 122890 25588.4 20523.3 97301.4 1591.5 2214.3 18309 18013.8 8993.07
internal_count=2380601 1976163 181546 10596 4866 5730 2191 5650 2457 1978 743 1794617 170950 12871 3193 2363 2675 1965 1427547 1203807 342 479 715 3657 1667 158079 83979 1696 1588 931 82283 931 81352 73971 7381 740 223740 367070 235652 73290 286 404438 324 1168 12547 10893 2153 668 8740 446 484 126245 74100 73894 14710 12017 59184 931 1091 10926 10782 5397
is_linear=0
shrinkage=0.05


Tree=72
num_leaves=63
num_cat=0
split_feature=247 217 212 327 371 336 2 327 278 1 14 49 2 368 329 356 38 337 204 374 161 213 189 198 41 177 17 282 268 174 0 15 344 356 192 313 343 34 339 2 74 266 29 368 356 292 46 356 319 0 198 205 368 108 256 202 374 3 354 368 292 266
split_gain=0.00474585 0.00440337 0.00412204 0.00346045 0.00338435 0.00379771 0.00336042 0.00373763 0.00417716 0.00429125 0.00446125 0.00418007 0.00556389 0.0083731 0.00521905 0.00417702 0.00410942 0.00409012 0.00348045 0.00467987 0.00365226 0.00329598 0.00309621 0.00880105 0.00641123 0.00850279 0.00375571 0.00321289 0.00308649 0.00296982 0.00520798 0.00296957 0.00290122 0.00436634 0.00420575 0.00499186 0.0048127 0.00402556 0.00291246 0.00297893 0.00289401 0.00343348 0.00283585 0.00515994 0.00480292 0.00396385 0.0053857 0.00374948 0.00360994 0.00338692 0.00979339 0.00335387 0.0032774 0.00362557 0.00342875 0.00324895 0.00413008 0.00467048 0.00349085 0.00403587 0.00313442 0.00470889
threshold=-0.31065915524959559 0.00045128475176170474 2.9215588256192863e-05 0.0037913726409897213 -4.4195387090439901e-05 0.024705789051949981 0.0041374436113983401 0.0012223240919411185 0.12951706349849704 0.026007982902228836 0.0011222425382584336 0.07837631925940515 -0.0096411313861608488 -0.00012798498937627298 0.13212692737579348 0.00037939446337986743 0.050309030339121825 -0.040116125717759125 0.00011266075671301225 0.0017319195321761074 0.021049959585070614 1.9603820874181114e-05 0.051736129447817809 0.0038317510625347499 0.0008520966221112759 -0.0044082747772335997 0.013550610747188331 0.1766578480601311 -0.0038814095314592119 0.011133508756756784 -0.00011390094005037098 0.028747665695846084 1.0000000180025095e-35 -0.30682884156703943 0.024106091819703582 0.057872431352734573 0.27321758866310125 0.080312751233577742 0.20198857784271243 -0.013916408177465199 0.036719577386975295 -0.012559239286929367 0.015801372937858108 -6.9292498210415934e-06 0.042150765657424934 -6.7872110553611901e-15 0.0019448557286523285 -0.030730109661817547 -0.023777584545314309 0.023155600763857368 0.0023416811600327496 5.7854244005284279e-05 -0.00046107622620183969 16.305020332336429 -1.2854156850039543e-08 0.00021385950822150337 0.0022131862351670866 0.021990105509757999 -0.19636061787605283 -0.00013313826639205215 0.40597526729106909 -9.669439532444811e-05
decision_type=2 2 2 2 2 2 2 2 2 2 2 2 2 2 2 2 10 2 2 2 2 2 2 2 10 2 2 2 2 2 2 2 2 2 2 2 2 10 2 2 2 2 10 2 2 2 2 2 2 2 2 2 2 2 2 2 2 2 2 2 2 2
left_child=3 2 -2 -1 -5 -6 7 21 -9 10 -10 12 13 14 17 -14 18 -12 -11 -20 -21 31 23 27 25 -25 -24 -8 -26 -7 -31 -4 -23 34 -34 36 -36 42 -39 -40 -38 -42 49 45 60 -44 47 -47 -49 -35 -51 -52 -48 54 -54 -50 -57 -58 -59 -60 61 -45
right_child=1 -3 6 4 5 29 22 8 9 16 11 -13 15 -15 -16 -17 -18 -19 19 20 -22 32 26 24 28 -27 -28 -29 -30 30 -32 -33 33 37 35 -37 40 38 39 -41 41 -43 43 44 -46 46 52 48 55 50 51 -53 53 -55 -56 56 57 58 59 -61 -62 -63
leaf_value=-4.7231257345914443e-06 2.57341621923537e-06 7.2752990111809283e-06 -4.6208363637946581e-06 0.00015793419769812779 -9.2651462484842528e-05 -8.9064282192077309e-05 0.00022202103031678999 1.4207752776301208e-07 -2.1223843074622426e-05 -1.6325383684386797e-05 0.00046921388356128171 -1.0109957832720103e-05 5.9973558652975317e-05 2.538963988629463e-05 2.3729519597730052e-05 -8.4257439695392214e-05 0.00014821877152783986 0.00020774646378608625 -7.8515094121403237e-06 -9.9350858457352827e-05 2.7460702298012481e-05 2.1506352973619984e-06 -3.7251523580008776e-05 0.00042018870382086411 -3.97140097024308e-05 0.00010986829932912277 4.6691543768123157e-05 1.0318077145935519e-05 0.0001057725835712838 0.00018362191730828353 -3.3801762453701104e-05 -4.2112721799856077e-05 -1.2215777564854068e-05 -4.878264582256993e-07 -4.946529952457266e-05 0.00010233980438758276 -9.087399551090957e-05 0.00021231439198266823 0.00010457722597578389 -7.0830408401020375e-06 -0.00039113611952850926 -0.00014930013836208055 3.5724569991605708e-06 -0.00012217882321838576 1.7552120048023315e-05 -1.4766282621145021e-06 -3.7363378826297542e-05 6.0893235811825227e-05 -2.6456538820874839e-05 -0.00014231685143601791 0.00040358430901764125 0.00012742194929464963 2.3560618596852776e-06 4.444085662875341e-06 0.00010467182277961029 -3.0655077807877217e-05 -3.8786601496658746e-05 -6.1062921226929178e-05 -0.00013688445517125633 -0.00031591907143767355 -0.00014507723652720683 8.5239187779042581e-06
leaf_weight=390770.48583984375 1034850.6628726125 227315.74914550781 392893.22560501099 190.31381797790527 2787.7930151820183 604.60055667161942 178.13909500837326 46653.305578231812 30741.584836959839 5996.7434274554253 212.79185181856155 6109.8504036664963 1080.2230238318443 1351.4200176000595 259.11550658941269 934.28252977132797 275.49258422851562 517.23219788074493 2561.5457555055618 6020.4560772776604 626.04387092590332 733306.10960769653 5662.6800408363342 311.06540757417679 664.96654784679413 756.21630531549454 1740.4784064292908 35271.69295912981 802.7383496761322 436.56653761863708 739.05566239356995 5351.5236892700195 11514.199409484863 432413.97300815582 2902.8615945577621 387.27801513671875 635.73852598667145 275.94548952579498 1053.2553068399429 1375.8745210170746 239.12078857421875 386.47048950195312 50462.964404881001 1298.0245163440704 1629.2064605951309 12565.563925027847 2946.6306183338165 971.66580581665039 21304.474272429943 247.52567327022552 194.68582260608673 255.6929349899292 1340.4685605764389 8894.4491541385651 2102.512019276619 4633.1677668094635 1754.0524687767029 769.25129628181458 1022.4231967926025 457.23329186439514 1385.3833999633789 1465.9113212823868
leaf_count=262043 733851 141994 280805 78 1509 330 118 28149 18500 3509 97 3567 565 789 162 532 133 249 1448 3213 320 494101 3356 198 391 433 1008 25012 467 213 441 3100 7868 286352 1573 181 397 108 410 670 103 169 31772 588 979 7944 1709 489 13932 127 90 129 745 5935 1044 2751 1055 468 619 261 687 765
internal_value=-8.0697e-08 5.75521e-07 4.70787e-08 -5.23933e-06 -4.76123e-05 -5.62413e-05 -1.36827e-06 -1.70676e-06 -1.09389e-05 -2.00583e-05 -1.16253e-05 1.657e-05 5.39875e-05 0.000106384 0.000216769 -6.93477e-06 -4.25015e-05 0.000285034 -4.59761e-05 -6.52784e-05 -8.74016e-05 -1.14502e-06 1.20682e-05 1.78334e-05 0.000107798 0.00020093 -1.75093e-05 1.13944e-05 3.98933e-05 8.16395e-07 4.71131e-05 -5.12485e-06 7.39953e-08 -2.61228e-06 -2.83049e-05 -6.89836e-05 -8.49585e-05 -1.86281e-06 5.89596e-05 4.13783e-05 -0.000166436 -0.000242689 -2.16319e-06 -9.14256e-06 -5.51801e-05 -6.70598e-06 -1.55326e-05 -2.45072e-05 -3.38682e-05 -3.09943e-07 0.000109591 0.000248056 9.99681e-06 2.13124e-05 6.48613e-05 -3.69474e-05 -6.28152e-05 -0.000100005 -0.000147675 -0.00019256 -8.37326e-05 -5.29018e-05
internal_weight=3.50486e+06 3.10933e+06 2.88202e+06 395529 4758.33 4568.02 1.84716e+06 1.80178e+06 103340 56686.8 41206.5 10464.9 4355.07 2340.56 989.14 2014.51 15480.3 730.024 15204.8 9208.05 6646.5 1.69844e+06 45388 37984.8 2534.99 1067.28 7403.16 35449.8 1467.7 1780.22 1175.62 398245 1.30019e+06 566886 16065.7 4551.47 4164.19 550820 2705.08 2429.13 1261.33 625.591 548115 115003 5778.53 109225 58761.9 43477.8 30912.3 433112 697.904 450.379 15284.1 12337.4 3442.98 29940.6 8636.13 4002.96 2248.91 1479.66 4149.32 2763.94
internal_count=2380601 2115987 1973993 264614 2571 2493 1240142 1209159 61233 33084 24461 5961 2394 1297 508 1097 8623 346 8490 4981 3533 1147926 30983 26619 1489 631 4364 25130 858 984 654 283905 864021 369920 10291 2423 2242 359629 1188 1080 669 272 358441 71743 3019 68724 36952 27519 19575 286698 346 219 9433 7724 1789 19086 5154 2403 1348 880 2040 1353
is_linear=0
shrinkage=0.05


Tree=73
num_leaves=63
num_cat=0
split_feature=327 277 197 30 1 179 199 201 356 0 204 48 373 42 348 291 171 344 32 19 367 313 197 193 291 19 48 34 374 45 371 1 204 169 370 315 343 237 46 361 333 374 346 202 46 185 344 346 202 45 22 174 0 371 1 14 0 374 29 348 201 46
split_gain=0.00446497 0.00559034 0.00777998 0.00702207 0.00599489 0.00613439 0.00681572 0.0187001 0.0055926 0.00509895 0.00775109 0.0105342 0.00788276 0.00559162 0.00504858 0.00491432 0.00479282 0.00464322 0.00460689 0.00424237 0.00414293 0.00419695 0.00714744 0.00402916 0.00390172 0.00383427 0.00383097 0.0090632 0.0093815 0.00657784 0.00601512 0.00478811 0.00767922 0.00660879 0.00506383 0.00569561 0.00528583 0.00510393 0.00470937 0.0118193 0.00621997 0.00612967 0.00576168 0.00479083 0.00509475 0.00461172 0.00458408 0.00432958 0.00407759 0.00383014 0.00378226 0.00372627 0.00372421 0.00606758 0.00358445 0.00659567 0.00564334 0.00530683 0.00415686 0.00349092 0.00518629 0.0064296
threshold=-0.00056729500647634257 0.44903862476348883 0.0019650865579023962 0.031185752712190155 0.05654831416904927 0.0051392274908721456 6.7288106947671636e-05 0.0003195215249434114 -0.52346158027648915 0.0068808046635240325 0.0010795257403515281 0.20968962460756305 0.015803250484168533 0.05531145632266999 0.88649776577949535 0.46102485060691839 -0.0033188560046255584 0.11984986066818239 0.060808217152953155 0.0035792863927781586 -3.395980208154014e-08 0.034015435725450523 0.0052974459249526271 -0.03101306967437267 4.5568456649780282 1.5515191080339722e-05 0.18928422033786776 0.066673770546913161 0.0034234502818435435 0.0127153885550797 -5.056412355486372e-08 0.027450405061244968 0.00011266075671301225 0.051898434758186347 0.0094484421424567717 0.010055114515125753 0.29654425382614141 0.72246551513671886 -0.0063019187655299893 -0.00022305497986963016 0.21755424141883853 0.003524446277879179 0.56001675128936779 0.0017194329993799331 -0.020520248450338837 0.034062707796692855 0.29039584100246435 -0.1281560733914375 0.0008827710698824377 0.0071955644525587567 0.00029214815003797417 -0.0016431947587989269 -0.027487963438034054 -1.0692664318412424e-06 0.0025966661050915722 -0.0086765415035188181 -0.009062907658517359 0.0078285848721861857 -0.0023486525751650329 0.17082846909761432 0.00050327047938480984 -0.0052164900116622439
decision_type=2 2 2 8 2 2 2 2 2 2 2 2 2 8 2 2 2 2 10 2 2 2 2 2 2 2 2 10 2 8 2 2 2 2 2 2 2 2 2 2 2 2 2 2 2 2 2 2 2 8 2 2 2 2 2 2 2 2 10 2 2 2
left_child=20 49 3 17 5 -5 7 -7 19 13 11 12 18 14 26 -14 -6 59 -11 -8 21 52 -23 -19 -10 -18 27 31 51 38 -30 33 45 -4 37 36 -36 -34 43 46 41 -41 -42 -28 -45 -33 -40 -32 -39 -2 -47 -29 53 -1 55 -25 -57 -58 -59 -3 -61 -62
right_child=1 2 9 4 16 6 8 -9 24 10 -12 -13 15 -15 -16 -17 25 23 -20 -21 -22 22 -24 54 -26 -27 29 28 30 -31 47 32 34 -35 35 -37 -38 48 39 40 42 -43 -44 44 -46 50 -48 -49 -50 -51 -52 -53 -54 -55 -56 56 57 58 -60 60 61 -63
leaf_value=0.00030857171437286793 -2.9788043968350614e-06 1.5672579373378973e-06 -8.7263974840412215e-06 1.138502001925693e-05 7.1720876108085274e-05 5.6978160607378439e-05 6.6636797468513145e-05 0.00053080865275914992 3.9425383200676908e-05 2.1487432523628058e-05 0.00015973966655837165 -7.8261644644411665e-05 4.9103138757889694e-05 -0.00010245988837038172 0.00011950799574822431 0.00027613379468096336 -0.00017323769314472502 -2.8366788948037233e-05 -0.00011495993034587489 -5.6027697174220831e-05 7.4823091606283122e-07 3.2459418062921279e-05 0.00027948831923557151 7.9783110345058793e-07 0.00010555054592990856 -2.371955246720947e-06 9.0212207303489756e-06 8.5805603180305273e-05 -0.00046001693332130777 -3.8409263462590582e-05 -0.0003168480852787418 -1.9612329984762674e-05 -7.7122281463854771e-05 0.00011950799574822431 -8.3123962127958789e-05 0.00011950799574822431 0.00011456197261848476 -2.4321467276189936e-05 -0.00013169305368652896 -2.8074407463450149e-05 0.00011950799574822431 0.00011950799574822431 -6.6890413985452193e-05 6.7341148727020138e-05 -0.00021667553010773597 8.6472000389344005e-06 6.0510198420527379e-05 -2.528380394316201e-05 0.00011950799574822431 -1.2928003550527506e-05 0.00011406081167655831 -9.7348731788396607e-05 8.0286100638413988e-06 4.2965331472885984e-05 -5.2186323227885644e-06 0.00014850564319497135 1.5132853277603941e-05 -3.67859136723171e-06 0.000172529918334571 6.7063163325853311e-06 2.7956412377920895e-05 0.00014170535779128792
leaf_weight=249.82750111818314 774693.43550139666 1134734.9594052434 147862.69885867834 35867.234832763672 2215.3659343719482 978.74316596984863 985.22623974084854 262.7114143371582 17111.561987280846 15376.583825349808 891.4951171875 2933.1515483856201 473.17269784212112 1629.8536529541016 753.08940857648849 480.48306840658188 329.00812804698944 16028.168151855469 642.56775283813477 2463.2547373175621 413371.376953125 1309.1932983398438 375.42816162109375 65125.804008483887 2564.5842577219009 40617.468222737312 15987.767084121704 425.98525315523148 245.3406508564949 6493.4151000976562 232.75817108154297 10492.909662663937 11839.025826334953 947.6713986992836 1122.597215294838 377.63072562217712 481.59181845188141 2558.899901509285 1054.7603513002396 1824.5042468309402 3508.8805915117264 382.400998711586 413.40447235107422 234.16037440299988 477.90291905403137 2480.2198393940926 437.74570262432098 279.05954945087433 301.7463264465332 110534.50732421875 1293.6570603251457 789.39006972312927 219701.36728668213 1477.9952756762505 302436.85919070244 1123.001069188118 8588.1909917593002 492.54621350765228 1041.8317722082138 100149.36725491285 12932.020620584488 1372.5950410366058
leaf_count=95 544230 797412 89477 26619 1288 556 491 124 10547 9381 416 1641 233 750 390 215 190 10262 435 1625 263589 720 153 44080 1667 25609 9250 194 126 3204 115 6613 6929 559 565 183 253 1481 451 892 1568 206 251 102 206 1487 160 136 170 83809 703 401 139249 632 206828 635 5315 300 455 66645 7440 893
internal_value=-7.66328e-08 -9.17293e-07 5.57467e-07 1.70771e-06 1.43464e-05 2.45378e-05 4.38963e-05 0.000157941 3.77606e-05 -7.9691e-06 1.56699e-05 9.20232e-06 2.43248e-05 -1.02566e-05 -9.55114e-06 0.000163827 1.23733e-07 9.12822e-07 1.60005e-05 -2.09643e-05 3.71186e-06 9.20264e-06 8.77775e-05 -3.81357e-06 4.8054e-05 -3.75327e-06 -1.00095e-05 -1.27737e-05 -0.000119313 6.29179e-06 -0.000257219 -1.16033e-05 -2.94966e-05 -7.88165e-06 -5.25278e-05 2.24795e-05 -2.37081e-05 -6.2642e-05 1.82284e-05 5.07904e-05 8.15126e-05 1.43435e-05 0.000119279 3.36294e-06 -0.00012335 -2.56376e-06 -7.53151e-05 -0.000158595 -2.70221e-06 -4.22114e-06 4.48235e-05 -3.31182e-05 8.60406e-06 8.1682e-05 -2.77453e-06 6.9042e-06 4.22612e-05 3.04474e-05 0.000116035 2.40672e-06 1.07292e-05 3.88894e-05
internal_weight=3.50486e+06 2.86837e+06 1.98315e+06 1.74742e+06 103395 60233.3 24366.1 1241.45 23124.6 235727 20797.5 19906 16972.8 214929 213299 953.656 43161.8 1.64403e+06 16019.2 3448.48 636485 223114 1684.62 394836 19676.1 40946.5 212546 181731 1972.53 30814.9 757.158 179759 30948.3 148810 16681.5 1981.82 1604.19 14699.7 24321.5 7621.7 6129.19 2206.91 3922.29 16699.8 712.063 14266.8 1492.51 511.818 2860.65 885228 3773.88 1215.38 221429 1727.82 378808 76371.4 11245.6 10122.6 1534.38 1.24919e+06 114454 14304.6
internal_count=2380601 1976163 1348124 1208981 68716 41629 15010 680 14330 139143 12321 11905 10264 126822 126072 448 27087 1140265 9816 2116 404438 140849 873 267875 12214 25799 125682 109392 972 16290 377 108420 18384 90036 9581 1001 818 8580 13086 3528 2917 1098 1819 9558 308 8803 611 251 1651 628039 2190 595 139976 727 257613 50785 6705 6070 755 872390 74978 8333
is_linear=0
shrinkage=0.05


Tree=74
num_leaves=63
num_cat=0
split_feature=211 206 327 32 201 256 355 327 239 243 327 278 336 361 374 357 368 240 223 318 217 371 329 332 209 374 48 345 9 198 40 239 355 40 214 374 266 292 374 327 15 185 292 290 355 236 371 206 354 206 358 374 367 292 37 292 273 48 199 179 329 361
split_gain=0.00469253 0.00459057 0.00498453 0.00367005 0.00547056 0.00442503 0.00654202 0.00448104 0.00432712 0.00684507 0.00362973 0.00585847 0.00614379 0.00498423 0.00950323 0.00609808 0.00593271 0.00572859 0.00564195 0.00559483 0.00425343 0.00419223 0.00395334 0.00471837 0.00517438 0.0038006 0.00421968 0.00419017 0.00672142 0.00461659 0.00412726 0.00378396 0.00472537 0.00404104 0.00369128 0.00362955 0.00361968 0.00454687 0.00556798 0.00340028 0.00335131 0.00349353 0.00327383 0.00414089 0.00393713 0.00324986 0.00318712 0.00313433 0.00304946 0.00291084 0.00307582 0.00285775 0.00281465 0.00280555 0.00494836 0.00308955 0.00278853 0.00274249 0.00273834 0.00324842 0.00485248 0.00462621
threshold=2.6778747269418094e-05 4.3434287363197661e-05 -0.0017679880838841198 0.029821247793734077 0.0001019042028929107 -1.2000165305892095e-08 -0.10441715270280837 0.0012223240919411185 -0.9899592101573943 -0.6451067030429839 0.0025823281612247233 0.716291904449463 0.13795012980699542 0.00041026015242096042 0.0089998864568769949 0.14434261620044711 -0.00014112811913946641 1.6721596717834475 0.16563814133405688 0.0022926381789147858 0.00045128475176170474 -1.81692044520787e-07 0.42178764939308172 0.33710998296737676 9.6772451797733097e-05 0.0008579671266488732 0.17946330457925799 -0.59401980042457569 0.0096352794207632559 0.0039217581506818542 0.0034938120516017084 -1.0536302924156187 -0.25845973193645472 0.00095567616517655562 0.00013185894204070794 0.01580048352479935 0.026893996633589271 -0.026974059641361233 0.0029178032418712978 -0.000132076303998474 0.012379621155560018 0.016863469965755943 0.53234517574310314 0.46626555919647222 -0.0033443578286096449 0.89598536491394054 -1.001002551959118e-07 0.00072720376192592095 -0.17646997421979901 0.00056032949942164134 -0.0026790648698806758 0.0003270118468208239 3.3312032599042146e-07 1.7509500980377199 0.028489842079579834 -0.0011572754010558126 -0.0013215239741839466 0.035983519628643997 0.00057775160530582081 0.013841562904417517 0.14441081881523135 -0.0011584988678805528
decision_type=2 2 2 10 2 2 2 2 2 2 2 2 2 2 2 2 2 2 2 2 2 2 2 2 2 2 2 2 2 2 10 2 2 10 2 2 2 2 2 2 2 2 2 2 2 2 2 2 2 2 2 2 2 2 10 2 2 2 2 2 2 2
left_child=-1 3 51 39 45 -6 7 -7 -9 -10 20 13 42 15 16 18 22 36 40 -16 34 -19 25 -24 -25 -15 27 28 29 -27 -28 33 -33 -26 -4 -21 37 38 -18 -2 47 -42 43 -13 -44 -5 -39 -12 -22 -29 -51 -3 -48 55 -55 -32 -20 -23 -50 -60 -61 -62
right_child=1 2 10 4 5 6 -8 8 9 -11 11 12 -14 14 19 -17 17 21 56 35 48 57 23 24 31 26 30 49 -30 -31 53 32 -34 -35 -36 -37 -38 46 -40 -41 41 -43 44 -45 -46 -47 52 -49 58 50 -52 -53 -54 54 -56 -57 -58 -59 59 60 61 -63
leaf_value=-3.0191132163741117e-06 1.1814289395309094e-05 -6.8157166299091188e-05 8.0620940864182105e-07 1.6546354604190176e-05 8.3772704733826515e-06 8.5925255068495881e-05 3.7446779307267637e-05 7.0018068576794518e-05 0.0005607774506499781 0.00020029964981150216 -6.312168040055123e-05 -7.1265278449888177e-05 -0.00029467361457296144 0.00017226060202999249 0.00017384121348586616 5.6770129252008205e-05 2.1980992542068353e-05 0.00030060547338560005 0.00019666293050343145 5.8349519653497987e-05 -3.0334251575359073e-06 0.00025010531614264345 -7.6423498159356752e-05 0.00030696395325796231 0.00033983300953120639 4.3736131501837085e-05 6.8684259149996989e-05 -6.2132766668349568e-05 -5.6606193484279799e-05 0.00036685403362569046 3.3512003351324461e-05 0.00016902023655010283 -2.4777743493746587e-05 5.954891723707936e-05 -4.0863813182909022e-06 -0.00016134725187594862 0.00019344571500906765 5.3894059483151168e-05 0.0002703638991439253 2.1864628304764118e-06 -0.00032825425623846447 -0.00010612739218095776 -5.5354424522730499e-05 0.00011921109125396762 -0.00027166989841275184 -4.3079381548556962e-05 -6.2825144896873155e-05 0.00010166703841651792 5.9681681401644048e-06 -0.00020985507907857355 -6.6822831200059378e-06 1.4024596572360846e-05 8.2571716869837193e-05 -7.6602591786572108e-05 0.00027557050947845659 -6.607665869267802e-05 -6.6290779455901725e-06 3.1167803123334101e-05 3.0070038527774519e-05 2.5665517424862629e-05 -0.0001970833276598698 -2.3220218334684172e-05
leaf_weight=974140.66690093279 113823.49369192123 1071.9448928833008 950072.1675491333 12123.078479766846 3328.4546482563019 1341.4125367999077 3504.7873693108559 306.64927887916565 179.07517087459564 499.57175958156586 2774.1506536006927 850.02908599376678 315.92212009429932 215.92725694179535 1129.7673416733742 1356.9490804672241 808.77874392271042 280.09620279073715 181.46613574028015 1367.9245657324791 60717.628112792969 179.98731172084808 973.33082139492035 181.57908350229263 182.93430632352829 267.04131531715393 1430.4651164412498 6839.2562886476517 920.07593393325806 187.39351892471313 1040.5633338689804 370.12525707483292 2030.7228035926819 425.92557179927826 648762.16889953613 215.94088745117188 255.74674224853516 1053.4153708815575 311.14750730991364 471919.92473077774 187.59689056873322 2804.2561993598938 604.76329469680786 427.00587797164917 321.68588805198669 2814.0394554138184 2884.3807351589203 320.22128868103027 105884.80999755859 695.02330815792084 254.40744888782501 70677.742683410645 374.49822509288788 199.88840419054031 195.75037145614624 3081.29975014925 2092.3686600923538 671.8356711268425 29677.067993164062 7510.1721307039261 413.61203765869141 4830.0424917936325
leaf_count=684378 78028 611 647698 7817 2151 790 2225 154 87 267 1458 440 167 143 544 613 556 155 73 703 37689 79 546 101 105 168 653 4048 502 89 448 186 1158 260 422590 111 149 678 167 337188 84 1501 330 217 188 1768 1825 148 68846 424 147 41009 172 124 78 1496 1153 416 17346 4190 205 2961
internal_value=-7.02909e-08 1.06479e-06 -1.35095e-07 4.84418e-06 2.3967e-05 5.43847e-05 8.06325e-05 0.000145596 0.000226496 0.000296788 -6.36818e-07 -1.52998e-05 -8.91502e-05 -1.0493e-05 -1.15561e-07 -4.14844e-05 -9.30593e-06 3.08265e-05 -5.74422e-05 8.89362e-05 -3.02142e-07 0.000133447 -2.33494e-05 1.98419e-05 4.9232e-05 -3.50863e-05 -3.80715e-05 -5.93552e-05 2.11051e-05 0.000178003 -5.2738e-06 3.34892e-05 5.21482e-06 0.000144598 -1.17907e-06 2.82308e-05 1.03651e-05 1.67769e-06 9.13478e-05 4.05741e-06 -8.25417e-05 -0.000120265 -5.9443e-05 -7.48833e-06 -0.000130888 5.30906e-06 -2.16417e-05 -4.60139e-05 6.40516e-06 -7.35562e-05 -0.000155542 1.27949e-05 -4.60763e-05 -2.87126e-05 9.81519e-05 -4.09315e-05 9.75346e-06 7.7906e-05 1.02691e-05 2.10012e-05 -1.02502e-07 -3.70042e-05
internal_weight=3.50486e+06 2.53072e+06 1.92088e+06 609840 24097.1 9159.95 5831.5 2326.71 985.296 678.647 1.84913e+06 41261.6 2519.41 38742.2 29025.2 9717.01 26311.6 6819.89 8360.06 2713.63 1.80787e+06 1131.92 19491.7 4164.62 3191.29 15327.1 15111.2 9163.2 1374.51 454.435 5947.97 3009.71 2400.85 608.86 1.59883e+06 1583.87 5687.97 5432.22 1119.93 585743 6086.23 2991.85 2203.48 1277.03 926.449 14937.1 4312.29 3094.37 209033 7788.69 949.431 71749.7 3258.88 4517.5 395.639 4121.86 2273.83 851.823 148316 42430.9 12753.8 5243.65
internal_count=2380601 1696223 1265748 430475 15259 5674 3523 1298 508 354 1224128 22603 1342 21261 16231 5030 14873 4197 4417 1358 1201525 650 10676 2356 1810 8320 8177 5378 759 257 2799 1709 1344 365 1070288 814 3547 3398 723 415216 3191 1585 1175 657 518 9585 2675 1606 131237 4619 571 41620 1997 2146 202 1944 1226 495 93548 24702 7356 3166
is_linear=0
shrinkage=0.05


Tree=75
num_leaves=63
num_cat=0
split_feature=63 64 65 0 193 42 314 187 357 315 371 0 23 196 337 346 239 45 278 35 373 206 371 372 314 355 174 259 24 355 291 342 339 205 292 240 291 283 342 108 1 362 197 355 2 369 373 188 0 361 357 367 344 365 176 33 362 344 337 1 177 337
split_gain=0.00454922 0.00427026 0.00378786 0.00323871 0.00635837 0.00460462 0.00353201 0.00338529 0.00435446 0.0063815 0.00444266 0.00402243 0.00461782 0.00388927 0.00406135 0.00521954 0.0039672 0.00385139 0.00359288 0.00485617 0.00581529 0.00416705 0.00439016 0.00517883 0.00726899 0.00460216 0.00421771 0.00631875 0.00419654 0.00414517 0.00358162 0.00339588 0.00318765 0.00316772 0.0034742 0.00304717 0.00743931 0.00433803 0.00296263 0.00365507 0.00542803 0.00389548 0.00437017 0.00686483 0.0126905 0.0131172 0.00512554 0.00319263 0.00297755 0.00330421 0.00657197 0.00430437 0.00296227 0.0048941 0.00364407 0.00294918 0.00291827 0.00290431 0.00284266 0.00356562 0.00464955 0.00342854
threshold=1.8489682815925337e-06 7.6948752393946065e-05 1.0000000180025095e-35 -0.011932536493986843 0.060244310647249229 inf -0.062205033376812928 0.052522098645567901 0.069278426468372359 -0.026114296168088909 2.5930158642495376e-07 0.01459197234362364 0.014782494865357878 0.0013808089424856009 0.12379373982548715 -0.15110307186841962 1.2426223158836367 0.024215578101575378 0.5600021779537202 0.042023185640573509 0.010087327100336553 0.00056032949942164134 2.8224555137512658e-07 -0.00031073455465957517 0.0025230804458260541 -0.017583918757736679 0.022409618832170967 0.40674613416194921 0.019272067584097389 -0.27388285100460047 0.73567861318588268 1.3988562822341921 0.48989580571651464 0.00055725293350406002 0.57690784335136425 -0.99776768684387196 0.92563602328300487 0.45758120715618139 2.1860492229461674 23.134233474731449 -0.0037008258514106269 0.002616002107970417 0.0031235336791723971 -0.014346808660775421 -0.01192979561164975 0.0043103480711579331 0.018267727456986908 0.0001134440681198612 -0.00054874722263775755 0.00053206153097562503 -0.54656541347503651 -5.7634595577837893e-05 -0.14019057899713513 0.000966780644375831 0.010593441780656578 0.066236786544322981 0.0021036964608356361 0.063502237200737013 0.0034054310526698832 -0.013116564601659773 -0.00011648902727756648 0.20204638689756396
decision_type=2 2 2 2 2 8 2 2 2 2 2 2 2 2 2 2 2 10 2 10 2 2 2 2 2 2 2 2 2 2 2 2 2 2 2 2 2 2 2 2 2 2 2 2 2 2 2 2 2 2 2 2 2 2 2 10 2 2 2 2 2 2
left_child=1 3 -2 4 6 7 -1 11 13 10 -10 18 35 -9 15 16 -15 -14 19 38 21 22 28 24 -24 26 27 -26 52 -22 -17 -16 -23 -6 -35 36 -13 -38 48 40 -40 -42 -43 46 45 47 -44 -45 49 50 -5 -52 53 54 -21 -11 -57 -18 59 -8 -61 -60
right_child=2 -3 -4 5 33 -7 58 8 9 55 -12 12 17 14 31 30 57 -19 -20 20 29 32 23 -25 25 -27 -28 -29 -30 -31 -32 -33 -34 34 -36 -37 37 -39 39 -41 41 42 43 44 -46 -47 -48 -49 -50 -51 51 -53 -54 -55 -56 56 -58 -59 61 60 -62 -63
leaf_value=-0.00012706038213068126 -1.4515144528111373e-06 9.8894070979928771e-06 -9.9560653586435199e-06 0.00033092847483131129 0.00016100809295105731 -0.0001621720625984468 -2.5767938842497952e-05 6.8389701249504935e-06 0.00023661017338303552 -3.2098899127291511e-05 2.1412613284126419e-06 3.0135733039621495e-05 -7.9340633118490207e-05 -7.9272512534144001e-05 -5.067759796985762e-05 -1.0474705612115478e-05 -3.0544423167412669e-05 0.00011163149737600101 -1.6538638603454431e-06 6.9271665322303132e-05 5.1044099029325099e-05 0.00010246083220306592 3.205154628030846e-05 1.2124250926433086e-05 0.00019739914896052245 6.5823131813114619e-05 6.8220794458022163e-05 0.00047534342031787602 0.00017921535611054598 -1.9102532347013054e-05 0.00010638873340980244 -0.000294327272432294 -5.9621698148138554e-05 -5.7925963867545035e-05 0.0001091956102133373 1.2268452571477295e-05 0.00041420133463470937 0.00012890991899216331 -5.4340971102082636e-05 3.540954364311114e-06 -2.1405507770203335e-05 -3.7274708355241072e-06 -9.5044781979339985e-06 1.5891155090714201e-05 -3.153582875885574e-05 0.000631683466051186 0.00026352698991280341 0.00025515227209730207 3.1563458321530029e-07 5.1355442594624122e-06 0.00026758163216416972 1.9066929997575437e-05 1.1472079864538681e-05 3.5846426715566238e-05 0.00028359143672408927 -6.0942644877558966e-05 -0.00015530991999590621 0.00017041679203599858 1.4788584098737466e-05 1.7117222733749314e-05 -1.1808086694675042e-05 -1.294509296012167e-05
leaf_weight=496.06372833251953 476850.58958274126 124343.95262825489 180480.71110260487 169.39386558532715 934.91389846801758 435.84231567382812 12519.88720703125 19141.983164548874 296.23025465011597 4062.0605890750885 626.41223955154419 8092.0935291051865 1913.7273299694061 3805.1594633460045 314.2955938577652 2099.3722277283669 472.70917785167694 304.41464924812317 1436596.5165231228 406.06862050294876 2659.2319869995117 371.67840445041656 1000.2392736673355 1255.2925084233284 504.91600209474564 422.80390673875809 226.45699310302734 347.84261029958725 474.88824939727783 10093.416538238525 951.17057412862778 261.98163950443268 1611.5135892629623 529.94396781921387 747.2922191619873 24680.806556940079 156.94341570138931 851.43553596735001 6064.6484603881836 124964.22955322266 32281.460302114487 109360.1196615696 3008.0338460206985 241.67686098814011 601.64435702562332 191.26166576147079 180.30307829380035 328.45311671495438 392066.17404675484 305013.06176757812 173.2334041595459 31130.896220564842 8519.5677415728569 3151.2685554027557 388.93788361549377 2324.6192446947098 1267.301722407341 287.65404742956161 92408.785832226276 30062.936869621277 25826.188907682896 12670.374759793282
leaf_count=287 319443 79385 115376 84 336 176 8164 11368 130 2412 316 5042 934 1938 154 1137 235 128 984038 217 1701 209 555 710 201 236 149 128 232 7923 496 123 905 223 271 15799 85 523 4003 82080 22380 75441 1697 134 374 109 98 132 278904 213702 65 18997 5569 1857 174 1193 641 134 63167 20260 18337 9093
internal_value=-3.74501e-08 8.2827e-07 -3.7866e-06 4.14393e-07 6.97019e-06 -3.92802e-08 5.89862e-06 -1.13947e-08 -1.52539e-05 -4.63323e-05 7.77705e-05 2.06712e-07 1.67994e-05 -5.49988e-06 -3.43251e-05 -2.46185e-05 -5.84433e-05 -5.30549e-05 -3.47627e-08 2.20779e-06 2.15595e-05 3.93265e-05 4.74644e-05 9.50312e-05 0.00013658 0.000206053 0.000260767 0.00031162 3.364e-05 -4.46957e-06 2.60096e-05 -0.000162078 -2.91725e-05 9.11667e-05 3.98723e-05 2.1389e-05 4.61163e-05 0.000174044 1.60294e-06 -2.79626e-06 -7.99746e-06 -6.07424e-06 -1.7292e-06 4.62657e-05 0.000140093 0.00027544 6.0912e-06 0.00015414 3.27688e-06 6.72723e-06 2.21511e-05 2.04592e-05 2.80664e-05 6.38678e-05 0.000174571 -6.13086e-05 -9.43052e-05 4.57291e-05 6.28026e-06 -1.65202e-06 3.75098e-06 1.14443e-05
internal_weight=3.50402e+06 2.84669e+06 657331 2.72235e+06 176196 2.54615e+06 173984 2.54572e+06 35910.9 8576.62 922.642 2.5098e+06 35999.4 27334.3 8192.34 7616.07 4565.52 2218.14 2.47381e+06 1.03721e+06 31434.1 18681.5 16698.3 3757.55 2502.26 1502.02 1079.22 852.759 12940.7 12752.6 3050.54 576.277 1983.19 2212.15 1277.24 33781.3 9100.47 1008.38 1.00577e+06 277222 152258 146193 113911 4551.37 1363.04 761.392 3188.34 570.13 728553 336487 31473.5 31304.1 12465.8 3946.28 795.007 7653.98 3591.92 760.363 173488 68409 55889.1 105079
internal_count=2380310 1945491 434819 1866106 120138 1745968 119308 1745792 20277 4692 446 1725515 22511 15585 4217 3940 2307 1062 1703004 718966 20766 11142 10028 1979 1269 714 478 329 8049 9624 1633 277 1114 830 494 21449 5650 608 698200 186448 104368 100365 77985 2544 749 375 1795 266 511752 232848 19146 19062 7817 2248 391 4246 1834 369 119021 46761 38597 72260
is_linear=0
shrinkage=0.05


Tree=76
num_leaves=63
num_cat=0
split_feature=51 213 327 281 27 374 213 14 373 355 246 2 327 209 277 266 355 372 22 329 372 11 27 256 367 2 0 354 357 374 354 182 256 374 346 64 49 213 0 372 358 253 14 356 34 266 18 49 368 208 249 347 373 48 68 357 49 327 201 256 109 368
split_gain=0.00448686 0.00434171 0.00372708 0.00300661 0.00480815 0.00310133 0.00238952 0.00270429 0.00291198 0.00230595 0.00218618 0.00213465 0.00200525 0.00194447 0.00192082 0.00224019 0.00189094 0.00377265 0.00625388 0.00275696 0.00237396 0.00227954 0.00225187 0.00183159 0.00368709 0.00179342 0.00171021 0.00158485 0.00152803 0.00150115 0.00148324 0.00148289 0.0014578 0.00144866 0.00741657 0.00141636 0.00139821 0.00136389 0.00135989 0.00180199 0.00211692 0.00139395 0.00134895 0.00134214 0.00221704 0.00241929 0.00194717 0.00177957 0.00145683 0.00142187 0.00132466 0.00144587 0.00162535 0.00185917 0.00130608 0.00129577 0.00173137 0.00160672 0.00129444 0.00127994 0.00126424 0.00125838
threshold=2.0691781173809435e-05 1.268102278118022e-05 -0.00055593505385331799 0.22310286760330203 0.072304811328649535 0.013072543777525427 0.00015875834651524204 0.028023774735629562 0.001502071332652122 -0.034792939200997346 -0.21618061512708661 -0.01887708809226751 0.00064118584850803028 2.7924966161663182e-05 0.35001567006111151 -0.0027213684516027565 -0.065634392201900468 -0.00065224088029935945 0.0027511502848938112 0.20650883764028552 6.3231014792108922e-05 0.058846050873398788 0.036623200401663787 0.21544124186038974 1.0058940347335012e-06 -0.0067073116078972808 -0.000341682753060013 0.019612465985119346 0.01407710323110223 0.0032920864177867775 0.18479098379611972 0.0060821075458079585 2.5755142907257781e-08 0.01884074974805117 0.54308339953422557 1.0000000180025095e-35 0.040378555655479438 2.6750480174086991e-05 0.012862880714237692 -0.00047696863475721324 -0.038858037441968911 -0.0030425782315433021 -0.020689595490694043 -0.10457411408424376 0.039508294314146049 -0.0064403170254081479 0.00064634543377906095 0.34977939724922186 -0.00011058961899834684 0.00019499937479849907 -0.13172224909067151 -0.04941951856017112 0.00060666081844829034 0.037767037749290473 0.050671311095356948 -0.024160001426935192 0.093711413443088545 -0.0021628815447911616 9.9658180261030807e-05 0.37070311605930334 14.905007362365724 -0.00040891727257985616
decision_type=2 2 2 2 10 2 2 2 2 2 2 2 2 2 2 2 2 2 2 2 2 2 10 2 2 2 2 2 2 2 2 2 2 2 2 2 2 2 2 2 2 2 2 2 8 2 2 2 2 2 2 2 2 2 2 2 2 2 2 2 10 2
left_child=1 33 13 4 5 16 7 12 36 -7 35 -6 37 60 15 32 21 18 29 -20 31 -2 42 -16 59 54 30 28 -13 -18 43 50 -10 -1 -35 -4 -9 -5 55 40 41 -40 -22 -15 48 46 -46 -47 -45 -49 -19 52 53 -52 -17 56 57 -28 -58 -25 -3 -32
right_child=3 2 10 6 11 9 -8 8 14 -11 -12 27 -14 26 23 25 17 20 19 -21 22 -23 -24 24 -26 -27 38 -29 -30 -31 61 -33 -34 34 -36 -37 -38 -39 39 -41 -42 -43 -44 44 45 47 -48 49 -50 -51 51 -53 -54 -55 -56 -57 58 -59 -60 -61 -62 -63
leaf_value=-2.0708433945024703e-06 -2.0708433945024703e-06 1.4192635332462598e-05 4.1581472834887149e-06 -4.1855305162832158e-06 -2.0708433945024703e-06 -2.0708433945024703e-06 1.3452040657964542e-06 -0.00011933278263211415 -4.0278365906429359e-05 -0.00018229276772784993 1.3452040657964542e-06 -0.0001214705616024867 -9.7231252308991724e-06 1.3452040657964542e-06 -3.3625507510371386e-06 -8.229304541335364e-05 -0.00012337994534170367 -3.9470961905019439e-06 -2.0708433945024703e-06 -0.00016393993313916697 -0.00013707021769255361 -0.00010404756970556253 -0.00023759068673749321 -6.5938613728506849e-05 -0.00024571010458793684 -4.0271450797951276e-05 0.00017618169428677878 -1.6537269421253791e-05 -0.00026621627906255535 -0.00030823413243588203 0.00010482436135095003 -2.0708433945024703e-06 -2.0708433945024703e-06 1.2174793006942849e-05 0.0003314579305838603 1.3037505147836576e-05 -2.0708433945024703e-06 -1.1384348700365134e-07 7.8984436917963873e-05 1.901516447397103e-06 0.00014528318966291307 1.3452040657964542e-06 -2.0708433945024703e-06 2.2241068523042949e-05 0.00025378853248417087 1.3452040657964542e-06 8.739306707213617e-05 0.00019977830083139464 3.6482304252949591e-06 4.0043727647102053e-05 -0.00025885031614457556 -1.777194193235499e-05 -3.8282729208924212e-05 -7.3347609752383148e-05 -0.00022075023771860546 1.3452040657964542e-06 1.3452040657964542e-06 4.0289069082068516e-05 2.1665723039994132e-05 -2.0708433945024703e-06 1.3452040657964542e-06 3.393773487457349e-05
leaf_weight=574524.98029726744 26404.498234450817 19755.087238311768 209740.66608613729 336763.05714416504 201.74381113052368 190.63453561067581 468834.10922241211 277.91090035438538 3233.140195608139 451.17759054899216 925920.27253389359 752.13401430845261 87805.532066345215 7079.8451058268547 11122.19494342804 2209.7237061262131 175.82811725139618 9629.8262085318565 765.60490244626999 282.65245521068573 260.85490024089813 562.07318115234375 210.44997262954712 1364.9158368110657 216.14903974533081 4904.1715830564499 233.96564483642578 251.07686173915863 242.58547395467758 309.79633074998856 795.02665591239929 7258.1057188510895 2480.6021139621735 2946.3566716909409 191.86329901218414 57146.871179163456 14544.027592420578 528337.60845184326 879.84925079345703 2151.1910192966461 610.10646057128906 684.44962096214294 373.52959644794464 38996.711099624634 226.18194127082825 775.82617861032486 785.99180293083191 202.68911278247833 14436.430136322975 440.60126447677612 179.44678449630737 10986.795130908489 3789.3237388134003 539.51002353429794 183.59639286994934 45207.731835365295 5489.4998733997345 2826.1238512992859 10597.692962884903 1307.2323684692383 51037.651912689209 2937.8013927936554
leaf_count=422572 15937 13113 143290 237851 80 103 291066 127 1983 214 637224 375 55101 4273 7010 1411 101 5921 424 135 127 362 91 884 104 3387 118 141 133 188 468 4502 1645 1681 92 37981 8644 357103 440 1202 277 355 211 24262 94 409 362 112 9472 239 93 6817 2348 299 93 28460 4158 1484 7225 983 33170 1783
internal_value=-3.54776e-08 1.53732e-06 3.0432e-06 -2.07084e-06 -1.29234e-05 -1.08308e-05 -2.07084e-06 -2.98459e-06 -1.54251e-05 -0.000120004 1.97029e-06 -0.000102948 -2.43827e-06 9.25107e-06 -2.54277e-05 -3.92598e-05 -9.69183e-06 -1.75343e-05 -9.41489e-05 -2.52841e-05 -1.39921e-05 -2.07084e-06 -9.66363e-05 -1.25783e-05 -4.80394e-05 -5.76148e-05 1.27628e-05 -0.00012895 -0.000157234 -0.000242085 1.84668e-05 -1.18302e-05 -1.58053e-05 -2.07084e-06 3.18937e-05 6.05951e-06 -2.07084e-06 -2.07084e-06 7.22489e-06 3.43562e-05 6.64331e-05 3.55338e-05 -4.92766e-05 1.66496e-05 1.93443e-05 6.60224e-05 0.000125003 2.3838e-05 1.7218e-05 9.08364e-05 -1.85116e-05 -2.75614e-05 -5.14e-05 -0.000120237 -9.30898e-05 5.40027e-06 1.63262e-05 5.07873e-05 9.76557e-06 -3.18781e-05 2.53628e-06 4.90834e-05
internal_weight=3.50402e+06 1.97662e+06 1.39896e+06 1.5274e+06 63817.6 62370.1 1.46358e+06 994750 41843.7 641.812 1.19281e+06 1447.54 952906 206150 27021.7 13011.2 61728.3 34761.7 1533.88 1048.26 33227.8 26966.6 844.834 14010.5 2888.3 7297.49 135358 1245.8 994.719 485.624 66677.1 32383 5713.74 577663 3138.22 266888 14821.9 865101 68680.6 4325.6 2174.41 1564.3 634.384 62944.3 55864.4 2431.29 1012.17 1419.12 53433.1 643.29 25124.9 15495.1 4508.28 718.957 2393.32 64355 19147.3 3060.09 16087.2 2672.15 70792.7 3732.83
internal_count=2380310 1374316 949971 1005994 38602 37873 967392 676326 26271 317 818495 729 650055 131476 17500 8519 37556 21257 848 559 20409 16299 429 8981 1971 4891 85193 649 508 289 41474 19980 3628 424345 1773 181271 8771 594954 43719 2274 1072 795 338 39223 34950 1216 456 760 33734 351 15478 9557 2740 392 1504 41445 12985 1602 11383 1867 46283 2251
is_linear=0
shrinkage=0.05


Tree=77
num_leaves=63
num_cat=0
split_feature=134 213 109 46 349 181 373 219 32 45 16 46 292 358 224 0 369 200 38 357 200 202 202 0 0 357 343 48 357 292 200 0 29 109 315 71 176 292 171 315 200 29 349 292 329 46 361 314 373 342 205 46 29 198 40 334 225 18 292 291 175 358
split_gain=0.0044082 0.00348173 0.00322671 0.00386319 0.00510453 0.00445617 0.00373281 0.00367553 0.00362945 0.00389499 0.0046064 0.003335 0.00664234 0.00692774 0.00475668 0.00461363 0.0070388 0.00303959 0.00298992 0.00296936 0.00394194 0.00490752 0.00351914 0.00396481 0.00329891 0.00408105 0.00318552 0.00302934 0.00296351 0.00380625 0.00303916 0.00330239 0.00538605 0.00438432 0.00358587 0.00369822 0.00725941 0.00471706 0.0041086 0.00360427 0.00363853 0.00328857 0.00328432 0.00299987 0.00299434 0.00283512 0.0036235 0.00377161 0.00438173 0.00404301 0.00314017 0.00281683 0.00365743 0.00281156 0.00313032 0.00280729 0.00275096 0.00408405 0.00272736 0.00272079 0.00266755 0.0026657
threshold=-2.4345454221474935e-05 2.5224116143363066e-05 15.355017662048342 -0.027834096923470494 -0.57044866681098927 0.068822897970676436 0.010087327100336553 0.001476030389312655 0.023616180755198005 0.0064891085494309672 0.017680108547210697 0.014920451212674381 1.177939832210541 -1.1445014476776121 -4.4408919208649416e-08 0.0097622517496347445 0.012611035257577898 0.0013601399841718378 0.037302944809198386 -0.15643684566020963 0.0013601399841718378 0.0013101944932714107 0.00070640261401422333 -0.006756747839972376 -0.009948074817657469 -0.43431818485260004 -1.0000000180025095e-35 0.32950659096241003 -0.019853050820529457 0.094171959906816496 4.3245974666206173e-05 -0.011039308737963436 0.044088581576943404 18.564029693603519 0.045433554798364646 0.063019823282957091 0.013687771745026113 2.2031823396682744 0.010955519974231722 -0.020942235365509983 0.00079704765812493872 0.024444203823804859 0.34858849644660955 0.54692146182060253 0.033146737143397338 -0.0066486408468335858 0.0024971952661871914 0.00065734749659895908 0.00064065502374432992 0.20043545216321948 0.00014341903442982587 -0.052851846441626542 -0.005567082902416586 0.0044951804447919139 0.017275079153478149 0.62316355109214794 0.084420111030340209 0.00010186254075961189 -0.18756990879774091 -1.5111737847328184 -0.049275951460003846 -0.071464300155639635
decision_type=2 2 8 2 2 2 2 2 10 10 2 2 2 2 2 2 2 2 10 2 2 2 2 2 2 2 2 2 2 2 2 2 10 8 2 2 2 2 2 2 2 10 2 2 2 2 2 2 2 2 2 2 10 2 10 2 2 2 2 2 2 2
left_child=-1 -2 3 4 -3 8 7 -5 9 18 -11 15 14 -14 -13 19 -17 56 -6 20 24 -22 53 26 25 -8 -24 -26 29 45 -30 32 33 60 35 59 37 39 -38 40 -37 -35 -36 -34 -31 51 47 49 50 -47 -49 52 -4 -21 -55 -41 58 -58 -18 -33 -32 -52
right_child=1 2 28 6 5 -7 11 -9 -10 10 -12 12 13 -15 -16 16 17 -19 -20 22 21 -23 23 -25 27 -27 -28 -29 30 44 31 34 43 41 42 36 38 -39 -40 55 -42 -43 -44 -45 -46 46 -48 48 -50 -51 61 -53 -54 54 -56 -57 57 -59 -60 -61 -62 -63
leaf_value=-2.8375660390623462e-06 -1.3271626607734102e-06 -0.00021457218589129767 2.192431841164354e-05 1.0931282433173348e-05 3.1001600688780657e-06 -0.0001522957066046201 -0.00010832299296447144 4.590103484161649e-05 0.00017586048369758439 -3.0476675614725851e-05 1.4075640869082825e-05 -0.00019405907961658221 0.0002617861117660984 -2.6434251087372971e-05 -3.8983863718091415e-05 -6.8079393950426178e-05 8.3334036086317649e-05 0.00021806660965578402 0.00021350355810173215 6.5591148666950964e-06 -2.5181637458042933e-05 -0.00026568650259436169 0.00018250168383717537 1.2651124597426906e-05 -6.3939932726776986e-06 -1.5429408841901849e-06 4.1404501221564543e-05 5.920968794967201e-05 6.4664320395694546e-06 1.867795540325779e-05 -0.00016858237796787989 1.1863553197993402e-05 3.4108582296096059e-05 1.3776668979592906e-05 4.6256664448102305e-05 0.00018199376071397259 -0.00021650919959162004 0.00013446041540022633 1.3358166365580867e-05 -6.4280397254710451e-05 -5.9842800376575591e-05 -0.00015692182275153424 0.00027121994311644427 0.00014045445715785607 -6.8574274485984341e-06 5.6371608449273739e-05 1.0404556905159245e-05 -0.00011542718898025953 6.6165770631638053e-05 0.00017366909212166595 -5.408600880851167e-05 4.8650263453055334e-06 0.00016737326144212366 -7.1552313462761846e-05 0.00014253657054938938 0.00013258529524927122 0.00030477748882802889 7.3681170614839871e-05 -1.0792174226063699e-05 -4.3306874862717049e-06 -1.5642308630037793e-05 0.00014415657961534137
leaf_weight=1005465.0834960938 936661.64582461119 276.5762597322464 17574.144464492798 241005.71658325195 131403.05692279339 479.11590528488159 1736.9651565551758 7754.1214599609375 291.19161355495453 19518.057120203972 8254.0776977539062 548.60697144269943 358.83401489257812 493.0357900261879 4874.0780866146088 1244.2515602111816 1208.4878157973289 295.09627342224121 167.06480050086975 51485.850128173828 586.98731994628906 330.54112243652344 818.89112627506256 2464.5816521644592 35647.709179222584 1843.4455639719963 783.17657458782196 1849.0428771972656 115819.09683990479 13244.631312131882 288.9505615234375 27391.089122414589 1664.6876397132874 46253.398428440094 1037.3984001278877 353.56703948974609 810.56139373779297 461.53745913505554 255.22837734222412 3312.0383948087692 275.09270095825195 281.89793348312378 190.61874026060104 1102.1845946311951 86101.150807619095 2394.168607711792 12563.753050804138 781.19141358137131 2046.141794860363 1060.0176649093628 394.2816316485405 200480.78064107895 441.17055988311768 1911.0483039617538 185.61916124820709 189.7191880941391 204.95302623510361 2561.0304297208786 2111.8789803981781 487869.17425000668 14271.033288955688 294.55846875905991
leaf_count=669603 674649 137 10220 164898 80368 245 926 4351 131 12911 6245 282 135 337 3389 700 593 117 74 37350 284 148 326 1575 27248 1027 344 865 79367 8620 154 17683 666 33189 628 149 433 178 122 1817 123 158 92 410 55898 1429 9974 406 1087 545 191 136740 196 1006 112 97 100 1248 1081 317890 8895 148
internal_value=-4.1949e-08 1.08306e-06 2.52846e-06 5.73288e-06 -7.27659e-07 -3.55591e-07 8.5929e-06 1.20217e-05 1.02337e-07 -2.21057e-07 -1.72353e-05 1.0808e-06 -3.43442e-05 9.53019e-05 -5.47384e-05 3.15353e-06 4.06316e-05 6.18428e-05 3.37057e-06 2.8459e-07 -9.82804e-06 -0.000112213 7.65124e-06 5.24815e-05 -7.53573e-06 -5.33767e-05 0.000113663 -3.15595e-06 9.16706e-07 4.76776e-06 -9.34546e-07 -2.3973e-06 8.33518e-06 5.24382e-06 -3.70998e-06 -3.91131e-06 -4.41085e-05 -1.67943e-05 -0.00016154 -3.37525e-05 7.63153e-05 1.27359e-05 8.15608e-05 7.65424e-05 -3.45278e-06 8.19874e-06 2.64479e-05 5.53541e-05 1.88828e-05 9.24474e-05 -4.69311e-05 6.56699e-06 2.55043e-05 4.24702e-06 -5.24811e-05 -5.3545e-05 5.41991e-05 9.10127e-05 2.34957e-05 -3.46976e-06 -1.87002e-05 3.08574e-05
internal_weight=3.50402e+06 2.49856e+06 1.5619e+06 522693 160389 160113 362304 248760 159633 159342 27772.1 113544 6274.55 851.87 5422.69 107270 7625.7 6381.45 131570 99643.9 41994.7 917.528 57649.2 4066.65 41077.2 3580.41 1602.07 37496.8 1.0392e+06 337376 701827 586008 63862.2 61095.3 522146 520918 5657.74 4591.95 1065.79 4130.42 628.66 46535.3 1228.02 2766.87 99345.8 238030 19534.1 6970.36 3516.17 3454.19 1470.03 218496 18015.3 53582.5 2096.67 3501.76 6086.35 2765.98 3320.37 515260 14560 688.84
internal_count=2380310 1710707 1036058 348553 100111 99974 248442 169249 99729 99598 19156 79193 4143 472 3671 75050 3839 3139 80442 71211 30498 432 40713 2245 30066 1953 670 28113 687505 225454 462051 382684 43472 42396 339212 338492 2919 2364 555 2186 272 33347 720 1076 64518 160936 13780 3806 1832 1974 745 147156 10416 38468 1118 1914 3022 1348 1674 335573 9049 339
is_linear=0
shrinkage=0.05


end of trees

feature_importances:
open=146
hyd_pp_last=96
rv_w50=90
mid_ewma_resid_a0.05=88
hyd_mu_W50=86
trade_pers_W100=82
hyd_sdr_W50=82
low=81
avgbid=80
mb_intst=77
totalbsize=74
high=72
rskew_W100=71
ma_intst=69
liq_asym_top5_W100=63
hyd_pp_W50=60
ewma_a0.05_lb_intst=57
qrank_W100_imbalance=56
ewma_a0.05_mb_intst=54
ewma_a0.5_mb_intst=54
la_intst=53
ask_mean=53
ewma_a0.05_ma_intst=53
totalasize=51
bsize1=49
cancel_imb_W100=49
hyd_dp_W50=49
liq_asym_top5_W50=48
ofi_tox_lvl1_W50=46
liq_asym_top5_W20=46
qrank_W100_totalasize=42
ofi_tox_lvl5_W50=42
jshare_W100=41
bid_mean=40
mlofi_W60_lvl1=40
ewma_a0.3_mb_intst=40
ewma_a0.05_cb_intst=39
ewma_a0.05_la_intst=38
ewma_a0.5_lb_intst=38
ewma_a0.5_la_intst=38
rskew_W50=37
rv_w20=35
hyd_dp_W5=35
ewma_a0.3_lb_intst=33
hyd_dp_last=33
hyd_mu_W20=33
ask10=32
ewma_a0.1_mb_intst=31
ofi_tox_lvl1_W20=31
trade_pers_W50=31
ewma_a0.1_lb_intst=30
hyd_dp_W20=30
asize1=29
wmp_lvl10=29
dualz_bid_diff1=28
signed_bv_W50=28
ewma_a0.05_ca_intst=27
signed_rv_W100=27
hyd_sdr_W20=27
bid10=26
ewma_a0.3_la_intst=26
bsize6=25
gofi_W60_lvl1=25
asize10=24
roll_eff_spr_ratio_W50=24
hyd_pp_W20=24
asize9=23
hyd_mu_W5=23
bsize9=22
ask9=22
lb_intst=22
mlofi_W60_lvl3=22
jshare_W50=22
signed_bv_W100=22
bid9=21
bsize4=21
bsize7=21
ask8=21
asize7=21
mlofi_W60_lvl2=21
mlofi_W60_lvl6=19
mlofi_W60_lvl10=19
ewma_a0.1_ma_intst=19
dualz_spread10=19
avgask=18
ewma_ofi_a0.05_lvl5=18
bid8=17
asize3=17
gofi_W60_lvl4=17
gofi_W60_lvl6=17
rv_ratio_W50_W100=17
asize6=16
asize8=16
mlofi_W60_lvl8=16
ewma_ofi_a0.05_lvl10=16
gofi_W60_lvl2=16
gofi_W60_lvl8=16
bsize2=15
wmp_lvl7=15
wmp_lvl9=15
ewma_ofi_a0.05_lvl1=15
gofi_W5_lvl1=15
gofi_W60_lvl10=15
cancel_imb_W50=15
bsize8=14
ma_ind=14
bsize_rate1=14
wmp_lvl8=14
dualz_cumspread=14
gofi_W60_lvl9=14
rv_ratio_W20_W100=14
ask7=13
ewma_a0.5_ma_intst=13
gofi_W20_lvl9=13
gofi_W60_lvl3=13
hyd_sdr_last=13
bid6=12
bid7=12
asize2=12
asize4=12
lb_ind=12
wmp_lvl4=12
wmp_lvl6=12
gofi_W60_lvl5=12
mlofi_W60_lvl4=11
mlofi_W60_lvl5=11
dualz_spread1=11
jshare_W20=11
adapt_mom_W100=11
bsize3=10
ask4=10
mb_acc=10
asize_rate1=10
ewma_a0.1_la_intst=10
ewma_a0.3_ma_intst=10
dualz_bsize_mean=10
signed_rv_W50=10
ewma_ofi_a0.1_lvl10=10
qrank_W100_mb_intst=10
gofi_W60_lvl7=10
hyd_sdr_W5=10
bsize10=9
la_ind=9
wmp_lvl3=9
ewma_a0.1_ca_intst=9
qrank_W100_totalbsize=9
qrank_W100_lb_intst=9
jshare_W30=9
ofi_tox_lvl5_W20=9
hyd_mu_last=9
ask5=8
ask6=8
midprice8=8
imbalance=8
mlofi_W20_lvl1=8
gofi_W20_lvl8=8
roll_eff_spr_ratio_W30=8
bid4=7
ask2=7
asize5=7
mlofi_W5_lvl1=7
mlofi_W20_lvl4=7
mlofi_W60_lvl7=7
wmp_lvl2=7
ewma_a0.1_cb_intst=7
dualz_spread5=7
dualz_totalbsize=7
dualz_asize_mean=7
rskew_W20=7
gofi_W20_lvl1=7
trade_pers_W20=7
close=6
midprice2=6
mlofi_W20_lvl9=6
mlofi_W20_lvl10=6
rv_w10=6
dualz_mb_intst=6
bid2=5
bsize5=5
ask1=5
mlofi_W60_lvl9=5
wmp_lvl1=5
wmp_lvl5=5
dualz_totalasize=5
dualz_ma_intst=5
ewma_ofi_a0.5_lvl1=5
ewma_ofi_a0.5_lvl10=5
signed_bv_W20=5
bid3=4
bid5=4
midprice1=4
midprice5=4
midprice10=4
mlofi_W20_lvl6=4
mlofi_W20_lvl7=4
dualz_asize1=4
dualz_imbalance=4
ewma_ofi_a0.1_lvl1=4
ewma_ofi_a0.1_lvl5=4
qrank_W100_cb_intst=4
qrank_W100_midprice=4
gofi_W20_lvl4=4
gofi_W20_lvl10=4
ask3=3
mb_ind=3
lb_acc=3
midprice3=3
midprice7=3
midprice9=3
spread8=3
asize_rate9=3
mlofi_W20_lvl8=3
rv_w5=3
ewma_ofi_a0.3_lvl1=3
ewma_ofi_a0.3_lvl5=3
ewma_ofi_a0.3_lvl10=3
gofi_W20_lvl3=3
gofi_W20_lvl5=3
gofi_W20_lvl7=3
cancel_imb_W20=3
bid1=2
midprice4=2
ask_rate7=2
ask_rate10=2
asize_rate4=2
asize_rate6=2
ewma_a0.3_cb_intst=2
dualz_lb_intst=2
dualz_ca_intst=2
dualz_la_acc=2
ewma_ofi_a0.5_lvl5=2
qrank_W100_ma_intst=2
gofi_W20_lvl6=2
rv_ratio_W5_W50=2
adapt_mom_W50=2
hyd_pp_W5=2
la_acc=1
ma_acc=1
cb_acc=1
midprice6=1
spread10=1
ask_diff7=1
ask_rate8=1
ask_rate9=1
bsize_rate2=1
asize_rate7=1
mlofi_W5_lvl3=1
mlofi_W5_lvl5=1
mlofi_W5_lvl8=1
mlofi_W5_lvl9=1
mlofi_W20_lvl2=1
mlofi_W20_lvl3=1
wmp_balance_12=1
dualz_bid1=1
dualz_ask_mean=1
dualz_midprice1=1
dualz_midprice10=1
dualz_bsize1=1
dualz_la_intst=1
dualz_ma_acc=1
dualz_cb_acc=1
signed_rv_W20=1
kyle_inv_W50=1
kyle_inv_W100=1
qrank_W100_la_intst=1
qrank_W100_lb_acc=1
gofi_W5_lvl3=1
gofi_W5_lvl5=1
gofi_W5_lvl7=1
gofi_W5_lvl9=1
gofi_W20_lvl2=1
adapt_mom_W20=1
spread_reg_W50=1
spread_reg_W100=1

parameters:
[boosting: gbdt]
[objective: regression]
[metric: l2]
[tree_learner: serial]
[device_type: gpu]
[data_sample_strategy: bagging]
[data: ]
[valid: ]
[num_iterations: 600]
[learning_rate: 0.05]
[num_leaves: 63]
[num_threads: 18]
[seed: 7]
[deterministic: 0]
[force_col_wise: 1]
[force_row_wise: 0]
[histogram_pool_size: -1]
[max_depth: -1]
[min_data_in_leaf: 100]
[min_sum_hessian_in_leaf: 0.001]
[bagging_fraction: 0.85]
[pos_bagging_fraction: 1]
[neg_bagging_fraction: 1]
[bagging_freq: 5]
[bagging_seed: 9]
[bagging_by_query: 0]
[feature_fraction: 0.7]
[feature_fraction_bynode: 1]
[feature_fraction_seed: 8]
[extra_trees: 0]
[extra_seed: 6516]
[early_stopping_round: 0]
[early_stopping_min_delta: 0]
[first_metric_only: 0]
[max_delta_step: 0]
[lambda_l1: 0]
[lambda_l2: 2]
[linear_lambda: 0]
[min_gain_to_split: 0]
[drop_rate: 0.1]
[max_drop: 50]
[skip_drop: 0.5]
[xgboost_dart_mode: 0]
[uniform_drop: 0]
[drop_seed: 15215]
[top_rate: 0.2]
[other_rate: 0.1]
[min_data_per_group: 100]
[max_cat_threshold: 32]
[cat_l2: 10]
[cat_smooth: 10]
[max_cat_to_onehot: 4]
[top_k: 20]
[monotone_constraints: 0,0,0,0,0,0,0,0,0,0,0,0,0,0,0,0,0,0,0,0,0,0,0,0,0,0,0,0,0,0,0,0,0,0,0,0,0,0,0,0,0,0,0,0,0,0,0,0,0,0,1,-1,1,-1,-1,1,0,0,0,0,0,0,0,0,0,0,0,0,0,0,0,0,0,0,0,0,0,0,0,0,0,0,0,0,0,0,0,0,0,0,0,0,0,0,0,0,0,0,0,0,0,0,0,0,0,0,0,0,0,0,0,0,0,1,0,0,0,0,0,0,0,0,0,0,0,0,0,0,0,0,0,0,0,0,0,0,0,0,0,0,0,0,0,0,0,0,0,0,0,0,0,0,0,0,0,0,0,0,0,0,0,0,0,0,0,0,0,0,0,0,0,0,0,0,0,0,0,0,0,0,0,0,0,0,0,0,0,0,0,0,0,0,0,0,1,0,0,0,0,0,0,0,0,0,0,0,0,0,0,0,0,0,0,0,0,0,0,0,0,0,0,0,0,0,0,0,0,0,0,0,0,0,0,0,0,0,0,0,0,0,0,0,0,0,0,0,0,0,0,0,0,0,0,0,0,0,0,1,1,1,0,0,1,1,1,1,0,0,0,0,0,0,0,0,0,0,0,0,0,0,0,0,0,0,0,0,0,0,0,0,0,0,0,0,0,0,0,0,0,0,0,0,0,0,0,0,0,0,0,0,0,0,0,0,0,0,0,0,0,0,0,0,0,0,0,0,0,0,0,0,0,0,0,0,0,0,0,0,0,0,0,0,0,0,0,0,0,1,1,1,0,0,0,0,0,0,0,0,0,0,0,0,0,0,0,0,0,0,0,0,0,0,0,0,0]
[monotone_constraints_method: advanced]
[monotone_penalty: 0]
[feature_contri: ]
[forcedsplits_filename: ]
[refit_decay_rate: 0.9]
[cegb_tradeoff: 1]
[cegb_penalty_split: 0]
[cegb_penalty_feature_lazy: ]
[cegb_penalty_feature_coupled: ]
[path_smooth: 0]
[interaction_constraints: ]
[verbosity: -1]
[saved_feature_importance_type: 0]
[use_quantized_grad: 0]
[num_grad_quant_bins: 4]
[quant_train_renew_leaf: 0]
[stochastic_rounding: 1]
[linear_tree: 0]
[max_bin: 255]
[max_bin_by_feature: ]
[min_data_in_bin: 3]
[bin_construct_sample_cnt: 200000]
[data_random_seed: 10]
[is_enable_sparse: 1]
[enable_bundle: 1]
[use_missing: 1]
[zero_as_missing: 0]
[feature_pre_filter: 1]
[pre_partition: 0]
[two_round: 0]
[header: 0]
[label_column: ]
[weight_column: ]
[group_column: ]
[ignore_column: ]
[categorical_feature: ]
[forcedbins_filename: ]
[precise_float_parser: 0]
[parser_config_file: ]
[objective_seed: 15521]
[num_class: 1]
[is_unbalance: 0]
[scale_pos_weight: 1]
[sigmoid: 1]
[boost_from_average: 1]
[reg_sqrt: 0]
[alpha: 0.9]
[fair_c: 1]
[poisson_max_delta_step: 0.7]
[tweedie_variance_power: 1.5]
[lambdarank_truncation_level: 30]
[lambdarank_norm: 1]
[label_gain: ]
[lambdarank_position_bias_regularization: 0]
[eval_at: ]
[multi_error_top_k: 1]
[auc_mu_weights: ]
[num_machines: 1]
[local_listen_port: 12400]
[time_out: 120]
[machine_list_filename: ]
[machines: ]
[gpu_platform_id: -1]
[gpu_device_id: -1]
[gpu_use_dp: 0]
[num_gpu: 1]

end of parameters

pandas_categorical:null
