tree
version=v4
num_class=1
num_tree_per_iteration=1
label_index=0
max_feature_idx=358
objective=regression
feature_names=open high low close volume_delta amount_delta bid1 bid2 bid3 bid4 bid5 bid6 bid7 bid8 bid9 bid10 bsize1 bsize2 bsize3 bsize4 bsize5 bsize6 bsize7 bsize8 bsize9 bsize10 ask1 ask2 ask3 ask4 ask5 ask6 ask7 ask8 ask9 ask10 asize1 asize2 asize3 asize4 asize5 asize6 asize7 asize8 asize9 asize10 avgbid avgask totalbsize totalasize lb_intst la_intst mb_intst ma_intst cb_intst ca_intst lb_ind la_ind mb_ind ma_ind cb_ind ca_ind lb_acc la_acc mb_acc ma_acc cb_acc ca_acc midprice1 midprice2 midprice3 midprice4 midprice5 midprice6 midprice7 midprice8 midprice9 midprice10 spread1 spread2 spread3 spread4 spread5 spread6 spread7 spread8 spread9 spread10 bid_diff1 bid_diff2 bid_diff3 bid_diff4 bid_diff5 bid_diff6 bid_diff7 bid_diff8 bid_diff9 bid_diff10 ask_diff1 ask_diff2 ask_diff3 ask_diff4 ask_diff5 ask_diff6 ask_diff7 ask_diff8 ask_diff9 ask_diff10 bid_mean ask_mean bsize_mean asize_mean cumspread imbalance bid_rate1 bid_rate2 bid_rate3 bid_rate4 bid_rate5 bid_rate6 bid_rate7 bid_rate8 bid_rate9 bid_rate10 ask_rate1 ask_rate2 ask_rate3 ask_rate4 ask_rate5 ask_rate6 ask_rate7 ask_rate8 ask_rate9 ask_rate10 bsize_rate1 bsize_rate2 bsize_rate3 bsize_rate4 bsize_rate5 bsize_rate6 bsize_rate7 bsize_rate8 bsize_rate9 bsize_rate10 asize_rate1 asize_rate2 asize_rate3 asize_rate4 asize_rate5 asize_rate6 asize_rate7 asize_rate8 asize_rate9 asize_rate10 mlofi_W5_lvl1 mlofi_W5_lvl2 mlofi_W5_lvl3 mlofi_W5_lvl4 mlofi_W5_lvl5 mlofi_W5_lvl6 mlofi_W5_lvl7 mlofi_W5_lvl8 mlofi_W5_lvl9 mlofi_W5_lvl10 mlofi_W20_lvl1 mlofi_W20_lvl2 mlofi_W20_lvl3 mlofi_W20_lvl4 mlofi_W20_lvl5 mlofi_W20_lvl6 mlofi_W20_lvl7 mlofi_W20_lvl8 mlofi_W20_lvl9 mlofi_W20_lvl10 mlofi_W60_lvl1 mlofi_W60_lvl2 mlofi_W60_lvl3 mlofi_W60_lvl4 mlofi_W60_lvl5 mlofi_W60_lvl6 mlofi_W60_lvl7 mlofi_W60_lvl8 mlofi_W60_lvl9 mlofi_W60_lvl10 wmp_lvl1 wmp_lvl2 wmp_lvl3 wmp_lvl4 wmp_lvl5 wmp_lvl6 wmp_lvl7 wmp_lvl8 wmp_lvl9 wmp_lvl10 wmp_balance_12 rv_w5 rv_w10 rv_w20 rv_w50 ewma_a0.05_lb_intst ewma_a0.05_la_intst ewma_a0.05_mb_intst ewma_a0.05_ma_intst ewma_a0.05_cb_intst ewma_a0.05_ca_intst ewma_a0.1_lb_intst ewma_a0.1_la_intst ewma_a0.1_mb_intst ewma_a0.1_ma_intst ewma_a0.1_cb_intst ewma_a0.1_ca_intst ewma_a0.3_lb_intst ewma_a0.3_la_intst ewma_a0.3_mb_intst ewma_a0.3_ma_intst ewma_a0.3_cb_intst ewma_a0.3_ca_intst ewma_a0.5_lb_intst ewma_a0.5_la_intst ewma_a0.5_mb_intst ewma_a0.5_ma_intst ewma_a0.5_cb_intst ewma_a0.5_ca_intst dualz_spread1 dualz_spread5 dualz_spread10 dualz_cumspread dualz_bid1 dualz_ask1 dualz_bid_mean dualz_ask_mean dualz_midprice1 dualz_midprice2 dualz_midprice5 dualz_midprice10 dualz_bsize1 dualz_bsize_mean dualz_totalbsize dualz_asize1 dualz_asize_mean dualz_totalasize dualz_volume_delta dualz_amount_delta dualz_imbalance dualz_lb_intst dualz_la_intst dualz_mb_intst dualz_ma_intst dualz_cb_intst dualz_ca_intst dualz_lb_acc dualz_la_acc dualz_mb_acc dualz_ma_acc dualz_cb_acc dualz_ca_acc dualz_bid_diff1 signed_rv_W20 signed_rv_W50 signed_rv_W100 kyle_inv_W50 kyle_inv_W100 ewma_ofi_a0.05_lvl1 ewma_ofi_a0.1_lvl1 ewma_ofi_a0.3_lvl1 ewma_ofi_a0.5_lvl1 ewma_ofi_a0.05_lvl5 ewma_ofi_a0.1_lvl5 ewma_ofi_a0.3_lvl5 ewma_ofi_a0.5_lvl5 ewma_ofi_a0.05_lvl10 ewma_ofi_a0.1_lvl10 ewma_ofi_a0.3_lvl10 ewma_ofi_a0.5_lvl10 qrank_W100_amount_delta qrank_W100_volume_delta qrank_W100_imbalance qrank_W100_totalbsize qrank_W100_totalasize qrank_W100_lb_intst qrank_W100_la_intst qrank_W100_mb_intst qrank_W100_ma_intst qrank_W100_cb_intst qrank_W100_ca_intst qrank_W100_lb_acc qrank_W100_la_acc qrank_W100_mb_acc qrank_W100_ma_acc qrank_W100_midprice rskew_W20 rskew_W50 rskew_W100 gofi_W5_lvl1 gofi_W5_lvl2 gofi_W5_lvl3 gofi_W5_lvl4 gofi_W5_lvl5 gofi_W5_lvl6 gofi_W5_lvl7 gofi_W5_lvl8 gofi_W5_lvl9 gofi_W5_lvl10 gofi_W20_lvl1 gofi_W20_lvl2 gofi_W20_lvl3 gofi_W20_lvl4 gofi_W20_lvl5 gofi_W20_lvl6 gofi_W20_lvl7 gofi_W20_lvl8 gofi_W20_lvl9 gofi_W20_lvl10 gofi_W60_lvl1 gofi_W60_lvl2 gofi_W60_lvl3 gofi_W60_lvl4 gofi_W60_lvl5 gofi_W60_lvl6 gofi_W60_lvl7 gofi_W60_lvl8 gofi_W60_lvl9 gofi_W60_lvl10 vol_burst_W20 amt_burst_W20 vol_burst_W50 amt_burst_W50 mid_ewma_resid_a0.05 rv_ratio_W5_W50 rv_ratio_W20_W100 rv_ratio_W50_W100 jshare_W20 jshare_W30 jshare_W50 jshare_W100 cancel_imb_W20 cancel_imb_W50 cancel_imb_W100 roll_eff_spr_ratio_W30 roll_eff_spr_ratio_W50 adapt_mom_W20 adapt_mom_W50 adapt_mom_W100 ofi_tox_lvl1_W20 ofi_tox_lvl1_W50 ofi_tox_lvl5_W20 ofi_tox_lvl5_W50 signed_bv_W20 signed_bv_W50 signed_bv_W100 spread_reg_W20 spread_reg_W50 spread_reg_W100 trade_pers_W20 trade_pers_W50 trade_pers_W100 liq_asym_top5_W20 liq_asym_top5_W50 liq_asym_top5_W100
feature_infos=[-0.03664843738079071:0.030981168150901794] [-0.030435048043727875:0.12037649750709534] [-0.089701585471630096:0.021580589935183525] [-0.082831092178821564:0.11981223523616791] [0:0.077916182577610016] [0:18.977487564086914] [-0.086584948003292084:0.11974912881851196] [-0.089294008910655975:0.1187208890914917] [-0.093214757740497589:0.11813780665397644] [-0.096573725342750549:0.1176849827170372] [-0.096230730414390564:0.11594627797603607] [-0.097911693155765533:0.11599835753440857] [-0.10024639964103699:0.11524464935064316] [-0.10242439806461334:0.11298361420631409] [-0.10661488771438599:0.1131831631064415] [-0.10834713280200958:0.11164036393165588] [2.5288738925155485e-07:4.4556589126586914] [6.1551912722279667e-07:0.13433058559894562] [6.1551912722279667e-07:0.093459635972976685] [3.0775956361139833e-07:0.080322898924350739] [3.2644734915265872e-07:0.094887308776378632] [3.0835265079076635e-06:0.088596835732460022] [3.1008939913590439e-06:0.090311557054519653] [6.6224976080775377e-07:0.087805196642875671] [2.1194468899921048e-06:0.17734307050704956] [6.1551912722279667e-07:0.080929107964038849] [-0.085921227931976318:0.11638632416725159] [-0.083078585565090179:0.11532647162675858] [-0.084202378988265991:0.1190933957695961] [-0.083091691136360168:0.11915557086467743] [-0.080208294093608856:0.11740221083164215] [-0.081234239041805267:0.11626938730478287] [-0.080036543309688568:0.11874759197235107] [-0.079664602875709534:0.11914786696434021] [-0.077374570071697235:0.11932675540447235] [-0.079016290605068207:0.11854329705238342] [7.4074073097563087e-08:0.13651818037033081] [3.0775956361139833e-07:0.15684123337268829] [3.0775956361139833e-07:0.28827744722366333] [2.5277546455981792e-07:0.25345250964164734] [2.4714094593036862e-07:0.35015380382537842] [3.0788910976298212e-07:0.45117533206939697] [3.072343588428339e-07:0.48198375105857849] [2.9173185112085775e-07:0.47084051370620728] [3.1842293424233503e-07:0.48533013463020325] [3.2458501664223149e-07:0.47761732339859009] [-0.10757307708263397:0.096463024616241455] [-1.1850999593734741:0.12023584544658661] [0.0057386662811040878:4.5271344184875488] [0:1.4541085958480835] [0:0.27529594302177429] [0:0.073964484035968781] [0:0.13371406495571136] [0:0.061928257346153259] [0:0.15181784331798553] [0:0.063336461782455444] [0:1.1999791860580444] [0:1.1999993324279785] [0:1.19999098777771] [0:1.1999731063842773] [0:1.1999943256378174] [0:1.1999530792236328] [-0.024476334452629089:0.031474925577640533] [-0.025751879438757896:0.010730814188718796] [-0.031789463013410568:0.022959781810641289] [-0.022361360490322113:0.029698798432946205] [-0.025377502664923668:0.074691653251647949] [-0.026594562456011772:0.016308980062603951] [-0.087069369852542877:0.11920157074928284] [-0.085382387042045593:0.11843744665384293] [-0.087282337248325348:0.11843167990446091] [-0.087267883121967316:0.11678290367126465] [-0.088081009685993195:0.11673222482204437] [-0.08582267165184021:0.11630029231309891] [-0.088434167206287384:0.11558791249990463] [-0.085051789879798889:0.11279616504907608] [-0.086854591965675354:0.11203762888908386] [-0.08622615784406662:0.11257877200841904] [-1.1998019218444824:-0.79652547836303711] [-1.1996451616287231:-0.79433995485305786] [-1.1995105743408203:-0.79049700498580933] [-1.1992591619491577:-0.78584641218185425] [-1.1991126537322998:-0.78269451856613159] [-1.198499321937561:-0.77820473909378052] [-1.1987404823303223:-0.77501547336578369] [-1.197845458984375:-0.77110105752944946] [-1.1981080770492554:-0.76740002632141113] [-1.1975977420806885:-0.76376557350158691] [-1.1998947858810425:-0.79814714193344116] [-1.1998614072799683:-0.79821634292602539] [-1.1998963356018066:-0.79812705516815186] [-1.1998691558837891:-0.79820895195007324] [-1.1998825073242188:-0.79818493127822876] [-1.1999003887176514:-0.79812330007553101] [-1.1998857259750366:-0.79813826084136963] [-1.1998647451400757:-0.79810124635696411] [-1.1998599767684937:-0.79815417528152466] [-1.1990833282470703:-0.78283017873764038] [-1.1998255252838135:-0.79816162586212158] [-1.199901819229126:-0.79821771383285522] [-1.1998386383056641:-0.79780751466751099] [-1.1998511552810669:-0.79710650444030762] [-1.1998904943466187:-0.79619508981704712] [-1.1999002695083618:-0.79807239770889282] [-1.1998293399810791:-0.79788392782211304] [-1.1998318433761597:-0.79814648628234863] [-1.1998664140701294:-0.79807150363922119] [-1.1988832950592041:-0.78251767158508301] [3.2127549648284912:200.38973999023438] [3.2986171245574951:198.88919067382812] [-1.1999934911727905:-0.79496413469314575] [-1.1999968290328979:-0.79214257001876831] [-14.318023681640625:-0.60003650188446045] [-4.2503266334533691:0.87995481491088867] [-1.2023534774780273:-0.79810380935668945] [-1.2016355991363525:-0.79816478490829468] [-1.2018278837203979:-0.79886335134506226] [-1.2019340991973877:-0.79825061559677124] [-1.2017134428024292:-0.79895341396331787] [-1.2028933763504028:-0.7990182638168335] [-1.2012741565704346:-0.7990652322769165] [-1.2022606134414673:-0.79833060503005981] [-1.2034868001937866:-0.79856729507446289] [-1.2031271457672119:-0.79825562238693237] [-1.2012861967086792:-0.79916256666183472] [-1.2026190757751465:-0.7986261248588562] [-1.2024433612823486:-0.79933375120162964] [-1.2026017904281616:-0.79922771453857422] [-1.2012189626693726:-0.79813855886459351] [-1.2022836208343506:-0.79530888795852661] [-1.2030181884765625:-0.79936283826828003] [-1.2017641067504883:-0.79856967926025391] [-1.2027088403701782:-0.79708105325698853] [-1.2029316425323486:-0.7972419261932373] [-0.11545886844396591:0.10492545366287231] [-0.08596985787153244:0.080553919076919556] [-0.071629039943218231:0.070309862494468689] [-0.070723742246627808:0.069099068641662598] [-0.074178636074066162:0.06495540589094162] [-0.068968914449214935:0.068303219974040985] [-0.071157395839691162:0.07744763046503067] [-0.076014094054698944:0.071368090808391571] [-0.070079103112220764:0.14193873107433319] [-0.075335234403610229:0.068869560956954956] [-0.09386870265007019:0.13635122776031494] [-0.089450538158416748:0.081368759274482727] [-0.26918309926986694:0.11634921282529831] [-0.21955206990242004:0.13362209498882294] [-0.25931781530380249:0.16671338677406311] [-0.097429580986499786:0.11110846698284149] [-0.36021625995635986:0.33481681346893311] [-0.071045719087123871:0.22308726608753204] [-0.33816996216773987:0.089699387550354004] [-0.21512848138809204:0.25573784112930298] [-0.11447186022996902:0.14432807266712189] [-0.13814744353294373:0.16018806397914886] [-0.13241094350814819:0.20957952737808228] [-0.12006670981645584:0.17371019721031189] [-0.13975523412227631:0.17923237383365631] [-0.13931079208850861:0.16858266294002533] [-0.15067823231220245:0.17027294635772705] [-0.16168069839477539:0.15846464037895203] [-0.1395135372877121:0.19389010965824127] [-0.16967862844467163:0.18023870885372162] [-0.14187657833099365:0.1780029833316803] [-0.15451192855834961:0.28938215970993042] [-0.1800742894411087:0.20981417596340179] [-0.18232060968875885:0.23774911463260651] [-0.17005883157253265:0.20703935623168945] [-0.15897415578365326:0.26853618025779724] [-0.20537696778774261:0.26973426342010498] [-0.22377084195613861:0.28730183839797974] [-0.28350639343261719:0.29979434609413147] [-0.27686572074890137:0.32445928454399109] [-0.15177032351493835:0.35786908864974976] [-0.19654342532157898:0.45347431302070618] [-0.2057315856218338:0.43469974398612976] [-0.23664166033267975:0.44730326533317566] [-0.2377982884645462:0.34991914033889771] [-0.27392849326133728:0.37965381145477295] [-0.28041991591453552:0.35513162612915039] [-0.29286769032478333:0.33490815758705139] [-0.35354012250900269:0.38313642144203186] [-0.27954202890396118:0.34104755520820618] [-0.087871700525283813:0.11860910803079605] [-0.086974009871482849:0.11459081619977951] [-0.08554212749004364:0.1163947582244873] [-0.090770497918128967:0.11388743668794632] [-0.095659643411636353:0.11007040739059448] [-0.08252350240945816:0.11107382923364639] [-0.091368712484836578:0.11264181137084961] [-0.096703328192234039:0.11486151069402695] [-0.092706479132175446:0.11047813296318054] [-0.093126095831394196:0.11011241376399994] [-0.0080409161746501923:0.0067158816382288933] [0:0.022359117865562439] [0:0.021222250536084175] [0:0.027091944590210915] [0:0.030421506613492966] [4.9555723080629832e-07:0.13897362351417542] [0:0.0058165974915027618] [0:0.012934817932546139] [9.8605205778312666e-08:0.019000105559825897] [2.0308959847170627e-07:0.15645052492618561] [0:0.0045412499457597733] [1.904048652079382e-08:0.27435934543609619] [0:0.010969657450914383] [0:0.021249240264296532] [8.3264080075196034e-09:0.023800825700163841] [2.3676263172234258e-09:0.25222975015640259] [0:0.0063028139993548393] [7.9921090700833287e-15:0.62343043088912964] [0:0.023566117510199547] [0:0.046385832130908966] [5.444112839030936e-15:0.022073527798056602] [2.9488970742939537e-19:0.54953759908676147] [0:0.022230951115489006] [2.8148683078425272e-24:0.99932414293289185] [0:0.038082420825958252] [0:0.071647405624389648] [5.2315084289046335e-23:0.030137680470943451] [6.2993155343192777e-33:0.61195230484008789] [0:0.032163381576538086] [-6.6993746757507324:5.3413267135620117] [-6.6581330299377441:5.6966676712036133] [-6.6748766899108887:5.7545161247253418] [-6.9643449783325195:6.3225336074829102] [-6.6332387924194336:6.5406746864318848] [-6.6249918937683105:6.6815729141235352] [-6.7068138122558594:6.6566014289855957] [-6.5549526214599609:6.5949826240539551] [-6.6660342216491699:6.67535400390625] [-6.8268923759460449:6.6225433349609375] [-6.5082440376281738:6.6454353332519531] [-6.7006292343139648:6.629213809967041] [-6.3457226753234863:5.8395071029663086] [-5.7615747451782227:5.8774771690368652] [-5.8153996467590332:5.8034920692443848] [-6.2090954780578613:6.2697057723999023] [-6.7797188758850098:6.045344352722168] [-6.1370916366577148:6.5315456390380859] [-6.5034904479980469:4.9144315719604492] [-6.6566476821899414:5.0559544563293457] [-5.4269442558288574:6.1647720336914062] [-6.6140317916870117:5.3361172676086426] [-6.3792691230773926:5.169163703918457] [-6.6251130104064941:5.2727985382080078] [-6.6352682113647461:5.4065570831298828] [-6.4851765632629395:5.4189109802246094] [-6.6596584320068359:5.4332175254821777] [-6.4837594032287598:6.6264581680297852] [-6.516242504119873:6.6528010368347168] [-6.490077018737793:6.4279937744140625] [-6.5863661766052246:6.6413402557373047] [-6.5223932266235352:6.6101455688476562] [-6.6304855346679688:6.6066350936889648] [-6.7020812034606934:5.185877799987793] [-1.1999348402023315:1.1998674869537354] [-1.1999760866165161:1.1998226642608643] [-1.1995172500610352:1.1995606422424316] [0:23488940] [0:24481086] [-0.065290942788124084:0.12429157644510269] [-0.092313870787620544:0.14601631462574005] [-0.12102802842855453:0.18184690177440643] [-0.11774420738220215:0.20090734958648682] [-0.079768925905227661:0.14569739997386932] [-0.10166481137275696:0.17478518187999725] [-0.16593775153160095:0.19672742486000061] [-0.16884249448776245:0.19765530526638031] [-0.14027583599090576:0.1473124772310257] [-0.18220847845077515:0.21081914007663727] [-0.21740666031837463:0.3057246208190918] [-0.22456280887126923:0.28088274598121643] [0.0080117266625165939:1.1999155282974243] [0.0081075048074126244:1.199779748916626] [0.0080000963062047958:1.1999646425247192] [0.0080002434551715851:1.1998797655105591] [0.0080008348450064659:1.1999830007553101] [0.0094076339155435562:1.1993602514266968] [0.008138938806951046:1.199832558631897] [0.0083161275833845139:1.19989013671875] [0.0090576447546482086:1.1987597942352295] [0.0099999997764825821:1.1991618871688843] [0.0091689964756369591:1.1998471021652222] [0.0080002648755908012:1.199739933013916] [0.0080048404633998871:1.1992236375808716] [0.0080008460208773613:1.1999257802963257] [0.0080066630616784096:1.1997431516647339] [0.0080014131963253021:1.1999503374099731] [-4.9534239768981934:4.9536252021789551] [-8.220001220703125:8.2279062271118164] [-11.811190605163574:11.809684753417969] [-0.10132958739995956:0.14432807266712189] [-0.12619945406913757:0.14842528104782104] [-0.12649714946746826:0.18721193075180054] [-0.12006670981645584:0.17371019721031189] [-0.13997794687747955:0.17352946102619171] [-0.15714800357818604:0.16858266294002533] [-0.14208152890205383:0.19588369131088257] [-0.16168069839477539:0.1660970002412796] [-0.1395135372877121:0.19313441216945648] [-0.16967862844467163:0.17392547428607941] [-0.12835520505905151:0.20419782400131226] [-0.17461965978145599:0.26394438743591309] [-0.1877528578042984:0.23498283326625824] [-0.15660502016544342:0.23774911463260651] [-0.1778905838727951:0.1850612461566925] [-0.16967424750328064:0.23746755719184875] [-0.22573764622211456:0.28849762678146362] [-0.28419530391693115:0.26287096738815308] [-0.27207300066947937:0.26599308848381042] [-0.24468562006950378:0.34811878204345703] [-0.15837593376636505:0.35521602630615234] [-0.19654342532157898:0.45347431302070618] [-0.21037822961807251:0.43469974398612976] [-0.23664166033267975:0.44730326533317566] [-0.2377982884645462:0.34991914033889771] [-0.27406641840934753:0.37965381145477295] [-0.28041991591453552:0.3833732008934021] [-0.29831516742706299:0.40143862366676331] [-0.29606631398200989:0.36407962441444397] [-0.28015545010566711:0.41613161563873291] [0:22.472625732421875] [0:23.080680847167969] [0:47.10931396484375] [0:50.4886474609375] [-0.013823534362018108:0.016594957560300827] [0:1.1990540027618408] [0:1.1998575925827026] [0:1.1995820999145508] [0:1.1999887228012085] [0:1.1998236179351807] [0:1.1999545097351074] [0:1.1999446153640747] [-1.1339397430419922:1.1650142669677734] [-1.0510592460632324:1.0886713266372681] [-0.85042738914489746:1.0869160890579224] [0:11.985955238342285] [0:11.928857803344727] [-7.5746417045593262:7.1793036460876465] [-9.9992790222167969:11.074525833129883] [-11.940621376037598:11.92755126953125] [-1.1754825115203857:1.1891268491744995] [-1.1877139806747437:1.1653895378112793] [-1.1989831924438477:1.1997610330581665] [-1.1975417137145996:1.1989257335662842] [-3.9736659526824951:9.5830564498901367] [-4.7696852684020996:10] [-1.2322567701339722:1.2784905433654785] [-11.862051010131836:11.982442855834961] [-11.224118232727051:11.990008354187012] [-6.8227829933166504:11.949777603149414] [-1.0264487266540527:1.033501148223877] [-1.0276972055435181:0.83526384830474854] [-0.93310964107513428:0.70352643728256226] [-1.6641833782196045:1.4155892133712769] [-2.171983003616333:1.9529422521591187] [-2.4484689235687256:2.0800240039825439]
tree_sizes=7544 7544 7573 7578 7581 7568 7587 7588 7538 7542 7566 7569 7576 7589 7545 7582 7542 7542 7549 7507 7584 7537 7556 7557 7565 7539 7548 7543 7622 7592 7506 7545 7546 7545 7562 7537 7563 7530 7571 7571 7552 7532 7535 7605 7535 7535 7574 7561 7545 7550 7580 7595 7583 7546 7514 7574 7550 7597 7538 7556 7554 7572 7543 7523 7541 7531 7534 7548 7541 7556

Tree=0
num_leaves=63
num_cat=0
split_feature=52 293 50 59 53 52 154 276 51 51 276 36 59 52 52 7 205 57 51 211 52 337 157 12 327 46 201 292 281 53 52 51 0 205 48 48 217 2 46 0 164 108 53 36 211 276 2 176 33 57 52 109 33 207 108 36 217 337 203 276 224 196
split_gain=0.0855117 0.0393353 0.0352443 0.0256113 0.0219809 0.0119023 0.0118562 0.0114839 0.010882 0.00946887 0.00871311 0.00801859 0.006717 0.00620938 0.00563064 0.00562729 0.00549467 0.00552457 0.00511416 0.00485484 0.00449651 0.00432063 0.00375502 0.00367566 0.0048858 0.00363373 0.00553877 0.0041011 0.00358786 0.0034913 0.00348264 0.00301079 0.0028451 0.00360146 0.00274843 0.00273105 0.00377573 0.00275505 0.00446609 0.00546019 0.0026761 0.00263782 0.00263463 0.00256178 0.003008 0.0025137 0.00237784 0.00234395 0.00231564 0.00226001 0.0022468 0.00220717 0.00220171 0.00218604 0.00285247 0.00217728 0.00213872 0.00211333 0.00216537 0.00207563 0.00206402 0.00294953
threshold=9.2337577370926751e-05 6.8620469392044483e-05 0.00024620855401735758 1.0000000180025095e-35 0.00013051838323008272 0.0013040381600148978 0.00028054717404302215 0.33000165224075323 0.00020911428873660046 0.00018466067558620128 0.20000007003545764 0.006135382456704975 1.0000000180025095e-35 0.009280783589929344 1.0000000180025095e-35 0.062025753781199462 0.0016237779636867347 1.0000000180025095e-35 0.00047330227971542632 5.1528546464396647e-05 1.1108747912658147e-05 0.11459339782595636 0.00065776845440268527 0.048142015933990485 0.0037852396490052347 0.003655900247395039 0.0016375887207686903 0.33439728617668157 0.35001063346862799 1.0000000180025095e-35 0.00040009188523981726 8.5605737695004805e-05 0.011476432438939812 0.0012011144426651301 0.086330477148294463 0.064845200628042235 0.00078924064291641127 0.0012673122109845283 0.010804943740367891 0.010752884205430748 0.0018514678813517096 15.255389213562013 6.0475802001747078e-06 0.005629830528050662 4.0627752241562127e-05 0.11645927280187608 0.0036960543366149072 0.013726391829550268 0.05905659310519696 1.0000000180025095e-35 0.0021437221439555292 88.938079833984389 0.026774219237267975 6.9460536906262873e-05 15.255389213562013 0.0051783137023448953 5.7278548410977244e-05 0.10085184872150423 0.001385233015753329 0.047593217343091972 -0.66859832406043995 0.0017729828832671048
decision_type=2 2 2 2 2 2 2 2 2 2 2 8 2 2 2 2 2 2 2 2 2 2 2 2 2 2 2 2 2 2 2 2 2 2 2 2 2 2 2 2 2 2 2 8 2 2 2 2 10 2 2 10 10 2 2 8 2 2 2 2 2 2
left_child=1 3 4 10 6 9 30 14 50 35 53 19 20 18 52 32 17 55 -7 29 43 28 57 25 60 -10 -27 -28 -17 -12 45 -21 -11 -34 -26 48 -37 -38 39 -39 -16 46 -13 44 -9 -2 59 -30 51 -14 -6 -4 -3 -1 -55 56 -5 -20 -59 -8 -25 -62
right_child=2 7 5 16 8 13 41 12 23 15 11 42 49 -15 40 21 -18 -19 22 31 -22 -23 -24 24 34 26 27 -29 47 -31 -32 -33 33 -35 -36 36 37 38 -40 -41 -42 -43 -44 -45 -46 -47 -48 -49 -50 -51 -52 -53 -54 54 -56 -57 -58 58 -60 -61 61 -63
leaf_value=8.559528136754879e-05 0.00010862056350611114 9.242322363335369e-05 0.00013424563996308726 6.5074706224347225e-05 9.0573379177288826e-05 0.00015574458543446179 0.0001481477410826233 7.9169982824960265e-05 6.3428049715542843e-05 9.8174192344183982e-05 7.9067958371779363e-05 6.9506213272670732e-05 7.7656916118371135e-05 0.00022113324653635333 0.0001027431596843765 -8.7160821984524946e-05 -0.00020707580310783125 5.014238732612733e-05 0.00014722277563764284 8.9794737821786673e-05 9.8089645167248824e-05 -0.00026927191634866119 6.0689539920384309e-05 0.00010514620732852685 -0.00034175025501812553 9.0860717208839526e-05 0.00042240126492352565 0.00012436267034674874 0.00013256852143198749 6.8126752921576219e-05 0.00010983008748915889 7.7048976252391425e-05 0.00013371193087753462 0.00035458423792635464 -5.0767309450827969e-05 0.00011308818318757855 0.00013409566761680609 0.00020156740197988765 8.7263590578104535e-05 0.00046964485885277082 0.00011975528003257864 0.00011239362885103824 5.1106522263079946e-05 7.4602727178362666e-05 9.1816001565471673e-05 9.0483042392675302e-05 0.00018282668493946365 -7.3255173701706734e-06 -1.5017325813684092e-06 5.7444593875683982e-05 0.00013404776964345822 0.0001704475917550826 0.00011176285648903931 0.00011079626590972168 8.9212989367370445e-05 5.2068481018236598e-05 7.9520009858354202e-05 0.00010216050418554599 -0.00011077901290005024 0.00011977324240487344 4.708422304922707e-05 -5.8946752532834578e-05
leaf_weight=139554.97098112106 22898.261810302734 171572.89190673828 20590.141246199608 80583.200446009636 69779.5595703125 23921.288445234299 8426.5806076526642 68259.515840172768 47378.562057495117 33862.880007743835 274508.44823753834 58119.720723390579 53393.532101154327 2878.08544921875 66108.273254394531 458.74595677852631 189.10403442382812 74119.925224423409 4264.725879907608 142385.31128692627 101115.83717346191 126.11062967777252 2655.6359262466431 823.79901027679443 128.89838552474976 2397.6683807373047 239.32209408283234 222.29854190349579 741.98183310031891 99283.684949278831 42692.277801513672 68680.142028808594 923.52942752838135 229.04929351806641 221.76302194595337 43901.110733032227 14796.975954055786 927.38555455207825 581.39609527587891 237.99395251274109 35551.246215820312 57688.524826049805 29250.353052377701 43526.986862182617 151131.08643341064 115203.90155029297 1971.6796798706055 499.13966882228851 283.85192573070526 18664.037317156792 3102.1514282226562 5297.3737370967865 16095.39453125 23117.535545349121 45309.681312561035 20644.9154484272 37574.433315038681 488.09031867980957 155.94570922851562 27454.135357618332 2272.6552883386612 921.41932809352875
leaf_count=149078 22603 180796 18328 81641 65369 20403 8332 70816 42400 29671 285608 68475 53295 2289 66179 367 194 72209 3479 141010 98485 119 2186 666 99 2024 170 177 594 98206 40466 65220 748 181 176 41540 12910 763 497 172 34933 53829 31881 49600 149397 112258 1748 414 227 18195 2733 4353 15890 23394 43583 22842 36817 419 121 26976 1871 718
internal_value=8.77316e-05 8.24653e-05 0.000104785 7.64757e-05 9.69548e-05 0.00012482 0.000104878 9.14925e-05 7.97805e-05 0.000117575 8.02412e-05 7.74742e-05 8.63683e-05 0.000150846 9.9216e-05 9.63425e-05 6.09232e-05 6.1164e-05 0.000144413 7.95849e-05 8.91291e-05 1.08182e-05 0.000108571 6.29046e-05 1.89224e-05 6.67318e-05 0.000121454 0.000279655 3.19928e-05 7.61618e-05 9.73492e-05 8.56472e-05 0.000100806 0.000177992 -0.000159558 0.000126606 0.000120762 0.000141118 0.000200485 0.000256875 0.000108693 0.000119125 6.33455e-05 8.5683e-05 8.78814e-05 9.34906e-05 0.000129382 7.62452e-05 0.0001401 7.24209e-05 9.24251e-05 0.000141659 9.40821e-05 8.91847e-05 9.65052e-05 6.705e-05 6.96681e-05 0.000134476 5.01448e-05 0.00012644 3.46147e-05 1.6424e-05
internal_weight=2.38039e+06 1.81874e+06 561645 1.09332e+06 403823 157821 276335 725419 127488 123458 880210 672228 436091 34363.8 289328 36841.4 213112 212922 31485.7 584858 364033 1825.98 7564.4 54606.4 4368.54 50237.9 2859.29 461.621 1699.87 373792 180794 211065 35015.5 1152.58 350.661 86616.2 60444.9 16543.8 1746.78 1165.38 101660 95540.9 87370.1 262918 219391 138102 37852.4 1241.12 26171.4 72057.6 72881.7 25887.5 187668 207982 68427.2 138803 118158 4908.76 644.036 35880.7 4017.87 3194.07
internal_count=2380140 1857744 522396 1120158 382615 139781 266212 737586 116403 110884 906455 690400 439788 28897 297798 32094 213703 213509 26608 590044 368298 1494 6205 48301 3530 44771 2371 347 1375 383814 175327 206230 30600 929 275 78790 55882 14342 1432 935 101112 90885 100356 269813 220213 134861 37056 1008 22908 71490 68102 22681 196686 216055 66977 141300 118458 4019 540 35308 3255 2589
is_linear=0
shrinkage=1


Tree=1
num_leaves=63
num_cat=0
split_feature=219 59 51 219 217 51 276 50 279 11 48 198 48 292 53 16 53 217 0 48 313 178 52 52 276 2 225 35 354 52 16 52 52 46 46 201 36 53 356 27 339 199 0 358 202 358 46 219 48 202 202 237 36 28 354 337 276 337 36 291 337 333
split_gain=0.0828481 0.0346542 0.0309005 0.0212922 0.0193859 0.0107217 0.0104511 0.00950263 0.00943729 0.00826486 0.00812299 0.00753699 0.00870784 0.0068719 0.00672317 0.00660291 0.00651433 0.00609344 0.00601282 0.00601579 0.00807784 0.0056623 0.00546641 0.00512858 0.00501679 0.00481777 0.00473559 0.00455338 0.00448089 0.00442958 0.0043347 0.00410322 0.00409998 0.00383262 0.00506454 0.00361327 0.00350075 0.00349105 0.0033616 0.00314747 0.00649312 0.00561585 0.00306943 0.0046587 0.00398071 0.00362315 0.0030807 0.00301934 0.00299047 0.00290596 0.00285133 0.00326874 0.00284301 0.00283826 0.00426658 0.00340612 0.00283268 0.0028255 0.00275249 0.00264024 0.00612816 0.00357007
threshold=0.00015274995530489835 1.0000000180025095e-35 0.00024345454585272822 0.00081812278949655603 6.6456796048441915e-05 0.00019571268057916316 0.20000007003545764 0.00024620855401735758 0.66339182853698742 0.052829595282673843 0.071114040911197676 0.0078237224370241183 0.087786454707384123 0.91352614760398876 1.0000000180025095e-35 0.0036976659903302793 7.9231343988794847e-05 5.6334787586820319e-05 0.011476432438939812 0.24237124621868136 0.041671004146337516 0.01344346394762397 1.0282501989422601e-05 3.5395414670347243e-05 0.68000170588493358 0.0012673122109845283 -0.058537136763334267 0.061011949554085738 0.047560924664139755 0.0016068000113591554 0.0050246531609445819 7.9312267189379798e-06 0.009280783589929344 -0.0059301243163645259 -0.00083725046715699125 0.00097027199808508169 inf 6.1552524130092947e-05 0.009794924873858692 0.0424698293209076 0.94750660657882702 0.00061734564951621007 -0.020560900680720803 0.13946726173162463 0.0011079744435846808 0.022492233663797382 0.003655900247395039 1.1218345662200592e-05 0.064845200628042235 0.0017243722104467454 0.0013105995021760466 -0.48896108567714686 0.005629830528050662 0.028168711811304096 -0.31389440596103663 0.078254863619804396 0.50754329562187206 -0.024884952232241627 0.006135382456704975 0.35038717091083532 -0.034198407083749764 0.42874848842620855
decision_type=2 2 2 2 2 2 2 2 2 2 2 2 2 2 2 2 2 2 2 2 2 2 2 2 2 2 2 10 2 2 2 2 2 2 2 2 8 2 2 10 2 2 2 2 2 2 2 2 2 2 2 2 8 8 2 2 2 2 10 2 2 2
left_child=1 4 3 7 6 17 30 16 9 15 23 13 -13 21 47 25 31 -3 22 20 59 -11 -5 -6 -12 37 -14 -15 -23 -10 -1 -2 -24 -27 38 -29 -19 -4 -35 -17 -41 -42 43 44 45 -39 53 -8 -9 -28 -48 -52 -26 -44 -55 -56 -43 -30 -16 -20 -61 -62
right_child=2 5 8 18 10 -7 14 48 29 11 24 12 26 27 58 39 -18 36 19 -21 -22 28 32 -25 52 33 49 35 57 -31 -32 -33 -34 34 -36 -37 -38 42 -40 40 41 56 46 -45 -46 -47 50 -49 -50 -51 51 -53 -54 54 55 -57 -58 -59 -60 60 61 -63
leaf_value=2.0006457417679899e-07 5.5974715202900565e-06 -2.1266780827450419e-05 -6.692470640348494e-07 1.92488044641786e-06 9.0780891514301687e-06 -3.7372747579335798e-05 -9.8447880671852099e-06 4.7909921566833436e-05 7.8206371782975984e-06 -3.2043566337965055e-05 5.3608501645321407e-06 -0.0004359324708887627 9.792982277174756e-05 -8.1507855340265403e-05 -1.4630685299157144e-05 1.3155047142560098e-05 2.6016312560809286e-06 -5.6644016095811075e-06 6.3396001043379481e-05 -4.6325401598598521e-05 0.00039241298649783635 -0.000195101183287606 4.9622325509380369e-05 2.722066242318434e-05 -2.5373677844688718e-06 -1.480250181304573e-05 -2.6442394330292972e-05 -3.6601573766956513e-06 5.8615022838470041e-05 4.633211890830382e-05 1.8783074534237688e-05 2.4377396643813027e-05 0.00011811627807538555 0.00011947538139874511 3.4153866932812948e-05 0.00020677683493687581 -0.00023790184796933651 -4.3448706100467539e-05 0.0003679701651935147 1.9089945875907783e-05 4.3304213132544366e-05 0.0001566155192400813 -2.5837025727804046e-05 -8.2928583407493881e-05 0.00023336129007978237 0.00014748942072157707 1.9515930867429667e-06 -2.3256007308319025e-06 2.7568227978144505e-05 -0.00027586104597836859 0.00025355282937217233 -3.5670714730509066e-05 -2.0350953634006194e-05 7.3642499472250977e-05 -6.1696699923200778e-05 -0.00018122886833094834 0.00041961294025469385 -0.00018266530225784358 -3.2778653984118396e-05 8.6163129061227032e-05 0.00013035004794821007 0.00045115763442110115
leaf_weight=202439.67958652973 37987.684558153152 161421.71772515774 21192.368137121201 5925.8922507762909 152777.05870819092 67327.452087402344 262914.77834582329 24947.571304321289 44410.862106323242 3711.4625608921051 214383.58233642578 263.62483465671539 211.12766945362091 376.04596972465515 175170.77963757515 11358.954763054848 80843.002571105957 109853.75586700439 1126.8503816127777 457.79558563232422 301.94931411743164 1200.313641667366 52224.383330583572 52283.121620178223 73942.237457275391 2462.3305908441544 185.91521286964417 329.46846485137939 362.16523385047913 8973.9205932617188 37135.914794921875 124133.46941065788 2279.4980010986328 490.6306734085083 2322.9631849527359 533.28145122528076 160.5108642578125 589.87291657924652 188.26552653312683 1614.0089566707611 342.24488472938538 175.01732504367828 35440.657804369926 573.96677708625793 343.47622680664062 426.41537988185883 1710.7532186508179 271252.89544677734 65571.941955566406 314.14948272705078 263.83719861507416 153.74413073062897 32129.970489501953 509.57707345485687 4416.9668155908585 688.02184367179871 257.47950494289398 180.00279009342194 23723.112121582031 716.40010786056519 138.6322466135025 239.59365475177765
leaf_count=209601 37289 165586 19005 5497 147520 64494 284684 21648 40284 3049 224289 204 165 330 171935 10534 74901 110116 923 390 219 975 45867 47504 74884 2125 149 255 288 7566 42787 118710 1849 393 1974 400 197 500 132 1398 293 132 31118 490 264 330 1380 276439 60482 245 195 127 35600 398 3592 552 182 155 26692 578 106 174
internal_value=3.34486e-09 -5.07042e-06 1.71526e-05 2.43978e-05 -1.80474e-06 -1.95126e-05 -5.98547e-06 1.93477e-05 -2.46632e-06 -1.20689e-05 5.93305e-06 -6.17915e-05 -0.000191546 -4.28409e-05 -8.94843e-06 -7.6096e-06 1.41957e-05 -1.50822e-05 5.09557e-05 0.000120261 0.000150496 -6.69848e-05 4.75327e-05 1.3704e-05 9.60342e-07 -1.36901e-05 -9.9988e-05 6.33923e-05 -0.000141287 1.42959e-05 3.0807e-06 1.99771e-05 5.24912e-05 3.14291e-05 6.93361e-05 0.000126592 -6.00755e-06 -1.74089e-05 0.000189264 2.41325e-05 7.62779e-05 0.000195061 -2.52714e-05 3.63311e-05 8.67194e-05 3.67977e-05 -2.80315e-05 -6.02653e-06 3.31754e-05 -0.000183606 3.06012e-05 0.000147405 -7.9335e-06 -3.10724e-05 -6.40986e-05 -7.78712e-05 0.000314397 -2.18683e-05 -1.67956e-05 0.00011729 0.000172555 0.000334875
internal_weight=2.38039e+06 1.83692e+06 543469 396895 1.49815e+06 338763 972637 333484 146574 93189.1 525516 7667.56 974.817 6692.74 733062 85521.6 242964 271436 63411 2981.22 2523.43 5453.94 60429.8 205060 320456 71773.8 711.192 1238.8 1742.48 53384.8 239576 162121 54503.9 5464.19 3001.86 862.75 110014 66309.7 678.896 13747.7 2388.75 774.742 45117.3 1933.73 1359.76 1016.29 43183.6 534168 90519.5 500.065 2128.33 417.581 106072 41055.2 5614.57 5104.99 432.497 542.168 198894 2221.48 1094.63 378.226
internal_count=2380140 1882328 497812 368633 1541935 340393 1012138 313030 129179 81329 529797 6215 763 5452 759750 75114 230900 275899 55603 2390 2000 4467 53213 195024 334773 62575 559 985 1418 47850 252388 155999 47716 4624 2499 655 110313 57951 525 12539 2005 607 38946 1584 1094 830 37362 561123 82130 394 1702 322 110484 35660 4542 4144 314 443 198627 1781 858 280
is_linear=0
shrinkage=0.05


Tree=2
num_leaves=63
num_cat=0
split_feature=217 53 52 52 51 52 51 57 293 13 48 32 202 52 202 154 53 48 52 47 22 262 310 276 217 276 198 202 220 223 292 345 50 53 109 36 266 335 47 36 319 0 183 322 200 2 357 319 52 43 201 278 48 53 327 53 68 0 203 49 52 237
split_gain=0.0723561 0.0335904 0.0306413 0.0215092 0.0136158 0.0128948 0.0126417 0.0109908 0.00900468 0.00761579 0.00895992 0.00765475 0.00761512 0.00742284 0.00732891 0.00709145 0.00695272 0.0065683 0.00639867 0.00572227 0.0170393 0.00539965 0.00563235 0.00470246 0.00440811 0.00384838 0.00378902 0.00395458 0.00374773 0.00362354 0.00356887 0.0035149 0.00348413 0.00331761 0.00320851 0.00317384 0.00311486 0.00445984 0.00289372 0.00288525 0.00285056 0.00283594 0.00334671 0.00314968 0.00304724 0.00282896 0.00273622 0.00272581 0.00261787 0.00250091 0.00249235 0.00252935 0.00249195 0.00248126 0.00237609 0.00236543 0.00236174 0.00304704 0.00272657 0.00257433 0.00234287 0.00233765
threshold=0.00013566455163527283 4.444532351044473e-05 0.00049555880832485865 3.8406753446906812e-05 0.00018466067558620128 1.0000000180025095e-35 0.00037633141619153326 1.0000000180025095e-35 1.2252042844300888e-19 0.051093850284814842 0.10054295137524606 0.045323450118303306 0.0017243722104467454 3.2619533158140264e-05 0.0017243722104467454 0.00028054717404302215 0.00030776443600188946 0.064845200628042235 0.009280783589929344 1.0000000180025095e-35 0.0011481501278467479 0.0068101845681667337 -0.0094777606427669508 0.37001338601112371 0.00043182745866943156 0.17000202834606173 0.0078237224370241183 0.0017243722104467454 0.0002328659102204256 -0.028728228993713852 1.8233585357666018 -0.19081968069076535 0.00073038446134887647 1.0000000180025095e-35 88.938079833984389 0.005877434043213726 0.007249954156577588 -0.085638336837291704 0.018562812358140949 0.0053965398110449323 0.0065807010978460321 0.011476432438939812 0.015568860340863468 0.0095765576697886007 0.0013658645912073555 -0.012513978406786917 -0.050309371203184121 0.020682492293417457 0.00042222354386467492 0.0073982693720608958 0.00097027199808508169 0.68999245762825023 0.35723403096199041 0.00011337095565977508 0.0037852396490052347 0.00015269358846126127 0.062983039766550078 0.011476432438939812 0.0010060375207103791 0.15525692701339724 4.4284497562330223e-05 -0.80832660198211659
decision_type=2 2 2 2 2 2 2 2 2 2 2 10 2 2 2 2 2 2 2 2 2 2 2 2 2 2 2 2 2 2 2 2 2 2 10 10 2 2 2 10 2 2 2 2 2 2 2 2 2 8 2 2 2 2 2 2 2 2 2 2 2 2
left_child=1 3 4 8 5 19 18 13 25 11 31 26 -13 35 30 48 -6 34 32 20 -2 -14 -23 -10 55 -1 38 45 60 -16 36 -11 52 -27 -7 -3 -12 -38 -8 -21 -36 43 -43 46 -45 -28 50 -42 -5 -31 -40 -52 53 -4 -30 -19 57 -34 -59 -58 -9 -32
right_child=2 7 6 15 16 17 9 28 23 10 14 12 21 -15 29 -17 -18 24 -20 39 -22 22 -24 -25 -26 33 27 -29 54 49 61 -33 56 -35 40 -37 37 -39 41 -41 47 42 -44 44 -46 -47 -48 -49 -50 -51 51 -53 -54 -55 -56 -57 59 58 -60 -61 -62 -63
leaf_value=-4.9069334160447713e-07 -1.9381621520749573e-05 -1.4508901780115097e-05 4.7883468789435712e-05 4.4902721435843522e-06 2.0184437922278096e-06 2.8472032879410082e-05 0.0001522056981210453 -2.6374216912156085e-05 7.0934259147938989e-06 -0.00049155511985115978 1.6882961386895927e-05 4.9589662493133251e-05 -6.3642967633566716e-06 -1.2985598330601364e-06 -6.8983755284840345e-06 2.4920084195353548e-05 -2.5104340715444901e-05 1.4524236724003564e-05 0.00013039037876680032 7.3864116665112613e-06 -0.00083010723294180328 0.00054570492309543109 0.00020066153928399667 -3.5550193350641562e-06 2.797096179022405e-05 -8.5889637530414288e-06 0.00018076775198402518 -0.00022001272674862976 -3.5056915779654316e-05 -0.00017237947821956731 0.00031668844260676561 -0.00013935188697562759 6.0823961822600938e-05 -1.9187635858259862e-05 4.5976931052510678e-05 -3.2732750568406761e-05 7.4256113894198247e-05 -0.00017855638743543905 2.7214079523293597e-05 -7.7741644934118697e-06 0.0001279250780380125 5.1213602304032047e-05 0.0003440388559659282 -1.496879765043863e-05 -0.00015907117698665081 -0.0001139163855665775 5.4494205106970801e-06 -9.3300053891274735e-05 2.1782480533479879e-05 -0.00042802680982694809 5.5936765253669597e-05 0.00019996363231357869 0.00014605196373310438 2.5062541570104492e-05 -0.00017807329923333586 -1.981682550570395e-06 -0.00021368749955958996 0.00010825124251604767 0.00031929526553268784 1.8085922109863276e-05 -9.4225522982161981e-06 1.7388824949564511e-05
leaf_weight=111096.96030759811 316.97492170333862 180058.62311005592 25993.363386034966 179149.53433227539 78820.168029785156 58452.456420063972 361.38322770595551 56714.736409902573 179633.45785522461 147.62523078918457 1884.1616208553314 3403.1363506317139 196.92069911956787 119822.79298400879 176.94894325733185 71299.761474609375 33741.037841796875 81776.210259914398 2350.02783203125 157736.46206665039 79.500486850738525 162.17290568351746 440.27858757972717 245199.19665527344 50360.013702392578 333844.63960266113 147.09752130508423 362.02273559570312 71832.485595703125 237.56785428524017 135.79087030887604 138.68819987773895 24963.988526821136 94803.215438842773 12875.04314994812 27546.928237915039 251.65104687213898 559.88533282279968 2823.3240979909897 39175.542114257812 1798.6791124343872 387.38551044464111 128.85374474525452 5116.6425837278366 393.25942993164062 177.52781438827515 10432.110010266304 149.50005328655243 24931.545623779297 163.91175699234009 800.75208210945129 492.54641032218933 532.08450317382812 22000.024509549141 289.727783203125 29547.606787204742 134.43385314941406 714.54975557327271 194.32713317871094 981.26298522949219 31822.24878692627 124.36850917339325
leaf_count=117268 445 178470 23632 178104 74246 52937 300 55596 191062 114 1499 2727 152 113630 143 69904 29960 81978 1878 155786 62 112 331 255679 46846 351147 113 285 67241 185 99 109 21378 97192 10868 30272 191 467 2540 43798 1396 311 108 4309 314 145 9014 124 24086 127 667 368 431 19295 236 28557 116 573 144 791 30175 107
internal_value=3.24698e-09 -5.35278e-06 1.41913e-05 -9.79116e-07 9.37754e-06 1.3411e-05 3.85856e-05 -1.64638e-05 -4.49778e-06 1.07982e-05 -5.50711e-05 2.05464e-05 8.22764e-05 -1.1208e-05 -3.31875e-05 1.13457e-05 -6.11211e-06 2.13246e-05 4.91649e-05 3.98718e-06 -0.000185297 0.000220961 0.000295041 9.47512e-07 1.56964e-05 -8.78375e-06 8.54245e-06 -0.00010686 -2.7175e-05 -0.000195624 -1.28975e-06 -0.000323101 4.66337e-05 -1.09331e-05 3.37426e-05 -1.69273e-05 -1.84042e-05 -0.000100171 1.23371e-05 4.37017e-06 5.45195e-05 9.8659e-06 0.000125349 6.88158e-06 -2.53078e-05 1.99031e-05 1.90742e-05 0.00011087 6.60297e-06 -0.000278357 5.35818e-05 0.000111013 3.8621e-05 3.74239e-05 -3.56364e-05 1.01433e-05 6.10366e-05 6.41079e-05 0.000153977 -1.01736e-05 -2.02817e-05 0.000174833
internal_weight=2.38039e+06 1.72805e+06 652339 1.23996e+06 544829 432268 107510 488088 964577 29646 3820.6 25825.4 4202.51 327428 3534.29 275381 112561 234960 77864.1 197308 396.475 799.372 602.451 424833 161684 539745 21622.9 686.648 160659 578.429 2955.86 286.313 75514 428648 73275.7 207606 2695.7 811.536 20936.3 196912 14823.2 20574.9 516.239 20058.6 5509.9 324.625 14548.7 1948.18 204081 401.48 4116.62 1293.3 48525.5 47993.4 72122.2 111324 26988.6 25872.9 908.877 1115.7 88537 260.159
internal_count=2380140 1760062 620078 1284442 527003 422797 93075 475620 1012348 24837 3041 21796 3322 322372 2818 272094 104206 222706 68238 200091 507 595 443 446741 157381 565607 18474 543 153248 455 2363 223 66360 448339 65325 208742 2157 658 17931 199584 12388 17631 419 17212 4623 258 12589 1520 202190 312 3575 1035 43358 42927 67477 110535 23002 22095 717 907 85771 206
is_linear=0
shrinkage=0.05


Tree=3
num_leaves=63
num_cat=0
split_feature=219 56 59 53 293 52 11 198 49 218 16 291 2 46 36 178 203 51 52 211 218 52 218 48 2 49 204 211 338 276 292 16 108 1 347 358 51 2 276 292 219 276 46 2 198 108 53 52 52 316 38 2 198 46 197 210 340 197 219 47 17 220
split_gain=0.0698048 0.0324026 0.0279056 0.0187327 0.017466 0.0120383 0.00988653 0.0156857 0.0122457 0.00913882 0.0083484 0.00805667 0.00728543 0.00679666 0.00677988 0.00657178 0.00629364 0.00627606 0.00616468 0.00562585 0.00508544 0.00499915 0.00468466 0.00446787 0.00563009 0.00813951 0.00669831 0.00444215 0.00400041 0.00396666 0.00396518 0.00385077 0.00353537 0.00383098 0.00349696 0.00337282 0.0033335 0.00333173 0.00322489 0.0030791 0.00307904 0.00296042 0.00280537 0.00324171 0.00326251 0.00277556 0.00275937 0.00275708 0.00271336 0.00267849 0.00262145 0.00300334 0.00272978 0.00258589 0.00263143 0.00944756 0.00256868 0.00349469 0.0025538 0.00252995 0.00323098 0.00250692
threshold=0.0001274403839488514 1.0000000180025095e-35 1.0000000180025095e-35 0.00013341689191292974 5.4123089284985333e-05 0.00080368987983092677 0.052829595282673843 0.0078237224370241183 0.30850613117218023 0.00013241265696706253 0.0043808694463223228 2.2196388244628911 0.0012673122109845283 0.019771361723542217 0.005877434043213726 0.022463142871856693 0.0010060375207103791 0.00019571268057916316 1.0000000180025095e-35 3.7039277231087915e-05 0.00011996069952147083 0.009280783589929344 7.5660234870156287e-05 0.18090146780014041 -0.002697904128581285 0.51047781109809887 0.00072736627771519135 4.9384250814910054e-05 1.015273451805115 0.71000227332115184 0.12895659357309344 0.0045928549952805051 83.07773590087892 0.06795790791511537 0.077267143875360503 -0.7854022979736327 3.0746992706554017e-05 -0.0058628502301871768 0.44806492328643804 -2.1729413270950313 0.00075452166493050765 0.13678423315286639 0.0048849571030586967 -0.0018859392148442564 0.0025437917793169622 14.498001098632814 0.00064818499959073972 7.9312267189379798e-06 4.2154113089054599e-06 -0.064511474221944795 0.0094513148069381731 -0.013826920650899409 0.0030894778901711111 -0.0062798000872135154 0.003443555324338377 0.00022684690338792282 1.9547153711318972 0.005286816507577897 0.0014807062689214947 1.0000000180025095e-35 0.0056937476620078096 0.00041902676457539206
decision_type=2 2 2 2 2 2 2 2 2 2 2 2 2 2 8 2 2 2 2 2 2 2 2 2 2 2 2 2 2 2 2 2 2 2 2 2 2 2 2 2 2 2 2 2 2 2 2 2 2 2 10 2 2 2 2 2 2 2 2 2 2 2
left_child=2 3 4 10 14 20 12 11 34 27 22 15 17 -10 19 39 53 58 41 32 48 46 47 -19 30 26 -26 -4 -18 -12 35 45 33 -1 -9 -25 -21 -35 -20 -8 -24 -6 -17 -44 -45 -16 -7 -2 -3 -37 51 -41 -52 -14 -55 -56 -48 -58 -5 60 -29 -11
right_child=1 5 9 6 18 21 7 8 13 61 29 -13 16 -15 31 42 28 23 38 36 -22 -23 40 24 25 -27 -28 59 -30 -31 -32 -33 -34 37 -36 49 -38 -39 -40 50 -42 -43 43 44 -46 -47 56 -49 -50 -51 52 -53 -54 54 55 -57 57 -59 -60 -61 -62 -63
leaf_value=-5.9603989783923626e-06 3.8897390361714326e-06 1.3894898174227307e-05 -1.9744014238929716e-05 1.4087071225712335e-08 9.3914756548935975e-06 5.55573631576101e-05 -0.00024425389779480263 -0.00026968401871976469 1.8005449483235372e-05 -2.5556044083967485e-05 3.9703097793270148e-05 0.00018602195676087712 -6.4733095624080209e-06 -0.00037835672668262422 -3.8124661678970488e-05 2.678777754340664e-06 5.7724795222304657e-05 -2.8359740269013668e-05 1.8084449945478643e-05 4.1402858060302471e-06 1.2683109019916191e-05 0.00011984312593759051 4.228814129392737e-07 0.00014781462850817835 0.00011589033596833847 -2.9503230054276531e-05 0.00045609085384400692 -0.00042337742237439724 0.0002718478993313007 6.4461205291022405e-06 -4.0270978162718899e-05 -1.1964448740226251e-05 -1.7997629218839366e-05 -0.00010707193527739244 -0.00050319535040100076 0.00016128568781217928 -5.6990181963247494e-06 -1.4751476374407526e-05 5.3370300666260729e-06 9.0010443868307791e-05 2.6575909702477798e-05 -1.4887318382713939e-06 -0.00030390559923759936 1.5260129832166546e-06 -0.00018136433974260449 6.6503181197562885e-06 4.3406695728871104e-05 2.2855135153778286e-05 3.5215263321891833e-05 1.9986144139128388e-06 2.4565612997472433e-05 -1.6291810160385515e-05 -0.0001958772297984961 3.7882475366060142e-05 0.00045472855851044763 -2.8202482518180693e-05 6.835132196539296e-06 -0.00017427549608123519 4.1037677132108014e-05 -5.5938062115653508e-06 5.6963646389103212e-07 -4.2929150372715997e-05
leaf_weight=334641.69132137299 25924.922794699669 18494.377851128578 122781.04342770576 65540.188150405884 80046.777144312859 34667.875390052795 143.62096011638641 415.43975484371185 533.29689466953278 55289.582397460938 40070.627738952637 403.43082940578461 3654.3017665147781 133.61965179443359 28887.235628008842 328.39074325561523 433.48757767677307 42306.546359062195 101256.63749039173 193497.00345611572 61539.150100708008 2597.3583984375 106129.26538085938 444.02388954162598 466.71364414691925 609.87915420532227 209.08220481872559 80.553042650222778 439.87655806541443 11551.465690612793 5378.9327893257141 69190.489501953125 84026.492570161819 1743.8358678817749 271.26393795013428 270.29178619384766 155063.97273254395 2221.623610496521 97284.555786132812 785.72155511379242 12587.108978271484 285506.74188232422 303.49545216560364 370.18358266353607 712.28229176998138 3931.6387501955032 7721.5838117599487 73479.93091583252 77357.388586044312 8583.9237302541733 227.99742090702057 4243.7780816555023 361.98616790771484 4197.0557335615158 169.34781861305237 247.09761691093445 3324.192195892334 287.54501342773438 4024.7518310546875 109625.53187561035 98.631184339523315 33268.286254882812
leaf_count=350382 25181 17830 126941 60344 85760 30617 118 326 421 54214 39997 311 3230 103 30923 260 346 37180 102250 194056 55818 2071 97268 355 388 548 152 79 327 11759 4505 83178 83807 1472 211 213 151033 2015 97156 660 10860 297388 238 330 563 4195 6623 69650 72125 7646 182 3468 285 3589 127 193 2844 230 3428 110877 147 31347
internal_value=3.0847e-09 1.44003e-05 -5.08906e-06 6.36891e-06 -2.11171e-06 3.06177e-05 -8.04337e-06 -5.81123e-05 -0.00021522 -1.84143e-05 1.41809e-05 -3.10798e-05 -4.66706e-06 -6.23013e-05 -6.54178e-06 -4.28397e-05 3.84501e-05 -7.75083e-06 4.74592e-06 -4.93939e-06 2.39005e-05 5.237e-05 9.90145e-06 -1.98555e-05 2.68401e-06 0.000102929 0.000222179 -1.32095e-05 0.000165944 3.22617e-05 -6.11001e-06 -1.86556e-05 -8.81766e-06 -6.53952e-06 -0.00036312 1.36562e-05 -2.36923e-07 -5.53835e-05 1.18384e-05 -1.72561e-05 3.1962e-06 8.93791e-07 -0.000128723 -0.000159817 -0.000118932 -3.27606e-05 4.85552e-05 1.79091e-05 3.11019e-05 6.89648e-06 -1.13697e-05 3.44183e-07 -0.000110893 2.49454e-05 4.98239e-05 0.000169417 2.71302e-05 -7.67229e-06 2.38866e-06 -5.90245e-06 -0.000192587 -3.20834e-05
internal_weight=2.38039e+06 621943 1.75844e+06 415953 1.4373e+06 205989 146210 9234.51 1353.62 321144 269743 7880.89 136976 666.917 873204 7477.46 9141.17 127834 564095 771195 157391 48598.6 218121 58269.4 15962.8 1285.68 675.796 232586 873.364 51622.1 14677.2 102009 422634 338607 686.704 9298.24 348561 3965.46 198541 5763.1 118716 365554 1714.35 1385.96 1082.47 32818.9 46001.2 99404.9 95851.8 8854.22 5619.48 5029.5 589.984 8267.8 4613.5 416.445 11333.3 3611.74 69564.9 109805 179.184 88557.9
internal_count=2380140 572920 1807220 384762 1483615 188158 130047 7476 1061 323605 254715 6415 122571 524 901061 6104 7812 114759 582554 782765 145773 42385 202959 50987 13807 1088 540 238044 673 51756 12719 118296 437676 353869 537 8214 345089 3487 199406 4713 108128 383148 1391 1131 893 35118 40314 94831 89955 7859 4595 4128 467 7139 3909 320 9697 3074 63772 111103 226 85561
is_linear=0
shrinkage=0.05


Tree=4
num_leaves=63
num_cat=0
split_feature=219 56 59 293 16 212 52 212 36 52 217 43 343 12 198 358 178 291 337 358 338 68 313 258 212 217 109 35 16 1 109 354 202 198 327 198 349 219 346 109 337 15 213 344 278 197 214 272 1 197 201 349 354 334 278 331 188 291 334 259 52 109
split_gain=0.0631608 0.0283083 0.0263222 0.0174887 0.0125656 0.0131029 0.00977808 0.00821463 0.00699446 0.00631614 0.00572827 0.00524629 0.00512714 0.00477368 0.0105099 0.00955172 0.00949788 0.00576233 0.00614404 0.00552406 0.00544585 0.0053164 0.00570078 0.00526146 0.00456746 0.00442852 0.00439552 0.00410553 0.00391616 0.00388281 0.00395433 0.00385004 0.0038423 0.0044604 0.00387146 0.00370694 0.0232747 0.00365553 0.00361471 0.00352922 0.00352896 0.00539038 0.00343016 0.00340763 0.0033108 0.00477175 0.00327167 0.00325828 0.00333606 0.0034157 0.0032179 0.00321421 0.00358104 0.00387923 0.00395457 0.00324788 0.00316428 0.00310844 0.00322356 0.00424367 0.00310426 0.00304424
threshold=0.00015274995530489835 1.0000000180025095e-35 1.0000000180025095e-35 0.00013119201321387666 0.0040005680639296779 0.00024423771537840372 0.0016068000113591554 9.5940366009017466e-05 0.005877434043213726 1.0000000180025095e-35 6.6456796048441915e-05 0.00048690909170545643 -0.037503048777580254 0.048142015933990485 0.0078237224370241183 -0.46956090629100794 0.022463142871856693 1.0696060657501223 -0.023731938563287255 0.0092835091054439562 0.077957216650247588 0.041127689182758338 0.018390101380646232 0.33407452702522283 0.00012983450142201039 5.5426547987735837e-05 6.0153276920318612 0.067573778331279769 0.0045928549952805051 0.060977684333920486 67.376499176025405 0.047560924664139755 0.0017243722104467454 0.0064537227153778085 -0.0012921645538881419 0.0078237224370241183 -0.12228991463780402 1.1218345662200592e-05 -0.78101304173469532 12.151674270629885 -0.087391793727874742 0.027258826419711116 0.0030454089865088467 1.0000000180025095e-35 0.7299981713294984 0.005286816507577897 0.00033032380451913928 0.0032212408259510998 0.058548554778099067 0.00438772444613278 0.00055492029059678327 0.013358599971979858 -0.24481089413166043 0.44720008969306951 0.15000236034393313 0.49339805543422705 0.010274252854287626 -1.9946870207786558 0.22787767648696902 0.30735650658607488 1.0000000180025095e-35 18.295039176940922
decision_type=2 2 2 2 2 2 2 2 8 2 2 10 2 2 2 2 2 2 2 2 2 2 2 2 2 2 8 10 2 2 8 2 2 2 2 2 2 2 2 10 2 2 2 2 2 2 2 2 2 2 2 2 2 2 2 2 2 2 2 2 2 10
left_child=2 4 3 8 5 26 24 25 10 -5 29 39 51 21 16 -16 17 18 50 20 -17 32 47 -19 -3 -4 -2 -25 -10 30 37 -18 35 -34 -35 -7 -37 -1 -24 -6 -38 -42 -8 -40 -14 -46 -9 48 49 -23 -15 -13 53 -53 -55 -54 -31 -20 59 -59 -28 -22
right_child=1 6 7 9 11 13 42 46 28 -11 -12 12 44 14 15 19 31 23 57 -21 61 22 38 27 -26 -27 60 -29 -30 56 -32 -33 33 34 -36 36 40 -39 43 -41 41 -43 -44 -45 45 -47 -48 -49 -50 -51 -52 52 55 54 -56 -57 -58 58 -60 -61 -62 -63
leaf_value=-6.601668480975559e-06 -1.802845856758225e-05 3.3841927103788322e-05 -1.6674035281176553e-05 1.7811953983099078e-06 -0.00016116020379620008 -1.0365950410452532e-05 5.1136517210459878e-05 -2.0923085359948696e-05 -3.0629024328979702e-05 1.3543698022519357e-05 3.0007696328480575e-06 4.3473827895265332e-05 3.3354916340041714e-05 -3.2511576444195519e-05 0.00010856965168988211 -0.00054157041778790584 -0.00016986397455322167 -0.00011292383891765154 -0.0002917030232438208 -1.9809653998597464e-05 -0.00027098500849148145 6.0117018446404473e-05 -7.5163272029625522e-05 4.910187470611642e-05 1.6825916990772326e-05 -1.7682828093345258e-06 -9.7067685308490433e-07 0.00025616952485056052 -1.0651656906986466e-05 -0.0001184288150302536 -1.0665248814380072e-05 -2.1920254567561455e-05 -2.7057884048821068e-05 -3.2765137413455373e-05 -0.0002549524525728676 0.00068320191125445073 -0.00023062568773532283 2.949872870188702e-06 4.8641626909913044e-05 -1.0793806382156481e-05 -1.40618973647641e-05 0.0003259019515644869 9.9069062409233539e-05 0.00018771993263048091 8.2634948873734013e-06 -0.00024674506061555601 -3.7501061953910656e-05 -6.2978975224017622e-05 -1.1431350158028786e-05 0.00031308321979030621 6.6796258695341762e-05 7.9082741343654758e-05 -4.2516811916968551e-05 0.00046398174028102976 0.00017814185838759241 9.6314077995695148e-05 -2.6244750394064962e-05 -6.8442297704243018e-05 -9.9414879916403541e-06 -0.00029236145250577535 1.5979816818531149e-05 -5.4459218343387758e-05
leaf_weight=242865.2933037281 12515.436196208 88975.720956325531 129377.26779687405 302679.98745834827 429.7048214673996 87858.606712341309 20607.834350585938 81427.265441894531 36186.640090942383 183206.86173141003 227608.65464782715 11134.527544975281 27279.461931943893 1298.2999200820923 273.65576076507568 153.81518745422363 1309.8151473999023 224.73290646076202 144.66021168231964 285.96954190731049 686.92682290077209 1479.0361633300781 245.93987798690796 469.32126677036285 70842.886856079102 81044.646224975586 33582.661449551582 489.07620143890381 76168.067993164062 1010.2803821563721 246319.75666701794 662.50558090209961 1863.8922119140625 325.45129609107971 493.64037871360779 138.28489768505096 142.94114637374878 170488.96687316895 767.71842765808105 4065.6494418382645 822.58656454086304 133.82874882221222 4560.5166015625 1036.8904385566711 17537.905859470367 183.38572692871094 46914.257080078125 1294.1109828948975 2195.5237979888916 144.91658020019531 2188.2180991172791 686.18778800964355 581.07456433773041 160.60992634296417 494.95352876186371 1520.6917895078659 11618.618467330933 1014.4648357629776 1670.3452935218811 266.06248998641968 138014.20955038071 213.9041713476181
leaf_count=261492 12047 83140 133823 316094 389 77462 17878 80237 38788 182604 224811 10293 27322 1070 219 118 1040 185 115 218 545 1188 191 387 63475 82054 31916 360 91503 861 243101 544 1563 257 390 98 109 172066 615 3839 665 97 3625 787 17468 149 44279 1055 1839 105 1720 599 492 117 412 1272 10615 837 1356 209 127871 164
internal_value=2.9035e-09 1.49765e-05 -4.42719e-06 -1.58104e-06 6.77904e-06 2.41185e-06 3.0862e-05 -1.7014e-05 -5.32379e-06 6.21636e-06 -3.85519e-06 2.68447e-05 3.07747e-05 -1.12164e-05 -4.19235e-05 -0.000160003 -2.23196e-05 2.57679e-06 -1.5693e-05 -0.000214906 -0.000267669 -7.69256e-06 3.37852e-05 0.000104071 2.62995e-05 -1.09331e-05 1.05761e-05 0.000155083 -1.70863e-05 -6.17629e-06 -5.65048e-06 -0.000120242 -1.09309e-05 -6.98629e-05 -0.000166965 -9.15474e-06 7.67055e-05 -2.66212e-06 0.000104175 -2.52324e-05 -6.86017e-07 3.40892e-05 5.98291e-05 0.000128672 2.24246e-05 5.59704e-06 -2.69835e-05 5.52902e-06 2.87616e-05 8.30483e-05 2.98188e-05 5.6544e-05 9.87562e-05 0.00016253 0.000249369 5.79276e-05 -3.36368e-05 -6.69395e-05 -5.57308e-05 -0.000115351 1.26625e-05 -0.000219805
internal_weight=2.38039e+06 543469 1.83692e+06 1.49815e+06 358482 294407 184987 338763 1.01227e+06 485887 899912 64074.2 59578.8 110295 11351.8 1614.27 9737.5 7765.18 6582.05 1340.62 1054.65 98943.4 7164.14 1183.13 159819 210422 184112 958.397 112355 672303 659674 1972.32 91779.2 2682.98 819.092 89096.2 1237.64 413354 2050.55 4495.35 1099.36 956.415 25168.4 1804.61 45000.8 17721.3 128342 5113.59 3819.48 1623.95 3486.52 14578 3443.52 1341.75 655.563 2101.77 12628.9 3095.53 2950.87 1280.53 171597 900.831
internal_count=2380140 497812 1882328 1541935 329694 267342 168118 340393 1043237 498698 912946 62352 58124 95508 9087 1264 7823 6239 5307 1045 827 86421 5780 932 146615 215877 171834 747 130291 688135 676659 1584 80641 2210 647 78431 969 433558 1593 4228 871 762 21503 1402 44939 17617 124516 4187 3132 1293 2790 13185 2892 1128 529 1764 11476 2517 2402 1046 159787 709
is_linear=0
shrinkage=0.05


Tree=5
num_leaves=63
num_cat=0
split_feature=219 56 53 53 52 154 211 218 219 46 2 291 176 218 218 219 334 57 49 1 344 198 349 46 202 349 32 358 321 219 57 327 358 33 202 219 212 219 2 198 211 52 46 35 337 337 174 49 199 198 358 342 13 109 19 186 44 52 49 203 199 35
split_gain=0.0567842 0.0291385 0.0219664 0.0172965 0.0118895 0.0110242 0.00860643 0.00806303 0.00752988 0.00699222 0.00822684 0.00755101 0.0072542 0.00642347 0.00498944 0.00442178 0.00438857 0.00430985 0.00414618 0.0127517 0.00759886 0.00674645 0.00450586 0.00715391 0.00568487 0.00403636 0.0040357 0.00381222 0.00380013 0.00333686 0.00329548 0.00387436 0.00324551 0.00318711 0.00416121 0.00311777 0.00305294 0.00335219 0.00298252 0.00281748 0.00277592 0.00273936 0.0026659 0.00363105 0.0031645 0.00345208 0.0030013 0.00465982 0.00345745 0.00286848 0.00713088 0.00571038 0.00260573 0.00298347 0.00259429 0.00257311 0.00278985 0.00255924 0.00250882 0.00331042 0.00277942 0.00269343
threshold=9.2100675828987746e-05 1.0000000180025095e-35 3.7020973877588408e-06 0.00014474737690761688 0.00048696303565520799 -6.2959104980109246e-05 3.819991979980842e-05 0.00023656892153667289 0.00089468358783051382 0.016889229416847232 0.0088308756239712256 1.5826441049575808 0.012806232552975418 6.6732111008605002e-05 0.00015347237058449539 0.0034932843409478669 0.24459315836429599 0.80482599139213573 0.32024109363555914 0.063984982669353499 0.45681810379028326 0.0054237539879977712 1.0000000180025095e-35 -0.022889672778546807 0.0011079744435846808 -0.060075832530856126 0.077996388077735915 -0.052621740847825997 0.0084099490195512789 1.1915121831407307e-05 0.80162799358367931 0.0037852396490052347 -0.72606316208839405 0.055816052481532104 0.00021671748254448178 0.0014807062689214947 5.2066327043576173e-05 8.4468542809190711e-06 0.0036960543366149072 0.0054237539879977712 4.1265337131335407e-05 3.7046482930236384e-06 0.0019530436838977041 0.057464122772216804 -0.079723030328750596 0.19245065003633502 0.034135278314352042 0.19497223198413852 0.0014191948575899007 0.0078237224370241183 -0.054720124229788773 1.6582223773002627 0.02131191082298756 158.92649841308597 0.026090365834534172 0.056476190686225898 0.015635468065738681 3.7029882378192273e-06 0.47630238533020025 0.00048411161697003996 0.0010794633417390289 0.072881281375885024
decision_type=2 2 2 2 2 2 2 2 2 2 2 2 2 2 2 2 2 2 2 2 2 2 2 2 2 2 10 2 2 2 2 2 2 10 2 2 2 2 2 2 2 2 2 10 2 2 2 2 2 2 2 2 2 10 2 2 10 2 2 2 2 10
left_child=2 3 6 8 14 17 -1 35 13 10 18 12 39 41 57 -6 28 29 19 42 21 -21 58 24 -24 -12 -13 -23 -14 -4 31 40 33 -10 -35 -5 37 -8 -15 -11 -7 -2 43 46 -44 -46 48 -48 49 52 -51 -52 -9 -54 55 -40 -57 -3 61 -60 -61 -20
right_child=1 4 5 7 15 30 36 9 32 11 25 26 16 38 -16 -17 -18 -19 22 20 -22 27 23 -25 -26 -27 -28 -29 -30 -31 -32 -33 -34 34 -36 -37 -38 -39 54 -41 -42 -43 44 -45 45 -47 47 -49 -50 50 51 -53 53 -55 -56 56 -58 -59 59 60 -62 -63
leaf_value=-5.2726891342504381e-06 5.4262355992389852e-06 1.0467606934845606e-05 -2.1036770730204362e-05 -2.4286646648161769e-07 3.8599589837178585e-05 -1.0448289196212337e-05 5.7861781348669283e-07 -2.2232309378734897e-05 4.9967893262617701e-05 -2.895134090997578e-05 0.00033478737001530894 -7.1714646787428667e-05 -0.00051458169942076215 1.4677893866531335e-06 5.230612585876379e-06 8.2821560366166675e-05 -0.0001450922122139328 -2.6416907291346181e-05 -6.3558349278281309e-06 -0.00010123051569507302 0.00011366660995332493 -0.00047452779077441685 4.9746800376247566e-05 1.1161490630038985e-05 0.00031575787129788709 5.4528391952760548e-05 0.00017589340005457607 -0.00021404596747375546 -0.00020614338147086466 -9.471666129534519e-06 -1.5610251693558574e-05 -0.00030324428540772321 3.2422584214297797e-05 0.0004095641823734569 0.00011998380480784616 4.5760993338657303e-05 -2.9503966406344428e-07 1.2141568475501638e-05 4.7344260719374149e-05 -0.00016850546443290828 1.2273963641171517e-06 2.0573189828036466e-05 -0.00012136325636230535 -0.00018326817779269755 6.0925663191406241e-05 -0.00019966749783077256 0.00015147821633415518 -2.0094417688683958e-05 -0.00013092204150624758 -6.882744068863658e-05 2.3953480768479863e-05 0.00048543136170061605 -7.531842924625074e-05 0.00015699336087152116 0.00020248679734604014 -9.3417257755609869e-05 5.7836468116596247e-05 2.7715366949706096e-05 -2.6187576777520586e-05 -6.3475713587018439e-05 -0.00022444307275513366 0.0001800725615985956
leaf_weight=469617.78085970879 40934.497183442116 27899.333912849426 111994.32965946198 83116.358856201172 65976.753173828125 74088.131075739861 100299.88125610352 41099.465054512024 1381.3540496826172 1554.7815036773682 232.96049070358276 292.48234605789185 188.4743492603302 181954.62519454956 51727.249633789062 6182.654296875 727.6547966003418 110962.86058712006 7286.1389689445496 521.1303870677948 184.72770714759827 296.81828486919403 466.12118542194366 10088.042197346687 352.12412261962891 285.55745363235474 371.7525634765625 276.17967712879181 219.60179162025452 140773.08587646484 60809.080135464668 105.08482360839844 20265.260192871094 151.50636267662048 664.85888695716858 3851.70458984375 205923.11935424805 167114.69769287109 4723.7041916847229 469.78310585021973 162696.8131570816 110245.55436360836 318.0568060874939 357.4176607131958 2234.9522862434387 132.81047403812408 612.64204740524292 1110.0972275733948 772.43324279785156 339.89597868919373 123.6109207868576 145.0296186208725 3521.6826831102371 142.02157068252563 225.36625814437866 759.30384993553162 506.75418305397034 93920.984184265137 4692.1380767822266 770.82464599609375 411.28256225585938 197.03172302246094
leaf_count=501476 40676 27139 116765 77181 58751 77869 109389 36575 1207 1322 176 243 148 170927 47364 4996 592 108449 6465 429 133 233 392 8380 262 217 289 216 185 137389 61166 83 18176 118 509 3310 210931 170967 4358 374 163706 107328 259 285 1774 123 493 956 631 271 102 108 2868 101 175 690 402 88366 4158 624 330 150
internal_value=-7.87974e-09 1.1103e-05 -5.37698e-06 4.50033e-06 2.53337e-05 -1.23625e-05 -4.77031e-07 -8.7698e-06 1.06534e-05 -2.01421e-05 -1.6862e-05 -8.61121e-05 -0.00011831 8.79744e-06 1.82412e-05 4.23907e-05 -0.000219352 -1.82023e-05 -1.82103e-05 -2.61495e-05 -0.000181966 -0.000231996 -1.13326e-06 2.27098e-05 0.000164713 0.000181246 6.69762e-05 -0.000350159 -0.000350414 -1.4596e-05 -5.22728e-06 -2.56189e-06 3.86879e-05 9.63788e-05 0.000174596 1.79559e-06 4.28094e-06 7.80466e-06 2.63139e-06 -6.1468e-05 -2.42589e-06 1.6472e-05 -2.22284e-05 -2.49287e-05 2.62396e-05 4.61525e-05 -2.37388e-05 4.10253e-05 -2.61584e-05 -2.43691e-05 8.3287e-05 0.000274835 -2.58363e-05 -6.62322e-05 3.66856e-05 3.03818e-05 -3.28805e-05 2.37655e-05 -2.06015e-05 -4.50529e-05 -0.000119764 -1.40038e-06
internal_weight=2.37967e+06 775284 1.60438e+06 529577 245707 661429 942955 167764 361813 80795.7 76971.2 3824.53 3160.3 339350 173548 72159.4 1135.73 363730 76452.7 52189 1278.86 1094.13 24263.7 10906.3 818.245 518.518 664.235 572.998 408.076 252767 297699 236890 22463 2197.72 816.365 86968.1 473338 267415 188170 2024.56 236785 151180 50910.1 48224.3 2685.82 2367.76 47866.9 1722.74 46144.1 45371.7 608.537 268.641 44763.2 3663.7 6215.13 5989.76 1266.06 121820 13357.4 5874.25 1182.11 7483.17
internal_count=2379727 721537 1658190 494921 226616 665427 992763 150355 344566 69864 66711 3153 2621 324556 162869 63747 925 362603 66318 45557 1011 878 20761 9034 654 393 532 449 333 254154 302824 241658 20010 1834 627 80491 491287 280356 176552 1696 241575 148004 44546 42390 2156 1897 42105 1449 40656 40025 481 210 39544 2969 5625 5450 1092 115505 11727 5112 954 6615
is_linear=0
shrinkage=0.05


Tree=6
num_leaves=63
num_cat=0
split_feature=217 53 58 219 53 106 334 51 52 276 52 276 51 276 15 36 213 36 12 48 292 2 203 204 337 320 291 16 211 337 36 218 52 293 48 53 201 334 16 273 41 344 332 192 24 279 345 280 354 181 16 276 16 202 45 16 344 16 344 0 48 201
split_gain=0.0531914 0.0250359 0.0210754 0.0177158 0.00957981 0.00889725 0.00889993 0.00831753 0.00814234 0.00707482 0.00700638 0.00623217 0.00552132 0.00530432 0.00513452 0.00499385 0.00491141 0.00392772 0.00378655 0.0060194 0.00562522 0.00489319 0.0119771 0.00688674 0.00488496 0.00455309 0.00358119 0.00351298 0.00344264 0.00342333 0.00323758 0.0031491 0.0031459 0.00313141 0.00310376 0.00304003 0.00278436 0.00276132 0.00251736 0.00288862 0.00249034 0.00248817 0.00259159 0.00301584 0.00308814 0.00245494 0.00242448 0.00241545 0.00241171 0.00240988 0.00239149 0.00237926 0.00235441 0.00234083 0.00232618 0.00227646 0.00237654 0.0022669 0.00225369 0.00222226 0.00298141 0.00265747
threshold=0.00013566455163527283 4.3179947169846862e-05 1.0000000180025095e-35 3.935650238418021e-05 0.00049501153989695023 -1.0000000180025095e-35 0.20708328485488894 8.113942749332638e-05 0.0032594571821391587 0.13000637292861941 1.8460101273376498e-05 0.20676960796117785 0.00021237380860839042 0.15673505514860156 0.015150103252381088 0.005629830528050662 0.00032799222390167421 0.006135382456704975 0.048142015933990485 0.10848183929920198 0.48838211596012121 -0.0029399277409538622 0.001385233015753329 0.0010829223319888117 0.18768864870071414 0.011054130271077158 1.045740067958832 0.0050246531609445819 3.7039277231087915e-05 -0.011283715721219776 0.0053965398110449323 4.0873655962059281e-05 0.0010827394435182216 0.00061553079285658907 0.077370218932628645 0.00034481256443541502 0.0011068888125009837 0.35836388170719152 0.017574515193700794 -0.011937685310840605 0.0094725149683654326 0.014074133243411781 0.72011563181877147 0.02271787449717522 0.014140845742076637 0.56710636615753185 -1.0000000180025095e-35 0.75578826665878307 0.14213547855615619 0.051198616623878486 0.012360962573438885 0.79001295566558849 0.0050246531609445819 0.0013105995021760466 0.0045072745997458705 0.0036976659903302793 -0.18973617255687711 0.0054929989855736503 0.21882045269012454 -0.0092655885964632017 0.05195990018546582 0.0001394649225403555
decision_type=2 2 2 2 2 8 2 2 2 2 2 2 2 2 2 8 2 10 2 2 2 2 2 2 2 2 2 2 2 2 10 2 2 2 2 2 2 2 2 2 10 2 2 2 2 2 2 2 2 2 2 2 2 2 8 2 2 2 2 2 2 2
left_child=1 3 4 13 11 18 -7 10 12 27 51 14 16 52 57 33 34 28 21 20 29 30 46 -24 25 37 49 -5 55 -20 47 -11 41 -13 -4 -9 -16 48 39 -38 -34 42 -17 -44 -45 -14 53 -6 -21 -27 54 -3 -1 -23 -19 56 -15 59 -22 60 61 -2
right_child=2 7 8 9 5 6 -8 35 -10 31 -12 15 45 17 36 32 -18 50 19 24 58 22 23 -25 -26 26 -28 -29 -30 -31 -32 -33 40 -35 -36 -37 38 -39 -40 -41 -42 -43 43 44 -46 -47 -48 -49 -50 -51 -52 -53 -54 -55 -56 -57 -58 -59 -60 -61 -62 -63
leaf_value=1.0833351592578121e-07 3.4551820849570189e-05 -1.1359927496535274e-05 3.1592215117113249e-05 1.4410223532257731e-05 1.3243469952261761e-06 -0.00054365485917224742 -9.3636431284094629e-05 -1.759743773571295e-05 6.2252895858652194e-05 9.5688727607558815e-06 5.8407908832002048e-07 4.0072281678157509e-06 -1.2932111247936589e-05 -2.4889940799995684e-06 3.508504878914216e-05 -8.797092089473973e-06 4.056916052807286e-05 -6.3125140971880836e-06 0.00014323629719246929 -3.8694033888759101e-05 -0.00046714542473434749 2.4199689834832296e-05 0.00011271129874727835 0.00046225725304760662 -0.00026567599607153774 -8.366559238022325e-05 6.5922053093272749e-05 3.7913489668985184e-05 -7.0329200924135e-07 -0.00020332582665751414 -4.5331441549181946e-05 -3.5516659903080714e-08 -2.2517102359660524e-05 1.585720261352117e-05 1.1030627885059761e-05 -3.0723833779273885e-05 0.00024641837805027808 9.3205031930882973e-05 -0.0001078940027683141 8.2385231784482685e-05 0.00027226970081338134 -2.8466411018304442e-05 -2.7335123887159315e-06 3.5116965736641475e-05 0.00016626208680196462 1.4976361973564627e-05 -1.6373914307667849e-05 -2.6537076805157371e-05 0.00014322208735473914 -0.00024383376126326298 -6.8418200288303139e-06 -2.3914344447215228e-05 1.6322864792845137e-05 0.00013985046786846759 -3.087316055058433e-05 6.1155247427891013e-06 -1.2446983293256984e-05 2.8761031657146517e-05 -0.00019619718091301369 7.1462579234707e-06 1.8042656424428181e-05 0.0001399789550791438
leaf_weight=141630.75784945488 1407.2222234010696 126813.28514099121 33820.291163086891 66829.862060546875 24049.459923028946 144.64698588848114 442.7602835893631 125112.39685058594 14826.7734375 150184.82634735107 117664.86045837402 157122.37225317955 10954.802828788757 79757.746652603149 16032.483459472656 30274.374910831451 51297.632459640503 13084.593425750732 134.62493872642517 1496.0534311532974 171.70208489894867 3731.7265211343765 387.61189270019531 221.07969665527344 210.14149701595306 793.39577090740204 287.18337917327881 20861.806701660156 206733.09527373314 147.03633379936218 6803.6855993270874 197685.33014678955 119.92204010486603 86409.716583251953 40136.176868438721 68138.764587402344 305.98839485645294 860.86238884925842 148.41211986541748 2134.2860697507858 174.91888105869293 13538.480561375618 2957.4726475477219 1459.6268253326416 647.22458076477051 28057.212169647217 4043.0007022619247 11496.387387037277 205.43613696098328 333.95051193237305 31734.461059570312 53731.591461181641 26589.304504394531 493.88699340820312 36637.645511627197 23614.800933837891 240853.4747698307 21716.236111164093 146.16862797737122 70509.521530747414 10318.430892944336 1039.4275180101395
leaf_count=149338 1284 128588 31214 66124 21531 124 417 118325 12275 150562 114196 149985 9664 81783 14135 33997 45531 14832 98 1208 135 3236 309 156 165 659 237 22042 210197 122 6506 192261 96 80133 41220 63343 224 688 170 1726 129 13573 2935 1331 511 25459 3791 10401 160 266 40565 54469 31402 383 41960 27560 252370 23568 114 69412 9738 794
internal_value=-7.49729e-09 -4.5998e-06 1.21609e-05 -8.04699e-07 6.62891e-06 -1.26707e-05 -0.000205921 -1.41458e-05 2.67686e-05 7.31048e-06 -8.90941e-06 9.25287e-06 2.3565e-05 -5.21952e-06 1.86665e-05 5.27728e-06 2.86809e-05 -7.31848e-06 -1.06369e-05 -5.31562e-05 -0.000201066 -6.66199e-06 2.70862e-05 0.000240766 -3.18914e-05 -1.94107e-05 -9.13499e-05 2.00024e-05 -5.80333e-06 -3.78384e-05 -1.37372e-05 4.11099e-06 -9.2567e-06 8.21192e-06 2.0434e-05 -2.2226e-05 4.28624e-05 2.03431e-05 9.09658e-05 0.000103138 0.000153026 -1.02419e-05 -3.25869e-06 2.98401e-05 7.55242e-05 7.13924e-06 1.13018e-05 -7.6877e-06 -1.65873e-05 -0.00013146 -1.75663e-05 -1.50964e-05 2.67141e-06 3.77766e-05 -2.44104e-05 -8.86626e-06 -9.96979e-06 1.43744e-05 -0.000344559 1.06221e-05 2.98171e-05 7.94189e-05
internal_weight=2.37967e+06 1.72766e+06 652010 1.2362e+06 472917 56600.8 587.407 491461 179093 435562 298210 416316 164266 800636 123612 292704 125254 632416 56013.4 4786.56 599.532 51226.8 8877.31 608.692 4187.02 3976.88 1414.53 87691.7 550959 281.661 42349.5 347870 49172 243532 73956.5 193251 18621.2 2562.35 2588.69 2440.27 294.841 48877.2 35338.7 5064.32 2106.85 39012 8268.61 35545.8 1701.49 1127.35 81456.7 180545 168220 4225.61 49722.2 344226 320611 104991 317.871 83274.6 12765.1 2446.65
internal_count=2379727 1759917 619810 1280996 454447 50706 541 478921 165363 430989 297253 403741 153088 850007 121051 282690 117965 669267 50165 3852 469 46313 7875 465 3383 3218 1162 88166 571910 220 38438 342823 52572 230118 72434 181668 16255 2056 2120 1950 225 52347 38774 4777 1842 35123 7410 31932 1368 925 97357 183057 180740 3619 56792 361713 334153 104796 249 81228 11816 2078
is_linear=0
shrinkage=0.05


Tree=7
num_leaves=63
num_cat=0
split_feature=52 56 59 276 53 213 36 205 7 199 57 276 16 16 108 212 262 11 358 278 207 332 52 108 57 196 45 327 49 53 354 276 40 330 74 278 69 52 263 213 212 49 19 38 39 206 220 52 36 202 212 29 281 21 16 194 280 327 220 212 340 212
split_gain=0.0476789 0.0229275 0.0206417 0.013114 0.0116024 0.00875108 0.00846655 0.00738131 0.00723104 0.00679457 0.00638583 0.00605011 0.00601102 0.00548327 0.00578186 0.00512693 0.0049371 0.00515607 0.00474741 0.00459417 0.0044216 0.0042232 0.00421999 0.0040882 0.0038111 0.00373998 0.00360177 0.00357044 0.0040613 0.00355064 0.00337231 0.00336725 0.00377957 0.00317459 0.00306235 0.00300145 0.00296464 0.00289757 0.0028931 0.00286999 0.00285119 0.00277502 0.00269264 0.0026803 0.00433259 0.00267057 0.00265123 0.00265001 0.002378 0.00233136 0.00232797 0.00236649 0.00226314 0.00223397 0.00221248 0.00217648 0.00213224 0.00211663 0.00217498 0.00208647 0.00204897 0.00203255
threshold=9.2337577370926751e-05 1.0000000180025095e-35 1.0000000180025095e-35 0.17000202834606173 0.00028880272293463355 0.00050651849596761178 0.005629830528050662 4.3515801735338762e-05 0.062025753781199462 0.0014191948575899007 1.0000000180025095e-35 0.1600073724985123 0.0050246531609445819 0.0012329655583016577 12.11607074737549 9.311777830589564e-05 0.014589186292141678 0.016311441548168663 -0.23010015487670896 0.28002151846885687 4.1995139326900251e-05 0.6421821415424348 0.00089849662617780279 14.660192966461183 0.80162799358367931 0.00092817586846649658 0.0045072745997458705 0.0030056949472054843 0.21140892058610919 0.00046264297270681714 -0.17738983780145642 0.27002485096454626 1.0000000180025095e-35 0.64454060792922985 0.063072130084037795 0.77999982237815868 0.058102976530790336 0.009280783589929344 -0.00028252396441530431 2.1812717932334639e-05 6.060440500732512e-05 0.21809329092502597 0.010147890541702511 0.031414208933711059 0.0061271600425243386 0.0015442573931068184 0.00040314988291356718 3.7029882378192273e-06 0.005877434043213726 0.0017243722104467454 4.3115524022141478e-05 0.073978383094072356 0.29000121355056768 0.0047860413324087867 0.016843636520206932 0.0027864550938829784 0.6130303442478181 -0.0012498168507590888 0.00019231085025239739 3.4231634344905622e-05 1.9547153711318972 9.311777830589564e-05
decision_type=2 2 2 2 2 2 8 2 2 2 2 2 2 2 2 2 2 2 2 2 2 2 2 2 2 2 8 2 2 2 2 2 10 2 2 2 2 2 2 2 2 2 2 10 10 2 2 2 8 2 2 10 2 2 2 2 2 2 2 2 2 2
left_child=2 4 3 12 11 40 7 59 16 27 31 23 39 14 -8 47 24 49 45 25 -14 33 36 -2 -6 -19 43 30 -29 37 -10 32 -4 -21 56 -32 61 -7 54 -1 -3 -36 -17 -15 -45 -11 -12 -9 -33 -18 -41 -52 -38 -27 -28 -24 -31 -42 -59 -5 -58 -13
right_child=1 5 10 6 8 29 13 15 9 18 46 22 20 26 -16 42 17 19 -20 21 -22 -23 55 -25 -26 53 38 28 -30 34 35 48 -34 -35 41 -37 52 -39 -40 50 57 -43 -44 44 -46 -47 -48 -49 -50 -51 51 -53 -54 -55 -56 -57 60 58 -60 -61 -62 -63
leaf_value=-2.0885982344330494e-06 4.0552514650616991e-05 2.8663803041327154e-05 -0.00033091680934808649 -4.9238493808687172e-06 -1.4548740214645842e-07 4.9592920900706734e-05 -5.5127629710718576e-05 1.6386185641596825e-06 -0.00011683357946305019 -0.00017510074383047147 -2.0232695577820106e-05 1.051528753960735e-05 2.979820004875223e-06 -4.6179165312814684e-07 2.5463694996121523e-06 -6.2915787233163499e-06 -1.4966705087280152e-05 0.00016205527526962245 -0.00029279824234110013 0.00029601083362285399 3.0898392950534858e-05 -5.5840399716720369e-05 2.429793607575833e-05 1.4665942954349892e-05 -2.2370507706446638e-05 -5.2900502991892927e-05 -2.8774348631538199e-05 -0.00039539479405887494 -5.7821443071973615e-05 4.694770815717256e-05 6.525294933466347e-05 -1.198980238427718e-05 -9.4517941294714381e-07 4.1740204770573053e-05 -0.0002312056579497613 -5.7950906700262199e-05 -0.00014403776864461783 0.0001205373969584977 -5.8619267323902227e-06 1.4697862845986512e-05 3.3827151121027625e-05 -1.9492123456957835e-05 1.4157535352608469e-05 0.00028253752341319475 3.4598736948278907e-05 0.00012372167887954313 -3.761241935656839e-05 1.0447497069207994e-05 -2.90817595668324e-05 -0.00024793012431120867 2.3666503077862316e-06 0.0001311867425156056 -2.4341331575148919e-05 0.00010108543576633342 -7.9700891192373125e-06 0.00014022806709340182 3.1740446881311318e-05 1.7179080285426855e-05 -2.0326422356201495e-06 -1.2817837259981356e-05 -2.1230632422912201e-05 2.6874412542282073e-07
leaf_weight=114654.5477181673 23117.242308735847 54589.463929057121 84.891096830368042 203743.09179115295 43810.601493358612 36253.150283813477 15020.795159339905 271850.81685006618 697.73698651790619 167.94911301136017 71683.191860079765 89694.071960926056 21785.996337890625 28765.671463012695 6113.9658975601196 224908.44513320923 912.12310981750488 451.69969749450684 532.77088820934296 530.4836128950119 40631.629760742188 148.59173059463501 23458.612121582031 44831.798919677734 34459.450447559357 802.14528703689575 42857.451473236084 142.02310025691986 235.83676302433014 9289.0799601078033 1114.0645867586136 133685.62575531006 69082.109443664551 160.47540974617004 182.71035039424896 885.43127584457397 435.09516310691833 1497.9345703125 44996.587505340576 75362.427574157715 11025.698081970215 958.04871332645416 17337.063201904297 189.02203273773193 2284.0051889419556 131.63809204101562 31630.41650390625 124467.8013406992 24004.130867004395 119.77361297607422 92305.102214813232 355.89852523803711 4108.3100492954254 331.1097000837326 18211.691566467285 410.07376098632812 4746.043892621994 39913.747543334961 23349.480918884277 142081.25799179077 2964.1738309860229 105116.1358332634
leaf_count=122420 22837 52509 95 217288 39444 31458 15036 273023 571 134 71152 88280 26648 32192 6296 212810 780 369 425 393 43899 119 21357 42400 30771 672 48424 114 184 7714 911 132813 70587 121 151 724 342 1197 53388 75909 9509 762 17840 175 2585 99 29811 121159 26376 92 89465 271 3542 259 22907 329 4104 38004 21687 144897 2569 97328
internal_value=-7.12278e-09 1.27273e-05 -3.94055e-06 -1.43089e-06 5.65263e-06 2.71546e-05 -4.01033e-06 -2.28376e-06 -1.05256e-05 -7.69561e-05 -1.52503e-05 1.04107e-05 7.11124e-06 -1.47374e-05 -3.84448e-05 9.02487e-07 -7.3477e-06 5.11155e-05 -0.000203515 9.09336e-05 2.11542e-05 0.000185364 6.43411e-06 2.34739e-05 -9.93068e-06 4.0743e-05 -1.10877e-05 -4.25895e-05 -0.000186116 4.36781e-05 -2.23596e-05 -1.05576e-05 -1.35972e-06 0.000237247 2.54936e-05 1.06915e-05 4.05517e-06 5.24142e-05 -1.54825e-05 4.01031e-06 1.99882e-05 -5.37466e-05 -4.82797e-06 3.83407e-06 5.37626e-05 -4.3849e-05 -2.55543e-05 4.40517e-06 -1.45919e-05 -4.24344e-05 8.17201e-06 2.86425e-06 -3.58623e-05 -7.81071e-06 -2.25707e-05 2.63012e-05 3.08168e-05 1.36125e-05 1.00885e-05 -8.16713e-06 1.13756e-05 4.98649e-06
internal_weight=2.37967e+06 561575 1.81809e+06 1.48792e+06 376805 184770 1.14283e+06 984388 85633.9 3907.45 330170 291171 345096 158439 21134.8 638564 81726.5 3456.4 832.358 2424.51 62417.6 839.551 223222 67949 78270.1 1584.95 137304 3075.09 377.86 55891.1 2697.23 226857 69167 690.959 18140.1 1999.5 199354 37751.1 106066 282678 128878 1140.76 242246 31238.7 2473.03 299.587 103314 396319 157690 1031.9 168023 92661 4543.41 1133.25 61069.1 23868.7 16999.3 74288.9 63263.2 345824 7710.22 194810
internal_count=2379727 522261 1857466 1526632 352597 169664 1168020 987017 76182 3162 330834 276415 358612 181003 21332 624832 73020 2805 658 1933 70547 633 211178 65237 70215 1300 159671 2504 298 47955 2206 229871 70682 514 15300 1635 189492 32655 124719 288065 121709 913 230650 34952 2760 233 100963 394182 159189 872 165645 89736 3884 931 71331 21686 14387 69200 59691 362185 6673 185608
is_linear=0
shrinkage=0.05


Tree=8
num_leaves=63
num_cat=0
split_feature=52 59 51 213 211 8 48 291 50 199 327 218 45 276 218 0 357 16 50 211 319 52 258 357 276 317 44 16 213 276 0 292 292 51 204 276 11 149 36 345 321 212 2 36 113 0 337 292 259 36 22 198 0 202 68 259 202 35 108 211 343 346
split_gain=0.0430296 0.0186296 0.0183481 0.0157009 0.0129916 0.00833448 0.00931406 0.00948041 0.00897655 0.00822599 0.0070987 0.00644592 0.00633403 0.00605921 0.00571933 0.00540797 0.0053698 0.00518049 0.00451791 0.00440141 0.00437836 0.00436514 0.00428319 0.00525022 0.00422636 0.0038861 0.00360575 0.00358456 0.00355681 0.00351059 0.0032819 0.00447595 0.0032681 0.00302134 0.0029651 0.00293423 0.00291982 0.00334847 0.00291349 0.00291082 0.00334863 0.00290786 0.0028938 0.00271463 0.00258944 0.00258917 0.0145481 0.00257573 0.00253773 0.00253179 0.00369104 0.00251791 0.00242084 0.00248857 0.00229962 0.00226141 0.00224541 0.0022265 0.0022057 0.00227561 0.0021399 0.00213627
threshold=9.2337577370926751e-05 1.0000000180025095e-35 0.00010855179789359683 0.00032799222390167421 7.0143734774319469e-05 0.061040323227643974 0.14941807091236117 0.88113707304000866 0.00036938310950063174 0.0014191948575899007 0.0021154473070055251 0.00019954557501478123 2.9125689252396118e-05 0.67663457989692699 5.0983979235752492e-05 0.011476432438939812 -0.40866781771183008 0.0043808694463223228 0.00067296417546458553 5.9362349929870113e-05 0.0063524062279611835 1.0000000180025095e-35 0.4785494208335877 -0.052347533404827111 0.398099035024643 0.013418899849057199 0.009856597054749729 0.0050246531609445819 0.001041399023961276 0.54000225663185131 -0.027349223382771012 0.72171571850776683 1.5277934670448305 0.00075158957042731356 0.0010829223319888117 0.17000202834606173 0.026805808767676357 5.7725974329514436e-05 0.0051783137023448953 0.087498869746923461 -0.06010808423161506 3.1394840334542102e-05 0.0036960543366149072 0.0053965398110449323 0.079488985240459456 0.019893051125109199 0.0284186564385891 3.1187338829040532 0.43431116640567785 inf 0.00060114148072898399 0.0031294892542064194 -0.017541330307722088 0.00097628394723869871 0.034772468730807311 -0.016095285303890702 0.0017243722104467454 0.006947427988052369 107.47749710083009 6.8217832449590801e-05 0.099210873246192946 0.15570811182260516
decision_type=2 2 2 2 2 2 2 2 2 2 2 2 10 2 2 2 2 2 2 2 2 2 2 2 2 2 8 2 2 2 2 2 2 2 2 2 2 10 10 2 2 2 2 10 2 2 2 2 2 8 2 2 2 2 2 2 2 10 2 2 2 2
left_child=1 4 3 29 13 8 10 9 17 24 25 19 -9 27 21 39 -11 33 42 -3 -12 -6 34 -24 61 -7 -18 41 -19 58 31 55 -14 -4 -17 57 -30 -38 45 52 -41 -1 -5 -31 -37 -15 -47 -34 -42 -21 -51 -26 53 -10 -25 -16 -50 -32 59 -2 -46 -8
right_child=2 11 5 18 14 6 7 12 15 16 20 -13 32 38 30 22 26 28 -20 49 -22 -23 23 54 51 -27 -28 -29 36 43 35 -33 47 -35 -36 44 37 -39 -40 40 48 -43 -44 -45 60 46 -48 -49 56 50 -52 -53 -54 -55 -56 -57 -58 -59 -60 -61 -62 -63
leaf_value=7.5506456043569073e-08 1.295161688195047e-05 -1.6834309561567669e-05 -2.3811428362831503e-06 2.7416049858991959e-05 4.8159642995532839e-06 -5.3152946045215028e-05 6.2847844104466639e-05 -0.00011686625698572505 5.2136668265850199e-05 -1.2762278842409365e-05 -0.00059634702202857406 -2.8233617029741888e-05 6.886432503426648e-05 -8.9498495504624425e-06 0.00011559853084892325 2.9267751778554966e-05 -0.00020156524117801185 1.1618273943847849e-05 5.3130775721176151e-05 -3.5329662028019427e-06 -0.00022525840213291818 1.7333189348129618e-05 5.3346045610405596e-05 0.00052729211771345439 -2.2442891564425253e-05 -0.00029359650253182098 -0.00047564366972543059 8.2461185356044687e-06 4.0041602340631818e-05 8.1464659037221197e-06 -6.3485557548003226e-07 0.00021072089330898144 0.00031410440201220586 -1.9868254829410635e-05 0.00022633595342049065 -2.4505169393072259e-06 9.0560614357446182e-05 0.00032026488864260054 -2.1932823631991754e-05 0.00016929441813019682 5.7528800651289189e-06 -7.7191804673408055e-06 7.8676791903930225e-05 -1.8311091569670654e-05 -1.4528367047960223e-05 -3.2539806244327155e-05 0.00049783891599584505 6.4512503410693673e-05 -4.3006975744348832e-05 4.0261962549831383e-06 -0.00043955311654550943 -0.00011984888933171368 2.5476129720756758e-05 0.0002075484387693248 0.00022921006953141991 -1.9805264077199372e-05 -0.00026317424660222136 1.7716212327536481e-05 5.8754212447086871e-06 2.7737841414983927e-05 -6.1484967819027797e-05 -8.5340877150346273e-05
leaf_weight=250120.47552883625 47518.932720184326 143436.30308783054 110166.34225070477 73323.470279693604 214167.38274383545 844.80795991420746 1317.8379027843475 302.18402874469757 914.25517272949219 269.41543292999268 125.29845297336578 67778.970092773438 691.8868864774704 273719.04400062561 451.96490919589996 1218.1594958305359 417.61868166923523 18044.797905087471 27049.850219726562 118765.50689697266 223.53847825527191 103217.97974395752 228.05187499523163 132.72189044952393 1457.6644412279129 208.20025217533112 170.24006295204163 72910.687133789062 2316.678897857666 94815.052581787109 34932.52010011673 411.54751765727997 338.12767660617828 31837.238403320312 224.53185272216797 210821.91462182999 632.43252396583557 211.04610991477966 48981.34326171875 292.66876220703125 14776.471103787422 229377.98695373535 2859.327449798584 10797.395324707031 12730.580027580261 588.71102178096771 163.60255205631256 150.25772762298584 1498.0408046245575 109.73458158969879 79.850867629051208 1217.4380779266357 25517.138960957527 357.79972076416016 135.00137579441071 959.98647451400757 123.66867065429688 31371.318466186523 31021.697235107422 57531.172504425049 2996.228796005249 296.31181859970093
leaf_count=264488 47348 147538 100861 66481 221716 714 1065 283 776 212 97 64471 551 278321 372 974 335 17733 22888 118589 176 102423 178 95 1261 164 133 85553 2018 90999 34621 304 249 27946 176 204232 511 152 57158 238 12995 228563 2497 11646 13430 479 125 120 1289 154 82 984 21874 276 106 866 96 31173 31435 54089 2808 240
internal_value=-6.79394e-09 -3.74352e-06 1.20908e-05 1.92537e-05 -1.35932e-06 6.8744e-07 -4.92897e-05 -2.45051e-05 2.6117e-06 -5.6596e-05 -0.000166288 -1.44879e-05 8.68286e-05 -5.26495e-06 4.22965e-06 2.22717e-05 -0.000197806 -2.85959e-06 3.55762e-05 -1.09371e-05 -0.000361189 8.88682e-06 0.000103942 0.00023045 -2.8294e-05 -0.00010116 -0.00028228 -2.08268e-06 2.01916e-05 1.22815e-05 -7.86454e-07 6.60468e-05 0.00013909 -6.30198e-06 6.02091e-05 -1.20305e-06 6.91077e-05 0.000148656 -1.06997e-05 1.8626e-05 2.23566e-06 -3.65326e-06 2.9342e-05 5.44126e-06 -3.91063e-06 -8.69498e-06 8.38136e-05 0.000237891 -7.66224e-07 -3.826e-06 -0.000185442 -6.68287e-05 2.88369e-05 9.61076e-05 0.000379796 2.36396e-05 -6.01e-05 8.04813e-06 1.75904e-05 2.10497e-05 -2.34811e-05 3.55727e-05
internal_weight=2.37967e+06 1.81809e+06 561575 344917 1.48792e+06 216658 8030.83 6628.98 208627 5146.53 1401.85 330170 1482.46 875862 612061 45418.5 857.274 163209 103233 262391 348.837 317385 1938.47 495.775 4289.25 1053.01 587.859 552409 21205 241684 294676 1823.5 1180.27 142004 1442.69 292853 3160.16 843.479 323453 43480 16690.8 479498 76182.8 105612 226549 274471 752.314 488.385 16398.2 118955 189.585 2675.1 26789.2 1272.05 267.723 1411.95 1621.71 66303.8 136072 105050 15726.8 1614.15
internal_count=2379727 1857466 522261 327383 1526632 194878 6584 5433 188294 4230 1151 330834 1203 914687 611945 39073 680 149221 91866 266363 273 324139 1529 379 3550 878 468 578604 20414 235517 287806 1542 920 128807 1150 286264 2681 663 336083 37544 14618 493051 68978 102645 220470 278925 604 369 14380 118825 236 2245 22926 1052 201 1238 1385 65794 132872 101437 16238 1305
is_linear=0
shrinkage=0.05


Tree=9
num_leaves=63
num_cat=0
split_feature=217 53 52 213 218 52 220 276 52 53 48 217 327 75 48 0 183 48 0 258 1 12 344 349 327 292 276 291 44 179 276 109 180 154 358 200 48 256 48 204 345 108 0 1 48 198 181 291 26 291 52 124 17 210 276 52 344 2 34 183 334 211
split_gain=0.0426629 0.0206223 0.0167808 0.0121285 0.0112751 0.0127703 0.00792042 0.00600115 0.00576802 0.00543998 0.00513612 0.00561029 0.00456144 0.00435229 0.007751 0.00420451 0.00465074 0.0063045 0.00402363 0.00460554 0.00436595 0.00399648 0.00484337 0.00381997 0.00348255 0.00343399 0.00332543 0.00325445 0.0038745 0.00346941 0.00324807 0.00319299 0.0035653 0.00318885 0.00317011 0.00630374 0.00315273 0.0049632 0.00314018 0.00355587 0.00305757 0.00302609 0.00295995 0.00348425 0.00378661 0.00523775 0.00370462 0.00310463 0.00292616 0.00291723 0.00279803 0.00277806 0.00829859 0.00267394 0.00258259 0.00258127 0.00247399 0.00246618 0.00345438 0.00569374 0.00330155 0.00244882
threshold=0.00012410792987793687 1.8518885553930889e-05 0.0012374141369946303 3.6596522477339029e-05 0.00023656892153667289 3.5393564758123837e-05 0.00022139304201118651 0.090001732110977187 1.0000000180025095e-35 0.00026886373234447097 0.062939446419477477 0.00054185657063499104 0.0037852396490052347 0.062846779823303237 0.086330477148294463 0.011476432438939812 0.03094399813562632 0.19745807349681857 0.011476432438939812 0.46887287497520452 0.044058812782168395 0.048142015933990485 -0.03448140807449817 -0.027863664552569386 -0.00075796339660882939 1.0614461898803713 0.65653142333030712 0.90324485301971447 4.8690908442949883e-05 -0.0096677495166659338 0.18743101507425311 87.493499755859389 0.0048479435499757537 0.00046291615581139928 -0.011010267306119202 0.0010667272144928577 0.33006484806537634 -1.2812179317478465e-08 0.21970559656620028 0.0001450205527362414 -0.25775910913944239 14.805280685424806 -0.027349223382771012 0.058548554778099067 0.14834052324295047 0.0048677315935492524 0.0082404506392776983 1.0221396684646609 0.071358077228069319 1.0221396684646609 3.9141941670095555e-05 -1.0000000180025095e-35 0.0051887284498661765 0.0012992565752938392 0.1600073724985123 0.009280783589929344 0.042567633092403419 0.0012673122109845283 0.049335855990648277 0.018977753818035129 0.22787767648696902 2.2569392058358065e-05
decision_type=2 2 2 2 2 2 2 2 2 2 2 2 2 2 2 2 2 2 2 2 2 2 2 2 2 2 2 2 10 2 2 10 2 2 2 2 2 2 2 2 2 2 2 2 2 2 2 2 8 2 2 8 2 2 2 2 2 2 8 2 2 2
left_child=1 3 4 26 5 51 8 41 -3 -6 31 -12 18 15 -15 24 -17 -18 34 53 -21 23 49 30 -11 -22 -1 29 -29 -16 -14 -7 -33 -10 36 -36 55 40 39 -25 -38 -5 47 -44 45 48 56 -8 61 -23 -9 54 -53 -20 -2 -4 -47 -13 59 -59 -61 -45
right_child=2 6 12 7 9 10 42 50 33 13 11 57 21 14 27 16 17 -19 19 20 25 22 -24 38 -26 -27 -28 28 -30 -31 -32 32 -34 -35 35 -37 37 -39 -40 -41 -42 -43 43 44 -46 46 -48 -49 -50 -51 -52 52 -54 -55 -56 -57 -58 58 -60 60 -62 -63
leaf_value=-1.917344878204856e-06 1.2865210583413049e-05 -1.3365271039907749e-05 4.2630604979629635e-05 3.0918924502721968e-05 3.2847889745751298e-06 2.5677824971354621e-05 2.6023689658048397e-05 -8.6294906177064849e-08 -4.3814837593371398e-06 5.2809994781898649e-06 1.0029512684031691e-05 2.845450691760779e-05 0.0003776782035645052 -0.00040303554278556903 4.5333083635363517e-06 2.3948391211276947e-05 0.00046983803505807134 2.8595098671842029e-05 4.8616357529586019e-05 0.00047287105340075933 5.0388372131450498e-05 -7.1864605890805614e-05 -0.00020132879722249212 7.4652962297060751e-05 -2.4613697694307208e-05 0.00036414433648082633 -9.5713013957034526e-06 -0.00019139340137714882 0.00010961452894092895 -0.00012006155891300763 6.2528005473781986e-05 3.9062319546685228e-05 9.5641224934696982e-05 1.3554548853909852e-05 3.3166419889506635e-05 -6.7404269822599289e-05 0.00012739461139407861 -9.1660337204767107e-05 7.6610042969476352e-05 -0.00010843966204331627 0.00033359550661770504 1.0401842817324431e-05 -1.9328074326936142e-05 -0.0001128057344563897 -1.3875244830272838e-05 -0.00010380972327362348 4.1044647971424559e-05 0.00026603451577146461 -0.00028237374315963928 0.00022207773836303895 8.5870468023264417e-06 -0.0005783428879187301 -1.0376589344328234e-05 0.00027626192857523231 2.0135625291867784e-06 0.0001079662019173976 -0.00027115388738846826 7.2531100960421027e-05 1.4049082226357988e-05 6.7015557383223216e-05 0.00038154823328629816 -2.5859796218023341e-05
leaf_weight=386284.98697543144 74408.532747864723 232361.39635467529 20523.387052536011 31278.440925598145 90399.164703369141 53832.679144740105 1241.6117624044418 222822.96586990356 174096.50943756104 13681.547451615334 115143.23258972168 33940.772212982178 116.51115596294403 166.03840148448944 825.37196016311646 1451.620979309082 148.90994715690613 175.23078846931458 1579.8442764282227 140.20155215263367 278.12829101085663 232.74901056289673 546.20324432849884 366.99514782428741 33825.571479201317 125.58138501644135 224319.58795166016 133.53179836273193 505.20575952529907 1726.5141898393631 267.01955962181091 14159.691175580025 3466.2246732711792 28891.967926025391 18641.945313453674 1698.333251953125 774.20395445823669 207.91627013683319 657.84867870807648 943.02941906452179 234.43211209774017 42248.169059753418 167103.94993686676 1047.6071751117706 4311.9644441604614 351.5383768081665 172.26817643642426 149.22783720493317 132.51026344299316 129.86448705196381 159579.27723312378 79.229111671447754 309.19170665740967 138.65498161315918 208344.56496560574 1631.1498794555664 609.42846262454987 1410.0794258117676 1347.6928482055664 120.60330843925476 276.03788876533508 3553.7649028301239
leaf_count=415752 75831 236249 17559 32877 83789 48258 1101 223304 168973 11856 112542 30760 86 129 658 1193 105 136 1249 102 218 192 429 304 29892 97 240324 119 407 1412 209 11975 2733 27605 16248 1372 571 166 511 772 168 41734 160079 931 3775 283 127 106 111 97 156845 71 434 105 209248 1307 481 1202 1181 96 199 3082
internal_value=-6.43839e-09 -4.32445e-06 1.03734e-05 -1.21847e-07 8.24115e-06 1.17398e-05 -1.16242e-05 6.04859e-06 -7.9861e-06 -4.15597e-06 2.06689e-05 1.54779e-05 3.85168e-05 -1.69338e-05 -7.20065e-05 -1.318e-05 6.2316e-05 0.00023294 4.25696e-05 0.000107568 0.000234134 -1.86241e-05 -0.000107546 1.58066e-05 -1.60045e-05 0.000149302 -4.72922e-06 -5.45383e-05 4.62861e-05 -7.97911e-05 0.000159729 3.17273e-05 5.01984e-05 -1.82849e-06 3.92007e-05 2.47634e-05 5.17625e-05 0.000130085 -1.2377e-05 -5.71118e-05 0.000175886 1.91305e-05 -2.04883e-05 -2.10586e-05 -4.94576e-05 -7.55947e-05 -0.000172069 5.21203e-05 -5.2437e-05 3.40471e-05 3.53318e-06 4.68532e-06 -0.000128598 6.72834e-05 4.86932e-06 4.74503e-05 -0.000210279 3.23881e-05 7.46679e-05 0.00011982 0.000286727 -4.56954e-05
internal_weight=2.37967e+06 1.68056e+06 699111 1.06653e+06 649877 506839 614024 455929 435350 143039 223697 152238 49234 52639.5 3356.66 49282.9 1775.76 324.141 45973.8 2262.41 543.911 3260.22 908.817 2351.4 47507.1 403.71 610605 3190.62 638.738 2551.89 383.531 71458.6 17625.9 202988 43711.4 20340.3 23371.1 1216.55 1967.87 1310.02 1008.64 73526.6 178674 177283 10179.1 5867.12 1133.24 1390.84 4733.88 362.613 382402 283142 388.421 1718.5 282753 22154.5 960.967 37095.2 3154.41 1806.72 396.641 4601.37
internal_count=2379727 1713739 665988 1110836 624226 494530 602903 454760 432827 129696 208946 145980 41762 45907 2725 43182 1434 241 39162 1771 417 2600 718 1882 41748 315 656076 2596 526 2070 295 62966 14708 196578 37391 17620 19771 905 1587 1076 739 74611 170076 168869 8790 5015 891 1207 4124 289 380149 285584 505 1354 285079 18866 764 33438 2678 1497 295 4013
is_linear=0
shrinkage=0.05


Tree=10
num_leaves=63
num_cat=0
split_feature=154 52 52 53 0 53 36 57 50 327 52 327 217 348 203 187 44 49 197 15 213 156 347 13 203 327 262 312 19 37 192 1 239 202 1 0 2 57 345 316 229 109 50 53 213 310 308 327 36 50 358 53 0 2 256 224 201 34 49 313 354 265
split_gain=0.0396147 0.0174567 0.0145503 0.0158965 0.00808147 0.00820809 0.0074326 0.00784081 0.00601779 0.00551497 0.00523968 0.00508982 0.00488068 0.00438875 0.00638525 0.00771665 0.00619727 0.0051251 0.00429049 0.00639576 0.00375493 0.00368404 0.00341462 0.00324074 0.00475137 0.00351305 0.00338652 0.00308416 0.00318382 0.00561534 0.00321506 0.00308022 0.00281955 0.00275803 0.00275354 0.00375413 0.00277773 0.00273172 0.00273113 0.00348069 0.00321862 0.00269379 0.00265467 0.00260386 0.00280766 0.00259545 0.00258389 0.00255779 0.00253745 0.0028944 0.00250229 0.00248666 0.00247238 0.0027365 0.00435957 0.00239756 0.00236524 0.00228949 0.00227824 0.00224056 0.00222572 0.00218362
threshold=0.00024621440388727939 3.2169673431781127e-05 0.00040009188523981726 1.0000000180025095e-35 0.011476432438939812 0.00053251700592227291 0.0053965398110449323 1.0000000180025095e-35 0.0007502643857151271 0.0037852396490052347 0.0032594571821391587 -0.00095110674737952639 8.9824105089064701e-05 0.66707718372344982 0.0010060375207103791 0.052800916135311134 0.02296450920403004 0.2740758508443833 0.005286816507577897 0.049857350066304214 1.1031925623683493e-05 0.0085351867601275461 0.10968544706702234 0.051093850284814842 0.0007035168237052859 -0.0024408600293099876 0.0049585558008402595 0.001325810910202563 0.0079823955893516558 0.02713919430971146 0.042127415537834174 0.058548554778099067 0.17329318076372149 7.6912216172786443e-05 0.058548554778099067 -0.008642768952995537 -0.0066078682430088511 0.80766063928604137 -0.42968255281448359 -0.0023436002666130658 0.76853895187377941 12.966896533966066 6.2901937781134634e-05 4.8690908442949883e-05 0.00017580193525645885 0.0025851827813312416 -0.0081952065229415876 -0.0015156174194999037 0.006135382456704975 0.00040009339863900101 0.29418429732322698 0.00021237316832412037 -0.0068383163306862107 -0.0071536328177899114 0.23458302021026614 -1.0000000180025095e-35 0.0013045689556747677 0.071415506303310408 0.31074424088001257 0.0030047114705666904 0.14735193550586703 0.0034672968322411184
decision_type=2 2 2 2 2 2 8 2 2 2 2 2 2 2 2 2 10 2 2 2 2 2 2 2 2 2 2 2 2 10 2 2 2 2 2 2 2 2 2 2 2 10 2 2 2 2 2 2 10 2 2 2 2 2 2 2 2 10 2 2 2 2
left_child=2 21 3 11 5 8 7 12 43 33 23 -1 31 14 27 17 -17 -16 37 32 -13 51 -21 25 60 26 -4 -6 29 38 -30 -5 45 -8 42 -36 50 -7 56 40 -40 46 -9 44 -3 -20 -35 -14 49 -27 -37 61 -33 54 -54 -41 -29 -34 -26 -55 -25 -2
right_child=1 4 10 6 13 18 9 34 -10 -11 -12 20 47 -15 15 16 -18 -19 19 22 -22 -23 -24 24 58 48 -28 28 30 -31 -32 52 57 41 35 36 -38 -39 39 55 -42 -43 -44 -45 -46 -47 -48 -49 -50 -51 -52 -53 53 59 -56 -57 -58 -59 -60 -61 -62 -63
leaf_value=1.2399036349156101e-05 3.6227567382851747e-06 1.4637242995531027e-05 4.8962638291752992e-05 -7.9939895972960451e-06 3.0454254507609178e-05 8.5280551334499129e-06 -9.3474331967752945e-06 -1.9864368061696486e-05 4.1057354991631587e-05 -0.00038768464731961323 5.3577888100740029e-05 -6.7558847694624191e-06 2.4406016605003407e-05 -9.1125934911782545e-05 0.00010369664774382763 -0.00012835235944431994 0.0002711490935080651 0.00047941375039438794 0.00020092851333240443 -0.00011873178156198089 6.3545618908146265e-07 -2.017281579243883e-05 -0.0004068821783265147 -1.4979830214569374e-05 -0.00018769252612526379 8.0181404847136247e-06 0.00028603791981718672 4.8661935001670245e-05 4.2984175737013829e-05 0.00041656148182602366 -0.00025938225069738148 5.6418006404334603e-05 -0.00016319359003147545 1.8234346688500051e-06 9.3550780821243258e-05 -0.00011842438317134278 -3.5631431817322356e-05 -2.1225199908882343e-05 0.00037792660549874516 2.6353966248486984e-05 0.00013260157489099284 4.9938969616683802e-06 -6.7463374256641007e-06 1.0411012299265834e-05 2.8253873553093063e-05 -2.3564506420154204e-05 -3.7296427212865192e-05 2.6565275514384889e-07 -1.800824678775291e-05 3.0503389287929084e-05 7.8753191939963187e-05 -7.6978651730567582e-06 -6.0898641960585695e-05 -1.3970691608516942e-05 -0.00025608290178039459 0.0001301871095500706 -0.00017683541394298544 6.6084788613733709e-05 -4.5367937190393753e-05 -9.5604736996550337e-05 0.00011989126576019206 1.4404813844338715e-05
leaf_weight=67764.815795898438 294037.06691598892 76118.965375900269 3843.3691575527191 296536.41425096989 5277.3068933486938 22727.419862747192 20875.279439210892 135021.03737509251 30653.191791534424 102.91693115234375 7587.6610107421875 261537.10081279278 12011.685546875 453.21036267280579 137.75119185447693 223.41156029701233 168.57516074180603 271.87842392921448 194.26044046878815 222.46889662742615 500942.74038684368 16447.254150390625 193.02697587013245 2933.7513488531113 588.77083349227905 66688.929415583611 154.90571427345276 847.52969920635223 314.21827304363251 134.42792940139771 119.84021353721619 685.3270263671875 417.98747801780701 4627.6318874359131 463.1033171415329 1931.8531752824783 6225.5941301584244 11676.117809295654 212.95610153675079 957.80488157272339 363.57570159435272 4874.0658715963364 53991.136466741562 83464.754085540771 75328.779163360596 373.25670874118805 48019.218236327171 126647.88864135742 7230.2798715829849 18221.806429386139 174.14243161678314 40805.186593532562 2525.4493703842163 6168.191685795784 321.05999863147736 1327.1902697086334 132.74618911743164 145.7339973449707 539.72309350967407 971.3443706035614 339.47646486759186 55881.762176513672
leaf_count=63965 302949 75872 3121 295079 4630 20053 25531 130299 26872 84 6397 289163 10228 395 118 195 124 191 146 173 512568 15888 154 2387 477 61750 110 693 272 92 98 537 336 4396 365 1583 5536 10363 148 865 276 4938 51207 76509 70393 292 50434 121217 7262 15965 145 39568 2152 5685 256 1039 107 114 438 832 263 56995
internal_value=3.00665e-08 9.82867e-06 -4.21635e-06 -5.45158e-06 1.87184e-05 1.71862e-05 -1.08766e-05 -9.1051e-06 2.02215e-05 -2.54016e-05 1.35178e-05 -7.32742e-07 -5.4294e-06 6.09252e-05 6.7511e-05 0.000202972 4.39588e-05 0.000354184 -5.23533e-06 -8.66445e-05 -1.89985e-06 3.00676e-06 -0.000253906 1.04935e-05 -3.145e-05 1.24145e-05 5.82861e-05 5.62625e-05 8.71165e-05 0.000101149 -4.13036e-05 -8.9439e-06 -2.48709e-05 -2.49161e-05 -1.73902e-05 -4.47362e-05 -5.24434e-05 -1.57046e-06 8.99015e-05 0.000114562 0.000224212 -3.05657e-05 -1.61173e-05 1.75024e-05 2.14103e-05 5.37149e-05 -3.38579e-05 2.35719e-06 1.04228e-05 1.28441e-05 -0.000102061 3.98258e-06 -3.53336e-05 -4.16404e-05 -8.3078e-05 8.67243e-05 1.78278e-05 -0.000103896 -0.000119824 -2.51008e-05 -9.27267e-07 5.34472e-06
internal_weight=2.38018e+06 719630 1.66055e+06 1.55242e+06 312458 301516 722173 643674 265566 78499.1 108129 830245 445867 10942.4 10489.2 801.616 391.987 409.63 35950.3 1546.73 762480 407171 415.496 100541 4401.72 96139.3 3998.27 9687.6 4410.29 3976.23 434.058 307208 1131.24 78396.2 197807 8794.69 8331.59 34403.5 3841.8 2861.53 576.532 57520.9 189012 234912 151448 567.517 52646.9 138660 92141 84910.7 2106 390724 10671.4 9986.05 2846.51 2285 980.276 563.721 1128.49 7139.54 3273.23 349919
internal_count=2380290 705920 1674370 1576200 290520 281277 710504 625121 249646 85383 98170 865696 435986 9243 8848 628 319 309 31631 1215 801731 415400 327 91773 3565 88208 3231 8220 3590 3220 370 304541 888 85299 189135 7629 7264 30416 3128 2328 424 59768 181506 222774 146265 438 54830 131445 84977 77715 1728 399512 9462 8925 2408 1904 800 450 915 6517 2650 359944
is_linear=0
shrinkage=0.05


Tree=11
num_leaves=63
num_cat=0
split_feature=217 52 220 213 212 52 16 327 213 10 346 200 212 349 212 35 311 208 0 27 2 0 349 204 182 213 276 44 317 2 201 109 327 1 319 109 259 201 256 198 346 33 312 330 336 197 0 224 259 23 52 279 23 316 327 196 220 269 198 346 249 259
split_gain=0.0360845 0.015214 0.0126763 0.00998414 0.00930375 0.00976753 0.00630731 0.00477234 0.00495522 0.00495206 0.00459687 0.00667761 0.00454127 0.00413757 0.00409016 0.00405207 0.0039993 0.00464397 0.00436895 0.0043144 0.00598963 0.00529396 0.00522088 0.00440327 0.00491767 0.00386977 0.00386864 0.00374762 0.00367187 0.00365634 0.00357361 0.00345664 0.00379046 0.00375272 0.00342535 0.00338858 0.00332728 0.00323702 0.00307364 0.00303293 0.00483055 0.00287334 0.00282432 0.00281443 0.00281239 0.00267069 0.00266433 0.00278479 0.0026628 0.00265186 0.00262715 0.00259297 0.00255795 0.00310486 0.00900405 0.00325843 0.00255343 0.00253168 0.00251283 0.00517501 0.0028031 0.00261681
threshold=0.00010442122220410967 0.00089849662617780279 0.0001340041417279281 4.2613524783519103e-05 0.00015126237849472093 1.0000000180025095e-35 0.0047973878681659707 0.0037852396490052347 0.0020872091408818965 0.054014740511775024 0.15570811182260516 0.00090487831039354216 4.8906036681728444e-05 -0.07409366592764853 3.1394840334542102e-05 0.081258539110422148 -0.01121376547962427 0.0019885868532583122 -0.027349223382771012 0.063812885433435454 -1.0000000180025095e-35 -0.002584649133495986 0.082087259739637389 0.00021167438535485419 -0.012270714621990917 9.4185161287896349e-05 0.41000740230083471 0.02296450920403004 0.034844722598791129 0.002011815551668406 0.00030487398908007895 11.584649085998537 -0.0010972546297125516 0.058548554778099067 -0.030940887518227097 61.311243057250984 0.29054871201515203 0.0011068888125009837 -0.046142959967255585 0.0078237224370241183 -0.056498151272535317 0.018038650974631313 -0.041850417852401726 0.54603347182273876 -0.13721109926700589 0.005286816507577897 0.012979970313608648 0.11208184808492662 -0.016095285303890702 0.0064853504300117501 7.9312267189379798e-06 0.45000012218952185 0.0087099764496088045 -0.0044063711538910857 0.0010984140099026265 0.00095141213387250911 0.00031835644040256744 0.034225028008222587 0.0064537227153778085 0.10256620869040491 0.009351158048957588 0.55131733417510997
decision_type=2 2 2 2 2 2 2 2 2 2 2 2 2 2 2 10 2 2 2 8 2 2 2 2 2 2 2 10 2 2 2 8 2 2 2 10 2 2 2 2 2 10 2 2 2 2 2 2 2 2 2 2 2 2 2 2 2 2 2 2 2 2
left_child=2 4 3 14 5 -2 12 8 56 13 42 -12 50 -9 -1 45 -6 18 36 29 21 28 -23 37 49 -7 35 -26 -21 51 -31 32 -28 -33 -35 -4 48 -22 57 -19 -41 -32 -10 -17 -29 -11 -27 -48 -18 -25 -5 -20 53 54 -43 -55 -3 -15 61 60 -60 -36
right_child=1 7 26 6 16 25 -8 9 10 15 11 -13 -14 38 -16 43 17 39 19 20 23 22 -24 24 27 46 31 44 -30 30 41 33 -34 34 58 -37 -38 -39 -40 40 -42 52 -44 -45 -46 -47 47 -49 -50 -51 -52 -53 -54 55 -56 -57 -58 -59 59 -61 -62 -63
leaf_value=-2.28134937992271e-06 2.9453288577654653e-06 3.7537247290846888e-05 8.4247216379888686e-07 4.5801746893361744e-07 1.8903748427375496e-05 9.0922595044216782e-06 1.7553236944404401e-05 0.00017400964614882908 0.00024760164683540795 -0.00011460105591009575 4.8768801721316259e-05 -0.00014321130088322599 -3.4952528068307025e-06 -3.54584304250275e-05 -9.5686624972846592e-06 -0.00014418710517186885 0.00012369011478531491 -4.1264391548048165e-05 -1.4172795180005906e-05 -2.0821520518112891e-05 3.7221535555386546e-05 -0.00010082089606169621 -0.0004428290862094995 0.00010507572519381313 -9.0649048706306667e-05 2.0845737721817561e-05 1.0656367413524163e-05 0.00018689290923722926 -0.0002525012340594697 -5.6080170832629162e-06 0.0001704541277271634 -1.2568372069408084e-05 -3.7278083426043517e-05 0.00012086997854389999 -4.9962128786266394e-05 -1.606646559039733e-05 0.00018150727460749746 0.00028050197759020654 3.7225370128321841e-05 -2.2824369329970012e-05 -0.00031663588244638127 5.6720442797203064e-05 7.5712515898912426e-05 0.00013531709974422965 -4.1619085047675339e-05 -0.00033227854709533722 2.681511267919841e-05 0.00010754129063708844 -1.0572141183791644e-05 -8.8499252846201246e-05 1.2440994817074629e-05 -5.4493785177325918e-07 0.00014224921660478437 5.3435119873175208e-05 0.00051958648312515788 -3.0280297617374235e-05 1.590917935737804e-05 -0.00021938265565419718 -0.00011745376970899835 0.00013035782359866778 -0.00033420056313801901 0.00011867989900794408
leaf_weight=429781.65413069725 221052.61365127563 30262.077703475952 72449.061065673828 82864.413909912109 22245.251098632812 92033.857122898102 69478.885864257812 335.43006908893585 244.09563446044922 355.64520263671875 1952.864490032196 587.55077362060547 225732.33338928223 998.66935586929321 348837.17819213867 160.85471904277802 551.9049745798111 2216.525390625 44993.391022443771 822.20911478996277 646.62135684490204 221.5190155506134 226.0106874704361 759.73395144939423 2756.3211296796799 159335.20781469345 4728.3109588623047 225.46054482460022 214.08208417892456 5480.4354455471039 449.90566635131836 159509.26781082153 32234.043697357178 289.45001983642578 6776.4165186882019 50129.985961914062 496.94558620452881 171.68233299255371 1461.9650968313217 276.88111531734467 281.44847452640533 1065.8112246990204 8817.3478665351868 199.51704609394073 328.59722781181335 235.23294067382812 2581.1868562698364 1822.9868497848511 1107.1812690496445 228.7807924747467 102092.81559753418 155641.78267431259 555.79820358753204 2330.7114641666412 114.65390038490295 2314.9123569726944 24862.81646156311 228.56423187255859 398.96893680095673 144.39135110378265 239.85046648979187 236.25589799880981
leaf_count=464102 226282 26964 70275 83184 19970 93120 76121 258 180 285 1644 472 216704 807 364362 126 462 1950 40206 669 551 181 175 613 2396 148603 4652 190 167 5134 350 152030 33336 224 6083 48435 383 126 1168 211 224 940 7088 158 264 186 2219 1486 953 181 100184 146676 408 1995 88 1961 21146 180 308 116 185 193
internal_value=2.85849e-08 8.72794e-06 -4.32818e-06 -2.04933e-06 6.5647e-06 1.06431e-05 3.62107e-06 3.08651e-05 3.40361e-05 -2.23431e-05 6.37352e-05 4.28965e-06 1.26401e-06 8.96997e-06 -5.54623e-06 -0.000121717 -1.31733e-06 -3.32133e-06 -2.51646e-06 -3.21231e-06 -4.30164e-05 -0.000131394 -0.000274743 -1.73486e-05 -3.75903e-05 1.72958e-05 -1.30969e-05 -6.68062e-05 -6.90772e-05 -1.97806e-06 2.44677e-05 -1.73059e-05 -3.1146e-05 -1.42532e-05 -4.74815e-05 -6.07276e-06 6.82791e-05 8.88219e-05 -1.17298e-05 -6.75805e-05 -0.000171533 4.85888e-05 8.03965e-05 1.0451e-05 5.17062e-05 -0.000202089 2.19067e-05 6.02631e-05 3.41862e-05 6.01867e-05 7.07245e-06 -3.60116e-06 3.99469e-05 3.0142e-05 0.00010248 1.17247e-05 2.77833e-05 -7.00143e-05 -5.37616e-05 -0.000138611 -0.000199622 -4.42484e-05
internal_weight=2.38018e+06 794253 1.58592e+06 1.25879e+06 723550 476826 480168 70702.6 66726.8 3975.88 11601.9 2540.42 410690 3024.63 778619 951.25 246725 224479 221704 219548 6601.02 1483.82 447.53 5117.2 4298.89 255773 327136 3310.38 1036.29 212947 12312.2 204557 36962.4 167595 8085.33 122579 2156.03 818.304 2689.2 2774.85 558.33 6831.79 9061.44 360.372 554.058 590.878 163739 4404.17 1659.09 988.515 184957 200635 6381.89 5826.09 1180.47 4645.62 55124.9 1227.23 7795.88 783.211 638.819 7012.67
internal_count=2380290 759796 1620494 1304657 699134 471710 476193 60662 57494 3168 9384 2116 400072 2413 828464 755 227424 207454 205069 203271 5513 1192 356 4321 3644 245428 315837 2850 836 197758 10876 197127 37988 159139 7109 118710 1798 677 2155 2385 435 5742 7268 284 454 471 152308 3705 1415 794 183368 186882 5392 4984 1028 3956 48110 987 6885 609 493 6276
is_linear=0
shrinkage=0.05


Tree=12
num_leaves=63
num_cat=0
split_feature=219 154 51 53 50 276 10 48 291 201 26 199 199 169 358 36 57 34 342 52 201 213 2 16 220 41 2 46 0 183 48 337 189 278 198 52 276 337 198 317 198 276 50 19 220 276 335 317 205 258 206 320 48 358 53 212 181 356 0 191 70 334
split_gain=0.0334036 0.0199331 0.0130067 0.0118937 0.00709623 0.00683305 0.0064906 0.00887606 0.00874119 0.0086835 0.00776378 0.011444 0.00736845 0.0071155 0.0051608 0.00507691 0.00492891 0.00477894 0.00426097 0.00425974 0.00414967 0.00391607 0.00385688 0.00371533 0.00421333 0.00366739 0.00364369 0.00385149 0.00708596 0.00544901 0.00364011 0.00363874 0.00371053 0.00479975 0.00362345 0.00353038 0.00352915 0.00347574 0.00346191 0.00339632 0.00339529 0.00331357 0.00326586 0.00311961 0.00297459 0.00291586 0.00290751 0.00289823 0.00283968 0.00260444 0.00321049 0.00251299 0.0024802 0.00247297 0.00246944 0.00244768 0.00243501 0.00242136 0.00241881 0.0036942 0.00337005 0.00300243
threshold=0.00026726613577920949 6.165779632283376e-05 0.00024345454585272822 3.7040337019789153e-06 0.00061948905931785714 0.4200053364038468 0.054014740511775024 0.093366697430610671 0.86087155342102062 0.00078697540448047232 0.041752098128199584 0.0014191948575899007 0.0014191948575899007 -0.0087608494795858843 -0.2392449006438255 0.0053965398110449323 1.0000000180025095e-35 0.059552172198891647 2.720988512039185 1.0000000180025095e-35 0.002236723899841309 1.2025919659208741e-05 0.0036960543366149072 0.0052452280651777991 0.00075671490048989664 1.0000000180025095e-35 0.0012673122109845283 0.010804943740367891 0.011476432438939812 0.0085179070010781305 0.28913104534149175 -0.08430249989032744 0.048791013658046729 0.098131712526083006 0.0058094589039683351 4.2154113089054599e-06 0.31814610958099371 0.0284186564385891 0.0046792586799710998 0.045853134244680412 0.0033221523044630889 0.5700044333934785 6.5235988586209728e-05 0.0031162826344370846 0.00012589208199642601 0.15673505514860156 -0.11424098908901213 0.054928641766309745 3.4682276236708283e-05 -0.058883264660835259 0.0015442573931068184 0.040760584175586707 0.081607181578874602 -0.532688409090042 1.0000000180025095e-35 0.00015662914665881547 0.0059646703302860269 0.00072486625867895793 -0.011039308737963436 0.033239040523767478 0.050605541095137603 0.63088291883468639
decision_type=2 2 2 2 2 2 2 2 2 2 8 2 2 2 2 8 2 10 2 2 2 2 2 2 2 10 2 2 2 2 2 2 2 2 2 2 2 2 2 2 2 2 2 2 2 2 2 2 2 2 2 2 2 2 2 2 2 2 2 2 2 2
left_child=1 3 4 21 22 19 10 9 12 37 23 31 36 -13 34 16 48 -10 43 -3 41 -1 35 24 -4 -6 -27 28 47 -30 -15 38 -33 -34 -14 -2 -9 -8 -12 -16 51 -17 54 -19 -37 -23 -26 -28 -5 -48 -51 -38 -44 -20 -7 -21 -55 -11 59 -50 -60 -62
right_child=2 5 6 15 25 42 7 8 17 57 11 13 14 30 39 20 -18 18 53 55 -22 45 -24 -25 46 26 27 -29 29 -31 -32 32 33 -35 -36 44 40 -39 -40 -41 -42 -43 52 -45 -46 -47 49 -49 58 50 -52 -53 -54 56 -56 -57 -58 -59 60 -61 61 -63
leaf_value=-6.7891593223022686e-06 -4.5530793565686377e-07 3.9001936018630973e-06 2.0249777513209302e-06 -1.4286969697956232e-05 -0.00024232327190022636 -4.5401961502990137e-08 0.00016105221745539594 3.5678805154189244e-05 -6.1568409814024205e-05 -0.00040435388525611113 5.4647751084431275e-06 0.0004337934835518859 -0.00020641786641242642 0.00016604745213993701 -0.00020233598501552416 -8.4823726379638846e-06 -1.7049893326398483e-05 0.00010847537932089747 0.00042408405109720256 1.6748873669947565e-05 -0.00033525051866548089 9.3246944212385506e-06 5.4450829523821183e-05 2.486834194564792e-05 1.5345445933804971e-05 3.4639304732429169e-05 5.278215954106517e-05 1.0791277857486945e-05 0.00012093484800068878 0.00039913151674351413 -9.0990474300616246e-05 8.489704588252827e-05 0.0001671844003015889 -1.9169028001691432e-05 8.9107476333645446e-05 2.5581505950814784e-05 1.2733005854674931e-05 -0.00014982295042284042 -0.00013370280041577853 -0.00049063014781375791 -0.00010129661275749451 -3.1763546445053317e-05 1.2554674984670061e-05 -0.00010953894201514678 1.1504537645249117e-05 -9.7993040751880981e-07 1.1498067876652658e-05 0.00023515796563712546 7.5767152976680554e-06 -3.4244948700275232e-05 -0.00011199702386121662 -0.00017961002295655801 -5.6049177088013804e-07 0.0002741579117276893 -9.7134009470318368e-06 -2.0729098953431281e-06 3.7804950613183181e-05 -0.00015155263851933813 -4.5833180146041278e-06 0.00013076374200263966 -6.206945982269723e-05 4.5871374956602729e-05
leaf_weight=246869.38992762566 29454.806059122086 210712.72966229916 51616.743044018745 87231.082716226578 114.10003662109375 171868.49687957764 162.26520979404449 1530.9315773248672 495.45008099079132 344.60286235809326 2085.1396888494492 229.94754672050476 177.24147439002991 938.77965664863586 521.91635489463806 23074.728926301003 162921.79057860374 556.93910956382751 120.86242306232452 148921.787976861 105.20034790039062 86550.115384101868 6542.2199935913086 11680.283940196037 3659.5979739427567 42982.405508995056 2140.077618598938 1318.4660110473633 379.08621335029602 330.7626006603241 160.05111694335938 3024.5417295694351 397.65437650680542 2549.4142327308655 244.34296607971191 74358.654659032822 1691.8955343961716 196.64451396465302 566.71012496948242 127.42089080810547 1902.9415391683578 45273.978989958763 66895.024841308594 230.43987429141998 75773.998670578003 331907.53897094727 2647.0386011600494 240.88167381286621 25799.81377196312 12311.362921357155 1486.8687744140625 186.7394814491272 78170.213897705078 242.17860233783722 107271.99729156494 19539.070251464844 198.12653005123138 135.01898288726807 225338.30622959137 621.31437516212463 4291.7407646179199 756.45319652557373
leaf_count=271371 28065 221595 45432 89474 118 178096 123 1205 437 267 1765 159 140 718 415 25839 156159 435 83 148339 106 88397 5889 10790 3142 37190 1847 1112 297 236 125 2457 321 2042 194 70239 1420 168 447 98 1517 48700 62640 189 67906 335464 2249 176 23761 10568 1213 166 80102 169 106445 18558 172 110 218654 467 3664 648
internal_value=2.71628e-08 -2.37452e-06 1.46358e-05 -6.34756e-06 2.11486e-05 3.76146e-06 -2.21049e-07 -4.06068e-05 -2.47889e-05 -0.000195379 3.70174e-06 4.54386e-05 -5.24874e-05 0.000181913 -0.000172009 -1.16115e-05 -9.88565e-06 7.10489e-05 0.000119791 8.63881e-06 -2.43925e-05 -1.79494e-06 1.67459e-05 -1.27963e-06 -5.53855e-06 3.83968e-05 3.90829e-05 8.23642e-05 0.000112869 0.000251321 0.000128511 2.4372e-05 4.60111e-05 6.07237e-06 -3.55245e-05 1.53718e-05 -2.83379e-05 -9.16083e-06 -2.43542e-05 -0.000260241 -5.42596e-05 -2.39042e-05 -5.98158e-07 4.45539e-05 1.84769e-05 1.15142e-06 -2.49552e-05 7.1415e-05 -6.4929e-06 -3.39242e-05 -4.26384e-05 -6.55689e-06 5.48749e-06 0.000224823 -3.7608e-06 1.45658e-05 0.000168457 -0.000334112 -3.84536e-06 1.04832e-05 -5.48866e-06 -4.58832e-05
internal_weight=2.38018e+06 2.04412e+06 336056 1.24074e+06 233635 803379 102420 9065.96 8227.43 838.532 93354.1 9952.24 6383.43 1328.78 1070.92 575414 506961 1844 1348.55 379174 68453.9 665327 186130 83401.9 71721.6 47505.8 47391.7 4409.27 3090.81 709.849 1098.83 8623.46 5971.61 2947.07 421.584 179587 5312.51 358.91 2651.85 649.337 3781.58 68348.7 424206 787.379 150133 418458 20104.9 2380.96 344039 16445.3 13798.2 1878.64 145065 561.168 279140 168461 440.305 479.622 256808 26421.1 230387 5048.19
internal_count=2380290 2078479 301811 1262704 213075 815775 88736 7308 6640 668 81428 8034 5155 1002 847 567472 492827 1485 1048 388492 74645 695232 172099 73394 62604 40976 40858 3668 2556 533 843 7032 4820 2363 334 166210 4308 291 2212 513 3103 74539 427283 624 138145 423861 17172 2023 336668 14030 11781 1586 142742 424 284541 166897 341 377 247194 24228 222966 4312
is_linear=0
shrinkage=0.05


Tree=13
num_leaves=63
num_cat=0
split_feature=293 219 59 58 276 344 276 29 174 220 9 289 197 51 64 211 48 198 133 2 16 335 327 321 226 283 51 201 211 156 144 108 108 1 338 256 276 200 2 225 44 258 201 292 239 291 197 327 327 334 344 14 311 16 327 219 203 291 258 327 201 314
split_gain=0.0305796 0.0114645 0.0117989 0.0103008 0.00754346 0.00678201 0.00629484 0.00479549 0.00441011 0.0043369 0.00474546 0.00404227 0.0039934 0.00396598 0.0039235 0.00352945 0.00417376 0.00334197 0.00324499 0.00322256 0.00300202 0.00292579 0.00288139 0.00282827 0.00432933 0.00280347 0.00271955 0.00282246 0.00269232 0.00307861 0.00268606 0.00251766 0.0024585 0.00324523 0.00244502 0.00250122 0.0023746 0.0023733 0.00232967 0.00415438 0.00246246 0.00234616 0.0028181 0.00331491 0.00278129 0.00230693 0.00264674 0.00227257 0.00225516 0.00224598 0.00224411 0.00234406 0.00214041 0.00212419 0.00219995 0.00211414 0.00238299 0.00211303 0.00254351 0.00207575 0.0023028 0.00202735
threshold=0.00022935993183637041 0.00081812278949655603 1.0000000180025095e-35 1.0000000180025095e-35 0.15000069141387942 -0.1724310293793678 0.34796969592571264 0.054169317707419402 0.034135278314352042 0.00066815721220336865 0.054637201130390174 0.53962042927742015 0.0023012352176010613 0.00043333599751349544 0.00036656993324868386 3.9436708902940161e-05 0.062939446419477477 0.0078237224370241183 -1.0000000180025095e-35 -0.0023199974093586202 0.0050246531609445819 0.024258425459265712 -0.0015156174194999037 0.048925885930657394 0.17848947644233706 0.34000559151172643 9.0034940512850894e-05 0.00017114927322836596 0.00036877286038361495 0.0085351867601275461 -4.4411331145965951e-06 83.07773590087892 68.552726745605483 -0.014542980119585989 2.5065925121307377 2.5843366557865014e-08 0.24779719859361651 0.0010667272144928577 0.0052926121279597291 -0.28651431202888483 0.02296450920403004 -0.033207181841135018 0.0013045689556747677 -0.69551497697830189 0.50241348147392284 1.7171469926834109 0.001066379889380187 -1.0000000180025095e-35 0.0030056949472054843 0.37736801803112036 -0.39760792255401606 0.046248741447925575 0.0025545509997755293 0.0040005680639296779 0.0037852396490052347 7.5840336648980169e-05 0.00029179627017583703 0.88113707304000866 -5.2995455916970961e-05 -0.00087809958495199669 0.0013045689556747677 0.026420810259878639
decision_type=2 2 2 2 2 2 2 8 2 2 2 2 2 2 2 2 2 2 8 2 2 2 2 2 2 2 2 2 2 2 10 2 2 2 2 2 2 2 2 2 10 2 2 2 2 2 2 2 2 2 2 2 2 2 2 2 2 2 2 2 2 2
left_child=1 2 4 6 20 59 8 15 30 28 -11 -10 45 22 26 31 55 57 21 23 -1 38 -4 -13 -25 -14 27 -5 29 -8 -2 47 -30 -34 35 50 48 -23 41 -40 -41 42 -3 -44 52 -9 -47 -7 -24 -20 -21 -52 -45 54 -28 -17 -57 58 -12 60 -6 -35
right_child=3 18 13 14 5 7 9 12 11 10 17 19 25 -15 -16 16 -18 -19 49 34 -22 37 36 24 -26 -27 53 -29 32 -31 -32 -33 33 61 -36 -37 -38 -39 39 40 -42 -43 43 44 -46 46 -48 -49 -50 -51 51 -53 -54 -55 -56 56 -58 -59 -60 -61 -62 -63
leaf_value=3.3630190438923936e-06 1.6939627648463254e-05 4.559599621620963e-05 1.2280500508184636e-05 1.484128158282647e-05 1.4874831740433178e-05 -3.6742076488417328e-06 7.7944217293601544e-07 -2.6174106018606461e-05 0.00034369620432901822 -1.714065514165981e-05 1.5703381311100816e-05 4.0152121075280841e-05 -0.00016688451033186906 -2.6471192393321131e-05 4.4611417874475294e-05 6.4965589793745689e-07 -6.4582129831102401e-06 -0.0002505236317990348 -0.00026553663769994957 0.00022309331769288258 1.9209215016859832e-05 1.5854034049889242e-05 -3.5217087711110666e-06 -8.4752890129330383e-05 0.00019352018487057781 -5.776375118113766e-05 2.9669152625530672e-06 3.0767819946991318e-05 3.8113165310975953e-06 -3.1134354064596954e-05 5.8150344105313263e-06 -1.7889015220630242e-05 0.00026110336335044814 2.1451142189195837e-05 0.00027308006946154603 1.6341245153088503e-06 -1.4572355213217568e-05 -4.4120416869054234e-05 0.00036001266822679074 -5.064534371535235e-05 0.00019882624859585948 2.3830148532044137e-05 -9.6348993163410785e-05 4.6387672087335649e-05 0.00030768295863104009 -3.106206453828726e-05 0.00018770500826848069 -1.2337779696134185e-05 -0.00021242120677335036 -1.0449826356243222e-05 0.00010850846857229087 -7.9111093750404557e-05 0.00025089227790229754 2.9802963395255915e-05 -6.7261003948990595e-05 1.7945816590714876e-05 -3.1612916476023545e-05 4.6573628563210049e-05 -0.00017930877392304304 1.4568635022307203e-06 0.000216124760055096 0.0001056719553664203
leaf_weight=213638.541711092 87789.341581940651 5091.1553868055344 13064.563568115234 75826.328904867172 27937.30069732666 177234.98389053345 256342.72624206543 10415.284863471985 111.4329879283905 11999.175323486328 251.14797818660736 4391.2174296379089 777.7499852180481 46078.097839355469 13808.200849056244 103544.58751296997 245476.26245117188 341.1134033203125 158.0803507566452 349.54555428028107 34748.382873535156 11996.6466370821 70673.394608020782 1023.4195387363434 159.90590357780457 2419.1003642082214 33252.102998733521 43942.483612060547 31288.16912651062 7784.3231506347656 142078.47200024128 69770.813824176788 144.37797927856445 18252.214929580688 167.24887561798096 767.30564653873444 198082.65829467773 1910.4920654296875 150.86326611042023 235.60668170452118 167.73440551757812 15246.774262428284 129.53962242603302 398.4896422624588 265.70081114768982 274.74751842021942 275.31299698352814 132122.31622266769 127.43111419677734 187.57731831073761 1108.984766960144 194.32699203491211 187.31660079956055 7608.7559967041016 1151.8428955078125 34910.815132141113 2604.9164352416992 280.99270641803741 496.46420431137085 218078.7406539917 140.88228607177734 741.84228897094727
leaf_count=217076 86312 4266 11412 76215 25592 186669 256809 9755 83 10644 209 4323 620 42682 12031 100142 249419 271 133 268 38605 10484 71800 942 118 1952 30736 39458 29747 7499 144564 69058 100 16307 124 667 198528 1535 116 190 124 13202 103 317 194 259 229 144806 110 169 961 189 139 7459 917 30639 2234 231 408 219433 110 596
internal_value=2.58071e-08 -3.78709e-06 -4.41508e-06 8.44957e-06 -2.23831e-06 -4.1311e-06 5.16766e-06 -6.41504e-06 1.13549e-05 6.74385e-07 -2.72151e-05 4.7216e-05 -3.52428e-05 -1.28717e-05 1.90296e-05 -5.88173e-06 -2.51968e-06 -0.000115316 2.40667e-05 4.30851e-05 5.57998e-06 2.55425e-05 -1.0649e-05 2.16661e-05 -4.6886e-05 -8.43991e-05 1.68456e-05 2.06851e-05 1.85988e-06 -1.61346e-07 1.00638e-05 -9.30945e-06 1.24464e-05 2.65614e-05 8.91796e-05 7.62559e-05 -1.17632e-05 7.60989e-06 3.69425e-05 0.000137983 5.35697e-05 3.43032e-05 6.05835e-05 0.000138111 0.000173921 -2.0899e-05 7.87173e-05 -7.37436e-06 -3.90369e-06 -0.000127966 0.000110854 8.04556e-05 0.000112411 5.89976e-06 6.11914e-07 4.33423e-06 1.45032e-05 -7.0079e-05 -0.000113931 3.10444e-06 1.58999e-05 2.47513e-05
internal_weight=2.38018e+06 1.63852e+06 1.6024e+06 741653 1.27437e+06 1.02598e+06 566064 779827 238141 327923 13368.9 8273.39 14162.2 328026 175590 765665 386537 1369.72 36126 8161.95 248387 35780.3 281948 5574.54 1183.33 3196.85 161782 119769 314554 264127 229868 379128 50426.6 19138.4 2587.41 2420.16 268883 13907.1 21873.2 554.204 403.341 21319 6072.2 981.047 851.507 10965.3 550.061 309357 70800.8 345.658 1652.86 1303.31 585.806 42012.7 34403.9 141060 37515.7 1028.6 747.612 246157 28078.2 18994.1
internal_count=2380290 1652102 1621130 728188 1296598 1040917 561372 795782 238551 322821 11763 7675 12815 324532 166816 782967 382434 1119 30972 7592 255681 30670 281850 5383 1060 2572 154785 115673 311058 264308 230876 400533 46750 17003 2209 2085 270438 12019 18651 430 314 18221 5019 753 650 10243 488 331475 71910 302 1418 1150 456 39112 31653 133015 32873 848 617 245135 25702 16903
is_linear=0
shrinkage=0.05


Tree=14
num_leaves=63
num_cat=0
split_feature=217 53 52 219 48 27 51 53 124 211 52 53 52 207 276 292 203 109 276 0 220 292 0 207 310 6 202 48 292 276 46 207 0 313 344 52 48 109 358 344 62 320 320 2 348 356 336 200 320 51 292 334 185 358 167 1 197 175 293 70 48 174
split_gain=0.0293298 0.0158269 0.0105931 0.0102377 0.00776401 0.00714606 0.00693058 0.00559507 0.00709544 0.00496982 0.00444507 0.00425907 0.00406035 0.00387331 0.00369984 0.00348502 0.00585874 0.00337315 0.00333156 0.00326826 0.00323633 0.00316414 0.00511438 0.00447339 0.0031576 0.00312899 0.00315905 0.00353636 0.00305177 0.00286028 0.00285443 0.00635872 0.00339187 0.00314919 0.00262681 0.00254164 0.00252805 0.00252414 0.00244947 0.0024217 0.0024082 0.0023298 0.00225538 0.00222741 0.0031949 0.00305054 0.00353091 0.00273579 0.00280888 0.00217487 0.00214798 0.002248 0.00212959 0.00252599 0.00211375 0.00210677 0.00233093 0.00201577 0.00204734 0.00201025 0.00200847 0.00382063
threshold=0.00014631016529165211 2.1247052245598755e-05 0.00089849662617780279 5.2732959375134676e-05 0.062939446419477477 0.063812885433435454 3.849615131912288e-05 0.00046264297270681714 inf 0.00051747847464866947 1.0000000180025095e-35 0.00066296933800913404 3.5395400118432015e-05 0.00044493222958408302 0.15000069141387942 -0.048820732161402695 0.00040367973269894725 82.662502288818374 0.13678423315286639 0.011476432438939812 0.00022139304201118651 -0.3733526319265365 0.00056281744036823522 0.00021906836627749729 -0.0055395271629095069 0.062745813280344023 0.0017243722104467454 0.14734073728322986 1.2336438298225405 0.17000202834606173 -0.0014611650258302686 0.0010281886206939819 -0.010525819845497606 0.010510080028325321 -0.043734785169363015 4.8690908442949883e-05 0.033833866938948638 15.545232295989992 -0.21433573961257932 -0.23157150298357007 0.00097454892238602053 -0.030452424660325047 0.013498979154974224 -1.0000000180025095e-35 0.33946065604686743 -0.044158803299069398 0.023402019403874878 0.0010667272144928577 -0.00084646392497234036 0.00050669157644733797 -1.0035188794136045 0.062247840687632568 0.061874262988567359 0.0092835091054439562 -0.0033455380471423264 0.04290160350501538 0.005286816507577897 -0.0026419929927214976 -0.00012309371959418056 0.045458981767296798 0.25606283545494085 0.042036714032292373
decision_type=2 2 2 2 2 10 2 2 8 2 2 2 2 2 2 2 2 10 2 2 2 2 2 2 2 2 2 2 2 2 2 2 2 2 2 2 2 10 2 2 2 2 2 2 2 2 2 2 2 2 2 2 2 2 2 2 2 2 2 2 2 2
left_child=1 3 4 14 5 12 10 9 29 -6 -3 19 -2 -7 -1 17 30 -14 37 40 35 50 23 -23 -13 49 27 -27 -29 41 32 33 -17 59 -18 -8 -25 -5 -28 -16 -4 -9 -35 47 -45 -46 -47 -11 -49 -26 51 -19 -31 -54 -22 56 -51 -41 -59 -32 61 -21
right_child=2 6 11 18 7 13 20 8 -10 43 -12 24 15 -15 39 16 34 21 -20 60 54 22 -24 36 25 26 38 28 -30 52 31 -33 -34 42 -36 -37 -38 -39 -40 57 -42 -43 -44 44 45 46 -48 48 -50 55 -52 -53 53 -55 -56 -57 -58 58 -60 -61 -62 -63
leaf_value=3.8844953091330668e-06 9.7273056133464669e-06 -9.7269238704389303e-06 3.181796532158212e-05 2.791325058500983e-05 2.9047572517312416e-06 -6.4601641653263089e-05 -1.5461021899494509e-05 7.4670882939879184e-05 -0.00034394847181050154 1.5571412968766829e-05 1.7922848807641571e-06 4.8408823958666034e-05 2.7698510307239101e-05 -0.00043234624652432863 2.0719661420428273e-06 5.9800923452884598e-05 1.3014289854856634e-06 0.0002468426400267736 5.22657015849012e-06 8.642788969861478e-05 -1.1594028808519268e-05 8.7965115401081746e-05 2.1344142986547093e-05 0.00038097441722989182 2.1352947798651122e-05 -0.00026392981771582586 -2.5182420566368004e-05 -4.2192396399486151e-05 0.00017590674781375472 -1.3247976072920281e-05 5.7398122779331686e-05 0.00036546685624493401 1.65236709659075e-05 0.00019257113515522758 -0.0001008798141765703 -3.0511136669837768e-06 0.00018476833809393691 8.6261089034481627e-06 -0.00028286439863552945 -2.0354910848377383e-07 9.9748827194611102e-05 3.5741353432421733e-06 -1.4804597223065482e-05 2.5886044576970081e-05 1.6125568356908397e-05 9.5084980523039227e-05 0.0002931527287764626 1.0053925775207286e-05 -0.00011361936176547371 -2.7895471010370843e-05 1.5944503696330513e-05 7.0927478324017812e-05 -9.7759355978496514e-05 1.0845028820068458e-05 -2.5887423182031163e-05 3.7107936884204923e-05 -0.00018486919185019385 -1.2256211522308166e-05 -4.8595865374325431e-06 -3.3014077653323143e-05 -3.3327594839911161e-05 0.0002916790567137114
leaf_weight=169402.77058577538 74820.039495825768 191107.0256652832 42365.79506111145 32011.827583312988 271255.57707214355 160.14871847629547 110119.93656921387 1263.1230010986328 157.156494140625 64450.535232543945 149075.03274536133 3899.6193084716797 8039.8610075712204 128.7461713552475 117148.30877685547 5072.9082604646683 1173.511411190033 201.01928114891052 251573.53259277344 1550.840784072876 37552.361999511719 581.15852189064026 701.91607642173767 315.1509929895401 8136.5696506500244 132.13261580467224 143.49210906028748 641.123978972435 211.69591987133026 42341.272188544273 1902.6652040481567 168.02960395812988 42013.823660850525 562.99960672855377 1353.307852268219 65980.455215454102 355.9966185092926 36089.306266784668 258.2588369846344 120318.66291809082 1344.6428527832031 12921.732853055 170.37758946418762 8973.0080358982086 711.79823863506317 854.60865330696106 305.21252882480621 1011.1462444067001 838.50313913822174 3673.3899450302124 2043.9367218017578 1767.055636882782 1604.7645616531372 802.39899110794067 83147.733947753906 1222.315993309021 250.88912963867188 147972.02019500732 254398.68859100342 906.26765787601471 253.76321411132812 264.37538528442383
leaf_count=181644 70700 195672 36724 32928 272372 129 107778 1093 158 61075 146301 3175 7162 99 119901 4199 986 141 247624 1213 34454 489 582 222 6938 105 109 516 162 38777 1614 126 37344 403 1144 62051 267 35224 200 127496 1076 11889 141 7961 600 680 232 818 674 3126 1685 1490 1321 657 77853 962 199 157382 271075 769 210 193
internal_value=2.45926e-08 -3.24897e-06 9.43523e-06 3.06687e-07 7.18914e-06 1.72376e-05 -9.55058e-06 3.67661e-06 -1.05495e-05 6.08949e-06 -4.67898e-06 2.86297e-05 1.7744e-05 -0.000230333 -2.68596e-06 2.66519e-05 2.08206e-05 4.88469e-05 7.88239e-06 3.6822e-05 -1.51342e-05 7.73269e-05 0.000129482 0.000189962 8.43127e-06 -2.20092e-06 -7.36138e-05 -2.52758e-05 1.22314e-05 -9.64882e-06 2.45176e-05 6.67313e-05 2.11885e-05 5.23626e-05 -5.34611e-05 -1.08114e-05 0.000277759 1.76928e-05 -0.00019141 -4.42555e-06 3.39122e-05 9.91474e-06 0.000144485 1.72872e-05 3.82929e-05 9.76832e-05 0.000147622 1.38503e-05 -4.60732e-05 5.26423e-06 5.18708e-05 8.91278e-05 -1.58505e-05 -6.15784e-05 -2.14407e-05 -2.01698e-05 -3.80203e-05 -5.88182e-06 -7.57975e-06 2.8225e-05 9.82052e-05 0.00011661
internal_weight=2.38018e+06 1.7659e+06 614279 1.12892e+06 549930 142439 636983 407491 59090.4 348400 340182 64348.9 142150 288.895 809240 67330 53323.9 14006.1 319675 45779.4 296800 5966.23 1954.22 1252.31 18569.5 14669.9 1386.7 984.953 852.82 58933.3 50797.1 3710.34 47086.7 3542.31 2526.82 176100 671.148 68101.1 401.751 639838 43710.4 14184.9 733.377 77144.8 10844.6 1871.62 1159.82 66300.2 1849.65 13283.2 4012.01 1968.07 44748.4 2407.16 120700 5146.6 3924.28 522689 402371 2808.93 2068.98 1815.22
internal_count=2380290 1797383 582907 1173274 527999 129692 624109 398307 53895 344412 341973 54908 129464 228 857498 58764 46726 12038 315776 39416 282136 4876 1560 978 15492 12317 1092 783 678 53737 44596 3053 41543 2927 2130 169829 489 68152 309 675854 37800 12982 544 72040 9473 1512 912 62567 1492 11225 3316 1631 40755 1978 112307 4287 3325 555953 428457 2383 1616 1406
is_linear=0
shrinkage=0.05


Tree=15
num_leaves=63
num_cat=0
split_feature=219 218 218 219 219 59 279 46 327 212 173 201 219 327 23 262 1 1 335 13 330 320 297 203 2 270 244 211 336 349 2 334 20 270 235 262 29 49 201 48 202 225 32 318 20 327 354 210 49 327 48 16 304 36 202 50 159 50 108 267 205 28
split_gain=0.0272438 0.0153837 0.0111635 0.0101837 0.00725314 0.00647826 0.00616713 0.00757978 0.00532614 0.00563023 0.0043586 0.00408914 0.00391011 0.00483503 0.0058995 0.00367484 0.00377771 0.00358668 0.00351876 0.00351458 0.00447312 0.00385697 0.00348889 0.00327021 0.00326178 0.0035747 0.00397536 0.00308522 0.00307932 0.00294563 0.00389387 0.00521808 0.00510507 0.00361948 0.00375806 0.0032876 0.00286207 0.00283318 0.00640472 0.00424033 0.00287493 0.00335572 0.00537906 0.00282418 0.0027973 0.00276203 0.00264783 0.00261867 0.00281801 0.00260405 0.00259446 0.0031494 0.00244823 0.00243421 0.00267349 0.00243367 0.00242127 0.00238908 0.0022972 0.00227677 0.00227331 0.00226087
threshold=9.2100675828987746e-05 0.0002308987968717702 5.7913372074835941e-05 0.00054234897834248852 9.8958503258472791e-06 1.0000000180025095e-35 0.38000103831291204 0.016889229416847232 -0.0012082313187420366 3.977529740950559e-05 0.0073036800604313621 0.0013045689556747677 0.00069699500454589735 0.0037852396490052347 0.0034248922020196919 0.014589186292141678 -0.0011678908485919235 0.029029337689280513 -0.20784453302621839 0.01392220798879862 0.56827408075332653 -0.0018479257705621419 0.010249899234622719 0.00024568851222284144 0.002011815551668406 0.0053795436397194871 0.12516376376152041 3.819991979980842e-05 0.024869276210665706 -0.08837027475237845 0.0012673122109845283 0.18926002085208896 0.0037864412879571323 0.0053795436397194871 -0.073949355632066713 0.011588016990572216 0.027238949202001098 0.68111526966094982 0.002236723899841309 0.24647667258977893 0.0017243722104467454 -0.13028185814619062 0.043236337602138526 0.013074078597128393 0.0084157222881913202 5.3122214183076728e-08 -0.10445037111639975 6.502163159893827e-05 0.54683807492256176 -0.0016677870880812404 0.071114040911197676 0.0057605965994298467 -0.01221971958875656 0.006135382456704975 5.1802408052026301e-05 9.2330083134584142e-05 -0.00020478617807384578 0.00051125895697623502 14.660192966461183 0.0062707138713449248 2.3906608475954275e-05 0.048216020688414581
decision_type=2 2 2 2 2 2 2 2 2 2 2 2 2 2 2 2 2 2 2 2 2 2 2 2 2 2 2 2 2 2 2 2 2 2 2 2 8 2 2 2 2 2 10 2 2 2 2 2 2 2 2 2 2 8 2 2 2 2 2 2 2 10
left_child=2 3 4 8 53 52 7 15 -2 17 -9 22 49 37 18 16 23 -10 -15 -17 21 -21 57 -3 25 44 -27 45 36 33 47 -32 35 34 -13 -33 -20 40 -39 -40 -14 42 43 -42 -18 -6 -44 -31 -49 59 -29 -52 -4 60 -55 -11 -50 58 -5 -8 -1 -28
right_child=1 6 5 11 27 -7 12 10 9 55 -12 29 13 14 -16 19 24 -19 28 20 -22 -23 -24 -25 -26 26 61 50 -30 30 31 32 -34 -35 -36 -37 -38 38 39 -41 41 -43 46 -45 -46 -47 -48 48 56 -51 51 -53 -54 54 -56 -57 -58 -59 -60 -61 -62 -63
leaf_value=-8.8670866685457261e-06 3.1764669660912859e-05 -9.0518448388066639e-06 1.0035614461105427e-05 3.8106770700990329e-05 3.3903560975230776e-06 -1.9169796864259832e-05 1.701846851239213e-05 -6.5351366460220572e-05 1.2747726591328416e-05 -7.0273899957283724e-08 -0.00022322522377434028 0.00042403711844519424 2.0857455408778258e-05 0.00017394774969894741 5.4130530403134335e-05 -2.619591310224265e-05 -2.0634983595085201e-05 3.5149507112737102e-05 -2.1935995480764548e-05 0.00038547681164229151 -7.9009592143703024e-06 0.00011330580828280663 -1.2573040046865741e-05 6.3350499959296221e-05 2.4849404681765707e-05 -4.6183714767382476e-05 -0.00012864925904824593 1.053422909302616e-05 -3.0263658483923941e-05 0.0001322873882158949 -9.3140052699755597e-06 0.00016525059521138488 3.7472040102798174e-05 3.4438720534994772e-05 8.7334147509483809e-05 0.00039088453075720672 -0.00019169757427037605 3.5646766181452461e-05 0.00045324323220954487 0.00013448959891357239 2.4277492505451408e-05 -7.0421380719196263e-05 0.00039634515765558812 -0.00021345766559941772 2.4433851040645018e-05 -8.0290406955842135e-06 8.3088299520730214e-05 5.3182353583925666e-06 0.00031182809196637299 -4.8416216353949056e-06 -1.8944401416465001e-06 1.5512595033496007e-05 -7.2816055357712211e-06 -2.0288324186685966e-06 -2.1801845721915496e-05 9.255275101518299e-06 7.0425590729818175e-05 4.0402909981807413e-05 1.4899401733835648e-05 0.00021963061627745711 -9.9019222020631013e-07 -0.00037434850942397283
leaf_weight=137447.93036901951 24785.28173828125 3627.2051026821136 21451.744323730469 14726.186464190483 128603.90977478027 129212.16319870949 12356.338639259338 2210.5490074157715 122531.3992575407 165150.32762157917 544.00897598266602 188.32402658462524 31250.071722984314 122.49878132343292 1116.3053059577942 1116.6289710998535 45287.747192382812 20917.258598327637 333.00121736526489 151.49912333488464 727.30885791778564 882.74966263771057 5949.9130554199219 2733.4083061218262 4044.5086517333984 5514.2341612577438 342.08398306369781 174735.77386474609 942.37843191623688 605.10508418083191 491.08543705940247 348.27400457859039 359.8948929309845 283.81920051574707 149.05329573154449 307.57943344116211 980.38950562477112 2978.3446893692017 145.94658946990967 363.86029529571533 561.99632716178894 1888.3380916118622 127.34922850131989 158.51449966430664 3724.5215628147125 90012.596771240234 143.82367312908173 4200.1946666240692 118.67179560661316 105638.35601806641 125806.34884333611 32746.782611131668 419485.98334670067 29046.565170288086 41547.200454711914 121376.79528427124 763.48351430892944 23620.49729347229 38654.731800198555 138.24430751800537 274590.14889526367 129.06499624252319
leaf_count=150617 21640 3322 21720 14029 135034 127075 10708 1828 121743 159446 427 139 26874 92 892 955 39469 18883 267 118 591 695 5610 2291 3390 4635 294 167393 756 521 417 264 305 231 114 220 771 2471 104 259 466 1531 90 125 3359 91711 111 3434 85 97856 131423 37130 423556 37140 48402 113422 595 20369 35248 110 287297 99
internal_value=1.25786e-08 7.70543e-06 -3.70665e-06 1.22799e-05 -6.10672e-07 -9.32428e-06 -3.13136e-06 -1.53823e-05 9.22782e-06 7.92858e-06 -9.66699e-05 2.7571e-05 2.33361e-06 1.56141e-05 -4.06283e-05 -1.21003e-05 -1.45341e-05 1.60147e-05 -8.51141e-05 4.31749e-05 8.71281e-05 0.000153841 2.43123e-05 2.20725e-05 -1.84783e-05 -2.16654e-05 -5.81373e-05 3.30436e-06 -9.9324e-05 6.21428e-05 5.30913e-05 0.000124508 0.000189098 0.000166464 0.000276673 0.000271934 -0.000148754 2.08407e-05 6.37508e-05 0.000227156 1.64517e-05 -3.13348e-05 4.30847e-05 -2.8471e-05 -1.72093e-05 -1.31147e-06 0.000232026 3.41332e-05 2.23995e-05 -2.28847e-06 6.33204e-06 1.70087e-06 -6.43908e-06 -5.08763e-06 -1.36663e-05 3.88019e-06 0.000103532 2.71627e-05 2.13028e-05 1.9295e-05 -3.6178e-06 -0.000197253
internal_weight=2.3805e+06 775809 1.60469e+06 545528 1.03454e+06 570150 230281 71035.5 454761 429976 2754.56 90766.8 159246 41112.8 3494.57 68281 65402.8 143449 2378.27 2878.19 1761.56 1034.25 82951.3 6360.61 59042.2 54997.7 5985.38 551905 2255.77 7815.49 7194.29 1506.83 1015.75 621.197 337.377 655.853 1313.39 37618.2 3488.15 509.807 34130.1 2880.02 991.684 720.511 49012.3 218617 271.173 5687.46 5082.35 118133 333289 158553 440938 482632 70593.8 286527 882.155 77001.4 53380.9 12494.6 412038 471.149
internal_count=2380169 721671 1658498 516715 1086147 572351 204956 61473 435134 413494 2255 81581 143483 34809 2778 59218 56859 140626 1886 2359 1404 813 75256 5613 51246 47856 5028 562691 1794 6325 5841 1206 789 484 253 484 1038 32031 2834 363 29197 2323 792 591 42828 226745 201 4635 4114 108674 335946 168553 445276 523456 85542 272868 680 69646 49277 10818 437914 393
is_linear=0
shrinkage=0.05


Tree=16
num_leaves=63
num_cat=0
split_feature=217 52 220 218 51 213 52 343 13 32 199 48 48 171 0 334 133 334 44 187 281 134 48 52 2 108 318 322 200 0 345 197 198 182 199 35 344 220 177 213 49 337 312 108 211 144 0 348 258 203 16 344 210 336 357 49 200 62 175 200 76 228
split_gain=0.0255092 0.0114043 0.00949819 0.00864582 0.00691551 0.00596555 0.00593442 0.0048345 0.0038915 0.005019 0.00638538 0.00497462 0.00421099 0.00399238 0.00388722 0.0060617 0.00379243 0.00377905 0.00433605 0.00377095 0.00463751 0.0035558 0.00351928 0.00334322 0.00333059 0.00307448 0.00328373 0.00305375 0.0052859 0.00331112 0.0030077 0.00298283 0.00295112 0.00290286 0.00359937 0.00282554 0.00282503 0.00276788 0.00260937 0.00259712 0.00256676 0.00247125 0.00245572 0.00238698 0.00230757 0.00226042 0.00233945 0.00273904 0.00374874 0.00240743 0.00222809 0.0022039 0.00234029 0.00210751 0.00219365 0.00210322 0.00205668 0.00204368 0.0020056 0.00236953 0.00215747 0.00197882
threshold=8.831060404190795e-05 0.00040009188523981726 6.5051888668676852e-05 0.00010897588072111831 0.00037633141619153326 9.4185161287896349e-05 1.0000000180025095e-35 -0.36872209608554835 0.051093850284814842 0.045323450118303306 0.0014191948575899007 0.10054295137524606 0.25606283545494085 -0.0039196223951876155 -0.027349223382771012 0.32403276860713964 -1.1959429383277891 0.4087348878383637 0.053441917523741729 0.056259701028466232 0.23616622388362887 -1.0000000180025095e-35 0.072243709117174162 0.009280783589929344 0.0027665417874231939 88.561985015869155 0.0067614340223371991 0.009181431960314514 0.0013658645912073555 0.011476432438939812 -0.19081968069076535 0.0036533202510327105 0.0078237224370241183 -0.012270714621990917 0.00047344723134301608 0.067573778331279769 1.0000000180025095e-35 0.00026667660858947789 -0.01227277424186468 4.6163256683939844e-06 0.26291306316852575 0.13869769126176837 -0.0030972589738667007 14.575428485870363 0.0004378657322376967 0.0054038974922150382 0.011476432438939812 0.61716219782829296 0.459980458021164 0.00081295351264998328 0.0047973878681659707 -0.022805420681834217 4.9999352995655506e-05 -0.023722800426185128 -0.039964079856872552 0.22452779114246371 0.0013658645912073555 1.6672916899551641e-05 0.0030728580895811324 0.0010667272144928577 -0.040204461663961404 -1.3941053748130796
decision_type=2 2 2 2 2 2 2 2 2 10 2 2 2 2 2 2 10 2 8 2 2 2 2 2 2 2 2 2 2 2 2 2 2 2 2 8 2 2 2 2 2 2 2 2 2 8 2 2 2 2 2 2 2 2 2 2 2 2 2 2 2 2
left_child=2 3 5 6 23 36 -2 -4 9 27 -11 30 13 -12 15 56 -17 18 41 24 35 -9 25 45 37 -8 -27 53 29 -29 -10 -26 33 34 -22 -21 39 -16 -36 -1 -37 -13 -39 -33 -24 46 57 48 -48 -50 -7 -28 -53 54 58 -34 -5 -3 60 -60 -6 -30
right_child=1 4 7 14 8 50 22 21 11 10 12 17 -14 -15 19 16 -18 -19 -20 20 32 -23 44 -25 31 26 51 28 61 -31 -32 43 55 -35 38 40 -38 42 -40 -41 -42 -43 -44 -45 -46 -47 47 -49 49 -51 -52 52 -54 -55 -56 -57 -58 -59 59 -61 -62 -63
leaf_value=-6.8426466989477622e-06 2.7767626078783192e-06 1.8630306349428907e-05 2.2838039697279528e-06 2.1577728573785999e-05 0.00021726889381380482 4.9964578187610799e-06 1.6831257765363309e-05 -1.6082918694918475e-05 -0.00036059674331134686 2.2340868941642889e-05 0.0004615259448750846 -2.2509482732310015e-05 3.7505958183255776e-05 0.00017003616365363056 2.5170533944157331e-07 1.6243613675167144e-05 0.00023506165136453843 7.1788302016957665e-05 -0.00024814339643146934 -2.5858289618442098e-05 -1.1243285112441181e-05 -7.0316694055292429e-06 5.2589332505632302e-06 8.3768779297759097e-05 1.8226654998472742e-05 3.1637405093847561e-05 0.00016328110579634555 -1.9981509908309197e-05 -7.3970560562569411e-05 0.00017903020390465328 -6.7657102453504047e-05 0.00021495329667341347 -0.00026936204506650059 -2.5129842306659177e-05 7.7959330181149461e-05 -0.00035040457187670204 -6.184956051846739e-06 2.3304887500900998e-06 0.00029623225432893129 1.7530993925502653e-06 -0.000117116390050415 -0.00020870542321766447 -1.6418509823826135e-05 -5.9550215339719179e-08 2.1015102422990914e-05 -3.1872668383544253e-05 4.8043139861100078e-05 -9.6925772633295218e-05 0.00011170592040124406 0.00030103572536335825 2.0122608401374763e-05 0.00010626340035928366 -2.6915071078915569e-05 -6.1914400912782143e-06 7.9522265075416365e-06 -3.8794302007021206e-05 -0.0001514157944589921 3.3495769042136244e-05 8.313159354514416e-05 0.00029618161949502843 2.5318124942441163e-05 -0.00023875244918408097
leaf_weight=115243.13572180271 243523.43432617188 61750.989084839821 73874.929443359375 1275.5237658023834 152.88719356060028 116770.70263671875 79542.275789022446 216796.72274398804 183.94947707653046 3794.3418769836426 149.1075028181076 3004.756810426712 453.21509742736816 552.45254623889923 159662.47024202347 295.35336685180664 600.74818396568298 788.70462536811829 252.29943466186523 912.47220206260681 988.90339744091034 217243.47159194946 106105.23390960693 2452.06005859375 10838.023574352264 16557.92745578289 790.02744352817535 7076.6417713165283 374.65965700149536 213.37529945373535 167.84133696556091 353.07011842727661 184.54842734336853 5319.7955144643784 510.82329916954041 128.23109090328217 349366.55923461914 24672.422149658203 186.26184296607971 370003.1555480957 1326.8481632471085 187.50397956371307 59777.351894378662 202.80667448043823 29752.855049133301 1733.370265007019 2768.840185880661 244.98672139644623 533.27502715587616 246.15441131591797 30756.78515625 933.23976349830627 508.56088972091675 10680.372344255447 6432.0954215526581 212.21939492225647 196.50578689575195 36968.998958945274 714.86504340171814 158.54206848144531 2689.0665725469589 357.55140256881714
leaf_count=131994 249846 55647 71597 1090 114 113304 73475 211871 143 3066 103 2383 353 421 154483 295 428 647 202 751 834 212601 108713 1969 9844 14299 606 5947 295 179 133 273 146 4558 406 100 361278 22408 143 389639 1083 147 54349 166 27917 1510 2240 210 429 187 33184 742 407 9295 5602 175 154 32438 599 112 2354 285
internal_value=1.20564e-08 6.70755e-06 -3.9891e-06 4.21105e-06 1.9533e-05 -1.11833e-06 8.24179e-06 -9.54021e-06 1.33266e-06 7.19708e-06 5.37058e-05 -4.18818e-05 0.000156548 0.000233124 -2.98335e-06 6.07655e-05 0.000163136 -2.68154e-05 -4.94214e-05 -3.55289e-06 -3.40355e-05 -1.15527e-05 1.39245e-05 2.60803e-05 -2.38704e-06 2.11291e-05 3.93192e-05 -7.84484e-07 -2.69919e-05 -1.4109e-05 -0.000222006 2.4034e-05 -1.45435e-05 -7.01053e-06 5.01233e-05 -9.49168e-05 -2.75667e-06 -3.62042e-06 0.000136963 -2.88359e-07 -0.000138128 -3.35699e-05 -1.0941e-05 0.000136789 8.70979e-06 2.47218e-05 2.56794e-05 6.42057e-05 7.53792e-05 0.000172116 8.15021e-06 9.62308e-05 5.93157e-05 9.3114e-06 2.56264e-05 -0.000146851 -1.68982e-06 2.41977e-05 5.62035e-05 0.000122393 3.57899e-05 -0.000154868
internal_weight=2.3805e+06 890441 1.49006e+06 745358 145083 982140 477714 507915 38384.2 33799.2 4949.12 4585.06 1154.78 701.56 267644 2368.13 896.102 4233.26 3444.56 265276 9770.1 434040 234190 106699 255506 98332 18789.8 28850.1 8022.23 7290.02 351.791 11393.9 7402.55 7005.78 1685.99 2367.55 834613 244112 697.085 485246 1455.08 3192.26 84449.8 555.877 135858 104247 102513 3793.26 3548.27 779.429 147527 2231.83 1441.8 20827.8 10147.5 396.768 1472.03 98720 3715.36 873.407 2841.95 732.211
internal_count=2380169 854701 1525468 727691 127010 1029399 476005 496069 32380 28725 3943 3655 877 524 251686 1967 723 3379 2732 249719 8196 424472 226159 94630 241523 89529 16054 24782 6706 6126 276 10283 6262 5941 1383 1934 882911 231240 549 521633 1183 2530 76757 439 136630 92661 91151 3066 2856 616 146488 1755 1149 18076 8781 321 1244 88085 3179 711 2468 580
is_linear=0
shrinkage=0.05


Tree=17
num_leaves=63
num_cat=0
split_feature=217 154 134 52 52 36 220 213 36 134 198 218 52 109 1 48 2 199 329 33 291 276 276 295 276 48 35 315 2 347 205 306 1 336 271 179 314 181 203 346 202 357 358 353 33 219 291 357 173 202 12 31 198 339 317 44 33 46 276 344 198 52
split_gain=0.0232317 0.0128933 0.00773321 0.00690436 0.00676694 0.00624627 0.00527433 0.00450508 0.00399065 0.00364196 0.00406135 0.00358165 0.00341649 0.00422812 0.00301868 0.0042744 0.00398039 0.00381248 0.00521123 0.00378216 0.0031898 0.00287066 0.0027981 0.00263079 0.00259365 0.00257942 0.00840051 0.00692131 0.00382318 0.00370837 0.00366305 0.00317509 0.00286438 0.00279195 0.0035536 0.00259501 0.00310898 0.00373888 0.00341331 0.00319952 0.00276861 0.00284227 0.00255164 0.00328294 0.00248313 0.00241352 0.00239851 0.00234507 0.00233541 0.00411547 0.0037892 0.00667738 0.00318529 0.00264339 0.00233396 0.00230326 0.00224501 0.00224186 0.00221262 0.00219495 0.00219396 0.00218476
threshold=0.00024963698524516081 1.613029400965739e-19 -1.0000000180025095e-35 1.0000000180025095e-35 0.0017170876963064077 0.0047931736335158357 0.00023873282771091911 0.0001617214074940421 0.0049883262254297742 -0.0015734130865894256 0.0078237224370241183 0.00010897588072111831 3.5678938729688532e-05 93.211784362792983 0.058548554778099067 0.17103496938943866 -0.01502349693328142 0.00033900685957632964 0.055599547922611244 0.030368830077350143 1.244545102119446 0.14671593904495242 0.58000105619430553 0.0086314585059881228 0.53737089037895214 0.17692430317401889 0.067573778331279769 0.012759652920067312 0.0012673122109845283 0.24673300981521609 0.00078911890159361075 0.0039843320846557626 -0.014542980119585989 -0.0090329200029373152 0.0046693861950188884 0.011188053991645576 0.014103867113590242 -0.001787104469258338 0.001385233015753329 0.14584431797266009 0.00066677454742603015 0.011663129553198816 0.25692728161811834 0.24956451356410983 0.027839584276080135 0.00018057298439089212 1.2738094925880434 -0.11780442297458647 -0.024212149903178212 0.0017243722104467454 0.051978750154376037 0.048169285058975227 0.0078237224370241183 1.0022947788238528 -0.00317563593853265 0.0047080516815185556 0.050360755994915969 0.013463080395013096 0.67663457989692699 0.12617275863885882 0.0024263217346742754 0.009280783589929344
decision_type=2 2 2 2 2 8 2 2 8 2 2 2 2 10 2 2 2 2 2 10 2 2 2 2 2 2 10 2 2 2 2 2 2 2 2 2 2 2 2 2 2 2 2 2 10 2 2 2 2 2 2 10 2 2 2 8 10 2 2 2 2 2
left_child=1 2 8 23 5 11 7 24 14 10 -7 45 -4 -14 -1 16 19 -18 -19 -16 -17 56 -10 58 -5 26 28 -28 31 54 -29 -13 -27 -31 -35 36 38 47 40 -40 -34 46 43 -43 -9 -2 -42 -38 53 61 51 52 -51 -6 -30 -22 -11 -44 -3 -53 -21 -50
right_child=4 3 12 6 48 9 -8 44 22 21 -12 25 13 -15 15 20 17 18 -20 60 55 -23 -24 -25 -26 32 27 30 29 33 -32 -33 35 34 -36 -37 37 -39 39 -41 41 42 57 -45 -46 -47 -48 -49 49 50 -52 59 -54 -55 -56 -57 -58 -59 -60 -61 -62 -63
leaf_value=-8.0213984681220184e-06 1.2429801927213434e-05 1.3487272970986763e-06 -4.6375578668562374e-06 1.0101998519147119e-05 5.0306005180650406e-05 -3.8276676035311387e-05 -9.7874712312097451e-06 1.4476983243651767e-05 -8.1708919154936758e-06 1.273398238983569e-05 -0.0003050011594537911 4.9722637588632645e-06 8.5746672258148477e-06 -6.574728810144924e-06 -7.6851016730818377e-05 -7.3047243124076962e-07 -2.7149268288105284e-05 -0.00043762856369170509 -8.0881256989521271e-05 -0.00043131428884615264 0.0002642541515954486 -7.5940214553579384e-06 -3.0385859733437329e-05 -3.1449708643806243e-05 -2.6087007427380804e-07 0.00018817305102872067 -3.3815516691416914e-05 -0.00016424622670501863 6.0374206971457254e-05 6.0115499293007814e-05 -0.00046209644844993837 -2.0889120512219483e-05 1.2465613830150392e-05 4.9734789220458031e-05 0.0003064059859813359 -5.440071367366588e-06 0.00036835246245690248 5.4365678092261634e-05 1.1968969548722839e-05 -0.00026480287867080735 2.9888810495858564e-05 9.7024014876050883e-05 5.3527501871365142e-05 0.00032357351732594598 3.4923537819274268e-05 2.4861424207004374e-05 -0.00012808900517544656 9.4447726367588092e-05 3.2634590741534066e-05 -1.9892826186521515e-05 -0.00016621302308885295 4.6134841544095235e-05 -0.00021578455751984925 0.00020816415734772897 -1.2287725881974396e-05 7.4308163447152711e-06 8.3912475400290917e-05 -0.00013882009355136384 -5.7948687827509877e-06 0.00025825013273094219 -0.00017180547811191716 8.1723744446138351e-05
leaf_weight=341539.6120223999 94665.699356198311 316787.37236881256 509633.5832849741 138641.35272216797 788.79951703548431 4802.7239837646484 40254.318359375 88953.465911865234 21704.841117858887 11000.501569628716 145.15299987792969 63687.417175173759 127062.49549865723 72241.236083984375 1051.9904094934464 3707.4235459566116 9040.2733854055405 127.26122057437897 498.7666277885437 126.26839661598206 204.39171648025513 42336.19970536232 40864.793251037598 7243.6390380859375 106962.28561401367 242.03745269775391 640.19501304626465 242.24989700317383 1780.1453897953033 1436.453626036644 182.67679405212402 14584.620524764061 17594.055041074753 243.03304958343506 303.51711559295654 9925.4943581819534 171.46105229854584 1415.8720242977142 215.96994137763977 199.8644335269928 2548.8431332111359 1950.360307097435 908.15407776832581 172.79551208019257 17824.640014648438 66454.90297293663 263.26993775367737 145.52002096176147 22524.835067749023 854.76119959354401 437.45942687988281 242.41158151626587 272.26153564453125 398.95219194889069 2907.8093425035477 151.50036752223969 1230.0222244262695 179.77127456665039 164776.0375585556 245.62673366069794 237.2455917596817 2519.6092987060547
leaf_count=335959 92456 332822 528653 140665 624 4605 37315 84641 24351 11941 115 57569 121821 70747 879 3103 8088 98 395 98 146 43797 44164 7226 107063 195 513 192 1571 1200 140 12866 16092 222 224 8382 130 1147 170 158 2096 1558 760 129 15905 59667 219 118 18954 690 345 190 214 296 2490 124 1171 147 170172 178 196 2007
internal_value=1.14941e-08 -2.1104e-06 -5.65036e-06 2.42053e-06 1.15096e-05 9.56882e-06 7.35802e-06 9.31668e-06 -1.10333e-05 -5.1552e-06 -4.62215e-05 1.26646e-05 -2.46694e-06 3.08348e-06 -8.99013e-06 -3.08322e-05 -4.69144e-05 -3.54315e-05 -0.000154565 -0.000125169 1.303e-05 -1.42993e-06 -2.26802e-05 -1.54555e-06 5.58892e-06 6.19942e-06 1.49889e-06 -0.000137915 3.25024e-06 3.95796e-05 -0.000293858 1.53038e-07 1.74496e-05 9.68624e-05 0.00019287 1.62814e-05 2.46486e-05 8.92936e-05 1.99805e-05 -0.000121688 2.2485e-05 5.17383e-05 8.38665e-05 0.000115749 1.78907e-05 1.75575e-05 1.50184e-05 0.000243989 3.5014e-05 3.20007e-05 -3.60391e-05 -6.1796e-07 -6.7514e-05 0.00010359 1.5318e-05 0.000155579 1.99049e-05 2.15471e-05 -1.0956e-06 0.000153509 -0.000263814 3.75794e-05
internal_weight=2.3805e+06 2.00963e+06 1.12819e+06 881443 370862 342577 392636 352382 419254 59514.6 4947.88 283062 708937 199304 356685 15145.1 11081.8 9666.3 626.028 1415.5 4063.32 54566.7 62569.6 488807 245604 121942 86008.1 1065.12 84943 6670.96 424.927 78272 35933.5 1983 546.55 35691.4 25765.9 1732.85 24033.1 415.834 23617.2 6023.19 3211.08 2123.16 106778 161121 2812.11 316.981 28284.7 27097 2052.52 1615.06 1127.02 1187.75 4687.95 355.892 12230.5 1087.93 481563 488.038 363.514 25044.4
internal_count=2380169 2034631 1138822 895809 345538 322040 385589 348274 417601 61629 4720 260411 721221 192568 349086 13127 9754 8581 493 1173 3373 56909 68515 510220 247728 108288 76987 845 76142 5707 332 70435 31301 1646 446 31106 22724 1395 21329 328 21001 4909 2594 1687 100546 152123 2315 248 23498 22578 1617 1272 904 920 4061 270 13112 907 502994 368 294 20961
is_linear=0
shrinkage=0.05


Tree=18
num_leaves=63
num_cat=0
split_feature=217 58 59 218 52 276 52 16 46 198 2 259 198 355 259 200 1 2 202 202 0 181 334 49 337 334 8 292 330 183 109 319 291 198 2 2 355 327 214 355 218 349 207 46 334 2 356 198 243 36 206 277 201 0 349 240 34 164 109 259 259 259
split_gain=0.0215397 0.0115203 0.00811342 0.00712719 0.00548478 0.00523596 0.00486761 0.00448112 0.00375968 0.00744416 0.00690638 0.00683408 0.00554527 0.00482138 0.00474748 0.00401771 0.00372808 0.00366569 0.00637414 0.00463218 0.00690339 0.00663456 0.0059686 0.00425491 0.00418308 0.00405739 0.00399387 0.0071261 0.0071916 0.00639409 0.00676556 0.00533773 0.00423133 0.00420694 0.00386993 0.0036798 0.003656 0.0033473 0.00416363 0.00324115 0.00318 0.00314892 0.00308746 0.00308411 0.00303128 0.00323125 0.00322752 0.00732808 0.00333746 0.0030047 0.00295984 0.00289128 0.00287258 0.00285512 0.0035982 0.0027851 0.00277315 0.00265872 0.00263987 0.00263639 0.00262546 0.0024782
threshold=6.2208022427512346e-05 1.0000000180025095e-35 1.0000000180025095e-35 0.00021448558254633102 1.0000000180025095e-35 0.69000396132469188 0.0032594571821391587 0.0050246531609445819 0.016889229416847232 0.0078237224370241183 0.0088308756239712256 0.53669521212577831 0.0032709174556657676 -0.072160180658102022 -0.14848474413156507 0.0013658645912073555 0.060977684333920486 -0.0032257876591756936 0.0017243722104467454 0.0017243722104467454 -0.027349223382771012 -0.00762692792341113 0.33119077980518347 0.48685009777545935 -0.016911284066736695 0.35515567660331732 0.026819482445716861 -0.0012232944136485455 0.036749593913555152 0.016617987304925922 56.221563339233406 0.0041217678226530561 1.9364642500877383 0.0058094589039683351 -0.0045521657448261968 -0.007061335025355219 -0.047437820583581917 -0.0017620150465518234 0.00032124816789291804 -0.072160180658102022 5.1907871238654486e-05 0.013358599971979858 0.00016032575513236227 -0.0043708500452339641 0.21460182219743731 -0.0048097590915858737 -0.0038841108325868841 0.0078237224370241183 -1.0516775846481321 0.0053965398110449323 0.00072484739939682196 0.38909511268138891 0.0011068888125009837 -0.0010383579647168515 -0.027863664552569386 0.71467500925064098 0.080304700881242766 0.0037762207211926584 4.6550569534301767 0.24753912538290027 0.32597094774246221 0.44438001513481146
decision_type=2 2 2 2 2 2 2 2 2 2 2 2 2 2 2 2 2 2 2 2 2 2 2 2 2 2 2 2 2 2 10 2 2 2 2 2 2 2 2 2 2 2 2 2 2 2 2 2 2 10 2 2 2 2 2 2 10 2 8 2 2 2
left_child=2 3 5 4 -2 7 37 58 10 11 17 12 -10 56 50 -12 49 19 53 20 22 25 39 35 -20 -21 -22 29 -29 31 43 -28 44 -34 -33 -23 57 -3 42 -5 -4 -27 -39 -31 45 -30 48 -48 -46 -7 -14 -32 -6 54 -19 -35 -13 -26 -1 -47 -40 -50
right_child=1 6 40 8 52 16 -8 -9 9 -11 15 13 14 -15 -16 -17 -18 18 24 21 26 23 -24 -25 36 41 27 28 32 30 51 34 33 55 -36 -37 -38 38 60 -41 -42 -43 -44 -45 46 59 47 -49 61 -51 -52 -53 -54 -55 -56 -57 -58 -59 -60 -61 -62 -63
leaf_value=-2.046509695634626e-05 8.6273787460587438e-07 3.8180775834048647e-05 -6.8268962881742744e-06 -5.952648062591572e-05 9.4901555361748114e-06 -4.5509020343121887e-06 4.0295274719550839e-05 9.9857819162445073e-06 1.0935405910580711e-06 -0.00017302809341742013 5.9721356911908095e-05 6.918170782170068e-05 0.00015271030783588094 -5.8190731011805269e-06 -0.00012680247736170748 0.00026393542510887283 -4.053876353005366e-05 0.0003549796071229145 -6.2063986802480148e-05 -3.3430846907442908e-05 -6.0634437681638702e-06 -6.2115278552962269e-05 0.00024048441447486644 -0.00029821159175957173 0.00049002163876370121 -2.4837331218129231e-05 7.5276272144959196e-07 0.00032493192568331351 -7.795289294656077e-05 0.00019173426053029508 -0.00042001921304758239 8.4265856812409671e-05 -8.4655421514048527e-05 -0.00047158858833822292 0.00032628022579275746 -0.00027963658180602175 4.067053718646415e-05 8.891622900020008e-06 2.5392725776241929e-06 0.00010838669043801754 -1.8302596654800086e-05 0.00028832774050414916 2.1721408266737113e-05 -7.5440501295486346e-05 2.7994932374639209e-05 -0.00010485571542592222 -9.834499487053773e-06 0.00034918402882438802 -0.00011472466400113242 -1.7219055707341876e-05 -9.8830485463249069e-05 -0.00013824562487280899 4.3963345502535584e-05 4.5691118188166875e-06 4.0480978179826715e-05 -0.00017676305089124575 0.00034520519267862128 0.00020266385933932695 -9.240455668166184e-07 -0.00038620567560806833 -3.4133984655580989e-05 -6.3671636108143211e-06
leaf_weight=17829.935113668442 376593.05561566353 11988.334526062012 119559.36767363548 525.49904680252075 252956.18836414814 307427.40813350677 16642.311767578125 98984.106903076172 3469.6023344993591 930.38055419921875 1006.2178039550781 147.68662595748901 277.08144807815552 401.48638594150543 2150.4345034360886 315.42428588867188 8214.6803894042969 126.9767472743988 155.37280642986298 1683.5218851566315 122161.63033783436 1193.7913600206375 487.1312803030014 324.16170072555542 144.1885724067688 136.85986614227295 3242.2905309200287 116.72628891468048 2268.0282502174377 153.84339940547943 176.62192058563232 1100.0428869724274 530.92167043685913 148.73131358623505 192.99409580230713 230.75486791133881 164.80452144145966 105437.70619142056 48343.179294586182 629.71598637104034 121942.8203125 191.12144064903259 84456.337647676468 349.95456004142761 821.46377408504486 171.1297060251236 1530.2643890380859 154.67628479003906 2043.4799180030823 55212.610909461975 199.51190948486328 191.72160708904266 6189.0419921875 29473.088176369667 310.57223689556122 179.45240223407745 240.20808410644531 190.53101134300232 561777.34904778004 164.05572056770325 5426.2751426696777 711.43644404411316
leaf_count=19691 384742 10265 123935 428 240715 310018 13867 113622 3162 737 806 126 214 373 1773 224 7697 93 129 1460 114313 983 347 256 101 110 2761 120 1842 107 136 847 486 117 136 186 141 106138 44038 499 118587 139 77096 279 675 143 1272 115 1690 63884 163 155 5037 26995 250 147 168 135 570186 128 4615 569
internal_value=1.08996e-08 5.18801e-06 -4.35853e-06 2.22029e-06 4.71528e-06 -2.45701e-06 1.40951e-05 1.53865e-07 -6.51808e-06 -4.04359e-05 -4.99134e-06 -2.24761e-05 -4.04082e-05 0.000115771 -9.518e-05 0.000108784 -7.23438e-06 -5.86493e-06 9.83998e-06 -9.24998e-06 -7.75809e-06 -6.399e-05 9.40787e-05 -0.000135162 0.000163909 -2.04373e-06 -8.98554e-06 -3.40354e-05 -6.16861e-05 1.11753e-05 -0.000112656 3.50271e-05 -6.69326e-05 -0.000172188 0.000120836 -9.76931e-05 0.000234164 1.23892e-05 1.112e-05 3.20333e-05 -1.26215e-05 0.000158292 1.45979e-05 6.58146e-06 -5.53938e-05 -9.95084e-05 -3.35372e-05 2.3498e-05 -6.04063e-05 -6.47974e-06 4.74371e-05 -0.000274896 1.03138e-05 6.45588e-06 0.000132948 -0.000312424 0.000241006 0.000328626 -1.52524e-06 -0.000244036 -1.16283e-06 -8.67671e-05
internal_weight=2.3805e+06 1.08955e+06 1.29095e+06 817254 635738 1.04945e+06 272294 678591 181516 7816.39 173699 6886.01 6096.63 789.381 2627.03 1321.64 370855 172378 30565.5 141812 138052 3760.21 1642.35 1748.71 654.897 2011.5 136409 14247.8 8840.37 5407.47 872.141 4535.33 8723.64 859.105 1293.04 1424.55 499.524 255652 243663 1155.22 241502 327.981 189894 503.798 7864.53 2603.21 5261.32 1684.94 3576.38 362640 476.593 368.344 259145 29910.6 437.549 328.184 387.895 334.72 579607 335.185 53769.5 2754.92
internal_count=2380169 1052549 1327620 796530 630494 1085098 256019 703499 166036 6716 159320 5979 5312 667 2150 1030 381599 158290 27844 130446 127312 3134 1274 1425 506 1709 126038 11725 7304 4421 677 3744 7184 750 983 1169 377 242152 231887 927 242522 249 183234 386 6434 2113 4321 1387 2934 373902 377 291 245752 27338 343 264 294 236 589877 271 48653 2259
is_linear=0
shrinkage=0.05


Tree=19
num_leaves=63
num_cat=0
split_feature=219 56 59 16 276 220 0 45 214 276 46 189 207 44 108 16 293 1 22 31 335 23 108 16 50 219 48 107 0 49 351 199 46 26 48 0 322 15 181 202 316 341 337 210 292 48 322 108 46 109 262 1 292 202 354 278 46 200 197 34 292 176
split_gain=0.0202571 0.0118536 0.00860919 0.00792553 0.00581499 0.00536731 0.00436592 0.00404407 0.00398405 0.00357768 0.0039075 0.0037571 0.00375217 0.00415879 0.00345206 0.00342618 0.00340319 0.00331004 0.00314334 0.00347357 0.00485212 0.00357932 0.00302328 0.00416285 0.00295327 0.00292785 0.00314677 0.00283245 0.00331243 0.00353806 0.00436863 0.00290378 0.00317193 0.00283783 0.00716338 0.00375712 0.00411886 0.00502022 0.00374432 0.00373466 0.0036474 0.00684565 0.0031323 0.00330946 0.00275583 0.00264974 0.00247654 0.00238886 0.00238754 0.00408986 0.00498253 0.00270055 0.00242158 0.00235854 0.00253663 0.00234389 0.00230873 0.00299397 0.0029654 0.00269865 0.00588698 0.00449398
threshold=9.2100675828987746e-05 1.0000000180025095e-35 1.0000000180025095e-35 0.0043808694463223228 0.74999836087226879 0.00032836930768098688 0.011476432438939812 0.00063333450816571723 0.00022092274593887853 0.13678423315286639 0.026137666776776317 0.060311654582619674 0.0014018186484463515 0.028066450729966167 5.3270959854125985 0.0005743025103583933 1.2252042844300888e-19 0.060977684333920486 0.010842548683285715 0.045752694830298431 -0.012103025335818527 0.0035213668597862129 11.047673702239992 0.0010771664674393835 0.0009432104416191579 0.00065122166415676485 0.067846026271581664 inf -0.020560900680720803 0.3766330778598786 -0.26660358905792231 0.0014191948575899007 -0.022999979555606839 0.062907896935939803 0.081607181578874602 0.011476432438939812 0.030681980773806575 0.025137564167380336 0.010105253197252752 0.00063137334655039023 -0.0035322678741067644 1.1306281089782717 0.17483294010162356 0.00016384456102969128 -0.38650710880756373 0.25606283545494085 -0.027440267615020272 88.561985015869155 0.010804943740367891 112.47043609619142 0.0049585558008402595 0.045527838170528419 0.82902929186820995 0.00063137334655039023 0.12896451354026797 0.10001017525792123 0.003655900247395039 0.0013658645912073555 0.005286816507577897 0.051046801730990417 1.5667911171913149 -0.0031861264724284406
decision_type=2 2 2 2 2 2 2 10 2 2 2 2 2 10 2 2 2 2 2 10 2 2 2 2 2 2 2 8 2 2 2 2 2 8 2 2 2 2 2 2 2 2 2 2 2 2 2 2 2 10 2 2 2 2 2 2 2 2 2 10 2 2
left_child=2 3 4 5 16 14 25 24 -4 10 -9 12 -11 18 15 -2 -1 22 19 -14 21 -21 23 -6 -5 26 47 28 29 31 -31 -7 -33 35 39 56 40 -38 42 -35 41 -37 43 -36 -32 -13 -46 -3 49 51 -51 -8 -52 -45 -55 -15 57 59 -59 -30 -61 -62
right_child=1 6 8 7 17 27 48 9 -10 11 -12 45 13 55 -16 -17 -18 -19 -20 20 -22 -23 -24 -25 -26 -27 -28 -29 33 30 44 32 -34 34 38 36 37 -39 -40 -41 -42 -43 -44 53 46 -47 -48 -49 -50 50 52 -53 -54 54 -56 -57 -58 58 -60 60 61 -63
leaf_value=-2.1647762093554053e-06 -5.6304099807315023e-05 1.5193252732378416e-05 -7.1410651221817966e-06 -1.6358006125916148e-05 -4.7623354954206186e-05 1.697618246829177e-05 3.7557588055955093e-05 3.344647750181255e-05 -1.9936603035817547e-05 1.0999239100965702e-05 0.00025330213557059084 -1.6563953896864243e-06 1.2838284396303084e-05 0.00035767251874653798 4.327608631221668e-06 -6.2031408942238059e-06 3.9015155706244168e-06 -3.7073055372021708e-05 -5.9413778533688508e-05 0.00012613067064787836 2.4129528698025374e-05 0.00043462816771900123 -3.5698548882409675e-06 -1.0593147475764341e-05 -0.00027775504267752024 2.464538285767386e-05 6.2423340586173456e-06 -0.00012464085158046725 -9.8142541761310614e-06 -9.7208891338489178e-05 0.00033532593369888083 5.9184312273035468e-05 -0.00025042697109620138 -0.00011692442266694479 0.00019032978081651923 3.9215591641284944e-05 0.00041509807432228382 6.5897536149022297e-05 -9.7047139603710327e-05 -0.00045931701891334961 -2.5286398365678879e-05 0.00037769979367090016 -0.00016697407345671138 -8.1728411890037283e-05 -3.5705101870552512e-05 -0.00015292440266937086 0.00013943877520920133 3.839289002400802e-05 1.1312995174674551e-05 8.0809418551067196e-05 0.00045297546954490929 0.00015501456383199935 0.0001686256110376153 1.3344377980760157e-05 0.00024399613860114785 0.00012518124381045902 1.8344353072480018e-05 -4.292267129010386e-05 -0.00019275558039338664 -3.3987239534141577e-05 -0.00047534850973410026 -8.6970150327246652e-05
leaf_weight=496440.47089612484 4350.7830531597137 57182.275891661644 199404.35152459145 6575.8271803855896 8451.1840146780014 3369.3790159225464 4169.6096371412277 25222.788511991501 87542.023315429688 46942.680676698685 201.78312683105469 582.93112945556641 934.66337490081787 161.43375825881958 311544.15825009346 15797.644962310791 432708.43140411377 8722.8308410644531 566.80377101898193 189.23602855205536 351.18741679191589 189.50722825527191 297100.42581808567 74317.431762695312 107.8716607093811 54613.803649902344 112189.87902796268 529.60772705078125 89415.988649845123 256.41216373443604 140.85288035869598 131.65115058422089 217.68240654468536 173.82003998756409 251.43952906131744 1114.3892645835876 150.31925058364868 320.3879714012146 1450.4759078025818 147.97406768798828 1819.7695273160934 170.6154670715332 246.80639386177063 635.09435892105103 254.77160215377808 573.21086883544922 956.52030146121979 13767.7406873703 2520.5660400390625 575.58144450187683 173.25165343284607 552.89308261871338 137.06927263736725 1484.7669496536255 127.63716351985931 333.64826536178589 6309.8153371810913 2789.1988677978516 372.95693969726562 2162.8667376041412 139.46333587169647 159.65773248672485
leaf_count=512828 4085 52164 205201 6253 8493 2935 3546 25060 85561 47836 153 492 794 127 291267 15394 452253 8432 478 140 271 137 299922 85808 94 47455 108435 443 80518 206 103 108 169 149 185 910 109 247 1192 113 1537 120 194 515 209 462 702 11716 2168 470 122 422 111 1189 92 257 5275 2274 302 1731 108 127
internal_value=1.0383e-08 6.64388e-06 -3.19668e-06 2.43394e-06 -1.48768e-06 -1.99936e-07 1.5717e-05 1.66296e-05 -1.10449e-05 1.98986e-05 3.52112e-05 1.22376e-05 1.43129e-05 7.13146e-05 3.03039e-06 -1.70263e-05 6.60323e-07 -6.62366e-06 4.21366e-05 7.67449e-05 0.000158317 0.000281962 -5.92427e-06 -1.43752e-05 -2.06587e-05 1.44848e-05 1.14546e-05 -9.49273e-06 -8.95921e-06 2.95346e-05 9.14399e-05 2.72227e-06 -0.000134073 -1.08334e-05 -4.96252e-05 -9.16218e-06 4.11973e-05 0.000178698 -3.2124e-05 -0.000276235 2.02495e-05 8.46747e-05 2.21822e-06 1.90486e-05 0.000127305 -7.67891e-05 0.000102603 1.96961e-05 5.17453e-05 6.99061e-05 0.000168385 5.13688e-05 0.000329262 -2.65732e-07 3.18823e-05 0.000202125 -1.09396e-05 -1.28841e-05 -6.07052e-05 -1.1237e-05 -6.28581e-05 -0.000270004
internal_weight=2.3805e+06 775809 1.60469e+06 529926 1.31774e+06 446993 245883 82933.6 286946 76249.9 25424.6 50825.3 49669.2 2726.48 331693 20148.4 929149 388592 2231.4 1664.59 729.931 378.743 379869 82768.6 6683.7 237754 183140 115300 114771 5327.27 1608.56 3718.71 349.334 109443 4518.01 104925 3575.48 470.707 4196.22 321.794 3104.77 1285 2745.74 2498.94 1352.14 1156.14 1211.29 70950 8128.97 5608.41 885.902 4722.5 310.321 2247.5 1612.4 495.082 101350 95040.1 3162.16 91878 2461.99 299.121
internal_count=2380169 721671 1658498 495062 1367736 412508 226609 82554 290762 76207 25213 50994 50040 2204 310746 19479 965081 402655 1820 1342 548 277 394223 94301 6347 219770 172315 101762 101319 4432 1220 3212 277 96887 3629 93258 2923 356 3367 262 2567 1030 2175 1981 1014 954 911 63880 6839 4671 703 3968 233 1796 1281 384 90335 85060 2576 82484 1966 235
is_linear=0
shrinkage=0.05


Tree=20
num_leaves=63
num_cat=0
split_feature=154 327 53 144 36 109 207 57 157 219 1 2 16 358 208 14 259 50 358 211 50 219 265 113 333 10 201 1 7 291 35 1 194 271 212 329 170 199 205 339 189 53 28 327 1 327 345 199 292 21 358 41 357 2 213 14 19 267 16 43 1 21
split_gain=0.018348 0.00908575 0.00955715 0.00800624 0.00602928 0.00535687 0.00570376 0.00514521 0.00477132 0.00434964 0.00426837 0.00395581 0.00387021 0.00370639 0.00370213 0.00368522 0.00337008 0.00325923 0.00323186 0.00321924 0.00321591 0.00312384 0.00301239 0.00291366 0.00350626 0.00397411 0.00472845 0.00537031 0.00486287 0.00385929 0.00277868 0.00267254 0.00273881 0.00264662 0.00258618 0.00252353 0.00253818 0.00300875 0.00248267 0.00248059 0.00247869 0.00229735 0.00228244 0.00351423 0.00226868 0.00287706 0.00266858 0.00226417 0.00253291 0.00407069 0.00399019 0.00292829 0.00232015 0.00220316 0.00214006 0.00210445 0.00624168 0.00208788 0.00208129 0.00206809 0.00206441 0.00205771
threshold=0.00028054717404302215 -0.0010058484622277317 3.7020973877588408e-06 -3.9042570278979829e-06 0.005877434043213726 93.211784362792983 0.00010766887135105209 0.80162799358367931 0.0065764372702687987 0.00069699500454589735 0.058548554778099067 -0.0057388674467802039 0.0052452280651777991 0.1223261058330536 0.00026120904658455407 0.057045042514801032 0.31955401599407202 0.00024912913795560604 0.2352482154965401 0.00027491510263644164 0.00041852374852169311 3.7783340303576558e-05 0.0036021908745169644 0.066933546215295806 0.29480256140232092 0.049784032627940185 0.0011068888125009837 0.035058479756116874 0.044256348162889488 1.9364642500877383 -0.021148255094885823 0.06795790791511537 0.00096391377155669044 -0.027028427459299561 5.7958321121986962e-05 0.040700310841202743 -0.015272447373718022 0.00036601623287424451 3.0446230994130022e-05 1.1861507892608645 0.04154875501990319 0.00023872255405876788 0.064974635839462294 0.0037852396490052347 0.060977684333920486 0.001659774861764163 0.093817595392465605 0.0014191948575899007 0.22629345953464511 0.0044797393493354329 -0.60119760036468495 0.052368845790624625 -0.76812273263931263 0.0052926121279597291 0.001041399023961276 0.042924046516418464 0.0005843196704518051 0.0038616890087723736 0.0032731809187680487 0.0048409125301986941 0.028503736481070522 0.00031649532320443546
decision_type=2 2 2 8 8 10 2 2 2 2 2 2 2 2 2 2 2 2 2 2 2 2 2 2 2 2 2 2 2 2 10 2 2 2 2 2 2 2 2 2 2 2 8 2 2 2 2 2 2 2 2 10 2 2 2 2 2 2 2 8 2 2
left_child=1 5 21 12 7 6 10 9 17 31 -1 18 20 23 58 19 -13 41 -12 33 34 -3 -14 24 25 26 29 -28 -29 -8 -15 38 -33 -7 60 40 37 -37 -4 -39 -26 -5 -19 57 -9 -46 -47 48 -25 50 52 -51 -50 -11 -23 -16 -57 -44 -6 -10 -2 -34
right_child=3 2 4 8 14 15 13 44 59 53 11 16 22 30 55 -17 -18 42 -20 -21 -22 54 -24 47 35 -27 27 28 -30 -31 -32 32 61 -35 -36 36 -38 39 -40 -41 -42 -43 43 -45 45 46 -48 -49 49 51 -52 -53 -54 -55 -56 56 -58 -59 -60 -61 -62 -63
leaf_value=7.1851551962872059e-06 9.7154033522113699e-06 -2.4769610991549526e-06 -1.1880001601217621e-05 3.007225588208414e-06 -3.0447672012117775e-05 -0.00021765667526685013 2.8204220667364819e-05 -1.2525483373913871e-05 -5.8281774701000932e-06 2.0503457262341767e-05 -0.00011496843859058438 -1.4213418772798219e-05 1.5632173116723727e-05 -3.7852914889435609e-05 -3.4212303970224341e-05 -0.00010408519516850524 0.00026099478693508525 1.415000269216381e-05 8.7316562875136653e-05 2.5577606084712192e-05 2.31209406293292e-05 3.7203104856844166e-06 3.9405534511648531e-05 1.5819635209624824e-05 8.7893184583793678e-05 -7.0013975453231368e-05 1.8838229675479771e-05 0.0005201195674723317 0.00010808445812979158 -0.00023094578430230477 1.5066603000740899e-05 -2.3830822930454216e-05 -0.00029782475046114112 -1.0338549656354089e-05 7.856230647494149e-07 6.0853009043470218e-05 3.8781263365724913e-05 0.00012663676252747967 -2.0551369031200336e-06 0.00034165846421911156 0.00027356300466388418 -1.1086261646269124e-05 2.7456673370842765e-05 -0.00022797218717734757 -3.0476598255795182e-05 -0.00019742518487981606 8.3753847695814682e-06 0.00021376640756816964 -0.00016791748097773039 3.4840191545843157e-05 2.2467725340545053e-05 -0.00021634247045100238 -0.00045402577412937328 0.00015944378269492997 4.748640376800426e-05 -0.00041207719578625272 -6.1687660373339475e-05 -9.8969870852332758e-05 -8.2158479660802876e-06 -3.3350660501359055e-05 2.8714444734323763e-05 -8.1966080510055702e-05
leaf_weight=81376.021234512329 90101.339977264404 566023.16572642326 80378.119573235512 260375.39812088013 14420.195419311523 152.59451675415039 15194.568263530731 182158.73363244534 16005.804428100586 14115.294836521149 1841.6745784282684 2975.7766048908234 33027.073547363281 2973.273551940918 22609.63102722168 962.52105712890625 113.55615174770355 77110.367782592773 219.67085707187653 7087.1188901662827 41183.035938262939 249795.86099243164 22340.721740722656 4682.6666946411133 651.09464204311371 1034.034423828125 289.38465917110443 148.93265414237976 138.75437247753143 143.05419921875 14916.687873840332 8725.3037567138672 142.68169593811035 36801.286196351051 78546.597183227539 2916.1572904586792 9250.0351158380508 857.92270421981812 321406.57024097443 158.48839426040649 248.1714038848877 32525.806583404541 945.06089496612549 224.68989562988281 6272.3649826049805 513.78262794017792 226.54437553882599 122.40755462646484 168.81918907165527 797.13502073287964 152.55422925949097 133.74001312255859 125.26015043258667 289.26246023178101 2822.7232360839844 139.88685655593872 1231.930205821991 496.51089000701904 38991.957870483398 11899.578384399414 16993.945297241211 477.6645565032959
leaf_count=76662 89356 605852 84378 264611 15074 124 13008 175580 15005 12142 1561 2658 36034 2610 22223 806 84 72987 189 6106 36388 249633 21802 4293 556 817 225 104 107 112 13176 7755 115 32984 72621 2538 7796 663 313843 115 192 30890 794 177 5481 410 178 89 141 675 121 106 99 223 2435 113 1242 442 45680 11131 15353 423
internal_value=-1.57659e-09 -2.78439e-06 -4.07016e-06 6.92662e-06 -8.3953e-06 7.62342e-06 1.23984e-05 -6.73935e-06 2.37323e-06 -3.68933e-06 4.39091e-06 -3.97412e-05 1.33741e-05 2.49717e-05 -2.15474e-05 -7.40378e-06 -3.93514e-06 3.87034e-06 -9.33478e-05 -5.28616e-06 1.0481e-05 -4.13563e-07 2.52257e-05 3.39625e-05 4.02071e-05 2.48825e-05 3.10563e-05 0.000171318 0.000323509 2.57573e-05 6.26824e-06 -4.63559e-06 -3.1065e-05 -1.12064e-05 7.67668e-06 5.86454e-05 5.31009e-05 8.67462e-05 -4.02068e-06 0.00016077 0.000139626 1.44212e-06 1.28985e-05 -4.4965e-05 -1.36001e-05 -4.15037e-05 -0.000134596 2.61766e-06 -1.71639e-06 -6.12644e-05 -0.000184985 -1.63399e-06 -0.000292026 2.33153e-05 4.20972e-06 -3.78671e-05 -9.79654e-05 -1.61644e-05 -1.42189e-05 -1.7566e-05 1.27307e-05 -0.000132412
internal_weight=2.37915e+06 1.69738e+06 1.51074e+06 681776 692100 186633 141630 614706 399583 425535 86526.7 5150.68 282193 55103.1 77393.6 45003.5 3089.33 371678 2061.35 44041 226825 818642 55367.8 37213.2 31030.6 16948.7 15914.7 577.072 287.687 15337.6 17890 411130 9345.65 36953.9 185642 14081.9 13182.6 3932.57 401785 1016.41 899.266 292901 78776.6 1666.26 189171 7012.69 740.327 6182.58 6060.18 1377.51 446.634 930.875 294.079 14404.6 252619 23981.4 1371.82 1441.57 53412.2 27905.4 107095 620.346
internal_count=2379088 1711497 1542780 667591 684860 168717 128697 600528 396037 418879 81154 4492 271554 47543 84332 40020 2742 369901 1750 39214 213718 857920 57836 31757 26233 14373 13556 436 211 13120 15786 406514 8293 33108 177330 11860 11112 3316 398221 778 748 295501 74400 1413 181649 6069 588 5524 5435 1142 361 781 240 12365 252068 23578 1355 1236 60754 26136 104709 538
is_linear=0
shrinkage=0.05


Tree=21
num_leaves=63
num_cat=0
split_feature=217 53 219 220 85 346 0 189 262 38 200 346 183 344 0 259 277 35 113 204 258 259 177 314 174 196 196 330 0 337 344 0 219 327 348 348 278 223 42 219 343 69 36 77 16 42 212 358 175 211 219 278 13 337 197 209 16 49 320 313 204 270
split_gain=0.0174173 0.0131523 0.0105506 0.00561621 0.00561555 0.0117527 0.00643464 0.00501061 0.00801896 0.00871853 0.0044863 0.00741244 0.00595251 0.00673761 0.00589867 0.00520532 0.00465643 0.00428496 0.004194 0.0048694 0.00413717 0.00407109 0.00659126 0.00530272 0.00401425 0.00400277 0.00397869 0.0039269 0.00387862 0.00386539 0.00384992 0.00383008 0.00373326 0.00477404 0.00580886 0.00562516 0.00464198 0.0038273 0.00368716 0.00359282 0.00357862 0.00353687 0.00351458 0.00348909 0.0034484 0.00425758 0.00332184 0.00327923 0.00319146 0.00310564 0.0030676 0.00292226 0.0028688 0.00282568 0.00279252 0.00458159 0.00277189 0.00272674 0.00275002 0.0034106 0.00272327 0.00272295
threshold=0.00030105444602668291 4.8690908442949883e-05 5.4871901738806634e-05 0.00025199029187206184 -1.0000000180025095e-35 0.15058847516775134 0.011476432438939812 0.048791013658046729 0.0061988576781004676 0.0011220705928280952 0.0010667272144928577 0.14584431797266009 0.03094399813562632 0.38301707804203039 -0.027349223382771012 0.273654654622078 0.73001214861869823 -0.04284351505339145 0.017291433177888397 0.0005058207898400725 -0.016374538652598854 0.62472021579742443 0.072669308632612242 0.0066720356699079284 0.028839958831667904 0.0017275591962970795 0.0039909442421048888 0.3787104338407517 -0.027349223382771012 0.047921296209096916 -0.1724310293793678 0.00030085048638284212 0.0034932843409478669 0.0037852396490052347 0.8863624930381776 -0.18488254398107526 0.71999937295913707 0.11793480813503267 0.0088204424828290957 5.4871901738806634e-05 -0.13325942307710645 0.050497505813837058 0.0053965398110449323 0.062459165230393417 0.0045928549952805051 0.0039467739406973132 4.8906036681728444e-05 -0.099471990019083009 -0.020537747070193287 2.7296977350488308e-05 0.00029509447631426161 0.4888910055160523 0.022960516624152664 0.072342902421951308 0.005286816507577897 0.00033573666587471967 0.0020963728893548255 0.32771509885787969 -0.023425329476594921 0.015715626068413261 0.0010829223319888117 0.0044889799319207677
decision_type=2 2 2 2 8 2 2 2 2 10 2 2 2 2 2 2 2 8 2 2 2 2 2 2 2 2 2 2 2 2 2 2 2 2 2 2 2 2 10 2 2 2 8 2 2 8 2 2 2 2 2 2 2 2 2 2 2 2 2 2 2 2
left_child=1 2 49 39 6 -6 10 8 26 25 14 12 17 20 15 18 38 -12 19 -2 -14 23 -23 -9 31 -10 -8 -22 30 -29 -5 47 33 42 35 -35 37 52 -13 -3 -30 -42 50 -25 45 46 -4 -19 -33 -1 -16 -11 -37 -50 -43 -56 -44 61 59 -59 -32 -52
right_child=4 3 44 28 5 -7 7 21 9 51 11 16 13 -15 32 -17 -18 24 -20 -21 27 22 -24 43 -26 -27 -28 29 40 -31 60 48 -34 34 -36 36 -38 -39 -40 -41 41 54 56 -45 -46 -47 -48 -49 53 -51 57 -53 -54 -55 55 -57 -58 58 -60 -61 -62 -63
leaf_value=-5.1186471063292629e-06 2.2471255973815239e-05 -8.5369859397826725e-06 1.259904586686481e-05 0.0002118193153367109 -4.5483091034469369e-05 -0.00057407727406099784 4.1405325544163134e-05 4.1051055899703307e-05 0.00043957597280569022 3.2880424143296274e-05 0.00021689173569487783 -8.4901566081748526e-05 -0.00030858527861168825 0.00021626369046178319 8.4569132195601159e-06 0.000205396408401694 -0.00019620726745804313 1.5148765954427061e-05 -0.00012707716706989036 0.00023520750891136002 -0.00020599946018440862 -2.9182523039962855e-05 0.00040372851491945268 -2.4685810426660017e-05 0.00012370525734407861 0.00012395642117549592 0.00030931680948450673 2.2269269096900544e-05 -5.1633533828779836e-06 -0.00023303100188973923 4.3692246867586799e-05 -3.031325504514008e-05 4.8868888353538687e-05 0.00023351671092738838 0.00022870865649013525 -3.5733182261197168e-05 -0.00035745963068272341 3.2459714282166484e-05 7.7049377450247734e-05 8.9902015488895117e-07 -1.739823538069361e-05 -4.4209083763825218e-05 -2.4278290964487757e-05 -0.0001829669673471644 1.7077945290182958e-05 -1.2524596403118879e-05 2.825128499127946e-06 -8.6402103040598654e-05 0.00011359863098956562 5.3671767460916697e-07 1.9331477492037851e-05 0.00024185644218408637 -0.00013013457359032512 -0.00010057886585432086 -0.00030883881889487213 -3.802628414498098e-05 5.1040515705058653e-06 6.9026602971445221e-05 2.9063136291217891e-05 0.00031330479362121538 -0.00018304244789680928 -1.0602030525817332e-05
leaf_weight=432723.46472883224 1009.4417855739594 219616.06430053711 147734.140625 325.09174430370331 1197.673730969429 113.33070933818817 5394.02565574646 1945.7543110847473 355.05380427837372 642.12930130958557 276.93658828735352 1719.8747938871384 221.44542956352234 175.04921972751617 132596.22036683559 690.72493886947632 753.00456357002258 1637.4150921106339 298.20178997516632 364.95478880405426 414.60177385807037 195.95567464828491 157.11808776855469 923.76720237731934 768.11662292480469 142.57136523723602 140.30019378662109 827.71805202960968 67267.054057478905 178.54406821727753 1558.1949526071548 828.43804931640625 6301.228271484375 165.01187336444855 191.10689878463745 1737.3840397596359 127.25229609012604 996.46632623672485 439.90630388259888 186582.34698486328 144481.73093092442 5917.3572235107422 10790.890776753426 557.50872802734375 74191.49658203125 30793.421752929688 211225.10412597656 1542.1691112518311 1425.3771328926086 552964.61220669746 61976.195140361786 224.61644744873047 1500.7350476980209 171.07075524330139 271.96111869812012 364.78595161437988 31317.838027954102 2663.6032534837723 18087.934783935547 149.23604094982147 142.74443101882935 8657.4962921142578
leaf_count=464216 847 221519 144451 247 1281 92 4599 1578 246 541 214 1421 182 129 126293 494 593 1295 234 274 330 161 108 779 616 117 105 653 62670 142 1354 710 5181 129 139 1396 100 800 341 176634 137167 4999 10492 452 78270 30459 200187 1289 1121 575888 54217 171 1215 136 210 283 33861 2202 15701 105 110 7342
internal_value=-1.52011e-09 -1.63583e-06 9.80432e-07 -7.68921e-06 1.11971e-05 -9.19826e-05 1.1646e-05 4.97619e-05 7.51085e-05 0.000183596 1.0247e-05 -2.05248e-05 3.14943e-06 -7.69928e-05 1.14994e-05 9.01244e-05 -8.9296e-05 2.50694e-05 4.23326e-05 7.92205e-05 -0.000108475 3.48909e-06 0.000164652 -1.32013e-05 1.66679e-05 0.000350008 4.83064e-05 -7.68977e-05 -1.41169e-05 -2.34018e-05 5.47124e-05 1.95902e-06 1.08286e-05 9.9436e-06 -3.99027e-05 -5.13384e-05 -6.22168e-05 -5.318e-05 -5.18745e-05 -4.20269e-06 -1.47562e-05 -1.90284e-05 1.08272e-05 -8.44246e-05 7.19793e-06 5.31713e-06 6.84775e-06 -3.4129e-05 4.92679e-05 -1.94603e-06 1.33172e-05 8.74685e-05 -7.95377e-05 9.05509e-05 -5.49483e-05 -0.000154298 -2.42634e-06 2.03575e-05 3.62215e-05 8.22003e-05 2.44718e-05 1.56624e-05
internal_weight=2.37915e+06 2.07616e+06 1.44963e+06 626527 302991 1311 301680 10678.8 6898.7 1364.37 291002 11379.7 8466.88 1817.36 279622 2363.32 2912.79 6649.52 1672.6 1374.4 1642.31 3780.1 353.074 3427.03 6372.59 497.625 5534.33 1420.86 220329 1006.26 2026.03 5604.47 277259 270957 4717.96 4526.85 4361.84 4234.59 2159.78 406198 218303 151036 266239 1481.28 463944 389753 358959 3179.58 2424.89 985688 224131 866.746 3238.12 1596.45 6554.1 636.747 42108.7 91534.5 20900.8 2812.84 1700.94 70633.7
internal_count=2379088 2098664 1493471 605193 280424 1373 279051 8857 5779 1075 270194 9172 6817 1436 261022 1849 2355 5381 1355 1121 1307 3078 269 2809 5167 363 4704 1125 207040 795 1711 4551 259173 253992 3779 3640 3511 3411 1762 398153 205329 142659 250213 1231 453367 375097 344638 2584 1967 1040104 205860 712 2611 1257 5492 493 44353 79567 18008 2307 1464 61559
is_linear=0
shrinkage=0.05


Tree=22
num_leaves=63
num_cat=0
split_feature=52 56 51 51 276 219 36 205 327 217 48 193 47 0 344 201 108 0 0 175 188 59 276 313 225 113 355 355 198 220 198 0 343 256 35 113 204 319 48 75 202 198 48 64 12 278 12 355 42 292 270 188 213 108 344 144 327 226 327 333 259 48
split_gain=0.0167095 0.0120779 0.00803221 0.00782225 0.00546141 0.00455718 0.00446734 0.00405707 0.00356174 0.00350817 0.00442599 0.00347813 0.00465883 0.00346967 0.00343221 0.00308745 0.00312782 0.00407684 0.00354922 0.00429052 0.00684109 0.00287751 0.00278881 0.00273094 0.00304541 0.00393859 0.00315914 0.00298587 0.00379175 0.00293454 0.00273416 0.00492085 0.00322559 0.00284308 0.00306588 0.00265417 0.00253856 0.0025009 0.00235328 0.00381106 0.00234525 0.00326612 0.0022804 0.00224145 0.00221241 0.00219031 0.00267275 0.0038482 0.00327358 0.00237005 0.00224302 0.00212586 0.00211461 0.00275967 0.00206951 0.00206853 0.0020447 0.00200958 0.00199286 0.00310605 0.00208994 0.00248871
threshold=3.5395400118432015e-05 0.80142393708229076 7.9115761764114736e-05 0.00020039005903527143 0.14671593904495242 0.00032847271359059965 0.005877434043213726 2.3906608475954275e-05 0.0037852396490052347 0.0010563374380581083 0.073537968099117293 0.0080233197659254091 0.03409437648952008 0.019893051125109199 0.0093142646364867705 0.00016167097055586058 83.07773590087892 0.00030085048638284212 0.00085190896061249088 0.00080756185343489062 -0.00081089336890727271 0.80792939662933361 0.2172750607132912 0.028824141249060634 0.11411957442760469 0.15913845598697665 0.2635579258203507 -0.24582070112228391 0.0058094589039683351 0.00054189175716601323 0.0043535782024264344 -0.011933057103306053 -0.40931829810142512 1.0000000180025095e-35 0.043372359126806266 0.0044990726746618756 0.00072736627771519135 -0.0061107091605663291 0.1907356604933739 0.053900860249996192 0.0017243722104467454 0.0064537227153778085 0.22504812479019168 0.0023377044126391415 0.024426240473985675 0.11000486835837366 0.022664094343781475 -0.18275649845600125 0.0017628730856813493 0.96332162618637096 0.0042525038588792094 -0.0079354494810104353 1.6752788724261339e-05 14.805280685424806 1.0000000180025095e-35 -0.00036226260999683285 0.0037852396490052347 9.9920068663550423e-08 0.0037852396490052347 0.28708785772323614 0.27890858054161077 0.13159091770648959
decision_type=2 2 2 2 2 2 8 2 2 2 2 2 2 2 2 2 2 2 2 2 2 2 2 2 2 2 2 2 2 2 2 2 2 2 8 2 2 2 2 2 2 2 2 2 2 2 2 2 10 2 2 2 2 2 2 10 2 2 2 2 2 2
left_child=2 3 4 5 52 22 7 13 23 10 15 14 -13 -6 -8 -3 17 -17 19 -19 -21 -4 -2 29 27 26 -26 28 -25 -5 42 -32 -33 34 36 -22 -34 -31 39 -10 -39 -42 -29 58 -15 46 -7 48 -48 -50 -47 -14 -1 -54 -9 -12 -55 -40 -11 60 -60 -62
right_child=1 9 21 8 6 45 11 54 38 43 55 12 51 44 -16 16 -18 18 -20 20 35 -23 -24 24 25 -27 -28 30 -30 37 31 32 33 -35 -36 -37 -38 40 57 -41 41 -43 -44 -45 -46 50 47 -49 49 -51 -52 -53 53 56 -56 -57 -58 -59 59 -61 61 -63
leaf_value=-4.7462949089412646e-08 1.003492216743749e-05 1.4784010962547108e-05 -7.2073970376061486e-06 -4.1548825591556039e-06 -8.5344857332873441e-06 2.1533592773778914e-05 -1.138208469301117e-05 2.9455386321622982e-06 -6.677897994869015e-05 3.1579744280356988e-05 2.1488689265178029e-05 0.00022686606715457145 0.00016539779566577436 0.00031908572803568489 -3.4728434634655554e-05 4.1721061132825353e-06 5.869972937100931e-05 1.5465007014962594e-05 3.4508142364986738e-05 0.00052996814413323054 7.0365083448042213e-05 -1.7865171418466287e-05 -6.8233481585662572e-08 3.5799968547352733e-05 2.7953739440437044e-05 0.00023361804238265272 0.00028634481434994832 3.706383382182961e-05 0.00029012384106908535 -3.1283808170046389e-06 0.00012787644052470975 0.0001274228884686253 -6.2860283916535618e-05 -0.00021553840124628331 1.59777755886433e-05 0.00026926689837632742 -0.0003474741877905153 -2.6888786327280199e-05 4.7281181419145857e-05 -0.00026712068166752058 -1.3614785916076022e-05 -0.00020342174408927925 -5.2310760627308404e-05 0.00010728559321292387 4.7487506819863233e-05 1.4944068084163222e-05 2.2000408692917243e-05 3.9599439264357044e-05 0.00016646202244126026 0.00039605783802287013 -1.4489203189701721e-05 3.4887506629631879e-07 1.8538933257794627e-05 4.4936271947958457e-06 -2.6864501358958073e-06 3.0846817181553237e-06 -0.00018681336713016335 -8.8613944387462614e-05 -2.6898508205809216e-06 3.7425988135537331e-05 -0.00028384016874336021 -6.0219435776518177e-05
leaf_weight=104296.44378733635 95234.920805692673 73680.143494844437 252320.34207952023 106956.71324157715 175333.23949456215 15740.559669494629 84355.745910406113 349727.08036804199 1407.1193342208862 28591.452472448349 18103.3876953125 228.61300277709961 194.27596008777618 125.02045404911041 19353.811141967773 11798.886583566666 8906.7953855991364 601.9447466135025 6895.8315682411194 123.95509684085846 542.6983391046524 84556.355430245399 241525.4446182251 814.39019739627838 1970.6673188209534 311.4293212890625 123.90141296386719 2572.0413624048233 176.92827796936035 13530.113296508789 277.810955286026 138.03548240661621 185.76265263557434 523.35809743404388 471.20952618122101 242.19104492664337 134.90867042541504 23392.519470214844 673.52240312099457 284.19965362548828 452.22490692138672 452.98432159423828 985.5980761051178 921.60372567176819 185.09446752071381 53176.966255187988 303.78453171253204 2866.0786304473877 474.18227636814117 148.34800934791565 7368.3025512695312 32459.830855250359 51879.113920211792 95375.52446937561 305673.57997131348 97423.810234069824 137.87735748291016 453.48429262638092 403.40796685218811 1074.8750962018967 214.33004713058472 296.19543778896332
leaf_count=114938 94252 69233 252039 98328 188412 14741 100486 352628 1126 24361 17058 187 197 100 20678 10192 7140 487 5800 115 427 81942 235688 668 1624 226 88 2191 127 11803 209 101 157 408 391 186 104 20575 528 219 388 351 917 709 151 48697 262 2447 360 109 6386 36172 55608 94435 304373 95507 107 359 317 852 173 248
internal_value=-1.41236e-09 5.76076e-06 -3.04856e-06 1.76159e-06 -1.16043e-06 5.33836e-06 -2.86706e-06 -1.48972e-06 -7.77794e-06 1.49354e-05 1.26844e-05 -1.12469e-05 2.92254e-06 -8.23808e-06 -1.57395e-05 2.02316e-05 3.4017e-05 2.31319e-05 4.97351e-05 0.0001191 0.000187554 -9.8826e-06 2.78895e-06 -6.75462e-06 2.04733e-05 6.82797e-05 4.34971e-05 2.14195e-06 8.16839e-05 -8.38837e-06 -1.27926e-05 -6.42923e-05 -0.000101153 -0.000125299 -6.5267e-05 0.000132268 -0.000184011 -2.03575e-05 -6.3458e-05 -0.000100719 -2.99505e-05 -0.000108837 1.22883e-05 3.05333e-05 0.000158323 1.60593e-05 3.06173e-05 6.82888e-05 0.000156779 0.000222267 1.13617e-05 1.3409e-06 5.40079e-06 9.25598e-06 3.18824e-07 5.96896e-06 4.21356e-06 -7.46033e-06 2.82133e-05 -2.01665e-05 -8.78348e-05 -0.000154842
internal_weight=2.37915e+06 822949 1.5562e+06 573128 1.21933e+06 416839 967636 831044 156289 249822 218320 136592 32882.7 175643 103710 102792 29112.3 20205.5 8406.62 1510.79 908.844 336877 336760 153471 8686.04 2406 2094.57 6280.04 991.318 144785 5288.72 1731.09 1453.27 1315.24 791.881 784.889 320.671 37827.8 2818.33 1691.32 24297.7 905.209 3557.64 31501.9 310.115 80078.2 19533 3792.39 926.315 622.53 60545.3 32654.1 251689 147393 655401 115527 95513.4 1127.01 30580.3 1988.81 913.933 510.525
internal_count=2379088 776635 1602453 543830 1268472 402942 1003384 845664 140888 232805 206145 157720 36556 188663 121164 93580 24347 17207 7015 1215 728 333981 329940 138656 7211 1938 1712 5273 795 131445 4478 1370 1161 1060 652 613 261 33117 2232 1345 21314 739 3108 26660 251 73002 17919 3178 731 469 55083 36369 265088 150150 657001 112565 94542 887 25951 1590 738 421
is_linear=0
shrinkage=0.05


Tree=23
num_leaves=63
num_cat=0
split_feature=50 53 52 10 198 49 2 203 266 51 291 46 345 357 276 51 16 108 196 52 259 36 259 202 48 198 228 198 259 207 46 171 49 134 34 1 201 279 16 51 342 173 48 53 357 0 180 8 279 290 202 207 15 45 226 348 0 15 234 211 259 211
split_gain=0.0154482 0.0095249 0.00801995 0.00597137 0.00711974 0.00847481 0.00621441 0.00727205 0.00616572 0.00553356 0.00536395 0.00524795 0.00491999 0.00592779 0.00450521 0.00399831 0.003924 0.00403317 0.00374237 0.00363451 0.00361782 0.00354985 0.00353346 0.00407127 0.0034403 0.00363858 0.00851015 0.00315868 0.00431728 0.0031015 0.00537625 0.00335083 0.00308806 0.00307579 0.00290035 0.00289723 0.00285288 0.00490609 0.00297067 0.00280212 0.0027745 0.00269942 0.00254842 0.00251415 0.00242901 0.0041068 0.00404276 0.00245819 0.00239214 0.00237894 0.00245495 0.00236403 0.00227137 0.00220876 0.00220429 0.00219212 0.00216587 0.0020889 0.00206318 0.00203993 0.00201536 0.00228162
threshold=3.5395414670347243e-05 1.0000000180025095e-35 0.00022475340665550905 0.054014740511775024 0.0078237224370241183 0.29737873375415808 0.0012673122109845283 0.0010060375207103791 0.0053126332350075254 8.4623137809103368e-05 0.9259459674358369 0.019771361723542217 0.25476711988449102 0.027806437574326996 0.55759927630424511 0.00010618682426866145 0.0060381328221410522 5.3270959854125985 0.0039909442421048888 1.0000000180025095e-35 0.061322527006268508 0.0028971342835575347 0.26289299130439764 0.0002722784120123834 0.18225571513175967 0.0078237224370241183 -1.1311399340629575 0.0020249031949788336 -0.044821485877037041 0.0025147133274003868 -0.0078624864108860475 -0.0018484821775928138 0.15228902548551562 -3.1042111004353494e-05 0.080304700881242766 -0.014542980119585989 0.00097027199808508169 0.6032208800315858 0.00068174314219504606 4.1435958337388008e-05 1.9166217446327212 0.024555863812565807 0.067846026271581664 0.00033604176132939761 -0.0070847065653651944 -0.024240909144282338 0.052030488848686225 0.026819482445716861 0.13142909109592441 0.54654055833816539 0.0011079744435846808 6.8585515691665946e-05 0.042332733049988754 0.00063333450816571723 -0.01451041456311941 -0.0016395399579778311 0.013775079976767303 0.015150103252381088 0.10466362163424493 1.6176176359294917e-05 0.043871426954865463 0.00038052997842896735
decision_type=2 2 2 2 2 2 2 2 2 2 2 2 2 2 2 2 2 2 2 2 2 8 2 2 2 2 2 2 2 2 2 2 2 2 10 2 2 2 2 2 2 2 2 2 2 2 2 2 2 2 2 2 2 8 2 2 2 2 2 2 2 2
left_child=1 16 9 6 8 -6 15 18 49 19 20 40 13 27 34 57 17 36 -8 -2 58 53 24 -24 25 -17 -27 -9 -29 35 -31 -32 -22 -16 39 -26 38 -38 -1 51 -7 -12 -21 -11 45 -25 47 -46 -36 60 -51 -3 56 -18 -33 -54 -47 -4 -10 -19 61 -5
right_child=2 14 3 4 5 11 7 12 10 43 41 -13 -14 -15 33 22 21 59 -20 42 32 -23 23 44 29 26 -28 28 -30 30 31 54 -34 -35 48 -37 37 -39 -40 -41 -42 -43 -44 -45 46 52 -48 -49 -50 50 -52 -53 55 -55 -56 -57 -58 -59 -60 -61 -62 -63
leaf_value=-5.3743840527905825e-05 1.4201132466337197e-06 -4.8473340446602321e-06 1.6381926333032688e-05 -2.1930445225375825e-05 -0.00028045405154572171 0.00014937484935464293 3.3210270149722507e-05 0.00030521081321614084 -8.0284912483695001e-05 -1.7329272244418897e-06 -1.6549004886977887e-05 -0.00030022957812333138 -0.00011545003836300021 0.00044868867957832464 -1.8933784844993652e-05 1.2844937252299245e-06 -2.4082263683273344e-05 -4.0107680540444262e-06 0.00027871202855063437 1.5192783274616824e-05 -0.00040870697256061126 3.3844479329216527e-06 1.6528582062969348e-05 0.00023290650590209968 0.00025688984052072491 0.00043775224451468396 -7.0762755006041572e-06 0.00032280630791665043 2.3977136256903829e-05 -2.8838755032173956e-05 0.00043325441056630659 3.1612808688724575e-05 -0.00013512852364298863 -8.4280086294940865e-06 -0.00013078786023613506 2.2062154567091246e-05 2.6206283940703058e-05 0.00036000586963670699 -1.2492545981698117e-05 -1.0014882188123241e-05 -5.2660500002223687e-05 0.00019857470431984005 4.9257128125632562e-06 -1.5510575120478008e-05 -5.258013051136963e-05 -1.2381382485252967e-05 0.00011391038355343479 -0.00014318961422192837 8.4418861851606457e-05 9.2431865353125077e-05 -9.2918117899593348e-05 6.9033656007622225e-06 -0.00030939577873470868 2.6398991314394979e-05 0.00026035343265697129 -4.5693902750684235e-05 -0.00020856123167189812 3.6188523541088242e-05 0.00011707406242191597 1.8646833450679839e-06 -3.9163033786778785e-05 6.8994560642701152e-05
leaf_weight=4832.1683883666992 297392.80947113037 109046.62277173996 94618.296971797943 1255.0855129957199 551.73053503036499 279.47791051864624 12023.977274894714 227.96085870265961 356.89705216884613 167827.21157836914 485.72004723548889 145.66936492919922 139.91521561145782 192.85745871067047 115038.2763671875 45269.498241901398 2336.1674127578735 229031.88624441624 155.30580139160156 112173.25412750244 111.09426259994507 92434.395812988281 5985.4330978393555 157.79072904586792 130.48490905761719 157.82254219055176 328.36868095397949 153.82068014144897 540.48252999782562 372.17744314670563 133.57899415493011 211.54501521587372 1262.9727556705475 176665.22650146484 140.48470795154572 15599.333946228027 819.58911001682281 125.23013436794281 44938.185358166695 123729.84608137608 427.03283405303955 206.22474670410156 131050.90737915039 41248.407531738281 2179.5299373865128 6119.3603329658508 278.68197631835938 1141.4874919652939 1396.0616787672043 1490.6893345117569 201.30584335327148 70454.579425692558 130.00425624847412 29645.69776058197 209.00482189655304 197.66160333156586 142.01499140262604 15491.803904533386 207.85926401615143 416163.73477172852 1862.0277972221375 1528.2376413345337
leaf_count=4892 304531 115253 87510 1067 436 209 10542 160 280 161634 442 113 113 135 112408 40533 2500 241359 116 104000 89 110891 5143 117 100 114 271 108 440 299 93 168 1051 175104 108 13830 703 108 49179 118371 343 154 131710 37838 1839 5058 215 900 1128 1166 174 68175 102 32084 157 158 115 13075 165 417279 1529 1204
internal_value=-1.26154e-09 -3.32181e-06 4.88733e-06 1.34574e-05 -2.35408e-05 -0.000128158 1.53546e-05 4.82103e-05 -7.13865e-06 2.45629e-06 -7.1455e-05 -2.91298e-05 0.000162716 0.000197762 -8.12959e-06 1.30169e-05 1.73995e-07 -1.2882e-06 3.63861e-05 5.12767e-06 -0.000114076 8.35253e-06 4.41376e-06 -1.629e-05 9.83188e-06 2.74874e-06 0.000138521 0.000144432 9.09188e-05 2.92872e-05 0.000118103 0.000216545 -0.000157809 -1.25712e-05 -3.87827e-06 2.40426e-05 -1.48646e-05 7.11164e-05 -1.64996e-05 -4.22569e-06 2.74557e-05 4.79532e-05 9.6609e-06 -4.45123e-06 -3.52749e-05 -1.75698e-05 -6.8431e-05 -8.37915e-05 6.45983e-05 1.95746e-05 7.02961e-05 -2.35135e-07 -2.36369e-05 2.27102e-05 0.000145987 -0.000151562 -1.68961e-05 1.91692e-05 -7.48989e-06 -2.20993e-07 1.07774e-06 2.80074e-05
internal_weight=2.37915e+06 1.4168e+06 962353 212660 10372 1403.91 202288 13434.3 8968.11 749693 2630.77 852.18 1255.04 1115.12 596471 188854 820327 695911 12179.3 540617 1938.82 124416 78743.8 16332 62411.8 45755.7 486.191 922.264 694.303 16656.1 926.306 554.129 1374.07 291704 304768 15729.8 50715.2 944.819 49770.4 303231 706.511 691.945 243224 209076 10346.5 6746.83 3599.7 3321.02 1536.55 6337.35 1692 179501 6589.04 31981.9 420.55 327.666 6261.38 110110 564.756 645196 4645.35 2783.32
internal_count=2379088 1449542 929546 189833 8422 1101 181411 11614 7321 739713 2181 665 956 843 590547 169797 858995 713520 10658 540241 1585 145475 69212 13647 55565 40918 385 708 548 14647 717 418 1140 287512 303035 13930 54882 811 54071 301799 552 596 235710 199472 8504 5550 2954 2739 1236 5140 1340 183428 5433 34584 325 260 5173 100585 445 658638 3800 2271
is_linear=0
shrinkage=0.05


Tree=24
num_leaves=63
num_cat=0
split_feature=219 218 219 218 53 327 219 0 291 49 45 334 354 47 19 211 48 297 134 199 259 16 19 0 0 327 278 207 204 358 259 358 48 0 200 208 357 48 0 46 48 317 322 322 49 46 15 0 317 199 289 200 32 201 195 355 201 188 0 220 199 192
split_gain=0.0143872 0.0110135 0.00982223 0.00663679 0.00530726 0.00467833 0.00428204 0.00412435 0.00402755 0.0038674 0.00487797 0.00428877 0.00390155 0.00383243 0.00373 0.00354539 0.00399927 0.00351788 0.0034283 0.003331 0.00397016 0.00310049 0.0030123 0.00300592 0.00294699 0.00353832 0.00577082 0.00307901 0.00758146 0.0058501 0.00287791 0.00452299 0.00438503 0.00393277 0.00400232 0.00368971 0.00388303 0.00431718 0.00408923 0.00506689 0.00458891 0.00401951 0.00400728 0.00359353 0.00340915 0.00386624 0.00735725 0.00576138 0.00462895 0.00359704 0.00317511 0.00312951 0.00303201 0.00298031 0.00290962 0.00287037 0.00313476 0.00283485 0.00280389 0.00278872 0.00275034 0.00271729
threshold=0.00032847271359059965 8.8987861090572564e-05 2.4388571546296592e-05 0.00054341374197974812 1.7697089788271118e-05 -0.00064639360061846663 0.0017820945358835163 -0.027349223382771012 0.99555569887161266 0.68111526966094982 0.053193120285868652 0.22787767648696902 -0.2574156373739242 0.08840974792838098 1.5642633115930952e-05 3.3104442991316325e-05 0.072243709117174162 0.0072306001093238601 -1.0000000180025095e-35 0.0014191948575899007 -0.034884233027696603 0.0045928549952805051 0.0070132487453520307 -0.011039308737963436 0.011476432438939812 0.0037852396490052347 0.6468375325202943 0.0010281886206939819 0.00024077765556285161 -0.028665497899055477 0.25806595385074621 0.058757092803716666 0.35723403096199041 -0.024240909144282338 0.0013658645912073555 0.00053576283971779059 0.19068267196416858 0.17214869707822802 0.0019254222279414537 -0.0020660787122324105 0.081607181578874602 0.027504733763635162 0.030681980773806575 0.0085191493853926676 0.51047781109809887 0.0062824892811477193 0.042332733049988754 0.0027902126312255864 0.039535889402031905 0.0014191948575899007 0.57000908255577099 0.0013658645912073555 -0.03738750331103801 0.00097027199808508169 0.003052702522836626 0.22859105467796328 0.00071864339406602095 0.056225059553980834 -0.027349223382771012 0.00062931966385804128 0.00066407813574187468 -0.0014927668380551038
decision_type=2 2 2 2 2 2 2 2 2 2 8 2 2 2 2 2 2 2 2 2 2 2 2 2 2 2 2 2 2 2 2 2 2 2 2 2 2 2 2 2 2 2 2 2 2 2 2 2 2 2 2 2 8 2 2 2 2 2 2 2 2 2
left_child=1 2 18 6 -3 -4 17 8 -6 10 30 -12 -11 59 -15 -7 23 24 -1 -14 -21 22 -18 -17 25 58 -27 -26 29 -29 31 32 44 34 -32 61 38 -38 39 51 -40 42 -42 -41 45 48 47 -47 52 -46 -48 54 -5 -33 -37 -54 -57 -43 -2 -9 -45 -35
right_child=3 4 5 9 7 15 -8 13 -10 12 11 -13 19 14 -16 16 21 -19 -20 20 -22 -23 -24 -25 27 26 -28 28 -30 -31 33 53 -34 35 -36 36 37 -39 40 43 41 57 -44 60 49 46 50 -49 -50 -51 -52 -53 55 -55 -56 56 -58 -59 -60 -61 -62 -63
leaf_value=-8.1917508939895908e-06 8.2558442793202987e-05 -1.8251935625191247e-06 1.7317809444310956e-05 0.00013076911205041548 3.1360483942890622e-05 -2.788594459523943e-06 3.4800642067466366e-05 -8.5976032315993046e-06 0.00023206788240185154 0.00010104148414821502 -0.00028874394486421318 -5.2653066891255426e-05 -1.5928959440970906e-05 -0.00031959711213142998 -3.8905740808706582e-05 3.2916652213148182e-05 1.2603550436839767e-06 -1.1533805149829078e-05 -7.376696497366841e-07 0.00031337543149547364 -5.6302521331773533e-07 1.3933651277615661e-05 -1.896922023315483e-05 9.6056270362543083e-06 3.4247240712330208e-05 -2.6824305846079039e-05 -0.00035587605580696049 9.9131320100617681e-05 3.0950446333020382e-05 0.00056258675630811239 0.00018286854900035319 -1.0004909284655691e-05 0.00018905829681593493 0.00021388913571867755 -0.00011089980863617576 -5.0787975817283992e-05 -0.00013030812770382669 0.00022301919988432922 -0.0001589387077748616 -0.00030288461002833694 3.2463274006537394e-05 -1.5406138980369718e-05 0.00030120429611569789 7.2771352215114359e-05 -2.5234869367323156e-05 0.00039162058640931886 -7.1344917801623574e-05 9.8148411494029426e-05 -0.00011237043596421099 -0.00024144133514786279 9.7963179930997087e-05 -0.00016036893480943405 8.8913355222110211e-06 -6.9189775054886513e-05 0.00018336931901708796 1.1724513860666456e-05 0.00022858909234756112 -0.00018801865209036866 1.3240166251526098e-05 -2.1655272498930371e-05 -0.00017168010127936837 -4.7746834595986096e-06
leaf_weight=213105.42628479004 1469.4202041625977 300614.95892333984 74229.657104492188 565.39977669715881 1691.2570599317551 145156.39478683472 23543.973876953125 304037.61198616028 291.49153625965118 1638.4429750442505 271.06643569469452 655.00480759143829 2580.4922971725464 117.90480601787567 9444.3199177980423 14892.104038238525 177143.7723493576 14421.895965576172 558528.28752207756 177.9738997220993 228.63642132282257 43281.103942513466 20533.200627684593 193493.11212158203 5120.3886184692383 2526.6658495664597 138.69622623920441 126.28575217723846 551.81316375732422 148.40903389453888 420.75739097595215 10387.281875014305 353.84527587890625 143.78549265861511 158.2166748046875 2940.1614646911621 128.88921248912811 254.16505587100983 481.89717590808868 404.16286265850067 1560.4675258398056 858.04636096954346 150.33532917499542 152.6896071434021 2155.1377608776093 277.35384929180145 586.15047073364258 421.42824745178223 717.27662324905396 209.31265258789062 521.30582809448242 656.92512512207031 15745.062338471413 2673.1002807617188 136.99582672119141 351.41241788864136 315.30172395706177 327.31108856201172 171658.44374084473 47243.014608383179 453.4119873046875 5582.1530393362045
leaf_count=225190 1208 303910 68767 477 1474 150678 19991 289328 204 1290 214 581 2192 94 8073 13278 180037 13027 597692 125 173 47626 21477 181732 4273 2023 107 103 459 106 306 9393 265 113 126 2422 101 192 393 329 1254 699 107 123 1845 199 459 331 624 168 403 525 13341 2203 105 286 231 267 157074 44199 389 4707
internal_value=-1.12658e-09 -1.40778e-06 1.04747e-06 1.07464e-05 -6.73823e-06 5.48272e-06 1.46528e-05 -1.08088e-05 6.10714e-05 -4.67867e-06 -8.64841e-06 -0.000122232 3.9089e-05 -1.12041e-05 -4.24328e-05 4.00493e-06 6.19953e-06 1.22343e-05 -2.79631e-06 5.06277e-06 0.00013771 1.81284e-06 -8.41112e-07 1.12718e-05 1.41205e-05 1.29491e-05 -4.4201e-05 4.87323e-05 0.000138171 0.000351778 -6.54366e-06 1.22191e-06 1.49473e-05 -2.50395e-05 0.000102485 -3.02412e-05 -5.11263e-05 0.000104073 -5.84693e-05 -8.83961e-05 -1.64109e-05 7.39788e-06 5.64028e-05 -0.000187647 1.21126e-05 1.89883e-05 8.86292e-05 0.000215416 1.18702e-05 -4.45624e-05 8.38533e-06 -6.14574e-05 1.71319e-05 -2.21272e-05 -4.02509e-05 1.32016e-05 0.000114661 -6.33058e-05 1.38295e-05 -1.03538e-05 -0.000110061 7.89005e-07
internal_weight=2.37915e+06 2.1038e+06 1.44036e+06 275347 663441 668729 219706 362826 1982.75 55641.4 51015.8 926.071 4625.55 360843 9562.22 594500 449343 196162 771634 2987.1 406.61 240958 197677 208385 181740 175793 2665.36 5946.9 826.508 274.695 50089.7 35279.4 22219 14810.4 578.974 14231.4 8505.46 383.054 8122.4 4744.35 3378.06 2896.16 1710.8 1010.26 21865.1 19500.7 1806.24 698.782 17694.5 2364.45 1107.46 3734.08 16977.2 13060.4 3077.16 16411.8 666.714 1185.36 173128 351281 606.102 5725.94
internal_count=2379088 2133759 1486477 245329 647282 663595 198371 343372 1678 46958 43178 795 3780 341694 8167 594828 444150 178380 822882 2490 298 249140 201514 195010 165353 160412 2130 4941 668 209 42383 30225 18629 12158 432 11726 6906 293 6613 3893 2720 2327 1361 841 18364 16351 1392 530 14959 2013 862 3052 14335 11596 2527 13858 517 966 158282 333527 512 4820
is_linear=0
shrinkage=0.05


Tree=25
num_leaves=63
num_cat=0
split_feature=276 344 34 53 34 207 109 348 191 1 198 293 51 344 11 198 23 49 278 236 196 177 176 9 207 296 48 178 53 329 201 51 339 322 201 113 331 45 292 20 355 278 270 292 205 339 23 44 322 264 327 355 77 49 305 348 171 197 201 193 45 1
split_gain=0.0144652 0.0104841 0.00760263 0.00708036 0.00598872 0.00609802 0.00778866 0.0057721 0.0075577 0.00504608 0.00542548 0.00476135 0.00427846 0.00385642 0.0037257 0.00588081 0.00369342 0.00350378 0.00639074 0.00369461 0.00420155 0.00333081 0.00326027 0.00324803 0.00318237 0.00311752 0.00293225 0.00324662 0.00289896 0.00281815 0.00349319 0.00271246 0.00268899 0.00267875 0.00433261 0.00685861 0.00402495 0.00367783 0.00337687 0.00543171 0.00324666 0.00414543 0.00258285 0.00254104 0.00253905 0.00338139 0.0034346 0.00308414 0.00250875 0.00261178 0.00243353 0.00242713 0.00242666 0.00419887 0.00324021 0.00241775 0.00234536 0.00259631 0.00294489 0.00290126 0.00262116 0.00234493
threshold=0.17000202834606173 -0.018119830638170239 0.080304700881242766 0.00053251700592227291 0.0035765881184488539 4.8811212764121599e-05 14.800237178802492 0.11534687504172327 -0.0085956365801393968 0.055030301213264472 0.0045060960110276946 0.00023704297927906739 3.9143818867160014e-05 0.087853122502565398 0.052829595282673843 0.0078237224370241183 0.020504353567957882 0.071018379181623473 0.49000182747840887 -0.79309400916099537 0.0018198359175585212 0.072669308632612242 0.073052436113357558 0.042169507592916496 0.000113571291876724 0.016706410795450214 0.059463623911142356 0.030942257493734363 1.0000000180025095e-35 0.14861067384481433 0.0011068888125009837 0.00079795875353738676 0.82209953665733349 0.036382120102643974 0.0013045689556747677 -0.010368267539888619 0.26807680726051336 0.017319847829639915 0.3686379343271256 0.0040562602225691089 0.040666984394192703 0.55860605835914623 0.015685592778027061 2.1300377845764165 0.00025870371609926229 1.1022448539733889 0.00099816365400329254 0.004407738335430623 0.009181431960314514 0.02900799456983805 -0.0029370647389441724 0.19445463269948962 0.050557540729641921 0.053906349465250976 0.036135612055659301 0.22468570619821551 -0.01957337278872728 0.002725745784118772 0.0006228238344192506 -0.0034405650803819294 0.035456631332635886 -0.0037380548892542716
decision_type=2 2 10 2 10 2 8 2 2 2 2 2 2 2 2 2 2 2 2 2 2 2 2 2 2 2 2 2 2 2 2 2 2 2 2 2 2 8 2 2 2 2 2 2 2 2 2 10 2 2 2 2 2 2 2 2 2 2 2 2 10 2
left_child=2 7 4 11 9 -6 42 12 -9 -1 -11 28 24 29 22 26 17 18 19 -10 32 -18 31 -24 -2 -13 -16 -28 -3 30 55 -5 -21 34 -14 -36 40 38 39 -38 -37 -42 44 -22 61 47 -47 -46 -4 -50 -48 -32 54 -54 -15 -8 -19 58 60 -59 -58 -7
right_child=1 3 48 14 5 6 13 8 16 10 -12 25 33 52 15 -17 21 56 -20 20 43 -23 23 -25 -26 -27 27 -29 -30 -31 51 -33 -34 -35 35 36 37 -39 -40 -41 41 -43 -44 -45 45 46 50 -49 49 -51 -52 -53 53 -55 -56 -57 57 59 -60 -61 -62 -63
leaf_value=1.8759768591527104e-06 6.2412407981135759e-07 -3.6320969864015074e-06 0.0001278505336837456 -1.4298926614383462e-05 1.7828006054786315e-06 0.00019607957985640599 1.6249995333506116e-05 0.00040350849049195403 -1.4154162264505354e-05 -6.5008133201673336e-05 -0.00042909368870963486 2.0912045951377934e-06 -4.7327321720280459e-06 -2.2022849950252496e-06 -0.00027969306256714913 -0.00020041569431648653 7.4455783328052289e-05 6.9073137352335581e-05 1.0509571315358208e-06 2.3857350988138278e-05 0.00017988805974709096 0.00035246580514973914 1.8840976780315658e-05 0.00023370207625918855 9.8533665107164351e-06 -3.6576477140665543e-05 -8.2552770728851531e-06 -0.00015938606039944119 -1.0222504830769164e-05 6.6470685860060813e-06 7.9669561551139518e-05 -3.9702250058662145e-05 0.00010140953912353788 -4.120053718655604e-05 -0.00013266432344115827 -1.9962656263201554e-05 0.00011945842230434966 2.4633164983371036e-05 0.00011068393261196293 0.00047391642959493255 -3.4980864921091305e-05 0.00030089465864432399 -2.6274181676613057e-05 -2.7557911246063724e-05 7.5191077360303824e-05 1.05247169982655e-06 0.00036845459742606418 2.92213351866763e-05 -7.6509739598453765e-05 0.0001186015445636831 0.00014021480224029955 0.00027541091999185925 -0.00032033186937971354 -3.7894158855134579e-05 0.0001971272270438891 4.9581478910787992e-05 6.9221539130134657e-06 0.0002145610686862151 3.495850828128059e-05 -2.7462899054706119e-05 -9.0028843697408486e-05 2.4757865822914002e-05
leaf_weight=270194.61348485947 308506.80843496323 372994.87686157227 1722.5860109329224 58122.882044196129 98237.107769012451 198.59295690059662 24610.550919890404 121.63926684856415 1144.6817698478699 1220.8209848403931 109.83073711395264 260685.29121398926 250344.11215209961 36186.53856086731 119.68695104122162 689.70758056640625 668.52620315551758 1547.223268032074 7076.7490243911743 2418.0877455472946 1319.5112030506134 126.88729858398438 643.84012758731842 240.21590268611908 133957.79309082031 5316.9365234375 2561.5974212884903 410.64378929138184 301938.36445617676 38979.861458897591 825.56169033050537 12826.62155687809 2079.1484768390656 4922.460693359375 437.80304777622223 1148.6199243068695 218.29766750335693 486.53882598876953 559.58008873462677 215.62984979152679 166.07118964195251 202.55477368831635 1978.312744140625 165.62865674495697 4887.9894208908081 417.26699912548065 134.89702606201172 14395.347653865814 365.08833599090576 319.98434448242188 848.81927406787872 194.94899082183838 140.47140347957611 1736.3752456903458 203.03304672241211 6984.0870842933655 74795.49520611763 124.21784901618958 9947.202868938446 6581.459174156189 701.72110259532928 48994.682701230049
leaf_count=273105 316622 393756 1378 55002 108417 177 22918 104 1001 1114 84 261329 239991 33265 98 540 652 1311 6319 2201 1006 88 526 175 126595 5093 2199 338 299346 36348 650 11380 1674 4296 357 937 170 382 424 156 150 157 1866 128 4414 347 94 14304 285 245 694 138 108 1506 157 6231 71898 98 8176 5566 686 51522
internal_value=-2.72437e-09 -2.14908e-06 7.07523e-06 -5.53047e-06 6.68799e-06 1.18193e-05 1.7245e-05 2.09465e-06 1.28087e-05 1.39729e-06 -9.56583e-05 -4.34752e-06 4.3184e-07 8.87311e-06 -2.02503e-05 -6.86104e-05 1.23641e-05 1.15715e-05 3.47111e-05 6.81239e-05 8.38667e-05 0.000119578 -1.77026e-05 7.76188e-05 3.41834e-06 1.31803e-06 -3.90985e-05 -2.92286e-05 -6.58041e-06 1.57216e-05 2.6566e-05 -1.88925e-05 5.97402e-05 -4.67605e-06 -3.96727e-06 5.17883e-05 7.88011e-05 0.000137409 0.000192477 0.000296964 2.15243e-05 0.000150206 3.00444e-05 0.000156747 3.16395e-05 4.63385e-05 0.000121298 4.08805e-05 9.56946e-05 1.4703e-05 0.000172197 0.000117528 -3.94038e-06 -5.93515e-05 -1.07937e-06 2.36207e-05 8.06307e-06 7.03722e-06 9.3885e-06 -2.29169e-05 6.01867e-06 2.54574e-05
internal_weight=2.38042e+06 1.82654e+06 553887 1.01655e+06 551480 279954 181717 809984 108818 271525 1330.65 940935 701166 109861 75615.2 3781.64 108697 107901 14203.8 7127.06 5982.38 795.414 71833.6 884.056 442465 266002 3091.93 2972.24 674933 71595 32615.1 70949.5 4497.24 258702 253779 3435.1 2997.29 1480.05 993.508 433.928 1517.25 368.626 71855.9 1485.14 69877.6 20684.3 1400.98 19283.3 2407.66 685.073 983.716 1020.51 38266.4 1876.85 36389.6 31594.6 93697.3 92150.1 85444.4 6705.68 75497.2 49193.3
internal_count=2380294 1820927 559367 1029782 557459 283156 174739 791145 100908 274303 1198 959524 690237 101321 70258 3175 100804 100064 12329 6010 5009 740 67083 701 443217 266422 2635 2537 693102 66285 29937 66382 3875 247020 242724 2733 2376 1132 750 326 1244 307 73418 1134 71552 19853 1135 18718 1908 530 788 788 35036 1614 33422 29149 87735 86424 80760 5664 72584 51699
is_linear=0
shrinkage=0.05


Tree=26
num_leaves=63
num_cat=0
split_feature=52 56 276 218 293 36 207 211 48 2 12 198 49 292 317 2 198 13 357 35 354 48 46 0 201 267 108 59 23 330 278 207 0 292 358 31 320 301 26 202 343 43 358 214 109 47 203 201 322 292 30 343 197 334 170 201 48 35 315 48 205 193
split_gain=0.0133343 0.00920831 0.00665144 0.00588926 0.00360508 0.00349673 0.00342548 0.00310533 0.00351495 0.0029282 0.00287918 0.00487682 0.00502562 0.00420869 0.00485737 0.00409443 0.00454367 0.00575065 0.00390951 0.00356854 0.00353367 0.00338622 0.00312393 0.00288562 0.00267553 0.00458442 0.0026833 0.00263601 0.00253985 0.00276062 0.00250733 0.00249084 0.00248688 0.00262648 0.00288726 0.0024433 0.00242117 0.00241348 0.00258236 0.00304832 0.00241034 0.00234832 0.00334445 0.00275751 0.00232429 0.00296415 0.00285793 0.00315186 0.00271016 0.00228407 0.00349579 0.00206213 0.00203352 0.00299193 0.00294309 0.00247542 0.00198184 0.00246043 0.00197033 0.00196033 0.00195677 0.00192482
threshold=3.5395400118432015e-05 1.0000000180025095e-35 0.69636335968971264 0.00022522847575601193 1.2252042844300888e-19 0.0053965398110449323 0.00016276479436783123 0.0010652062483131888 0.073537968099117293 0.0036960543366149072 0.048142015933990485 0.0078237224370241183 0.30415411293506628 0.93770268559455883 0.022388666868209842 0.0036960543366149072 0.0078237224370241183 0.036601061001420028 0.013284811284393074 0.061011949554085738 0.047560924664139755 0.35723403096199041 0.019771361723542217 0.011476432438939812 0.002236723899841309 -0.00018571034888736901 67.107048034667983 1.0000000180025095e-35 0.0092790923081338423 0.56542357802391063 0.7897557020187379 8.6115654994500815e-05 -0.0090043609961867315 1.7038578391075136 -0.03200185485184192 0.059920933097600944 0.00032001947693061089 -0.0089255343191325647 0.043808627873659141 0.0011079744435846808 0.22160867601633075 0.00097832630854100011 -0.7854022979736327 8.1748497905209674e-05 88.938079833984389 0.070901084691286101 0.00028288476460147654 0.00086790331988595437 -0.027440267615020272 1.9978086948394778 0.044980410486459739 0.057852705940604217 0.0019956326577812438 0.58386003971099865 0.0085221352055668848 0.0016375887207686903 0.18225571513175967 0.061011949554085738 -0.0050074285827577105 0.2346194609999657 2.139127172995359e-05 0.055171484127640731
decision_type=2 2 2 2 2 8 2 2 2 2 2 2 2 2 2 2 2 2 2 10 2 2 2 2 2 2 2 2 2 2 2 2 2 2 2 8 2 2 10 2 2 8 2 2 10 2 2 2 2 2 10 2 2 2 2 2 2 10 2 2 2 2
left_child=2 3 4 6 24 27 -2 8 31 51 15 13 18 14 40 21 -17 -18 -13 -15 36 37 61 32 26 -26 -1 60 29 35 -28 -3 -21 -34 -35 -23 -16 38 -5 -40 -12 42 -7 -43 45 -33 47 48 -47 -39 -51 -8 55 54 56 -9 57 -54 -52 -41 -4 -14
right_child=1 7 5 10 -6 41 9 52 -10 -11 11 12 22 19 20 16 17 -19 -20 23 -22 28 -24 -25 25 -27 30 -29 -30 -31 -32 44 33 34 -36 -37 -38 49 39 59 -42 43 -44 -45 -46 46 -48 -49 -50 50 58 -53 53 -55 -56 -57 -58 -59 -60 -61 -62 -63
leaf_value=-5.5685444601300804e-07 1.4730587007250704e-06 8.7908775589561724e-06 -1.1594346872957433e-05 8.9827915610115764e-06 2.7309740313401423e-06 0.00027298478250187811 1.4300625292592792e-05 3.4648689189100806e-05 5.6242444598668856e-06 5.018328046094752e-05 9.291050862419313e-07 -0.00025669292192320384 -8.3506526353773782e-05 -4.6557415750601441e-05 1.97412196402557e-05 2.7939448920995509e-05 0.00046146402072252371 3.2483368369288497e-05 3.4389240420274806e-05 0.00018031665275972249 -3.9729695895347166e-07 0.00013900652160664175 -0.00023132409877305436 0.00023783099771645437 -0.00040779231062353121 -4.2294148494403712e-06 -2.6846826958795509e-06 -1.3321073201111239e-05 -2.2860004527524233e-06 -2.7609946840833602e-05 -1.4564832100331399e-05 1.4794956961908038e-05 -7.8288447744257787e-05 -0.00010420727086653318 0.00018487595177368941 0.00039993288710228018 -0.00018388416739643237 -6.3434057679947144e-06 2.259597048721207e-05 0.00034601067507498843 -7.0370997008596496e-05 -9.550684423620072e-06 1.3147540018696286e-05 -2.6616395295749476e-05 4.3639015351489401e-05 0.00026685775505489037 -3.6774962817879851e-05 0.00024330435993961502 4.9534143416263352e-05 -2.5013409721790267e-05 -0.00033364229804544834 1.6562244366621217e-06 5.6984028988442154e-06 8.0253222529117982e-05 -5.1045920217393222e-05 0.00010015491471709805 6.5469135718980575e-05 -0.00021830705192013049 -0.0001012297079220068 0.00011821207273441783 -1.7615596168313419e-06 7.289765658443842e-05
leaf_weight=343488.71251451969 260581.13445436954 42919.832319617271 60953.03815639019 7383.8421807289124 492717.763671875 125.78146207332611 90017.750390052795 12929.918502807617 122643.80978393555 4628.6752471923828 5783.0219295024872 621.26079428195953 331.41854548454285 677.52475678920746 169.85526823997498 4582.7605590820312 139.11838340759277 175.74538612365723 141.01446211338043 298.46377789974213 536.98963117599487 316.3439667224884 160.652587890625 274.75067329406738 108.86786949634552 192.78075110912323 97310.86162173748 82980.507799267769 495.20088768005371 159.47284579277039 81701.255950927734 43310.877943396568 404.62835121154785 120.62731754779816 292.92387723922729 125.55291748046875 1021.0123584270477 130613.50023698807 633.44378471374512 142.10279369354248 1488.9001787900925 52441.089241504669 4027.1407562494278 43148.590651988983 12581.278280854225 145.4011744260788 823.5141282081604 229.94542694091797 5545.3796449899673 8875.8591411113739 126.1400021314621 50241.868124961853 2922.2888845205307 1293.5669928789139 2145.6112661361694 1622.2596435546875 1566.6708970069885 125.94797325134277 327.00970590114594 284.74595355987549 297768.66516494751 477.81217956542969
leaf_count=360049 261292 41475 65484 6657 509938 115 83147 11026 118892 4061 4737 482 261 608 142 4011 98 136 108 211 447 247 125 196 83 201 97767 82096 418 131 80035 38381 339 101 214 89 814 118509 537 107 1238 62305 4064 45536 10418 106 668 176 4679 7794 96 45139 2402 1057 1719 1271 1224 100 279 217 295663 376
internal_value=-2.48803e-09 5.14324e-06 -2.72399e-06 1.64406e-06 -3.37711e-07 -7.19963e-06 4.89995e-06 1.31326e-05 1.13813e-05 1.10631e-05 -6.25249e-06 -2.90377e-05 -0.000107003 -1.68197e-05 -3.16025e-05 -4.36285e-06 4.06134e-05 0.000223739 -0.000202896 4.74538e-05 -0.000106909 -5.83696e-06 -3.1373e-05 9.32327e-05 -3.22981e-06 -0.000151606 -3.14357e-06 -5.29017e-06 8.16239e-05 0.000150498 -8.10689e-06 1.80701e-05 5.72926e-05 1.20844e-05 0.000100459 0.00021461 -0.000154856 -6.48439e-06 1.94719e-05 9.23629e-05 -1.36847e-05 -1.56552e-05 2.1145e-05 -1.72544e-05 2.4428e-05 1.95978e-05 5.04273e-05 6.25646e-05 5.51786e-05 -8.05084e-06 -3.19498e-05 9.77141e-06 3.08086e-05 1.06476e-05 -2.69063e-06 4.1964e-05 1.98036e-05 -3.69419e-06 -0.000167107 0.000195309 -3.43238e-06 8.79473e-06
internal_weight=2.38042e+06 823457 1.55697e+06 572651 1.01552e+06 541445 405469 250806 228200 144888 167182 12800.9 1732.16 11068.7 8999.78 154381 4897.62 314.864 762.275 2068.92 1727.86 149483 969.883 1391.39 522802 301.649 522501 441702 1096.57 601.37 179012 105556 1116.64 818.18 413.551 441.897 1190.87 148387 8444.13 1060.29 7271.92 99742.6 4152.92 95589.7 62636.4 50055.1 6744.24 5920.73 5690.78 139943 9329.01 140260 22606.3 8054.09 6760.52 14552.2 4614.91 3048.24 453.15 426.849 358722 809.231
internal_count=2380294 776958 1603336 543364 1048073 555263 393639 233594 214795 132347 149725 10399 1352 9047 7378 139326 4245 234 590 1669 1403 135081 762 1061 538135 284 537851 443243 885 467 177802 95903 865 654 315 336 956 134196 7518 861 5975 112020 4179 107841 54428 44010 5629 4961 4785 126678 8169 128286 18799 6502 5445 12297 3726 2502 375 324 361147 637
is_linear=0
shrinkage=0.05


Tree=27
num_leaves=63
num_cat=0
split_feature=217 52 48 35 134 269 52 327 333 211 172 220 161 292 203 201 200 31 0 200 346 334 292 0 327 175 0 315 343 34 3 0 316 2 113 348 0 1 344 346 315 292 51 41 21 52 14 220 344 174 35 0 318 0 48 198 9 344 48 198 256 354
split_gain=0.0130373 0.00671071 0.00730038 0.00672464 0.00567323 0.00563066 0.00442546 0.00421739 0.00575268 0.00459218 0.00445025 0.00380372 0.00375842 0.00359514 0.00567444 0.00378069 0.00703771 0.00626276 0.0037873 0.00344493 0.00495065 0.00333128 0.0037141 0.00523596 0.0058248 0.00367305 0.00367071 0.00321648 0.00306957 0.00291122 0.0029044 0.00298024 0.00323909 0.00288097 0.00390626 0.00411709 0.00475928 0.0068321 0.00377218 0.00306787 0.00316516 0.00296356 0.00285989 0.00280273 0.00321362 0.00276752 0.00268151 0.00264395 0.0026194 0.00461859 0.00307515 0.00283937 0.00259392 0.00622139 0.00353885 0.00462924 0.00277372 0.00256232 0.00254543 0.0025372 0.00264696 0.00252251
threshold=6.0264861531322829e-05 0.0011831264710053804 0.062939446419477477 0.067573778331279769 -1.0000000180025095e-35 0.0046056034043431291 3.5395414670347243e-05 0.0037852396490052347 0.30249610543251043 0.00042191499960608786 0.00032815657323226338 0.00022139304201118651 -0.0031556051690131422 -0.059040069580078118 0.00038336681609507656 0.00086790331988595437 0.0003270496526965872 0.032799396663904197 -0.010525819845497606 0.0010667272144928577 0.16598919034004214 0.46461102366447454 -0.34772656857967371 -1.0000000180025095e-35 0.001328586367890239 0.018041215837001804 -0.0022935698507353659 0.022420332767069343 0.61035704612731945 0.030771944671869281 -0.0055710191372781983 -0.0037926838267594572 0.0089595406316220778 -1.0000000180025095e-35 0.034721260890364654 0.17075163871049884 0.010752884205430748 0.047714740037918098 0.045172033831477172 -0.48744194209575648 -0.024285995401442047 0.63769879937171947 3.849615131912288e-05 0.0028430137317627673 0.011652136221528055 3.4230276924063223e-06 0.0054357249755412349 6.2591632740804939e-05 -0.14351653307676313 0.020086397416889671 -0.03825769014656543 0.0028657657094299798 0.0065200948156416425 0.00052705779671669017 0.045592829585075385 0.0041126257274299869 0.017205014824867252 -0.011381363961845635 0.13058254867792132 0.0078237224370241183 5.5513989849487195e-08 -0.08602516725659369
decision_type=2 2 2 10 2 2 2 2 2 2 2 2 2 2 2 2 2 10 2 2 2 2 2 2 2 2 2 2 2 10 2 2 2 2 2 2 2 2 2 2 2 2 2 10 2 2 2 2 2 2 8 2 2 2 2 2 2 2 2 2 2 2
left_child=4 2 3 6 47 -5 -2 9 10 11 -9 -4 -13 21 15 18 17 -17 -15 33 27 22 30 24 -24 -25 -26 48 -10 -28 -8 32 -32 -11 35 39 38 -38 -37 -35 -41 -40 45 -22 -45 -6 -29 -1 49 -21 -50 61 -20 -54 -55 56 -56 -16 -12 60 -36 -52
right_child=1 -3 7 5 42 -7 13 8 28 19 58 12 -14 14 57 16 -18 -19 52 20 43 -23 23 25 26 -27 29 46 -30 -31 31 -33 -34 34 59 36 37 -39 41 40 -42 -43 -44 44 -46 -47 -48 -49 50 -51 51 -53 53 54 55 -57 -58 -59 -60 -61 -62 -63
leaf_value=-4.2881218791280764e-06 4.6381215641832001e-06 2.0286812035249594e-05 7.926889321784019e-07 -6.9391923199907526e-05 -1.6036956112666329e-06 -0.00045000232714794189 0.00024253416154818887 -0.00038675892785747023 1.7005124029682521e-05 7.3751170297680172e-06 -0.00019461758954597498 1.1851492904144828e-05 -1.183876544916751e-05 4.2609774440722791e-05 -7.7118365811344038e-06 0.00011745506614153504 -8.8270026778051351e-06 0.00053791259316688289 7.3853189586087598e-06 4.8338047711972614e-05 -0.00016019948311257596 1.2021072315239692e-05 8.8118677498789369e-05 5.0108892672697956e-05 9.1335356910517761e-05 -0.00022645010437891534 0.00044430951965307382 -0.00028420620200432853 -0.00017192983683553438 0.00016430873258777576 -1.1611984581846752e-05 3.6360379832818976e-05 -0.0002319169644364016 0.00010833183645931222 -2.8159526504463383e-06 2.0217270183195224e-05 0.0004125440521078696 6.055429478491019e-05 7.3225378790985602e-05 0.00011584682253311 1.4684082478393234e-06 0.00021738650490760772 -5.6596249352856944e-06 2.6525766798229927e-05 -0.00017346260754954546 5.618777483370344e-06 -4.5622303944269748e-05 -1.2268796301884974e-05 0.00023514611924350186 0.00036033670631462598 -0.0001169372291752659 6.1257220951756728e-05 -2.395962627433434e-06 3.0828189152571634e-05 3.83584966890184e-05 0.00034649527421021497 0.00015035184473177431 -8.7716652484943108e-05 -5.2257779855536083e-05 0.00014845519557337022 -0.00013728325197911174 2.0772704862133438e-06
leaf_weight=208870.95715332031 210218.44152104855 59567.85009765625 413878.14541244507 340.1888632774353 413943.44499349594 134.56619119644165 154.44926595687866 145.51917886734009 2133.5161848068237 113876.82314836979 461.60383725166321 19345.016723632812 124350.40298080444 10001.093280673027 2070.3217573165894 230.26233661174774 473.93871998786926 143.48359096050262 83965.019113540649 843.78270423412323 888.21789216995239 12321.070434570312 1683.6770331859589 3594.4316558837891 204.15203833580017 122.2511932849884 279.27509963512421 131.29957318305969 237.04154491424561 143.62663972377777 1338.964213848114 9084.7755048274994 188.63660168647766 940.47327256202698 5042.7425240278244 2124.7958173751831 251.24295604228973 304.36640632152557 1062.2682726383209 666.03096222877502 6395.8906865119934 537.29741990566254 247901.79531860352 641.20304000377655 290.23452353477478 195169.47045135498 1022.9739310741425 206269.90991210938 127.66473007202148 136.20153665542603 784.29374265670776 846.95995652675629 5335.1571425199509 2193.9247101545334 1050.2335904836655 202.2386646270752 1169.6940923929214 1936.0143175125122 980.17472290992737 254.13504028320312 392.62533485889435 1026.2225691080093
leaf_count=218288 201682 51082 427879 283 441172 106 110 112 1696 107228 371 17723 118751 8456 1747 186 394 103 75630 648 712 11358 1391 3017 169 93 194 104 197 105 1184 7742 160 764 4830 1789 171 260 894 549 5588 399 247688 517 244 199768 825 202102 101 94 643 683 4687 1867 898 154 880 1643 784 193 340 866
internal_value=-2.31272e-09 3.96216e-06 3.03485e-06 8.94707e-06 -3.45605e-06 -0.000178709 9.20403e-06 9.12215e-08 -5.13629e-05 3.83898e-07 -0.000124965 -1.64069e-06 -8.64934e-06 1.61649e-05 1.19875e-05 1.4221e-05 0.000119264 0.000280876 1.33619e-05 8.52924e-06 -2.63345e-05 3.17695e-05 4.62547e-05 7.76769e-05 0.000136752 4.08953e-05 0.000266638 -2.60027e-07 -2.01624e-06 0.000350436 2.86531e-05 2.54952e-05 -3.90841e-05 1.03116e-05 2.89152e-05 4.47785e-05 8.43516e-05 0.000220631 6.39137e-05 2.35975e-05 1.22855e-05 0.00012186 -1.13214e-06 -9.67487e-05 -3.60285e-05 7.10511e-07 -7.32061e-05 -8.2535e-06 2.213e-05 9.23463e-05 -2.62492e-06 -1.42157e-05 1.02464e-05 3.43812e-05 7.687e-05 0.000118513 9.74507e-05 -4.63977e-05 -9.80426e-05 -5.33368e-06 -1.25762e-05 -4.95505e-05
internal_weight=2.38042e+06 1.10827e+06 1.0487e+06 348580 1.27216e+06 474.755 348105 700119 3957.86 696161 1587.3 557574 143695 137887 108771 104765 847.685 373.746 103917 138588 6739.05 29115.3 16794.2 6027.41 2310.73 3716.68 627.054 4919.4 2370.56 422.902 10766.8 10612.4 1527.6 131849 17971.9 12282.4 4279.97 555.609 3724.36 8002.39 7061.92 1599.57 857015 1819.66 931.438 609113 1154.27 415141 3765.13 979.984 2785.14 2657.48 93916.3 9951.25 4616.09 2422.17 2219.93 4006.34 1441.78 5689.5 5435.37 1810.52
internal_count=2380294 1071276 1020194 324239 1309018 389 323850 695955 3160 692795 1267 564353 136474 122168 96645 93255 683 289 92572 128442 5437 25523 14165 4969 1859 3110 468 3964 1893 299 9196 9086 1344 123005 15777 10414 3513 431 3082 6901 6137 1293 888628 1473 761 640940 929 420390 3035 742 2293 2192 84116 8486 3799 1932 1778 3390 1155 5363 5170 1509
is_linear=0
shrinkage=0.05


Tree=28
num_leaves=63
num_cat=0
split_feature=276 344 16 53 219 14 174 36 217 16 16 1 18 265 201 0 224 32 16 109 24 349 16 217 12 198 36 355 337 167 0 269 259 356 165 44 46 113 2 190 174 12 346 334 223 217 270 46 267 51 178 34 343 263 109 1 327 2 201 0 201 320
split_gain=0.0123825 0.00930852 0.00721556 0.00613766 0.00523101 0.00457298 0.00481842 0.00437584 0.00532802 0.00500042 0.00463139 0.00451353 0.00444471 0.00425935 0.00423042 0.00415878 0.00412308 0.00409786 0.00352623 0.00656553 0.00512376 0.00437284 0.00409829 0.00353306 0.00335035 0.00648032 0.00330624 0.00324712 0.00399085 0.00339034 0.00380745 0.00323438 0.00310185 0.0033192 0.00342209 0.00294308 0.00511207 0.00469683 0.00431635 0.00292032 0.00288194 0.0048089 0.00290273 0.00287907 0.00334796 0.00282177 0.00277803 0.00938957 0.00272517 0.00268687 0.00264981 0.00262013 0.00258507 0.00257154 0.00257086 0.00457835 0.00291876 0.00308025 0.00288309 0.00253187 0.00252022 0.00251115
threshold=0.14671593904495242 -0.018119830638170239 0.0050246531609445819 0.00049501153989695023 0.00065122166415676485 0.015515856910496952 0.034135278314352042 0.0049883262254297742 0.00021553703845711428 0.002307801973074675 0.00087408180115744482 0.058548554778099067 0.0026519906241446738 -0.0043018937576562158 4.7573030315106741e-05 -0.010525819845497606 2.6096313554546672e-08 0.064439397305250182 0.0036976659903302793 6.0153276920318612 1.7697700059216007e-05 -0.65042808651924122 0.0012329655583016577 4.9312160626868724e-05 0.051978750154376037 0.0078237224370241183 0.028810941614210609 -0.043915187940001481 -0.0011052089976146815 0.030049818567931656 -0.014838677830994127 0.0042062625288963327 -0.0035563044948503371 -0.015487768687307833 -0.012270385865122078 0.00037039564631413674 0.026137666776776317 -0.095923587679862962 -0.024346167221665379 -0.014739742502570151 0.058944584801793105 0.037447184324264533 -0.37868054211139673 0.35836388170719152 0.12162183597683908 3.2966294384095825e-05 -0.0092240991070866567 -0.01479739462956786 -0.0030097503913566466 0.00079795875353738676 0.030942257493734363 0.071415506303310408 -0.36872209608554835 -0.0003542986669344827 111.28650283813478 -0.014542980119585989 -0.0015156174194999037 -0.0088167521171271784 0.00066717615118250262 -0.010033178608864544 0.0016375887207686903 0.0049222439993172893
decision_type=2 2 2 2 2 2 2 10 2 2 2 2 2 2 2 2 2 8 2 8 2 2 2 2 2 2 10 2 2 2 2 2 2 2 2 10 2 2 2 2 2 2 2 2 2 2 2 2 2 2 2 8 2 2 10 2 2 2 2 2 2 2
left_child=2 4 5 7 17 15 27 8 10 12 11 45 26 -8 -4 31 53 18 19 21 -20 -2 -23 52 40 50 -9 28 46 30 -29 -1 -13 34 -34 37 -37 38 -16 60 49 -42 -43 51 -45 -3 47 -7 -46 -5 -26 -19 -21 -11 56 -56 57 -25 -59 -35 -17 -15
right_child=1 3 14 24 -6 6 13 9 -10 16 -12 32 -14 61 35 39 -18 43 20 23 -22 22 -24 54 25 -27 -28 29 -30 -31 -32 -33 33 59 -36 36 -38 -39 -40 -41 41 42 -44 44 48 -47 -48 -49 -50 -51 -52 -53 -54 -55 55 -57 -58 58 -60 -61 -62 -63
leaf_value=2.4059815140824381e-05 -0.00030652740571860673 -9.3988060848998507e-06 1.3711028540524845e-07 -1.2606947154681028e-05 1.803688515978485e-05 0.00049615054639738762 0.00033899073860315829 7.2748593775173041e-06 7.749355570057618e-06 -9.6914462216984286e-06 2.9652494737436519e-06 -9.1129141819446274e-06 -3.9077595291714691e-05 0.00021751803476156669 -1.6560631611543704e-05 -8.2669446900153674e-06 -2.4719778157842093e-05 -3.6893576196836399e-05 -0.00032802378709685534 4.780755984489212e-06 1.4228246107482226e-05 -4.2888101693912311e-05 -5.088971245861029e-06 5.7090672262141819e-05 -1.5912551664572028e-05 -0.00019603257414766304 0.00027268396721316732 0.00015769254700352488 -2.0071527914313024e-06 0.00019966817261656672 -4.2652690912726932e-06 -2.2077566264158667e-05 0.0001623292859028022 0.00017293043963541459 -0.00011048112785723386 2.7164250069388062e-05 0.00021472746024308947 -5.2976629422524875e-06 -0.00049114035410380296 2.9507894960102463e-06 -7.0498426510765621e-06 0.00037460432454351593 8.9361302481051193e-05 -3.8994678381565996e-05 0.00016731291095646854 -1.7725178898582188e-06 3.5308024759697041e-05 6.5380713835514978e-05 1.2514284769504044e-06 -3.7111198635750952e-05 -0.00014690031980797819 -0.00014498516238593999 -4.6484097717223855e-06 5.2347934244975981e-06 0.00030068364502050136 -1.7157558591820022e-06 6.9919699734199195e-06 2.9563695542694717e-06 -0.00024417092070924061 -3.6980643743027412e-05 -0.00021972488060332938 4.8658162306605507e-05
leaf_weight=31364.402946949005 133.03413283824921 240176.90314865112 20793.393341064453 64127.687619686127 48419.473388671875 138.85984003543854 163.40735137462616 4603.9940662384033 113271.88098144531 66555.602470397949 178021.41008758545 7750.9060474634171 23676.161903381348 256.29121387004852 93.602510333061218 68026.08455657959 27522.131646156311 1305.9596405029297 107.57309782505035 101397.02823925018 55637.849631786346 12569.845142841339 16693.757709741592 5815.1956273317337 2999.2798366546631 736.74005126953125 118.4123592376709 367.66267931461334 7717.4669070243835 210.07449722290039 19792.974447250366 4320.4468078613281 118.55724942684174 145.29543113708496 2595.7696565389633 64969.712734341621 363.3681640625 3132.3116148710251 96.461977124214172 253843.00364398956 785.22285079956055 155.41942286491394 209.73379445075989 3277.2681589126587 392.86579942703247 245043.21471786499 15504.718475222588 1251.4289640188217 660.08062219619751 13549.900606632233 441.26111793518066 982.86322402954102 256717.35110974312 50939.335463523865 123.31588363647461 104849.92251968384 225371.02791595459 2367.6887732744217 122.20968508720398 5881.1511503458023 139.20204925537109 1507.3254215717316
leaf_count=29682 109 241640 25770 60753 41949 103 117 4567 104874 79480 186859 7164 24777 204 131 68769 30451 1091 92 100935 57939 12001 16656 4858 2568 580 91 269 7079 190 17597 4037 91 103 2188 67559 281 3090 74 258328 620 111 160 2991 302 237262 13721 994 541 12017 363 799 257621 61105 94 104440 213313 2049 106 5281 116 1192
internal_value=-2.13456e-09 -1.84766e-06 7.04437e-06 -4.98433e-06 2.08534e-06 4.20319e-06 1.88812e-05 -3.86367e-06 -2.29031e-06 -1.10583e-05 -3.96336e-06 -6.42183e-06 -3.02439e-05 9.6264e-05 1.98955e-05 2.27812e-06 -7.30085e-06 1.10579e-06 1.43747e-06 5.07125e-07 1.35561e-05 -2.26384e-05 -2.1327e-05 1.4837e-06 -1.80316e-05 -6.1659e-05 1.40425e-05 1.55621e-05 2.77826e-05 7.95509e-07 -1.29635e-06 1.84729e-05 -3.21443e-05 -5.25606e-05 -9.84545e-05 2.58794e-05 2.8214e-05 -2.00177e-05 -0.000260027 4.83317e-07 -1.57182e-05 6.27755e-05 0.000212148 -3.80643e-05 -1.40758e-05 -5.54744e-06 4.13889e-05 0.000109056 6.34105e-05 -1.68823e-05 -3.27878e-05 -8.33962e-05 -1.97861e-06 -3.22027e-06 5.14502e-06 -1.35479e-06 8.06488e-06 3.71712e-05 -9.35942e-06 -3.18641e-05 -8.7052e-06 7.34157e-05
internal_weight=2.38042e+06 1.88637e+06 494052 1.04943e+06 836944 404603 46910.2 966421 793005 173416 679733 501712 28398.6 1927.02 89448.9 357693 145017 788525 781906 726160 55745.4 29396.6 29263.6 696764 83005.2 4177.28 4722.41 44983.2 24612.5 20370.7 20160.6 35684.8 16491.7 8740.77 2714.33 68655.5 65333.1 3322.38 190.064 322008 78828 1150.38 365.153 6619.04 4330.21 485220 16895 1390.29 1052.95 77677.6 3440.54 2288.82 358114 117495 338649 104973 233676 8305.09 2489.9 6026.45 68165.3 1763.62
internal_count=2380294 1880991 499303 1063105 817886 402398 41466 985933 785462 200471 680588 493729 29435 1513 96905 360932 171036 775937 770213 712182 58031 28766 28657 683416 77172 3511 4658 39953 21897 18056 17866 33719 14827 7663 2279 71135 67840 3295 205 327213 73661 891 271 5724 3834 478902 14818 1097 843 72770 2931 1890 358556 140585 324860 104534 220326 7013 2155 5384 68885 1396
is_linear=0
shrinkage=0.05


Tree=29
num_leaves=63
num_cat=0
split_feature=144 293 36 217 16 109 51 327 16 278 109 205 164 198 0 16 184 280 164 214 358 47 24 193 49 113 346 218 1 198 204 358 292 56 207 327 278 43 226 18 339 256 46 327 193 41 9 69 278 198 253 24 0 1 48 198 346 292 197 256 235 292
split_gain=0.0114081 0.00642147 0.00580526 0.00608152 0.00604925 0.00655797 0.00472942 0.00425538 0.00404584 0.00358894 0.00293774 0.00284415 0.00271694 0.00348878 0.00267432 0.00253559 0.00252922 0.0025173 0.00241579 0.00238993 0.00235316 0.00869437 0.0029747 0.00321411 0.00231191 0.00222493 0.00303433 0.00218 0.00211084 0.00277891 0.00336241 0.00319849 0.00221467 0.00208591 0.00200249 0.00199844 0.00229048 0.00199766 0.00259689 0.00192667 0.00189347 0.00179393 0.00178035 0.00176711 0.00173397 0.00224142 0.00168134 0.00167622 0.00166008 0.00162261 0.00259227 0.00159885 0.00157284 0.00277365 0.00375344 0.00530535 0.00413123 0.00264985 0.00237663 0.0019073 0.00253297 0.00162491
threshold=-1.0000000180025095e-35 0.00059867126401513826 0.0053965398110449323 0.00030992408574093139 0.0045928549952805051 11.584649085998537 2.4348364604520615e-05 -0.00095110674737952639 0.0011529728653840723 0.49915239214897161 93.211784362792983 3.2566022127866752e-05 -0.0016311333165504036 0.0078237224370241183 0.019893051125109199 0.0040005680639296779 0.0057258647866547116 0.32001882791519171 0.0032522859983146195 0.00015661057113902646 -0.72606316208839405 0.035452535375952728 0.0027150474488735203 0.022397489286959175 0.32024109363555914 0.079488985240459456 -0.36846697330474848 4.0873655962059281e-05 0.058548554778099067 0.0051062763668596753 0.00032478189677931374 -0.073948990553617464 0.28710572421550756 1.0000000180025095e-35 0.00011994269880233334 0.0030056949472054843 0.59838572144508373 0.0066381345968693503 -1.3322674163873669e-07 0.0054048255551606425 1.2038392424583437 0.020725871436297897 0.003655900247395039 -0.00038758471782784904 -0.010918995365500448 0.0084031410515308397 0.025448668748140339 0.058102976530790336 0.098131712526083006 0.0040129288099706182 -0.19492768496274945 0.0078601501882076281 -0.027349223382771012 0.058548554778099067 0.14834052324295047 0.0046792586799710998 -0.066506262868642793 0.73840376734733593 0.005286816507577897 0.18041180074214938 -0.73902118206024159 -0.18695700913667676
decision_type=8 2 8 2 2 10 2 2 2 2 10 2 2 2 2 2 2 2 2 2 2 2 2 2 2 2 2 2 2 2 2 2 2 2 2 2 2 10 2 2 2 2 2 2 2 10 2 2 2 2 2 2 2 2 2 2 2 2 2 2 2 2
left_child=1 7 3 6 5 8 11 10 -4 -9 24 14 -6 44 -2 33 -10 -5 -17 34 21 -20 23 -23 28 26 37 -11 -1 30 -30 42 -33 35 -8 -3 -37 38 -18 -22 -26 -27 -31 -13 45 -14 -16 -12 51 -24 -51 -39 57 -54 55 59 -57 61 -58 -55 -61 -21
right_child=2 15 4 17 12 -7 19 9 16 27 47 43 13 -15 46 18 25 -19 20 52 39 22 49 -25 40 41 -28 -29 29 31 -32 32 -34 -35 -36 36 -38 48 -40 -41 -42 -43 -44 -45 -46 -47 -48 -49 -50 50 -52 -53 53 54 -56 56 58 -59 -60 60 -62 -63
leaf_value=1.514697313039169e-05 -4.7178072861399099e-06 6.2172769797529642e-06 -4.7035653934924107e-05 2.2881121503342201e-05 -1.3097441984401024e-05 9.1668879102272223e-06 -6.1336515895972208e-06 5.7616574765191123e-06 -2.9089650205291218e-05 2.0062777927770478e-06 -1.2325777097667304e-06 8.1939689469509872e-06 -2.7433671121206876e-05 -0.00023453949939670422 0.00027246577815365122 1.093962624783746e-05 0.0002648781155272538 5.4443802561066951e-06 0.00048326957734996426 0.00012510119386519378 -3.3092796367168589e-06 5.4886904162445567e-05 1.2043000683455098e-05 0.00029929692279071635 2.8506785643798415e-05 -1.7990562105302715e-05 -9.1250026513003268e-06 -6.2747648490214887e-06 -3.7286620693885973e-05 -0.00033868588331902342 9.4437152190638364e-05 -0.00012094245933323666 0.00010455772783101353 1.7040792581428561e-05 2.88083534175268e-06 -2.0159698823239667e-05 -0.00017115067552242965 1.3438397793436502e-05 7.002948816575286e-05 3.3945286843739002e-05 8.4729971896946028e-05 -0.00013498335910997687 -0.00010346852018207297 7.2603425013058226e-07 7.5906593565578665e-06 2.8171276658303273e-06 4.7426867841718779e-05 -9.2168435536670588e-05 4.4482776886238904e-06 0.00030433725084542512 3.9658807609379646e-05 0.00027330608204525439 -9.9791548747260204e-06 -1.6731268443846195e-05 -3.7800211581493337e-06 -0.00021947896529347737 -0.00010750225472118795 0.00018005050422372824 0.00014597603816036297 -0.00026567868023474168 -6.0339731746300719e-05 -2.821166042721317e-05
leaf_weight=48422.086663246155 232093.65812003613 89647.207112073898 19810.231557130814 25453.272254943848 47922.497665405273 14309.976107358932 234355.13473653793 203781.48363494873 27026.337871551514 139640.22360992432 21757.807411193848 98177.851654052734 9540.1548447608948 153.65565490722656 131.97151660919189 24893.726989746094 207.69166612625122 110785.0348739624 122.52656638622284 220.24667549133301 4226.4270212650299 310.6548318862915 1913.6345390081406 236.76772952079773 13564.190503835678 7527.6606732606888 5207.734167098999 184449.10232543945 1735.4186973571777 170.74738800525665 669.7860746383667 244.31778371334076 193.19876980781555 54426.660685777664 83575.987823486328 3457.4222153425217 268.93111717700958 116.49519395828247 942.26814424991608 19392.163524389267 1682.2823584079742 340.65612971782684 155.23793530464172 410066.74679481983 53538.976259708405 17089.817625999451 220.99409008026123 516.84560394287109 1662.0298773050308 129.5910986661911 314.01093399524689 118.78244280815125 152665.69036769867 2929.1197861433029 4486.717716217041 838.73239994049072 293.10140895843506 277.83273613452911 132.72950744628906 177.73183858394623 927.21396231651306 775.29485595226288
leaf_count=43905 247974 84084 19454 21771 54540 14316 237348 205946 29635 144181 19441 94577 10557 121 99 26539 166 102913 102 163 3874 300 1787 166 12362 7651 5698 178878 1469 133 540 197 149 49821 78824 2797 218 125 880 19336 1349 279 126 415264 64299 21299 177 428 1622 95 254 98 142860 2509 3798 668 233 209 102 150 789 649
internal_value=-1.99077e-09 4.78927e-06 -2.50261e-06 -1.31785e-06 -1.03345e-05 -2.13857e-05 -2.43468e-06 2.26858e-06 -2.83299e-05 5.62454e-07 1.23749e-05 7.33132e-08 -3.6758e-06 1.94557e-06 -4.50811e-06 1.2591e-05 -1.97403e-05 8.70236e-06 2.21404e-05 -6.29147e-06 3.26031e-05 7.4097e-05 5.65164e-05 0.000161302 1.76157e-05 -4.06691e-06 1.40651e-05 -2.70673e-06 1.25595e-05 -2.69649e-05 -5.5704e-07 -0.000109937 -2.13433e-05 9.26083e-06 -3.76397e-06 4.72568e-06 -3.11427e-05 5.36766e-05 0.000105619 2.72791e-05 3.47207e-05 -2.30887e-05 -0.000227987 2.16865e-06 2.40467e-06 -8.02143e-06 0.000132629 -3.35068e-06 2.2116e-05 3.20657e-05 0.000117999 0.000145833 -1.11994e-05 -1.16335e-05 -3.74369e-05 -6.59244e-05 -0.000155207 4.41114e-05 -2.81812e-05 -3.78737e-05 -9.37891e-05 5.88902e-06
internal_weight=2.38042e+06 816322 1.5641e+06 1.35859e+06 205515 77269.9 1.22235e+06 616983 62959.9 527871 89111.9 740691 128245 80322.6 232447 199340 43149.7 136238 51539.5 481656 26645.8 3027.19 2904.66 547.423 66837.3 16123.3 8255 324089 51590.8 3168.71 2405.2 763.502 437.517 147800 317931 93373.6 3726.35 3047.27 1149.96 23618.6 15246.5 7868.32 325.985 508245 80168.9 26630 352.966 22274.7 1897.31 2357.24 443.602 235.278 163724 162451 9785.35 5298.63 1264.56 1273.37 425.831 4034.07 1104.95 995.542
internal_count=2380294 798477 1581817 1351077 230740 79924 1226393 609104 65608 529005 80099 758091 150816 96276 248250 189373 46154 124684 52453 468302 25914 2704 2602 466 60230 16519 8589 323059 46519 2614 2009 605 346 136920 316172 87099 3015 2891 1046 23210 13711 7930 259 509841 96155 31856 276 19869 1845 2136 349 223 152130 151109 8249 4451 1003 1021 335 3448 939 812
is_linear=0
shrinkage=0.05


Tree=30
num_leaves=63
num_cat=0
split_feature=50 53 219 7 333 49 354 46 218 263 0 203 33 0 49 358 258 219 49 165 113 0 259 36 203 336 18 18 336 236 313 0 1 259 49 0 184 313 192 342 219 212 113 207 108 0 1 259 48 46 33 108 204 346 182 292 259 322 0 313 13 311
split_gain=0.0109236 0.00890366 0.0059528 0.00460202 0.00600962 0.00577683 0.00770429 0.004681 0.00434741 0.00390712 0.00382356 0.0070571 0.00998919 0.00659991 0.00757702 0.00419064 0.00377798 0.00357927 0.00351888 0.00333717 0.00331744 0.00316021 0.00394193 0.00310893 0.00301631 0.00476217 0.00289807 0.00351973 0.00280933 0.00277323 0.00371787 0.00270748 0.0031085 0.00440542 0.00404526 0.00386413 0.00515517 0.00298261 0.00275734 0.00286294 0.00264308 0.00278696 0.00262377 0.00323238 0.00323221 0.00250931 0.00333239 0.00353363 0.00261352 0.00236689 0.00368868 0.00355827 0.00236567 0.00273893 0.00346845 0.00256951 0.00248563 0.00236001 0.00229953 0.0025078 0.0033502 0.0028969
threshold=0.00024620855401735758 2.4345454221474941e-05 9.9414872238412513e-05 0.062025753781199462 0.59314969182014476 0.059844074770808227 -0.0033857082016766067 -0.0066282248590141526 0.0002308987968717702 0.0029470176668837671 0.00030085048638284212 0.00081295351264998328 0.027211392298340801 0.0031967355171218519 0.2227931544184685 -0.23010015487670896 0.1915828734636307 5.3761903473059654e-05 0.58948197960853588 0.027182790450751785 0.11096126958727838 -0.0082473428919911367 0.17150504142045978 0.0053965398110449323 0.0010060375207103791 -0.044717658311128609 0.0054048255551606425 0.0033004175638780002 0.14033917337656024 0.24769822508096698 0.041671004146337516 -0.0056621022522449485 0.06795790791511537 0.51096272468566906 0.32024109363555914 0.0013012923882342877 0.053233003243803985 0.028824141249060634 0.021359716542065147 1.4870795607566836 5.5640250593569371e-06 3.0811341275693856e-05 0.020341227762401107 0.00014223956532077867 14.660192966461183 0.00056281744036823522 0.06795790791511537 0.30192537605762487 0.036545751616358764 0.0048849571030586967 0.050360755994915969 119.9507522583008 0.000235242179769557 0.088419552892446532 -0.0062782512977719298 1.7038578391075136 0.23717077076435092 1.0000000180025095e-35 -0.011039308737963436 0.058154828846454627 0.047293821349740035 0.046656783670187003
decision_type=2 2 2 2 2 2 2 2 2 2 2 2 10 2 2 2 2 2 2 2 2 2 2 10 2 2 2 2 2 2 2 2 2 2 2 2 2 2 2 2 2 2 2 2 2 2 2 2 2 2 10 2 2 2 2 2 2 2 2 2 2 2
left_child=1 2 40 7 5 6 9 23 17 -5 24 18 -13 15 -15 16 -14 -3 42 29 21 22 -7 58 -9 -26 27 -6 -27 30 -16 37 49 34 35 36 -34 -10 -39 -40 -1 -42 43 -12 -45 46 47 -46 -47 50 -33 -52 55 54 57 -23 -56 -54 -2 60 61 -60
right_child=3 8 -4 4 26 20 -8 10 31 -11 11 12 13 14 19 -17 -18 -19 -20 -21 -22 52 -24 -25 25 28 -28 -29 -30 -31 -32 32 33 -35 -36 -37 -38 38 39 -41 41 -43 -44 44 45 48 -48 -49 -50 -51 51 -53 53 -55 56 -57 -58 -59 59 -61 -62 -63
leaf_value=-3.856358858223685e-06 2.1695671152614219e-05 -7.0122938848493615e-06 8.2137235456919387e-06 -0.00020483578636508435 6.4619283117519716e-05 -2.7462830396464748e-05 -1.45563440625098e-05 1.120954946755986e-05 -3.6653113616781696e-06 -0.00059783681182880603 8.4467397108002558e-06 0.00044494077536586332 0.00050940004904929774 -0.00022822567691992919 8.0274048970676172e-05 6.8634900152678071e-05 0.00020428277890331207 8.2226707236338638e-07 -7.0283986713929931e-06 -3.0154567227157188e-05 -0.0001101146733168925 -2.7278964775058074e-06 0.00019896876868410887 -7.0717764507971043e-06 9.4554086205750576e-05 -0.00018473987168185081 -2.0278002951861518e-05 0.00030222136725628721 -1.0154896686438919e-06 2.4095517058801735e-05 0.00029724081459749259 -1.4007541903288262e-05 -0.00010611346497084548 8.4283136359400109e-05 -3.097796074036553e-05 -4.6728968153747456e-05 -0.0003395533303316856 -1.0148782651260268e-05 0.00030953893027032252 8.0708599291516301e-05 5.2650309472762066e-06 -1.3149909033823535e-06 6.2245851521307404e-07 0.00013270061815320638 0.00025151484252871595 -2.7874035198103893e-05 -5.1274039501405094e-05 1.6063984879637747e-06 5.1967803875586308e-05 1.4278203699293372e-05 -0.00012158009463569218 3.9082097397718108e-05 2.3786588909326248e-05 -0.00012035402465591753 -6.8170927954175073e-06 0.00021573916491700808 -0.00013897132646629017 0.00025599456604024045 6.8830997277091112e-06 -8.0999390916490098e-05 0.00019556804901919527 0.00012723306484854814
leaf_weight=362586.4319344759 30542.212458848953 320541.82952880859 247597.62426757812 130.29035615921021 627.23449075222015 422.33140683174133 254.3918651342392 16160.430858016014 40104.858032226562 127.02560865879059 4313.3084272146225 199.08095073699951 137.6863489151001 241.95157122612 489.05684566497803 388.33967924118042 392.98672020435333 267389.89709472656 6127.9505233764648 611.655846118927 1195.8547258377075 809.3140035867691 350.10990858078003 34989.564981460571 330.56869637966156 641.59728395938873 596.13517379760742 206.14748096466064 307.50571155548096 559.88625967502594 331.60138368606567 123335.36517715454 870.64286661148071 644.80881309509277 7044.1044229269028 1362.7783242464066 324.42025756835938 663.67963337898254 167.5001904964447 720.10456943511963 278081.80140686035 381949.87968444824 4108.3007736206055 1321.649221777916 499.14155912399292 1168.742060303688 197.34857177734375 197.10939514636993 8264.9216895103455 7263.098690032959 1466.1913172006607 449.26630914211273 489.2035139799118 1075.6748126745224 812.6941282749176 159.42855060100555 631.19910895824432 139.13381052017212 214980.12977313995 803.86174011230469 234.21481502056122 499.18608856201172
leaf_count=397659 27269 325330 239679 106 528 379 281 14916 36110 102 4043 138 95 201 387 313 297 254277 6072 502 992 708 254 37059 264 506 574 159 266 452 245 114850 714 528 6004 1183 251 589 119 547 290406 386391 3909 1051 362 965 167 152 6753 6369 1219 352 392 878 639 117 519 97 202704 694 167 422
internal_value=5.95071e-08 -1.31665e-06 1.2575e-06 8.39876e-06 -2.90041e-05 -4.91446e-05 -0.00021017 9.31129e-06 -5.55014e-06 -0.000401958 2.39217e-05 3.4878e-05 0.000103166 8.13186e-05 3.48534e-05 0.000193956 0.000285063 -3.44916e-06 2.6133e-05 6.7001e-05 -3.55387e-05 -1.72601e-05 7.54163e-05 6.87697e-06 5.35526e-06 -6.84783e-05 6.38751e-05 0.000123976 -0.000125341 0.000110028 0.000168453 -1.2248e-05 -1.55206e-05 -4.20509e-05 -5.05506e-05 -0.000104386 -0.000169946 -1.03252e-06 6.69492e-05 0.00012449 -4.26761e-07 1.45728e-06 3.62576e-05 4.5428e-05 5.91175e-05 4.96767e-05 0.000129682 0.000180973 4.20723e-05 -1.34685e-05 -1.50777e-05 -8.38957e-05 -3.46779e-05 -5.56967e-05 -2.205e-05 3.35962e-05 -6.47007e-05 7.58539e-05 8.85249e-06 7.04063e-06 7.36946e-06 7.16308e-06
internal_weight=2.37963e+06 2.04256e+06 1.27022e+06 337066 8026.17 6596.65 511.708 329040 772349 257.316 46990.8 29550.7 3352.25 3153.16 2234.15 919.013 530.673 587932 26198.5 1992.2 6084.94 4889.09 772.441 282049 17440.1 1279.67 1429.52 833.382 949.103 1380.54 820.658 184417 142761 10246.8 9601.95 2557.84 1195.06 41656.1 1551.28 887.605 1.02262e+06 660032 20070.5 15962.2 11648.9 10327.3 893.6 696.251 9433.66 132514 125251 1915.46 4116.65 3147.91 2072.23 968.743 1443.89 628.337 247060 216517 215714 215479
internal_count=2379673 2062577 1314135 317096 6725 5464 489 310371 748442 208 42056 26104 2630 2492 1787 705 392 579607 23474 1586 4975 3983 633 268315 15952 1036 1261 687 772 1084 632 168835 131470 8680 8152 2148 965 37365 1255 666 1074456 676797 17402 13493 9450 8399 681 514 7718 122790 116421 1571 3350 2525 1647 825 1158 489 231256 203987 203293 203126
is_linear=0
shrinkage=0.05


Tree=31
num_leaves=63
num_cat=0
split_feature=276 344 16 1 199 0 47 31 48 270 17 199 280 348 191 201 33 0 357 192 11 317 0 292 108 259 199 264 314 330 214 21 0 201 201 43 224 176 40 14 21 16 22 108 349 16 349 258 0 29 330 306 262 216 211 320 113 49 270 244 201 32
split_gain=0.0105609 0.00779303 0.00638096 0.00573534 0.00810861 0.00487341 0.00515943 0.00423964 0.00427408 0.00405505 0.00483871 0.00746072 0.00816887 0.00389346 0.00560478 0.00387607 0.00540092 0.0037946 0.00811087 0.00454202 0.00378911 0.0058204 0.00397636 0.00396885 0.00600559 0.0121886 0.01802 0.00430526 0.0041678 0.00405502 0.00395143 0.00368922 0.00352274 0.00600233 0.00349136 0.00358655 0.00341987 0.0032628 0.00381681 0.00325174 0.00322647 0.00383754 0.00558503 0.00557622 0.00358258 0.0038723 0.003441 0.00488639 0.00320237 0.00587394 0.00535044 0.0047921 0.00406174 0.00391412 0.00313414 0.00302583 0.00300302 0.00297321 0.00358501 0.00297287 0.00295567 0.00445555
threshold=0.25789487361907965 -0.018119830638170239 0.0047973878681659707 0.063984982669353499 0.0010794633417390289 -0.011039308737963436 0.050895726308226592 0.076417967677116408 0.071114040911197676 -0.0092240991070866567 0.00033402070403099065 0.00012655540922423827 0.28000092506408697 0.11534687504172327 -0.0077963885851204387 0.00012933928519487384 -0.017815741710364815 -0.010033178608864544 0.061801789328455932 0.015126377344131471 0.03404440917074681 0.072559390217065825 0.0031967355171218519 2.1300377845764165 16.289844512939457 0.38329017162323004 7.2426002589054419e-05 0.0032779343891888861 -0.012263558339327572 0.60510683059692394 0.00039617378206457948 0.00017043284606188538 0.012979970313608648 0.00078697540448047232 4.7573030315106741e-05 0.00080009223893284809 0.020513243973255161 -0.028364018537104126 0.060135392472147949 0.016177015379071239 0.030921026133000854 0.0034074953291565184 1.7697700059216007e-05 11.047673702239992 -0.65042808651924122 0.0011265229550190272 0.23390876501798633 0.79519036412239086 0.0011832347372546794 0.054169317707419402 0.53690102696418773 0.0014465223066508772 0.00081659658462740492 0.00071280240081250678 2.8293909053900282e-05 -0.013979732058942316 -0.0009202804067172109 0.41834156215190893 0.0022707348689436917 -0.0078447563573718054 0.00097027199808508169 0.0080375354737043398
decision_type=2 2 2 2 2 2 2 10 2 2 2 2 2 2 2 2 10 2 2 2 2 2 2 2 2 2 2 2 2 2 2 2 2 2 2 10 2 2 8 2 2 2 2 2 2 2 2 2 2 10 2 2 2 2 2 2 2 2 2 2 2 10
left_child=2 13 5 20 17 7 -7 8 15 10 11 12 -8 40 -15 -1 -17 18 -5 56 30 23 -23 24 25 31 -27 29 -25 -28 54 -22 -32 -34 -4 -36 -33 -21 39 -39 41 43 -43 44 -2 -46 -44 -48 49 50 52 -52 -41 -51 -3 -50 -19 58 -53 -6 -11 -62
right_child=1 3 34 4 59 6 9 -9 -10 60 -12 -13 -14 14 -16 16 -18 19 -20 37 21 22 -24 28 -26 26 27 -29 -30 -31 32 36 33 -35 35 -37 -38 38 -40 48 -42 42 46 -45 45 -47 47 -49 55 53 51 57 -54 -55 -56 -57 -58 -59 -60 -61 61 -63
leaf_value=2.1599957174107587e-05 -0.00028201473403633635 -8.2188428046000286e-06 7.6681576661227208e-07 -2.3669548379748884e-05 -8.5522906275665718e-05 -2.5977168925475683e-06 0.00063081276444234408 0.00016817173762186769 4.7348373359356296e-06 4.9833276981137604e-06 2.8013469185766889e-05 3.5744188168820405e-05 0.00014987860631197146 0.00032147593691025619 1.0473355808741443e-05 0.00015464249657256351 3.9548995275807124e-05 -1.7264216852182492e-06 0.00016533775992309591 3.7724382509004837e-05 -9.850022807383042e-05 0.00033884394460856012 3.5372081434882961e-06 -0.00030684077594841968 3.2102283429103452e-06 0.0007596069040082268 8.2099495532736414e-05 1.1801066933665976e-05 -3.6850598960154533e-05 0.00045017191935471071 -1.6089482752456077e-05 9.8604147812237351e-06 8.057332349703445e-06 0.0002775443872086233 -1.496791382106111e-05 2.2820015567340164e-05 0.00011853665844563767 0.00010315639941169255 0.00015536379962892568 -3.1266689949229539e-05 -4.715629102720721e-05 -0.00034846270254438059 1.2350846847372448e-05 4.3843332248956696e-07 -4.3288600137220751e-05 -4.6269842251447094e-06 5.4467901982042034e-05 0.000328845689470712 -7.5788745746565575e-05 -0.00014675114189015561 -1.8162044481014639e-05 8.07100042563539e-05 -0.00015131831586246352 3.616865808688249e-05 -1.5329035671751271e-06 -7.1947661947046155e-06 -0.00013077102838539154 -3.5952041728204209e-05 0.00033789561548274978 -0.00022462287759410029 0.00026925426421139096 2.9375551326566875e-05
leaf_weight=14927.812646985054 130.94258546829224 266390.75254058838 30978.957641601562 1733.7584515810013 1222.6132520437241 317330.93600857258 134.54295742511749 461.4317626953125 31314.035010695457 220672.65963745117 5136.3541052341461 580.01941001415253 254.98007273674011 143.08298742771149 98565.492311239243 1426.7036266326904 3564.8673100471497 630.67512941360474 841.59617793560028 2282.7081451416016 470.19856119155884 232.0162718296051 142.1803834438324 162.13904798030853 13458.42852807045 140.12668418884277 146.05828881263733 332.84785616397858 1113.1752854585648 153.81341171264648 87598.850322723389 1882.1869895458221 863.60224914550781 269.66359329223633 6762.7050132751465 87614.683292388916 1174.7387257814407 467.13040888309479 288.090087890625 2300.7103898525238 3566.4445190429688 104.23234510421753 49372.473386526108 551289.63328766823 11641.975979566574 14595.510073781013 1103.2218676805496 188.5192209482193 1838.4201771020889 2054.6842460632324 1586.1699559688568 309.4917494058609 1014.5012180805206 340.11354446411133 512486.98993682861 12720.509163856506 1579.5070830583572 187.25056743621826 241.40542769432068 561.34243643283844 196.21446239948273 8353.5638884305954
leaf_count=14522 106 285431 38141 1884 1036 319911 95 325 29733 219278 4298 467 211 135 91392 1091 2920 552 624 1946 391 163 109 124 11753 97 116 260 988 108 81769 1728 785 203 6684 91499 954 384 206 2061 3569 84 50556 540510 10959 14331 1045 147 1570 1691 1339 251 847 271 516912 11932 1384 147 174 445 151 6878
internal_value=5.65981e-08 -2.15859e-06 5.06526e-06 -5.22233e-06 -2.59505e-05 2.9358e-06 1.56256e-06 1.76162e-05 1.62537e-05 7.17251e-06 4.73806e-05 0.000149713 0.000318369 1.69558e-06 1.09307e-05 3.43594e-05 7.24941e-05 -1.98694e-05 3.81762e-05 -2.52411e-05 -4.46979e-06 1.73788e-05 0.000212136 1.3528e-05 1.96491e-05 7.10754e-05 0.000250644 0.000135887 -7.16029e-05 0.000272627 -4.95857e-06 3.16095e-05 -1.49557e-05 7.25585e-05 1.53314e-05 2.0112e-05 5.16735e-05 -1.93066e-05 -2.48851e-05 -2.71502e-05 2.53156e-07 5.22363e-07 1.37019e-05 -6.35981e-07 -2.30973e-05 -2.17837e-05 1.44607e-05 9.49576e-05 -2.98532e-05 -5.51897e-05 -2.7311e-05 3.08375e-05 -6.80733e-05 -0.000120764 -3.81964e-06 -1.58657e-05 -9.3983e-05 0.000135895 0.000194224 -0.000129495 6.10107e-06 3.49424e-05
internal_weight=2.37963e+06 1.64992e+06 729710 919218 32200.7 604354 552659 51694.9 51233.4 235328 6105.9 969.542 389.523 730702 98708.6 19919.4 4991.57 30416.7 2575.35 27841.4 887018 19407.9 374.197 19033.7 17758.4 4299.97 772.846 632.72 1275.31 299.872 867610 3527.12 88732.1 1133.27 125356 94377.4 3056.93 25631.2 23348.5 23060.4 631993 628427 50768.4 577658 26368.4 26237.5 50664.2 1291.74 22593.3 8034.33 5639.53 2324.32 3315.21 2394.8 778878 14558.9 2210.18 738.148 550.897 1783.96 229222 8549.78
internal_count=2379673 1643469 736204 930635 28744 599880 551289 48591 48266 231378 5071 773 306 712834 91527 18533 4011 27263 2508 24755 901891 16791 272 16519 15407 3654 581 484 1112 224 885100 3073 82757 988 136324 98183 2682 22819 20873 20667 621307 617738 51832 565906 25396 25290 51748 1192 20283 6781 4819 1911 2908 1962 802343 13502 1936 572 425 1481 226307 7029
is_linear=0
shrinkage=0.05


Tree=32
num_leaves=63
num_cat=0
split_feature=52 56 218 16 134 343 220 44 35 217 276 36 339 172 200 306 278 233 349 313 65 108 348 198 258 330 108 201 247 0 270 49 49 46 0 198 48 343 201 193 318 276 338 176 344 189 49 202 2 344 201 182 49 25 347 2 258 332 271 44 47 15
split_gain=0.00984225 0.00809233 0.00597971 0.00480776 0.0040154 0.00313959 0.00301916 0.00280233 0.00279511 0.0027931 0.00270066 0.00247431 0.00240602 0.00393348 0.0025074 0.00220054 0.00266869 0.00199087 0.00310797 0.00227258 0.00198959 0.00197768 0.00212767 0.0022675 0.00256454 0.00235356 0.00189323 0.00193079 0.0018235 0.00180502 0.00178671 0.00176836 0.00219772 0.00345925 0.00283418 0.00207803 0.00188253 0.00175979 0.00175485 0.00237522 0.00299183 0.00175017 0.00174841 0.00173964 0.00177849 0.00173346 0.0017202 0.00269416 0.00210606 0.00210058 0.00241853 0.00175858 0.00182865 0.00171001 0.0017002 0.00167473 0.00221065 0.00277115 0.00243813 0.0016625 0.00165821 0.00208307
threshold=1.0000000180025095e-35 1.0000000180025095e-35 8.8987861090572564e-05 0.0038467934355139737 -1.0000000180025095e-35 -0.006145819788798689 0.00062931966385804128 0.00052963709458708774 0.061011949554085738 0.0017280296306125822 0.27002485096454626 0.0047931736335158357 0.84147891402244579 -0.044400388374924653 0.0013658645912073555 -0.0029480162775143977 0.87000346183776867 -1.1947334408760069 -0.35756720602512354 0.034095622599124915 2.6831672812477341e-06 14.805280685424806 0.17731358855962756 0.0027062614681199197 0.1375749930739403 0.15822665393352511 14.915114402770998 5.1371309382375337e-05 -0.27399021387100214 -0.024240909144282338 0.0081366370432078856 0.104675579816103 0.20803187042474749 0.010804943740367891 0.011476432438939812 0.0064537227153778085 0.094856765121221556 -0.32000979781150812 0.0016375887207686903 0.0065524738747626552 0.013074078597128393 0.7999992072582246 1.0973368287086489 -0.0031861264724284406 0.040126867592334754 0.060311654582619674 0.104675579816103 0.00043248161091469234 -0.0039017107337713237 0.040126867592334754 0.00058526580687612306 0.0042333435267210015 0.04228202439844609 0.0049706737045198688 0.66880840063095104 0.0012673122109845283 0.73288244009017955 0.12991350144147876 0.010239930357784035 0.015635468065738681 0.018562812358140949 -0.050312297418713563
decision_type=2 2 2 2 2 2 2 8 10 2 2 10 2 2 2 2 2 2 2 2 2 2 2 2 2 2 2 2 2 2 2 2 2 2 2 2 2 2 2 2 2 2 2 2 2 2 2 2 2 2 2 2 2 2 2 2 2 2 2 10 2 2
left_child=4 2 10 6 20 7 15 8 -5 11 26 21 14 42 -9 17 -17 18 -4 -19 -1 -3 23 -23 -25 -26 27 -2 -6 -27 31 -20 33 34 -33 -34 -37 -12 -15 -40 -41 -7 -14 -30 -45 -43 47 48 49 51 -51 -24 -53 -47 -31 -11 -57 -58 -59 -42 -8 -62
right_child=1 9 3 5 28 41 60 12 -10 55 37 -13 13 38 -16 16 -18 19 30 -21 -22 22 46 24 25 29 -28 -29 43 54 -32 32 35 -35 -36 36 -38 -39 39 40 59 45 -44 44 -46 53 -48 -49 -50 50 -52 52 -54 -55 -56 56 57 58 -60 -61 61 -63
leaf_value=-5.4388195516032465e-06 6.0218091780917647e-06 1.9303191386180336e-05 0.00028324359156821751 -1.513920432733715e-05 -7.7869668050891942e-06 7.4634689552698138e-06 5.925652371424118e-05 2.5926824319793464e-05 -0.00026135895518052365 2.4653340831795505e-05 1.0355673875982678e-05 -5.7077525556559861e-06 0.00010862997027394858 3.6096156776754727e-05 -8.8998105288244869e-05 -2.9049058613226292e-06 -1.5192493609163171e-05 -1.5911207903519754e-06 -2.4718861896688934e-05 0.00016697079675010224 -1.4384159060893844e-05 3.9139617171514131e-06 5.3191109127536773e-05 2.2031996799129196e-05 0.0001248902397163231 0.00014536216252123151 5.56314050059283e-06 2.4042060091551863e-05 4.3299701655559206e-06 -2.2432730853076136e-05 -5.36115579674327e-05 4.3064528486650729e-05 2.0584761342616065e-05 0.00030348547466757503 0.00028111391982507103 -0.00016487744901197421 4.5214623865541927e-05 -3.392449177923115e-08 -4.7017590398048417e-05 0.00033676687148219013 9.6244737765331895e-07 -1.1070575741384515e-05 0.00032947859436119331 5.0235876895806339e-07 -5.2512824565589874e-06 -5.1423767427171031e-05 1.2349468588553059e-05 -0.00018683684748081413 4.4297090617637737e-06 3.3490589539572812e-05 -0.00018173665946327001 -2.473581187838959e-05 0.00014164504306438455 -0.00026557027918532771 -0.00019848793376877599 3.994478147407492e-05 -2.6163586662376597e-05 4.9065140364470466e-05 0.00031223308362990907 0.00021942593230781291 -8.9711739110996211e-05 -1.7317601854394451e-05
leaf_weight=320737.19369840622 24900.529587626457 51144.995807647705 110.08079063892365 1724.7263336181641 90301.193725585938 34067.579436302185 687.64395141601562 10617.216354131699 121.54622745513916 13796.926319122314 49407.697479248047 26015.509265899658 179.51016354560852 3612.8611290454865 494.88466644287109 144495.08438873291 63652.888824462891 43596.610969543457 1661.2775381803513 198.88032531738281 77102.571438312531 160318.21059334278 2513.2782677412033 35453.099609971046 284.86539340019226 154.00228643417358 96172.486145019531 36885.505599975586 161524.07489013672 4951.3165065050125 798.79311370849609 3925.9904546737671 6487.1604231595993 138.09546613693237 127.24287855625153 293.67960357666016 165.64320182800293 232736.43667602539 159.04856562614441 181.36804854869843 218.49613118171692 10896.681290626526 182.98226809501648 380535.26210415363 207568.12057495117 356.75857877731323 19570.741016387939 129.70722734928131 2828.5705482959747 2839.5958305597305 134.83683598041534 187.64630770683289 1342.6150968074799 124.87223482131958 139.08902549743652 1324.9307781457901 147.2018107175827 131.24773502349854 270.50341558456421 142.81592285633087 1012.9609375 47647.099884033203
leaf_count=328618 27650 49202 103 1695 93635 34196 596 10039 95 11661 47930 27118 140 3226 400 134490 58419 40326 1444 157 76272 155816 2151 30187 221 115 93974 36969 164986 4153 691 3446 5953 99 95 226 128 232971 135 130 167 11549 132 407481 211512 318 17857 102 2510 2388 111 165 1029 103 113 1067 125 113 204 104 882 41783
internal_value=5.38975e-08 3.40182e-06 7.54333e-07 -3.85745e-06 -3.03461e-06 8.74187e-06 -6.38061e-06 2.6647e-05 -3.16139e-05 1.0094e-05 4.71619e-06 9.04618e-06 3.34628e-05 6.35416e-05 2.07935e-05 -4.27077e-06 -6.66263e-06 4.38712e-06 2.10149e-05 -8.18072e-07 -7.17252e-06 1.04074e-05 8.4363e-06 6.59712e-06 1.70926e-05 -1.45748e-05 9.95085e-06 1.67801e-05 -1.07465e-06 -2.2195e-05 1.88507e-05 2.33807e-05 3.05582e-05 5.9143e-05 5.06726e-05 1.32989e-05 -8.92455e-05 1.78551e-06 5.01904e-05 0.000122446 0.000172103 1.79283e-06 0.000221308 -2.66051e-07 -1.52837e-06 -1.51838e-05 2.09652e-05 3.7861e-05 4.08583e-05 5.55352e-05 2.36184e-05 7.89901e-05 0.000121237 -0.000107814 -2.73193e-05 3.06845e-05 7.50168e-05 0.000159213 0.000226928 8.80471e-05 -1.77378e-05 -1.88283e-05
internal_weight=2.37963e+06 1.14186e+06 818183 378080 1.23777e+06 63081.3 314999 17635.5 1846.27 323679 440103 308008 15789.2 4677.08 11112.1 265651 208148 57503.5 13708 43795.5 397840 281993 230848 201301 40982.4 5529.27 157959 61786 839929 5244.41 13597.9 12799.1 11137.8 4191.33 4053.23 6946.48 459.323 282144 4314.59 701.729 542.68 45445.9 362.492 749627 588103 11378.3 29547 9976.25 9846.54 7017.97 2974.43 4043.54 1530.26 481.631 5090.41 15670.8 1873.88 548.953 401.751 361.312 49347.7 48660.1
internal_count=2379673 1097169 790761 351267 1282504 62429 288838 16263 1790 306408 439494 293238 14473 4034 10439 245577 192909 52668 12185 40483 404890 266120 216918 190605 34789 4602 158593 64619 877614 4381 12082 11391 9947 3640 3541 6307 354 280901 3762 536 401 46166 272 783979 618993 11970 26313 8456 8354 5844 2499 3345 1194 421 4266 13170 1509 442 317 271 43261 42665
is_linear=0
shrinkage=0.05


Tree=33
num_leaves=63
num_cat=0
split_feature=217 53 52 327 53 125 220 278 34 259 34 2 2 259 346 46 43 2 45 161 278 14 292 201 345 11 49 357 344 49 207 276 46 9 337 201 2 337 171 344 354 109 259 355 327 327 278 193 45 40 39 344 166 49 108 198 31 192 1 247 41 108
split_gain=0.00937915 0.0078363 0.00501312 0.00437314 0.00602689 0.00464653 0.00366979 0.00310247 0.00412484 0.0041377 0.0037247 0.00417121 0.0039656 0.00530454 0.00334252 0.00304747 0.0028879 0.00270436 0.00263586 0.00260284 0.00259496 0.00268904 0.00258746 0.00363237 0.00489211 0.00298959 0.00259742 0.00247497 0.00242267 0.00359796 0.00319527 0.00225043 0.00220193 0.0024077 0.0027695 0.00213377 0.00365748 0.00543515 0.00503783 0.00346349 0.00313735 0.00276864 0.0023321 0.00210754 0.00208788 0.00204486 0.00270477 0.00249325 0.00271994 0.00429476 0.00204351 0.00236646 0.00194671 0.0019255 0.00372866 0.00328588 0.00393666 0.00585336 0.00269515 0.00253034 0.00220183 0.00189381
threshold=0.00020637452689697969 2.4345454221474941e-05 7.9312267189379798e-06 -0.00069082601112313558 0.00073866583989001821 inf 0.00037607381818816071 0.12874308973550799 0.080304700881242766 0.60251533985137951 0.066321045160293593 -0.020032349973917004 -0.0034268730087205763 0.15193752944469455 0.19163474440574649 0.013463080395013096 0.0048409125301986941 0.0033430100884288554 0.0062452231068164119 -0.0027642324566841121 0.88000193238258373 0.029217522591352466 -1.0000000180025095e-35 0.00037707714363932615 0.043402548879385001 0.0064357481896877297 0.093684241175651564 0.0069003403186798104 -0.03196683153510093 0.051740024238824851 0.0014018186484463515 0.040000751614570625 -0.0087117832154035551 0.054637201130390174 -0.14997644722461698 0.00044525606790557509 0.0012673122109845283 -0.053680164739489548 0.0043359366245567807 -0.15298217535018918 -0.17738983780145642 15.545232295989992 0.39076496660709387 -0.049018038436770432 -0.0024408600293099876 -1.0000000180025095e-35 0.75998806953430187 -0.0074248060118407002 0.0027921879664063458 0.017927366308867935 0.042266383767127998 -0.35433635115623469 -0.00030084306490607554 0.19308798760175708 87.165035247802749 0.0048677315935492524 -0.00066124429577030231 0.00061641543288715195 -0.013113850262016056 -0.2092168182134628 0.0094725149683654326 82.731311798095717
decision_type=2 2 2 2 2 8 2 2 10 2 8 2 2 2 2 2 10 2 8 2 2 2 2 2 2 2 2 2 2 2 2 2 2 2 2 2 2 2 2 2 2 10 2 2 2 2 2 2 10 10 10 2 2 2 2 2 10 2 2 2 10 2
left_child=1 2 45 17 7 -6 20 8 32 16 22 14 13 18 -12 -14 -10 -2 -13 -8 -3 44 23 26 25 -25 -9 -15 29 -26 -31 -4 53 34 -34 -36 38 -38 40 -39 41 -37 -41 -44 -22 46 -1 48 49 -47 51 -19 -17 54 55 60 -57 -58 -56 -59 -5 -48
right_child=3 6 31 4 5 -7 19 10 9 -11 11 12 15 27 -16 52 -18 50 -20 -21 21 -23 -24 24 28 -27 -28 -29 -30 30 -32 -33 33 -35 35 36 37 39 -40 42 -42 -43 43 -45 -46 47 61 -49 -50 -51 -52 -53 -54 -55 58 56 57 59 -60 -61 -62 -63
leaf_value=5.8715229129851066e-06 1.6343762565527456e-05 -1.6515972513829519e-06 1.6155560428530335e-05 6.1716858323367009e-07 -1.3206617219082778e-05 -0.00028016171838307602 2.6370077599373967e-06 3.8686076093438085e-05 0.00018652572227680135 0.0003497842047205534 2.2906334116257448e-05 5.3082962243430617e-05 5.7518499168116164e-05 -0.00015705256056848798 0.0002531141603097727 3.0983046761493591e-06 -4.0285452566001152e-05 0.00020502504429838816 -0.00010798973090850413 -1.6376329443156935e-05 3.5510882190834148e-05 -3.3713232228710092e-05 2.4954572010755817e-06 2.3407664705561858e-06 0.00029417948293868556 7.8742108512527888e-05 2.2955150140819766e-06 -0.00037867999403706743 -3.1068856659393434e-05 3.0768669819295341e-06 0.00023043211730577038 4.1258634239236612e-06 -7.4746741506676435e-06 -2.8301334262706306e-05 2.5482276088277621e-05 0.00038432319528600378 3.2352684417108611e-05 1.7327346294723412e-05 1.8955626494655362e-05 0.00012850607195682417 7.9113032531123452e-05 0.00012332143690049389 0.00048843792975240526 0.00024607192568736416 -8.0836157655318193e-06 -5.0154084152646089e-06 -3.4187538722081454e-07 -9.6118714651683427e-07 -1.9730326536340314e-05 0.00030350971480520503 -8.2531100738813002e-05 6.0370540315795177e-05 -6.1651615626775208e-05 2.9839946259134713e-06 0.00020170598702440903 -4.443791411915252e-05 0.00045168859980606051 -6.4319630234607834e-05 4.2916619612128424e-05 0.00016810249880223828 0.00015421236604118145 -1.2255985087664657e-05
leaf_weight=172096.03567504883 62358.887142181396 393199.13507080078 43302.342025756836 17054.075024962425 37923.040390014648 161.71119689941406 21567.432922363281 5726.0485932826996 265.41867983341217 167.73349356651306 1006.6217241287231 416.30321216583252 986.33322536945343 367.83105802536011 185.08109104633331 1807.0063877105713 294.12663519382477 320.51252090930939 645.61155569553375 108800.75555419922 2789.6283874511719 10268.554809570312 202416.98090851307 1615.962890625 128.66733479499817 6166.5148334503174 34065.339448094368 194.22656214237213 2820.23552775383 1761.4242973327637 167.40739631652832 380329.86828613281 2788.2797645330429 1554.0345764160156 5468.1852222681046 195.64428436756134 563.29895401000977 133.55660200119019 3564.1066570281982 142.25842416286469 806.71214592456818 214.9194962978363 185.87059354782104 187.33838045597076 170158.54168701172 97652.308319091797 195863.37762451172 250578.98709499836 43149.200897216797 110.92791748046875 212.62612915039062 2328.9573620557785 3243.1464233398438 39453.963922858238 274.65162563323975 329.20341646671295 139.89108920097351 176.85803270339966 8004.2728910446167 339.58919060230255 234.56591248512268 40198.313201904297
leaf_count=183606 54941 389115 43511 16155 33450 162 19755 4897 201 125 1024 369 862 304 135 1552 244 246 544 102976 2334 8954 195563 1402 91 4866 33204 150 2337 1519 125 378819 2656 1386 5221 146 498 101 3017 126 704 186 128 139 166316 99355 205264 266922 50114 104 189 1966 2787 40128 201 289 101 147 6853 259 187 40645
internal_value=5.1265e-08 -1.46372e-06 9.5798e-07 6.55534e-06 4.52385e-06 -1.43548e-05 -5.65511e-06 6.60036e-06 1.50602e-05 0.000133448 3.95254e-06 -2.79281e-05 -4.14667e-05 -0.000110777 5.90237e-05 -2.27899e-05 6.75829e-05 1.85263e-05 -4.48632e-05 -1.32309e-05 -3.94166e-06 -8.85626e-06 5.06003e-06 1.49566e-05 3.82815e-05 6.28827e-05 7.53386e-06 -0.00023471 -9.79819e-07 4.02537e-05 2.30278e-05 5.35557e-06 1.40045e-05 3.07674e-05 3.72121e-05 4.80823e-05 6.86854e-05 0.000146197 4.89795e-05 0.000244601 0.000136712 0.000248956 0.000303192 0.000368738 -7.38004e-06 -1.37175e-06 1.10452e-06 -3.95344e-06 -9.27434e-06 -4.65914e-06 6.60351e-05 7.80112e-05 -3.84912e-05 9.99013e-06 2.03992e-05 7.786e-06 9.64926e-05 0.0001671 4.82319e-05 8.85682e-05 2.71869e-06 -2.37078e-06
internal_weight=2.37963e+06 1.93007e+06 1.22328e+06 449565 384344 38084.8 706784 346259 82538.6 727.279 263721 8852.16 7660.46 1623.97 1191.7 6036.49 559.545 65221 1061.91 130368 576416 183217 254869 52451.6 12660.2 7782.48 39791.4 562.058 4877.73 2057.5 1928.83 423632 81811.3 15804.2 14250.2 11461.9 5993.71 1212.32 4781.38 649.024 1217.28 410.564 515.467 373.209 172948 799649 408158 391491 140912 97763.2 2862.1 2649.47 5050.15 66007.1 26553.1 18274.2 985.542 656.338 8278.92 516.447 17288.6 236062
internal_count=2379673 1957790 1268340 421883 364541 33612 689450 330929 79198 570 251731 7727 6568 1367 1159 5201 445 57342 913 122731 566719 177604 244004 48441 10340 6268 38101 454 4072 1735 1644 422330 78628 14308 12922 10266 5045 992 4053 494 1036 332 393 267 168650 846010 429515 416495 149573 99459 2401 2212 4339 64320 24192 17138 796 507 7054 406 16342 245909
is_linear=0
shrinkage=0.05


Tree=34
num_leaves=63
num_cat=0
split_feature=144 219 53 218 50 42 19 109 276 48 24 218 53 187 52 171 46 0 17 307 223 195 0 188 213 269 339 200 47 172 1 198 292 174 0 244 337 200 109 1 46 48 321 198 47 315 36 15 20 191 174 24 46 337 198 23 8 57 337 183 0 202
split_gain=0.00910029 0.00518532 0.00496334 0.00482396 0.00437682 0.00301397 0.0040693 0.0028086 0.00272577 0.0026722 0.00344592 0.00258249 0.00250446 0.00240995 0.00230875 0.00218248 0.00209411 0.00370154 0.00333806 0.00206707 0.00199473 0.0030879 0.00350619 0.002081 0.00198179 0.0019429 0.00192999 0.0037599 0.00224547 0.00189866 0.00238075 0.00221691 0.00184718 0.00252968 0.00183243 0.00179729 0.00166225 0.00217859 0.00165233 0.00225767 0.00163366 0.00159186 0.00158548 0.00168789 0.00153978 0.00152834 0.00152451 0.00158121 0.00150939 0.00150409 0.00211577 0.00149816 0.00148917 0.00272242 0.00366588 0.0014746 0.00145055 0.00140519 0.00140508 0.00209228 0.00140224 0.00159241
threshold=-1.0000000180025095e-35 0.00026726613577920949 0.00030776443600188946 3.5912611565436243e-05 3.5395414670347243e-05 0.054612249135971076 0.00048519812116865074 14.800237178802492 0.79575562477111828 0.35723403096199041 0.001614978595171124 0.0002308987968717702 1.0000000180025095e-35 0.056259701028466232 0.00049555880832485865 -0.0029390738345682617 0.016889229416847232 0.001414782658684999 0.00018465676112100485 0.037986174225807197 6.6651036689791012e-08 0.003052702522836626 0.011476432438939812 0.06092422083020211 4.2613524783519103e-05 0.046240979805588729 0.82209953665733349 0.0010667272144928577 0.054973937571048744 -0.0091007826849818212 0.058548554778099067 0.0043535782024264344 0.28710572421550756 0.018499263562262062 -0.0253915237262845 -0.11444830149412154 0.054288024082779891 0.0013658645912073555 93.211784362792983 -0.0011678908485919235 -0.020022383891046044 0.23814842849969867 -0.010297120083123444 0.0027648211689665918 0.020636145025491718 0.0056623013224452743 0.0051783137023448953 -0.035325046628713601 0.0052128240931779155 0.038508286699652679 0.008382789324969055 0.0022506845416501169 -0.0066282248590141526 -0.059959704056382172 0.0054237539879977712 0.0054572669323533782 0.01590256113559008 0.80319777131080639 -0.12220507487654685 0.067002065479755415 -1.0000000180025095e-35 0.00031595084874425089
decision_type=8 2 2 2 2 8 2 10 2 2 2 2 2 2 2 2 2 2 2 2 2 2 2 2 2 2 2 2 2 2 2 2 2 2 2 2 2 2 10 2 2 2 2 2 2 2 8 2 2 2 2 2 2 2 2 2 2 2 2 2 2 2
left_child=1 3 4 24 12 15 -7 8 9 20 48 -9 -2 52 35 -4 46 18 -18 36 21 -3 -23 26 -1 -19 27 -22 -28 -5 38 42 33 -30 -33 56 -13 44 49 45 -39 -15 43 -32 -38 -40 57 -48 -11 -31 -51 -35 58 -54 -55 -12 -6 -17 59 -10 -52 -62
right_child=2 7 5 29 14 6 -8 11 13 10 55 19 -14 41 -16 16 17 25 -20 -21 23 22 -24 -25 -26 -27 28 -29 32 30 31 34 -34 51 -36 -37 37 40 39 -41 -42 -43 -44 -45 -46 -47 47 -49 -50 50 60 -53 53 54 -56 -57 -58 -59 -60 -61 61 -63
leaf_value=2.7716801712911797e-06 -1.3348596624886628e-06 2.9957677535198306e-05 1.1096559153005646e-06 1.2709827523055349e-05 3.9102907327385267e-06 -0.00032225591778962189 -5.235613154346839e-05 1.3284850951477226e-05 2.3699711951264044e-05 0.00013106038824855688 0.00013731553404526807 4.7959877429899479e-06 -6.8729749513949236e-06 1.3879478404955847e-05 1.4951727897663452e-05 -4.7170215235984366e-06 -0.00038116351259953336 -1.8092086551213183e-05 -9.0087748040798486e-05 -0.00010398929368805564 6.6730772836951442e-06 8.028065355038472e-05 0.00034937891489005132 -8.7442352029097435e-05 1.0962094449344292e-05 -0.00021487522843394516 -1.0074927442515681e-05 -0.00013926121768766657 6.0339986121282504e-05 3.7391960208864807e-07 -3.9891569300205703e-06 8.3775719133624384e-05 1.3766196166563658e-05 0.00033316020947783974 -0.00010050662641143107 -7.4770099446264311e-07 0.00010471096609411667 5.5136788462161018e-06 1.1284942449660546e-05 -8.6567256161003813e-06 -0.00017166842611379503 -0.00014379432644214262 -2.2781005467651591e-05 0.00011069267941875473 -1.586695960155128e-05 8.2783240912277171e-05 -5.2055774218791917e-05 -1.7314964913252381e-05 0.00036031611704408391 9.8483527516047085e-06 -1.7215695565946827e-05 0.00013428189159138854 -3.2527666416099539e-05 4.088838339763774e-05 0.00023065674387681901 7.6257441363912417e-06 1.7562746321850507e-05 -1.6379239885161872e-05 -1.3743440146336354e-05 0.0002503656942124158 0.00016978063720419107 -1.857815019467006e-05
leaf_weight=144742.90754199028 577696.15600979328 26354.866059303284 37304.226090312004 21312.648712158203 148276.51056671143 152.81658005714417 1441.8312470912933 76868.413818359375 931.88955271244049 144.24256837368011 336.35262143611908 32467.956044912338 315698.38827514648 243.60646057128906 34909.840026855469 65983.839801430702 147.24645137786865 2071.4852494001389 294.98799991607666 488.84599304199219 7379.8449419736862 714.03066229820251 144.30979943275452 530.339599609375 150807.35658764839 131.56297600269318 1654.1657749414444 467.43685150146484 1621.023038983345 195679.13964521885 1011.6848573684692 148.96294403076172 1282.1885846853256 133.5789806842804 1300.8459167480469 294275.08710479736 270.25100791454315 195.89526975154877 7469.4292253255844 103782.49406182766 384.60045778751373 463.00889587402344 10834.207065582275 467.76584529876709 9658.1724790334702 828.67460882663727 4043.0202484130859 17236.454145908356 148.3707287311554 2415.453540802002 200.16959130764008 333.48214030265808 916.56108140945435 1495.6958693265915 305.01767253875732 623.02086734771729 22392.79248046875 42444.2993516922 6754.2537927627563 112.38111877441406 564.91817665100098 139.43603956699371
leaf_count=154288 609751 25027 33856 20156 149479 120 1356 69584 864 106 256 27730 317825 206 31174 62002 117 1780 260 394 6887 570 103 421 149954 109 1488 380 1317 190607 913 110 1034 93 1045 293057 247 156 7209 103311 305 387 10023 355 8444 721 3953 17444 108 2246 165 249 804 1378 231 561 20611 39356 6356 85 435 114
internal_value=4.8843e-08 4.33252e-06 -2.18302e-06 2.25935e-06 -1.19566e-06 -1.02158e-05 -7.85921e-05 1.20036e-05 2.15831e-05 2.74485e-05 9.93431e-05 7.77696e-06 -3.29187e-06 -2.99836e-07 2.55091e-06 -9.57215e-06 -1.25828e-05 -5.66072e-05 -0.000188284 -1.96383e-06 2.52275e-05 3.30033e-05 0.00012623 9.436e-06 6.95096e-06 -3.00279e-05 1.34405e-05 -2.05302e-06 3.76299e-05 -1.7464e-06 -2.69493e-06 -2.30433e-05 6.10361e-05 9.00212e-05 -8.14829e-05 1.61975e-06 -7.9854e-07 -1.80808e-05 -1.79449e-06 -6.65004e-06 -0.000112063 -8.95503e-05 -1.61505e-05 3.23709e-05 -1.25644e-05 1.84432e-05 -1.16841e-05 -2.39199e-05 0.000248962 9.40299e-07 3.43023e-05 0.000192339 5.71329e-06 3.75745e-05 7.32529e-05 5.32856e-05 5.70176e-06 -9.28243e-06 -5.39504e-06 4.85247e-05 9.94388e-05 0.000132546
internal_weight=2.37963e+06 815130 1.5645e+06 641706 1.39325e+06 171252 1594.65 173424 53089.7 41867.3 1251.99 120334 893395 11222.4 499854 169657 132353 2645.28 442.234 43465.7 40615.3 27213.2 858.34 13402.1 295550 2203.05 12871.7 7847.28 5024.44 346156 324843 13763.5 3370.27 2088.08 1449.81 464944 42976.9 10508.9 311080 112081 580.496 706.615 12313.7 1479.45 9928.42 8298.1 129708 21279.5 292.613 198999 3319.98 467.061 10515.8 2717.27 1800.71 959.373 170669 108428 7798.52 1044.27 904.524 704.354
internal_count=2379673 797423 1582250 641652 1421897 160353 1476 155771 48911 38600 1031 106860 927576 10311 494321 158877 125021 2266 377 37276 37569 25700 673 11869 304242 1889 11448 7267 4181 337410 317254 12446 2693 1659 1155 463147 36882 9152 304808 111241 461 593 11291 1268 8691 7930 122755 21397 214 193567 2960 342 9718 2413 1609 817 170090 101358 7305 949 714 549
is_linear=0
shrinkage=0.05


Tree=35
num_leaves=63
num_cat=0
split_feature=52 218 219 51 53 0 0 192 213 346 16 211 355 47 198 2 291 316 266 37 20 33 355 358 203 202 204 322 213 334 49 6 354 171 17 358 53 335 2 76 2 46 262 322 47 337 197 183 202 314 354 357 189 16 357 321 49 49 108 176 358 339
split_gain=0.00881883 0.00746947 0.00475126 0.00439535 0.00389226 0.00379495 0.00285116 0.00356893 0.00281445 0.00282665 0.0026584 0.00262845 0.00262379 0.00250747 0.00282201 0.0033138 0.00247766 0.00414766 0.00708045 0.00310522 0.00322941 0.00291865 0.00412183 0.00245467 0.00241091 0.00324249 0.00236024 0.00232246 0.00231967 0.0022354 0.0023025 0.00219199 0.00366951 0.00259871 0.0021653 0.00216332 0.00215517 0.00215031 0.0021396 0.00200538 0.00271653 0.00255018 0.003919 0.00232876 0.00197626 0.00322362 0.00311592 0.00271189 0.00440302 0.00517659 0.00290121 0.00277305 0.0024212 0.00196916 0.00196639 0.00194149 0.00193317 0.00187188 0.00334973 0.00410997 0.00323892 0.0020291
threshold=0.00020492073235800492 5.5773392887203961e-05 8.1604207480268104e-06 0.00058425968745723378 7.6237545727053671e-05 0.011476432438939812 -0.014838677830994127 0.02867868356406689 0.00053469886188395332 0.12684978544712069 0.016843636520206932 5.9362349929870113e-05 0.2635579258203507 0.08840974792838098 0.0051062763668596753 -0.0020202774321660395 0.54112210869789135 -0.0031596770277246829 -0.0015517504652962086 0.021855127066373829 0.003538030083291233 0.022450095973908905 -0.13240852206945417 -0.35241593420505518 0.00036571736563928431 0.0017243722104467454 0.0002589772484498099 -0.031185064464807507 2.1812717932334639e-05 0.28863698244094854 0.3766330778598786 0.062745813280344023 -0.011874722316861151 0.00059083025553263735 4.4842839997727431e-05 -0.15622056275606153 0.00014607328193960714 -0.083332803100347505 0.0041131246834993371 0.057939410209655769 0.0012673122109845283 0.010804943740367891 0.0053141787648200997 0.024067774415016178 0.075947150588035597 -0.090596418827772127 0.003961194073781372 0.046153655275702483 0.00097628394723869871 0.01033142162486911 -0.056922735646367066 -0.76812273263931263 0.039325650781393058 7.0421381678897901e-05 0.044354915618896491 -0.0098947025835514051 0.084626920521259322 0.18120853602886203 87.165035247802749 0.0049704741686582574 0.14999382942914966 1.0000000180025095e-35
decision_type=2 2 2 2 2 2 2 2 2 2 2 2 2 2 2 2 2 2 2 10 2 8 2 2 2 2 2 2 2 2 2 2 2 2 2 2 2 2 2 2 2 2 2 2 2 2 2 2 2 2 2 2 2 2 2 2 2 2 2 2 2 2
left_child=1 2 -1 5 10 8 7 -6 56 31 28 -4 16 -8 34 -16 39 18 35 21 -21 22 -19 55 -11 -26 -17 -27 -3 30 -25 44 33 -33 54 -18 -5 -38 53 40 -7 42 -42 -41 -10 46 -46 48 51 -50 -49 -47 -51 -30 -15 -9 -2 58 -13 -60 61 -61
right_child=3 4 11 36 6 12 13 23 9 24 -12 57 -14 14 15 26 17 19 -20 20 -22 -23 -24 29 25 27 -28 -29 38 -31 -32 32 -34 -35 -36 -37 37 -39 -40 43 41 -43 -44 -45 45 47 -48 50 49 52 -52 -53 -54 -55 -56 -57 -58 -59 59 60 -62 -63
leaf_value=-2.8439116702316167e-06 1.611841745982114e-05 -9.0811497883569786e-06 6.3156821904441082e-07 7.6558791530043316e-06 2.7173006584920112e-06 -7.0669636851984562e-07 -1.0094660183119749e-05 -0.00016153673314374281 2.1283688989255777e-05 1.2099654253030161e-05 1.0627852162098741e-05 6.8094258508210518e-06 0.00025395624629682783 -5.7137582000764963e-05 -0.00017002227768021872 0.00016335545090889988 -5.8522265968053564e-05 -3.487827807744091e-05 0.00041084761931859385 0.00037986990310935419 3.69889882460936e-05 -1.1380240867344105e-05 0.00026050074343257504 -0.00011649495725532908 -1.1364431306189148e-05 5.5365513673405978e-05 -6.4020837781627831e-05 -0.00017413258909322583 -8.5562980210265994e-06 0.00019201373449956492 0.00010398571963087932 2.165316547240381e-06 4.6012179962579187e-05 -0.00013314965063059806 -1.6745371987420237e-05 0.00017471469470353116 6.5684728535592276e-06 -2.1220931039420131e-05 2.1925847903380043e-05 -7.9034155273977638e-06 8.2373152470113662e-05 1.5441764917970286e-05 0.0003316806540425721 -0.00020035393646292357 2.1369227581460521e-05 0.00027611026726194167 -0.00015925035795572343 7.5942044824845901e-05 6.6149125870902114e-05 0.00045819273284431811 -0.00012415613290235017 4.764707149723075e-05 0.00021591711194766488 -4.4070164174155794e-08 -0.00029220033352732788 8.2879752685412103e-05 3.3317162188075709e-06 3.3123730464896737e-06 1.6954286139507156e-05 0.00015055407304376281 0.00018147095331247921 4.0507295924733974e-05
leaf_weight=440986.57083821297 35671.020967483521 132959.367603302 359072.15619587898 18791.722366333008 17023.491693496704 2962.3211141824722 256712.75659179688 161.42166006565094 46712.587715148926 18113.958831787109 36228.175964355469 142237.47373199463 139.60877227783203 265.72815656661987 791.10932421684265 134.04888558387756 192.44745659828186 210.62796831130981 227.55932354927063 130.28149843215942 143.80672359466553 1516.0096830129623 265.64798617362976 150.75902271270752 6206.0167541503906 137.82819557189941 707.58062076568604 532.82805442810059 88494.904845714569 528.6157158613205 527.09880793094635 622.78237283229828 1105.4943132400513 822.4463974237442 6548.01555788517 202.00346744060516 9687.7361979484558 24724.458916187286 9559.6561889648438 892.77735280990601 1303.5078181028366 1236.3933477401733 177.80719804763794 188.82937526702881 1348.1432971954346 136.76106262207031 288.09139251708984 378.26142227649689 517.97061479091644 152.5325676202774 344.01924026012421 3170.4013872146606 335.90134429931641 292507.79493379593 132.76257216930389 159.79376399517059 172482.75808906555 204626.37921142578 32106.228331327438 463.63781249523163 532.46305286884308 4213.108448266983
leaf_count=479524 31354 139054 369334 16738 15417 2594 243591 139 40600 16302 42478 136475 108 221 617 102 154 202 163 93 121 1257 196 126 5249 113 584 426 83763 376 393 530 914 655 5612 150 8183 21079 8952 720 1055 1087 125 148 1150 100 227 303 412 106 279 2543 243 286076 105 114 166541 211598 28839 368 422 3474
internal_value=-2.53142e-08 -1.29354e-06 1.26767e-06 7.27924e-06 -4.88898e-06 9.63635e-06 -9.65834e-06 9.29128e-06 8.59935e-06 1.65116e-05 -2.47046e-06 3.70716e-06 4.02501e-05 -1.09835e-05 -3.75712e-05 -9.6682e-05 3.71063e-05 7.58553e-05 0.000190024 4.43816e-05 0.000201541 2.25801e-05 0.000130273 8.24477e-05 2.53102e-06 -2.26701e-05 -2.75045e-05 -0.000126943 -3.37691e-06 0.000115111 5.47512e-05 2.27575e-05 -2.25107e-05 -7.49169e-05 -2.36536e-05 6.12003e-05 -5.96154e-06 -1.33977e-05 -1.43497e-06 2.05363e-05 3.2419e-05 6.85001e-05 0.000112705 -4.18096e-05 2.49212e-05 5.03741e-05 -1.0588e-05 7.01781e-05 8.51867e-05 0.000176675 -1.94435e-05 5.72559e-05 0.000293137 -2.02123e-06 -0.00013652 -4.01874e-05 5.52309e-06 6.58174e-06 1.03076e-05 2.36406e-05 6.48287e-05 5.14767e-05
internal_weight=2.3799e+06 2.02783e+06 1.18424e+06 352073 843593 298869 283843 18551.2 289080 80926 559750 743251 9789.63 265292 8579.25 1632.74 9650.02 2888.38 622.01 2266.37 274.088 1992.29 476.276 1527.69 24990.6 6876.67 841.63 670.656 523522 1206.47 677.858 55935.4 2550.72 1445.23 6946.51 394.451 53203.9 34412.2 390562 6761.64 5680.03 2717.71 1481.32 1081.61 53384.7 6672.08 1636.23 5035.85 4313.57 1006.4 722.281 3307.16 488.434 381003 398.491 321.215 208154 384179 179553 37315.4 5209.21 4676.75
internal_count=2379974 2057754 1230034 322220 827720 276220 267397 16565 268047 70152 560323 750510 8173 250832 7241 1303 8065 2336 467 1869 214 1655 398 1148 22090 5788 686 539 517845 895 519 48062 2099 1185 5938 304 46000 29262 378791 5729 4861 2267 1180 868 45963 5363 1377 3986 3404 761 582 2643 349 369839 326 253 197895 381176 169578 33103 4264 3842
is_linear=0
shrinkage=0.05


Tree=36
num_leaves=63
num_cat=0
split_feature=144 219 344 220 16 36 206 327 16 109 46 219 192 113 307 0 25 257 16 45 188 46 17 187 0 337 342 292 200 0 334 316 358 24 108 33 16 343 207 177 201 179 223 292 41 211 24 48 176 200 24 327 182 329 335 349 247 9 343 46 53 271
split_gain=0.00829974 0.0048126 0.00452179 0.00377218 0.00323746 0.00294884 0.00290083 0.00285183 0.00278691 0.00628959 0.00330825 0.0028205 0.0028095 0.00273283 0.00272686 0.00266509 0.00263538 0.00255531 0.00249872 0.00277584 0.0029187 0.00246896 0.00711341 0.0025418 0.00246159 0.0111562 0.00882437 0.00284896 0.00243132 0.00238495 0.00233256 0.0023316 0.00345487 0.00229561 0.00229109 0.0045452 0.00226688 0.00224931 0.00238393 0.00235713 0.00221359 0.00317704 0.00218215 0.00212662 0.00210179 0.00209067 0.00260709 0.00203653 0.00251811 0.00258878 0.00192483 0.00190606 0.00190362 0.0018829 0.00232726 0.00254381 0.00186275 0.00184277 0.002028 0.00206822 0.00179836 0.00179791
threshold=-3.2074561886474835e-06 0.00021019921405240896 -0.018119830638170239 0.00018802342674462127 0.0036976659903302793 0.0051783137023448953 4.462800461624284e-05 0.0037852396490052347 0.0036976659903302793 6.0153276920318612 -0.031796857714653008 0.0002763267257250846 0.0052412280347198257 0.11096126958727838 -0.024320095777511593 0.011476432438939812 0.0015982851036824288 0.11432645469903947 0.016843636520206932 0.0066862900275737056 -0.00037428637733682985 0.019771361723542217 0.00023443441023118797 -0.0027682300424203272 0.019893051125109199 0.023753058165311817 0.27332606911659246 -1.1168497204780576 0.00090487831039354216 -0.027349223382771012 0.32053019106388098 -0.0040656910277903071 -0.040769791230559342 2.5007175281643871e-05 103.01646804809572 0.033812889829277999 0.016152429394423965 0.14857811480760577 0.00035049390862695878 0.072669308632612242 0.00086790331988595437 -0.053043667227029793 0.11793480813503267 0.0093634938821196573 0.018798317760229114 4.7975765482988215e-05 8.6240899690892561e-05 0.052525071427226074 0.011972986627370121 0.00036319998616818344 0.0031901694601401691 -0.00058021928998641659 0.040240330621600158 0.42571868002414709 0.090615190565586104 0.31670461595058447 -0.26917606592178339 0.015127180609852077 0.088522601872682585 0.0019530436838977041 0.00053251700592227291 0.0035416411701589827
decision_type=8 2 2 2 2 8 2 2 2 8 2 2 2 2 2 2 2 2 2 8 2 2 2 2 2 2 2 2 2 2 2 2 2 2 2 10 2 2 2 2 2 2 2 2 10 2 2 2 2 2 2 2 2 2 2 2 2 2 2 2 2 2
left_child=1 6 8 18 7 -5 -1 15 9 10 12 56 16 14 43 60 -2 -17 19 24 -21 23 -23 33 45 27 -27 -26 -18 30 -13 32 -19 -10 -33 -36 51 38 -6 52 -25 -42 53 -12 -43 46 -4 48 -31 -50 -41 -8 -39 -9 55 61 -11 -16 59 -59 -3 -55
right_child=2 4 3 5 37 -7 36 42 21 11 13 29 -14 -15 57 17 28 31 -20 20 -22 22 -24 40 25 26 -28 -29 -30 47 -32 34 -34 -35 35 -37 -38 39 -40 50 41 44 -44 -45 -46 -47 -48 -49 49 -51 -52 -53 -54 54 -56 -57 -58 58 -60 -61 -62 -63
leaf_value=6.8479036852072595e-06 1.7439775520611373e-05 9.5798332692023592e-06 -1.5688501344652024e-05 -8.1963510155167687e-06 1.5110270138263568e-05 -2.5611662024233972e-05 4.2491435500567456e-06 -7.8063316495000863e-05 -0.00020509696873931396 -7.601751400940014e-06 2.9958330555851266e-05 2.9100318350129813e-05 -0.0002838129188142502 -4.686965834446476e-05 -1.5077206411188451e-05 7.8020653382236578e-06 -5.4809025621123085e-05 9.1810876055248083e-05 7.4416693089585468e-06 -2.4673340292898446e-05 -4.9349816396141617e-06 -0.00046953521390054602 -2.3039266233958281e-05 1.881131877329775e-05 0.00020069680997671026 3.9023640102899608e-05 0.00057688036028964869 -2.1430253524363371e-05 -0.00019767532973554659 2.147582615582074e-05 0.00021394370043635718 1.5324673502490592e-05 0.00037549693329203275 2.6910342394915586e-06 0.00034770263283898854 5.9520813977276538e-05 1.4607025069501767e-05 -1.1523526119859612e-07 4.0857029659780442e-05 0.00021462383774605985 0.0002541570731089118 2.0355516778317436e-05 3.6925407831819981e-05 0.00021174060263546378 0.00011531653067107146 2.9684227142942562e-07 -3.5227440060324731e-06 4.9536375647120716e-06 6.7123870901499979e-05 0.00029084825767673018 2.5486367216803873e-05 -3.6535958347464168e-06 -9.0541180223832493e-05 0.0001694885326658131 0.0001826507180356776 -0.00021189934481918973 1.0998150466402741e-06 9.2987771870171968e-05 -0.0001059507368545425 -1.8446299789706159e-06 -4.5935603100640829e-06 -3.8263437886363938e-05
leaf_weight=192558.837890625 1247.6200988292694 131137.60629653931 53489.455013275146 135714.88055419922 17924.03653717041 29609.200256347656 104748.04085922241 2244.4975707530975 131.6490044593811 70880.47144317627 483.37580847740173 432.97893786430359 127.05652093887329 4775.9015332460403 14785.418580770493 2728.0448750257492 5271.9981732368469 403.61296558380127 53624.533416748047 30572.355843544006 48343.46550655365 94.984570980072021 1115.285204410553 25813.515495300293 158.51112127304077 141.47120594978333 164.22536134719849 1431.9062602519989 314.05540299415588 13832.905264496803 280.53741955757141 1453.444877743721 145.23359179496765 24440.867940425873 170.80381608009338 663.07354545593262 23131.931457519531 7555.8197250366211 18044.293060302734 216.50904619693756 204.07378578186035 1845.7784599065781 826.57426488399506 239.77338814735413 850.27370035648346 284538.03258860111 249164.44375121593 43997.473268508911 643.008185505867 160.51233696937561 351.60112226009369 280919.13779067993 628.58938598632812 146.07461106777191 156.85816264152527 147.35761797428131 464806.38684356213 1147.1386773586273 242.49302744865417 1150.4744956493378 26984.708107948303 349.27449142932892
leaf_count=201014 1161 118921 52609 124956 18415 30463 97215 1783 134 69935 446 348 100 4402 15029 2279 5114 310 66300 34099 53902 74 1115 27286 114 123 118 1177 260 12084 215 1196 107 25968 120 542 26398 6887 16034 161 145 1592 659 183 681 282530 264669 39742 539 113 278 278961 543 114 122 121 464106 950 218 1036 23465 293
internal_value=-2.39479e-08 4.07281e-06 -2.15211e-06 -4.50324e-06 1.05451e-05 -1.13157e-05 1.78808e-06 7.35489e-06 9.17665e-07 -2.81562e-08 -2.24493e-05 1.09424e-06 -5.26193e-05 -1.32447e-05 -4.34294e-06 8.35813e-06 -4.8239e-05 4.23627e-05 -2.9425e-06 -3.77611e-06 -1.25821e-05 1.17614e-05 -5.87981e-05 1.33662e-05 -2.5964e-06 5.42518e-05 0.000329841 9.32604e-07 -6.2909e-05 1.14363e-05 0.000102171 7.55768e-05 0.00016797 1.56119e-06 5.32796e-05 0.00011924 -5.95293e-07 2.2497e-05 2.80282e-05 -2.34847e-07 2.34678e-05 6.48727e-05 -3.50539e-05 9.06493e-05 5.03673e-05 -2.78015e-06 -5.67295e-06 1.03287e-05 2.64836e-05 0.000112427 9.80675e-05 -1.50718e-06 -7.08067e-06 -5.46103e-05 1.12564e-05 -3.10107e-05 -5.15741e-08 -8.31782e-06 3.1008e-05 4.55424e-05 7.16101e-06 2.34362e-05
internal_weight=2.3799e+06 813636 1.56627e+06 886952 212278 165324 601358 167557 679316 624820 29785.3 595034 6960.73 22824.6 18048.7 163687 6833.67 5564.21 721628 668004 78915.8 54496.4 1210.27 53286.2 589088 1896.11 305.697 1590.42 5586.05 59347.4 713.516 2836.17 548.847 24572.5 2287.32 833.877 408799 44720.8 35968.3 8752.52 28713.6 2900.13 3870.64 723.149 2696.05 587192 302654 58633.9 14636.4 803.521 568.11 385667 8184.41 3044.06 799.565 642.707 535687 17325.5 2540.11 2297.61 158122 495.349
internal_count=2379974 795938 1584036 911060 192350 155419 603588 150032 672976 615981 28899 587082 6635 22264 17862 146940 6535 4554 755641 689341 88001 56995 1189 55806 601340 1532 241 1291 5374 53041 563 2275 417 26102 1858 662 402574 42318 34449 7869 29704 2418 3092 629 2273 599808 317278 52478 12736 652 439 376176 7430 2433 650 528 534041 17233 2204 1986 142386 407
is_linear=0
shrinkage=0.05


Tree=37
num_leaves=63
num_cat=0
split_feature=211 48 28 217 267 292 203 201 200 186 208 357 213 357 199 355 53 259 292 48 199 315 53 1 344 198 48 1 200 349 198 349 49 48 329 85 346 355 1 198 327 9 344 349 200 291 1 318 344 201 35 349 292 327 313 197 180 49 200 330 1 315
split_gain=0.00788411 0.00625212 0.00679773 0.004945 0.00468749 0.00447282 0.00624859 0.0091342 0.0104675 0.00893529 0.00773748 0.00473668 0.0054307 0.00525539 0.00729284 0.00594722 0.00422744 0.00409268 0.00383439 0.00556421 0.00536145 0.00375215 0.00365205 0.00318265 0.00447705 0.00382098 0.00335664 0.00314031 0.00308 0.00292705 0.0286232 0.00304664 0.003259 0.00486767 0.00431057 0.00290825 0.00687749 0.00289022 0.00304977 0.00285033 0.00281003 0.00269225 0.00264752 0.00263682 0.00262429 0.0045074 0.00261591 0.00405957 0.00292018 0.00684401 0.0035311 0.00257539 0.00252193 0.00289295 0.00272986 0.00338315 0.00311569 0.0030033 0.00326978 0.00442759 0.00268155 0.00245962
threshold=6.1051312513882308e-05 0.062939446419477477 0.064974635839462294 0.00044979900121688848 0.0052030086517333993 -0.059040069580078118 0.00038336681609507656 0.00086790331988595437 0.00031201879028230911 0.026197672821581367 0.00040901238389778888 -0.07419829815626143 0.00010424252468510532 0.020110568031668666 0.00051723918295465421 0.10000200569629671 1.0000000180025095e-35 0.22765038907527926 -0.3733526319265365 0.032392870634794242 0.00020012359163956719 0.017065202817320827 0.00013051838323008272 0.058548554778099067 -0.52679249644279469 0.0078237224370241183 0.032392870634794242 0.005476422607898713 0.00012032801896566526 -0.40108940005302424 0.0043535782024264344 0.20346940308809283 0.071912813931703581 0.057134909555315978 0.28800359368324285 -1.0000000180025095e-35 0.15058847516775134 -0.1388909965753555 0.032579723745584495 0.0046792586799710998 0.001227847649715841 -0.0073757483623921863 0.12617275863885882 0.43847011029720312 0.00024901333381421869 0.52404326200485241 -0.0070044714957475654 -0.018428099341690537 -0.015880404040217396 9.9636687082238509e-05 -0.013100049458444117 0.054730311036109931 0.23780227452516559 0.0010984140099026265 -0.0054567665793001643 0.0025221523828804497 0.0028447739314287905 0.074118781834840788 7.8706118074478595e-05 0.11173884943127634 -0.00052274210611358274 -0.000703408644767478
decision_type=2 2 10 2 2 2 2 2 2 2 2 2 2 2 2 2 2 2 2 2 2 2 2 2 2 2 2 2 2 2 2 2 2 2 2 8 2 2 2 2 2 2 2 2 2 2 2 2 2 2 10 2 2 2 2 2 2 2 2 2 2 2
left_child=16 2 5 22 -4 11 7 23 9 28 -11 39 -13 14 18 -16 -1 27 21 20 -20 41 -3 26 -25 -26 37 -15 -9 30 -28 46 33 34 -33 -5 -37 -7 52 -2 -24 -14 -36 -8 -40 -46 47 -31 49 -49 -51 -22 53 60 55 -54 57 58 -56 -60 -39 -61
right_child=1 3 4 35 -6 6 43 8 -10 10 -12 12 13 17 15 -17 -18 -19 19 -21 51 -23 40 24 25 -27 29 -29 -30 31 -32 32 -34 -35 42 36 -38 38 44 -41 -42 -43 -44 -45 45 -47 -48 48 -50 50 -52 -53 54 -55 56 -57 -58 -59 59 61 -62 -63
leaf_value=-5.2972323719915745e-07 -8.0136764021207858e-06 7.4551082868989796e-07 -8.427456677055677e-05 8.9283582543201966e-06 -0.00042173992223243644 1.4707287691755598e-05 -2.757054577453641e-05 0.00025834631137602241 4.3974240027416536e-06 0.00021128361599060601 0.00072196014226872545 1.269528462176609e-05 0.00026868858107831323 -0.00016157850366410657 -2.6700238807974926e-05 0.00030870920896837337 -6.7424881528700092e-06 -0.00019046901121236656 7.6995040267788755e-05 4.5050311255480114e-05 0.00035265768182470426 -0.00024068489383584991 -5.435650684837396e-06 0.0001614828907850126 -2.96096039486222e-05 -0.00027014353350442399 -4.0212676114552263e-06 2.1461965531490216e-05 1.2474920664985792e-05 -0.00025568578157445421 0.00087065148864785564 8.3603255489464497e-05 1.8749429634928751e-05 0.00027751864715480466 3.1482298918492892e-05 -2.8645016843311232e-05 -0.0004322417292149665 2.1242397222408914e-05 -2.9607128696311237e-05 -0.00017637601845847103 -2.6276333449776197e-05 3.3944288118208449e-05 -0.00015703368121498611 -0.00012361233750772443 -2.2700618086536833e-05 -0.0003062213253015714 7.300582842101618e-06 6.929581563221449e-06 1.179914526524956e-05 0.00017996175040740274 -9.6723182342613477e-05 0.00017739413104375811 -1.6325318456344886e-05 -3.2040038029412076e-05 1.3678608034257043e-05 -0.00025057568228278019 -1.687220371372908e-05 3.6067660099008697e-06 0.000240598587520074 1.3813057589176976e-05 -6.5818776530952088e-06 0.0001043296262291425
leaf_weight=681443.92606973648 10592.807065010071 500202.30964851379 437.82577466964722 154528.40067052841 133.13413286209106 26620.228885650635 7944.152725815773 231.37567949295044 901.65738916397095 150.74292027950287 148.63743209838867 43455.865864276886 121.65530920028687 238.90663886070251 179.94149506092072 492.6012157201767 457725.46154785156 243.55255436897278 1233.4869790077209 3490.8034286499023 311.49104392528534 121.35677623748779 173023.93357658386 298.84941864013672 6551.691881775856 167.41901707649231 769.28931283950806 8596.6708887815475 280.89269077777863 111.92955768108368 104.47684037685394 2896.4203498363495 12626.740463733673 263.98081016540527 427.60776329040527 922.81271111965179 117.24133026599884 10393.953280448914 3887.7930073738098 255.50900268554688 17840.564514160156 10317.963767647743 327.2213100194931 783.63185393810272 327.55103003978729 243.52347052097321 155179.66494357586 1553.6609480381012 3152.0614354610443 1369.2431044578552 124.66546607017517 664.0402547121048 726.59665942192078 9151.0093040466309 2322.1021546125412 193.74678587913513 3612.6672466993332 3945.1108790636063 427.10802173614502 1224.6051179170609 51830.821139097214 1939.3575600385666
leaf_count=718846 10254 512630 379 141165 103 25062 6922 182 740 113 102 41162 95 216 151 349 459065 194 1001 2917 222 96 166669 247 5797 135 782 7731 237 87 75 2285 11220 189 386 985 95 9381 3465 218 15553 8717 285 653 289 194 147065 1488 2713 1073 107 524 593 8016 2041 159 3169 3699 303 1023 48778 1582
internal_value=-2.26704e-08 2.73486e-06 7.93707e-06 3.13278e-07 -0.000164161 8.1876e-06 5.4882e-06 6.68396e-06 0.00012174 0.000251764 0.000467935 1.87141e-05 2.35124e-05 4.15808e-05 5.80356e-05 0.000219156 -3.02606e-06 1.08851e-05 5.13456e-05 8.43914e-05 0.000146463 3.3498e-05 -1.49976e-06 6.03209e-06 -2.7242e-05 -3.56816e-05 6.82183e-06 1.64773e-05 0.0001241 1.11266e-05 0.000102313 1.06779e-05 3.11134e-05 7.09578e-05 5.588e-05 8.36708e-06 -7.48832e-05 2.30616e-07 -4.04081e-06 -1.20109e-05 -7.38393e-06 3.67308e-05 -5.04391e-05 -3.62201e-05 -4.43481e-05 -0.000144249 8.58427e-06 4.01334e-05 4.5555e-05 8.04376e-05 0.000156774 0.000233964 -1.94432e-06 -5.79431e-06 1.71484e-05 -6.60751e-05 2.28433e-05 3.73979e-05 5.99336e-05 8.98193e-05 -1.93361e-06 6.93262e-05
internal_weight=2.3799e+06 1.24074e+06 394100 846635 570.96 393529 313212 304484 1713.31 811.649 299.38 80316.7 69468.3 26012.5 16933.3 672.543 1.13917e+06 9079.13 16260.8 5699.82 2209.02 10561 691067 302771 7017.96 6719.11 295753 8835.58 512.268 178907 873.766 178033 16542 3915.23 3651.25 155568 1040.05 116846 90225.9 10848.3 190864 10439.6 754.829 8727.78 4458.87 571.075 161491 6311.56 6199.63 3047.57 1493.91 975.531 85767.1 71375.8 14391.3 920.343 13471 9858.28 5913.17 3591.07 62224.8 3163.96
internal_count=2379974 1202063 364966 837097 482 364484 290637 283062 1374 634 215 73847 63375 22213 14072 500 1177911 8141 13572 4664 1747 8908 694852 281688 6179 5932 275509 7947 419 167755 857 166898 14365 3145 2956 142245 1080 107754 82692 10472 182222 8812 671 7575 3948 483 152533 5468 5381 2668 1180 746 78744 66175 12569 752 11817 8648 4949 2908 58159 2605
is_linear=0
shrinkage=0.05


Tree=38
num_leaves=63
num_cat=0
split_feature=276 36 57 34 16 52 224 224 223 190 236 202 19 21 13 2 292 16 36 191 16 22 34 211 357 17 22 355 259 36 334 198 2 313 113 194 313 320 198 339 1 109 49 292 317 198 358 270 16 194 1 327 198 49 2 358 2 358 178 219 49 314
split_gain=0.00798772 0.00690472 0.00580733 0.00554851 0.00497168 0.00492876 0.00474986 0.00588766 0.0096212 0.0201318 0.0164626 0.00364745 0.00395106 0.0034299 0.00402034 0.00326707 0.00302618 0.00301281 0.00277621 0.00652775 0.00265474 0.0034498 0.00393149 0.00273615 0.00250753 0.00241307 0.0025685 0.00237947 0.00235 0.00233807 0.00225328 0.00340755 0.00277969 0.00326813 0.00427661 0.00223192 0.0021941 0.00299897 0.00276908 0.00244727 0.00229731 0.00297053 0.00359626 0.00460216 0.00341811 0.00299394 0.00252027 0.00215068 0.00267153 0.0021446 0.00214266 0.00247232 0.00240615 0.00343616 0.00268364 0.00252907 0.0023438 0.00348506 0.00259549 0.00262603 0.00208109 0.00275787
threshold=0.17000202834606173 0.005629830528050662 0.80319777131080639 0.080304700881242766 0.0050246531609445819 0.00031649207812733954 2.6096313554546672e-08 1.8431746795499752e-08 2.5559538485708803e-08 0.002519236877560616 0.51512259244918834 6.9380275817820816e-05 0.0049909478984773168 0.001841007615439594 0.047293821349740035 0.0088308756239712256 -2.7519573178282548e-15 0.00078862643567845236 0.032103469595313079 0.042644077911973007 0.0052452280651777991 6.1550857935799299e-05 0.045424986630678184 4.7975765482988215e-05 -1.0060828328132627 0.0024223485961556439 0.039079457521438606 -0.22013366222381589 -0.20693901181221006 0.01387227699160576 0.58029478788375866 0.0023637576960027222 0.0041131246834993371 -0.0050728369969874612 -0.0051608553621917954 -0.0023761077318340536 0.028824141249060634 -0.0064638080075383178 0.0028966594254598026 0.058552747592329986 0.058548554778099067 77.868572235107436 0.40131869912147528 -0.3733526319265365 -0.015605216845870016 0.0038320850580930714 -0.49928793311119074 0.022955080494284633 0.010320878122001888 -0.00095391442300751794 0.058548554778099067 -0.0024408600293099876 0.0078237224370241183 0.25156012177467352 -0.028985786251723763 -0.013810948468744753 -0.0066539787221699944 0.30103680491447454 0.024731590412557129 6.1471033404814093e-05 0.18295665830373767 -0.049275567755103104
decision_type=2 8 2 10 2 2 2 2 2 2 2 2 2 2 2 2 2 2 10 2 2 2 10 2 2 2 2 2 2 10 2 2 2 2 2 2 2 2 2 2 2 10 2 2 2 2 2 2 2 2 2 2 2 2 2 2 2 2 2 2 2 2
left_child=3 2 5 4 29 20 7 11 25 10 -10 -3 18 -8 15 24 -16 -14 35 -20 23 22 -22 -2 47 -9 -27 -17 -5 30 32 -32 36 34 -34 -13 40 -38 -39 -40 -1 42 43 44 -42 -45 -44 48 -15 -11 51 -4 54 55 -52 -54 57 58 59 -56 61 -25
right_child=1 6 50 28 -6 -7 13 8 9 49 -12 12 17 14 16 27 -18 -19 19 -21 21 -23 -24 60 -26 26 -28 -29 -30 -31 31 -33 33 -35 -36 -37 37 38 39 -41 41 -43 46 45 -46 -47 -48 -49 -50 -51 52 -53 53 -55 56 -57 -58 -59 -60 -61 -62 -63
leaf_value=1.2087333673578958e-06 -3.10667383624122e-06 9.3797985640720256e-07 3.4727582379711501e-05 0.00021014878981622995 1.51904106060713e-05 1.1149054038784945e-05 6.963468002220426e-06 -9.7459506093895324e-05 6.3887637206986794e-05 0.00021187228835377526 0.00085706480511544506 -9.4006086250641334e-05 -4.7373595163621581e-05 -3.0125152558788523e-05 -3.3445138753191034e-05 -6.29057119304196e-05 -0.00020698736284625993 -1.6643482732680655e-05 3.2060771159091216e-05 0.00038503946121427619 -4.4415284075566145e-05 1.1800086025865233e-05 -0.00034858207411432352 -0.00013939470391628053 -2.8332383870291551e-05 8.3921252356444903e-06 0.00018044210192015521 0.00015128418544259526 6.2172663362778201e-05 -3.1669355916484799e-05 6.2710463280095064e-06 3.4571548279479575e-05 0.00034924661982529574 2.2592530913852676e-05 6.4833289223862085e-05 6.9750363020040114e-06 0.00023717795019595163 6.900897983244897e-05 0.00010364993895069178 -6.2569751448958536e-05 0.00027855900521623706 1.5956084359335738e-05 -0.00014392178119034031 -6.5270260451549207e-05 -5.0412723225370279e-06 -0.00016798565594723736 2.6803050052993753e-05 0.00018413082694710087 0.00013180226356270265 2.6791018068749796e-05 7.287097637494575e-05 -5.4198732408236581e-06 -0.00030285018241212817 -2.1290355225775462e-05 -0.0001142545114731704 -7.2103519659993148e-05 -1.069222337460686e-05 8.4133985176272107e-05 -0.00023204119830488417 -2.4525816983951394e-05 -1.0807943163428904e-06 5.2349091086651378e-06
leaf_weight=346282.03907477856 484293.72711551189 50688.209448814392 3873.6892700195312 307.04796779155731 96944.099580526352 114090.58906555176 8789.4927339553833 533.20939660072327 112.35117256641388 180.31282734870911 155.76007950305939 569.89371871948242 9031.8058910369873 957.73755657672882 474.2646017074585 181.98127746582031 534.28906345367432 68175.453592300415 773.75978088378906 155.78370666503906 656.72916638851166 59511.09073638916 124.9340568780899 328.00047302246094 47433.102142333984 29213.884474039078 216.55459403991699 441.15193176269531 2068.3617001771927 4888.0476951599121 72359.12648165226 12467.624267578125 179.85633456707001 3873.8368068933487 488.52459824085236 12666.910945892334 182.62283384799957 1849.0194383859634 281.37764310836792 1012.1953222751617 119.8077244758606 3350.9655020236969 238.97366571426392 2723.2436701059341 831.10549354553223 960.05013251304626 2098.6159811019897 211.42253112792969 344.76822650432587 1112.3852310180664 771.02326619625092 362644.81937038898 253.18925392627716 700.39305400848389 1333.7737089395523 225.12936198711395 11038.621518015862 403.12989616394043 230.98996710777283 2096.953831076622 270885.38996887207 279981.25019836426
leaf_count=343790 493696 62417 3211 230 105508 102442 8652 476 116 172 111 490 8763 907 409 155 444 73473 964 109 708 64551 99 266 50091 36023 159 343 1651 5805 75292 10979 142 3798 390 12558 144 1585 223 857 87 2859 200 2393 845 775 1747 160 307 1162 608 351738 196 545 1132 180 9928 330 182 1733 267687 262981
internal_value=-2.1489e-08 -1.61614e-06 -4.40662e-07 5.24034e-06 4.91154e-06 1.25893e-06 -9.65651e-06 -5.48102e-06 1.40662e-05 0.000135012 0.000527621 -9.81882e-06 -1.57859e-05 -2.18646e-05 -2.68744e-05 -2.48605e-05 -0.000125608 -2.02395e-05 8.48575e-06 9.19167e-05 2.29169e-07 1.0428e-05 -9.37961e-05 -3.64693e-07 -2.63102e-05 7.7575e-06 9.67028e-06 8.87305e-05 8.14609e-05 2.7175e-06 3.09174e-06 1.04313e-05 1.3835e-06 4.02445e-05 0.00014218 2.61388e-06 8.92861e-07 4.13077e-05 2.97816e-05 -2.63095e-05 5.15777e-07 -2.27255e-05 -4.13169e-05 -6.68126e-05 3.11998e-05 -9.21197e-05 9.2416e-06 3.70006e-05 1.28728e-05 5.28946e-05 -5.80153e-06 -4.99537e-06 -2.31254e-05 -9.19912e-05 -1.8001e-05 -0.000194998 -2.2649e-05 -5.50979e-05 -7.04639e-05 -5.94561e-05 2.04448e-06 5.06468e-06
internal_weight=2.3799e+06 1.8264e+06 1.59344e+06 553507 551131 1.20987e+06 232954 173586 31524.5 1560.81 268.111 142062 91373.6 59368.2 50578.7 49570.2 1008.55 77207.3 14166.3 929.543 1.09578e+06 60292.8 781.663 1.03549e+06 48947 29963.6 29430.4 623.133 2375.41 454187 449299 84826.8 364472 4542.22 668.381 13236.8 359930 3325.22 3142.59 1293.57 356605 10322.8 6971.8 4634.21 950.913 3683.29 2337.59 1513.93 1302.51 1292.7 383572 366519 17053.2 1178.71 15874.5 478.319 15103.5 4064.85 3661.72 3430.73 551195 280309
internal_count=2379974 1820674 1562213 559300 557419 1192430 258461 196993 38219 1561 227 158774 96357 61468 52816 51963 853 82236 14121 1073 1089988 65358 807 1024630 51465 36658 36182 498 1881 451911 446106 86271 359835 4330 532 13048 355505 2809 2665 1080 352696 8906 6047 4100 932 3168 1947 1374 1214 1334 369783 354949 14834 921 13913 376 13305 3377 3047 2865 530934 263247
is_linear=0
shrinkage=0.05


Tree=39
num_leaves=63
num_cat=0
split_feature=278 16 18 327 327 15 262 0 190 56 35 207 198 154 357 40 327 109 35 203 1 113 343 193 358 199 198 342 201 1 358 259 202 256 204 45 320 334 291 19 343 205 319 327 178 315 353 201 2 177 204 203 177 202 44 259 46 263 113 33 211 200
split_gain=0.00757367 0.0057794 0.00828199 0.00571466 0.00541747 0.00660521 0.0055118 0.00440702 0.00414239 0.00396962 0.00393352 0.00437585 0.00397173 0.00344852 0.00340681 0.00495257 0.00277503 0.00270892 0.00381076 0.00302348 0.00364277 0.00335155 0.00453215 0.00577884 0.00305938 0.00378363 0.00312879 0.00732693 0.00417337 0.00335819 0.00394266 0.00381356 0.00334606 0.00475776 0.00356778 0.00452418 0.00327919 0.0030203 0.00276012 0.0026706 0.00278274 0.00260576 0.00289176 0.00257427 0.00338232 0.00316601 0.00369619 0.00311438 0.00383844 0.00459334 0.00649522 0.00353136 0.00322279 0.00316803 0.00301746 0.00329493 0.00297272 0.00358708 0.00299921 0.00288967 0.00256423 0.00256368
threshold=0.75998806953430187 0.0045928549952805051 0.0064453412778675565 -0.00061960669700056304 0.0030056949472054843 0.045744378119707114 0.0023873945465311412 0.016884380951523784 -0.010240884497761725 0.80142393708229076 0.0062993702013045558 5.6601025789859711e-05 0.0078237224370241183 -2.5624889531172809e-05 0.053088555112481124 0.00061520925373770307 -1.0000000180025095e-35 93.211784362792983 0.061011949554085738 5.1107585022691644e-05 0.042456107214093215 0.079488985240459456 0.20281387120485309 0.018987774848937992 -0.016611761413514611 0.0010794633417390289 0.0078237224370241183 1.0000000180025095e-35 0.0002057454039459117 0.012938276864588262 -0.073948990553617464 -0.065061919391155229 0.0011079744435846808 0.1637881621718407 0.00064723013201728474 0.0014120363630354407 -0.01153974514454603 0.5234544873237611 4.7403626441955575 2.5720773919601928e-05 -0.060270186513662331 0.0010048646945506336 -0.00033622115734033281 -1.1558734627215015e-06 0.027532171458005909 0.022420332767069343 0.37279473245143896 0.00058526580687612306 0.0012673122109845283 -0.0040656910277903071 0.00021619076142087581 0.00052115120342932652 0.027781108394265178 0.0017243722104467454 0.038102367892861373 0.27890858054161077 0.01210726657882333 0.0034615544136613612 0.020341227762401107 0.032877722755074508 0.00051747847464866947 0.00027402071282267576
decision_type=2 2 2 2 2 2 2 2 2 2 10 2 2 2 2 10 2 10 10 2 2 2 2 2 2 2 2 2 2 2 2 2 2 2 2 10 2 2 2 2 2 2 2 2 2 2 2 2 2 2 2 2 2 2 10 2 2 2 2 10 2 2
left_child=1 2 9 7 13 6 -6 17 -4 43 12 -12 16 -5 41 -16 -3 19 38 20 -2 24 -23 -24 26 -26 28 -28 -21 -30 32 -32 34 -34 -31 -36 -29 -25 60 -13 -41 42 -9 45 47 -1 -47 -45 51 50 -50 53 -51 56 -46 -56 -49 58 -58 -54 -19 -33
right_child=3 10 8 4 5 -7 -8 14 -10 -11 11 39 -14 -15 15 -17 -18 18 -20 21 -22 22 23 37 25 -27 27 36 29 30 31 61 33 -35 35 -37 -38 -39 -40 40 -42 -43 -44 44 54 46 -48 48 49 52 -52 -53 59 -55 55 -57 57 -59 -60 -61 -62 -63
leaf_value=3.7651479647746528e-06 1.31514127676376e-06 8.7883585146841414e-06 -3.0454870960346559e-05 -8.5887808981698223e-06 -0.00016957029638152345 -0.00033898890384424638 0.00013618272957116478 4.5759101148576013e-05 -6.294742315506078e-06 7.4143682376129456e-06 3.7739882054797354e-06 -0.00018472518600899312 -0.0002567404864724882 -1.7368987902023404e-06 0.0004398240792721088 8.1978499412532576e-05 -1.6527843122515644e-05 -6.7852299905218396e-06 -9.9282657183563213e-05 1.5153327877320968e-05 -3.6591305760231948e-05 3.6792373624100919e-06 -1.8425457897660341e-05 -0.00027640696465088015 8.3099074026038424e-06 -8.6083894169692603e-05 -0.00019499372813442181 0.00016350008806383391 6.9808120891860256e-06 4.9973689519962642e-05 3.739516146177945e-05 3.5349016878775507e-05 8.9419970436431401e-05 0.00041204567875157338 -0.00036350342414423378 -5.9150585018040143e-06 -8.5394845775365219e-05 -8.725784675495666e-05 -0.00018037824624375515 4.3380750369925302e-05 1.8675348042704916e-05 0.00021023784600116729 -9.1677452157650172e-05 -1.826513865251771e-06 -3.0135380005341862e-05 4.4877624785049683e-05 0.00030519676633029727 1.6961235409614574e-05 0.00052287038301155112 2.2174902761282705e-05 9.0761957626842225e-05 -1.4611142080561368e-05 0.00037642124540949643 0.0002648606522963168 2.1796637410335698e-05 0.00030466686003709995 0.00028188643059439219 1.3680834077122737e-06 3.7397007749720046e-06 4.2433694537418516e-05 3.1920819747563063e-05 0.00022925663579540499
leaf_weight=293479.56331634521 97192.166007399559 28303.768595457077 26719.296142578125 398851.87888109684 342.08572483062744 262.32857894897461 255.95596599578857 2735.8682315349579 52798.870361328125 281657.00993251801 50901.064315795898 153.19898748397827 150.194091796875 340320.16735303402 130.61489593982697 361.75331270694733 17525.234746217728 67374.910987973213 1082.9114513397217 22843.828006982803 6778.0114440917969 5557.3606872558594 1420.0972319841385 428.57060849666595 61160.125805020332 1078.365608215332 513.08672404289246 338.40149652957916 3089.9445439577103 5759.1869673728943 632.29594135284424 212.23234724998474 599.18339395523071 139.76240682601929 113.95132315158844 373.26858079433441 214.88824427127838 419.22019052505493 221.32601976394653 13749.28230714798 66661.064817428589 203.66310882568359 443.03312921524048 477963.51267194748 13892.76944732666 2413.6294188499451 142.63376474380493 13228.745274066925 126.5685076713562 1864.8170984983444 272.2091451883316 9136.3484725952148 128.33390808105469 134.60039901733398 463.06894850730896 130.50852799415588 343.84228193759918 400.95867538452148 134.72590243816376 129.86785221099854 4567.1845831871033 881.13242316246033
leaf_count=296086 94545 29738 27291 408129 285 203 191 2303 56303 274299 63371 135 118 342819 93 287 18715 62130 912 21008 6095 5460 1409 341 55526 862 411 258 2788 4837 540 177 510 99 95 355 173 403 178 13013 71373 150 369 474178 12292 2119 105 11317 88 1599 216 7649 91 101 393 98 253 334 121 116 3832 689
internal_value=-2.03494e-08 2.43694e-06 1.16733e-06 -3.25799e-06 -5.58028e-06 -0.000130828 -3.86933e-05 2.73283e-06 -1.44135e-05 2.29774e-06 1.0848e-05 1.52505e-05 -1.73985e-06 -5.43414e-06 5.56802e-05 0.000178303 -8.92979e-07 2.00744e-06 -6.27061e-06 4.8983e-06 -1.15671e-06 1.08499e-05 -2.06351e-05 -8.01671e-05 1.33656e-05 6.67169e-06 2.5031e-05 -5.92527e-05 2.76286e-05 5.1771e-05 6.76535e-05 0.000135302 5.09077e-05 0.000151388 3.89762e-05 -9.06922e-05 6.68742e-05 -0.000183301 -4.87212e-06 2.25013e-05 2.29007e-05 3.77363e-05 2.65594e-05 5.28136e-07 -1.59629e-06 4.24794e-06 5.96301e-05 -9.11405e-07 1.59744e-05 7.45563e-05 0.000229834 9.64958e-06 4.52008e-05 2.52119e-05 -2.54146e-05 8.48049e-05 2.28883e-05 0.000111796 0.000203924 0.000210053 -4.32719e-06 0.000191751
internal_weight=2.3799e+06 1.35301e+06 1.17556e+06 1.0269e+06 740032 860.37 598.042 286866 79518.2 1.09604e+06 177444 131465 45979.2 739172 3874.93 492.368 45829 282991 73246.3 209745 103970 105775 7825.25 2267.89 97949.7 62238.5 35711.2 1066.38 34644.8 11801 8711.01 1725.66 6985.35 738.946 6246.41 487.22 553.29 847.791 72163.4 80563.5 80410.3 3382.56 3178.9 814387 518351 296036 2556.26 503865 25901 2521.8 398.778 23379.2 2123.02 14242.9 14486.3 593.577 14108.3 879.527 478.568 258.202 71942.1 1093.36
internal_count=2379974 1361512 1165049 1018462 751627 679 476 266835 83594 1081455 196463 147892 48571 750948 3202 380 48453 263633 67052 196581 100640 95941 7613 2153 88328 56388 31940 842 31098 10090 7302 1406 5896 609 5287 450 431 744 66140 84521 84386 2822 2672 807156 508846 298310 2224 496063 21885 2110 304 19775 1806 12126 12783 491 12025 708 374 207 65962 866
is_linear=0
shrinkage=0.05


Tree=40
num_leaves=63
num_cat=0
split_feature=276 36 16 0 193 47 21 1 197 346 315 43 36 315 355 261 314 109 320 203 265 42 187 259 46 355 211 1 186 224 197 35 356 19 51 205 0 345 259 76 0 197 203 259 0 313 2 46 199 355 292 272 349 46 258 318 46 175 203 259 355 19
split_gain=0.00732643 0.00583344 0.00512554 0.00615329 0.00622783 0.00613604 0.00442136 0.00409733 0.00657113 0.00497589 0.00379498 0.00376883 0.00416328 0.00376729 0.00369385 0.00365651 0.003975 0.00619672 0.00366274 0.00350401 0.0034959 0.00342583 0.00333917 0.0040981 0.00361917 0.00329247 0.00308431 0.0037002 0.00332456 0.00302308 0.00298413 0.00296305 0.00294823 0.00418198 0.00332021 0.00294261 0.00292362 0.00313509 0.00327452 0.00290037 0.00555133 0.0129471 0.00737191 0.00402974 0.00863753 0.00570797 0.00601318 0.00423942 0.00409436 0.00389303 0.00328778 0.00408261 0.00299466 0.00287587 0.00404613 0.00458725 0.00472391 0.0081065 0.00284993 0.00279791 0.00278968 0.00275438
threshold=0.65653142333030712 0.0053965398110449323 0.0054929989855736503 -0.0092655885964632017 0.060039883479475982 0.053316168487071998 0.010018051601946356 0.058548554778099067 0.005286816507577897 -0.11827729269862174 -0.028323010541498658 0.00041150477773044264 0.0027922049630433325 0.018683663569390777 -0.024639180861413475 495280.96875000006 0.016507221385836605 85.364219665527358 -0.039506340399384492 0.00020911459432682025 0.0023297502193599944 0.0038164812140166764 0.056259701028466232 0.52459830045700084 -0.020022383891046044 -0.068802747875452028 8.8878758106147884e-05 0.019340954720973972 -0.0095897014252841455 -0.012097537517547606 0.005286816507577897 0.050465770065784461 -0.013075301889330147 0.045606754720211036 7.0371657784562571e-05 2.139127172995359e-05 -0.010033178608864544 0.2212169095873833 0.36012022197246557 0.050620874390006072 0.011476432438939812 0.005286816507577897 0.00081295351264998328 0.20485243946313861 0.0021629750262945895 0.028824141249060634 -0.013270361814647911 -0.0047893538139760486 0.00023674937983741986 -0.078056957572698579 0.57604920864105236 0.0026691302191466097 -0.16585867851972577 0.0019530436838977041 0.37083160877227789 0.018081404268741611 0.015021945349872114 0.010308609809726478 0.0010060375207103791 0.55131733417510997 -0.01289221318438649 2.5720773919601928e-05
decision_type=2 8 2 2 2 2 2 2 2 2 2 10 8 2 2 2 2 10 2 2 2 8 2 2 2 2 2 2 2 2 2 10 2 2 2 2 2 2 2 2 2 2 2 2 2 2 2 2 2 2 2 2 2 2 2 2 2 2 2 2 2 2
left_child=2 7 3 4 15 6 32 35 10 -10 29 -4 61 -11 19 -1 18 -18 -17 21 -14 31 24 -24 -21 -19 27 -7 -29 -9 -8 -3 33 -5 -34 -2 37 38 -12 40 -28 42 50 45 48 47 -47 -41 -45 59 51 -42 -53 -37 -55 56 60 -58 -51 -46 -56 -13
right_child=1 14 11 5 -6 26 30 8 9 13 36 12 20 -15 -16 16 17 25 -20 22 -22 -23 23 -25 -26 -27 39 28 -30 -31 -32 -33 34 -35 -36 53 -38 -39 -40 43 41 -43 -44 44 49 46 -48 -49 -50 58 -52 52 -54 54 55 -57 57 -59 -60 -61 -62 -63
leaf_value=4.5188230107562785e-06 -9.3039358065303185e-06 7.7374246534774168e-06 -2.5845838972354656e-05 3.8188022583050141e-06 0.00012044131856603464 6.5940413840300435e-06 -2.1504426937046218e-05 0.00015854696397542254 -0.00019785323129576878 -8.0248383049214169e-05 -2.8452934852479379e-05 -0.0002252607614522768 3.4326775452168821e-07 0.00020528278919537186 -6.719357149221222e-06 0.00018792070695616188 1.4661099024292207e-05 0.0004825392692855416 1.8074704503325737e-05 -6.2368506141277785e-05 1.6941882431143431e-05 -2.362304090296958e-05 -0.0001422843977279525 0.00015203196337057218 -1.5358735262083928e-05 0.00017465008293166204 1.032648702321033e-05 -9.7653363745444188e-05 -4.5967845145844241e-06 1.1363614184511402e-05 -0.0002893562728930969 0.00019029391843994887 -1.5110278490458712e-06 0.00027780736806724913 -1.0188623012278653e-05 -3.8444382738931797e-07 -2.3416681027206821e-05 0.00022707178776436949 0.00015437259663052667 0.00025239464423195589 2.5850234160013846e-05 0.0004088999655237476 0.00027034688554661274 -1.0960158151067499e-06 2.1164105517044161e-05 0.00039508571591256246 6.6940066143255064e-05 -6.6669848715776194e-06 -0.00016853773219114242 -1.6539963993131792e-05 -3.4000842026150519e-05 0.00034991905196921883 0.00010265697564373763 3.9319883479973618e-06 9.6533865157393363e-05 -2.0691408279017659e-05 5.5211859362202408e-05 0.00056548925884271513 -0.00016860271214400542 0.00017138977756342666 -3.6586716810983273e-06 2.252689432613172e-05
leaf_weight=105792.30741882324 94305.78267288208 8851.0478677749634 7268.4002952575684 144085.9640827179 1274.8895111083984 145346.18714904785 28013.903091430664 525.01795315742493 885.6677018404007 518.22673785686493 937.9999932050705 110.38451445102692 91004.76218521595 146.50802612304688 89298.766345977783 317.84218597412109 606.89568436145782 120.35417854785919 42381.576601028442 7017.7736916542053 48693.553338050842 24553.950561523438 1276.2195324897766 128.70673704147339 9828.4283652305603 314.84413695335388 127956.79347991943 965.85752487182617 115359.73888015747 1033.1454439163208 102.38592529296875 226.00545787811279 391238.03871643543 137.4051513671875 153471.23337554932 611029.14916419983 24096.531310558319 209.81652593612671 329.2502783536911 158.18500244617462 3922.4194556474686 248.21734619140625 336.42571628093719 482.77410662174225 1254.3887375593185 163.49098467826843 901.287442445755 11174.290867686272 1496.0173001289368 1675.0376145839691 1498.9103235006332 137.86845803260803 1019.8422712087631 11148.447358131409 2510.963382601738 1376.7236328125 186.04861330986023 132.41941475868225 375.73899841308594 409.97815442085266 960.00479328632355 58055.915902376175
leaf_count=101235 100274 8810 7620 143668 917 153827 29981 409 696 415 766 98 106629 108 103767 257 546 84 39031 6754 53124 25270 1022 95 8856 247 117300 870 112249 927 86 166 394176 131 148400 593789 21460 157 256 114 3585 182 263 422 1011 113 734 9313 1192 1481 1282 94 827 10168 2101 1152 161 93 303 308 913 59095
internal_value=2.40624e-08 -3.56022e-06 2.17172e-06 9.9815e-07 1.04856e-05 -2.65887e-07 -3.06611e-06 -1.8058e-06 -2.03384e-05 -0.000120387 -1.46128e-05 9.51019e-06 1.08092e-05 -1.68901e-05 -1.28843e-05 9.54652e-06 2.17056e-05 0.000118097 1.93477e-05 -2.34945e-05 6.12908e-06 -1.39208e-05 -4.11324e-05 -0.000115144 -3.49471e-05 0.000261615 4.57377e-06 1.27496e-06 -5.3711e-06 6.10962e-05 -2.25003e-05 1.23237e-05 -2.27291e-06 4.08369e-06 -3.95596e-06 -1.06916e-06 -1.923e-05 4.90091e-05 1.92162e-05 1.02077e-05 1.2725e-05 5.55513e-05 4.2754e-05 -8.59238e-06 -4.34047e-05 7.401e-06 0.000117971 -3.00696e-06 -0.000127729 1.55314e-06 3.10372e-05 5.02327e-05 0.000132655 1.68759e-07 2.08853e-05 5.74545e-05 8.58413e-05 0.000269591 -4.45377e-05 5.833e-05 6.88363e-05 2.20489e-05
internal_weight=2.37939e+06 891513 1.48787e+06 1.28274e+06 150809 1.13193e+06 717049 750332 28682.2 1550.4 27131.8 205133 197865 664.735 141181 149534 43741.5 1042.09 42699.4 51882.1 139698 33631 18251.1 1404.93 16846.2 435.198 414883 261672 116326 1558.16 28116.3 9077.05 688933 144223 544709 721650 25573.6 1477.07 1267.25 153212 135120 7163.68 6915.47 18091.2 5693.93 12397.3 1064.78 11332.5 1978.79 3715.14 6579.04 5080.13 1157.71 627344 16314.6 5166.16 3789.44 318.468 2050.78 1664.37 3470.97 58166.3
internal_count=2379380 888585 1490795 1264229 142317 1121912 716442 733845 25194 1219 23975 226566 218946 523 154740 141400 40165 877 39288 50973 159753 34246 16727 1117 15610 331 405470 266946 113119 1336 30067 8976 686375 143799 542576 708651 22639 1179 1022 138524 123533 6233 6051 14991 4717 10274 847 9427 1614 3103 5788 4506 921 608377 14588 4420 3268 254 1784 1319 3014 59193
is_linear=0
shrinkage=0.05


Tree=41
num_leaves=63
num_cat=0
split_feature=344 16 108 276 186 197 21 348 49 174 2 2 201 2 24 175 197 15 346 292 1 23 194 35 346 322 201 109 12 313 205 49 197 349 200 327 201 202 310 291 203 218 202 197 108 14 202 1 337 45 228 333 349 333 48 175 303 327 199 342 202 11
split_gain=0.00755695 0.0057849 0.0070569 0.00496875 0.00468923 0.00731156 0.00500196 0.00452409 0.00451269 0.00577256 0.00443513 0.00434248 0.00597683 0.00427756 0.00416913 0.00411807 0.00390513 0.00379682 0.00356126 0.00353017 0.00402374 0.00442386 0.00386857 0.00350165 0.00735291 0.004046 0.00395517 0.00345622 0.00590941 0.00880365 0.0100046 0.00518196 0.00798939 0.00925995 0.00479592 0.00430993 0.00416058 0.0114435 0.00343948 0.00343679 0.00666402 0.003425 0.0040525 0.00335557 0.00331239 0.005464 0.00827306 0.00578238 0.00416669 0.0038222 0.00345706 0.00502732 0.00330337 0.00325924 0.00348214 0.00324786 0.003163 0.00366987 0.00314606 0.00327055 0.00314277 0.00311177
threshold=-0.015880404040217396 0.0036976659903302793 11.047673702239992 0.44000941514968878 0.052775375545024879 0.003443555324338377 0.0064516405109316119 0.0074444799683988103 0.072977602481842055 0.0069020304363220939 -0.020261585712432858 0.002011815551668406 0.00031231351022142922 1.0000000180025095e-35 1.7697700059216007e-05 0.013205948751419784 0.0031349183991551404 0.037286186590790756 -0.1286416873335838 0.093963835388422026 0.06795790791511537 0.005603921366855503 -0.0018642169306986032 0.029364740476012233 0.0042928606271743783 0.0079142027534544485 0.00040190704748965805 67.870380401611342 0.037447184324264533 0.0083766877651214617 9.38359953579493e-05 0.18470682948827746 0.005286816507577897 -0.04824510030448436 0.00026357598835602408 0.0021154473070055251 0.0011068888125009837 0.00037808679917361593 -0.017091174609959122 1.7171469926834109 0.00014438734069699424 8.8987861090572564e-05 0.0017243722104467454 0.0025808358332142238 14.745017528533937 0.026895518414676193 0.0017243722104467454 0.06795790791511537 -0.034198407083749764 0.00026699969021137809 -0.13684612512588498 0.62862518429756176 -0.20383121818304059 0.061264716088771827 0.03960689157247544 0.054502528160810478 0.0098713482730090635 0.0030056949472054843 0.0010794633417390289 -1.0790454745292661 0.00023268548102350908 -0.0066517172381281844
decision_type=2 2 2 2 2 2 2 2 2 2 2 2 2 2 2 2 2 2 2 2 2 2 2 8 2 2 2 8 2 2 2 2 2 2 2 2 2 2 2 2 2 2 2 2 2 2 2 2 2 10 2 2 2 2 2 2 2 2 2 2 2 2
left_child=1 2 10 44 11 6 -6 41 9 23 58 19 -13 15 -3 16 -11 -7 -19 22 27 -22 -5 26 25 -25 -9 28 31 -30 -31 32 36 -34 -32 -33 -21 -38 -10 -14 -41 42 -4 -40 45 46 -2 48 49 -47 51 -50 -12 -17 -55 -43 57 -16 -1 -60 -26 -45
right_child=3 14 7 4 5 17 -8 8 38 13 52 12 39 -15 56 53 -18 18 -20 20 21 -23 -24 24 60 -27 -28 -29 29 30 34 35 33 -35 -36 -37 37 -39 43 40 -42 55 -44 61 -46 47 -48 -49 50 -51 -52 -53 -54 54 -56 -57 -58 -59 59 -61 -62 -63
leaf_value=-3.8306982393030879e-05 4.6090956803069563e-06 -0.00027938600135987002 3.4986400599696346e-06 -2.34988009887816e-05 -1.5996038485702957e-06 0.00011576920524519054 -8.7432545282961849e-05 2.5258107393194965e-05 8.1295603136301468e-05 0.00012146232276714166 -7.165778877828235e-05 4.692221480852862e-06 4.8006699686514979e-05 -4.5597643278754595e-05 1.2193874398931814e-05 0.00017981348853612371 0.00032795235153929112 -0.00017140105206242063 -5.0955299252104416e-05 2.6424316932578402e-06 -8.7710955204557147e-05 8.8185205593086823e-05 -2.8545382895819949e-06 4.7443978921520261e-05 -6.8246070291293074e-05 -0.00024718685531741058 0.0001625204588690613 -2.1177187017738814e-05 -7.1767088961662085e-06 0.00059995510936819798 -7.6275181444331454e-05 -1.5474710035726806e-05 0.00058754629472402425 3.6572884902070322e-05 0.00020893357919213979 -8.9407629072769848e-05 0.00055437889708206066 -4.9824600834415719e-07 8.1993623897343899e-06 0.0004952724093268626 9.6319144164084246e-05 -3.4700017109154938e-06 0.00021457961059989942 0.00023357055920489477 -2.0724372023536781e-06 0.00024759893076739401 -0.00017685429739240719 8.6170714926069215e-06 0.00027855012344489338 2.0344824785106268e-05 5.7560890956453889e-05 3.6963600025092951e-05 -4.387394604669339e-06 -0.00012979711784280904 5.819361087873003e-05 -0.00021244642642464595 3.8836109642738728e-05 -0.00027847971653496514 -5.3830721113796393e-05 -0.00029536827943330886 -0.00025380815298456995 -2.3389977907440469e-05
leaf_weight=10728.828247070312 219018.64672768116 118.07609272003174 506666.07893872261 23741.220273971558 9847.0259574651718 177.07933044433594 2048.8834358453751 16158.487160205841 1534.4784638881683 1936.3331408500671 1933.6601748466492 27728.874031066895 3638.1522644758224 556.81072294712067 80485.280138969421 310.39284944534302 258.92696142196655 1517.4342219829559 1033.3939487934113 35045.956826090813 2978.0964250564575 404.55235958099365 513052.68480336666 2565.5185055732727 1673.5141308307648 120.09146702289581 540.52560663223267 53791.256352782249 1231.0941557884216 131.29804515838623 205.00095558166504 38192.357554316521 124.84793102741241 191.93096911907196 514.74658584594727 2076.637523651123 126.58977651596069 334.94912767410278 139063.35390090942 125.87081372737885 585.87919688224792 242450.83786010742 225.48947143554688 117.13155555725098 367646.03466796875 204.37079930305481 627.9066162109375 4702.7911224365234 726.77919471263885 1793.7580115795135 620.18293654918671 306.62492394447327 31912.620847940445 362.7060079574585 756.9053065776825 184.0706787109375 12496.336303710938 106.73739624023438 324.80572545528412 246.02670252323151 262.83409333229065 10796.941353082657
leaf_count=10296 242386 103 508663 25855 8595 135 1753 14519 1270 1495 1798 28718 3062 492 83258 226 184 1205 820 34029 2628 403 528868 2284 1421 93 411 49237 1056 91 160 37225 91 156 381 1792 96 283 132927 90 523 231094 167 89 357814 145 507 4158 540 1621 528 240 30801 298 638 145 11623 83 265 191 205 9150
internal_value=2.30085e-08 3.15367e-06 2.01229e-06 -2.5132e-06 -5.31147e-06 -3.33334e-05 -1.63952e-05 2.95287e-06 1.01422e-05 2.96e-05 -1.72908e-05 -4.72948e-06 1.32424e-05 8.32977e-05 1.50524e-05 0.000103109 0.000146094 -0.000107132 -0.000122684 -5.58724e-06 -1.28035e-05 -6.66347e-05 -3.76767e-06 1.90604e-05 -1.94488e-05 3.40949e-05 2.972e-05 -1.14226e-05 -4.71031e-06 7.83537e-05 0.000201806 -6.98519e-06 6.84841e-06 0.000256045 0.000127713 -1.92916e-05 4.61092e-06 0.000153427 6.86666e-06 6.7719e-05 0.000168063 1.25495e-06 3.59339e-06 6.10408e-06 8.63854e-07 5.59853e-06 4.08874e-06 4.52816e-05 9.24687e-05 4.3813e-05 0.000151138 0.000207078 -8.2346e-06 3.70097e-05 -2.83017e-06 -3.63029e-06 1.54319e-05 1.1802e-05 -4.44109e-05 -0.0001586 -9.36696e-05 -2.05899e-05
internal_weight=2.37939e+06 1.06489e+06 971687 1.31449e+06 718846 14623.8 11895.9 926541 177015 25503 45145.9 704222 32078.8 4182.07 93206.4 3625.26 2195.26 2727.91 2550.83 672143 135349 3382.65 536794 21321 4621.96 2685.61 16699 131967 78175.4 2082.14 851.046 76093.3 35824.3 316.779 719.748 40269 35507.5 461.539 151512 4349.9 711.75 749526 506892 149977 595647 228001 219647 8354.51 3651.72 1998.13 1653.59 1033.4 33846.3 1430 1119.61 242635 93088.4 80592 11299.7 570.832 1936.35 10914.1
internal_count=2379380 1044189 949122 1335191 727252 12508 10348 905771 165702 22266 43351 714744 32393 3333 95067 2841 1679 2160 2025 682351 127628 3031 554723 18933 4003 2377 14930 124597 75360 1688 632 73672 34655 247 541 39017 34408 379 143436 3675 613 740069 508830 142166 607939 250125 242893 7232 3074 1766 1308 780 32599 1162 936 231239 94964 83341 10752 456 1626 9239
is_linear=0
shrinkage=0.05


Tree=42
num_leaves=63
num_cat=0
split_feature=344 276 219 186 201 15 2 201 49 36 34 19 0 354 49 36 236 202 356 24 20 292 1 46 1 113 23 46 356 208 49 113 49 202 49 46 349 256 322 0 337 174 218 47 334 226 70 49 193 179 349 218 7 176 337 345 291 46 45 203 15 47
split_gain=0.00681952 0.00452058 0.0042342 0.00420989 0.00498511 0.00451693 0.00405488 0.0072515 0.00685402 0.00501851 0.00384129 0.00410277 0.00364957 0.00506982 0.00443359 0.00350359 0.00392511 0.003714 0.004119 0.00745242 0.00334993 0.00329439 0.0033318 0.00417682 0.00507975 0.00415325 0.00426014 0.0053488 0.00549468 0.00361954 0.00499324 0.00356355 0.00327863 0.00321721 0.00406904 0.00315606 0.00304332 0.00361703 0.00300427 0.00301516 0.00858048 0.00297154 0.00286683 0.00285404 0.00285152 0.00283395 0.00283226 0.00290695 0.00282012 0.00275009 0.00602029 0.00274194 0.00270157 0.00302448 0.00298089 0.002823 0.00280219 0.00251234 0.00562013 0.00248652 0.0024686 0.00244173
threshold=-0.015880404040217396 0.35001687705516821 0.00011224847912671977 0.052775375545024879 0.0016375887207686903 0.042332733049988754 0.002011815551668406 0.00050197876407764863 0.18120853602886203 0.032103469595313079 0.071415506303310408 0.033172463998198516 -0.027349223382771012 -0.093632847070693956 0.34932442009449011 0.005629830528050662 0.88047674298286449 7.6024953159503652e-05 -0.77990579605102528 0.0035031692823395137 0.0073783155530691156 0.093963835388422026 0.06795790791511537 0.0019530436838977041 0.023028003051877025 0.01876886282116175 0.00037037258152849978 0.015021945349872114 0.010243621189147236 0.00017867950373329225 0.092586815357208266 -0.0052888684440404168 0.053906349465250976 0.0017243722104467454 0.51047781109809887 0.016889229416847232 0.19406685233116153 -1.0000000180025095e-35 0.0032072393223643307 0.019893051125109199 0.021542237140238289 0.010572127066552641 0.00010897588072111831 0.018562812358140949 0.34516122937202459 -1.8031398596463074e-08 0.050605541095137603 0.054907722398638732 0.016368031501770023 -0.069018386304378496 -0.14990293979644773 3.0668150429846726e-05 0.071385364979505553 0.034295151010155685 0.029573886655271057 0.16951742023229602 0.80002906918525707 -0.018992890603840348 0.0034327091416344051 0.00042634631972759968 0.032503612339496619 0.027675488963723186
decision_type=2 2 2 2 2 2 2 2 2 10 10 2 2 2 2 8 2 2 2 2 2 2 2 2 2 2 2 2 2 2 2 2 2 2 2 2 2 2 2 2 2 2 2 2 2 2 2 2 2 2 2 2 2 2 2 2 2 2 10 2 2 2
left_child=2 10 35 6 20 -6 15 9 -9 -8 33 36 13 59 -15 16 21 -17 19 -19 32 -3 23 24 -23 26 -25 -28 -29 38 -31 -24 -5 41 -35 51 -12 -38 39 -26 -41 46 48 -43 -16 -45 -2 -48 -14 50 -44 -1 53 -34 55 -54 -57 58 -50 -4 -40 -51
right_child=1 3 12 4 5 -7 7 8 -10 -11 11 -13 42 14 44 17 -18 18 -20 -21 -22 22 31 25 29 -27 27 28 -30 30 -32 -33 52 34 -36 -37 37 -39 60 40 -42 43 49 45 -46 -47 47 -49 57 61 -52 -53 54 -55 -56 56 -58 -59 -60 -61 -62 -63
leaf_value=4.3026242368815075e-06 2.8593749409040641e-07 -3.450462423392186e-06 8.3944848726193785e-05 -0.0001273828743241379 9.1236502889212713e-05 -0.00013211379006596466 3.5357868481775743e-06 0.00038890735609136464 6.8237104852535187e-05 0.00019264081090458404 5.4083012196265642e-05 0.00032289941776341422 8.9495801002593887e-06 8.0485010046368806e-06 0.00013039339684579071 -2.2317445378882951e-06 3.1394743147176059e-06 0.0002169222066751512 -2.0730821040416803e-05 -7.153370509685882e-07 -7.0718136183938525e-05 -6.6017403071348955e-06 6.1319923435602263e-05 -8.573083816670595e-06 -3.3992737357403016e-05 -7.0658078083989578e-05 5.6424367806327374e-05 0.00051897054016192832 8.073387580823556e-05 -0.00012276424967838114 -3.7862638728475029e-05 -0.00010395461429783294 -2.1056158114247264e-05 -1.8883513697441439e-05 -0.00021075496520705323 -4.1167939395629746e-05 -0.00014239661442570434 5.7126114580499746e-05 4.5496260289428065e-06 -1.546381049408889e-05 0.00044878390438119294 0.00020892071868234879 -0.00016049088374961833 -4.0693101596287062e-06 0.00031948501008680357 2.2652607223411008e-05 -0.00017017628918728378 -2.7480783632185886e-05 5.5352679717787922e-05 2.2616962231800422e-05 8.7168983024188895e-05 -1.8297866616974889e-06 4.1503003622357404e-05 0.00014528868276690173 -2.3644072987354051e-05 7.8973905935140955e-05 0.00032427548014527728 2.2357877648648763e-05 0.0003617747869400893 -9.7895098028641543e-05 0.00014209162372956534 -2.5630003453329323e-08
leaf_weight=353002.4954829216 449132.72849547863 346659.49840009212 304.30787837505341 547.27866625785828 258.39168548583984 1755.7031021118164 32863.545144081116 175.61061549186707 2734.518306016922 352.62678813934326 4317.0222780704498 126.25057077407837 137028.33703410625 471.45655477046967 563.73843598365784 56498.42679977417 169498.61510848999 502.74422490596771 80633.850158691406 1782.0893932580948 2606.7410683631897 61095.339179039001 396.11244142055511 2700.8969135284424 15514.462372422218 998.07156813144684 3345.9470762014389 129.76607167720795 158.39449846744537 2131.2264738082886 9222.9491777420044 1814.6086393594742 8388.3849847316742 903.7146520614624 396.3073205947876 4433.61474609375 470.90530371665955 435.49714040756226 5016.798921585083 488.59556400775909 122.9515780210495 184.36632800102234 277.61856031417847 15695.367004156113 311.13554811477661 26969.003944635391 391.33574235439301 3870.8840619325638 1683.0439163446426 12946.491261482239 2009.3162541389465 376888.60266160965 1082.2621855735779 280.47507953643799 1022.6030275821686 264.94163405895233 208.1729120016098 26363.532040596008 162.39843559265137 485.04419994354248 346.92819404602051 147962.66386461258
leaf_count=362498 461545 345083 253 455 191 1393 33777 126 2200 282 3538 87 130762 451 426 70213 168484 362 88401 1831 2339 57975 332 2368 15109 848 2922 94 137 1738 8084 1581 7310 733 317 4187 413 359 4752 406 96 175 220 15010 215 27766 319 3458 1461 12070 1657 373015 867 227 879 207 148 23184 126 406 254 133258
internal_value=2.19498e-08 -2.38733e-06 2.99594e-06 -4.69543e-06 -2.97578e-05 -0.000103398 -4.178e-06 1.21879e-05 8.78416e-05 5.55483e-06 1.33762e-06 4.34724e-05 7.69503e-06 7.28148e-05 0.000131734 -4.95694e-06 -3.34561e-06 -1.21183e-05 -1.88546e-05 4.73205e-05 -1.94457e-05 -5.78754e-06 -1.36163e-05 -1.22899e-05 -1.51271e-05 2.40492e-05 3.89878e-05 7.43206e-05 0.0002803 -3.09843e-05 -5.38178e-05 -7.43124e-05 -8.10333e-06 8.84405e-07 -7.76088e-05 8.8055e-07 3.65976e-05 -4.66177e-05 -1.89163e-05 -2.96972e-05 7.90319e-05 1.09035e-06 7.27114e-06 1.36759e-05 0.000198216 1.28224e-05 -9.91225e-08 -4.0656e-05 1.19136e-05 2.57057e-06 5.69908e-05 1.13608e-06 -2.27749e-06 -1.56419e-05 4.26398e-05 8.61933e-05 0.000187819 2.63098e-05 8.26802e-05 -2.77579e-05 1.34955e-05 1.79641e-06
internal_weight=2.37939e+06 1.31449e+06 1.06489e+06 811600 16415 2014.09 795185 36126.3 2910.13 33216.2 502893 5349.68 330569 2135.68 1346.33 759058 619641 139417 82918.7 2284.83 14400.9 450143 103483 101272 93939.3 7333.08 6335 3634.11 288.161 32843.9 11354.2 2210.72 11794.1 497544 1300.02 734325 5223.42 906.402 21489.7 16126 611.547 496244 328433 42848.7 874.874 42664.4 453395 4262.22 165237 163196 2286.93 729891 11246.8 8668.86 2577.98 1555.38 473.115 28209 1845.44 789.352 5363.73 160909
internal_count=2379380 1335191 1044189 821471 14016 1584 807455 36385 2326 34059 513720 4397 304489 1751 1092 771070 610263 160807 90594 2193 12432 441779 96696 94783 88414 6369 5521 3153 231 30439 9822 1913 10093 509323 1050 739700 4310 772 20617 15611 502 508273 302738 42951 641 42776 465322 3777 155533 147205 1877 735513 9638 7537 2101 1222 355 24771 1587 659 5006 145328
is_linear=0
shrinkage=0.05


Tree=43
num_leaves=63
num_cat=0
split_feature=144 134 64 51 219 134 211 276 212 144 51 220 340 175 276 108 15 355 52 185 196 49 1 205 212 311 49 1 34 46 276 108 46 18 2 172 220 349 164 355 182 278 17 291 334 340 24 26 321 348 71 19 317 164 1 343 202 278 356 202 39 206
split_gain=0.00657417 0.00446477 0.00361316 0.00357979 0.00322083 0.00263279 0.00215093 0.00202527 0.00182242 0.00168018 0.00164202 0.00139925 0.00150557 0.00137911 0.00137154 0.00140144 0.00158218 0.00144305 0.00133542 0.00132265 0.0015813 0.0015752 0.00134325 0.00128524 0.00121798 0.00121462 0.00120221 0.00124653 0.00212286 0.00132792 0.00120162 0.00117766 0.0011694 0.00120999 0.00116069 0.00113766 0.00147672 0.00119827 0.00138536 0.00150118 0.00106449 0.00105825 0.00104593 0.00104399 0.00110346 0.00112144 0.00103423 0.0011836 0.00207276 0.00120272 0.00101804 0.00117786 0.00100659 0.00102664 0.00127589 0.00126526 0.0010972 0.00100373 0.000989311 0.000987219 0.0023238 0.00147795
threshold=-1.0000000180025095e-35 -1.0000000180025095e-35 0.00034083635546267038 8.8026139565045028e-05 0.00010143887993763202 -0.0082523436285555345 0.00025076069869101053 0.96791711449623119 6.7208864493295564e-05 -0.00060694030253216613 4.3539380385482227e-06 0.00062931966385804128 1.7799416780471804 -0.0027727104024961586 0.17000202834606173 15.402613162994387 0.015867267735302452 -0.016249309293925759 0.009280783589929344 0.056667361408472068 0.0015470999642275276 0.31781898438930517 0.074862141162157073 3.3072252335841774e-05 1.1631716006377248e-05 -0.01121376547962427 0.032551873475313194 0.0059063327498734006 -0.0041040356736630193 -0.026804624125361439 0.52777865529060375 14.498001098632814 0.015021945349872114 0.0069627999328076848 0.0062568064313381919 -0.0091007826849818212 0.00070982542820274841 0.0088273240253329294 -0.0204091053456068 -0.1764705032110214 0.049699984490871436 0.71000379323959362 0.00032317743171006447 0.75749528408050548 0.12621726840734485 2.0190520286560063 0.00024345653218915689 0.062907896935939803 -0.0075260456651449195 0.36241807043552404 -0.013655255082994698 0.00041101367969531571 0.024678748100996021 0.00044063359382562345 0.0076878224499523648 -0.36872209608554835 1.0527417089178927e-05 0.32002863287925726 -0.26355434954166407 0.00075375355663709353 0.033943675458431251 0.00079528475180268299
decision_type=8 2 2 2 2 2 2 2 2 10 2 2 2 2 2 2 2 2 2 2 2 2 2 2 2 2 2 2 8 2 2 2 2 2 2 2 2 2 2 2 2 2 2 2 2 2 2 8 2 2 2 2 2 2 2 2 2 2 2 2 8 2
left_child=2 5 3 4 24 32 8 10 13 19 23 41 -13 -3 15 16 40 42 -4 34 -21 22 -22 -7 -1 -10 27 28 30 -30 -15 -9 -2 -34 -5 37 57 -12 39 -39 -6 -11 -18 44 -23 -46 47 -8 -49 -50 51 -48 53 55 56 -28 -55 -37 -40 -52 61 -61
right_child=1 6 18 9 14 7 46 31 25 11 35 12 -14 26 -16 -17 17 -19 -20 20 21 43 -24 -25 -26 -27 52 -29 29 -31 -32 -33 33 -35 -36 36 -38 38 58 -41 -42 -43 -44 -45 45 -47 50 48 49 -51 59 -53 -54 54 -56 -57 -58 -59 -60 60 -62 -63
leaf_value=7.516549783014163e-06 -3.4754184008782976e-05 6.0206445373870717e-06 2.4009483942346141e-05 7.540428772740519e-06 2.2364099348368851e-05 -7.8013089904824047e-06 1.3823229513751574e-05 -2.2045579270015998e-05 8.7755937312250394e-06 1.3621687814102627e-06 -2.4579471112026773e-06 -9.3144480391160101e-06 -4.1418554724589033e-05 -2.5819052568936825e-05 7.6143426979347452e-06 1.0167310050019776e-05 0.00018760003584956524 8.212567482205877e-07 8.8768853920547487e-05 8.8001492829101052e-06 -0.00022767274753808642 -0.00017838929621491774 -6.0076114738419299e-05 1.2567312450985041e-06 7.7576339111313769e-07 -4.452127031520658e-06 6.2845165902571465e-06 -1.5031802377369617e-05 0.00016374905075257622 5.6675104153742836e-05 5.4669738019064902e-05 -8.2409039462983181e-06 -0.00023668615729329712 -4.4667866569245497e-05 7.0845151786025538e-05 -4.3189442340523913e-07 -2.0659296791512123e-05 0.00021046485092894801 -3.9267076197214e-05 2.9013334129888906e-05 -6.9435624436789916e-05 -6.6888039605675648e-06 7.0592336201491293e-05 6.9787036064368642e-05 1.2524165518420144e-05 -0.00014951444148534693 1.4991307168425055e-05 0.00010262974590989278 -4.4964812286867277e-05 -0.00019394272001420378 3.993369648022209e-06 -1.2634535370817065e-05 -1.927798047378919e-05 1.6298797161212514e-05 7.0302585731157714e-06 -3.4990229769111773e-06 -3.7315035367219913e-06 -8.4538686813793961e-06 2.9719379695495383e-05 5.1402642228285499e-05 -7.303646860937969e-05 1.9066924427719149e-06
leaf_weight=89309.272041916847 4871.7790603637695 107097.18060302734 14728.578087210655 43498.738985657692 23005.750705957413 51337.262559175491 40466.817859649658 24803.713932037354 18349.8935546875 84185.304180145264 11025.680658936501 18082.140605926514 4574.7525215148926 1124.8060464859009 146298.19046020508 36844.878746032715 213.07434499263763 723.08877432346344 839.95269775390625 1599.9606285095215 219.40837240219116 142.58407688140869 264.23347902297974 165089.53961181641 268410.02199053764 319360.2737121582 38429.039065361023 1377.6925330162048 410.9474310874939 982.56800580024719 786.00875651836395 40970.291641235352 148.48627555370331 182.96025002002716 734.36984002590179 51562.347185850143 20164.157592773438 204.94879555702209 615.81615924835205 255.43017172813416 318.29302978515625 79226.769660949707 1787.7761468887329 217.32744097709656 466.81909561157227 136.34616684913635 4988.8168106079102 193.052978515625 574.57524287700653 176.07671558856964 63122.677879333496 17004.285003662109 7063.6155800819397 7571.4886003732681 86890.93701171875 235872.90940821171 70284.977337121964 159972.39138698578 3275.9658674001694 3940.0644550323486 566.52497482299805 2443.0748767852783
leaf_count=95416 4724 111869 12951 40245 22669 55043 36352 25899 18027 80921 10230 16233 3922 1057 138086 34513 168 684 652 1326 175 111 212 165275 272547 319762 39321 1365 310 853 662 39837 123 177 619 50787 18175 162 569 210 300 74202 1497 169 367 109 4757 150 468 153 62873 16919 8135 8457 89209 252076 74187 154514 2810 3347 474 1968
internal_value=2.09775e-08 -1.87748e-06 3.65942e-06 3.19527e-06 5.34077e-06 -5.58488e-06 4.80738e-08 -5.23685e-06 -8.34406e-07 -2.01712e-06 -4.07169e-06 -4.1558e-06 -1.57998e-05 9.20416e-07 1.0269e-05 1.64438e-05 2.53204e-05 6.13689e-05 2.75143e-05 6.39946e-06 -2.54552e-05 -6.32988e-05 -0.000136732 -8.91923e-07 2.45872e-06 -3.73333e-06 -2.91287e-07 2.49077e-05 4.15589e-05 8.84406e-05 7.31235e-06 -1.34472e-05 -4.09711e-05 -0.000131595 8.59459e-06 -6.85698e-06 -7.73105e-06 6.31204e-06 2.85207e-05 0.000110352 2.11055e-05 -2.5412e-06 8.32276e-05 -2.62147e-05 -5.43035e-05 -2.44779e-05 5.9693e-06 1.25316e-05 -4.2766e-05 -8.03323e-05 3.0174e-06 -6.36722e-06 -5.55865e-07 -2.54569e-07 2.86522e-06 -2.12834e-06 -1.7832e-06 -6.49851e-06 1.87887e-05 5.96298e-06 2.38463e-05 3.24652e-05
internal_weight=2.37939e+06 1.56356e+06 815828 800259 566910 534481 1.02908e+06 529278 895602 233349 463504 186069 22656.9 557892 209191 62892.9 26048 2723.94 15568.5 47279.8 3046.68 1446.72 483.642 216427 357719 337710 450795 4682.02 3304.33 1393.52 1910.81 65774 5203.23 331.447 44233.1 247077 231699 15377.8 4352.16 460.379 23324 163412 2000.85 963.077 745.749 603.165 133476 41410.5 943.705 750.652 92065.4 21993.1 446113 439049 164747 274302 77856.5 211535 3891.78 70072.3 6949.66 6383.14
internal_count=2379380 1581286 798094 784491 565880 528535 1052751 523511 925290 218611 457775 175278 20155 587501 197917 59831 25318 2349 13603 43333 2469 1143 387 220318 367963 337789 475632 4247 2882 1163 1719 65736 5024 300 40864 237457 223476 13981 3751 372 22969 155123 1665 756 587 476 127461 37123 771 621 90338 21676 471385 463250 171853 291397 82644 205301 3379 68662 5789 5315
is_linear=0
shrinkage=0.05


Tree=44
num_leaves=63
num_cat=0
split_feature=50 26 176 49 52 2 2 218 53 196 7 333 349 199 38 347 202 144 334 46 0 319 7 199 330 336 344 45 345 344 345 46 47 199 223 356 344 349 206 35 202 198 349 336 0 356 337 2 356 49 315 196 199 243 204 198 201 0 321 7 181 204
split_gain=0.00693177 0.00508455 0.00527761 0.0071302 0.00516472 0.00483028 0.00476971 0.00464531 0.0035723 0.00353321 0.0135293 0.00348494 0.00399635 0.00379511 0.00467116 0.00335011 0.00376625 0.00309454 0.00294428 0.00423574 0.00400644 0.00541654 0.00504538 0.00295663 0.00508818 0.00286555 0.00287907 0.00314375 0.00280976 0.00277255 0.00269557 0.00266619 0.00259516 0.0035843 0.00256463 0.00256266 0.00243645 0.00318379 0.00282561 0.0035126 0.00255152 0.00247863 0.0285953 0.00902864 0.00553598 0.00417189 0.00613138 0.0034955 0.00267306 0.00240954 0.00393486 0.00324445 0.00313351 0.00233446 0.00231244 0.00228218 0.00214902 0.00219166 0.00214056 0.00213178 0.0021301 0.00258385
threshold=1.0000000180025095e-35 0.062907896935939803 0.0060805806424468764 0.053906349465250976 1.0000000180025095e-35 -0.020372324623167511 0.0027665417874231939 7.9784505942370756e-05 1.0000000180025095e-35 0.0039909442421048888 0.041915234178304679 0.26271316409111029 0.42631141841411596 0.00047344723134301608 0.01045795436948538 0.089564632624387755 0.00043248161091469234 -0.00068491260753944505 0.36146567761898046 -0.019256967119872567 0.011476432438939812 -0.0051074828952550879 0.046602599322795875 0.00072453726897947501 0.17695727199316028 -0.12366124615073203 -0.25246177613735193 0.020405397750437263 -0.28151965141296381 0.1455977261066437 0.58310869336128246 0.010804943740367891 0.018562812358140949 0.00061734564951621007 -1.2732161991380052e-08 0.0048844134435057649 -0.1724310293793678 0.024194328114390377 0.0015442573931068184 0.072881281375885024 0.00060069112805649649 0.0078237224370241183 -0.33009250462055201 -0.055480429902672761 0.00052705779671669017 0.0017227830248884859 -0.013525632210075854 -0.015217397361993788 -0.094104360789060579 0.071912813931703581 0.0065245816949754962 0.0014045905554667117 0.00042352898162789648 -0.081314120441675172 0.00023034213518258187 0.0036060279235243802 0.00017114927322836596 -0.0012391086202114818 0.029427566565573219 0.018585728481411937 -0.048855058848857873 0.00084721954772248875
decision_type=2 8 2 2 2 2 2 2 2 2 2 2 2 2 8 2 2 10 2 2 2 2 2 2 2 2 2 10 2 2 2 2 2 2 2 2 2 2 2 10 2 2 2 2 2 2 2 2 2 2 2 2 2 2 2 2 2 2 2 2 2 2
left_child=8 4 11 15 -2 -5 7 56 -1 18 -11 12 34 -13 30 -4 -17 -9 19 29 60 22 -22 -20 -25 26 27 -7 35 -8 -15 -23 33 -19 -3 53 37 58 41 -40 49 -38 -43 59 45 -45 -47 -46 -49 50 52 -52 -39 -27 -36 -28 57 -6 -34 -44 -21 -62
right_child=1 2 3 5 6 25 9 17 -10 10 -12 13 -14 14 -16 16 -18 32 23 20 21 31 -24 24 -26 28 55 -29 -30 -31 -32 -33 36 -35 54 -37 38 40 39 -41 -42 42 43 44 47 46 -48 48 -50 -51 51 -53 -54 -55 -56 -57 -58 -59 -60 -61 61 -63
leaf_value=-6.2719335290671301e-07 -7.9853087069319855e-07 7.0709510639758563e-07 -3.6739719683768026e-05 7.0127704176475703e-05 1.1234989837669848e-05 5.5217220735558644e-06 8.8897762198705192e-05 1.5424471506837714e-05 -6.5599218439576794e-06 0.00048660232284433562 -5.6868845289450047e-05 -1.1258394181658559e-05 0.00015622370967582325 0.0001019680047672241 -1.9534489535939905e-05 -0.0001512553727706072 -0.0005210993368786604 1.9530883235755161e-05 2.9317965056592936e-06 0.0001597856166778678 0.00045068553651265547 9.7773962983223355e-05 9.8842660552166377e-05 0.00032304701549292392 4.1918018937973884e-05 -0.00014844162906600659 3.9028714000512936e-05 0.00033267842465671419 -4.5880398726950519e-05 0.00039105938051320365 0.00033406232212658104 -1.1333405303222985e-05 2.5146718809730675e-06 0.00015694391497816246 -1.5540093482419275e-05 -0.00029955955464184354 -4.0195189588504505e-06 4.165459521221728e-05 -5.7076022353832917e-05 0.0001717515406411004 7.0853949591161611e-05 0.00074848966546080362 -6.1898988828368031e-07 -6.7574386673606627e-05 0.00032986171450646049 0.00041363829630364853 1.0868036296730068e-05 0.00022430354128489093 -3.1895883368998168e-05 9.000789357081779e-06 4.1044536679248461e-05 0.000249111859461919 -0.00021502048965073626 -3.0308451749498949e-05 -0.00012765756354299099 -0.00013214507679990112 1.4634731606356998e-05 1.9988514299770901e-06 -5.2002334635854692e-05 -0.00021048324488544777 9.3681943949418949e-06 0.00012673466437439684
leaf_weight=635296.77053749561 567873.42432057858 1331.4573965072632 117.18991839885712 802.09729957580566 117657.42456769943 172.33490753173828 171.65567684173584 31701.546997070312 422463.02844238281 188.67876434326172 285.78009796142578 3349.5384261608124 242.43751609325409 1440.4567337036133 916.66715240478516 127.66053664684296 153.32494163513184 5739.4155883789062 15206.63217318058 264.09240818023682 182.22425651550293 1619.9318075180054 231.3008337020874 182.14006447792053 1285.5750653743744 1115.7945600748062 437.53693974018097 126.03749823570251 3003.4643881320953 136.38276815414429 135.64690399169922 854.52952766418457 55846.409043312073 515.43578720092773 706.42925906181335 184.21376526355743 223883.82907056808 864.03161191940308 3672.2031173706055 173.81964874267578 2631.8897399902344 134.79071700572968 162.51583170890808 825.49545001983643 240.26858627796173 126.21815621852875 359.62849390506744 190.85714221000671 214.74109041690826 11879.372841596603 336.6344907283783 423.16051912307739 135.83153438568115 670.16122949123383 1319.1321760416031 347.90151405334473 106333.4123249054 141442.09882938862 1858.5220642089844 471.88415229320526 8127.9514092206955 495.68905830383301
leaf_count=668566 579941 1107 111 610 116362 163 146 28423 420862 147 219 2835 231 1143 867 105 118 5169 14657 201 129 1256 176 134 1010 924 393 90 2566 94 98 784 52935 403 737 147 206605 723 3045 134 2118 99 147 665 173 98 288 135 183 10640 264 301 109 526 1050 281 95954 142056 1678 367 7511 371
internal_value=1.99182e-08 2.43426e-06 -2.49788e-05 -5.70325e-05 2.78511e-06 -4.50495e-05 5.54617e-06 4.72872e-06 -2.9967e-06 2.53377e-05 0.00016039 -3.32845e-07 -3.90208e-05 2.35081e-05 7.01954e-05 -0.000262211 -0.000355324 5.44055e-07 2.30986e-05 4.18899e-05 3.708e-05 8.82228e-05 0.000255309 9.47732e-06 7.71976e-05 -6.03188e-05 1.33308e-05 0.000145013 -7.63668e-05 0.000224338 0.000122341 6.01161e-05 -9.74387e-07 3.09011e-05 -5.32056e-05 -0.000122749 -1.6295e-06 6.26541e-06 -4.16377e-06 -4.66503e-05 2.57982e-05 -3.44229e-06 4.39265e-05 6.73295e-06 5.98758e-05 7.98447e-07 0.000116771 0.000179451 8.91696e-05 1.70948e-05 7.1665e-05 0.000157275 6.42562e-06 -0.000104197 -8.86097e-05 -3.69339e-05 8.64947e-06 6.19305e-06 7.57083e-07 -0.000156893 2.04455e-05 1.61423e-05
internal_weight=2.37939e+06 1.32163e+06 16699.5 7257.72 1.30493e+06 6859.54 737054 707821 1.05776e+06 29232.6 474.459 9441.77 3599.46 5842.31 2492.77 398.175 280.985 342389 28758.1 12083.8 11775.7 2887.99 413.525 16674.3 1467.72 6057.44 1083.81 298.372 4973.63 308.038 1576.1 2474.46 310687 6254.85 3357.02 1970.17 304432 73975.9 230456 3846.02 16270.9 226610 2726.4 2591.61 1957.21 1311.34 485.847 645.867 405.598 13639 1759.66 759.795 999.863 1785.96 2025.56 785.438 365433 259100 57704.9 634.4 8887.73 8623.64
internal_count=2379380 1289952 14102 6034 1275850 5700 695909 669074 1089428 26835 366 8068 3125 4943 2108 334 223 314702 26469 10668 10428 2345 305 15801 1144 5090 927 253 4163 240 1241 2040 286279 5572 2894 1597 280707 68768 211939 3179 14155 208760 2155 2056 1542 1051 386 491 318 12037 1397 565 832 1450 1787 674 354372 258418 54613 514 8083 7882
is_linear=0
shrinkage=0.05


Tree=45
num_leaves=63
num_cat=0
split_feature=344 348 310 46 134 49 278 198 330 315 236 201 281 319 14 200 49 358 235 357 21 24 193 338 144 108 0 199 26 258 201 198 14 0 356 182 354 357 0 349 200 334 337 348 292 171 266 348 0 49 292 223 330 259 311 200 193 336 200 195 198 49
split_gain=0.00591505 0.00434496 0.00484198 0.00448364 0.00392971 0.00384862 0.0068277 0.00487322 0.00450615 0.00475002 0.00570133 0.0044073 0.00373488 0.00366844 0.00353494 0.00408328 0.00361638 0.00398611 0.00336153 0.00331485 0.00307745 0.00297015 0.00539565 0.002859 0.00270934 0.00296219 0.00268991 0.00707362 0.00417318 0.00309798 0.00427998 0.00317138 0.00408856 0.00319591 0.00319332 0.00389291 0.00310944 0.00286982 0.00344478 0.0026262 0.00256535 0.00256254 0.00255492 0.00253862 0.00246457 0.00314311 0.00240519 0.00236656 0.00232804 0.00267372 0.00231774 0.00230487 0.00227537 0.0024934 0.00222836 0.00218952 0.00214802 0.00213293 0.00220213 0.00210881 0.00206008 0.00205232
threshold=-0.018119830638170239 0.0074444799683988103 -0.019657182507216927 0.016889229416847232 -1.0000000180025095e-35 0.072977602481842055 0.55860605835914623 0.0031294892542064194 0.1250475496053696 0.011930522508919241 0.27184437215328222 0.0006228238344192506 0.31002444028854376 0.017713057808578018 0.037849117070436485 0.00020478248916333544 0.050523810088634498 -0.013810948468744753 -0.9560391604900359 -0.038489459082484238 0.030921026133000854 0.0096382396295666712 -0.0040832352824509135 0.63944128155708324 -1.0000000180025095e-35 15.255389213562013 0.0093814949505031126 0.00049285159911960374 0.019984452053904537 -0.004925110610201954 0.0013045689556747677 0.0034820038126781587 -0.0076558778528124085 -0.0073534578550606957 0.0031163548119366173 0.049699984490871436 0.06459404900670053 -0.13280295580625531 0.019893051125109199 0.16990218311548236 0.00025838603323791182 0.019928539171814922 -0.0180267971009016 0.027379522100090984 0.98905634880065929 0.0071499382611364135 -0.0030138215515762563 0.25753615796566015 -0.0091275940649211389 0.43746909499168402 0.028207384981215004 0.029528646729886535 0.44884599745273596 -0.020187398418784138 -0.0085699968039989454 0.0010667272144928577 0.029961347579956058 0.010123245883733036 6.5712494688341408e-05 0.0010209493339061739 0.0032709174556657676 0.096809394657611861
decision_type=2 2 2 2 2 2 2 2 2 2 2 2 2 2 2 2 2 2 2 2 2 2 2 2 10 2 2 2 10 2 2 2 2 2 2 2 2 2 2 2 2 2 2 2 2 2 2 2 2 2 2 2 2 2 2 2 2 2 2 2 2 2
left_child=1 20 47 5 55 6 7 -4 -9 10 11 51 18 -11 15 41 17 -17 -5 -16 24 26 -23 43 25 -1 29 37 42 30 -7 33 39 56 35 -34 -36 38 -28 -33 -24 -8 -29 -14 -45 -46 -39 -3 49 -27 -32 -10 53 -48 -6 -2 -31 -12 -59 -30 -20 -38
right_child=4 2 3 12 54 21 14 8 9 13 57 -13 23 -15 19 16 -18 -19 60 -21 -22 22 40 -25 -26 48 27 28 59 31 50 32 34 -35 36 -37 61 46 -40 -41 -42 -43 -44 44 45 -47 52 -49 -50 -51 -52 -53 -54 -55 -56 -57 -58 58 -60 -61 -62 -63
leaf_value=1.2714793278496262e-05 -5.6442021941398352e-06 9.9701962132413155e-05 3.0397835948443707e-05 -0.00039385387499466765 1.1260083227012087e-05 1.219853431300284e-05 0.00020118656562218863 0.00027591376302182983 -1.3224507871853926e-05 0.00025700661006549996 5.9345752625323116e-05 -0.00016198657168775503 0.00025979951565371153 -1.8517671166984473e-05 0.00024694102447085848 -2.3728059523482694e-06 -3.1029475566418653e-05 -0.00030297482553265386 -9.5186564160351471e-06 2.5784865451112667e-05 -3.8783764745825671e-05 0.00036606973487628191 -2.0712434714649944e-06 -5.9708085292728248e-05 -6.4486463667222684e-07 1.3233448196282004e-05 6.1777649780239102e-06 0.00014431886477136912 0.00012560373111013875 -3.1147345615912102e-05 7.7038134314758687e-05 0.00025251661683876376 -6.0238619295279449e-06 4.9223301615922868e-06 -5.0822392635820093e-05 -0.00012539406711104526 -0.00032256317441236573 0.00011707182168667205 -0.00012367815150432748 -9.1650294914576695e-06 7.2302421714298654e-05 1.7558275431658696e-06 0.00039782689030199862 -2.9682737889708386e-05 2.7487599175220921e-06 0.00029960749620798488 -2.6615766184751818e-06 1.5770816690481494e-05 -2.4852901099010594e-07 0.00019081419526765356 0.00030011815236131968 0.00010722157892049528 -3.9834327148580636e-06 9.6678315066215723e-05 -8.6042248330780805e-07 -3.756153721810491e-05 0.00014710274873959306 -2.4392908919507966e-05 0.00020865097323857814 -1.1677278928115492e-05 -0.00018910572386223977 -0.00012011478604788821
leaf_weight=92072.790059089661 455429.75439453125 2178.8876421451569 8740.2882163524628 112.3605535030365 39751.544311523438 50017.536755442619 161.92197477817535 315.51527297496796 997.55922174453735 561.10777199268341 648.07809865474701 341.93253171443939 112.02320420742035 153.48034942150116 264.53789949417114 171.13469910621643 1069.305721282959 308.30770933628082 321.54876708984375 466.57589721679688 4782.3395843505859 125.8311687707901 2221.7861340045929 1960.1844789981842 555809.85473263264 31624.136895418167 1587.0337182283401 215.67530941963196 822.55230164527893 8280.2196811437607 323.27930784225464 207.26068925857544 7152.9855350255966 74682.501934051514 1921.2857871055603 753.13289260864258 178.4458943605423 684.10460865497589 750.92527770996094 176.70496928691864 2422.6086604595184 9273.8302249908447 188.33395743370056 929.78597474098206 220.5297794342041 147.73247051239014 1078.0134520530701 1367.2831342220306 179108.87656021118 211.40890765190125 181.79177904129028 657.55472695827484 4188.8674160242081 1523.2158975601196 822783.94304990768 5435.452392578125 170.58305656909943 115.96840262413025 782.10674428939819 422.89727854728699 315.67186868190765 424.26154005527496
leaf_count=90992 453298 1785 7783 91 37884 48748 147 229 839 411 535 263 88 115 205 145 870 238 274 424 4831 131 2105 1709 555590 29629 1496 154 637 7937 255 162 6079 71505 1584 611 146 550 623 148 1969 8474 129 873 185 116 1062 1293 174245 159 134 523 3982 1283 848318 4487 131 115 568 348 252 353
internal_value=-6.59153e-08 2.72297e-06 9.49712e-06 8.41547e-06 -2.29341e-06 9.56004e-06 2.77969e-05 5.22914e-05 9.41017e-05 8.05057e-05 5.67228e-05 8.94111e-07 -4.3164e-05 0.000197943 -4.27841e-08 -7.13627e-06 -8.23269e-05 -0.000196132 -0.000143956 0.000106261 1.20594e-06 6.71936e-06 4.5575e-05 -2.06747e-05 1.42871e-06 5.23215e-06 5.53012e-06 2.88431e-05 0.000124581 3.6802e-06 1.36643e-05 -1.68918e-06 -2.71575e-05 1.62434e-06 -3.30653e-05 -1.74238e-05 -8.20079e-05 1.27272e-05 -3.56005e-05 0.000132665 3.6738e-05 5.22006e-06 0.000263872 3.35945e-05 1.37031e-05 0.000122812 2.78497e-05 6.73681e-05 1.96604e-06 1.44246e-05 0.000158199 3.46988e-05 1.88288e-05 5.5539e-05 -3.01802e-07 -6.0208e-06 -2.75153e-05 0.000128738 0.000178571 7.90454e-05 -9.87974e-05 -0.000180923
internal_weight=2.38041e+06 1.05701e+06 193397 189851 1.3234e+06 185731 25029.2 13313.6 4573.3 4257.79 3543.2 1997.05 4119.84 714.588 11715.6 10984.5 1548.75 479.442 749.581 731.114 863609 160702 4770.23 3370.26 858827 303017 155932 11461.6 1649.46 144470 50522.6 93947.4 10814.1 83133.3 10430.1 7906.12 2523.99 9812.16 2337.96 383.966 4644.39 9435.75 404.009 1410.07 1298.05 368.262 7474.2 3546.17 210944 31835.5 505.071 1655.11 6790.1 2601.23 862535 460865 8450.8 1546.15 898.075 1245.45 637.221 602.707
internal_count=2380245 1036258 180812 177734 1343987 174146 21884 11381 3598 3369 2843 1625 3588 526 10503 9874 1253 383 617 629 855446 152262 4205 2971 850615 295025 148057 10264 1268 137793 49137 88656 9083 79573 8773 6690 2083 8996 2119 310 4074 8621 283 1262 1174 301 6877 3078 204033 29788 389 1362 6327 2345 886202 457785 8068 1218 683 985 526 499
is_linear=0
shrinkage=0.05


Tree=46
num_leaves=63
num_cat=0
split_feature=211 218 202 212 26 207 187 46 196 36 281 16 349 306 307 1 187 2 297 202 182 176 46 346 356 24 235 354 200 181 16 36 335 201 1 43 191 201 44 181 314 220 357 256 188 278 49 357 314 14 36 109 20 201 358 1 278 198 320 13 1 49
split_gain=0.00583675 0.00401287 0.00356102 0.00344208 0.00335878 0.00317888 0.0031977 0.00412071 0.00347154 0.00324322 0.00284421 0.0027127 0.00268081 0.00267703 0.00352295 0.00264692 0.00319461 0.00297475 0.00261878 0.00261786 0.00384248 0.00518414 0.00260023 0.00258572 0.00251729 0.00311678 0.00247246 0.0023177 0.00262333 0.00354406 0.00231481 0.0036408 0.0021952 0.00366231 0.00243236 0.00276662 0.00304555 0.00350316 0.00235676 0.0022739 0.00275896 0.00223695 0.00222641 0.00214262 0.00224986 0.00205484 0.00201239 0.00334773 0.00322233 0.00199673 0.00196107 0.00292815 0.00194085 0.0019283 0.00189621 0.00189496 0.00215418 0.00204711 0.00184984 0.00192945 0.00184816 0.00202616
threshold=7.1150567237054943e-05 0.00028672502958215779 0.00075375355663709353 2.61292534560198e-05 -0.043252818286418908 0.0014018186484463515 0.049758680164814002 -0.0066282248590141526 0.0017275591962970795 2.2151602024678144e-05 0.1800038889050484 0.015429506544023754 -0.32101117074489588 -0.0026900504017248745 0.031070490367710594 0.058548554778099067 0.0095538119785487669 -0.023765486665070053 0.0040413453243672856 0.00025089064729399985 -0.018381175585091111 -0.010292697232216595 0.019771361723542217 0.20188850909471515 0.011565653141587974 0.019192583858966831 -1.3633142709732053 -0.11301062256097792 8.4580089605879052e-05 0.0054003403056412944 0.011307344771921636 0.0047931736335158357 -0.081113718450069414 0.00086790331988595437 0.085129376500844969 0.012408635113388302 0.0022456940496340398 0.0016375887207686903 0.0068945584353059539 -0.010623011272400616 -0.0057114721275866023 0.00054189175716601323 -0.40866781771183008 1.0000000180025095e-35 0.033481134101748473 0.62784597277641307 0.046728590503335006 -0.021891835145652291 0.0038407391402870421 -0.012923361267894505 0.0046087680384516725 66.952110290527358 0.00033625630021560943 7.0175410655792816e-05 0.018341994844377044 0.0012557704467326405 0.94463682174682628 0.0058094589039683351 -0.023425329476594921 0.051093850284814842 -0.010716812685132025 0.34648303687572485
decision_type=2 2 2 2 10 2 2 2 2 8 2 2 2 2 2 2 2 2 2 2 2 2 2 2 2 2 2 2 2 2 2 10 2 2 2 10 2 2 8 2 2 2 2 2 2 2 2 2 2 2 10 10 2 2 2 2 2 2 2 2 2 2
left_child=3 2 5 -1 23 6 7 9 24 -2 22 15 -7 14 -12 50 53 54 30 20 21 -19 -3 -4 25 -8 52 58 29 -29 31 -11 33 -15 35 39 -37 -38 -36 40 -35 -34 -40 44 -39 -10 47 48 -9 -33 51 -5 -26 -17 -18 57 -57 -53 59 60 -6 -62
right_child=1 10 4 11 27 12 8 46 45 18 13 -13 -14 32 -16 16 17 19 -20 -21 -22 -23 -24 -25 26 -27 -28 28 -30 -31 -32 49 41 34 38 36 37 43 42 -41 -42 -43 -44 -45 -46 -47 -48 -49 -50 -51 -52 55 -54 -55 -56 56 -58 -59 -60 -61 61 -63
leaf_value=8.5072652698620559e-07 1.8574995093341622e-05 -2.289306417404001e-05 3.0187044943011661e-05 -6.3379191248822573e-07 0.00020563264331253546 0.00026222563324022912 9.8080977668272165e-06 0.00026985885074400713 -2.7722160611302341e-05 2.8195793499278382e-06 6.9667556575551356e-06 7.4316069819779935e-06 2.8791980100874282e-05 -3.669735937505137e-06 -0.00021204901398018313 -0.00016007153815937217 3.0432189716403245e-05 2.319393126337328e-05 -1.0574928548693009e-05 -5.0238918693823952e-05 -1.4999000809616998e-05 0.00036377097459854599 -0.00015165815991278106 -0.00011536318296347944 -0.00032642976273979704 -0.00021676433013341782 -2.7903649646732019e-05 5.5831190374968388e-05 3.4813069487888222e-05 0.00030043267569408814 1.2453236494368025e-05 -1.5400714439504324e-05 -5.3598756868342015e-06 4.6384017954437994e-05 8.4435212512254322e-05 0.00032620304191085121 -1.4342396016167143e-06 9.8139912669678768e-05 5.8170684530382065e-05 1.4432439468682363e-05 0.000252024622097875 -2.2096154348611041e-05 -0.00019484246715040102 8.3551669543711811e-06 0.00032214252944091503 -0.00011723646831166061 1.4988794461053926e-05 -6.9512236166594278e-05 -6.8500926215048969e-06 5.1645004667827729e-06 -1.3198042203062618e-05 1.8887401192029209e-06 -5.272101269084131e-05 -3.2120513779600764e-05 0.00022063741780847047 -6.3674292123953678e-06 -1.6739694131996754e-05 -9.0317401810817823e-05 -3.4505782825004803e-06 0.00018256871516587238 -2.947717982329827e-05 5.9324674794825733e-05
leaf_weight=486143.96197080612 29752.82913339138 11781.092864990234 507.24154531955719 328324.39357662201 141.74908256530762 122.6196893453598 9914.5732338428497 151.3478866815567 1315.2053232192993 602249.94765865803 61707.861099243164 44519.914794921875 9640.6892706155777 30783.527622818947 182.15946578979492 644.83027696609497 404.1378812789917 396.9249861240387 40799.185829162598 5544.0274605751038 15202.476835370064 153.67676472663879 403.65216064453125 761.24191415309906 124.16878223419189 152.14713788032532 5547.7325358390808 454.68924653530121 13220.491876959801 218.50361907482147 53492.136684179306 44962.383819580078 68015.519973158836 563.5810934305191 195.81239974498749 140.89625835418701 624.20715963840485 206.79322242736816 119.6762284040451 4552.1923539638519 228.25548553466797 28260.395370483398 308.60777688026428 159.08399128913879 249.30217242240906 1251.8866338729858 85651.421928405762 1602.7051110267639 334.86848700046539 16002.833099365234 62225.518140792847 54708.045886039734 134.98474788665771 542.79731798171997 192.47043406963348 172368.54124450684 70546.294692993164 606.648681640625 8044.0899461507797 225.57207489013672 1118.2263352870941 1504.3989489078522
leaf_count=518755 26695 9790 453 329297 98 87 8792 117 1058 585970 55194 53111 8160 29085 143 520 314 331 39517 4735 14378 107 321 634 96 122 5021 429 11597 152 61133 49194 63395 461 152 118 503 158 103 3665 170 24391 250 136 177 1019 82248 1529 269 16687 68785 52482 123 489 138 169612 67651 493 7155 172 1012 1296
internal_value=-6.25227e-08 2.5247e-06 3.93101e-06 -2.43185e-06 2.21035e-05 3.4039e-06 3.09377e-06 3.52804e-06 -1.75101e-05 2.38253e-06 -3.74452e-06 -4.54164e-06 3.17768e-05 -2.28937e-06 6.3153e-06 -5.29047e-06 -2.19451e-05 -1.76075e-05 1.74648e-06 -2.06955e-05 -1.02931e-05 0.000119224 -2.71829e-05 -5.72046e-05 -8.78177e-06 6.34133e-06 -3.49921e-05 2.61434e-05 3.97288e-05 0.000135878 2.44792e-06 1.6409e-06 -6.25156e-06 3.90164e-06 3.56116e-05 4.43778e-05 0.000107436 8.20807e-05 -5.86799e-05 2.80567e-05 0.000106148 -1.02729e-05 -0.000124201 0.000166551 0.000221452 -7.14326e-05 1.3806e-05 -3.46603e-05 8.00356e-05 -1.00025e-05 -4.73231e-06 -3.8915e-06 -0.000185359 -0.000101745 9.2326e-05 -7.47792e-06 -9.37981e-06 8.74266e-07 9.03303e-06 4.25985e-05 3.10533e-05 2.1468e-05
internal_weight=2.38041e+06 1.13788e+06 929400 1.24252e+06 26196.2 903204 893440 875000 18440.7 787259 208483 756381 9763.31 196298 61890 711861 23081.3 21893.7 757506 21297.1 15753.1 550.602 12184.7 1268.48 15873.6 10066.7 5806.89 24927.7 13893.7 673.193 716707 663215 134408 38131.9 7348.41 6724.31 1380.28 1239.39 624.096 5344.03 791.837 96275.9 428.284 615.179 456.095 2567.09 87740.3 2088.92 486.216 60965.2 688779 626554 259.154 1187.63 596.608 298230 242915 55314.7 11034 2989.95 2764.37 2622.63
internal_count=2380245 1099047 910835 1281198 22998 887837 879590 863359 16231 779196 188212 762443 8247 178101 55337 709332 21012 20003 752501 19551 14816 438 10111 1087 14154 8914 5240 21911 12178 581 712984 651851 122764 34978 5893 5388 1092 974 505 4296 631 87786 353 471 335 2077 84163 1915 386 65881 688320 619535 219 1009 452 290238 237263 52975 9733 2578 2406 2308
is_linear=0
shrinkage=0.05


Tree=47
num_leaves=63
num_cat=0
split_feature=327 278 327 321 16 42 187 189 229 36 20 303 211 108 51 203 34 48 204 34 291 8 32 49 42 266 334 319 344 109 203 174 292 49 196 48 292 22 19 191 271 204 358 39 327 24 19 191 246 337 201 327 48 53 1 204 358 201 39 354 218 44
split_gain=0.00598294 0.00715015 0.00532404 0.00644286 0.003581 0.00609053 0.00372922 0.00352929 0.00371946 0.00554907 0.00646764 0.00344566 0.00293858 0.0033567 0.0029099 0.00284646 0.00279151 0.00383203 0.00318176 0.00278876 0.0027616 0.00293657 0.00470885 0.00430467 0.00490515 0.00413624 0.00427427 0.00392792 0.00358107 0.00328875 0.00320159 0.00301525 0.00468121 0.00552937 0.00441078 0.00281833 0.00278893 0.00274513 0.00272746 0.00264137 0.00261617 0.00260605 0.00259374 0.00639304 0.0124171 0.00290398 0.00325082 0.00390463 0.00253896 0.00251361 0.00248341 0.00244097 0.00233761 0.00224666 0.00224385 0.00213611 0.00274911 0.002159 0.00226664 0.00211754 0.00210324 0.0020998
threshold=-0.00085594068514183153 0.72000285983085643 0.0030056949472054843 0.011773069854825737 0.0041858251206576833 0.0039467739406973132 -0.0032531027682125564 -0.00026443345996085549 -1.536193251609802 0.0051783137023448953 0.0091660493053495901 0.00079639651812613021 0.00025076069869101053 92.525501251220717 3.7039870221633471e-05 5.1107585022691644e-05 0.080304700881242766 0.15674527734518054 0.00020735902944579723 0.059552172198891647 -1.336304187774658 0.051694884896278388 0.041751949116587646 0.23838549107313159 0.0026594098890200262 0.0080098044127225893 0.047865806147456176 0.020682492293417457 0.20991417765617373 91.168498992919936 0.00048411161697003996 0.0095759895630180853 1.0112575292587282 0.18627462536096576 0.0039909442421048888 0.15470935404300692 2.0582178831100468 0.0024260327918455009 2.2629499653703537e-05 0.05954906344413758 -0.027028427459299561 0.00011261267718509772 -0.63801252841949452 0.0061271600425243386 0.00014078165258979428 0.021534574218094352 0.0042424343992024669 0.054531928151845939 -0.24541982263326642 0.036780966445803649 0.0016375887207686903 0.00031620280060451483 0.24237124621868136 0.00032683266908861702 0.03077735006809235 0.0010829223319888117 -0.60119760036468495 0.0013045689556747677 0.0012172898277640345 0.26169523596763616 3.2500025554327301e-05 0.018424088135361675
decision_type=2 2 2 2 2 8 2 2 2 10 2 2 2 2 2 2 8 2 2 10 2 2 8 2 10 2 2 2 2 10 2 2 2 2 2 2 2 2 2 2 2 2 2 10 2 2 2 2 2 2 2 2 2 2 2 2 2 2 10 2 2 10
left_child=12 4 14 19 5 16 50 8 9 10 -8 -6 13 15 -3 54 20 -18 -19 -4 51 22 48 24 27 26 -23 31 -26 49 37 34 -33 -34 -24 41 -32 -25 -13 40 -15 -28 43 44 -40 46 47 -45 -22 -29 -7 -2 -48 -16 -1 57 -57 -17 -59 -27 -50 -44
right_child=1 2 3 -5 11 6 7 -9 -10 -11 -12 38 -14 39 53 55 17 18 -20 -21 21 25 23 30 28 59 35 29 -30 -31 36 32 33 -35 -36 -37 -38 -39 42 -41 -42 -43 61 45 -46 -47 52 -49 60 -51 -52 -53 -54 -55 -56 56 -58 58 -60 -61 -62 -63
leaf_value=5.1756221250974475e-06 8.9909118183460359e-06 -2.0981038889607031e-06 -0.00013214627976679589 6.0060945773086777e-05 1.3240839955571632e-07 -2.6800651969444433e-05 8.6384330175208251e-05 -1.0397840944305035e-05 1.1428029113190218e-05 1.4044693872704581e-06 0.00043961410530976759 -0.00024469908317604382 1.9015659079518158e-05 -0.00022017054400703153 -6.0939328264497902e-06 1.4644271462610734e-05 -0.00016361513442269258 0.00024414849843596901 5.6128369814681965e-05 -0.00034652226323470171 6.1146004696056512e-06 0.00010776255128880713 2.8064750757709887e-05 -3.3885202697788646e-05 9.3186604274687781e-05 -0.0001219618182262254 -1.7509186702639329e-05 -8.9837478840775937e-05 0.00037859365977568779 -0.00029355423926359018 7.8739679974916833e-05 0.00014825562885473654 -9.3265012737958131e-05 0.00027846252822103797 0.00030360139851193083 1.6107520556093284e-05 -0.00014261091562668116 5.1435166801922539e-05 0.00057202264509325696 -0.00011053696539138399 -4.7485446790772811e-06 -8.8800394009865008e-05 8.9762104922452449e-06 5.3092315706497429e-05 6.3363261351708297e-05 0.00021852084244710558 2.5307305301087363e-05 0.00027309061581899321 1.9864754564327465e-06 0.00010876036554001762 -0.00026023147604861387 4.2849632898974137e-05 -4.8950558155398999e-05 -1.7065124646083931e-05 -1.6661237191913058e-05 -0.00018792567082214233 -7.4158698360068109e-06 0.00028526267241945063 5.5467998454009334e-05 5.5138950856341546e-05 -3.4031167973374388e-06 3.0896913680769387e-05
leaf_weight=70478.317114830017 30091.913149952888 576301.74417662621 428.67950773239136 331.78556060791016 71074.547973632812 26613.925491333008 338.1981748342514 50052.944637179375 7611.9017678499222 586.10862612724304 209.40007388591766 99.184386253356934 42853.827819824219 139.33885955810547 259951.97139954567 84921.956608772278 149.96615934371948 298.0474625825882 907.35149037837982 236.75795412063599 177840.37693452835 685.84374475479126 7475.4994237422943 5179.3020368814468 282.95860612392426 1366.2441389560699 3580.8420652151108 462.73638010025024 179.65478193759918 130.36521852016449 1559.8600546121597 1501.866055727005 481.20842254161835 124.16238105297089 146.15103530883789 3149.5266319513321 154.73877656459808 1150.5795196294785 159.85556316375732 602.16595458984375 49731.747554779053 1995.8114438056946 71087.518679976463 954.34914767742157 466.11836111545563 195.36820220947266 5393.8242003917694 254.25109100341797 384504.87324988842 240.50049293041229 112.45722961425781 6465.5123558044434 1316.9135926961899 56870.808959960938 14118.901454925537 285.39524269104004 793.39345359802246 139.2617324590683 452.55650866031647 191.36636519432068 342037.11598062515 12907.297805786133
leaf_count=67776 31253 594701 349 257 82790 28193 311 49507 8234 713 153 84 37103 117 256143 76797 122 207 690 183 172423 565 6608 4806 237 1113 3464 377 133 111 1253 1113 408 103 110 2732 125 1011 123 505 45023 1657 77688 813 395 139 5514 178 394409 188 96 5693 1323 52128 12542 227 655 107 352 163 334333 13619
internal_value=-5.93414e-08 -9.45646e-07 -4.34328e-06 -0.000119693 1.54083e-06 4.75298e-07 -1.23167e-05 -5.27722e-06 2.40249e-05 0.000108433 0.000222567 8.41764e-06 7.03023e-06 4.71295e-06 -4.21422e-06 8.05389e-06 1.60049e-06 7.32541e-05 0.000102946 -0.00020923 1.50032e-06 9.72875e-07 1.2784e-06 2.58652e-05 4.61544e-05 -2.47423e-05 -1.22426e-05 3.91521e-05 0.000205176 -6.49025e-05 -1.94602e-06 4.80793e-05 0.000100995 -1.63573e-05 3.34266e-05 -2.16971e-05 5.86204e-05 -1.83652e-05 1.47607e-05 -6.61838e-06 -5.35923e-06 -4.30461e-05 1.50435e-05 4.09625e-05 0.000194668 2.90605e-05 2.43326e-05 9.97477e-05 7.59909e-07 -2.1803e-05 -2.78023e-05 1.49812e-05 1.07247e-05 -8.0634e-06 1.53084e-06 1.44264e-05 -5.54294e-05 1.5309e-05 0.00011032 -0.000100161 -5.50807e-07 1.23454e-05
internal_weight=2.38041e+06 2.11589e+06 894122 997.223 1.22177e+06 1.05786e+06 85524.9 58798.6 8745.61 1133.71 547.598 163909 264517 221663 893125 171190 972334 1355.37 1205.4 665.437 970979 934422 923452 19069.6 11025.1 10969.6 9412.02 10562.5 462.613 833.602 8044.48 9728.89 2107.24 605.371 7621.65 8726.18 1714.6 6329.88 92834.7 50473.3 49871.1 5576.65 92735.5 8740.68 625.974 8114.71 7919.34 1208.6 904382 703.237 26726.4 36557.4 6710.74 316823 84597.2 86592.6 1078.79 85513.8 591.818 1557.61 726542 83994.8
internal_count=2380245 2139041 903761 789 1235280 1052614 87207 58918 9411 1177 464 182666 241204 204101 902972 158456 965407 1019 897 532 964388 927442 917748 16583 9388 9694 8418 9018 370 676 7195 8342 1624 511 6718 7853 1378 5817 99876 45645 45140 5121 99792 8485 518 7967 7828 991 901165 565 28289 36946 6837 308271 80318 78138 882 77256 459 1276 728742 91307
is_linear=0
shrinkage=0.05


Tree=48
num_leaves=63
num_cat=0
split_feature=52 327 212 262 223 327 213 348 23 278 311 53 346 200 32 277 49 14 0 191 15 180 32 0 48 2 2 48 317 259 262 278 15 292 2 175 0 358 358 49 348 292 223 337 356 262 207 180 259 113 1 206 223 329 335 313 207 0 113 48 0 204
split_gain=0.00556404 0.00433748 0.0049579 0.0046098 0.00460568 0.00333471 0.00499767 0.00389671 0.0033718 0.00470921 0.00334394 0.0032748 0.00302327 0.00545463 0.00308088 0.00294357 0.00315395 0.00293692 0.00293155 0.00318095 0.0032525 0.0032364 0.00293882 0.00322804 0.00365114 0.0031285 0.00291115 0.00372305 0.00526108 0.00327862 0.00284238 0.00283459 0.00280082 0.00407016 0.00406229 0.00338833 0.00296595 0.00602863 0.00294497 0.00345496 0.00277791 0.00274085 0.00347782 0.00268182 0.00266388 0.00279661 0.00265931 0.00265898 0.00297621 0.00260482 0.00258967 0.00352516 0.00250148 0.00320982 0.00234416 0.00233606 0.00236644 0.00233226 0.00231395 0.0023007 0.00229356 0.0022408
threshold=7.9312267189379798e-06 -0.0024408600293099876 6.2382852775044753e-05 0.0068101845681667337 -2.6304000755317244e-08 0.0037852396490052347 0.00078141127596609305 0.8863624930381776 0.0038959945086389784 0.7299981713294984 0.022083844058215622 1.0000000180025095e-35 0.15570811182260516 0.00090487831039354216 0.077996388077735915 0.66727256774902355 0.68111526966094982 0.035479718819260604 -0.0092655885964632017 0.06608449295163156 -0.0043202699162065974 0.0061553732957690963 0.064439397305250182 0.0025221537798643117 0.15160758048295978 0.0027665417874231939 0.0012673122109845283 0.25606283545494085 0.072559390217065825 0.51096272468566906 0.0026893402682617311 0.81363970041275036 0.021102279424667362 0.27616558969020849 -0.018304966390132901 0.0012298634974285962 0.019893051125109199 0.12573139369487765 -0.027079436928033825 0.055899873375892646 -0.16286128014326093 1.6136741638183596 0.10049923136830331 -0.15613723546266553 0.015140183735638859 0.0057317358441650876 0.00011205143891857007 -0.0046723640989512196 0.36730088293552404 0.15913845598697665 0.029029337689280513 4.3442680180305622e-05 0.08679497987031938 0.39885208010673529 0.034529216587543494 0.013816655613482 0.0001382214832119644 -0.0253915237262845 -0.10779727995395659 0.10054295137524606 0.006670235190540553 0.00021167438535485419
decision_type=2 2 2 2 2 2 2 2 2 2 2 2 2 2 10 2 2 2 2 2 2 2 8 2 2 2 2 2 2 2 2 2 2 2 2 2 2 2 2 2 2 2 2 2 2 2 2 2 2 2 2 2 2 2 2 2 2 2 2 2 2 2
left_child=11 3 46 17 -5 6 18 8 9 10 40 -1 26 14 -14 16 -15 -2 19 20 58 49 25 30 -25 31 54 28 44 -30 -24 -20 36 35 -35 -34 -33 -38 43 -40 -7 -19 -43 -36 47 -46 -3 48 -28 -22 60 -52 53 -42 -8 56 -37 -23 -4 -12 -48 -26
right_child=1 2 5 4 -6 7 12 -9 -10 -11 59 -13 13 15 -16 -17 -18 41 22 -21 21 57 23 24 61 -27 27 -29 29 -31 -32 32 33 34 38 55 37 -39 39 -41 52 42 -44 -45 45 -47 50 -49 -50 -51 51 -53 -54 -55 -56 -57 -58 -59 -60 -61 -62 -63
leaf_value=-1.9846868899182347e-07 3.4192628544212291e-05 3.4414751955255271e-06 0.00013934227644964991 0.0003988325279112682 4.4813312138487122e-05 0.00014176358141150129 2.2476664354934163e-05 0.00016583080158275271 2.1224682007088105e-05 -0.00028419824196960884 -0.00027308778999480095 -5.3192059004143182e-06 1.6893199704720687e-06 -5.6090773423288569e-05 0.00013031734227075917 -0.00014980392183818446 0.00020448783309713235 -2.0670964311932632e-06 1.8038945323271407e-08 0.00013678711345098952 4.4439522627700571e-06 0.00011099909253565528 -3.9288792030796126e-05 -9.3346743441609094e-05 6.1246041467413029e-05 1.7194711916706154e-05 6.1390674369918191e-05 -8.4866365568082679e-05 9.7908260670986734e-05 0.00033247730281853367 -0.0001377044087352296 -6.3122211206577709e-06 -2.3670485788888173e-05 -0.00026682358046897748 -0.00019113906731077989 -2.8105227347399667e-05 1.6722387386517243e-05 0.00040396374924691573 -0.00023411564952371535 -6.5679896720599013e-05 -8.9226646835209366e-05 -0.00026182827933657218 4.9144244265032791e-05 -4.4070942355724563e-06 5.2388884846649504e-05 0.00024878881843527252 6.7410930935901812e-06 1.1251566459371351e-05 0.00027365033508952287 -0.00012863504665217625 5.2660190283804102e-05 1.3406123091354856e-05 3.5182280671535543e-05 2.188738770388229e-05 -3.3533580411311352e-06 -0.00012981916942650913 7.3632663789689965e-05 -5.2934918429558871e-05 1.1870355193152027e-05 -9.0795475606891178e-05 3.2778236852958894e-05 -1.1339138832221529e-05
leaf_weight=773408.32348203659 13303.069501876831 284035.97012138367 356.31947326660156 162.98364472389221 208.62243056297302 224.10943078994751 27774.934995651245 236.36467754840851 1750.4617683887482 219.32629156112671 211.04896724224091 523586.23248291016 13384.978515625 1297.9687492847443 480.30238342285156 864.46675848960876 125.55136966705322 2878.2135988473892 257079.65125799179 469.89569091796875 14135.064656257629 225.38354396820068 2490.3917268514633 1087.2836372852325 1408.1187263727188 19140.934126496315 1000.6672333478928 477.70086598396301 349.29064798355103 261.00366353988647 1039.6414918899536 176483.34701526165 9951.6759476661682 221.07534110546112 203.11526274681091 773.35750591754913 417.99160277843475 130.4027453660965 337.08907079696655 3025.0598989725113 2359.710164308548 236.21867382526398 143.52789235115051 3074.3051364421844 446.59710681438446 304.7085075378418 115870.11195468903 3823.1810292005539 196.30376732349396 375.52441787719727 8382.2932560443878 18000.8833796978 906.70389771461487 895.80132710933685 12845.181762695312 197.54311990737915 2178.8564752340317 4805.4222192764282 55755.757308959961 947.813197016716 9122.1788778305054 4321.1354520320892
leaf_count=817387 10977 290146 278 113 155 178 23428 178 1381 170 172 527543 11833 1024 357 684 98 2315 247123 349 12817 172 2239 850 1183 17845 811 393 269 180 863 168428 9090 175 184 696 355 95 265 2573 1869 186 117 2627 377 221 110577 3155 146 300 7189 15903 715 710 10857 153 1726 4331 50804 764 8463 3683
internal_value=-5.63106e-08 2.5886e-06 2.18994e-06 2.76948e-05 0.000201387 -6.4181e-07 -2.36441e-07 -3.32308e-05 -3.95342e-05 -5.79853e-05 -4.89388e-05 -2.26567e-06 1.30413e-05 -5.64314e-06 6.16323e-06 -7.7133e-05 -3.28537e-05 2.37735e-05 -1.74608e-06 7.37419e-06 6.56679e-06 -1.10001e-05 -3.18184e-06 -2.95402e-05 -9.43568e-06 -2.60541e-06 1.93979e-05 4.95221e-05 5.9605e-05 0.000198984 -6.83351e-05 -3.44013e-06 -7.95304e-06 -2.57067e-05 -5.69005e-05 -9.36565e-06 -5.95087e-06 0.000109938 -4.98325e-05 -8.26964e-05 -2.89524e-05 -1.87653e-05 -0.000144652 -1.60892e-05 4.48027e-05 0.000132492 6.29415e-06 3.16318e-05 9.65998e-05 9.82703e-07 1.16467e-05 2.58807e-05 -3.82081e-05 -5.86573e-05 1.43087e-05 3.58169e-05 4.69806e-05 -4.55494e-05 1.26848e-05 -0.000124407 8.64183e-06 6.51577e-06
internal_weight=2.38041e+06 1.08341e+06 1.06648e+06 16932.6 371.606 631069 623317 7751.34 7514.98 5764.51 5545.19 1.29699e+06 63632.8 16153.3 13865.3 2287.99 1423.52 16561 559684 76123.4 75653.5 19541.4 483561 10346.6 6816.54 473214 47479.6 6859.45 6381.75 610.294 3530.03 454073 196994 19962.1 6860.64 13101.4 177032 548.394 6639.57 3362.15 4386.32 3257.96 379.747 3277.42 5771.46 751.306 435411 5020.15 1196.97 14510.6 151375 26383.2 4162.22 3255.51 40620.1 3149.76 2952.21 5030.81 56112.1 1158.86 124992 5729.25
internal_count=2380245 1035315 1021452 13863 268 589174 583037 6137 5959 4578 4408 1344930 53833 13996 12190 1806 1122 13595 529204 69051 68702 17620 460153 8818 5716 451335 39837 5552 5159 449 3102 433490 186367 17489 5824 11665 168878 450 5649 2838 3472 2618 303 2811 4710 598 432278 4112 957 13117 142132 23092 3294 2579 34285 2575 2422 4503 51082 936 119040 4866
is_linear=0
shrinkage=0.05


Tree=49
num_leaves=63
num_cat=0
split_feature=327 154 220 64 109 1 198 190 192 315 2 277 52 0 40 256 24 256 42 198 346 322 278 198 322 258 0 357 313 197 181 176 315 175 349 343 24 289 197 347 355 39 355 23 278 34 355 1 108 1 108 190 175 342 15 49 266 49 337 189 327 0
split_gain=0.00551164 0.00634902 0.00380379 0.00385895 0.00314408 0.00365501 0.00379 0.00306484 0.00351565 0.00322148 0.00302877 0.00291666 0.00262246 0.00258633 0.00455015 0.00694657 0.0031691 0.00267788 0.00266294 0.00264026 0.00257655 0.00325345 0.00254586 0.0025124 0.00268171 0.00247793 0.00246501 0.00264723 0.00242261 0.00281366 0.00310642 0.00237081 0.00236842 0.00272974 0.0030103 0.00233841 0.00227947 0.00496945 0.00218495 0.00369007 0.00234486 0.00217246 0.00213604 0.00323703 0.00212712 0.00272172 0.00322849 0.00261971 0.00259302 0.00408878 0.00255457 0.00294376 0.00249527 0.0024651 0.0031292 0.00242893 0.00358718 0.00252796 0.00238447 0.00319328 0.00237936 0.00274414
threshold=-0.00067544265766628076 -3.1067924282979213e-05 0.00070982542820274841 1.850737646691414e-06 67.376499176025405 0.027171778492629532 0.0024263217346742754 0.0080655347555875796 -0.0063605743926018468 0.0079510207287967222 -0.015739495866000649 0.086827300488948836 0.0006902105815242977 0.013775079976767303 0.00077658824739046406 0.3950414657592774 0.001232543552760035 0.10463329404592515 0.0056104492396116265 0.0064537227153778085 0.16598919034004214 0.014673705678433182 0.80000111460685741 0.0043535782024264344 0.0082174031995236891 -0.072975650429725633 -0.012140306644141672 -0.022961176000535485 0.018390101380646232 0.005286816507577897 0.015280358493328096 0.014774504583328964 -0.038500670343637459 -0.0043197988998144856 -1.0000000180025095e-35 -0.35584999620914454 0.00094948412152007233 0.17001026868820193 0.005286816507577897 0.55340561270713817 -0.24999206513166425 0.036841105669736869 -0.22726746648550031 0.010242274031043054 0.28991313278675085 0.036828650161623962 -0.18430040031671521 0.055030301213264472 76.358299255371108 -0.010716812685132025 14.455064296722414 0.034918524324893958 0.037951199337840087 2.1002253293991093 0.037286186590790756 0.20983404666185382 0.0010058649932034316 0.053906349465250976 -0.065373588353395448 0.0096317315474152582 0.00093132842448540043 0.012979970313608648
decision_type=2 2 2 2 10 2 2 2 2 2 2 2 2 2 10 2 2 2 10 2 2 2 2 2 2 2 2 2 2 2 2 2 2 2 2 2 2 2 2 2 2 10 2 2 2 10 2 2 2 2 2 2 2 2 2 2 2 2 2 2 2 2
left_child=4 11 3 44 13 6 -6 8 32 10 -9 -2 -5 22 15 36 19 18 -18 -16 23 -22 28 31 -25 -10 -27 -28 -1 -30 -31 -7 -8 34 -34 -13 -15 -38 -4 40 -40 42 43 -20 45 48 50 58 -3 -50 51 -47 55 -53 -55 56 -51 -58 59 -48 -46 -62
right_child=1 2 38 12 5 20 7 9 25 -11 -12 35 -14 14 16 -17 17 -19 41 -21 21 -23 -24 24 -26 26 27 -29 29 30 -32 -33 33 -35 -36 -37 37 -39 39 -41 -42 -43 -44 -45 60 46 47 -49 49 52 -52 53 -54 54 -56 -57 57 -59 -60 -61 61 -63
leaf_value=1.5110232726118256e-05 -1.1535560386436465e-05 -7.1939959527656119e-07 -1.1948761879003508e-05 6.0229903236956151e-06 -2.4454961339270221e-06 -1.3904236670733468e-05 -9.8555124948425312e-05 0.00013901519412548376 1.3759582525609667e-05 0.00016423731356629535 2.5266499952855359e-05 3.8657088092894517e-06 2.3486301832995641e-05 4.1232593093433002e-05 -1.6190632861247408e-05 0.00042967101948405148 -4.3145327522688896e-05 0.00025967320438229151 6.8864922615552692e-05 -0.00021765975756643538 -3.5255805459391046e-05 -0.00030407185522573804 4.6792374345831001e-06 4.9086173635282012e-05 -0.00014528064339649531 -0.00013050649313209699 5.9576935501328692e-05 -3.0654273482440038e-05 4.7751308684919711e-05 0.00039285474116597147 5.0442046843642988e-05 0.00011945399053587446 0.00020347412693060224 1.1338247481600307e-05 4.1124582196840794e-05 -4.2787516613065864e-06 5.8743044391262425e-05 0.00042369442498118855 8.2875347378194035e-05 -0.00026446140751009865 -6.9251745662367835e-05 -8.2906674018900232e-05 0.00010530806493024891 -0.00020605645494045966 -2.6025354261332417e-07 2.5839839314783989e-05 0.00025111980808107342 -1.4959901353926356e-05 8.0599535496287902e-05 5.5760069813605017e-06 1.9494762533576138e-05 6.7064466554918634e-05 0.00014351176335626427 0.00014015184681070972 0.00036755198618556169 -1.700053437763147e-06 -1.1921815157246545e-05 4.0414659665471617e-05 5.5674976238458036e-05 -9.7776321837030049e-06 -1.3635101055567799e-05 4.9386700000628538e-05
leaf_weight=62973.767512798309 120633.0576171875 190825.16158342361 32432.71484375 172051.65673398972 76129.924446105957 23476.553105354309 398.6798220872879 645.07901203632355 6694.3021684885025 527.15401721000671 6141.0128535032272 102316.3567199707 24566.095581054688 1124.3921768665314 1679.5090140104294 153.29637384414673 792.20836961269379 138.14672672748566 366.27614259719849 178.10576629638672 7733.9610503911972 112.26295864582062 129646.97614002228 2784.6149795055389 187.61428916454315 537.21138882637024 920.59863471984863 6839.1601747274399 1680.5568084716797 131.74927997589111 132.56279277801514 336.08680236339569 294.07684338092804 15133.871380925179 8144.3908210992813 635677.34066772461 289.39978396892548 136.20880353450775 305.66931235790253 207.98723208904266 1436.5766098499298 230.91004621982574 1667.7494311332703 148.96602010726929 569375.14657020569 890.36082589626312 119.55158686637878 5652.0154037475586 1961.0682792663574 39482.774125337601 2001.748730301857 613.18594098091125 335.27849960327148 570.21510934829712 206.558025598526 43026.938424229622 2716.797663807869 15275.739212036133 4123.6435799598694 3338.286776304245 49970.688545227051 1787.199089050293
leaf_count=59277 128514 199772 28959 167149 71609 20625 337 474 5788 411 5215 101592 21665 964 1383 118 733 106 294 138 6900 87 122932 2264 153 442 864 6037 1493 104 102 261 236 13377 7050 647904 246 94 239 167 1129 220 1330 114 587113 851 112 5265 1600 38044 1762 539 250 436 154 46702 2467 13673 3589 3252 44082 1486
internal_value=-5.34649e-08 -1.06657e-06 1.34059e-06 1.83958e-06 5.66019e-06 3.56544e-07 4.41396e-06 1.56984e-05 1.01223e-05 4.53947e-05 3.61171e-05 -4.3278e-06 8.20513e-06 9.79408e-06 3.98612e-05 0.000110741 1.66187e-05 4.56953e-05 3.63191e-05 -3.57206e-05 -1.3984e-05 -3.91785e-05 8.7266e-06 -6.60131e-06 3.67278e-05 -8.86914e-06 -2.71257e-05 -1.99369e-05 1.68091e-05 7.17439e-05 0.00022279 -1.20122e-05 2.19992e-05 2.40463e-05 4.68293e-05 -3.14959e-06 7.86856e-05 0.000176975 -1.50419e-05 -6.64159e-05 -4.24973e-05 6.24123e-05 7.78455e-05 -1.11093e-05 4.9706e-07 3.87155e-06 2.30173e-05 1.08024e-05 2.7293e-06 9.13101e-06 6.07439e-05 9.69051e-05 7.73953e-06 0.000142325 0.00020141 7.28375e-06 1.4009e-05 3.25116e-05 3.00072e-05 -6.17394e-07 -1.1933e-06 -1.14571e-05
internal_weight=2.38041e+06 2.0219e+06 1.16327e+06 1.12889e+06 358507 157037 122405 46275.5 38962.3 7313.25 6786.09 858627 196618 201471 6905.17 1703.3 5201.87 3344.26 3206.11 1857.61 34631.1 7846.22 194566 26784.9 2972.23 14991.3 8296.97 7759.76 64918.6 1944.87 264.312 23812.6 23971 23572.3 8438.47 737994 1550 425.609 34382.9 1950.23 1742.25 2413.9 2182.99 515.242 932272 311139 17515.6 13233.5 293624 102799 4282.07 2280.32 100838 1389.96 776.773 100502 57475.3 17992.5 7581.48 3457.84 621133 51757.9
internal_count=2380245 2048467 1170457 1139963 331778 142130 111840 40231 34131 6100 5689 878010 188814 189648 5740 1422 4318 2797 2691 1521 30290 6987 183908 23303 2417 13131 7343 6901 60976 1699 206 20886 21000 20663 7286 749496 1304 340 30494 1535 1368 1958 1738 408 951149 318468 15960 12218 302508 102736 3742 1980 101136 1129 590 100886 54184 16140 6953 3364 632681 45568
is_linear=0
shrinkage=0.05


Tree=50
num_leaves=63
num_cat=0
split_feature=56 16 344 53 52 321 201 358 291 182 202 35 191 177 45 172 201 201 343 11 185 24 22 357 357 24 26 202 49 290 272 21 16 77 35 337 109 24 291 320 347 291 279 277 35 314 357 202 199 219 180 310 198 332 265 280 53 173 46 191 113 256
split_gain=0.00515475 0.00431004 0.00443583 0.00324798 0.00277409 0.00265506 0.00334203 0.00362881 0.00258985 0.00322814 0.00369513 0.00327339 0.0030646 0.00320243 0.00256087 0.00256229 0.00250433 0.00256662 0.00245751 0.00242245 0.00227696 0.002773 0.0036402 0.00232227 0.0025905 0.00305591 0.00348611 0.00281259 0.0023919 0.00218117 0.00270984 0.00214654 0.0020989 0.00254371 0.00227919 0.00225693 0.00221127 0.00206712 0.00447265 0.00204027 0.00201967 0.0021921 0.00259993 0.00201094 0.00196698 0.00196046 0.00194658 0.00223036 0.00202113 0.00184961 0.00183835 0.0017944 0.00175326 0.00233216 0.00190742 0.00170349 0.00177267 0.00182207 0.00170324 0.0016925 0.00165615 0.00285061
threshold=1.0000000180025095e-35 0.016843636520206932 -0.19316615909337995 0.00032683266908861702 4.2154113089054599e-06 0.048925885930657394 0.00055492029059678327 0.2687798291444779 0.35038717091083532 0.0035180252743884925 0.0011079744435846808 -1.0000000180025095e-35 0.047806737944483764 0.001238847151398659 0.0083993203006684797 -0.010448067449033259 0.00071864339406602095 4.8187413995037793e-05 -0.56825900077819813 0.022247557528316978 -0.0028461469337344165 0.019192583858966831 0.030358038842678074 -0.38320887088775629 -1.0060828328132627 0.0063398496713489303 0.062907896935939803 0.00029785971855744725 0.54683807492256176 0.70861622691154491 -0.0014199151191860435 0.030921026133000854 0.00046970391122158622 -0.040150715038180344 0.081258539110422148 0.12600535899400714 6.0153276920318612 0.021534574218094352 5.1040003299713144 -0.063115987926721559 0.17717921733856204 8.6220640430383836e-16 0.29989519715309149 0.6274721920490266 0.061011949554085738 0.054387077689170844 0.12464735656976701 4.8450872782268568e-05 0.00051723918295465421 0.0034932843409478669 -0.065079696476459489 0.0020667616045102481 0.0043535782024264344 0.60480934381484996 -0.0043018937576562158 0.16277527064085009 0.00036574288969859486 -0.0044914940372109404 0.015021945349872114 0.023634586483240131 0.007438973058015109 0.1637881621718407
decision_type=2 2 2 2 2 2 2 2 2 2 2 10 2 2 8 2 2 2 2 2 2 2 2 2 2 2 10 2 2 2 2 2 2 2 10 2 10 2 2 2 2 2 2 2 10 2 2 2 2 2 2 2 2 2 2 2 2 2 2 2 2 2
left_child=1 2 5 14 -2 6 37 8 9 60 51 -12 52 -14 15 -4 17 -3 44 59 31 23 39 24 25 26 28 -26 -22 -21 -31 -16 33 46 -34 -36 -35 -1 -39 -23 41 -38 -43 -13 -7 -19 47 -17 -49 55 -25 -11 54 -54 -10 -6 -57 -58 -52 -18 -8 -62
right_child=4 16 3 -5 49 18 7 -9 12 10 11 43 13 -15 20 32 19 45 -20 29 21 22 -24 50 27 -27 -28 -29 -30 30 -32 -33 34 36 35 -37 40 38 -40 -41 -42 42 -44 -45 -46 -47 -48 48 -50 -51 58 -53 53 -55 -56 56 57 -59 -60 -61 61 -63
leaf_value=1.9499840835456056e-06 2.162885015749476e-07 1.9576399626024806e-07 1.3798289875483801e-05 -1.0275831115940913e-05 2.6874287542024991e-05 -4.9117668914852952e-06 -1.263076700099616e-07 -3.5289054080284197e-05 0.00012650357605324683 0.00010475947522293596 -6.5031662938613464e-06 0.00012463604916792786 0.00020832267037316894 2.0029165250964552e-05 -1.8150924372000958e-05 0.00011770646859757687 -3.05075211279594e-05 1.6489696567948796e-05 -5.3620452557140625e-05 -5.7200246235953673e-05 2.1158439937742499e-05 -0.00018813613765886902 0.00025651444385008809 6.5658302521023613e-05 -1.2195054898840608e-05 -2.6471372742959099e-05 -3.7242072019740015e-06 -5.8000293096563364e-05 0.00021007852438292788 -0.00040422713001017277 -7.3051065502111523e-05 -7.2672513707780129e-05 4.1498547562482712e-07 -4.1066283356554403e-05 8.6067346373205509e-05 -0.00011292693837151792 -3.5778688614859637e-06 3.1250291885958018e-05 0.00031053014647930855 -4.0976726746782974e-05 3.7562183110542916e-06 -3.5596941088732634e-05 -9.0541008268561958e-06 0.00036445736534852872 0.00016103554047888785 0.00010496054800878242 -2.4029426351268831e-05 2.0199693131671031e-05 0.00018616067788365057 3.3504899669184823e-05 4.3973836837146889e-06 3.4813092294632603e-05 -9.3431336188959802e-05 8.3953908855020486e-05 1.4748498428119603e-06 7.7171893752599592e-06 1.7248203468438619e-05 -7.2388342631465328e-06 -3.8649518159622633e-05 8.6251199795707727e-05 3.5125849650059205e-05 0.00020740654046423431
leaf_weight=357456.55973052979 250273.81110048294 35341.665145874023 26181.023712158203 145540.52981185913 10119.073081254959 711.88895416259766 3311.6187523603439 2345.1297969818115 321.94493734836578 1532.9344514608383 135.7196980714798 139.52853345870972 366.39467620849609 584.69379425048828 27144.344207286835 741.76369321346283 1235.1726678609848 53339.264688491821 3637.3791313171387 759.13266265392303 244.70530700683594 247.38923358917236 97.641195297241211 1164.2121276855469 14306.278450965881 1316.1168823242188 686.00885772705078 4375.2279472351074 532.68726348876953 114.41539347171783 133.91460466384888 1932.2450561523438 435736.7456817627 4053.0335748195648 1264.731430888176 158.80641090869904 440102.17677915096 1642.8687200546265 155.14212894439697 4310.2444047927856 73445.226399898529 10310.960404992104 87555.13782787323 245.93705594539642 236.30466842651367 631.69540977478027 1687.7355728149414 5567.1195062398911 187.75243020057678 6567.2096176147461 42558.754902124405 2285.2756651639938 939.2656364440918 229.04962062835693 5230.0540233850479 252725.7708542347 9361.4563598632812 40263.514043331146 2427.0547783374786 412.32011568546295 2199.1027873754501 267.75267815589905
leaf_count=355414 258294 45980 24653 134726 8489 671 2921 2153 256 1249 120 101 269 482 30365 613 1293 59465 3191 725 240 191 69 1066 15794 1157 649 3967 400 87 128 1764 454287 3992 996 138 435130 1571 128 4549 69121 9072 84233 172 180 615 1562 5038 153 5358 45856 1913 797 188 4762 242631 8255 36869 2315 337 1865 208
internal_value=7.34613e-09 -1.29799e-06 -1.86256e-06 -3.22576e-06 4.15695e-06 2.87299e-06 3.33017e-06 2.31519e-05 3.08592e-05 4.74688e-05 8.00509e-05 0.00020472 8.94602e-06 9.28518e-05 -2.36229e-06 -1.65356e-06 9.24743e-06 1.06703e-05 -3.4937e-05 -3.85898e-05 -9.96392e-06 -5.20968e-06 -4.25273e-05 -2.63904e-06 -1.62269e-05 2.87942e-05 7.84658e-05 -2.29277e-05 0.000150818 -9.95816e-05 -0.000227647 -2.17788e-05 -2.03494e-06 -3.897e-06 6.21486e-07 6.37407e-05 -4.26527e-06 2.21913e-06 5.56663e-05 -4.90436e-05 -4.02118e-06 -5.08299e-06 -1.18513e-05 0.00027874 3.66968e-05 1.7529e-05 2.37909e-05 3.62176e-05 2.5677e-05 7.24824e-06 3.68014e-06 6.29353e-05 -2.95278e-06 -5.85707e-05 8.76786e-06 6.69619e-06 6.0207e-06 -2.61899e-06 2.07332e-06 -1.21702e-06 2.29818e-05 5.39781e-05
internal_weight=2.37913e+06 1.80982e+06 1.71785e+06 1.33388e+06 569311 383975 379389 20134.4 17789.3 10117.9 4339.4 521.185 7671.4 951.088 1.18834e+06 1.08699e+06 91967.6 89312.6 4585.57 2654.96 101343 72266.3 4655.27 67611 21461 2779.52 1463.4 18681.5 777.393 1007.46 248.33 29076.6 1.06081e+06 623651 437160 1423.54 615467 359255 1798.01 4557.63 611414 537968 97866.1 385.466 948.194 53971 8184.37 6496.64 5754.87 319037 46150 3818.21 6720.31 1168.32 5552 312470 302351 49625 44985.8 1647.49 5778.47 2466.86
internal_count=2379233 1819337 1710707 1332096 559896 378611 374569 17456 15303 8549 3555 393 6754 751 1197370 1088988 108630 106060 4042 2570 108382 76253 4809 71444 22207 2446 1289 19761 640 940 215 32129 1064335 608914 455421 1134 601548 357113 1699 4740 597556 528435 93305 273 851 60080 7366 5804 5191 301602 49237 3162 6003 985 5018 296244 287755 45124 48171 1630 4994 2073
is_linear=0
shrinkage=0.05


Tree=51
num_leaves=63
num_cat=0
split_feature=134 219 113 358 45 189 339 204 50 358 291 327 278 330 327 108 270 6 18 45 108 1 46 202 0 0 358 32 263 49 327 327 19 49 317 46 206 0 198 175 38 19 37 41 175 35 321 339 344 226 358 358 177 34 108 203 46 344 202 0 50 49
split_gain=0.00522916 0.00395621 0.00306366 0.00333386 0.0039051 0.00294909 0.00302936 0.00313782 0.00291017 0.00287089 0.0028652 0.00285652 0.00286579 0.00270011 0.00249625 0.00231275 0.00229719 0.00215951 0.00215602 0.00233764 0.00207117 0.00482828 0.00311073 0.00236666 0.00250409 0.00206354 0.0023296 0.00318899 0.00319068 0.00308072 0.00209871 0.00202972 0.00200882 0.00229074 0.00264504 0.00210449 0.00200428 0.00240861 0.00202519 0.00366749 0.00196087 0.00210665 0.00195069 0.00193309 0.00189137 0.00189047 0.00186827 0.00184432 0.00182074 0.00179274 0.00194157 0.00361292 0.00174216 0.00223524 0.00181551 0.00282828 0.00173763 0.00186636 0.00217743 0.00172856 0.00171614 0.00170098
threshold=-1.0000000180025095e-35 0.00081812278949655603 0.11941795796155931 -1.1479028463363645 0.010140615515410902 0.021443558856844906 1.0536057949066164 0.00042777435737662023 8.2445931184338423e-06 -0.72606316208839405 0.68092966079711925 -0.00087809958495199669 0.71999937295913707 0.47674728929996496 -1.0000000180025095e-35 92.525501251220717 0.010526233352720739 0.058219742029905326 0.00046165044477675116 0.0048999404534697541 76.358299255371108 -0.010716812685132025 -0.027839618735015389 4.333462311478798e-05 -0.019727626815438267 -0.011039308737963436 -1.0000000180025095e-35 0.064439397305250182 0.0027465686434879903 0.21140892058610919 -0.0012082313187420366 0.0030056949472054843 0.00010618615851853976 0.20983404666185382 0.004134856630116702 -0.067630589008331285 7.4544910603435724e-05 0.019893051125109199 0.0078237224370241183 0.0069095198996365079 0.013530019205063583 0.045606754720211036 0.0040758065879344949 0.00893606571480632 -0.062264421954751008 0.072881281375885024 0.0072418819181621083 0.8953172266483308 -0.12185543030500411 0.22923666983842853 -0.87162721157073964 -0.56597736477851857 -0.0015822839923202989 -0.0098445168696343881 55.366256713867195 0.00033562995668035006 -0.0066282248590141526 -0.057612240314483636 0.0017243722104467454 -0.016212755814194676 0.0016621182439848783 0.06459034234285356
decision_type=2 2 2 2 10 2 2 2 2 2 2 2 2 2 2 2 2 2 2 10 2 2 2 2 2 2 2 8 2 2 2 2 2 2 2 2 2 2 2 2 10 2 10 10 2 10 2 2 2 2 2 2 2 8 2 2 2 2 2 2 2 2
left_child=2 11 8 4 -4 -5 7 -7 -1 13 48 15 14 -8 42 -2 -12 -17 31 40 22 23 -16 -22 -25 44 30 36 60 -30 -27 -14 -23 34 -34 -36 -28 38 -38 -40 -20 -42 -13 -3 -10 52 -41 -45 -6 50 -9 -52 61 54 -54 -56 57 -32 -59 -57 -29 -46
right_child=1 43 3 5 10 6 9 49 25 -11 16 12 18 -15 20 17 -18 -19 19 -21 21 32 -24 24 -26 26 27 28 29 -31 56 -33 33 -35 35 -37 37 -39 39 46 41 -43 -44 47 45 -47 -48 -49 -50 -51 51 -53 53 -55 55 59 -58 58 -60 -61 -62 -63
leaf_value=-6.1339615318960257e-06 1.1089488477599829e-05 1.0519606695349663e-05 -3.2838202717322617e-05 -1.6280847340437992e-05 -5.1497388131195354e-05 -4.6958945323760785e-05 0.00023025360346206865 -7.8020141702881012e-05 -0.00011029043420114839 -6.5469261092437268e-05 2.9810457305736791e-05 4.6755003318443055e-06 -5.7111272664738767e-06 -1.7112853407557378e-05 -9.0380226403440001e-06 -2.0818792331225931e-06 0.00028753256598976261 -0.0001003197721225038 1.7500728206046088e-06 -6.5068448887844113e-06 0.00019033307320278511 -2.5927428924669916e-06 1.371553105269241e-06 0.00026634541446025808 4.0628892709279672e-05 2.222059403773098e-05 1.6111654324092964e-06 -3.6923825078826155e-05 -0.00028243495490592254 -7.4211187830954754e-05 5.3115025963473864e-06 -0.00019452899120952577 9.4380597501477905e-06 2.6025480022899177e-07 0.00023405268038675475 3.3970637405260018e-05 -8.6437467942496783e-06 0.0001606636802183528 -8.4888358097002342e-06 0.00033406711648930693 1.8225592848828439e-05 0.0001789398945150419 1.6926847271190589e-05 2.2281411005904213e-05 6.5228018724149516e-05 0.00010281339957456306 9.3291714402964003e-05 7.2135258595051161e-05 7.4245589122417846e-05 -3.3855682738181481e-05 -0.00029736029071054091 -8.2049440382590339e-05 -6.7788671718287625e-06 -1.0407700435299885e-05 2.4142482791384101e-05 0.00021005405229747965 1.3125854968636192e-05 -6.1964049575436704e-06 -0.0001784263895462175 5.3158177373294703e-05 0.00012098583419022644 1.6598618432510883e-05
leaf_weight=351031.95178425312 116834.36860656738 45519.456466674805 1671.5615768432617 11915.89133644104 389.79633915424347 3457.5560691356659 236.91748809814453 470.71845245361328 321.06411743164062 425.86444973945618 135.16519796848297 224897.58654785156 237273.51516342163 204.46633529663086 103978.53950500488 33445.689460754395 240.48062419891357 566.93822479248047 236744.85508549213 90673.044767975807 338.39203882217407 72977.708186149597 231671.3907096386 126.75064659118652 2739.8076319694519 13447.363952636719 98868.504981160164 2070.7455563545227 254.74801027774811 583.8285835981369 64022.777700424194 140.41527557373047 41239.882202386856 46861.690068244934 130.97679615020752 11745.678770780563 128684.60655796528 209.73904383182526 598.32545602321625 142.5216121673584 14674.975009202957 204.80921936035156 37976.097702026367 7238.3692909479141 2046.7939760684967 553.23021602630615 187.12900984287262 2494.0126212835312 1086.5082247257233 370.15623271465302 460.96417641639709 339.91467845439911 4159.5678361654282 15321.716685175896 6045.9637379646301 342.75053215026855 27224.180144309998 65651.573578834534 182.03016662597656 361.41210794448853 185.68727970123291 14729.491230487823
leaf_count=355542 108527 39338 1513 12674 328 3347 176 404 267 352 124 232026 230415 166 103617 30148 171 481 243836 101732 254 70084 245297 87 2261 11553 99980 1752 203 469 60668 113 39021 50253 101 10402 122507 169 499 101 17196 179 42787 6567 1762 403 138 1995 859 298 365 289 3910 14282 5570 250 24424 63006 150 295 145 13405
internal_value=7.04833e-09 1.70486e-06 -3.22935e-06 -2.18952e-05 2.25481e-05 -3.06538e-05 -5.93431e-05 -7.40318e-05 -2.72811e-06 2.69962e-05 7.25211e-05 1.22252e-06 4.95603e-07 0.000116103 2.48519e-06 7.74911e-06 0.000195448 -3.72516e-06 -2.16313e-06 3.76333e-07 4.51088e-07 4.84153e-06 -1.85319e-06 6.56314e-05 5.07881e-05 -4.86415e-08 -1.17164e-06 -4.43512e-06 -5.48322e-05 -0.000137988 3.26415e-06 -5.82444e-06 3.71432e-06 8.31804e-06 1.54267e-05 3.62162e-05 -3.75259e-06 -7.83742e-06 -8.11256e-06 6.54082e-05 2.85672e-06 2.04615e-05 6.44551e-06 1.4845e-05 1.02467e-05 1.11402e-05 0.000198776 3.50691e-05 4.10203e-05 -0.000130921 -0.000159079 -0.000206409 9.9562e-06 1.90795e-06 1.92029e-05 3.52107e-05 1.64107e-06 -7.66868e-07 -6.67803e-06 0.000129906 -2.38334e-05 2.25387e-05
internal_weight=2.37913e+06 1.56049e+06 818634 21406 3523.51 17882.4 5966.56 5099.31 797228 867.248 1851.95 1.50524e+06 1.3544e+06 441.384 774685 150847 375.646 34012.6 579712 342298 511811 176161 335650 3204.95 2866.56 446196 402314 231786 3095.01 838.577 170528 237414 172956 99978.2 53116.5 11876.7 228691 129822 129613 927.976 251625 14879.8 262874 55251.8 43882 43560.9 329.651 9732.38 1476.3 1641.75 1271.6 800.879 43007.7 26231.4 10909.7 6750.13 157081 129856 65833.6 704.163 2256.43 16776.3
internal_count=2379233 1576717 802516 21066 2995 18071 5397 4703 781450 694 1482 1528817 1389661 342 796190 139156 295 30629 593471 362943 521377 172463 348914 2602 2348 425908 385764 225963 2569 672 159801 230528 169861 99777 49524 10503 223394 123414 123245 738 261211 17375 274813 47900 40144 39877 239 8562 1187 1356 1058 654 39474 24307 10025 6115 148248 123824 63156 545 1897 15167
is_linear=0
shrinkage=0.05


Tree=52
num_leaves=63
num_cat=0
split_feature=144 247 52 51 344 356 202 35 203 113 259 1 348 171 46 198 29 176 0 197 355 190 18 174 259 211 198 209 320 264 24 172 46 25 48 11 344 192 303 16 239 212 213 313 258 0 16 47 0 199 202 277 198 322 278 292 1 198 330 198 0 202
split_gain=0.00490917 0.00337683 0.00326225 0.00275603 0.00245797 0.0036379 0.00320166 0.00246278 0.00295241 0.00237268 0.0024635 0.00242488 0.00220983 0.00245191 0.00213275 0.00264326 0.00210804 0.00260076 0.00235532 0.00380792 0.00315944 0.00412923 0.00191865 0.00198663 0.00189399 0.00179199 0.00178415 0.00303106 0.00173975 0.00173195 0.0017229 0.00169983 0.00168245 0.00185348 0.00208942 0.00290876 0.00165432 0.00165133 0.001633 0.00161243 0.00152316 0.00151055 0.00167138 0.00150742 0.0015033 0.00185585 0.00148699 0.00158726 0.0017442 0.0026047 0.00174815 0.00202251 0.00147971 0.00146361 0.00143808 0.00187579 0.00210291 0.00537899 0.00244599 0.00351133 0.00238475 0.00274252
threshold=-3.9042570278979829e-06 -0.27399021387100214 0.0025793189415708189 1.9187760699423965e-05 0.020756070502102378 -0.24523267149925229 0.00026778648316394543 0.081258539110422148 0.0006222933006938548 0.23719545453786853 -0.34801553189754481 0.020680360496044162 0.0074444799683988103 -0.01957337278872728 0.016889229416847232 0.0078237224370241183 0.054169317707419402 -0.028364018537104126 0.013775079976767303 0.00438772444613278 0.06646254658699037 0.0054447758011519918 0.018051214516162876 0.058944584801793105 0.53669521212577831 0.00023494919150834906 0.0054237539879977712 0.00031064916402101522 -0.011047525797039269 0.003052999847568572 0.00043334419024176901 -0.0091007826849818212 0.015021945349872114 0.011690910905599596 0.16206582635641101 0.00058766364236362289 -0.0043706391006708136 0.059224320575594909 0.0031446283683180813 0.0041858251206576833 0.4120441228151322 2.61292534560198e-05 2.5163458303723023e-06 0.0054499388206750163 -0.004925110610201954 -0.0059200157411396495 0.016152429394423965 0.030723554082214836 -0.0046618306078016749 6.1072532844264074e-05 0.0002769625280052424 0.79000133275985729 0.0030090360669419174 -0.022947891615331169 0.15000236034393313 0.093963835388422026 0.026453532278537754 0.0078237224370241183 0.062443217262625701 0.0020571629283949737 0.0011832347372546794 0.0001473533775424585
decision_type=8 2 2 2 2 2 2 10 2 2 2 2 2 2 2 2 10 2 2 2 2 2 2 2 2 2 2 2 2 2 2 2 2 2 2 2 2 2 2 2 2 2 2 2 2 2 2 2 2 2 2 2 2 2 2 2 2 2 2 2 2 2
left_child=2 14 3 36 12 6 -6 16 28 11 -11 -8 41 -14 -2 24 18 -18 31 20 25 -22 23 -13 52 -20 -19 -28 -9 -29 -15 -7 33 44 35 43 39 -30 -38 -1 -10 42 -3 -35 -32 53 47 48 49 -43 -51 -52 -16 -46 -5 -56 57 -57 59 -58 61 -60
right_child=1 4 -4 54 5 7 9 8 40 10 -12 22 13 30 15 -17 17 26 19 -21 21 -23 -24 -25 -26 -27 27 29 37 -31 32 -33 -34 34 -36 -37 38 -39 -40 -41 -42 46 -44 -45 45 -47 -48 -49 -50 50 51 -53 -54 -55 55 56 58 -59 60 -61 -62 -63
leaf_value=7.4589035254897255e-06 -6.8099337205571632e-06 -4.4061906908917514e-06 2.7336997581092077e-05 6.6667042145659759e-06 -8.2406799304063949e-06 1.1075362015571713e-05 -2.2197579728698892e-05 1.3255821245953409e-05 -0.00010544366787140006 0.00019184064145615605 -1.5921297228662549e-05 -9.0853575494862694e-05 6.2313577058810524e-05 1.2119113217183098e-05 -2.5646294103647504e-05 -0.00019085212095580452 7.0080410400531802e-05 -2.6078648511128269e-05 -1.0418250234570159e-06 0.00031304378647855886 0.0003081864739147853 4.0774760908821804e-05 -0.00028058661334113085 5.9085595425451085e-05 6.5801954566899702e-05 7.5462401981237295e-05 -0.00019119952353976652 4.04460655455881e-05 -2.1769943370715324e-05 -0.00010900744829697018 1.0985268625780498e-05 -3.3608527652988374e-06 -4.9094085955416621e-05 0.00014176528927368082 1.2905986415355138e-05 2.8759938639305116e-05 8.0753652420912728e-07 0.00015375473567677897 1.3129696234391987e-05 2.2828123173822212e-05 5.374069766424318e-05 -1.3568900780356404e-05 5.3082028717784303e-06 0.00037728205123626013 -0.00018726759840565898 -1.7064681575622034e-06 7.7077536786989208e-06 -3.9208313482434809e-06 -1.1322313916909432e-06 1.9211572157451144e-05 3.4095534156909694e-05 0.00012113343866254828 -0.00010979316128549213 -3.0022958090779013e-05 4.3625591387748676e-07 -2.2648549865419483e-06 2.6582792052405814e-05 0.00028538759494881201 -5.0653915896365314e-06 0.00033386478724681544 -5.2677211063394854e-06 -4.7055680653414933e-05
leaf_weight=175392.49115753174 211991.44512939453 57498.587368607521 13749.2060546875 61679.404379487038 10644.148490905762 21266.885929107666 2230.6342386007309 513.53167569637299 368.79691863059998 168.89795088768005 862.65954422950745 3448.3871521949768 1990.6184692382812 62124.563315868378 1871.6665090322495 290.40542602539062 597.97959136962891 5353.3716039657593 5090.5105284452438 112.32746696472168 208.77239429950714 460.56448030471802 123.24743235111237 234.69865274429321 413.66923201084137 898.87786531448364 477.26109075546265 403.76588785648346 158.35806429386139 369.48490130901337 19038.431498646736 494050.74666118622 1688.3899230957031 165.39940941333771 1310.8324980735779 364.60751152038574 184972.5814832449 852.92885589599609 31458.826065063477 18903.594741821289 251.05129456520081 4944.2388172149658 192544.61264801025 118.41963994503021 150.80302619934082 28461.695715308189 37727.475571632385 349472.19625282288 37054.739207267761 10760.428362727165 2086.2278271913528 981.17562007904053 723.7597484588623 4791.0158597230911 242234.29615783691 40362.339797973633 658.4296236038208 161.17626953125 5888.3182090520859 106.34077262878418 14397.14664542675 11451.170419454575
leaf_count=171443 210962 66629 11644 59890 11097 20814 2283 438 287 135 785 2978 1739 57930 1779 232 518 4680 4714 88 150 390 112 177 388 767 382 324 128 295 18791 492237 1500 156 1249 348 191230 641 31296 19004 204 4835 204663 91 133 27588 45433 350629 38157 10126 1915 785 603 4663 233352 37120 675 129 5534 81 12327 9560
internal_value=6.74549e-09 -1.612e-06 3.19351e-06 2.772e-06 -6.92466e-07 -3.27696e-06 -2.55669e-05 -2.53394e-06 5.09129e-05 -5.16479e-05 1.84012e-05 -6.36195e-05 1.05267e-06 7.31094e-06 -7.43105e-06 -4.73089e-05 -2.7507e-06 -2.96135e-05 -2.38003e-06 2.69132e-05 2.19939e-05 0.000124853 -8.78697e-05 -8.12721e-05 -3.33381e-05 1.04612e-05 -3.86592e-05 -9.23883e-05 8.8283e-05 -3.10648e-05 6.38371e-06 -2.76504e-06 3.09984e-08 1.55739e-06 4.92799e-05 0.000122546 5.60533e-06 0.00012628 2.5987e-06 8.95444e-06 -4.10052e-05 -3.27757e-08 3.07432e-06 0.000241984 -2.27361e-07 -6.61831e-06 -1.78642e-06 -2.67022e-06 5.15838e-06 1.75744e-05 2.87102e-05 6.19973e-05 -4.91779e-05 -3.48952e-05 -3.15326e-07 -1.68137e-06 -8.70566e-06 -1.10673e-06 -1.81795e-05 7.00695e-05 -2.03104e-05 -3.27984e-05
internal_weight=2.37913e+06 1.57771e+06 801415 787666 1.36242e+06 549148 17712.7 531435 2144.67 7068.52 1031.56 6036.97 813274 120205 215291 3299.5 529291 7201.86 522089 6771.05 6658.73 669.337 3806.33 3683.09 3009.1 5989.39 6603.88 1250.51 1524.82 773.251 118214 515318 56089.6 54401.2 1959.26 648.427 410727 1011.29 216431 194296 619.848 693070 250043 283.819 52441.9 33403.5 443026 405299 55826.8 18772.1 13827.8 3067.4 2595.43 4941.82 376939 315259 73024.9 40523.5 32501.4 764.77 31736.6 17339.5
internal_count=2379233 1595948 783285 771641 1381984 544624 17567 527057 1698 6470 920 5550 837360 114188 213964 3002 525359 6199 519160 6109 6021 540 3267 3155 2770 5481 5681 1001 1207 619 112449 513051 54519 53019 1844 595 412973 769 222526 190447 491 723172 271292 247 51175 32384 451880 406447 55818 17661 12826 2700 2382 4796 358668 298778 65426 37249 28177 756 27421 15094
is_linear=0
shrinkage=0.05


Tree=53
num_leaves=63
num_cat=0
split_feature=50 68 327 46 200 234 197 315 2 259 278 204 22 174 339 225 2 2 256 38 262 1 315 15 262 356 23 74 198 35 198 202 344 51 53 259 13 46 330 202 292 356 198 354 178 333 204 327 204 357 22 179 108 28 2 321 170 44 345 40 327 336
split_gain=0.00490654 0.00408124 0.00451511 0.00426266 0.00469398 0.00424497 0.00414794 0.00392068 0.00425211 0.00496734 0.0037436 0.00412667 0.00355664 0.003411 0.00554622 0.00434339 0.00370708 0.00455266 0.00347517 0.00338291 0.00337459 0.00351957 0.0032737 0.00456878 0.00325898 0.00306927 0.00302033 0.00294705 0.00891382 0.00550565 0.00334106 0.00331699 0.00292073 0.00286796 0.00285737 0.00285514 0.0027212 0.00567315 0.00529318 0.00739746 0.00380378 0.00338597 0.00297643 0.00344746 0.00335693 0.00281269 0.00259445 0.0025385 0.00252234 0.00251708 0.00247502 0.00242744 0.00270663 0.00241832 0.00240697 0.00240198 0.00237904 0.00234124 0.0023114 0.00228436 0.00228288 0.00227678
threshold=4.3913109948334758e-06 0.057802774012088783 -0.0021632016869261857 -0.0066282248590141526 0.0013658645912073555 1.3022435903549197 0.0019088638946413996 -0.020844302140176293 -0.02172362711280584 0.20020835101604464 0.63001245260238659 0.0010829223319888117 0.012474211864173414 0.0066481532994657764 0.94750660657882702 -0.47090385854244227 -0.0046340506523847571 -0.0023874762700870629 -1.4689502789890701e-16 0.027572561986744407 0.0049585558008402595 0.049502892419695861 0.011930522508919241 0.049857350066304214 -0.0011186580522917209 -0.52317813038825978 0.0087099764496088045 0.048191379755735404 0.0078237224370241183 0.040537105873227126 0.0058094589039683351 0.00057333335280418407 0.15951542556285861 1.8519333934818864e-05 1.0000000180025095e-35 0.11312308907508851 0.018912989646196369 -0.026355053298175331 0.11173884943127634 0.00034422137832734739 -0.038026854395866387 0.096943937242031111 0.0029321718029677872 -0.016963848844170567 0.01344346394762397 0.29480256140232092 0.00058945050113834452 0.0004538470675470308 0.00010573866529739463 0.17712431401014331 0.0068237686064094314 0.0181364119052887 111.11535644531251 0.025670770555734638 0.00058008750784210872 0.019949702546000484 0.0011378925992175939 0.004407738335430623 -0.12733933329582212 0.029389019124209884 0.0037852396490052347 -0.0014619072317145763
decision_type=2 2 2 2 2 2 2 2 2 2 2 2 2 2 2 2 2 2 2 10 2 2 2 2 2 2 2 2 2 10 2 2 2 2 2 2 2 2 2 2 2 2 2 2 2 2 2 2 2 2 2 2 2 10 2 2 2 10 2 10 2 2
left_child=34 2 20 4 33 12 -3 -8 9 56 11 24 -6 27 25 16 48 -18 19 -17 -2 -22 -12 -24 -10 46 51 28 -5 31 -29 -30 53 -4 -1 61 -35 -38 39 -39 -40 42 45 44 47 -42 -15 -44 -16 -25 -37 -27 -53 -19 -45 -47 -9 -46 59 -28 -11 -26
right_child=1 6 3 13 5 -7 7 8 10 60 22 -13 -14 14 15 18 17 32 -20 -21 21 -23 23 49 35 26 58 30 29 -31 -32 -33 -34 36 -36 50 37 38 40 -41 41 -43 43 54 57 55 -48 -49 -50 -51 -52 52 -54 -55 -56 -57 -58 -59 -60 -61 -62 -63
leaf_value=-3.8782815571816756e-07 2.2846178963973159e-05 4.8591797452426454e-07 3.6187171743981639e-06 7.5677559721367998e-06 -6.1494871317080557e-05 6.3084683443818691e-05 2.595321914797344e-05 1.6165763989976593e-05 7.4158686257710479e-05 0.00015990301305394484 -7.3228872448954035e-05 8.5978239257526845e-05 -0.00023680885152933974 -2.2135175288277305e-05 2.86734271811824e-05 9.1030981291078533e-05 0.00021657033930957753 0.00027040728149571174 3.9647452713277946e-05 0.00028458980810449128 -1.8342649738920075e-07 0.00031378390537201476 -4.7047955491352501e-05 -0.00030114549946027365 -5.5857303717888706e-05 2.0656061017707e-05 0.00015399443584962735 -9.3883068642621252e-06 0.00020619737284420983 0.00037432721857684199 -0.00010330418661449857 -0.00011857557986965088 -7.6021414211700552e-05 -6.5188466961072529e-07 -5.6456508612687148e-06 -0.00012317517646309584 0.00023092891667716021 1.5788846448737682e-05 -3.7364232395731374e-07 0.0003964506155625822 -5.6430603263639489e-05 0.00013709475486806938 -1.1248110772599609e-05 -0.00010077495856372111 1.2449770083381702e-05 -7.1413215403498538e-06 -0.00017663622493106269 -0.00011684552121249799 -9.4784239036575411e-05 -5.6232884854656221e-05 1.1541346500051787e-05 -3.3626241825098303e-05 6.5863516066894299e-05 3.6426460412569282e-05 -0.00026847696199381259 0.00015618277078773232 -0.00020707182303151281 0.00024743651774933572 3.0138415866760741e-05 -9.9831894397504033e-06 -6.6689546661837946e-05 0.00010905499178851166
leaf_weight=646016.03276133537 20502.181078910828 13219.839233398438 593876.70678567886 87476.280531167984 2660.4968090057373 619.11835813522339 1809.1088638305664 246.76990187168121 423.58081591129303 578.0860903263092 2367.4999010562897 587.19731140136719 323.09699106216431 2747.6770629882812 665.56066238880157 3976.1014674901962 346.66154098510742 128.34751927852631 4734.8604522943497 237.9431037902832 158.45146727561951 202.40685200691223 422.25739669799805 565.77009606361389 584.39808928966522 11435.167152166367 896.50606346130371 11191.75513458252 176.72344601154327 259.68501138687134 1032.5933227539062 138.60533654689789 542.38935327529907 498655.06850600243 430662.5693359375 2045.7828044891357 225.55809569358826 453.16702806949615 10158.552341103554 175.76110339164734 3932.991596698761 261.03737008571625 1179.2954151630402 2185.9349728822708 383.74588298797607 4230.4729561805725 299.65993499755859 1098.836294054985 1088.1085109710693 129.9739682674408 408.6507134437561 4811.550125002861 794.87615787982941 728.92830657958984 236.35531806945801 235.76373875141144 228.64140570163727 144.57407665252686 2485.3070909976959 277.83108139038086 136.31354522705078 323.45139622688293
leaf_count=679962 17155 11805 597848 84768 2169 497 1439 195 338 413 1899 440 263 2668 540 3196 260 99 3911 172 123 145 319 445 480 10342 702 10248 131 187 815 111 461 482209 429049 1654 164 435 8686 120 3450 205 940 1801 297 3877 255 879 881 126 316 4377 658 588 187 185 175 107 2434 263 113 256
internal_value=6.46675e-09 2.07095e-06 2.45508e-06 2.07231e-06 1.05659e-06 -5.59081e-05 -1.83226e-05 -4.12192e-05 -5.46523e-05 3.33909e-05 -6.79874e-05 -3.71516e-05 -8.06258e-05 1.04156e-05 2.35719e-05 5.06014e-05 3.37313e-06 5.49077e-05 6.90679e-05 0.00010209 2.55237e-05 0.000176681 -0.000106632 -0.00017711 -5.62846e-05 9.40004e-06 1.62972e-05 5.66609e-06 8.85998e-06 0.000204736 -1.7337e-05 6.35932e-05 1.4616e-05 1.24035e-06 -2.49092e-06 -7.27522e-05 -1.45746e-06 -1.75874e-05 -1.98775e-05 0.000123089 -2.36265e-05 -4.06314e-05 -4.40552e-05 -7.36658e-05 -3.59077e-05 -2.56087e-05 -3.74339e-05 -6.22399e-05 -4.79497e-05 -0.000255685 -0.000100754 7.44387e-06 -1.95022e-05 7.20049e-05 -0.000117346 1.54628e-06 -9.16145e-05 7.74442e-05 5.74973e-05 0.000115249 0.000116602 3.00872e-06
internal_weight=2.37913e+06 1.30245e+06 1.27837e+06 1.25751e+06 1.12104e+06 3602.71 24077.3 10857.5 9048.37 1189.81 7858.56 4373.06 2983.59 136473 36197.5 12448.9 3500 1746.33 8948.91 4214.04 20863 360.858 3485.5 1118 3785.86 23748.6 20701.2 100276 88051.3 575.014 12224.3 315.329 1399.67 1.11743e+06 1.07668e+06 3362.28 523557 24902 24676.5 628.928 24047.6 13889 13628 5228.74 2806.45 8399.23 3047.34 2278.13 1753.67 695.744 2454.43 17041.6 5606.43 857.276 2422.29 4466.24 475.411 528.32 3659.64 1174.34 714.4 907.849
internal_count=2379233 1270222 1249809 1232386 1104319 2929 20413 8608 7169 896 6273 3484 2432 128067 31807 10108 2829 1408 7279 3368 17423 268 2789 890 3044 21699 18776 96260 85197 429 11063 242 1148 1101390 1109011 2706 503542 21333 21169 555 20614 11928 11723 4211 2223 7512 2923 1819 1421 571 1970 15377 5035 687 1988 4062 370 404 3399 965 526 736
is_linear=0
shrinkage=0.05


Tree=54
num_leaves=63
num_cat=0
split_feature=327 154 344 193 47 337 198 14 327 70 258 109 337 342 337 204 175 49 109 213 211 70 339 183 49 291 258 134 348 46 337 46 0 259 180 313 292 49 204 48 292 238 182 335 20 327 108 46 1 0 47 344 49 176 227 1 200 198 348 1 9 49
split_gain=0.0048207 0.00539774 0.00379782 0.00324118 0.00825298 0.0119904 0.00413965 0.00305056 0.00417417 0.00325148 0.00459673 0.00386587 0.00453701 0.00417864 0.00536413 0.00321121 0.00300552 0.00284715 0.00282615 0.00322519 0.00272705 0.00282795 0.00258497 0.00348796 0.00320871 0.00263721 0.0024752 0.00243647 0.00239077 0.00267114 0.00242652 0.00240329 0.00263851 0.00484046 0.0024524 0.00236419 0.00235762 0.00235572 0.00234373 0.00224998 0.0046145 0.00229662 0.00224648 0.00257523 0.0022693 0.00220533 0.00465624 0.00648003 0.00460654 0.00291548 0.00320209 0.00260028 0.00251113 0.00219233 0.00521275 0.00215409 0.00214964 0.00281404 0.0111338 0.00285446 0.00211487 0.00208342
threshold=-0.00067544265766628076 -5.2989600590080947e-05 0.11669649928808214 0.016730303876101974 0.036497352644801147 -0.090596418827772127 0.0078237224370241183 0.046248741447925575 0.0037852396490052347 0.038978386670351035 0.22364710271358493 18.38894081115723 -0.072260886430740343 2.3196407556533818 -0.015792646445333954 0.00011996559987892398 0.0012298634974285962 0.059844074770808227 93.211784362792983 3.7258132579154342e-05 0.00051747847464866947 0.057772701606154449 0.95866072177886974 -0.059697201475501054 0.04795216582715512 -0.6017828881740569 0.85207724571228038 -1.0000000180025095e-35 0.21338404715061191 0.016889229416847232 -0.0056791680399328462 -0.0047893538139760486 0.0037319726543501024 0.64290976524353038 0.0097254798747599142 0.058154828846454627 1.5277934670448305 0.072977602481842055 8.0196099588647498e-05 0.080197189003229155 1.5667911171913149 -0.109073668718338 0.070255894213914885 -0.282719075679779 0.0048551918007433423 0.00062508322298526775 76.358299255371108 -0.059511978179216378 -0.014542980119585989 -0.002584649133495986 0.040085952728986747 -0.1626959219574928 0.18470682948827746 -0.034723252058029168 0.33167986571788793 0.03077735006809235 0.00090487831039354216 0.0078237224370241183 -0.14977168291807172 0.039197165518999107 -0.042221363633871072 0.029877182096242908
decision_type=2 2 2 2 2 2 2 2 2 2 2 10 2 2 2 2 2 2 10 2 2 2 2 2 2 2 2 2 2 2 2 2 2 2 2 2 2 2 2 2 2 2 2 2 2 2 2 2 2 2 2 2 2 2 2 2 2 2 2 2 2 2
left_child=18 27 3 6 5 -5 45 9 17 56 -11 12 39 -14 15 -15 -8 38 19 55 21 26 23 -6 25 -25 53 -2 -24 31 -31 34 35 -34 37 -33 -36 -30 -9 40 41 -12 -26 44 -44 -3 49 51 -49 -47 -51 -48 -53 54 -20 -1 57 61 -59 -60 -22 -4
right_child=1 2 7 4 22 -7 16 8 -10 10 11 -13 13 14 -16 -17 -18 -19 20 -21 60 -23 28 24 42 -27 -28 -29 29 30 -32 32 33 -35 36 -37 -38 -39 -40 -41 -42 -43 43 -45 -46 46 47 48 -50 50 -52 52 -54 -55 -56 -57 -58 58 59 -61 -62 -63
leaf_value=4.0966537719642363e-06 -7.4781231975428835e-06 3.1723272061991263e-06 5.2863008444710289e-05 0.00053941867177184708 -0.00014240414303849021 -1.0414185278853661e-05 -5.8446843340731966e-06 4.1649532110326003e-05 -0.0001457215569593603 -1.2617095243147665e-05 5.8638271124527631e-05 1.3819242349975104e-05 5.439220199165084e-05 0.00057721281997480563 0.00013534384402094808 0.00025133152396292414 -0.00020326951912619774 -1.1767476344735264e-05 -0.00018454960710203889 1.2365991081042934e-05 0.00023333396605143718 -7.7529712720951494e-05 1.1337389643532229e-05 0.00012166682963407875 7.8160673519497377e-06 -9.1096723307903992e-05 -0.00016595052690731086 -1.8883397845407379e-06 9.9544268637166231e-05 4.422836386337118e-05 -0.00016195426507896148 2.5978248903698055e-05 7.6976668271034948e-05 0.00029275464050089239 -4.8663513392328295e-05 0.00023097268618574752 0.00010758107739710846 2.0151263598446463e-05 -0.00022000064179904076 -4.7327956023417457e-05 -9.9525498327271314e-05 0.00034764750931663328 0.0002274639359907473 -6.7800946402581948e-05 -3.3048780432731677e-05 -2.023223096795769e-05 8.7267714034034324e-07 0.00024637257017166972 2.8902849117869183e-06 -2.6683739955810629e-05 2.9633309443196648e-06 0.00014641666496616716 2.9036835029838266e-05 -2.2182564648449853e-06 5.5872744565677123e-06 -1.597279342266685e-05 -8.0199885382647686e-05 0.00053541339688449401 -3.3010418878816789e-05 0.00022860587337137056 2.4840926491766156e-05 -4.040155713609915e-06
leaf_weight=97076.601058959961 319874.52996826172 597411.54975676537 1615.3607057332993 178.21545886993408 401.20217895507812 220.27668046951294 353.24743497371674 118.08479714393616 788.8524169921875 3969.2526340484619 119.27616345882416 2325.2257767915726 577.97037506103516 133.99457788467407 575.92614829540253 183.4832558631897 422.68737947940826 4880.1668486595154 556.45326089859009 160888.91136169434 122.10174465179443 1326.0342636108398 29740.577542185783 161.89503502845764 76455.987809658051 1322.3355575799942 233.03515374660492 499143.10662841797 1223.636577129364 258.31848871707916 314.9245685338974 3415.2999271154404 2537.5545526742935 288.05915009975433 1696.4738606214523 144.74800872802734 279.52179491519928 3937.5725129842758 303.65936493873596 543.23186492919922 173.15656983852386 163.36099076271057 148.27405190467834 1802.6310272216797 187.41245293617249 41759.458534240723 752.48413109779358 192.87130928039551 61816.10157585144 11340.640924453735 46221.746888160706 1435.0158903598785 668.89995718002319 75098.365414738655 1016.4965810775757 15503.511749267578 913.74537658691406 117.30734992027283 586.21248114109039 124.73486483097076 6203.1730051040649 296783.67126524448
leaf_count=95852 322944 630769 1399 130 322 217 312 99 636 3412 97 2038 457 98 428 131 347 4375 442 144315 98 1094 26088 137 74052 1083 188 513393 968 206 268 2918 2026 201 1399 107 216 3559 241 467 160 120 103 1479 167 39448 668 143 55258 10787 43970 1108 602 69074 899 14210 756 87 479 88 5239 296859
internal_value=6.20486e-09 -9.41076e-07 1.19177e-06 2.86648e-06 1.03389e-05 0.00023695 1.64407e-06 -3.5245e-06 -3.85603e-05 -2.83345e-06 2.71815e-05 6.01135e-05 0.000103641 0.000159417 0.000227087 0.000391625 -0.000113637 -2.25672e-05 5.35372e-06 7.82389e-06 -2.63525e-06 -5.18877e-06 9.60867e-06 4.28728e-06 5.02575e-06 -6.77567e-05 -3.93944e-06 -4.07149e-06 1.93776e-05 3.63371e-05 -6.92122e-05 4.0821e-05 6.31018e-05 9.91658e-05 2.08742e-05 3.44381e-05 -2.64749e-05 3.90053e-05 -0.00014689 2.13396e-05 0.000103029 0.000226951 6.40192e-06 -4.41213e-05 8.26864e-05 1.76182e-06 -3.37044e-06 7.04862e-06 3.65553e-06 -1.0175e-05 -2.8783e-06 8.06543e-05 0.000109161 -3.4427e-06 -6.18253e-05 1.33264e-06 -3.71013e-06 -3.47602e-06 8.84475e-05 1.34024e-05 2.89381e-05 -3.73176e-06
internal_weight=2.37913e+06 2.0211e+06 1.20209e+06 887090 124715 398.492 762375 314997 6090.76 308906 8764.88 4795.63 2470.4 1471.37 893.404 317.478 775.935 5301.91 358025 273469 84555.7 78230.4 124316 80479.7 80078.5 1484.23 76904.4 819018 43836.7 14096.1 573.243 13522.9 6385.66 2825.61 7137.2 3560.05 1976 5161.21 421.744 999.026 455.794 282.637 78594.3 2138.32 335.687 761599 164187 64865.4 62009 99321.8 57562.4 2856.4 2103.92 76671.3 1572.95 112580 300141 299227 828.255 710.947 6325.27 298399
internal_count=2379233 2047822 1211485 899058 115646 347 783412 312427 5351 307076 7408 3996 1958 1114 657 229 659 4715 331411 254377 77034 71697 115299 77343 77021 1220 70603 836337 37956 11868 474 11394 5252 2227 6142 3025 1615 4527 340 844 377 217 75801 1749 270 782753 151984 57779 55401 94205 54757 2378 1710 70415 1341 110062 299668 298912 654 567 5337 298258
is_linear=0
shrinkage=0.05


Tree=55
num_leaves=63
num_cat=0
split_feature=276 36 57 16 108 34 217 34 0 1 1 34 45 47 357 17 225 201 108 329 357 24 189 45 259 265 272 343 43 318 316 0 234 273 227 204 25 200 186 189 273 1 231 113 173 33 44 203 183 202 338 354 357 44 204 201 18 292 23 0 18 181
split_gain=0.00468788 0.00433879 0.00372149 0.00366143 0.00537013 0.00356946 0.00346748 0.00306655 0.00351468 0.00414619 0.00304373 0.00282092 0.00353782 0.00313932 0.0155622 0.00285463 0.00276069 0.0027579 0.00344668 0.0024112 0.00232378 0.00668761 0.00414307 0.00348996 0.00322146 0.00240143 0.00216687 0.00213187 0.00211581 0.00209787 0.00246582 0.0020027 0.00258237 0.00238121 0.00231002 0.00406482 0.00373513 0.00198673 0.00198261 0.00271223 0.00236697 0.00196651 0.00226551 0.00190469 0.00202289 0.00189003 0.00228056 0.00190025 0.00255288 0.00245705 0.00188436 0.00290794 0.00302953 0.00466187 0.00217523 0.00226434 0.00217213 0.00189747 0.00186283 0.00186236 0.00409419 0.00220184
threshold=0.13678423315286639 0.005877434043213726 0.80162799358367931 0.0015371129265986385 12.11607074737549 0.080304700881242766 0.00041537043580319738 0.0033649374963715677 -0.0090043609961867315 0.055030301213264472 -0.0037380548892542716 0.0056211957708001145 0.0045072745997458705 0.034821499139070518 -0.63616621494293202 0.023013224825263027 2.6266841146593837e-08 3.8220216083573184e-05 15.462023735046388 0.13352926820516589 -1.0060828328132627 0.0072219192516058692 0.05171553976833821 0.0098163397051394003 0.51096272468566906 -0.0024488405324518676 0.024660335853695873 -0.36872209608554835 0.00051323309889994573 0.0022122125374153261 0.0034994415473192935 0.0054949901532381782 -0.62870308756828297 -0.011937685310840605 -1.0000000180025095e-35 1.5394980437122289e-05 0.0018989753443747761 4.4943926695850685e-05 0.0019617135403677825 0.0047912583686411389 -1.0000000180025095e-35 -0.0037380548892542716 0.509655922651291 0.1845943555235863 -7.8275334089994417e-05 -0.0022521635983139272 0.017581445164978508 0.00032315214048139756 -0.010042995214462279 0.00070634396979585301 0.75000348687171947 -0.28995648026466364 0.58999964594841015 0.0033110510557889943 0.00015617934695910665 0.0011068888125009837 0.0086963549256324785 0.32345196604728704 9.7381816885899766e-05 -0.0045350405853241673 0.00045094260713085538 -0.063927941024303422
decision_type=2 8 2 2 2 10 2 10 2 2 2 10 10 2 2 2 2 2 2 2 2 2 2 10 2 2 2 2 10 2 2 2 2 2 2 2 2 2 2 2 2 2 2 2 2 8 8 2 2 2 2 2 2 10 2 2 2 2 2 2 2 2
left_child=5 2 6 4 -3 7 27 8 -1 10 -10 45 13 14 -13 31 -17 -9 26 -20 21 23 25 -14 43 -22 41 -2 -27 30 58 32 33 -15 35 36 -34 -12 -37 40 -40 42 -19 -25 -45 46 47 48 -5 -49 -43 59 54 -54 55 -53 57 -56 -7 60 -52 -62
right_child=1 3 -4 11 -6 29 -8 17 9 -11 37 12 20 15 -16 16 -18 18 19 -21 22 -23 -24 24 -26 28 -28 -29 -30 -31 -32 -33 34 -35 -36 38 -38 -39 39 -41 -42 50 -44 44 -46 -47 -48 49 -50 -51 51 52 53 -55 56 -57 -58 -59 -60 -61 61 -63
leaf_value=1.3410192718587167e-05 5.4275725291530624e-06 -3.2322445726006085e-05 -4.4232496178849895e-06 3.3677749664106823e-05 7.7614841756760221e-06 0.00028249414713744258 1.0141175923861055e-05 -1.3989506038657419e-06 -2.7989786440471626e-05 -0.0001037714289993633 6.6593992956586899e-06 0.0004978730740639528 -6.2624875535649855e-05 0.00019135980091566755 1.9564020892460475e-05 2.3183235202835657e-05 0.00011308369579280994 1.9290193209126795e-05 1.4140360353711806e-05 -2.0351236119225616e-06 -1.5611849903923027e-05 -2.72373664087741e-05 -6.9748453033109681e-05 -4.1447382654735492e-05 0.00038080772719075454 0.00023116254980336942 -3.7398685941054442e-05 -5.5100286809865681e-07 -8.5762449583782578e-07 1.1453272572160374e-05 0.00030049135602670991 4.3133944220239792e-05 0.00036432889418208257 -3.5721540177432189e-05 -2.4219496501647894e-06 -2.5518991839760874e-05 6.6720592865828653e-05 -4.5560458874215321e-06 0.00028836157649804911 2.1942370257697987e-05 7.1694581055802386e-05 1.4561488015517666e-05 0.00031850628186188824 0.00025414414226028085 9.7440369525437419e-05 -3.6710511512082866e-05 6.6582695739113762e-05 -1.7288855885671429e-05 -1.62980612305576e-05 -0.00012911258158898088 0.00032746365756666763 2.6891635874138348e-05 0.00028857494038565611 4.876061489351279e-05 -3.2387687871927252e-06 0.00016832177183684433 3.014638783801652e-05 -7.4713660901691041e-05 6.1664990911372729e-05 4.6184252766947459e-05 0.00026296509271429266 5.4266325391399865e-05
leaf_weight=40302.87548828125 175216.68211364746 29629.037242412567 402528.78539776802 3013.502791762352 11636.437389850616 105.78810513019562 97735.285766601562 57856.774035334587 10869.862426757812 1010.5053081512451 59950.860647201538 195.0533789396286 235.09246253967285 115.95016884803772 1242.6643716096878 3267.2341039180756 1154.8671066761017 136.76752495765686 38919.385187268257 56456.547172665596 39183.452502012253 1898.2772254943848 2553.4287414550781 157.89535558223724 130.08389437198639 96.374693155288696 1708.3011074066162 1000678.3640697002 82471.845786094666 825.35555362701416 154.99562931060791 2819.287655711174 170.77166974544525 5516.4680578708649 13603.568016171455 1373.4275014400482 273.44768583774567 115665.95648741722 190.1464626789093 2055.6446858644485 372.17062699794769 62502.0433396101 116.14835524559021 295.89739966392517 683.53863549232483 9572.882999420166 924.91663360595703 1331.3221875429153 16746.515821933746 777.16743469238281 192.71110701560974 9484.9191294908524 250.31564521789551 1035.8344473838806 2590.6479930877686 289.81259083747864 2539.0622119903564 1445.4809399843216 859.74364650249481 3498.1792534589767 142.18731689453125 1040.8942388296127
leaf_count=38749 171795 29233 388322 2921 11536 76 87103 65724 11048 865 63767 180 197 89 1396 3797 1187 149 36039 52579 44464 1703 2367 135 95 74 1603 997452 98721 668 107 2480 132 5531 16199 1691 322 116242 158 2343 404 66043 79 227 544 10318 791 1255 18823 683 144 9063 186 1093 2378 224 2453 1209 661 3123 102 881
internal_value=-2.15212e-08 -1.12234e-06 -2.32489e-07 -7.50485e-06 -2.10194e-05 4.45211e-06 1.092e-06 4.17096e-06 1.48701e-08 -2.86459e-06 -2.31671e-06 -4.60645e-06 -1.88399e-06 1.2885e-05 8.50571e-05 9.52308e-06 4.6702e-05 8.11237e-06 1.11302e-05 4.56565e-06 -5.62544e-06 3.51397e-05 -6.74125e-06 0.000113879 0.000146665 -5.41871e-06 1.83286e-05 3.39855e-07 -5.81215e-07 7.19965e-05 0.000116491 3.31378e-06 -1.43205e-06 -3.09805e-05 7.79636e-06 3.91219e-05 0.000182251 -7.27362e-07 2.31091e-05 4.86203e-05 0.000145722 1.9446e-05 0.000158122 0.000119264 0.000145204 -1.80685e-05 -1.02366e-05 -1.34915e-05 -8.67386e-06 -5.85892e-05 1.90297e-05 3.14338e-05 2.19817e-05 9.58098e-05 1.61631e-05 3.11185e-05 -6.07246e-06 -2.88608e-05 8.6394e-05 6.56124e-05 0.000114873 7.975e-05
internal_weight=2.3798e+06 1.90985e+06 1.67616e+06 233688 41265.5 469952 1.27363e+06 468006 227800 187497 186487 192423 160057 32350.7 1437.72 30913 4422.1 240206 182349 95375.9 127706 3400.78 124305 1502.51 1267.42 121752 86973.3 1.1759e+06 82568.2 1945.88 1120.53 26490.9 23671.6 5632.42 18039.2 4435.61 444.219 175617 3991.39 2617.96 562.317 85265 252.916 1137.33 979.436 32366.3 22793.4 21868.5 19760 2108.49 85012.1 22510 17636.1 1286.15 16349.9 9774.73 6575.19 4036.13 965.532 4873.97 1375.79 1183.08
internal_count=2379923 1904668 1644672 259996 40769 475255 1256350 473743 230671 191922 191057 219227 184436 35909 1576 34333 4984 243072 177348 88618 148527 2901 145626 1198 1001 143259 88730 1169247 98795 1512 844 29349 26869 5620 21249 5050 454 180009 4596 2905 562 87127 228 906 771 34791 24473 23682 21744 1938 86899 20856 16606 1279 15327 9287 6040 3587 737 4250 1127 983
is_linear=0
shrinkage=0.05


Tree=56
num_leaves=63
num_cat=0
split_feature=211 51 213 1 2 349 219 48 183 205 281 27 357 0 34 32 315 183 0 210 201 178 49 32 313 46 343 204 336 2 0 48 201 355 269 316 181 348 259 313 319 113 344 202 188 2 357 175 0 24 0 337 342 205 181 202 0 37 357 355 358 334
split_gain=0.0046213 0.00417755 0.00323199 0.00289148 0.00287438 0.00299778 0.00275698 0.00265975 0.00328227 0.00264569 0.00260168 0.00293078 0.00247629 0.00283565 0.0032959 0.00327639 0.00327612 0.00303897 0.00368032 0.00266937 0.00351108 0.00241985 0.00477866 0.00610601 0.00348358 0.00273345 0.00370401 0.00306364 0.00397877 0.00294557 0.00502147 0.0068067 0.00661507 0.00258863 0.00250946 0.00245638 0.0023959 0.00501275 0.00238145 0.00301494 0.00236389 0.00235447 0.00222836 0.00266182 0.00237721 0.00339438 0.00295453 0.00241269 0.00260153 0.00219833 0.00240903 0.00937802 0.0151611 0.00223683 0.00215972 0.00291275 0.00215924 0.00270062 0.00215766 0.00209858 0.00207174 0.00210278
threshold=2.6313234229746744e-05 8.8026139565045028e-05 7.4895906436722739e-05 0.06795790791511537 -0.0057388674467802039 -0.050558291375637048 5.1667282605194493e-05 0.062939446419477477 -0.036379279568791383 0.00036035107041243469 0.22715481370687488 0.071969062089920058 -0.017875764518976208 -0.010247750673443077 0.047253768891096122 0.064439397305250182 -0.020844302140176293 -0.059697201475501054 -0.0061224738601595155 0.00016384456102969128 0.00097027199808508169 0.034917436540126807 0.25977644324302679 0.051697783172130592 0.0074412839021533736 -0.010096060112118719 0.5443917214870454 0.00084721954772248875 -0.10470349341630934 -0.0071536328177899114 -0.00082212215056642879 0.11969532072544099 0.00086790331988595437 -0.0081738871522247774 0.026730395853519443 0.017680380493402485 0.041250051930546767 0.085524611175060286 0.16720042377710345 -0.0083991815336048586 -0.0069384544622153035 -0.10779727995395659 0.10189064592123033 0.0017243722104467454 0.014561659656465055 -0.0021297498606145378 -0.039964079856872552 0.0081075900234282034 0.013775079976767303 9.2340338596841334e-05 0.019893051125109199 0.023753058165311817 0.54138368368148815 2.1889382878725886e-05 -0.0073784054256975642 0.00081144404248334478 -0.0024191228440031405 0.004511491861194373 0.18606697022914889 -0.13716304302215573 -0.035358650609850877 0.073297549039125456
decision_type=2 2 2 2 2 2 2 2 2 2 2 10 2 2 10 8 2 2 2 2 2 2 2 10 2 2 2 2 2 2 2 2 2 2 2 2 2 2 2 2 2 2 2 2 2 2 2 2 2 2 2 2 2 2 2 2 2 10 2 2 2 2
left_child=3 2 -2 49 5 6 -5 8 -4 -9 11 -3 21 14 41 17 58 18 -15 20 -18 24 23 -23 -12 33 27 29 -29 30 34 32 35 -26 -27 -32 -19 56 39 -16 -31 -14 43 44 -10 46 -46 48 -47 -1 -51 53 -53 -52 55 -35 57 -38 -17 -7 -42 -62
right_child=1 10 7 4 -6 59 -8 9 42 -11 12 -13 13 15 38 16 19 36 -20 -21 -22 22 -24 -25 25 26 -28 28 -30 40 31 -33 -34 54 -36 -37 37 -39 -40 -41 60 -43 -44 -45 45 47 -48 -49 -50 50 51 52 -54 -55 -56 -57 -58 -59 -60 -61 61 -63
leaf_value=-9.6060882944266873e-06 6.1975798832214679e-07 -1.3754495839293189e-05 0.00019308161546386399 -0.00025440070886311919 -1.1264326305601233e-05 -0.0001036038363952924 -1.3244680101289576e-05 8.9831521634559492e-07 1.0453372593337212e-05 1.0868341807715498e-05 1.2333959338564802e-06 -0.00010758838938628996 0.0001685071900770339 0.00028083311280586293 0.00016126988757653963 0.00010989550873793961 -4.3686312953991384e-05 -6.2068785814125694e-06 3.6875881662234013e-05 -8.6898109594148556e-05 0.000157133392871855 -4.7193129384049563e-05 -3.0733430643100363e-06 -0.00026588150706271916 -9.6350645215208472e-06 2.0767949634840602e-05 -9.3534691565800383e-05 2.4585009118994333e-05 0.00028288117446577648 0.00015607008916213505 0.00024384077672307171 -2.1804113157072488e-06 0.00057346738178182895 1.9730247226298101e-05 0.00023782818276632677 -8.7783784072633601e-06 0.00024565018795642195 0.00015654283992308458 0.00016637632809851874 -3.575801097667363e-05 8.7792399031318146e-06 4.5377998071602457e-06 1.9150928439923131e-06 0.00022195858791891135 5.2999927776246034e-06 -5.6238822033170067e-06 5.218828104663095e-05 -7.7728849984870125e-05 6.8540762720748502e-05 -2.1161327160562096e-06 9.0416209393554412e-05 -6.7949449016389103e-06 0.00071543666269424395 -3.7349197516456327e-05 2.322851680965522e-05 0.00033584158845503077 -4.4168022632386418e-05 1.2992327193056633e-05 -4.8666530511820486e-05 -3.2329109000671538e-06 -9.350122568941644e-05 0.00013453331441010499
leaf_weight=113029.4503005743 669644.61352539062 30778.277984619141 244.59901142120361 381.34988081455231 4667.1820214986801 956.16677248477936 171.88452231884003 271744.94493103027 101061.98141872883 88115.399795532227 149266.38586807251 853.3404541015625 218.23453140258789 180.38337230682373 293.84191370010376 510.21505498886108 1061.4525455236435 256012.74058532715 1020.6544542312622 3173.5371528863907 271.66572761535645 2094.7970008850098 10182.537506103516 374.87850570678711 10157.116170883179 2046.0728528499603 517.62936782836914 299.90388488769531 295.30406379699707 313.57722079753876 396.67468428611755 372.74822902679443 136.06244564056396 163.49805915355682 140.47403907775879 126.66584980487823 161.88356721401215 697.76228070259094 535.06249094009399 563.36501979827881 7499.1423636674881 37062.450252532959 52847.416872620583 151.90255737304688 4549.007338643074 5545.8119117021561 12853.767683029175 875.54936504364014 1500.7673387527466 520046.62472856045 514.65931475162506 163.56079804897308 128.69822251796722 1014.6824108362198 7807.8050597906113 129.85779070854187 1112.4953581094742 523.10446047782898 367.63163232803345 1141.1136412620544 119.64014780521393 609.43861365318298
leaf_count=111208 696266 26404 199 301 4438 766 149 269997 92364 79236 142124 679 168 129 209 413 953 246218 874 2599 201 1842 8749 293 9332 1762 442 258 211 253 313 376 103 158 105 107 119 561 387 444 6725 33970 47836 113 3883 5037 10597 743 1237 556108 397 153 89 863 6874 89 1043 499 308 1071 91 487
internal_value=-2.02631e-08 1.31926e-06 2.94003e-06 -3.64448e-06 -3.48905e-05 -7.64531e-05 -0.000179793 5.82005e-06 1.07891e-05 3.33962e-06 -2.3892e-06 -1.62925e-05 -1.50393e-06 -4.31801e-06 8.3297e-06 -6.16316e-06 -4.47606e-05 -5.36259e-06 7.39217e-05 -6.19707e-05 -2.58876e-06 2.92405e-06 -1.82121e-05 -8.05767e-05 4.40662e-06 1.96202e-05 3.72629e-05 4.27568e-05 0.000153253 3.71393e-05 7.78898e-05 0.00016868 0.000264979 7.17815e-06 3.49175e-05 0.000182898 -5.73152e-06 4.30066e-05 8.38063e-05 3.19994e-05 2.17692e-05 5.50664e-06 1.05384e-05 1.41397e-05 1.38864e-05 2.75845e-05 3.99339e-05 4.53006e-07 1.01865e-05 -3.28423e-06 -1.91498e-06 5.54526e-05 0.000313946 5.70879e-06 2.82555e-05 0.000160988 -1.19184e-06 6.85316e-05 4.3532e-05 -4.90479e-05 1.66143e-05 9.696e-05
internal_weight=2.3798e+06 1.73758e+06 1.20914e+06 642215 7317.7 2650.51 553.234 539491 179631 359860 528448 31631.6 496817 303766 38673 265094 5384.5 259709 1201.04 4506.66 1333.12 193050 12652.2 2469.68 180398 31131.6 12873.3 12355.7 595.208 11760.5 3218.7 1032.15 659.403 18258.3 2186.55 523.341 258508 2495.25 1392.27 857.207 8541.8 37280.7 179386 126539 126387 25324.9 17402.8 7922.13 7046.58 634898 521868 1821.6 292.259 1529.34 8101.16 293.356 1797.48 684.988 877.847 2097.28 8228.22 729.079
internal_count=2379923 1704380 1207508 675543 6725 2287 450 511242 162009 349233 496872 27083 469789 289095 35178 253917 4474 249443 1003 3753 1154 180694 10884 2135 169810 27686 11233 10791 469 10322 2766 899 523 16453 1867 420 248440 2222 1040 653 7556 34138 161810 113974 113861 21497 14480 7017 6274 668818 557610 1502 242 1260 7121 247 1661 618 721 1837 7303 578
is_linear=0
shrinkage=0.05


Tree=57
num_leaves=63
num_cat=0
split_feature=327 53 303 36 197 349 198 33 49 343 42 356 33 109 210 292 194 339 224 199 22 172 205 212 281 313 198 347 15 327 36 189 292 219 349 276 48 291 357 22 312 184 31 49 257 48 327 198 179 205 108 2 270 25 201 113 334 35 349 336 355 43
split_gain=0.0044041 0.00534017 0.00443187 0.00297317 0.00260594 0.00392578 0.0118061 0.00304316 0.00331199 0.00273058 0.00276525 0.00267851 0.0026773 0.00288457 0.00364354 0.00349421 0.00412673 0.0031593 0.00288859 0.00295824 0.00261026 0.00257473 0.00253387 0.00251622 0.00242279 0.00288801 0.00401155 0.00386496 0.00338201 0.00240368 0.00283376 0.00237884 0.00234821 0.00228306 0.00227644 0.00441436 0.00254913 0.0022557 0.0022517 0.00229687 0.00216327 0.00210497 0.00213396 0.00209701 0.00205543 0.00196458 0.00194685 0.00274637 0.00192243 0.00188765 0.00214101 0.00194274 0.00187825 0.00186885 0.00185448 0.00184901 0.00180807 0.00179382 0.00203309 0.00177783 0.00177229 0.00176275
threshold=-0.00095110674737952639 0.00049501153989695023 0.0016050098347477617 0.0047931736335158357 0.0018012983491644265 -0.3778004646301269 0.0051062763668596753 0.031146802008152012 0.39551414549350744 0.057852705940604217 0.011285951826721432 -0.6594296097755431 0.055816052481532104 137.90400695800784 0.00014054763596504929 5.7586941719055185 0.0016673409845680001 0.93977376818656932 -0.68679398298263539 6.5854757849592729e-05 0.039079457521438606 5.5944901760085493e-05 2.9907346288382545e-05 2.098408549500164e-05 0.31002444028854376 0.011091783177107574 0.0078237224370241183 -0.031814705580472939 0.034833939746022231 0.0037852396490052347 0.04433065094053746 0.060311654582619674 0.80992799997329723 0.00089468358783051382 -0.076566752046346651 0.31814610958099371 0.10188536718487741 1.7171469926834109 0.025727241300046447 9.2335267254384248e-05 0.0044247375335544356 -0.014534653630107639 -0.0068220761604607097 0.054907722398638732 0.86819985508918773 0.034129647538065917 -0.0024408600293099876 0.0078237224370241183 -0.069018386304378496 0.00041897100163623696 82.731311798095717 -0.0012028602650389073 -0.020768394693732258 6.9255253038136302e-05 0.00048175280971918261 -0.011586629319936035 0.21460182219743731 0.072881281375885024 0.22664948552846911 0.15055856108665469 -0.073583405464887605 0.0012444673338904979
decision_type=2 2 2 10 2 2 2 10 2 2 8 2 10 10 2 2 2 2 2 2 2 2 2 2 2 2 2 2 2 2 8 2 2 2 2 2 2 2 2 2 2 2 10 2 2 2 2 2 2 2 2 2 2 2 2 2 2 10 2 2 2 10
left_child=24 2 3 22 7 6 -6 40 12 48 11 -11 13 14 15 17 -17 43 -19 -20 -10 41 53 -24 31 46 54 28 -28 -3 34 60 -33 -25 35 -31 45 55 -14 -40 -4 42 -5 -9 -13 -36 47 -26 -7 50 -48 -51 -52 -2 -27 -38 -56 58 -39 -21 -1 -23
right_child=1 29 4 21 5 9 -8 8 20 10 -12 44 38 -15 -16 16 -18 18 19 59 -22 61 23 33 25 26 27 -29 -30 30 -32 32 -34 -35 36 -37 37 57 39 -41 -42 -43 -44 -45 -46 -47 49 -49 -50 51 52 -53 -54 -55 56 -57 -58 -59 -60 -61 -62 -63
leaf_value=1.2852421133870294e-05 -1.2979711257911728e-05 -8.7177426526747351e-06 7.1027594038768208e-06 -1.0372437572693121e-05 1.4289166122705283e-05 0.00016398633937429031 0.00051495433484302308 -8.0728771016160792e-05 3.1992380341583777e-06 0.00015378874232642992 -6.4850193367394854e-05 -8.3847690571284335e-06 1.9698390548580265e-05 0.00016022680737012163 -5.0161162746315737e-06 8.8791075037640297e-05 0.00041965082926238991 -4.1358585150876063e-05 0.0002873732766425163 7.3775901637490964e-05 0.00025230106504415634 9.84051724850298e-06 4.9590245917690926e-06 -1.0747253704449525e-06 2.7729297724277189e-05 7.4132093558833167e-05 0.00044212182595880018 -1.115266720909737e-05 0.00010879553957457677 0.00027455052716191788 -0.00026356084624054024 -0.00010373275504442069 7.2891695284530339e-05 1.7869440098691225e-05 4.8285932573986949e-05 -4.948380905600384e-05 -0.0001921555479034565 -8.7559908389249041e-05 -0.00026143603335008559 -4.0084974076313185e-05 -2.2636029760139634e-06 -2.3006981711687485e-06 -4.5836116907042206e-05 3.2935919359855622e-05 -5.0788608929383522e-05 -0.00013610137975726761 8.5739444109962337e-06 -7.2855170216780781e-05 2.4886666089041187e-06 1.6988719468794414e-05 -0.00016228211878563761 7.4761181095641316e-05 -2.9867925413212977e-06 -2.6586139210673428e-06 7.2435432889836004e-05 -3.2665591022597392e-05 -3.9616780560411352e-05 0.00022574036405418902 0.0001113639545894865 0.00020660188733322783 -1.565422384059837e-05 -2.6654980831565031e-05
leaf_weight=8929.1072653532028 51922.823875188828 147049.73162841797 229337.23539733887 19243.768672943115 626.79901158809662 183.04170989990234 143.01840496063232 425.12271785736084 20047.724807739258 241.01788330078125 2642.8979778289795 26977.216440916061 2327.9422589540482 488.11444473266602 3946.2365852594376 326.61275970935822 131.37199115753174 440.67529392242432 185.7469824552536 3408.8217762708664 103.71977233886719 3857.157600402832 264066.90297698975 769056.27621269226 16620.282089233398 1422.202347278595 168.01566922664642 158.96693456172943 140.83197140693665 160.89060592651367 144.21466445922852 1095.4715391397476 225.62935197353363 16237.842386245728 166.13775360584259 294.93248951435089 205.44925630092621 244.71695637702942 132.21281731128693 934.18910098075867 84307.484710693359 133794.79627990723 5439.9949798583984 8164.2694820165634 3194.6199612617493 1061.5373091697693 118298.88362956047 705.64263916015625 44297.734069228172 8299.2591298818588 183.70611572265625 1763.1149507761002 52433.311003923416 282380.81854820251 527.57993996143341 1477.5697596073151 1122.3612941503525 125.59687423706055 266.00120580196381 270.9367800951004 13996.197605252266 23226.956275939941
leaf_count=7519 52422 138323 234560 21102 551 138 112 360 19813 185 2408 23397 1957 357 3410 323 97 370 173 2731 71 4024 270874 755343 13838 1265 118 122 102 119 111 889 165 14127 127 235 161 204 119 861 82641 157676 5681 7515 2826 846 110961 580 38532 7114 170 1468 47379 303902 420 1166 977 96 213 198 11795 24584
internal_value=-1.91033e-08 -7.16014e-07 -3.18816e-08 -1.26789e-06 4.44454e-06 -3.81135e-06 0.000108397 6.26576e-06 1.9018e-05 -4.92818e-06 -1.58122e-05 -1.15468e-05 3.28219e-05 4.05862e-05 3.71924e-05 4.96648e-05 0.000185109 4.48265e-05 7.97717e-05 9.3595e-05 4.50628e-06 -7.21087e-06 -4.70866e-07 7.36823e-07 6.61953e-06 8.41344e-06 5.31649e-05 0.000189249 0.000291806 -9.77683e-06 -4.73084e-05 -8.31378e-06 -7.35027e-05 -6.82965e-07 -3.93895e-05 6.55894e-05 -5.29096e-05 -2.20333e-05 -7.86701e-06 -6.79662e-05 4.58509e-06 -4.77593e-06 -1.81913e-05 2.72927e-05 -1.28776e-05 -0.000111111 7.61405e-06 2.36248e-05 3.16058e-06 6.08102e-06 4.84183e-06 2.71244e-05 -3.5491e-06 -4.26172e-06 3.23329e-05 -5.23398e-05 -3.743e-06 5.80386e-05 1.60774e-05 8.36627e-05 -4.5511e-06 -2.14572e-05
internal_weight=2.3798e+06 2.15371e+06 2.00251e+06 1.56923e+06 433285 78306.3 769.817 354978 41333.7 77536.5 33055.8 30412.9 21182.3 17787.9 17299.8 13353.6 457.985 12895.6 4306.18 3865.51 20151.4 185563 1.38366e+06 1.04936e+06 226091 201844 3539.96 467.815 308.848 151197 4147.05 24246.4 1321.1 785294 4002.83 455.823 3547.01 2319.33 3394.34 1066.4 313645 158479 24683.8 8589.39 30171.8 1227.68 198304 17325.9 44480.8 180978 170916 10062.4 52617 334304 3072.14 1683.02 1649.94 636.315 510.718 3679.76 22925.3 27084.1
internal_count=2379923 2175041 2033440 1609735 423705 68149 663 355556 38355 67486 28816 26408 18471 15534 15177 11767 420 11347 3472 3102 19884 213067 1396668 1040344 204882 184514 3004 342 220 141601 3278 20368 1054 769470 3167 354 2813 1840 2937 980 317201 184459 26783 7875 26223 973 181510 14418 38670 167092 158510 8582 47549 356324 2662 1327 1397 513 417 2929 19314 28608
is_linear=0
shrinkage=0.05


Tree=58
num_leaves=63
num_cat=0
split_feature=134 52 113 247 50 256 357 45 24 292 108 46 0 348 357 23 343 213 200 327 178 0 34 176 348 30 330 355 318 278 198 49 259 170 205 212 0 68 327 0 49 356 197 348 204 2 177 48 72 2 49 345 314 327 10 355 46 187 183 204 315 319
split_gain=0.0043041 0.0032173 0.00247375 0.00244699 0.00246632 0.00243701 0.00285556 0.00227889 0.00438876 0.00262779 0.0022191 0.00206732 0.002025 0.0026719 0.00251074 0.00194916 0.00188425 0.00186929 0.00208167 0.0018201 0.00178559 0.00176755 0.00236712 0.002834 0.00269961 0.00243866 0.00231471 0.00220457 0.00219965 0.00218869 0.00208017 0.00201193 0.00200643 0.00176452 0.00175905 0.00235771 0.00232321 0.00367401 0.00231527 0.00217352 0.00227688 0.00222875 0.00191783 0.00198033 0.00194571 0.00306261 0.00326556 0.00212112 0.00252211 0.0031995 0.00248331 0.00229593 0.00185916 0.00175375 0.00175299 0.00173983 0.00305116 0.00233081 0.00184572 0.00173426 0.00171042 0.00196711
threshold=-1.0000000180025095e-35 3.5395414670347243e-05 0.11941795796155931 -0.65842863917350758 0.0007502643857151271 0.12221486493945123 -1.0060828328132627 0.010530428495258095 0.0072219192516058692 1.5667911171913149 15.255389213562013 -1.0000000180025095e-35 -0.010033178608864544 0.015795768238604072 -0.3015941828489303 0.0041387272067368039 0.59575414657592785 0.00093537356588058184 0.00090487831039354216 -1.0000000180025095e-35 -0.064699165523052202 -0.011933057103306053 0.066321045160293593 0.0044067271519452342 0.15131345391273501 -0.0023644352331757541 0.33274197578430181 0.20280482620000842 0.02872021030634642 0.7897557020187379 0.00342347682453692 0.41269257664680487 0.24247363954782489 0.0010955717880278828 2.9907346288382545e-05 2.7174112801731102e-05 0.019893051125109199 0.027642088010907177 -0.00046137512254063035 -0.0057773317676037541 0.42393052577972418 -0.22786528617143628 0.00171067361952737 0.17075163871049884 0.00019554993923520672 0.0052926121279597291 -0.0027659651823341842 0.12189737334847452 0.024371523410081867 -0.0039715219754725686 0.18470682948827746 0.17605163156986239 0.019703247584402565 -0.0021632016869261857 0.037204911932349212 -0.22013366222381589 -0.016249982640147206 0.0042671409901231536 0.02432346343994141 0.00029596853710245346 -0.034552326425909989 -0.010800562333315609
decision_type=2 2 2 2 2 2 2 10 2 2 2 2 2 2 2 2 2 2 2 2 2 2 8 2 2 10 2 2 2 2 2 2 2 2 2 2 2 2 2 2 2 2 2 2 2 2 2 2 2 2 2 2 2 2 2 2 2 2 2 2 2 2
left_child=2 -2 3 -1 34 6 7 -4 9 11 17 -9 13 14 -8 16 20 18 19 -3 -14 27 24 -24 32 -26 28 60 54 -25 -29 -30 53 -13 36 -36 -5 -38 39 40 -37 -42 43 -40 45 -44 -47 48 -46 50 52 -49 -50 -23 -27 56 -19 -58 -57 -43 61 -12
right_child=1 10 5 4 -6 -7 12 8 -10 -11 21 33 15 -15 -16 -17 -18 55 -20 -21 -22 22 23 29 25 26 -28 30 31 -31 -32 -33 -34 -35 35 38 37 -39 42 -41 41 59 44 -45 47 46 -48 51 49 -51 -52 -53 -54 -55 -56 58 57 -59 -60 -61 -62 -63
leaf_value=-1.4868026049747937e-05 -5.2210112324484265e-08 1.4508069356940874e-05 -1.7519614873031887e-05 -8.6632180927658841e-06 1.1053349482229896e-05 -0.0001135434260076354 -0.0002381049176526826 0.00016372800764439028 -2.0969919507701488e-05 0.00033721941117985138 -2.069343707094056e-05 8.1195580308767671e-05 8.4179550744964955e-05 -1.1190246117563749e-05 4.008747760745482e-06 -1.1014163841503841e-05 -0.00020829211790207933 5.7335883013564114e-06 -3.9120444453389123e-05 2.8029821663819178e-06 -5.3206817549648861e-05 2.8852428809584945e-05 1.8003529178873658e-06 -6.0355249452112911e-05 0.00024326427543093084 1.893758304390189e-05 5.3161944539215906e-06 3.0066079248007855e-05 7.3189668275378577e-05 -0.00021202138173641432 0.00016724421764171589 0.00029046302297158544 -1.4143231425587039e-05 -0.00013854451535525567 4.0872943785051751e-06 1.0579476251603312e-05 0.00033204962017646704 1.7940044432744943e-05 -5.0396118569693392e-06 -8.9483146731218066e-07 -2.7842694718822216e-05 2.6691836264490138e-06 -8.7611564644172193e-06 7.7408192300056871e-06 -2.5038454402020507e-05 0.00033198122806924097 4.6814249011024388e-05 5.305869286841191e-06 -0.00010047514992428454 -2.7348471266079183e-05 -0.00018811873034684315 -4.1610902269916011e-05 0.00010199795805863681 6.2571698153268756e-07 7.9843865045185509e-05 2.9547562033123214e-05 0.00027347865415010199 7.6195279906392862e-05 -1.9143299934150317e-05 0.00011380730353942933 1.2806470876916202e-05 -0.00021207310681610779
leaf_weight=38113.883361816406 1054836.2215516567 69812.123933672905 1927.4361782073975 113886.09146511555 35125.436552047729 668.94236600399017 385.33297872543335 530.32907867431641 939.65556240081787 128.3875617980957 648.64711892604828 309.93175852298737 251.7762279510498 509.75564301013947 147.9006085395813 11709.695291996002 181.18056035041809 1959.7959769964218 2289.93310546875 63347.323270916939 3517.0710170269012 5630.4928779602051 1974.804557800293 1366.0952912569046 112.17682564258575 12456.236829400063 37070.380759358406 758.91564178466797 504.32651436328888 286.90035235881805 433.65311431884766 133.91237914562225 23088.344789266586 127.22137773036957 146327.14894282818 25185.823696136475 125.23356342315674 347.88026714324951 236303.7477209568 94073.403570175171 546.19989585876465 464.57677888870239 48568.472887039185 34767.955758810043 6267.2313766479492 119.83623671531677 575.87499070167542 7456.0436878204346 599.64836716651917 1473.6019660234451 846.10785257816315 4007.7181949615479 137.99001598358154 239093.02447044849 1303.5621387958527 6520.9449729919434 158.02371716499329 2422.844814658165 2772.3960113525391 1435.2611861228943 32561.079592823982 167.49777173995972
leaf_count=37031 1094955 69210 1765 120240 31295 542 319 433 784 88 576 253 204 423 122 12420 151 1678 1957 64079 3434 4658 1616 1148 79 11157 33371 650 402 237 325 93 21049 102 149314 22518 97 281 238717 86583 448 453 42753 32199 5469 95 466 6166 493 1162 693 3510 103 229916 1079 5633 123 1920 2316 1122 29297 151
internal_value=-1.8057e-08 1.52095e-06 -2.95598e-06 -2.50604e-06 -1.88494e-06 -1.97574e-05 -1.67109e-05 2.14382e-05 5.83082e-05 0.0001262 4.79479e-06 9.7559e-05 -2.57638e-05 -9.31604e-05 -0.000171187 -2.12637e-05 -5.16269e-05 9.91505e-06 8.12671e-06 8.93979e-06 -4.3989e-05 2.65719e-06 1.50715e-06 -3.86429e-05 1.96343e-06 1.24376e-05 1.19251e-05 1.34024e-05 2.89378e-05 -8.69034e-05 8.01446e-05 0.000119542 -5.39747e-08 1.69066e-05 -2.5131e-06 -1.44488e-06 -8.20307e-06 0.000102133 -3.19393e-06 2.72658e-06 1.5055e-05 6.10909e-05 -5.30623e-06 -3.40033e-06 -1.26809e-05 -7.26733e-06 9.67451e-05 -2.5508e-05 -4.32146e-05 -8.0433e-05 -0.000129729 -1.11006e-05 -6.24251e-05 1.27538e-06 2.47184e-05 2.74211e-05 5.27824e-05 8.84771e-05 1.50211e-05 8.66615e-05 1.10131e-05 -6.03928e-05
internal_weight=2.3798e+06 1.56171e+06 818090 796755 758641 21334.6 20665.7 3962.96 2035.53 1095.87 506873 967.482 16702.7 1042.99 533.234 15659.7 3950.03 149283 135449 133159 3768.85 357590 323020 3627.8 319392 51580.6 51468.4 34569.8 14398 1653 1192.57 638.239 267812 437.153 723516 609157 114359 473.114 462829 121705 27631.9 2446.04 341124 271072 70052.5 49264.2 695.711 20788.3 9324.58 3057.35 1583.75 11463.8 737.638 244724 13759.8 13834 4540.66 2580.87 9293.34 1899.84 33377.2 816.145
internal_count=2379923 1577675 802248 781208 744177 21040 20498 3425 1660 876 482720 788 17073 864 441 16209 3789 146916 135246 133289 3638 335804 304805 3001 301804 46181 46102 30999 12731 1385 975 495 255623 355 712882 592264 120618 378 442950 111124 24541 2023 331826 270916 60910 43314 561 17596 7920 2451 1289 9676 596 234574 12236 11670 3721 2043 7949 1575 30024 727
is_linear=0
shrinkage=0.05


Tree=59
num_leaves=63
num_cat=0
split_feature=344 36 207 16 113 303 190 0 354 15 210 47 0 206 202 327 330 315 0 50 346 15 327 198 206 109 0 277 336 46 183 204 46 108 181 339 226 337 198 330 201 0 290 31 202 332 236 226 339 197 0 193 209 178 14 357 44 18 36 39 327 16
split_gain=0.00416363 0.00446684 0.00444931 0.00397087 0.0046003 0.00364699 0.00351942 0.00430358 0.00575153 0.00408101 0.00404247 0.00366 0.00564519 0.0035388 0.00488043 0.00350255 0.00483161 0.00471627 0.00346899 0.00336929 0.00317176 0.00311153 0.00311006 0.00292486 0.00290746 0.00287971 0.00583879 0.00795042 0.00606376 0.00380109 0.0029935 0.00281193 0.00466417 0.00426032 0.00548012 0.00444962 0.00423341 0.003468 0.00313992 0.00902427 0.00365253 0.0035296 0.00309987 0.00278188 0.0027699 0.00276601 0.00275782 0.00274683 0.0037371 0.00291772 0.00274612 0.00386038 0.00265415 0.00264012 0.00263402 0.00260168 0.00257211 0.00254084 0.00269135 0.00371355 0.00248852 0.00246665
threshold=1.0000000180025095e-35 0.0047931736335158357 7.9736448242329075e-05 0.0043808694463223228 0.1845943555235863 0.0030431818449869756 0.015662537887692455 -0.019727626815438267 -0.095905072987079606 0.024229000322520736 0.00099150725873187206 0.03098460286855698 -0.0047307764180004588 0.00016009560204111042 0.0017243722104467454 0.0037852396490052347 0.70413637161254894 0.0023746774531900887 -0.0091275940649211389 0.00073038446134887647 -0.1573529317975044 0.0097787459380924719 0.00093132842448540043 0.0078237224370241183 7.4544910603435724e-05 15.345172405242922 -0.0010383579647168515 0.4089361727237702 0.16211327165365222 1.0000000180025095e-35 -0.013509746640920637 9.6112504252232625e-05 0.003655900247395039 129.99549865722659 -0.030612673610448834 0.11629052832722665 -0.16695109009742734 0.2874018400907517 0.0078237224370241183 0.32694046199321752 0.00042904580186586832 -0.0056621022522449485 -0.49467802047729487 0.048169285058975227 0.00097628394723869871 0.043759059160947807 0.88047674298286449 0.13486654311418536 0.94750660657882702 0.0019667105516418819 -0.011601079721003769 0.060039883479475982 0.00025582060334272688 0.010703839827328922 0.0082093686796724814 -0.22119478136301038 0.025455589406192306 0.0023847823031246666 0.028810941614210609 0.008715607691556217 0.0015051354421302678 0.0020963728893548255
decision_type=2 8 2 2 2 2 2 2 2 2 2 2 2 2 2 2 2 2 2 2 2 2 2 2 2 10 2 2 2 2 2 2 2 2 2 2 2 2 2 2 2 2 2 10 2 2 2 2 2 2 2 2 2 2 2 2 8 2 10 10 2 2
left_child=2 15 24 4 6 60 11 8 52 18 45 12 -4 14 22 19 -17 -18 -9 46 -15 -6 -13 -22 -1 26 27 28 30 -29 -20 55 33 34 36 -36 -33 42 40 -40 -37 -42 -34 -43 -35 -10 50 -28 -49 -50 51 -2 -8 -19 -55 -11 -23 58 -3 -60 -5 -59
right_child=1 57 3 5 21 -7 7 9 10 31 -12 13 -14 20 -16 16 17 53 25 -21 23 56 -24 -25 -26 -27 47 29 -30 -31 -32 32 37 44 35 38 -38 -39 39 -41 41 43 -44 -45 -46 -47 -48 48 49 -51 -52 -53 -54 54 -56 -57 -58 61 59 -61 -62 -63
leaf_value=1.3134573840854432e-06 5.6030569970453539e-06 5.9329938233444315e-06 3.3890916930889692e-05 6.935033523928461e-06 -4.3142829279178923e-06 2.5393687858474687e-05 0.0001428548066858614 -3.1005077455758365e-05 1.934823696606869e-05 -7.7239650688196843e-05 -9.6100440174764644e-05 6.2070902048266439e-06 2.7853659235975883e-06 4.7812439050004993e-06 0.00022744122389374363 -7.9234112555357349e-05 0.00024035425956775593 -0.00011309439702550024 0.00030322732301573416 1.2716021087408856e-05 -1.1654542166972091e-05 -0.00018137079451907798 -7.9461207290766736e-06 -0.00018995159381605053 -5.4957397191319368e-06 1.6200499704587209e-05 2.1519249669358706e-07 3.2465846646428097e-05 0.00047143456635762569 0.00025595741775262716 0.00010562045447811026 0.00035484628761797541 5.2402341164158323e-05 1.0363523706225441e-05 -0.00015633250077731948 -2.8587416779876842e-05 1.3863707571075889e-05 -0.00016155679444059315 0.00044617692200748838 -2.8740857359840199e-05 3.8863505340902571e-05 -9.7983337418098535e-05 2.2608977131549688e-06 -0.00024012746404406037 -8.2508756972199837e-05 0.00022178184402171222 3.2721599301875415e-06 1.4794399324426805e-05 0.0001934802311748086 -3.9590617036997572e-05 -4.2983830822629542e-06 0.00011071637701315748 -9.606589806877116e-05 0.00021577358231454551 -2.0923508994126448e-06 2.5020821946076839e-05 -5.750704080911076e-05 -3.3805541575650671e-05 -2.9320485533747777e-05 0.00030089108075458424 -0.00017885114931925542 -1.1733664461805199e-05
leaf_weight=477466.22588515282 54616.678197622299 7599.5147876739502 20515.983507156372 67459.474853515625 1829.7896039485931 40614.380432128906 152.58567428588867 3180.6650619506836 209.40986299514771 653.32093954086304 146.27348327636719 170146.33803081512 50455.240623116493 39589.413055419922 240.43075561523438 3199.9960843324661 223.55154991149902 403.33729386329651 250.78693354129791 40977.297679901123 93671.605684280396 596.2455141544342 50284.740027785301 228.59095764160156 233402.2470703125 39313.251293778419 5699.228010058403 2827.3388686180115 172.68245840072632 202.06955909729004 811.27872109413147 138.24671423435211 3978.2621227502823 7650.0081267356873 978.34821474552155 5187.5165221691132 259.85564363002777 285.29855251312256 121.74769675731659 520.75068581104279 376.61576700210571 1699.7755900621414 13665.484155058861 431.99040079116821 894.95375061035156 875.69151937961578 198404.79919290543 1380.9608317613602 684.31580197811127 166.18574154376984 655707.91613173485 885.68953704833984 467.39468467235565 171.43192100524902 693.23283350467682 12253.612992763519 1410.8606338500977 17570.037796974182 156.94308769702911 183.26352775096893 178.72625732421875 45279.554030418396
leaf_count=515657 50530 7120 18497 71084 1580 40798 111 2778 158 591 118 166310 50726 36464 183 2556 163 332 178 36370 85981 481 45968 190 246991 35269 5619 2352 126 164 664 100 3329 7125 825 4332 213 222 89 407 311 1374 11634 342 792 635 195726 1328 519 144 645897 654 386 130 560 10542 1179 17347 154 126 141 47251
internal_value=-1.71053e-08 -2.41932e-06 1.80368e-06 4.81799e-06 3.04965e-06 1.35507e-05 3.44409e-06 1.16119e-05 8.71327e-05 1.02631e-05 0.000149587 1.41454e-06 1.17779e-05 -6.62259e-07 3.22504e-06 -1.52126e-06 -4.46078e-05 2.96864e-05 1.9657e-05 -1.30851e-06 -7.08829e-06 -5.14879e-05 2.97842e-06 -1.20926e-05 -9.22242e-07 2.27865e-05 4.40121e-05 9.11809e-05 0.000198021 4.75324e-05 0.000152764 -2.01421e-07 -7.34766e-06 -2.51333e-05 -4.77803e-05 -5.55515e-05 0.000133457 1.07668e-05 -4.36922e-05 6.23571e-05 -5.25597e-05 -0.000102074 1.35713e-05 -0.000126986 6.19545e-07 0.000182822 -1.94033e-06 1.86339e-05 6.56335e-05 0.000147953 -3.39446e-06 7.28435e-06 -3.6994e-05 -7.77481e-06 4.15009e-05 1.98335e-05 -9.44468e-05 -1.4538e-05 1.21112e-05 0.000149278 6.43884e-06 -1.79049e-05
internal_weight=2.3798e+06 1.02607e+06 1.35373e+06 642858 534605 108253 530768 105636 1851.36 103785 1231.37 425132 70971.2 354161 220672 955284 4691.55 1491.55 54688.8 950592 133490 3836.9 220431 93900.2 710868 51508.1 12194.8 4264.16 1234.75 3029.41 1062.07 49095.8 36188.9 18259.8 9714.85 9316.74 398.102 17929 8338.4 642.498 7695.9 2508.38 17643.7 2131.77 8544.96 1085.1 909615 7930.69 2231.46 850.502 711210 55502.4 619.98 1268 864.665 12906.9 2007.11 70789.3 7939.72 340.207 67638.2 62849.6
internal_count=2379923 1004916 1375007 612359 500336 112023 497096 92777 1408 91369 911 404319 69223 335096 212461 932918 3741 1185 49141 929177 122635 3240 212278 86171 762648 46363 11094 3484 968 2516 842 42228 31095 15910 7993 7680 313 15185 6855 496 6359 2027 14963 1716 7917 793 892807 7610 1991 663 697081 51184 497 1022 690 11133 1660 71998 7400 280 71225 64598
is_linear=0
shrinkage=0.05


Tree=60
num_leaves=63
num_cat=0
split_feature=278 327 108 190 225 348 48 16 203 198 348 346 24 207 183 333 344 292 337 317 108 174 33 314 336 35 291 14 21 320 327 200 346 189 336 208 313 49 167 327 193 22 16 190 278 354 43 189 357 226 225 226 44 31 200 208 320 358 346 174 193 174
split_gain=0.00427953 0.00539576 0.00509939 0.00594016 0.00472435 0.00547531 0.00507562 0.00393117 0.00719163 0.00830805 0.0144596 0.00680049 0.00546531 0.00399049 0.00379823 0.00517038 0.00373495 0.00395862 0.00358795 0.00388375 0.0031512 0.00326597 0.00293739 0.00437428 0.00278796 0.00291593 0.00368617 0.00271555 0.00264049 0.0026342 0.00260686 0.00264537 0.00269336 0.00363933 0.00255712 0.00254307 0.00271075 0.00254303 0.00252091 0.00250213 0.0024403 0.00390578 0.00388717 0.00313268 0.00305179 0.00684816 0.00340176 0.00247648 0.00286346 0.00244183 0.00243854 0.00263857 0.00290176 0.00242929 0.00242457 0.00241179 0.00240502 0.00230673 0.00261194 0.00377968 0.00277394 0.00223624
threshold=0.88000193238258373 -1.0000000180025095e-35 76.358299255371108 -0.0053383258637040845 -0.3136752694845199 0.2286304980516434 0.19223894178867343 0.0014218954602256419 0.00029179627017583703 0.0078237224370241183 -0.27435432374477381 0.15058847516775134 1.6566979866183832e-05 0.0011854102485813203 0.03094399813562632 0.099175762385129942 -0.011381363961845635 0.038120446726679809 0.18768864870071414 0.0045548812486231336 14.975044250488283 0.0010389864328317346 -0.039434039965271943 0.013168200850486757 -0.010520384646952151 0.081258539110422148 1.0963511466979983 0.033105090260505683 0.030921026133000854 0.011054130271077158 -0.0015156174194999037 0.0013658645912073555 0.045170098543167121 0.060311654582619674 0.17825484275817874 0.00096795268473215412 0.041671004146337516 0.18120853602886203 -0.047428047284483903 0.0007795949059072883 0.02514123730361462 8.2636386650847285e-05 0.0050246531609445819 0.0080655347555875796 0.12000088393688203 -0.2574156373739242 0.019732750952243808 0.05171553976833821 -0.38320887088775629 -4.4408919208649416e-08 -3.3307154367889773e-08 -7.7715601065619908e-08 0.020231600850820545 0.063147101551294341 0.0010667272144928577 3.9977421693038202e-05 -0.018867003731429573 -0.36766821146011347 -0.22898746281862256 0.0091515821404755133 0.033708840608596809 0.0095759895630180853
decision_type=2 2 2 2 2 2 2 2 2 2 2 2 2 2 2 2 2 2 2 2 2 2 10 2 2 10 2 2 2 2 2 2 2 2 2 2 2 2 2 2 2 2 2 2 2 2 10 2 2 2 2 2 10 10 2 2 2 2 2 2 2 2
left_child=1 20 3 28 16 22 14 8 9 13 -11 27 -9 -5 18 29 37 56 35 -20 21 -1 23 55 -10 -26 -27 -12 39 -16 -2 -32 33 53 38 36 -7 61 -14 -3 -40 42 -42 -43 45 -45 47 -46 -49 -48 -47 52 -52 -33 -41 -6 -18 -15 59 -59 -60 -4
right_child=30 2 4 7 5 6 -8 12 24 10 11 -13 34 57 15 -17 17 -19 19 -21 -22 -23 -24 -25 25 26 -28 -29 -30 -31 31 32 -34 -35 -36 -37 -38 -39 40 54 41 43 -44 44 46 50 49 48 -50 -51 51 -53 -54 -55 -56 -57 -58 58 60 -61 -62 -63
leaf_value=6.3281912155494955e-06 7.0030163127121468e-06 -6.5235583286667929e-06 1.2158749103480113e-05 -1.8181425235103469e-06 0.00016217131650587188 3.0105532543087621e-05 -1.9005236434314948e-05 0.00036263484646801485 -5.1210772145438563e-05 0.00068206857257562708 5.8847251877043176e-05 0.0003500601766399613 -0.00017053597307713935 -2.0488816568569693e-05 0.00015202643627417836 0.00026097919512487757 0.00010535496666001501 -2.9028263870485101e-05 3.2487874340408779e-05 0.00033820252558047211 2.3967999197987761e-06 2.0582119643738886e-05 4.238795760426331e-06 0.000298119909665265 -2.0855175929893256e-05 -2.1377337531161663e-05 0.00020686662739122545 -0.00021061172658885137 -4.7184087922718911e-05 -0.0001422176724537509 -4.0104262524660575e-06 -1.2188262657932065e-05 -0.00014465382318157622 -0.00019340459696285536 -1.1820433165088226e-05 -7.7416497509730928e-05 0.00018049757059467506 -3.8341111037710435e-06 5.6807880032764721e-06 -1.8494877357982492e-05 -1.4175789471185388e-05 0.00021110002572834638 -0.00030718937548554297 0.00015580832558599394 3.3725102920190518e-05 -2.1813859192245419e-05 -9.791327882635714e-05 -0.00011860120954025041 7.530436395308951e-06 -4.9852327995766831e-06 8.8043390735562663e-05 3.3647939724972715e-05 0.00036335520079334299 0.0002081438988570573 -0.00017502076196073305 1.7352241823905955e-05 -4.5202083674049638e-06 7.1621010619154059e-05 -1.445173010842218e-05 0.00033057233928651295 0.0002027613684654349 7.8021194611965625e-05
leaf_weight=181856.91201782227 56592.29443359375 180815.53902816772 35443.232051849365 230887.40379500389 341.97322928905487 28540.225143671036 5186.0315380096436 105.83022105693817 8674.4183177947998 114.34324395656586 250.98100805282593 152.16921579837799 193.15453171730042 480.34976387023926 136.42681491374969 419.15142285823822 500.6145920753479 20995.647148132324 220.06638729572296 195.5848525762558 480414.3095703125 51585.521331787109 156897.19386208057 177.8575052022934 18155.443864822388 389.12341594696045 321.82848834991455 146.4328932762146 4674.65478515625 166.84555983543396 627061.6494140625 1104.9529695510864 647.29507970809937 256.5753288269043 16706.567446470261 542.32825767993927 300.8955659866333 38461.930486679077 96895.481746912003 48422.32271194458 328.83211123943329 223.97667551040649 170.76284122467041 1298.6121672391891 11950.444204926491 1687.0657806396484 974.43325996398926 571.05851173400879 2093.9508895874023 2561.8084520101547 405.64922535419464 3310.0811496973038 124.13628363609314 139.05015707015991 246.70301818847656 1754.8804318904877 54672.581674098969 316.61952781677246 535.56596660614014 254.04322099685669 200.45688676834106 1335.5273723602295
leaf_count=193089 49684 190914 32543 229993 275 25040 4908 79 7362 87 197 107 157 427 101 295 411 19470 192 140 474059 54178 153148 133 16187 319 234 118 4582 151 628094 925 519 202 19009 487 222 38852 106008 45755 264 198 132 1004 11848 1498 800 492 1759 2328 348 3023 85 101 211 1677 53730 247 458 198 153 1021
internal_value=5.68446e-08 1.4054e-06 -1.00132e-06 -3.66429e-06 3.87905e-06 9.02674e-06 2.67209e-05 3.46013e-08 -3.58921e-06 -7.37044e-07 0.000175617 6.81566e-05 6.8065e-06 -1.24177e-06 3.44912e-05 0.000147626 -2.74657e-06 -1.05514e-05 3.17387e-05 0.000177273 4.71253e-06 9.47814e-06 5.05705e-06 6.14428e-05 -2.77522e-05 -1.69621e-05 8.22329e-05 -4.09962e-05 -9.99041e-06 -9.72341e-06 -3.27576e-06 -4.20027e-06 -5.9569e-05 -2.27228e-05 6.53135e-06 2.96681e-05 3.1687e-05 5.15466e-06 9.02843e-06 -9.23237e-06 9.31411e-06 2.30107e-05 -0.000115154 2.57587e-05 2.40799e-05 5.25766e-05 1.33597e-05 2.40066e-05 -1.95657e-05 -3.0633e-05 2.82736e-05 5.02797e-05 0.000153677 1.27342e-05 -1.92955e-05 4.11026e-05 -3.51947e-06 7.31453e-05 0.000107545 0.000187651 4.50957e-05 1.45545e-05
internal_weight=2.38059e+06 1.69479e+06 980929 634640 346289 194879 35707.6 400481 260879 233338 663.926 549.583 139602 232674 30521.5 722.424 151410 76168.8 29799.1 415.651 713857 233442 159172 2274.71 27540.8 18866.4 710.952 397.414 234159 303.272 685802 629210 2147.87 1500.58 139496 29383.4 28841.1 75240.7 122789 229485 122596 25700.8 499.595 25201.2 24977.2 6825.54 18151.7 14615.5 2665.01 3536.24 5526.93 3839.87 529.786 1244 48669 2096.85 55173.2 1787.04 1306.69 570.663 736.023 36778.8
internal_count=2380228 1700703 979377 646581 332796 186769 31536 405119 256087 231985 509 422 149032 231476 26628 547 146027 73611 26081 332 721326 247267 155233 2085 24102 16740 553 315 241462 252 679525 629841 1747 1228 148953 25749 25262 72416 129944 236880 129787 23779 396 23383 23185 5958 17227 14099 2251 3128 4954 3456 433 1026 45966 1952 54141 1483 1056 445 611 33564
is_linear=0
shrinkage=0.05


Tree=61
num_leaves=63
num_cat=0
split_feature=247 344 207 33 21 190 358 202 36 43 2 202 192 201 1 49 176 198 49 213 198 263 329 165 202 201 48 330 201 113 109 338 76 46 322 207 256 348 12 342 45 348 332 257 43 355 202 358 35 17 202 185 264 41 289 212 346 32 10 198 292 198
split_gain=0.00408746 0.00360943 0.00380753 0.00385863 0.00324336 0.00369556 0.00494316 0.00587686 0.00317585 0.00331363 0.00319666 0.00320294 0.00311527 0.00799087 0.00870654 0.00367223 0.00364296 0.0048551 0.00336479 0.0031858 0.00350332 0.00321291 0.00395401 0.00315294 0.00307876 0.00300162 0.00553827 0.00302741 0.00295818 0.00285573 0.00370155 0.00500894 0.00444978 0.00550243 0.00874481 0.00449205 0.00358403 0.0032468 0.00305687 0.00391812 0.00285045 0.00284672 0.00290652 0.00308236 0.00277855 0.00275514 0.00271988 0.00263056 0.00415297 0.00274166 0.00256909 0.00264235 0.00252344 0.00247811 0.00246738 0.00251656 0.00245753 0.0043325 0.00371937 0.0067518 0.00594249 0.00529
threshold=-0.29896469414234156 0.020756070502102378 2.4759425286902118e-05 0.0037552926223725085 0.026697675697505478 -0.035623122006654732 0.10429259017109872 0.00028187793213874107 0.0047931736335158357 0.0030227382667362694 0.0027665417874231939 0.0017243722104467454 -0.0055723409168422213 0.00086790331988595437 0.017726919613778595 0.082131881266832366 0.010078815277665855 0.0039220943581312903 0.18295665830373767 0.0016428381204605105 0.0036704029189422731 -0.0027267959667369719 0.012847644276916982 0.0024306350387632851 0.00070634396979585301 0.00014693705452373254 0.14734073728322986 0.57441660761833202 0.0013045689556747677 0.11096126958727838 17.030546188354496 2.3298966884613042 0.018673662096261982 -0.018084879964590069 -0.013474844396114348 7.1189992013387396e-05 1.0000000180025095e-35 0.11834089085459711 0.067122425884008421 0.20186866074800494 0.013239802327007057 -0.13256650418043134 0.12991350144147876 0.18171815574169162 0.0051857668440788993 -0.20481215417385099 0.00039733118319418287 0.14999382942914966 -0.024057821370661255 0.0036735186586156492 0.00029785971855744725 -0.01282552909106016 0.0024246087996289138 0.00893606571480632 0.91443583369255077 0.00011581089347600938 -0.1573529317975044 0.077996388077735915 0.043756837025284774 0.0078237224370241183 0.31178696453571325 0.0078237224370241183
decision_type=2 2 2 10 2 2 2 2 10 8 2 2 2 2 2 2 2 2 2 2 2 2 2 2 2 2 2 2 2 2 8 2 2 2 2 2 2 2 2 2 8 2 2 2 10 2 2 2 8 2 2 2 2 10 2 2 2 10 2 2 2 2
left_child=-1 2 -2 4 5 6 7 -4 47 10 11 -10 13 18 -15 16 46 -18 -5 20 29 41 24 -19 -23 -24 27 -27 54 30 31 32 40 34 -34 -35 45 -32 39 -38 50 -22 43 -43 -30 -37 -14 56 49 -49 51 -17 -9 -12 55 -7 58 -58 61 -60 -61 -3
right_child=1 8 3 12 -6 28 -8 52 9 -11 53 -13 15 14 -16 19 17 23 -20 -21 21 22 25 -25 -26 26 -28 -29 44 -31 37 -33 33 35 -36 36 38 -39 -40 -41 -42 42 -44 -45 -46 -47 -48 48 -50 -51 -52 -53 -54 -55 -56 -57 57 -59 59 60 -62 -63
leaf_value=-5.5225470639630623e-06 -2.7263179158411159e-06 2.6157844759537918e-06 1.7656325828308095e-05 8.2431507062554865e-05 -4.2378363442194349e-05 5.4343039003867764e-06 -3.4065881398650036e-06 6.1895490397481239e-05 9.7895425307564741e-06 -1.9073246168051535e-05 5.3163795611519807e-05 -0.00017511856059719197 1.6202731092647401e-05 7.1684414706776867e-05 0.00059363171748378881 0.00022691295307993459 4.0565282780212768e-05 0.00030650537983743613 1.4347221235134421e-05 3.015074860615034e-05 -3.4960552852227801e-05 2.6628800714465723e-05 6.4477054481394025e-06 6.5263652990635375e-05 0.00028446770925408103 -0.00010059397470011422 -6.4555782948474386e-06 -4.0560163990992882e-05 -3.033212768257913e-05 -1.4620766262220443e-05 -4.6939345820469116e-06 0.00035254345360250541 0.00055141848025062575 -7.3269807502803291e-06 7.5269513087559785e-05 5.2762000691903214e-05 2.2106885488520624e-05 1.0244753892425274e-05 0.00026234498283207519 7.7358231087921978e-05 -1.5963307929230213e-05 -3.3052311022568074e-06 5.3289907756650858e-05 -0.0002398456258413462 -0.00019816960318380726 -1.2081552928906951e-06 -9.2648848327360044e-05 -7.9868016586479313e-06 5.4761619411095494e-06 -5.3768044941809677e-05 3.5620392604033893e-05 6.6710143063154073e-06 0.00014680798619757704 0.0002808293816690416 -6.3548143804068314e-06 -3.4711021180062316e-06 -5.5208183124241747e-06 8.820593460500809e-05 -1.2697913717027933e-05 0.00011665896753220422 -0.00019865417368676596 0.00011015504609136116
leaf_weight=288726.0986328125 272602.47090876102 176393.86232757568 13227.011951446533 1875.4749335050583 4304.617431640625 224462.57421302795 15657.449768066406 3731.2850608825684 10072.80700969696 45702.730560302734 351.90600693225861 237.77019596099854 49138.005550265312 227.60575389862061 121.66501522064209 134.35576117038727 2224.8986482620239 322.3649275302887 54374.126199841499 11266.971790313721 2055.7052978277206 1981.6117432117462 4289.8673512935638 234.83353447914124 121.01128435134888 3824.0753293037415 6561.1790322065353 4665.4129391908646 873.77839863300323 18370.256546020508 108711.4774711132 105.23398339748383 123.11248350143433 8315.3544297218323 424.31210017204285 3352.2046947479248 6285.1913188695908 54657.867705583572 170.41876840591431 6558.1147208213806 12680.916701555252 936.20610857009888 4193.7967462539673 159.49195873737335 342.0703192949295 8015.5306463241577 578.6990133523941 11754.212651252747 211789.03193664551 4529.2646436691284 8403.8324217796326 110105.54800236225 1143.9709053039551 179.98965728282928 108384.31449902058 122690.55829489231 358427.25399017334 1235.2303466796875 5955.5841064453125 176.97929465770721 919.21357643604279 1149.03125
leaf_count=282995 306495 171435 12132 1784 4058 222930 15522 3346 10078 46954 330 193 43708 220 85 108 1786 234 61577 9264 1760 1727 3675 180 94 3149 5402 3948 784 19918 105279 82 87 8377 384 2980 5899 51676 121 5532 13756 777 3517 126 293 8389 490 11431 217541 4309 7795 116392 853 124 108789 117736 343928 929 5020 134 720 891
internal_value=5.41421e-08 8.23861e-07 2.50641e-06 3.94672e-06 8.23413e-07 1.20271e-06 1.71656e-05 3.49579e-05 -1.7399e-06 -1.31779e-05 1.16707e-05 5.49228e-06 7.06528e-06 1.81054e-05 0.000255844 5.64174e-06 1.80495e-05 7.37083e-05 1.66201e-05 3.95616e-06 3.1694e-06 -1.35897e-05 -2.33654e-05 0.00020543 4.17243e-05 -3.04452e-05 -4.09602e-05 -6.76196e-05 2.27844e-08 4.56222e-06 5.63654e-06 1.09267e-05 1.07039e-05 2.70445e-05 0.00018397 2.44061e-05 3.52284e-05 3.0411e-07 5.31436e-05 5.03273e-05 6.56704e-06 1.49473e-05 3.43494e-05 -3.81108e-05 -7.77999e-05 1.47135e-05 1.4932e-05 -9.02447e-07 3.60527e-06 -2.07259e-05 8.97537e-06 6.94355e-06 8.18721e-05 0.000130968 2.30837e-07 2.28696e-06 -2.79142e-06 -5.19843e-06 1.89837e-06 -3.37085e-05 -0.000147627 3.313e-06
internal_weight=2.38059e+06 2.09186e+06 1.26299e+06 990384 494818 490513 33759.7 18102.3 828875 56545.2 10842.5 10310.6 495567 56598.9 349.271 438968 52498.8 2782.1 56249.6 386469 375202 28788.4 21443.2 557.198 2102.62 19340.5 15050.7 8489.49 456753 346414 328043 164674 164569 33244.2 547.425 32696.8 24381.5 163369 13013.7 12843.3 131325 7345.2 5289.49 1095.7 1215.85 11367.7 49716.7 772330 228073 16283.5 118644 110240 4875.26 531.896 455537 347153 544257 359662 184595 7051.78 1096.19 177543
internal_count=2380228 2097233 1283216 976721 486443 482385 31853 16331 814017 57679 10725 10271 490278 63666 305 426612 46398 2200 63361 380214 370950 24175 17995 414 1821 16174 12499 7097 450532 346775 326857 169902 169820 31769 471 31298 22921 156955 11552 11431 138051 6180 4420 903 1077 11369 44198 756338 233281 15740 124295 116500 4199 454 449455 340666 523057 344857 178200 5874 854 172326
is_linear=0
shrinkage=0.05


Tree=62
num_leaves=63
num_cat=0
split_feature=276 0 35 199 193 207 344 292 206 113 207 342 1 197 277 314 349 292 357 49 208 0 195 21 314 42 176 46 16 187 0 46 259 0 256 199 201 345 349 0 333 205 49 113 43 1 36 12 44 1 205 0 27 259 190 48 113 27 357 314 357 198
split_gain=0.00393603 0.0038389 0.00437194 0.00502282 0.00436398 0.00416121 0.00467212 0.00412028 0.00381309 0.00364791 0.00363586 0.00359186 0.00320718 0.00413264 0.00387976 0.00310244 0.00441852 0.00405256 0.00449239 0.00301086 0.00299413 0.00297038 0.00495818 0.00279294 0.00266506 0.00266348 0.00430399 0.00342058 0.00327494 0.00273729 0.00336115 0.00266385 0.00265309 0.00349541 0.01009 0.00434882 0.00350353 0.00585365 0.00934206 0.00331274 0.00297073 0.0029572 0.00302808 0.00263541 0.0038083 0.00262687 0.0093832 0.00261116 0.00553223 0.00352191 0.00293804 0.0027561 0.00267588 0.00553943 0.0058614 0.00410842 0.00309747 0.00296572 0.004465 0.00263669 0.00294844 0.00363061
threshold=0.69000396132469188 -0.0092655885964632017 0.0073206343222409495 0.0014191948575899007 0.051550803706049926 3.005831149494043e-05 0.018627860583364967 0.89273941516876232 3.2396203096141114e-05 0.15913845598697665 0.0017610824434086683 -1.1453688740730283 0.058548554778099067 0.005286816507577897 0.11828369274735452 0.00025821162853389984 -0.30683954060077662 0.78851497173309337 -1.0060828328132627 0.25156012177467352 0.00071763480082154285 0.013775079976767303 0.003052702522836626 0.026697675697505478 -0.011716126464307306 0.0039467739406973132 -0.031367711722850793 0.0062824892811477193 0.0045928549952805051 -0.00028178634238429362 0.012979970313608648 -0.013656526338309048 0.56688430905342113 0.019893051125109199 0.36590600013732916 4.4961199819226756e-05 0.00038895804027561104 0.10012000426650049 -0.43176095187664026 -0.027349223382771012 0.60049468278884899 0.00023677021090406927 0.18627462536096576 -0.10779727995395659 0.001789551926776767 0.0018813775386661293 0.0047931736335158357 0.02526409458369017 0.053441917523741729 0.06795790791511537 5.7867229770636193e-05 0.0011832347372546794 0.018142621964216236 0.78785073757171642 0.011960858013480903 0.026844825595617298 0.066933546215295806 -0.0071997724007815114 -0.037011500447988503 0.071406744420528426 -0.0087741487659513933 0.0019168921862728896
decision_type=2 2 10 2 2 2 2 2 2 2 2 2 2 2 2 2 2 2 2 2 2 2 2 2 2 10 2 2 2 2 2 2 2 2 2 2 2 2 2 2 2 2 2 2 8 2 10 2 10 2 2 2 10 2 2 2 2 10 2 2 2 2
left_child=1 4 3 8 9 -4 47 10 -3 43 -6 -5 25 15 -15 -14 -17 -18 20 -16 -19 -8 -23 -10 -11 26 27 -2 29 -27 45 -32 33 36 35 -35 -28 38 -38 -40 -41 42 -42 44 -1 46 -31 49 -49 51 -51 52 57 55 -55 -54 -56 58 -7 60 61 -57
right_child=12 2 5 11 7 6 21 -9 23 24 -12 -13 13 14 19 16 17 18 -20 -21 -22 22 -24 -25 -26 28 32 -29 -30 30 31 -33 -34 34 -36 -37 37 -39 39 40 41 -43 -44 -45 -46 -47 -48 48 -50 50 -52 -53 53 54 56 59 -58 -59 -60 -61 -62 -63
leaf_value=0.00032839145283186324 -4.2691380581509885e-05 3.8214693878944395e-06 -3.5830386604708388e-06 -1.4434617432055859e-05 6.9444891228308012e-05 0.00028736524684598385 -1.1438499601080947e-06 0.00016655464240406797 -3.855379865732911e-06 -0.00020810124041529523 -0.00011488881767550841 -0.00020655262449773015 -1.8929440145194045e-08 0.00010333687394161228 -0.00021927429166489641 8.5395573073811771e-05 -5.3199487698500322e-05 0.00029470474809800348 -1.0334911735514687e-05 -6.8846274364466419e-05 7.1107825069664947e-06 2.5355809044914322e-05 0.00029083939788720976 -4.7547433785777356e-05 3.6717657121767066e-06 -2.7219566761387575e-05 -7.5125196514555249e-07 0.00018967863650898095 -8.8210622453510408e-07 0.00054032409901515796 -0.0003039207533457488 -6.6306792210244614e-05 -1.6673071680592266e-05 0.00024943358946711766 0.00038923491151299114 -9.0972566701053443e-07 0.00043407188376491651 -1.3644755036710895e-05 0.00020425525336487395 1.8271245773751321e-05 0.00020550325997149914 2.7282903319385192e-05 4.8720794118602237e-05 7.6512091827565421e-06 4.4788538414919323e-05 -7.5571933649903495e-06 9.8753413442395691e-06 1.5148279413594286e-06 -0.00014128124621193283 -1.3337165974829864e-05 9.0777242887428786e-05 5.0750557818409279e-06 0.00010920520740615462 0.0003848609657291993 0.00013751303860993621 1.6416285394450595e-05 -3.6819449111640463e-05 1.1104922459348652e-05 4.5545668676550612e-05 -8.2067934698595797e-05 -1.3124395017836232e-06 6.5911744691484747e-05
leaf_weight=147.08247244358063 7526.1887317895889 209935.66842567921 154141.90682983398 463.62194132804871 1173.0022569894791 204.71690344810486 197572.44888305664 819.8889707326889 514659.81953620911 336.35601687431335 344.43842315673828 510.67676472663879 18017.101171851158 212.66584932804108 529.11821055412292 768.12136745452881 10312.302276730537 213.77394986152649 2961.9011483192444 898.042600274086 156.05411410331726 6655.9039916992188 178.6710205078125 3681.8018860816956 264.72590589523315 29446.538520812988 554921.86719942093 159.83110463619232 82018.056274414062 97.79253876209259 143.98707938194275 624.31263279914856 23425.50963973999 193.36528658866882 214.34119510650635 1548.1855890750885 139.01049864292145 12279.47173500061 256.06132507324219 23018.536192297935 643.31485688686371 1579.1460590362549 592.22173035144806 169057.01382613182 578.89178597927094 47192.141770720482 507.04032754898071 51681.81925201416 685.2979736328125 931.34609925746918 2480.5229345560074 104240.561003685 1357.576310634613 187.91583669185638 858.79081475734711 9687.5913165807724 360.90467762947083 109233.13071084023 2514.9307775497437 615.91766357421875 8429.4337803125381 5999.422881603241
leaf_count=106 7148 222383 173998 368 899 147 186443 566 509448 259 265 443 16519 161 417 671 9184 149 2596 715 129 5680 131 3444 205 30495 550585 143 94783 78 114 506 22442 161 162 1251 112 10577 187 19387 507 1394 514 161362 607 46451 541 45751 574 891 2149 105574 1102 134 725 9870 400 111827 2614 547 8057 5180
internal_value=5.15587e-08 1.52611e-06 6.50913e-07 -2.01537e-06 8.55549e-06 3.60583e-06 5.805e-06 7.63832e-05 -1.86344e-06 7.62414e-06 2.75075e-05 -0.00011535 -2.75164e-06 -1.77703e-05 -9.51637e-05 -1.38511e-05 -3.11408e-05 -3.77131e-05 1.02233e-05 -0.000124846 0.000174041 -2.2664e-08 3.23792e-05 -4.16591e-06 -0.00011513 -2.10105e-06 -6.30491e-07 -3.78111e-05 -7.85801e-06 -1.51919e-05 -7.89843e-06 -0.000111512 -1.68564e-07 4.80862e-07 6.71784e-05 2.71403e-05 2.60807e-07 1.48445e-05 2.81825e-05 2.59868e-05 2.42041e-05 7.26754e-05 0.000130554 8.06008e-06 0.000102991 -6.22833e-06 9.71392e-05 9.78271e-06 -3.59185e-07 1.1932e-05 6.23657e-05 1.12254e-05 1.58227e-05 2.97978e-05 0.000126346 2.45795e-05 8.59527e-05 1.23897e-05 6.3946e-05 1.99259e-05 2.25373e-05 3.53516e-05
internal_weight=2.38059e+06 1.55999e+06 1.38727e+06 729252 172721 658019 503877 2337.33 728277 170384 1517.44 974.299 820596 34069.1 1639.83 32429.3 14412.2 13644 3331.73 1427.16 369.828 204407 6834.58 518342 601.082 786527 626497 7686.02 160030 78011.8 48565.3 768.3 618811 595386 1955.89 1741.55 593430 38507.8 26228.3 26089.3 25833.2 2814.68 1235.54 169783 725.974 47797 604.833 299470 52367.1 247103 3411.87 243691 139450 27497.6 1407.61 26089.9 1219.7 111953 2719.65 24732.4 24116.4 15687
internal_count=2380228 1562149 1397880 736086 164269 661794 487796 1730 735275 162539 1164 811 818079 30541 1293 29248 12729 12058 2874 1132 278 192254 5811 512892 464 787538 614570 7291 172968 78185 47690 620 607279 584837 1574 1412 583263 32678 22101 21989 21802 2415 1021 162075 713 47070 619 295542 46325 249217 3040 246177 140603 26015 1259 24756 1125 114588 2761 23654 23107 15050
is_linear=0
shrinkage=0.05


Tree=63
num_leaves=63
num_cat=0
split_feature=343 214 164 171 2 33 279 0 46 358 46 16 113 48 14 207 330 49 177 194 356 0 113 45 30 2 348 203 201 0 42 259 113 262 349 20 338 198 48 263 358 46 354 0 259 0 48 201 337 109 18 196 109 277 46 46 113 30 48 263 2 259
split_gain=0.00366741 0.00385451 0.00346477 0.00331855 0.00312904 0.00370918 0.00368452 0.00329772 0.00361454 0.00407495 0.00296048 0.0029579 0.00297364 0.0031624 0.00243246 0.00324659 0.00247219 0.00346172 0.0080716 0.00237086 0.00229393 0.0022385 0.00252949 0.00222988 0.00221655 0.00266028 0.00215943 0.00210782 0.00288109 0.0038123 0.00282912 0.00269533 0.00270613 0.00213454 0.00204375 0.00202677 0.00254108 0.00271476 0.00199054 0.00195715 0.00401038 0.00456549 0.0036581 0.00413847 0.00266163 0.00213254 0.00271614 0.0033128 0.00305013 0.00246466 0.00212579 0.00280673 0.00208298 0.00201035 0.00195021 0.00194211 0.00195384 0.00191657 0.00255505 0.0028395 0.00246879 0.00259527
threshold=-0.17672341316938397 0.00013444601063383746 0.0032522859983146195 -0.0029390738345682617 0.0036960543366149072 0.020925759337842468 0.31000451743602758 -0.019727626815438267 -0.018220698460936543 1.0000000180025095e-35 -0.0087117832154035551 0.0045928549952805051 0.1845943555235863 0.23814842849969867 0.050265152007341392 0.00048327329568564897 0.2671229094266892 0.1723427698016167 -0.0024102000752463932 -0.0012767054722644387 0.022934128530323509 -0.010033178608864544 0.15913845598697665 0.053193120285868652 0.06699958443641664 -0.0039715219754725686 0.09433526918292047 0.00052115120342932652 0.00097027199808508169 -0.024240909144282338 0.019655630923807624 -0.016095285303890702 0.011562746483832599 -0.013700859155505894 0.0069848983548581609 0.00033625630021560943 0.89441263675689708 0.0041126257274299869 0.087786454707384123 0.0054158121347427377 0.03696009889245034 -0.010096060112118719 0.092748332768678679 0.010752884205430748 0.52459830045700084 -0.0092655885964632017 0.13987462222576144 0.00026646930200513458 0.035604663193225868 158.92649841308597 0.0036763940006494526 0.0029654015088453893 128.59999847412112 0.8900088667869569 0.0076164407655596742 -0.027526307851076123 -0.013411974534392355 0.06699958443641664 0.33006484806537634 0.0099609433673322218 -0.0021297498606145378 0.2188694626092911
decision_type=2 2 2 2 2 8 2 2 2 2 2 2 2 2 2 2 2 2 2 2 2 2 2 10 8 2 2 2 2 2 10 2 2 2 2 2 2 2 2 2 2 2 2 2 2 2 2 2 2 10 2 2 10 2 2 2 2 8 2 2 2 2
left_child=11 2 -2 -3 5 39 24 8 -8 10 -10 12 27 -14 15 19 26 18 -18 -6 -11 22 55 -16 25 -7 -17 28 -1 -30 -31 32 -29 -33 -22 -13 -37 -38 -26 45 41 44 43 -43 -41 46 47 -5 49 -49 -42 -52 -50 -48 -34 -9 -57 58 -23 -60 61 -59
right_child=1 3 -4 4 14 6 7 21 9 20 -12 35 13 -15 23 16 17 -19 -20 -21 34 57 -24 -25 38 -27 -28 31 29 30 -32 33 54 -35 -36 36 37 -39 -40 40 50 42 -44 -45 -46 -47 53 48 52 -51 51 -53 -54 -55 -56 56 -58 60 59 -61 -62 -63
leaf_value=2.8874376730846278e-06 -4.5072625044336443e-07 2.1905560120447728e-06 8.45783056144991e-06 1.2327716761829248e-06 9.7567613335033921e-05 -4.9332563337904734e-05 0.0002247278736279495 0.00015961981562908313 -0.00015766553272193813 -5.097019047053362e-06 8.1586764392640084e-06 -3.3832574352914598e-05 1.4011842442875273e-06 -0.00012884121812834699 -5.6241273288010873e-05 6.5725442558623739e-05 0.00051910188766029076 2.6590463033627904e-05 -3.6374526533244178e-06 -3.5148267621779243e-07 0.0003096521750163663 -1.1954661506773262e-05 -0.00019676249955663915 0.00017071786759833969 -0.00025037019966658614 -3.5293707249147928e-07 0.00025459135139185201 1.0811579490168161e-06 0.00022838009994570488 2.2731609070892499e-05 0.00021387967822291713 -0.00014268591789704224 0.00018237951052096075 -1.9774879377943589e-05 0.00010597908836734184 1.4499645756359438e-05 3.307514607706546e-05 0.00011870736688882424 -7.5889422910272372e-05 3.7976469267158643e-05 -3.769540931863395e-05 3.9376905096266649e-05 0.00041280631999013177 0.00036548557799220724 -3.760207807623528e-05 -7.9665384345470259e-06 7.9242710659716273e-06 -6.8496635390712175e-05 -2.0665288525522816e-05 -0.00024345917651618786 2.9739478792797743e-06 0.00020014375187108577 0.0001322504668658767 4.3355650382730989e-05 -2.7426211175272362e-05 0.0001474739486456754 -5.7466137766817887e-05 -3.8828830735734274e-05 -3.9939031871268506e-06 0.00012957859526784265 -1.6147053171965965e-05 -0.00017045648778120934
leaf_weight=563228.4306602478 1106291.3752666712 132781.70874023438 121088.29736328125 16547.385776042938 674.03859758377075 8520.1935955286026 239.29753613471985 114.06200206279755 330.53180956840515 331.5328563451767 1411.3884336948395 1781.9468536376953 981.75356483459473 885.23160362243652 1503.631462097168 312.93364751338959 120.67210602760315 2449.0694534778595 185.46610760688782 7221.9745135307312 161.55883491039276 63576.940264463425 283.65431976318359 114.67816925048828 186.57659041881561 4108.9521335363388 294.57355582714081 1357.3935551643372 251.14151763916016 5218.0054512023926 199.08331680297852 360.79460906982422 437.46620988845825 13503.708548069 516.33741331100464 25676.980278491974 4047.5406718254089 1199.024658203125 1262.2927790880203 6533.8045918941498 4292.3935990333557 477.34367597103119 114.7302668094635 120.39238297939301 1415.8738005161285 236080.68468093872 18449.072153091431 2270.370056271553 1745.8351819515228 219.40113162994385 4664.7933630943298 185.76036071777344 253.21854746341705 5111.4479084014893 147.44576692581177 119.44921326637268 2805.1840535402298 865.76388442516327 961.80810165405273 676.45560836791992 2658.8895210027695 660.0561740398407
leaf_count=550479 1153795 121861 122389 15322 617 7217 173 93 264 271 1515 1681 822 735 1346 252 85 2065 149 6941 110 58628 221 78 155 3444 217 1109 186 4325 157 311 354 11645 370 25739 3787 939 1020 5774 3936 444 84 82 1211 229956 17403 1976 1489 175 4510 152 189 4462 120 98 2481 715 914 493 2169 528
internal_value=4.9111e-08 -1.11456e-06 4.28168e-07 -4.66092e-06 -6.92877e-06 -7.73299e-06 -1.6643e-05 -1.22749e-05 3.91654e-05 2.28746e-05 -2.34514e-05 3.35877e-06 2.54277e-06 -6.04251e-05 1.73179e-05 2.55576e-05 6.66852e-05 4.64863e-05 0.000204445 8.02991e-06 0.000102705 -1.43913e-05 -5.44731e-05 -3.99674e-05 -4.01301e-05 -3.33994e-05 0.000157839 2.74404e-06 3.24447e-06 3.87073e-05 2.98328e-05 -1.52648e-05 3.98706e-05 -2.29935e-05 0.000155287 1.79925e-05 2.09809e-05 5.26829e-05 -9.86722e-05 -5.05254e-06 1.10218e-05 3.53972e-05 0.000156473 0.00010606 2.45095e-05 -6.0723e-06 3.95507e-06 -9.10329e-06 -4.71892e-05 -8.40975e-05 -1.20745e-05 1.06043e-05 -1.18275e-06 1.56141e-05 0.000129578 -4.10701e-05 -4.90008e-05 -1.2471e-05 -1.03654e-05 5.12503e-05 -4.5265e-05 -9.59184e-05
internal_weight=2.38059e+06 1.76131e+06 1.22738e+06 533932 401150 388273 89790.9 75712.9 2990.65 2751.35 1741.92 619276 586570 1866.99 12877 11258.7 3362.71 2755.21 306.138 7896.01 1009.43 72722.3 3322.35 1618.31 14078 12629.1 607.507 584703 568897 5668.23 5417.09 15806.8 1942.31 13864.5 677.896 32705.5 30923.5 5246.57 1448.87 298483 17805.1 8662.14 712.466 597.736 7949.68 280677 44596.7 21036.2 4488.82 2489.77 9142.95 4850.55 1999.05 23560.5 584.912 3038.7 2924.63 69399.9 65215.2 1638.26 4184.71 1525.82
internal_count=2380228 1777839 1276184 501655 379794 368044 80879 69043 2703 2530 1779 602389 570243 1557 11750 10326 2768 2299 234 7558 751 66340 2893 1424 11836 10661 469 568686 555147 4668 4482 13539 1583 11956 480 32146 30465 4726 1175 287165 16193 7595 610 526 6985 270972 41016 19151 3829 2151 8598 4662 1678 21865 474 2672 2579 63447 60035 1407 3412 1243
is_linear=0
shrinkage=0.05


Tree=64
num_leaves=63
num_cat=0
split_feature=278 327 53 2 191 192 346 201 9 348 198 344 337 357 337 198 36 49 278 188 108 344 347 354 183 343 344 109 49 0 0 175 346 49 2 207 291 2 327 291 2 0 337 266 357 276 225 334 342 259 201 320 200 2 348 2 1 1 198 348 264 343
split_gain=0.00364408 0.00496264 0.00335476 0.00295099 0.00360233 0.00342763 0.00345365 0.00365433 0.00874626 0.00665243 0.00327694 0.00363304 0.00308913 0.00280796 0.00335149 0.00448688 0.00275421 0.00272981 0.00267064 0.00404376 0.00539903 0.00571126 0.00557508 0.0053338 0.00310139 0.00299243 0.00296937 0.00290873 0.00435396 0.00502497 0.00484081 0.00402514 0.0039091 0.00415649 0.00291151 0.00286483 0.00285739 0.00285009 0.00279388 0.0045965 0.00271002 0.00265346 0.00503747 0.00263206 0.00263147 0.00254728 0.00250704 0.00243212 0.00387785 0.00294919 0.00285831 0.00238662 0.00232071 0.00307946 0.00230848 0.00230585 0.00249038 0.00229776 0.00370464 0.0214373 0.00229202 0.00228411
threshold=0.92440813779830944 -0.00053363011102192093 0.00078945586574263882 0.0027665417874231939 0.06608449295163156 0.022054006345570091 0.0088147781789302843 0.0013045689556747677 0.054637201130390174 -0.068254105746746049 0.0023637576960027222 0.51364064216613781 -0.063935294747352586 -0.54677408933639515 -0.15298222005367276 0.0028966594254598026 0.032103469595313079 0.04795216582715512 0.14000640064477923 0.033481134101748473 14.575428485870363 0.20991417765617373 -0.048841254785656922 -0.18625085055828092 0.0085179070010781305 -0.66279545426368702 0.11669649928808214 76.826492309570327 0.20983404666185382 0.011476432438939812 -0.012549230363219975 0.033286759629845626 0.054593648761510856 0.069994732737541213 -0.015739495866000649 7.1189992013387396e-05 0.81887322664260875 -0.025324188172817227 0.0030056949472054843 -0.70943999290466297 0.0033430100884288554 0.019893051125109199 0.023753058165311817 0.0011389154242351653 -1.0060828328132627 0.11999946460127832 0.10049908235669137 0.24026127904653552 1.9401493072509768 0.1924189627170563 0.00055492029059678327 0.0078903813846409338 0.0010667272144928577 -0.022005531936883923 0.33946065604686743 -1.0000000180025095e-35 0.029975923709571365 0.06795790791511537 0.0078237224370241183 -0.20333708077669141 0.02900799456983805 0.38137035071849829
decision_type=2 2 2 2 2 2 2 2 2 2 2 2 2 2 2 2 10 2 2 2 2 2 2 2 2 2 2 10 2 2 2 2 2 2 2 2 2 2 2 2 2 2 2 2 2 2 2 2 2 2 2 2 2 2 2 2 2 2 2 2 2 2
left_child=1 -1 18 5 10 41 7 13 9 -9 16 45 -11 61 15 -15 -5 -8 19 27 21 23 -23 54 26 -25 35 34 30 31 32 -30 -29 -34 -3 -20 -24 -35 -37 -40 -33 44 -43 -32 -2 -12 -36 49 -49 -41 -50 -16 53 -19 -21 56 -45 58 60 -60 -28 -7
right_child=3 2 -4 4 -6 6 17 8 -10 12 11 -13 -14 14 51 -17 -18 52 24 20 -22 22 36 25 -26 -27 57 28 29 -31 43 40 33 37 46 38 -38 -39 39 47 -42 42 -44 55 -46 -47 -48 48 50 -51 -52 -53 -54 -55 -56 -57 -58 -59 59 -61 -62 -63
leaf_value=7.536611269184788e-06 7.5548661341103452e-05 -7.8405574308152818e-06 -1.1202012846820308e-05 3.3824631049628649e-06 -8.096539129423903e-05 -3.6228074014813266e-05 -0.00015750605393193996 0.00040449344498440964 -0.00012327734538268413 -0.00010689277241391255 0.0001354460636659447 -0.00013184103976642054 0.00015046606130519132 -1.1282543964882064e-05 -2.959258535837482e-06 -0.00018342268842044362 0.0001313663061159925 9.1394362845763539e-05 -9.7235758064137829e-07 7.8663112341783868e-05 8.2833046699480923e-06 0.00043200654501719752 -1.1409757958561372e-05 0.00014405323630685139 -8.6389549962170763e-06 -9.8517692524272291e-06 -3.8174267183792198e-06 1.7165358293852608e-05 -3.6101793534003422e-06 0.00032145207149731768 6.915478765085381e-06 6.2344740870321985e-05 2.9173547692864822e-06 0.00017422908967526231 8.925948510493735e-06 5.3843587861306792e-06 0.00018117783257455856 3.5042282392090005e-05 0.00022253781990076317 -9.0811811972601496e-05 0.00030882244514602404 1.3297723089823242e-05 0.00028815275744844209 2.8215715943741754e-05 -3.3542340813683741e-06 4.2143395218053291e-05 -6.6684965192717243e-06 -0.00019108961593302816 0.00014252843902213381 -0.00031735479341702083 -0.00011568450137155976 6.258999197821434e-05 -9.7082245990994708e-05 -2.8976445060552053e-05 0.00020881708148080431 -3.7090590061708898e-05 9.2845200124741685e-05 -3.453370561346979e-05 0.00072471554544858464 4.4663542475654426e-06 -0.00017902065713184119 -0.00015904411221365767
leaf_weight=259002.4267578125 1057.0623779296875 80280.559907674789 63387.999816894531 19841.646883130074 993.32171630859375 3067.8161668777466 425.31083011627197 219.76080775260925 364.95162200927734 155.87471425533295 849.14735341072083 269.32571458816528 447.09912002086639 1064.4173045158386 22400.1769272089 585.7222728729248 427.46749138832092 545.16032361984253 428970.49911499023 1172.1151914596558 12215.612466335297 170.22753000259399 280.56506192684174 351.87142300605774 108615.81777954102 2936.5432291030884 262602.22593450546 2334.7666382789612 50154.541034817696 118.26265704631805 39745.756197214127 397.32924461364746 735.23325979709625 1564.6520885229111 88197.472046136856 356791.55009460449 610.70359528064728 482.15734910964966 130.80522668361664 625.53232979774475 153.83612632751465 647.47100806236267 222.60646080970764 15760.690689325333 474488.11381530762 5238.5916956663132 36411.322908043861 218.25433015823364 337.44731867313385 185.6603592634201 154.86635339260101 1478.401423573494 1202.9551873207092 18483.36000919342 481.14128804206848 1206.8525018692017 1644.9005036354065 6136.6233520507812 116.33719432353973 813.79503834247589 184.80389642715454 430.279789686203
leaf_count=243054 1020 81061 59022 19972 827 2999 339 156 299 127 647 222 338 1002 20312 459 329 429 464735 894 10812 124 246 276 103768 2751 264250 2095 54335 81 38249 303 640 1254 94073 345529 453 483 91 504 107 519 181 14145 475840 4380 37322 177 248 150 128 1214 950 16823 381 1039 1380 5398 86 646 174 380
internal_value=4.67575e-08 1.12526e-06 6.53261e-08 -3.50157e-06 1.24295e-05 -4.33609e-06 -1.66726e-05 -5.89981e-06 7.99896e-05 0.000170236 1.59195e-05 4.72348e-05 8.38028e-05 -9.4194e-06 -3.66104e-06 -7.25323e-05 6.09429e-06 -3.24277e-05 5.40441e-07 4.4579e-06 2.73679e-05 6.61867e-05 0.00017131 4.35454e-05 -5.93279e-07 6.69413e-06 2.33288e-07 3.15007e-06 9.54052e-06 -1.36532e-06 1.82725e-05 -2.13089e-06 6.48949e-05 0.00010491 -4.14943e-07 1.7845e-06 0.000120663 0.000141508 5.08378e-06 -5.97392e-05 0.000132007 -3.01875e-06 8.41181e-05 1.41826e-05 -3.17853e-06 5.51979e-05 4.36914e-06 -8.4263e-05 -1.66362e-05 -0.000143314 6.11634e-05 1.10401e-06 -2.97829e-05 -2.55186e-05 0.000116748 2.96987e-05 3.43334e-05 -4.29303e-06 -3.58908e-06 9.59139e-05 -3.942e-06 -5.14172e-05
internal_weight=2.38059e+06 1.82568e+06 1.56668e+06 554906 27619.5 527287 50871.3 30214.5 1187.69 822.735 26626.2 6357.06 602.974 29026.8 25528.7 1650.14 20269.1 20656.8 1.50329e+06 337407 18218.8 6003.17 1061.5 4941.67 1.16588e+06 3288.41 1.05727e+06 319188 114299 50824 63475 50705.7 5116.81 2782.04 204889 787415 891.269 2046.81 358444 1652.57 551.165 476415 870.077 58358.2 475545 6087.74 124609 1521.76 710.568 811.193 492.314 23878.6 20231.5 19028.5 1653.26 18612.4 17405.6 269854 263717 930.132 262787 3498.1
internal_count=2380228 1830464 1587410 549764 26377 523387 45827 27286 920 621 25550 5249 465 26366 22987 1461 20301 18541 1528388 342504 15937 5125 823 4302 1185884 3027 1082116 326567 114111 54826 59285 54745 4472 2377 212456 811562 699 1737 346827 1298 410 477560 700 54813 476860 5027 131395 1207 553 654 376 21526 18202 17252 1275 16564 15525 270554 265156 732 264424 3379
is_linear=0
shrinkage=0.05


Tree=65
num_leaves=63
num_cat=0
split_feature=211 212 0 193 259 337 14 203 291 174 291 177 197 337 355 14 40 108 271 47 198 358 348 342 344 18 45 291 198 2 68 316 17 262 2 2 71 14 198 0 346 2 344 191 291 207 18 44 259 339 13 278 41 308 259 108 15 346 2 13 49 49
split_gain=0.00358629 0.00370981 0.00295517 0.00348868 0.00428399 0.00412068 0.00379928 0.00519931 0.00535803 0.00486202 0.00353588 0.00349655 0.00411539 0.00335796 0.00387168 0.00667605 0.00544686 0.0061705 0.004334 0.0044533 0.00429104 0.0114374 0.00947451 0.0181447 0.00723683 0.00856246 0.00577886 0.00530965 0.00527449 0.00523482 0.0134849 0.00573588 0.0050264 0.00425764 0.00402729 0.00390139 0.00426366 0.00385483 0.00407607 0.0118124 0.00902862 0.0142539 0.00374619 0.0058195 0.00372651 0.0036675 0.00470722 0.00358554 0.00386859 0.00442754 0.00358062 0.00357873 0.00354046 0.0035382 0.00777185 0.00334934 0.00357778 0.00414525 0.00330524 0.00487031 0.00316287 0.00309407
threshold=2.7296977350488308e-05 2.7676663194142751e-05 -0.011933057103306053 0.060039883479475982 0.18796230852603915 0.015770009718835357 -0.0033032373758032914 0.00038336681609507656 -0.23897039145231244 0.0091515821404755133 -0.67008537054061879 -0.00046008202480152244 0.0017772134160622957 0.0057621051091700801 -0.22245977073907849 0.0057652150280773648 0.015912038274109367 14.498001098632814 -0.011553381104022263 0.078600823879241957 0.0043535782024264344 -0.079899452626705156 -0.27435432374477381 2.5371240377426152 -0.03196683153510093 0.007498399820178748 0.01087132189422846 0.13722657412290576 0.0078237224370241183 0.0045871681068092593 0.045406432822346694 -0.0046469753142446271 0.014897316228598358 0.0027979724109172825 1.0000000180025095e-35 -0.0034268730087205763 0.043010486289858825 0.064682070165872588 0.0078237224370241183 0.00052705779671669017 0.12684978544712069 -0.014770980924367903 0.22811626642942431 0.038508286699652679 1.0221396684646609 0.00052807165775448095 0.0067193133290857085 0.017581445164978508 0.097560755908489241 1.0000000180025095e-35 0.0055075511336326608 0.65001785755157482 0.015337088145315649 0.051834436133503921 0.36012022197246557 106.81930160522462 -0.0099081690423190576 0.26868598163127905 -0.0034268730087205763 0.0052055660635232934 0.082131881266832366 0.051740024238824851
decision_type=2 2 2 2 2 2 2 2 2 2 2 2 2 2 2 2 10 2 2 2 2 2 2 2 2 2 8 2 2 2 2 2 2 2 2 2 2 2 2 2 2 2 2 2 2 2 2 10 2 2 2 2 8 2 2 2 2 2 2 2 2 2
left_child=-1 -2 3 5 10 11 7 8 -7 -8 -5 -3 -13 14 15 53 17 33 19 -19 45 24 23 60 25 58 29 -27 32 34 31 -31 -26 -17 35 44 -37 38 -15 -40 41 -41 -35 -44 47 -16 -47 48 -24 -50 -28 -30 -18 -4 -55 -9 -57 -58 59 -22 -23 -39
right_child=1 2 13 4 -6 6 9 55 -10 -11 -12 12 -14 37 20 16 52 18 -20 -21 21 22 26 -25 28 27 50 -29 51 30 -32 -33 -34 42 -36 36 -38 61 39 40 -42 -43 43 -45 -46 46 -48 -49 49 -51 -52 -53 -54 54 -56 56 57 -59 -60 -61 -62 -63
leaf_value=-3.1135703058202611e-06 5.075880106364012e-06 7.6822624735945001e-06 1.5125958640802896e-06 0.00016381319322303982 0.00014421270792066968 0.00013210852578332614 1.0071522324905384e-05 3.9631862285032968e-05 1.2615048011558225e-05 -5.2459863982879062e-05 -6.6304372122717007e-05 -6.7118815082381182e-06 -5.6800178645814021e-05 -3.9584611575495201e-06 -5.2690049353173137e-07 5.0073534169151267e-05 5.3476357033934821e-05 8.078916431244153e-05 1.967583957142067e-05 0.00041401331039962871 1.6140278260655472e-05 0.00015309393187130222 -9.0277429078736754e-06 0.00064410396149833021 -6.1281656700167564e-05 0.00019102060366640058 2.7325322064991934e-05 -6.6086008772797149e-05 -8.7898535394372328e-05 0.00059806222060121211 -6.7403945043659531e-05 0.00017989985700562474 -0.00037679127463711873 0.0001077070454527823 -8.927732085239281e-05 1.5168227391670646e-05 0.00019623472753060942 -0.00030458399270001809 -4.0431637179310148e-05 0.00049824436222233395 -0.00011734240823813761 0.00011180407239654246 4.1793655347004377e-05 0.00046045644084141224 -7.3865626057246407e-05 2.0614545506699182e-05 -1.7361477840900029e-05 0.00022689074319002427 0.00025446804802170065 3.6086906539478033e-05 -0.00015320592716976662 -0.00025532929936979284 -3.9912504063829461e-05 -2.3512483018023827e-06 0.00038100173176239694 0.00016001893086068381 8.5924487837066248e-05 -0.00023511853370157339 1.7574193082618899e-05 -0.000104647240808378 8.5382947528674622e-06 -5.2618308264433257e-05
leaf_weight=660285.47026789188 457996.51635742188 25608.470588684082 72536.083999633789 223.13316822052002 1021.4972219467163 959.22062337398529 12157.123647093773 4320.7850985527039 39086.438075661659 4174.3000946044922 643.73850631713867 15784.27344763279 5538.6351547241211 514409.58782958984 443104.0015335083 4292.9906343221664 1380.756986618042 404.47838950157166 15477.684429764748 131.94693398475647 1183.725436091423 633.52755153179169 10554.249180912971 147.23238956928253 3975.1760915517807 684.82496225833893 377.28300893306732 282.58600544929504 547.29214417934418 146.47678887844086 386.19518232345581 188.91628646850586 128.47947180271149 2324.4319599866867 1258.4974628686905 857.89496433734894 521.89191150665283 126.48880159854889 1691.8276818990707 308.96752107143402 264.8938159942627 1033.7580940723419 143.30906164646149 196.67807626724243 1687.2771884202957 42904.087242126465 10074.593353271484 177.91238415241241 278.65487253665924 1347.1748825311661 1002.4379655122757 773.97128355503082 3813.2386951446533 402.74644863605499 194.80445468425751 1425.840704202652 424.64522159099579 129.55054700374603 1520.9093205928802 2823.2708344459534 935.89442849159241 2403.7138351202011
leaf_count=693813 470740 22949 71918 161 720 773 11289 3895 36906 3657 513 15153 4744 505798 432642 3763 1277 330 14307 102 960 488 8910 116 3288 517 311 232 434 103 312 133 105 1750 1070 691 389 105 1349 216 211 796 111 141 1398 36077 9492 129 198 1087 806 600 3413 375 145 1084 347 99 1263 2315 814 2042
internal_value=1.87019e-08 1.22147e-06 -1.77867e-07 7.5941e-06 7.49408e-05 6.43249e-06 1.48212e-05 2.21284e-05 1.54838e-05 -5.91592e-06 -6.83128e-06 -4.77098e-06 -1.97264e-05 -9.31377e-07 1.52418e-06 1.04785e-05 3.11612e-05 4.16159e-05 2.45297e-05 0.000163987 -1.92147e-07 -1.78148e-05 4.83055e-06 0.000117199 -5.67566e-05 -2.11417e-05 -5.44963e-06 0.000115937 -9.93753e-05 2.36342e-06 0.000134024 0.000364987 -7.13385e-05 8.09256e-05 -3.34648e-06 3.6751e-06 8.38399e-05 -3.90408e-06 -3.60305e-06 5.17766e-05 0.000148744 0.000201335 0.00013056 0.000285261 -4.21099e-06 9.59659e-07 1.33925e-05 5.3096e-06 2.03628e-06 7.37824e-05 -0.000103872 -0.000186214 -1.50752e-05 2.51248e-06 0.000123478 6.43412e-05 0.000118167 1.03009e-05 -4.51644e-05 -6.89746e-05 6.70116e-05 -6.54451e-05
internal_weight=2.37982e+06 1.71954e+06 1.26154e+06 111498 1888.37 109609 62677.9 46346.5 40045.7 16331.4 866.872 46931.4 21322.9 1.15004e+06 629804 101299 28165.5 22971.5 16014.1 536.425 528504 32421.8 20501.5 1716.65 11920.2 6495.32 18784.9 967.411 5424.92 17405.1 721.588 335.393 4103.66 6957.41 16683.6 15425.1 1379.79 520239 517709 3299.45 1607.62 1342.73 2664.42 339.987 14045.3 496083 52978.7 12358 12180.1 1625.83 1379.72 1321.26 5194 73133.6 597.551 6300.82 1980.04 554.196 5527.91 4007 1569.42 2530.2
internal_count=2379872 1686059 1215319 102290 1394 100896 58050 43104 37679 14946 674 42846 19897 1113029 602512 97632 25194 20504 14739 432 504880 26669 16955 1418 9714 5287 15537 749 4427 14420 548 236 3393 5765 13872 12802 1080 510517 508370 2572 1223 1012 2002 252 11722 478211 45569 10324 10195 1285 1117 1034 4690 72438 520 5425 1530 446 4538 3275 1302 2147
is_linear=0
shrinkage=0.05


Tree=66
num_leaves=63
num_cat=0
split_feature=64 51 211 48 109 48 205 16 343 247 0 200 6 1 202 322 183 355 2 29 197 1 0 259 170 259 0 15 346 204 49 191 2 2 349 264 1 183 306 318 358 268 189 202 337 278 225 206 348 355 345 346 278 348 109 210 266 200 197 259 0 0
split_gain=0.00370161 0.00370979 0.00275983 0.00222741 0.00266984 0.00300189 0.00201996 0.00201598 0.0018344 0.00183176 0.00181074 0.00189854 0.00185488 0.00180771 0.00357257 0.00282965 0.00181351 0.0017784 0.00154791 0.00152938 0.00233155 0.00149049 0.00303108 0.00240924 0.0040429 0.00334948 0.00544225 0.00445598 0.00302064 0.00296545 0.00269484 0.002393 0.00320284 0.00493304 0.00424474 0.0040114 0.00291899 0.00241597 0.0029421 0.00238922 0.00236412 0.00353931 0.00233027 0.00222222 0.00284831 0.003036 0.00235925 0.00220397 0.00209064 0.00221947 0.00207162 0.00204805 0.00198699 0.00190438 0.00174478 0.0021241 0.00256053 0.00174453 0.00291501 0.00208542 0.00200792 0.00216801
threshold=0.00031657922954764223 3.9143818867160014e-05 7.213560456875713e-05 0.064845200628042235 88.938079833984389 0.049839423969388015 0.0003117239684797824 5.1854773118975579e-05 -0.36872209608554835 -0.65842863917350758 0.0038951853057369594 2.8560125429066833e-05 0.027670057490468029 0.0080139064230024832 0.0013105995021760466 -0.036229135468602174 -0.024972870014607903 -0.12325848639011382 -0.0039715219754725686 -0.0057976169046014539 0.005286816507577897 0.06795790791511537 -0.010033178608864544 0.53669521212577831 -0.002434545429423451 0.22765038907527926 0.001414782658684999 0.037286186590790756 -0.032802131026983254 0.00030448137840721762 0.32024109363555914 0.04061758145689965 -0.005277530523017048 -0.0018859392148442564 0.39525933563709265 -0.0085073653608560545 0.058548554778099067 0.046153655275702483 0.037643233314156539 -0.012537455651909111 -0.27506045997142786 -0.0063395807519555083 0.048791013658046729 0.00054930846090428542 -0.09394055604934691 0.39000874757766729 -0.43750081956386561 0.0011934720096178355 0.22468570619821551 -0.18649448454380033 0.33155737817287451 -0.11277062073349951 0.28002151846885687 -0.098474897444248186 160.79999542236331 6.5864311181940152e-05 0.0046788386534899482 0.0013658645912073555 0.00438772444613278 -0.041619660332798951 0.0073662956710904845 -0.0044052160810679189
decision_type=2 2 2 2 10 2 2 2 2 2 2 2 2 2 2 2 2 2 2 10 2 2 2 2 2 2 2 2 2 2 2 2 2 2 2 2 2 2 2 2 2 2 2 2 2 2 2 2 2 2 2 2 2 2 10 2 2 2 2 2 2 2
left_child=1 2 8 4 13 18 -5 -3 -1 -9 -7 12 -12 16 15 -15 -4 -18 -6 20 -8 31 47 25 -25 39 27 -27 30 -28 -29 57 37 35 42 -34 48 38 40 43 -33 -42 -35 -24 -45 -46 -47 50 49 -37 -23 -38 -41 -48 55 56 -43 -11 60 -60 61 -59
right_child=-2 7 3 6 5 10 19 9 -10 21 11 -13 -14 14 -16 -17 17 -19 -20 -21 -22 22 23 24 -26 26 29 28 -30 -31 -32 32 33 34 -36 36 51 -39 -40 52 41 54 -44 44 45 46 53 -49 -50 -51 -52 -53 -54 -55 -56 -57 -58 58 59 -61 -62 -63
leaf_value=5.1346592932143796e-06 1.5823573426723278e-05 -8.527284406451616e-06 -0.00012061113533780576 -4.9693442783252974e-07 1.7601329498089173e-05 3.3268553938769258e-05 -2.0950407787318057e-07 -1.2395276852030075e-05 -1.4950415537831403e-06 -9.996792045668644e-07 0.0002517547047824057 6.6206705769342663e-05 2.7500156924754655e-05 0.00022388949628657009 0.00024072412778435197 9.3533142821422641e-06 9.9443007056530829e-06 -4.8060462465936766e-06 -2.445534584417686e-05 1.1586298526182836e-05 -0.00018882797558859708 4.8746691878377124e-05 -1.6258450537626686e-05 0.00023386589143284707 8.0301786186722697e-06 -4.0687967939794206e-05 3.3250878196996503e-05 -0.00035600163979002602 -4.5464597791058464e-06 -6.7041152270879727e-05 -0.00015443265005809104 -7.0412680163200924e-05 0.00037015923172448309 3.1549236630521288e-05 0.00011213690565021111 -6.7148593420451417e-06 -7.4588456101572199e-05 -0.00012754580809067276 0.00023408282430027543 1.2726178905167841e-05 0.00010958894039792553 1.0519391169291144e-05 -2.2613697687859331e-05 -3.2474756858013926e-05 0.00030983069155960725 0.00019010502134360539 -4.0463659527357534e-05 -6.8247828767169298e-05 2.2442779927196962e-05 0.00023648181296305598 0.00021165100775551198 9.6491948608813037e-05 -3.0265376200563779e-05 6.7302181019410657e-05 9.6155344854111606e-05 -3.9098598545911576e-05 0.00023081373241215947 3.3592416856097512e-05 -0.00031155331707940863 -8.5375161076370559e-05 8.1876312895597575e-05 -5.4319453274534917e-05
leaf_weight=121245.66767883301 36473.12847840786 133391.15645027161 307.31935596466064 303819.61378479004 25828.038223028183 3714.7220867872238 35140.975570678711 38739.155700683594 748170.12161850929 613145.47859954834 305.03337895870209 1534.5889991521835 132.55040204524994 151.94067823886871 165.6037712097168 99777.922805547714 32497.597375750542 55042.359111428261 2388.564336180687 73019.62190246582 162.60636901855469 1467.4745901823044 3171.5412713289261 242.2389098405838 1051.5755971670151 660.04290354251862 1391.3726396560669 348.31588423252106 140.459801197052 1563.1110944747925 324.96819579601288 1160.7623851299286 136.56341934204102 4427.4762330055237 1094.8726817369461 113.10821688175201 342.17636728286743 392.55438232421875 129.15948486328125 3362.6859976053238 742.42925775051117 1994.4565316438675 3597.7411499023438 936.72749280929565 123.16423392295837 290.01103889942169 559.86178934574127 342.74275970458984 240.70810782909393 544.9301745891571 223.54291927814484 353.80492830276489 13366.944792866707 1517.6850910186768 385.94986391067505 3246.1532049179077 139.26660192012787 993.19594788551331 122.31879580020905 582.89003598690033 468.50423145294189 2375.2048194408417
leaf_count=122416 32403 123876 271 317435 22800 3241 34046 36654 788657 599950 223 1208 115 111 124 93495 31601 53034 2143 68722 128 1289 2779 174 979 586 1196 272 112 1261 269 941 102 4271 858 90 281 316 99 3043 581 1772 3133 769 94 221 477 295 183 397 157 285 11804 1309 289 2738 117 787 98 458 371 1966
internal_value=1.79018e-08 -2.28119e-07 1.25889e-06 3.76757e-06 7.80704e-06 2.07211e-05 1.59319e-06 -2.88969e-06 -5.70477e-07 -1.82534e-06 5.38558e-05 9.25602e-05 0.000184259 5.47724e-06 1.0071e-05 9.68399e-06 2.42833e-07 6.69851e-07 1.40397e-05 7.45538e-06 -1.08892e-06 -1.21215e-06 -1.19026e-05 -1.60347e-05 5.06087e-05 -1.91445e-05 -5.90006e-05 -0.000137413 -0.000215577 -1.98195e-05 -0.000259458 -6.9022e-07 1.67667e-05 3.45798e-05 1.98795e-05 0.000111905 8.93539e-05 -6.8354e-06 -7.27782e-07 -1.15746e-05 -4.7424e-06 6.98808e-06 7.26816e-06 1.39e-05 4.17999e-05 6.97373e-05 5.69962e-05 4.70785e-05 0.00014878 0.000194786 7.05063e-05 1.24083e-05 -2.16235e-05 3.82502e-05 -6.2566e-06 -1.36366e-05 2.51005e-05 -1.22844e-06 -3.20946e-05 -0.000125376 -1.48934e-05 -2.83935e-05
internal_weight=2.37982e+06 2.34335e+06 1.5034e+06 633989 221846 33903.5 412143 839944 869416 706553 5686.89 1972.17 437.584 187943 100095 99929.9 87847.3 87540 28216.6 108323 35303.6 667814 31084.5 29050.7 1293.81 27756.9 4428.27 1473.79 813.744 2954.48 673.284 636730 19042.1 10851.4 9120.09 1731.29 1594.73 8190.73 7798.18 23328.6 7669.02 6508.26 8025.22 6598.99 3427.45 2490.72 2367.56 2033.76 898.746 658.038 1691.02 695.981 16729.6 2077.55 5765.83 5379.88 2133.72 617688 4542.11 705.209 3836.9 3368.4
internal_count=2379872 2347469 1539770 628697 208366 29730 420331 807699 911073 683823 4787 1546 338 178636 93730 93606 84906 84635 24943 102896 34174 647169 27086 25345 1153 24192 3696 1239 653 2457 541 620083 16453 9600 8262 1338 1236 6853 6537 20496 6438 5497 7404 5649 2870 2101 2007 1741 670 487 1446 566 14847 1786 4916 4627 1889 603630 3680 556 3124 2753
is_linear=0
shrinkage=0.05


Tree=67
num_leaves=63
num_cat=0
split_feature=134 211 48 203 201 185 226 291 337 73 334 322 52 22 109 48 307 206 1 14 15 42 292 348 321 176 1 358 270 334 46 277 206 108 74 46 113 197 0 71 334 165 1 0 1 77 322 197 48 27 308 259 225 1 358 45 44 175 337 188 202 0
split_gain=0.00343869 0.00387506 0.00271056 0.00383022 0.00635892 0.00596264 0.00429426 0.00403332 0.0058812 0.00554956 0.00343636 0.00343416 0.00270482 0.0024516 0.00241428 0.0039275 0.00270881 0.00240758 0.00235633 0.00294729 0.003189 0.00243283 0.00231848 0.00279496 0.00317631 0.002771 0.00211406 0.00445509 0.00272642 0.0026597 0.00218087 0.0020915 0.00203499 0.00198054 0.00247235 0.00333816 0.00316807 0.00251893 0.00233233 0.00282615 0.00224486 0.00218957 0.00217066 0.00215644 0.00213655 0.00200355 0.00191197 0.00189526 0.00284828 0.00483542 0.0038727 0.00316693 0.00320826 0.00299206 0.00252813 0.00358685 0.00272144 0.00238001 0.00232194 0.00259148 0.00311675 0.00227144
threshold=-0.00033625110518187279 7.4092626164201661e-05 0.062939446419477477 0.00031154428143054252 0.00086790331988595437 0.023973456583917144 -0.17858512699604032 -0.23897039145231244 -0.0080297566018998606 0.062914077192544951 0.1640984117984772 0.0064242652151733646 0.0017170876963064077 0.0001305115001741797 88.938079833984389 0.050358433276414878 0.00035499088698998099 0.00010807606668095106 0.06795790791511537 0.0054357249755412349 0.015150103252381088 1.5867006368353035e-05 6.219117916098994e-15 0.53046637773513805 0.0030217455932870512 -0.0079006473533809168 0.024410023353993896 0.10712262243032457 0.0050467650871723899 0.1406233608722687 -0.0043708500452339641 0.16852086037397387 0.00043072570406366145 15.255389213562013 0.023729902692139152 -0.016794453375041481 -0.0026369573315605517 0.005286816507577897 -0.011933057103306053 0.023560739122331146 0.36809960007667547 -0.0073336730711162082 0.0080139064230024832 0.011476432438939812 0.0033053045626729731 0.047987058758735664 -0.024847339838743206 0.0020616136025637393 0.17958791553974154 0.017737016081810001 0.051834436133503921 -0.19449739158153531 6.662020979320006e-08 -0.014542980119585989 -0.04272064380347728 0.0078877857886254805 0.016406740061938766 0.0062328600324690351 -0.07671265676617621 0.029477817006409172 0.00026778648316394543 -0.0018924733740277586
decision_type=2 2 2 2 2 2 2 2 2 2 2 2 2 2 10 2 2 2 2 2 2 8 2 2 2 2 2 2 2 2 2 2 2 2 2 2 2 2 2 2 2 2 2 2 2 2 2 2 2 8 2 2 2 2 2 8 8 2 2 2 2 2
left_child=-1 13 3 4 14 17 -7 8 10 26 -5 -10 47 -2 33 22 -17 -6 -15 -20 -21 -22 23 -16 -25 -24 -9 28 30 -30 31 -28 -13 34 37 -36 40 -3 39 41 43 -35 44 -37 46 -38 -40 54 49 50 -49 57 58 -50 55 -4 -56 -51 59 -53 -61 -52
right_child=1 2 12 7 5 6 -8 9 11 -11 -12 32 -14 18 15 16 -18 -19 19 20 21 -23 25 24 -26 -27 27 -29 29 -31 -32 -33 -34 38 35 36 45 -39 42 -41 -42 -43 -44 -45 -46 -47 -48 48 53 51 61 52 -54 -55 56 -57 -58 -59 -60 60 -62 -63
leaf_value=-6.3730895677263739e-06 -5.2800052998622585e-06 9.7303791032901843e-06 9.7717190037345804e-06 0.00030499925544565174 0.00019287513301774009 0.00041764625406619016 8.4624334139309478e-05 -1.0179086512998637e-05 4.9835229060573135e-05 -0.00034585706998532031 3.2918357438919391e-05 -4.4871134817954311e-05 1.6959712402608698e-05 2.9531105904649114e-07 1.6639738428076231e-05 1.3668468923223226e-05 7.6364319221517237e-05 -2.0811535863817039e-05 -8.8751430528217194e-05 9.6072279999155478e-05 -0.00021011108784848686 -1.5541527891165628e-05 -0.0002245619256799281 -2.4215901276133407e-05 0.00023398926756952669 -5.2227315939449285e-06 -2.1578537804960859e-05 0.00011442415235276723 0.00021955367655590466 -2.8208569157608228e-05 -4.8447434911370005e-05 -0.00016256454720535462 -0.00027704988130725598 -0.00014274662964776908 0.00027908242585424086 9.1781851818988224e-05 2.5958001209764695e-05 0.00020400334261884168 -0.000162212008642275 -0.00013657571106586011 7.0943853299161827e-05 3.4405844931224182e-05 6.2217060964121241e-06 0.00036805476372632901 -1.1949857611488792e-05 -0.00011433039527085413 7.652114940727196e-06 -6.3072364975152799e-06 0.00019073899654867036 5.9213261876066741e-05 0.00031216968184367554 -1.7370893959712193e-05 -8.7508776305850132e-05 5.0366522251580735e-06 -1.8853367459203966e-06 -6.3725171565676226e-06 1.6632538206354883e-05 -0.00016879990729094202 -1.2320782805209862e-05 -7.4332837225133118e-06 -0.00018325862283484834 2.3591624714870324e-05
leaf_weight=193414.802734375 295037.68117487431 61835.329204559326 151440.58892822266 294.68324935436249 179.25183284282684 235.98550713062286 165.25672936439514 7455.1908601522446 940.1798882484436 135.34690582752228 191.48033618927002 291.88387322425842 26035.582244873047 893380.31729888916 32424.167294979095 2844.8839378356934 4370.0623512268066 482.11033892631531 1399.6095657348633 641.27932739257812 160.72848904132843 12729.818706393242 143.9543479681015 192.29473781585693 309.46042609214783 10734.968938112259 335.7583019733429 354.84646439552307 130.94095814228058 583.12030971050262 1548.2354620695114 1224.161120057106 138.18252456188202 175.85879611968994 150.34863829612732 142.92167747020721 2707.0380034446716 165.30889892578125 164.81188440322876 256.43188273906708 967.08978414535522 9194.6381998062134 92855.925311803818 141.15533971786499 44821.348342895508 278.91387164592743 24047.74452495575 35575.186632156372 216.83284378051758 1091.2076247930527 149.06450796127319 1067.2804963588715 3704.6606607437134 24688.603618621826 363368.23923504353 44516.894714355469 20984.59563434124 125.88784730434418 5214.3015036582947 374.91329073905945 768.17754483222961 124.93482065200806
leaf_count=185366 285533 60308 150475 201 138 173 123 6620 812 108 165 270 22172 942864 28716 2482 3573 420 1210 529 142 11678 118 162 216 9132 263 272 93 490 1259 1001 106 146 116 107 2258 129 133 223 797 7850 85736 105 42807 222 21861 31727 171 893 125 896 3080 20884 366429 47566 22905 102 4364 310 626 114
internal_value=1.70794e-08 5.82374e-07 2.91127e-06 6.83886e-06 8.05617e-06 0.000130031 0.000281587 -1.90689e-05 4.93898e-05 -2.98752e-05 0.000198411 -3.69519e-06 1.1562e-06 -1.32018e-06 7.60667e-06 1.74762e-05 5.16537e-05 3.75118e-05 -3.39429e-08 -1.97313e-05 -1.25805e-05 -1.79998e-05 1.18448e-05 1.84566e-05 0.00013533 -8.16586e-06 -2.61398e-05 -5.46078e-05 -7.0352e-05 1.77112e-05 -9.05819e-05 -0.000132285 -0.000120408 5.48998e-06 1.28226e-05 4.90864e-05 4.07975e-05 1.02549e-05 2.65165e-06 2.65589e-05 0.000107521 3.10514e-05 1.22968e-06 0.000230673 -5.48497e-06 1.27861e-05 6.48257e-06 5.26453e-07 -7.06059e-06 -1.41552e-05 -4.86013e-06 -4.11394e-05 -4.95136e-05 6.66861e-06 1.48221e-06 6.1041e-06 -8.74231e-07 3.53909e-05 -3.05368e-05 -7.34586e-05 -0.000125705 0.000181712
internal_weight=2.37982e+06 2.18641e+06 983058 303611 289987 1062.6 401.242 13624 1856.41 11767.6 486.164 1370.25 679447 1.20335e+06 288925 51019.8 7214.95 661.362 908312 14931.4 13531.8 12890.5 43804.8 32925.9 501.755 10878.9 11632.3 4177.06 3822.22 714.061 3108.15 1559.92 430.066 237905 66388.1 4387.47 4237.12 62000.6 171517 9626.93 1251.17 9370.5 161890 284.077 69033.9 2985.95 24212.6 653411 73101.1 48195.6 35849.2 12346.4 11129.3 24905.4 580310 195957 384353 1217.1 7424.67 2210.37 1143.09 273.999
internal_count=2379872 2194506 952550 279711 268051 854 296 11660 1554 10106 366 1188 672839 1241956 267197 44399 6055 558 956423 13559 12349 11820 38344 29094 378 9250 9998 3378 3106 583 2523 1264 376 222798 64042 3605 3489 60437 158756 8219 1009 7996 150537 212 64801 2480 21994 650667 63292 42237 31966 10271 9276 21055 587375 198041 389334 995 6196 1832 936 239
is_linear=0
shrinkage=0.05


Tree=68
num_leaves=63
num_cat=0
split_feature=247 0 45 272 44 44 278 183 174 179 316 181 46 37 319 177 319 292 34 318 22 355 41 199 189 319 179 198 337 292 292 46 2 259 353 2 198 109 2 46 355 179 0 348 189 199 343 355 316 195 203 322 50 203 196 333 292 349 292 197 348 337
split_gain=0.00331152 0.00341914 0.00311249 0.00501766 0.00436876 0.00395596 0.00291952 0.00369596 0.00324551 0.0032084 0.0059098 0.0035582 0.00291614 0.00464843 0.00290271 0.00283585 0.00288554 0.00278666 0.00273658 0.00374991 0.00395808 0.00333717 0.00481504 0.00496598 0.0028564 0.00273212 0.00582299 0.00291022 0.00389636 0.00691916 0.00287053 0.00369683 0.00345185 0.00602278 0.00263312 0.00254096 0.00251704 0.00235813 0.0037996 0.00303428 0.00234634 0.00274968 0.00233426 0.0025005 0.00232335 0.00265324 0.0023219 0.00227679 0.00225983 0.00225949 0.00222976 0.0021867 0.00230936 0.00215794 0.00494413 0.00572834 0.00209668 0.00226528 0.00207155 0.00205844 0.0155053 0.0048434
threshold=-0.23414020240306851 0.012979970313608648 0.0024444508599117403 0.002231432707048953 0.014161205850541593 0.0054050516337156304 0.17001689970493319 0.0088528525084257143 0.014742500614374878 -0.037542613223195069 -0.034004498273134225 -0.0094372476451098902 0.015021945349872114 0.023555823601782325 0.020682492293417457 0.0066923056729137906 0.0021851389901712541 1.0614461898803713 0.036828650161623962 0.016760744154453281 0.0062666251324117192 -0.1887204051017761 0.00052320034592412423 6.235803812160158e-05 0.010427607223391535 -0.0019290493219159541 0.0056672384962439546 0.0014474075287580492 0.03317659720778466 0.39208216965198522 1.8233585357666018 0.0062824892811477193 0.0045871681068092593 0.26854079961776739 -0.2244274169206619 -0.0066539787221699944 0.0036060279235243802 76.826492309570327 0.0036960543366149072 -0.059511978179216378 -0.33782377839088434 0.0026160941924899821 -0.0052569385152310124 0.0010007197270169856 -0.01079813716933131 3.9986760384636007e-05 -0.16847268491983411 -0.14495898783206937 0.039035230875015266 0.0010209493339061739 0.00042634631972759968 0.006004578899592162 0.006033204961568118 0.00052115120342932652 0.0039909442421048888 0.22194756567478183 0.070637311786413207 0.36258158087730413 0.68731150031089794 0.005286816507577897 -0.33713656663894648 -0.11184811592102049
decision_type=2 2 8 2 10 10 2 2 2 2 2 2 2 10 2 2 2 2 10 2 2 2 10 2 2 2 2 2 2 2 2 2 2 2 2 2 2 8 2 2 2 2 2 2 2 2 2 2 2 2 2 2 2 2 2 2 2 2 2 2 2 2
left_child=-1 6 3 25 5 44 18 8 46 -10 -11 15 -6 47 50 -12 -17 48 37 21 -21 22 35 -24 -23 26 27 -3 30 -30 32 -32 36 -34 49 -20 -29 42 39 -39 41 -27 43 -2 -4 -46 -8 -14 -15 -5 -13 -9 -53 54 -44 -56 57 -42 -25 -48 -61 -62
right_child=1 2 4 34 12 -7 7 51 9 10 11 14 13 17 -16 16 -18 -19 19 20 -22 24 23 58 -26 40 -28 28 29 -31 31 -33 33 -35 -36 -37 -38 38 -40 -41 56 -43 53 -45 45 -47 59 -49 -50 -51 -52 52 -54 -55 55 -57 -58 -59 -60 60 61 -63
leaf_value=-3.9577784969223515e-06 -5.3796278468765145e-06 -7.7302770665325846e-06 2.9125417246214392e-05 9.9695883277722136e-05 6.9541540074715598e-05 -0.00011923220711070966 3.379508987045739e-06 -0.00011531392521458519 0.00023137670299504303 -0.00032196301546152272 3.5083920546018884e-05 1.9879653409288675e-05 -0.00010529299089339987 0.00010410315570161763 7.9714075284516051e-05 6.1261903075992508e-05 0.00032587653281255494 0.00025204903568513975 8.1323038502813724e-05 -4.4657975656081082e-05 3.7375832040856956e-05 0.00022484381211233624 0.00044559736430541407 7.643915126891042e-05 1.9684874755088975e-05 1.8319104510539599e-06 0.00038672872889085384 4.3545666315934337e-05 8.9708789781034641e-05 0.00046812928530103607 4.7926145304561259e-05 -0.00023726207849661602 8.5955267638282806e-05 0.00047307952195338058 4.7346238741252899e-05 -5.1940295793232688e-05 -8.5308531783350391e-05 5.6765400844857425e-05 0.00022940955234295132 7.825594374703185e-06 7.7707559497210694e-06 0.00021692003847929885 4.0658824595341241e-06 -4.3579550412595321e-05 6.5196741402424253e-05 -4.6786575546361352e-05 -1.0271683465494591e-06 -2.5316117960448582e-07 -0.00014196489563217095 0.00026589897416420312 -2.7683861913802689e-05 -9.4934523785919215e-06 9.9926843069458163e-05 -2.8165665144369666e-05 4.8918637690911838e-06 0.00037847240794775048 -2.4454965338293582e-05 0.00011010761383034861 0.00019249671540300345 0.00050845341733098419 -0.00023798163915516766 -4.2641869164952481e-05
leaf_weight=429579.2197265625 41083.589496612549 2745.9223256111145 2114.2616780996323 1103.398287653923 2491.048656463623 1037.4291453361511 387764.53860282898 483.76127815246582 178.73342895507812 123.72720050811768 477.14225912094116 11397.029233455658 829.4345064163208 348.21052646636963 1641.0461919307709 181.0968781709671 240.43437898159027 224.72520065307617 682.25936353206635 3416.8178558349609 2578.1729736328125 170.80384504795074 117.21610033512115 1262.7696830034256 9401.7601996660233 321.92364835739136 116.73148763179779 2542.1061923503876 756.37007558345795 142.1255054473877 247.58529698848724 207.17405498027802 769.40184092521667 113.84466099739075 3128.3351682424545 747.56550717353821 443.4356974363327 3264.5744323730469 194.4522819519043 104154.35937547684 10247.789975881577 274.02270030975342 151996.90645337105 4780.7435854673386 599.27648186683655 4407.2629269361496 1066313.5184879303 1359.3439750671387 125.2835636138916 250.77088236808777 3141.7168204784393 101967.44855690002 482.5136604309082 5215.6726837158203 222.43203926086426 188.57377433776855 5626.2092059850693 568.90580010414124 554.28467929363251 118.89882051944733 369.4949539899826 2186.8562254905701
leaf_count=424008 41815 2586 2034 870 2101 954 379036 391 149 103 424 11618 698 277 1499 163 174 156 532 2937 2215 149 84 1084 8806 353 83 2039 622 106 206 176 711 78 2658 665 378 2925 157 104761 9852 192 159733 4656 498 3799 1085488 1169 120 187 2796 96715 393 4969 187 143 5093 456 452 90 292 1811
internal_value=1.62666e-08 8.91631e-07 1.48106e-05 2.38911e-05 -5.05041e-06 -2.81107e-05 5.76741e-07 -3.18197e-07 3.21423e-07 2.17985e-05 1.95943e-05 2.21061e-05 2.99283e-05 -4.27649e-06 1.67196e-05 0.000118834 0.00021302 0.000107872 4.85319e-06 2.33088e-05 -9.37827e-06 3.84555e-05 8.12801e-05 0.000132669 2.33917e-05 1.51935e-05 3.91265e-05 3.39383e-05 5.58436e-05 0.000150475 3.61174e-05 -8.24666e-05 5.00919e-05 0.000136809 7.26111e-05 1.16728e-05 2.4363e-05 3.72996e-06 9.71591e-06 9.31396e-06 3.83433e-06 0.000101127 5.64255e-07 -9.36319e-06 -1.48054e-05 -3.33616e-05 6.51451e-08 -4.01176e-05 3.86718e-05 0.000130821 9.59913e-06 -9.47816e-06 -8.97617e-06 3.45296e-06 4.53536e-06 0.000177297 2.96264e-07 1.31725e-05 0.000112015 -1.13711e-06 -4.49246e-05 -7.10402e-05
internal_weight=2.37982e+06 1.95024e+06 43142.3 29606.1 13536.3 8158.23 1.9071e+06 1.57707e+06 1.47413e+06 17380.9 17202.2 17078.5 5378.05 2887 16179.8 898.674 421.531 698.219 330033 18931.7 5994.99 12936.7 3364.1 1934.27 9572.56 25123.5 8084.7 7967.97 5222.04 898.496 4323.55 454.759 3868.79 883.247 4482.5 1429.82 2985.54 311101 107613 107419 17038.9 595.946 203488 45864.3 7120.8 5006.54 1.45675e+06 2188.78 473.494 1354.17 14538.7 102934 102450 157624 152408 411.006 16442.9 10816.7 1817.05 1.06899e+06 2675.25 2556.35
internal_count=2379872 1955864 38452 26646 11806 7285 1917412 1581142 1483643 16926 16777 16674 4521 2420 15913 761 337 553 336270 16924 5152 11772 2817 1620 8955 22931 6985 6902 4316 728 3588 382 3206 789 3715 1197 2417 319346 107843 107686 15946 545 211503 46471 6331 4297 1466717 1867 397 1057 14414 97499 97108 165032 160063 330 15401 10308 1536 1087681 2193 2103
is_linear=0
shrinkage=0.05


Tree=69
num_leaves=63
num_cat=0
split_feature=327 53 154 203 109 344 14 187 292 46 318 292 334 46 337 355 202 355 356 319 201 357 197 355 334 355 203 182 327 23 334 1 320 175 197 23 315 237 26 1 0 334 48 344 49 48 315 338 197 197 174 0 256 333 292 46 318 181 109 262 0 357
split_gain=0.00367008 0.00376238 0.00307654 0.00276669 0.00378607 0.00243971 0.00243325 0.00242405 0.00260275 0.00462161 0.00354754 0.00241143 0.00361697 0.00342076 0.00319235 0.00251188 0.00256917 0.00249077 0.0023999 0.00310961 0.00240463 0.00238319 0.00228208 0.0022244 0.00251999 0.00243744 0.00234381 0.00231772 0.00219792 0.00214465 0.00216266 0.00213783 0.00212441 0.00209641 0.00208331 0.00198384 0.00196974 0.00453105 0.00247479 0.00342001 0.00244552 0.00224487 0.00197134 0.00195117 0.00195092 0.00188499 0.00186323 0.00301803 0.00789973 0.00230841 0.00282686 0.00193649 0.00325655 0.00363494 0.00243028 0.00440021 0.00204224 0.00240881 0.0018552 0.00181549 0.00180006 0.00223329
threshold=-0.00058021928998641659 0.00081309990491718065 -3.1067924282979213e-05 4.4056172555428936e-05 107.68145751953126 0.11984615027904512 0.057045042514801032 0.017190499231219295 2.4640599489212041 -0.0014611650258302686 0.010548403020948173 0.39208216965198522 0.24026127904653552 0.01210726657882333 -0.09394055604934691 0.2635579258203507 0.00018046484183287251 -0.18430040031671521 -0.77990579605102528 0.020682492293417457 0.0011068888125009837 -0.010453381575644015 0.0025808358332142238 0.096385657787323012 0.21460182219743731 -0.2890793234109878 0.00030138227157294756 0.0022463902132585649 1.0000000180025095e-35 0.0054572669323533782 0.034965723752975471 0.023028003051877025 -0.004441735800355672 -0.00017615231627132741 0.0012066303170286121 0.018210303038358692 -0.034552326425909989 -0.37931360304355616 -0.0057224400807172051 0.0052152690477669248 0.0030505056492984299 0.31026317179203039 0.1782779470086098 0.16290087997913363 0.14444946497678759 0.067846026271581664 0.0090815387666225451 1.0000000180025095e-35 0.0032698885770514612 0.005286816507577897 0.022363103926181797 0.012979970313608648 0.37377980351448065 0.50292941927909862 1.8808448910713198 0.0062824892811477193 0.0047871782444417485 -1.0000000180025095e-35 157.49932861328128 0.0053141787648200997 -0.0005164845788385718 -0.020874842070043084
decision_type=2 2 2 2 10 2 2 2 2 2 2 2 2 2 2 2 2 2 2 2 2 2 2 2 2 2 2 2 2 2 2 2 2 2 2 2 2 2 10 2 2 2 2 2 2 2 2 2 2 2 2 2 2 2 2 2 2 2 10 2 2 2
left_child=3 2 -2 31 35 7 36 -4 11 10 -10 13 34 15 17 18 -17 -14 20 28 -9 -18 -19 25 27 -15 -27 -25 -20 30 -21 -1 33 -30 -13 46 37 -6 40 41 44 -40 58 -8 -38 -39 49 48 -48 51 -51 60 54 -54 56 -56 57 -53 -41 -31 -5 -62
right_child=1 -3 5 4 6 -7 43 8 9 -11 -12 12 14 23 -16 16 21 22 19 29 -22 -23 -24 24 -26 26 -28 -29 32 59 -32 -33 -34 -35 -36 -37 38 45 39 42 -42 -43 -44 -45 -46 -47 47 -49 -50 50 -52 52 53 -55 55 -57 -58 -59 -60 -61 61 -63
leaf_value=2.1428537329423192e-06 -2.865418601717432e-06 -1.1605974032295719e-05 1.5822234894983049e-06 1.5567449305598696e-05 -0.00022135344521647502 -2.7618531261143471e-06 -3.6262773193710906e-05 2.7663050926825484e-06 2.8045820070532091e-05 2.5295826327131632e-06 0.00014286008606655246 -2.0341366226555808e-06 3.002822290887661e-05 4.877122873149283e-05 1.4461222571682863e-05 3.373812136253515e-06 7.5940515832258033e-05 -2.9269958240806406e-05 3.6822519586673839e-06 0.00010266280417045278 0.00020904565500740152 0.00029580188851917875 -0.0001329003904706498 1.0024715123519623e-05 -1.8421295038634568e-06 -1.7574279743744802e-05 -8.9140480580098439e-05 0.0002410144317221164 4.1281077811266206e-05 -5.2731479800757299e-05 -8.3529442415087617e-05 -1.1771451336201471e-05 2.2340154668986399e-05 0.00013682783846824284 -6.2853177669235826e-05 -2.01737440778981e-05 -4.5658272160536494e-05 -0.00011513789922096149 -1.7004562760509659e-05 -4.9448630543394627e-06 -3.4128758478238274e-05 -0.00011566391284787737 1.6399741959385343e-05 -0.00017679757516291661 1.9097844204294822e-05 7.9858874716420163e-06 3.4834682844298953e-05 2.7393757898617946e-05 0.00044218222361688277 -5.497431879244564e-05 0.00018763346709847964 4.5771779669583675e-05 4.2498919545367238e-05 0.00036854116751275324 7.0359528471179017e-05 -0.00026535795781630611 0.00018746289013205344 -4.6176247452613054e-05 -3.9848418025699378e-05 7.1833456165867126e-05 1.651186642805609e-05 -4.3993367616820093e-07
leaf_weight=126446.7565574646 773883.16992950439 78711.188842773438 716753.84886133671 87621.855274796486 319.66464376449585 282624.32852172852 1155.3305239677429 251.24069595336914 1247.0695376396179 3397.3870214223862 1462.0171928405762 2331.792564868927 1617.3233301639557 1153.5966730117798 20416.696679472923 373.69492185115814 271.7275265455246 4883.7486752271652 15941.931560754776 170.07579863071442 320.95174789428711 226.506108045578 594.4439058303833 184.72287786006927 805.35012888908386 7554.4506623744965 1346.6023895740509 262.13810813426971 2152.8716768026352 503.94112300872803 1692.3569476604462 35312.848178863525 31190.640761017799 782.40731859207153 3552.7827930450439 4974.6658806800842 1219.4061002731323 392.34752976894379 1129.8359328508377 19977.592287302017 2684.4922486543655 1177.1599974632263 8435.0673785209656 312.71293306350708 24416.641753911972 1467.2748960256577 438.87996006011963 5301.3893995285034 161.5110011100769 2020.9338655471802 125.70988368988037 4771.0932966470718 193.5906548500061 151.93434286117554 201.88020133972168 185.78154015541077 217.81264173984528 835.56705594062805 4701.6236157417297 691.67827606201172 29606.827808380127 56511.589958786964
leaf_count=124820 795935 73190 737735 78879 260 281067 975 254 1236 3270 1221 2153 1433 1016 18001 349 197 4658 16003 123 249 158 486 153 746 7766 1138 191 1865 470 1496 32785 28379 598 3033 4955 1005 329 1045 17918 2489 996 7686 239 23330 1246 370 4477 122 1628 99 4028 156 110 165 152 162 724 4008 527 27953 51665
internal_value=1.56322e-08 -8.96587e-07 -4.47874e-07 4.24203e-06 7.42921e-06 1.24562e-06 -2.77613e-06 2.62327e-06 9.70387e-06 4.13818e-05 9.00675e-05 7.75452e-06 -3.19009e-06 1.33029e-05 4.42068e-06 1.84891e-05 0.000102579 -2.4466e-05 1.71199e-05 1.60204e-05 0.000118797 0.000176677 -4.05594e-05 -1.17261e-05 5.10645e-05 -1.95547e-05 -2.84188e-05 0.000145998 1.90103e-05 -3.29121e-05 -6.64346e-05 -8.9481e-07 2.61701e-05 6.68252e-05 -3.87622e-05 1.09867e-05 -1.35731e-06 -4.80782e-05 2.41502e-07 -8.56768e-06 1.12592e-05 -6.74027e-05 -4.46495e-06 -6.63984e-05 1.60143e-05 -1.80868e-05 1.18099e-05 3.9456e-05 0.000145519 1.09151e-05 -4.06055e-05 1.1529e-05 3.81976e-05 0.000187162 2.98544e-05 -9.10647e-05 3.7931e-05 3.20571e-05 -1.1597e-05 1.93303e-05 1.0522e-05 5.38821e-06
internal_weight=2.37982e+06 1.95735e+06 1.87864e+06 422470 260710 1.10476e+06 67389.1 822134 105380 6106.47 2709.09 99273.7 33396.8 65876.9 27512.2 54570 871.929 7095.52 53698.1 53125.9 572.192 498.234 5478.19 11306.9 1252.21 10054.6 8901.05 446.861 50067.9 3058.05 1862.43 161760 34125.9 2935.28 5884.58 193321 65921.1 2179.29 63741.8 35421.3 28320.5 2307 33114.3 1468.04 25636 1859.62 188346 5901.78 600.391 182445 2146.64 180298 6557.66 345.525 6212.13 387.662 5824.47 5606.66 24679.2 1195.62 173740 86118.4
internal_count=2379872 1985096 1911906 394776 237171 1115971 61526 834904 97169 5727 2457 91442 29764 61678 24578 50668 704 6577 49964 49461 503 355 5144 11010 1090 9920 8904 344 46845 2616 1619 157605 30842 2463 5186 175645 60312 1835 58477 31653 26824 2041 29612 1214 24335 1575 170690 4969 492 165721 1727 163994 5497 266 5231 317 4914 4752 21926 997 158497 79618
is_linear=0
shrinkage=0.05


end of trees

feature_importances:
open=167
rv_w50=102
low=100
totalasize=97
totalbsize=95
high=91
mid_ewma_resid_a0.05=90
avgbid=89
mb_intst=85
ewma_a0.05_mb_intst=78
bsize1=74
rskew_W100=73
ewma_a0.05_ma_intst=70
qrank_W100_imbalance=67
signed_rv_W100=63
ofi_tox_lvl1_W50=61
ma_intst=59
liq_asym_top5_W100=58
asize1=56
cancel_imb_W100=55
bid_mean=54
ewma_a0.5_mb_intst=51
ask_mean=50
liq_asym_top5_W50=46
qrank_W100_totalasize=44
rv_w20=42
trade_pers_W100=42
ewma_a0.05_la_intst=41
rskew_W50=40
signed_bv_W100=40
la_intst=39
ewma_a0.05_cb_intst=39
ewma_a0.3_lb_intst=39
signed_bv_W50=39
jshare_W100=38
imbalance=37
ewma_a0.05_lb_intst=36
ofi_tox_lvl5_W50=34
ewma_a0.05_ca_intst=33
ask10=32
ewma_a0.1_mb_intst=32
ewma_a0.5_la_intst=31
ewma_a0.3_mb_intst=28
ewma_a0.5_lb_intst=28
ewma_a0.3_la_intst=27
ewma_a0.5_ma_intst=27
ofi_tox_lvl1_W20=27
ask9=26
asize9=26
asize10=26
trade_pers_W50=26
bsize9=25
lb_intst=25
bid10=24
avgask=23
ewma_a0.1_lb_intst=23
gofi_W60_lvl1=23
gofi_W60_lvl10=22
liq_asym_top5_W20=22
bid9=21
gofi_W60_lvl3=21
rv_ratio_W50_W100=21
mlofi_W60_lvl1=20
gofi_W60_lvl8=20
ask8=19
mlofi_W60_lvl2=19
mlofi_W60_lvl10=19
dualz_bid_diff1=19
bsize4=18
mlofi_W60_lvl3=18
wmp_lvl10=18
signed_rv_W50=18
ewma_ofi_a0.05_lvl1=18
roll_eff_spr_ratio_W50=18
bsize8=17
wmp_lvl6=17
ofi_tox_lvl5_W20=17
mlofi_W60_lvl8=16
gofi_W60_lvl7=16
cancel_imb_W50=16
bsize7=15
asize8=15
gofi_W60_lvl2=15
bsize3=14
bsize6=14
ask7=14
la_ind=14
bsize_rate1=14
wmp_lvl8=14
rv_w10=14
ewma_a0.1_la_intst=14
gofi_W60_lvl5=14
adapt_mom_W100=14
bid7=13
bid8=13
ma_ind=13
ewma_ofi_a0.05_lvl10=13
jshare_W50=13
asize7=12
asize_rate1=12
mlofi_W5_lvl1=12
mlofi_W60_lvl4=12
wmp_lvl9=12
gofi_W60_lvl4=12
gofi_W60_lvl6=12
gofi_W60_lvl9=12
bsize2=11
asize6=11
lb_ind=11
mlofi_W60_lvl5=11
mlofi_W60_lvl9=11
wmp_lvl4=11
wmp_lvl7=11
dualz_spread1=11
dualz_spread10=11
dualz_cumspread=11
gofi_W5_lvl1=11
bid6=10
bsize5=10
ask1=10
wmp_lvl5=10
qrank_W100_totalbsize=10
cancel_imb_W20=10
bid4=9
ask6=9
mlofi_W20_lvl8=9
mlofi_W60_lvl6=9
ewma_a0.1_ca_intst=9
dualz_spread5=9
roll_eff_spr_ratio_W30=9
signed_bv_W20=9
bid2=8
ewma_a0.1_ma_intst=8
dualz_ma_intst=8
ewma_ofi_a0.1_lvl1=8
ewma_ofi_a0.05_lvl5=8
qrank_W100_lb_intst=8
rv_ratio_W20_W100=8
ask2=7
asize4=7
asize5=7
mlofi_W20_lvl1=7
mlofi_W20_lvl9=7
mlofi_W60_lvl7=7
wmp_balance_12=7
ewma_a0.3_ma_intst=7
qrank_W100_mb_intst=7
bid5=6
ask4=6
asize3=6
midprice1=6
wmp_lvl3=6
dualz_bsize_mean=6
ewma_ofi_a0.3_lvl1=6
ewma_ofi_a0.5_lvl1=6
ewma_ofi_a0.1_lvl10=6
gofi_W20_lvl8=6
gofi_W20_lvl9=6
jshare_W30=6
bid3=5
bsize10=5
ask3=5
asize2=5
mb_acc=5
midprice3=5
mlofi_W20_lvl7=5
mlofi_W20_lvl10=5
wmp_lvl2=5
rv_w5=5
ewma_ofi_a0.1_lvl5=5
ewma_ofi_a0.5_lvl5=5
ewma_ofi_a0.3_lvl10=5
qrank_W100_la_intst=5
gofi_W20_lvl1=5
gofi_W20_lvl4=5
bid1=4
ask5=4
midprice9=4
midprice10=4
mlofi_W20_lvl2=4
dualz_bsize1=4
qrank_W100_midprice=4
gofi_W20_lvl5=4
gofi_W20_lvl10=4
adapt_mom_W20=4
mb_ind=3
midprice2=3
midprice4=3
midprice7=3
mlofi_W20_lvl4=3
wmp_lvl1=3
ewma_a0.1_cb_intst=3
dualz_ask1=3
dualz_midprice10=3
dualz_totalbsize=3
dualz_asize_mean=3
dualz_lb_intst=3
signed_rv_W20=3
ewma_ofi_a0.5_lvl10=3
rskew_W20=3
gofi_W5_lvl5=3
gofi_W20_lvl6=3
trade_pers_W20=3
lb_acc=2
midprice8=2
spread8=2
ask_rate1=2
ask_rate10=2
mlofi_W5_lvl3=2
mlofi_W5_lvl4=2
mlofi_W5_lvl8=2
dualz_bid1=2
dualz_bid_mean=2
dualz_imbalance=2
jshare_W20=2
close=1
ma_acc=1
midprice5=1
midprice6=1
ask_diff9=1
ask_diff10=1
ask_rate2=1
asize_rate6=1
mlofi_W5_lvl6=1
mlofi_W20_lvl3=1
mlofi_W20_lvl6=1
ewma_a0.3_ca_intst=1
dualz_midprice1=1
dualz_midprice5=1
dualz_asize1=1
dualz_totalasize=1
dualz_mb_intst=1
dualz_ca_intst=1
dualz_ma_acc=1
kyle_inv_W100=1
ewma_ofi_a0.3_lvl5=1
qrank_W100_cb_intst=1
gofi_W5_lvl3=1
gofi_W5_lvl4=1
gofi_W5_lvl9=1
gofi_W20_lvl2=1
gofi_W20_lvl3=1
adapt_mom_W50=1
spread_reg_W50=1

parameters:
[boosting: gbdt]
[objective: regression]
[metric: l2]
[tree_learner: serial]
[device_type: gpu]
[data_sample_strategy: bagging]
[data: ]
[valid: ]
[num_iterations: 600]
[learning_rate: 0.05]
[num_leaves: 63]
[num_threads: 18]
[seed: 7]
[deterministic: 0]
[force_col_wise: 1]
[force_row_wise: 0]
[histogram_pool_size: -1]
[max_depth: -1]
[min_data_in_leaf: 100]
[min_sum_hessian_in_leaf: 0.001]
[bagging_fraction: 0.85]
[pos_bagging_fraction: 1]
[neg_bagging_fraction: 1]
[bagging_freq: 5]
[bagging_seed: 9]
[bagging_by_query: 0]
[feature_fraction: 0.7]
[feature_fraction_bynode: 1]
[feature_fraction_seed: 8]
[extra_trees: 0]
[extra_seed: 6516]
[early_stopping_round: 0]
[early_stopping_min_delta: 0]
[first_metric_only: 0]
[max_delta_step: 0]
[lambda_l1: 0]
[lambda_l2: 2]
[linear_lambda: 0]
[min_gain_to_split: 0]
[drop_rate: 0.1]
[max_drop: 50]
[skip_drop: 0.5]
[xgboost_dart_mode: 0]
[uniform_drop: 0]
[drop_seed: 15215]
[top_rate: 0.2]
[other_rate: 0.1]
[min_data_per_group: 100]
[max_cat_threshold: 32]
[cat_l2: 10]
[cat_smooth: 10]
[max_cat_to_onehot: 4]
[top_k: 20]
[monotone_constraints: ]
[monotone_constraints_method: basic]
[monotone_penalty: 0]
[feature_contri: ]
[forcedsplits_filename: ]
[refit_decay_rate: 0.9]
[cegb_tradeoff: 1]
[cegb_penalty_split: 0]
[cegb_penalty_feature_lazy: ]
[cegb_penalty_feature_coupled: ]
[path_smooth: 0]
[interaction_constraints: ]
[verbosity: -1]
[saved_feature_importance_type: 0]
[use_quantized_grad: 0]
[num_grad_quant_bins: 4]
[quant_train_renew_leaf: 0]
[stochastic_rounding: 1]
[linear_tree: 0]
[max_bin: 255]
[max_bin_by_feature: ]
[min_data_in_bin: 3]
[bin_construct_sample_cnt: 200000]
[data_random_seed: 10]
[is_enable_sparse: 1]
[enable_bundle: 1]
[use_missing: 1]
[zero_as_missing: 0]
[feature_pre_filter: 1]
[pre_partition: 0]
[two_round: 0]
[header: 0]
[label_column: ]
[weight_column: ]
[group_column: ]
[ignore_column: ]
[categorical_feature: ]
[forcedbins_filename: ]
[precise_float_parser: 0]
[parser_config_file: ]
[objective_seed: 15521]
[num_class: 1]
[is_unbalance: 0]
[scale_pos_weight: 1]
[sigmoid: 1]
[boost_from_average: 1]
[reg_sqrt: 0]
[alpha: 0.9]
[fair_c: 1]
[poisson_max_delta_step: 0.7]
[tweedie_variance_power: 1.5]
[lambdarank_truncation_level: 30]
[lambdarank_norm: 1]
[label_gain: ]
[lambdarank_position_bias_regularization: 0]
[eval_at: ]
[multi_error_top_k: 1]
[auc_mu_weights: ]
[num_machines: 1]
[local_listen_port: 12400]
[time_out: 120]
[machine_list_filename: ]
[machines: ]
[gpu_platform_id: -1]
[gpu_device_id: -1]
[gpu_use_dp: 0]
[num_gpu: 1]

end of parameters

pandas_categorical:null
