tree
version=v4
num_class=1
num_tree_per_iteration=1
label_index=0
max_feature_idx=364
objective=regression
feature_names=open high low close volume_delta amount_delta bid1 bid2 bid3 bid4 bid5 bid6 bid7 bid8 bid9 bid10 bsize1 bsize2 bsize3 bsize4 bsize5 bsize6 bsize7 bsize8 bsize9 bsize10 ask1 ask2 ask3 ask4 ask5 ask6 ask7 ask8 ask9 ask10 asize1 asize2 asize3 asize4 asize5 asize6 asize7 asize8 asize9 asize10 avgbid avgask totalbsize totalasize lb_intst la_intst mb_intst ma_intst cb_intst ca_intst lb_ind la_ind mb_ind ma_ind cb_ind ca_ind lb_acc la_acc mb_acc ma_acc cb_acc ca_acc midprice1 midprice2 midprice3 midprice4 midprice5 midprice6 midprice7 midprice8 midprice9 midprice10 spread1 spread2 spread3 spread4 spread5 spread6 spread7 spread8 spread9 spread10 bid_diff1 bid_diff2 bid_diff3 bid_diff4 bid_diff5 bid_diff6 bid_diff7 bid_diff8 bid_diff9 bid_diff10 ask_diff1 ask_diff2 ask_diff3 ask_diff4 ask_diff5 ask_diff6 ask_diff7 ask_diff8 ask_diff9 ask_diff10 bid_mean ask_mean bsize_mean asize_mean cumspread imbalance bid_rate1 bid_rate2 bid_rate3 bid_rate4 bid_rate5 bid_rate6 bid_rate7 bid_rate8 bid_rate9 bid_rate10 ask_rate1 ask_rate2 ask_rate3 ask_rate4 ask_rate5 ask_rate6 ask_rate7 ask_rate8 ask_rate9 ask_rate10 bsize_rate1 bsize_rate2 bsize_rate3 bsize_rate4 bsize_rate5 bsize_rate6 bsize_rate7 bsize_rate8 bsize_rate9 bsize_rate10 asize_rate1 asize_rate2 asize_rate3 asize_rate4 asize_rate5 asize_rate6 asize_rate7 asize_rate8 asize_rate9 asize_rate10 mlofi_W5_lvl1 mlofi_W5_lvl2 mlofi_W5_lvl3 mlofi_W5_lvl4 mlofi_W5_lvl5 mlofi_W5_lvl6 mlofi_W5_lvl7 mlofi_W5_lvl8 mlofi_W5_lvl9 mlofi_W5_lvl10 mlofi_W20_lvl1 mlofi_W20_lvl2 mlofi_W20_lvl3 mlofi_W20_lvl4 mlofi_W20_lvl5 mlofi_W20_lvl6 mlofi_W20_lvl7 mlofi_W20_lvl8 mlofi_W20_lvl9 mlofi_W20_lvl10 mlofi_W60_lvl1 mlofi_W60_lvl2 mlofi_W60_lvl3 mlofi_W60_lvl4 mlofi_W60_lvl5 mlofi_W60_lvl6 mlofi_W60_lvl7 mlofi_W60_lvl8 mlofi_W60_lvl9 mlofi_W60_lvl10 wmp_lvl1 wmp_lvl2 wmp_lvl3 wmp_lvl4 wmp_lvl5 wmp_lvl6 wmp_lvl7 wmp_lvl8 wmp_lvl9 wmp_lvl10 wmp_balance_12 rv_w5 rv_w10 rv_w20 rv_w50 ewma_a0.05_lb_intst ewma_a0.05_la_intst ewma_a0.05_mb_intst ewma_a0.05_ma_intst ewma_a0.05_cb_intst ewma_a0.05_ca_intst ewma_a0.1_lb_intst ewma_a0.1_la_intst ewma_a0.1_mb_intst ewma_a0.1_ma_intst ewma_a0.1_cb_intst ewma_a0.1_ca_intst ewma_a0.3_lb_intst ewma_a0.3_la_intst ewma_a0.3_mb_intst ewma_a0.3_ma_intst ewma_a0.3_cb_intst ewma_a0.3_ca_intst ewma_a0.5_lb_intst ewma_a0.5_la_intst ewma_a0.5_mb_intst ewma_a0.5_ma_intst ewma_a0.5_cb_intst ewma_a0.5_ca_intst dualz_spread1 dualz_spread5 dualz_spread10 dualz_cumspread dualz_bid1 dualz_ask1 dualz_bid_mean dualz_ask_mean dualz_midprice1 dualz_midprice2 dualz_midprice5 dualz_midprice10 dualz_bsize1 dualz_bsize_mean dualz_totalbsize dualz_asize1 dualz_asize_mean dualz_totalasize dualz_volume_delta dualz_amount_delta dualz_imbalance dualz_lb_intst dualz_la_intst dualz_mb_intst dualz_ma_intst dualz_cb_intst dualz_ca_intst dualz_lb_acc dualz_la_acc dualz_mb_acc dualz_ma_acc dualz_cb_acc dualz_ca_acc dualz_bid_diff1 signed_rv_W20 signed_rv_W50 signed_rv_W100 kyle_inv_W50 kyle_inv_W100 ewma_ofi_a0.05_lvl1 ewma_ofi_a0.1_lvl1 ewma_ofi_a0.3_lvl1 ewma_ofi_a0.5_lvl1 ewma_ofi_a0.05_lvl5 ewma_ofi_a0.1_lvl5 ewma_ofi_a0.3_lvl5 ewma_ofi_a0.5_lvl5 ewma_ofi_a0.05_lvl10 ewma_ofi_a0.1_lvl10 ewma_ofi_a0.3_lvl10 ewma_ofi_a0.5_lvl10 qrank_W100_amount_delta qrank_W100_volume_delta qrank_W100_imbalance qrank_W100_totalbsize qrank_W100_totalasize qrank_W100_lb_intst qrank_W100_la_intst qrank_W100_mb_intst qrank_W100_ma_intst qrank_W100_cb_intst qrank_W100_ca_intst qrank_W100_lb_acc qrank_W100_la_acc qrank_W100_mb_acc qrank_W100_ma_acc qrank_W100_midprice rskew_W20 rskew_W50 rskew_W100 gofi_W5_lvl1 gofi_W5_lvl2 gofi_W5_lvl3 gofi_W5_lvl4 gofi_W5_lvl5 gofi_W5_lvl6 gofi_W5_lvl7 gofi_W5_lvl8 gofi_W5_lvl9 gofi_W5_lvl10 gofi_W20_lvl1 gofi_W20_lvl2 gofi_W20_lvl3 gofi_W20_lvl4 gofi_W20_lvl5 gofi_W20_lvl6 gofi_W20_lvl7 gofi_W20_lvl8 gofi_W20_lvl9 gofi_W20_lvl10 gofi_W60_lvl1 gofi_W60_lvl2 gofi_W60_lvl3 gofi_W60_lvl4 gofi_W60_lvl5 gofi_W60_lvl6 gofi_W60_lvl7 gofi_W60_lvl8 gofi_W60_lvl9 gofi_W60_lvl10 vol_burst_W20 amt_burst_W20 vol_burst_W50 amt_burst_W50 mid_ewma_resid_a0.05 rv_ratio_W5_W50 rv_ratio_W20_W100 rv_ratio_W50_W100 jshare_W20 jshare_W30 jshare_W50 jshare_W100 cancel_imb_W20 cancel_imb_W50 cancel_imb_W100 roll_eff_spr_ratio_W30 roll_eff_spr_ratio_W50 adapt_mom_W20 adapt_mom_W50 adapt_mom_W100 ofi_tox_lvl1_W20 ofi_tox_lvl1_W50 ofi_tox_lvl5_W20 ofi_tox_lvl5_W50 signed_bv_W20 signed_bv_W50 signed_bv_W100 spread_reg_W20 spread_reg_W50 spread_reg_W100 trade_pers_W20 trade_pers_W50 trade_pers_W100 liq_asym_top5_W20 liq_asym_top5_W50 liq_asym_top5_W100 sec_norm sin_sess_pos cos_sess_pos is_open_30min is_close_30min is_pm
feature_infos=[-0.036680333316326141:0.030998392030596733] [-0.030474929139018059:0.12029463797807693] [-0.088937245309352875:0.02158418670296669] [-0.084395028650760651:0.11742939054965973] [0:0.071972303092479706] [0:18.726894378662109] [-0.087002575397491455:0.11847706884145737] [-0.091593191027641296:0.1191197857260704] [-0.091947995126247406:0.11835870891809464] [-0.09670402854681015:0.11729754507541656] [-0.095769740641117096:0.11637338250875473] [-0.09729207307100296:0.11529727280139923] [-0.10036677122116089:0.11506625264883041] [-0.10119994729757309:0.112991102039814] [-0.10714894533157349:0.11286395788192749] [-0.10840631276369095:0.1120171919465065] [2.4963921418930113e-07:3.8811063766479492] [6.1551912722279667e-07:0.14032444357872009] [6.1551912722279667e-07:0.08892243355512619] [3.0775956361139833e-07:0.08465663343667984] [2.9277285307216516e-07:0.08975306898355484] [3.0590883852710249e-06:0.092601947486400604] [3.2862144507816993e-06:0.089329168200492859] [6.4612311234668596e-07:0.087453752756118774] [2.1874441245017806e-06:0.16429160535335541] [5.1711487003558432e-07:0.085747189819812775] [-0.084835134446620941:0.11900672316551208] [-0.082708276808261871:0.11875986307859421] [-0.083251766860485077:0.11745550483465195] [-0.081958688795566559:0.11559955030679703] [-0.077764824032783508:0.118729367852211] [-0.082952015101909637:0.11519910395145416] [-0.077768698334693909:0.1178499162197113] [-0.080550298094749451:0.11714162677526474] [-0.079220496118068695:0.11920617520809174] [-0.079211816191673279:0.11807335913181305] [6.495280757690125e-08:0.15626330673694611] [3.0775956361139833e-07:0.15133093297481537] [2.8115604777667613e-07:0.26999330520629883] [2.7584502504396369e-07:0.2507818341255188] [2.8225878168086638e-07:0.35015380382537842] [2.9819227620464517e-07:0.40155541896820068] [2.87526034981056e-07:0.48368430137634277] [3.4932156722788932e-07:0.4467424750328064] [2.6578064193927275e-07:0.48326104879379272] [3.9602670653948735e-07:0.48834902048110962] [-0.10411997884511948:0.096463024616241455] [-1.1911457777023315:0.11936856061220169] [0.0067451768554747105:4.4833917617797852] [0:1.4454165697097778] [0:0.23543646931648254] [0:0.073964484035968781] [0:0.13371406495571136] [0:0.059766907244920731] [0:0.15181784331798553] [0:0.072473399341106415] [0:1.1999980211257935] [0:1.1999776363372803] [0:1.199985146522522] [0:1.1999878883361816] [0:1.1999988555908203] [0:1.1999647617340088] [-0.035067461431026459:0.033075414597988129] [-0.025751879438757896:0.0099778333678841591] [-0.033377237617969513:0.023932214826345444] [-0.022361360490322113:0.029698798432946205] [-0.032597534358501434:0.074691653251647949] [-0.028044752776622772:0.016308980062603951] [-0.084368914365768433:0.11951922625303268] [-0.085556730628013611:0.11860397458076477] [-0.085569344460964203:0.11842076480388641] [-0.088524781167507172:0.11760009825229645] [-0.087102159857749939:0.11658447980880737] [-0.085516944527626038:0.11387135088443756] [-0.088417612016201019:0.11519099771976471] [-0.083523772656917572:0.11397814750671387] [-0.088562563061714172:0.11248621344566345] [-0.086431115865707397:0.10965585708618164] [-1.1998590230941772:-0.79818576574325562] [-1.1995701789855957:-0.79420340061187744] [-1.1994129419326782:-0.79052376747131348] [-1.1992321014404297:-0.78587812185287476] [-1.1985194683074951:-0.78172391653060913] [-1.1988197565078735:-0.77709800004959106] [-1.1984211206436157:-0.77513951063156128] [-1.1985063552856445:-0.77139556407928467] [-1.197905421257019:-0.76704132556915283] [-1.1982170343399048:-0.7633545994758606] [-1.1998728513717651:-0.79818493127822876] [-1.1998100280761719:-0.79817163944244385] [-1.1998860836029053:-0.79814440011978149] [-1.1998640298843384:-0.79816842079162598] [-1.1999055147171021:-0.79820346832275391] [-1.1998213529586792:-0.79819768667221069] [-1.1998554468154907:-0.79816478490829468] [-1.1999017000198364:-0.79814755916595459] [-1.1998987197875977:-0.79817026853561401] [-1.1991870403289795:-0.78276538848876953] [-1.1999232769012451:-0.79820472002029419] [-1.1999185085296631:-0.79814368486404419] [-1.199889063835144:-0.79810863733291626] [-1.199802041053772:-0.79807806015014648] [-1.1999009847640991:-0.79741841554641724] [-1.1998751163482666:-0.79811644554138184] [-1.1998724937438965:-0.79805147647857666] [-1.1998779773712158:-0.79804426431655884] [-1.1998547315597534:-0.7967761754989624] [-1.1991790533065796:-0.78295320272445679] [3.2214231491088867:199.84294128417969] [3.2889258861541748:199.93586730957031] [-1.1999964714050293:-0.79635268449783325] [-1.199993371963501:-0.78958988189697266] [-14.332648277282715:-0.59127432107925415] [-4.2047185897827148:0.91595339775085449] [-1.2017477750778198:-0.79747241735458374] [-1.2020409107208252:-0.79839491844177246] [-1.2010735273361206:-0.79869836568832397] [-1.2018246650695801:-0.79548907279968262] [-1.2030736207962036:-0.79901021718978882] [-1.2019921541213989:-0.79748868942260742] [-1.2028275728225708:-0.7988286018371582] [-1.2035980224609375:-0.79920917749404907] [-1.2021694183349609:-0.79836702346801758] [-1.202612042427063:-0.79798102378845215] [-1.2022426128387451:-0.79910236597061157] [-1.2021796703338623:-0.7987629771232605] [-1.2017470598220825:-0.79862397909164429] [-1.2022236585617065:-0.79350244998931885] [-1.2025258541107178:-0.79892128705978394] [-1.2055511474609375:-0.79758793115615845] [-1.2023433446884155:-0.79833024740219116] [-1.201464056968689:-0.79846310615539551] [-1.2031586170196533:-0.79804182052612305] [-1.2035342454910278:-0.79840844869613647] [-0.11217829585075378:0.11755379289388657] [-0.085964269936084747:0.074085138738155365] [-0.071629039943218231:0.070309862494468689] [-0.070723742246627808:0.084306001663208008] [-0.072599500417709351:0.06495540589094162] [-0.068968914449214935:0.067549705505371094] [-0.06943058967590332:0.075312308967113495] [-0.071606867015361786:0.072351232171058655] [-0.065388351678848267:0.16690608859062195] [-0.068869560956954956:0.07559484988451004] [-0.10031657665967941:0.14408420026302338] [-0.093779660761356354:0.081368759274482727] [-0.24272452294826508:0.14506989717483521] [-0.21955206990242004:0.15454778075218201] [-0.25931781530380249:0.16195793449878693] [-0.086705058813095093:0.10686045140028] [-0.35631421208381653:0.37959113717079163] [-0.067046113312244415:0.22308726608753204] [-0.33816996216773987:0.089699387550354004] [-0.21512848138809204:0.25573784112930298] [-0.11731568723917007:0.14432807266712189] [-0.14036694169044495:0.15269435942173004] [-0.12816524505615234:0.220102459192276] [-0.12155979126691818:0.17371019721031189] [-0.13975523412227631:0.16314980387687683] [-0.16745646297931671:0.16858266294002533] [-0.13428813219070435:0.191976398229599] [-0.16168069839477539:0.15524367988109589] [-0.1395135372877121:0.19075305759906769] [-0.16967862844467163:0.17580594122409821] [-0.12169351428747177:0.19917945563793182] [-0.16360387206077576:0.26394438743591309] [-0.19641019403934479:0.22666901350021362] [-0.17181466519832611:0.23774911463260651] [-0.16445587575435638:0.22070161998271942] [-0.15651947259902954:0.24590344727039337] [-0.22265493869781494:0.32071328163146973] [-0.26750779151916504:0.32246890664100647] [-0.24517478048801422:0.26006129384040833] [-0.24959775805473328:0.31031405925750732] [-0.16454537212848663:0.37655982375144958] [-0.19654342532157898:0.45347431302070618] [-0.2057315856218338:0.43469974398612976] [-0.23664166033267975:0.44730326533317566] [-0.25006780028343201:0.34991914033889771] [-0.28627887368202209:0.37965381145477295] [-0.28041991591453552:0.41029340028762817] [-0.28035598993301392:0.36942920088768005] [-0.34609320759773254:0.35551905632019043] [-0.31714516878128052:0.38697600364685059] [-0.084151200950145721:0.11576978862285614] [-0.085635475814342499:0.11387819796800613] [-0.087241485714912415:0.11373360455036163] [-0.086584329605102539:0.11389327794313431] [-0.093548774719238281:0.11212189495563507] [-0.091464154422283173:0.10915900021791458] [-0.091814585030078888:0.11333046853542328] [-0.092189863324165344:0.1112566739320755] [-0.097363896667957306:0.11313839256763458] [-0.097743064165115356:0.11006750166416168] [-0.0080409161746501923:0.0077690198086202145] [0:0.020555872470140457] [0:0.021222250536084175] [0:0.028052426874637604] [0:0.031294077634811401] [4.5500172518586623e-07:0.1549164354801178] [0:0.0058254729956388474] [0:0.013078830204904079] [1.1368842223191677e-07:0.018158968538045883] [2.0308959847170627e-07:0.15645052492618561] [0:0.0045412499457597733] [1.7433977816949664e-08:0.3313845694065094] [0:0.010629363358020782] [0:0.021249240264296532] [7.0668884077917937e-09:0.02527536079287529] [2.3676263172234258e-09:0.25088721513748169] [0:0.0063028139993548393] [7.9921090700833287e-15:0.58551228046417236] [0:0.023566117510199547] [0:0.046385832130908966] [4.5678792779529909e-15:0.023899154737591743] [2.9488970742939537e-19:0.42991039156913757] [0:0.015565120615065098] [2.8148683078425272e-24:0.96558284759521484] [0:0.038082420825958252] [0:0.071647405624389648] [4.5251904578179654e-23:0.033201407641172409] [6.2993155343192777e-33:0.72366040945053101] [0:0.029360327869653702] [-6.6916818618774414:5.5203604698181152] [-6.6656866073608398:5.6443123817443848] [-6.551642894744873:5.7131638526916504] [-6.7627711296081543:5.920957088470459] [-6.6824932098388672:6.3248910903930664] [-6.6488709449768066:6.7085990905761719] [-6.7620410919189453:6.6581039428710938] [-6.5317397117614746:6.6685285568237305] [-6.639556884765625:6.6887540817260742] [-6.6566691398620605:6.4933896064758301] [-6.6987195014953613:6.6465368270874023] [-6.6566610336303711:6.4953985214233398] [-6.1455707550048828:6.3740825653076172] [-6.3520102500915527:6.921384334564209] [-5.9277896881103516:5.6156516075134277] [-6.6229124069213867:5.8685870170593262] [-6.2648558616638184:6.3112897872924805] [-6.1336803436279297:6.5516796112060547] [-6.5327973365783691:4.989494800567627] [-6.5389575958251953:4.9060721397399902] [-5.5119609832763672:5.8586864471435547] [-6.5335178375244141:5.1492643356323242] [-6.5657038688659668:5.3600044250488281] [-6.503023624420166:5.3730196952819824] [-6.4757370948791504:5.3091640472412109] [-6.4570302963256836:5.4625210762023926] [-6.4707808494567871:5.3642687797546387] [-6.4783873558044434:6.4046535491943359] [-6.4634366035461426:6.652961254119873] [-6.5825490951538086:6.4790940284729004] [-6.6179499626159668:6.420501708984375] [-6.409034252166748:6.6665859222412109] [-6.3678264617919922:6.4932971000671387] [-6.6568946838378906:5.4364719390869141] [-1.1998690366744995:1.1997866630554199] [-1.1998065710067749:1.1983418464660645] [-1.1998084783554077:1.1996873617172241] [0:24048188] [0:24160804] [-0.066233552992343903:0.12429157644510269] [-0.092313870787620544:0.15228638052940369] [-0.11204548180103302:0.17167404294013977] [-0.13226757943630219:0.18221861124038696] [-0.083613969385623932:0.14221780002117157] [-0.12918691337108612:0.17478518187999725] [-0.15937872231006622:0.19672742486000061] [-0.15924321115016937:0.21815556287765503] [-0.13354212045669556:0.1473124772310257] [-0.17353908717632294:0.21081914007663727] [-0.22742311656475067:0.2731015682220459] [-0.27159824967384338:0.27049437165260315] [0.008034917525947094:1.1998434066772461] [0.0080101471394300461:1.1997014284133911] [0.0080028064548969269:1.1996701955795288] [0.0080009307712316513:1.1998456716537476] [0.0080033717676997185:1.1999748945236206] [0.0087973671033978462:1.199709415435791] [0.0080176517367362976:1.1996150016784668] [0.0085362065583467484:1.1998573541641235] [0.0081679858267307281:1.1999744176864624] [0.0099999997764825821:1.1997942924499512] [0.0082147307693958282:1.1994825601577759] [0.0080005507916212082:1.1996915340423584] [0.0080130482092499733:1.1996027231216431] [0.0080014970153570175:1.1995550394058228] [0.0080002909526228905:1.1999773979187012] [0.0080001940950751305:1.1999939680099487] [-4.9545063972473145:4.9543313980102539] [-8.2248449325561523:8.2164144515991211] [-11.816510200500488:11.814054489135742] [-0.12464238703250885:0.14432807266712189] [-0.12884368002414703:0.17448607087135315] [-0.13206322491168976:0.19351035356521606] [-0.12302523851394653:0.17371019721031189] [-0.13975523412227631:0.20347481966018677] [-0.17374667525291443:0.16858266294002533] [-0.15376552939414978:0.17608152329921722] [-0.16168069839477539:0.16584025323390961] [-0.14126273989677429:0.16609369218349457] [-0.16967862844467163:0.17392547428607941] [-0.13917054235935211:0.18529920279979706] [-0.15451192855834961:0.28712218999862671] [-0.1800742894411087:0.22134038805961609] [-0.15660502016544342:0.23774911463260651] [-0.15828990936279297:0.20740039646625519] [-0.16348209977149963:0.2657754123210907] [-0.22796344757080078:0.31647121906280518] [-0.24474751949310303:0.29111555218696594] [-0.23938827216625214:0.30960607528686523] [-0.26452556252479553:0.2797781229019165] [-0.17000432312488556:0.36530804634094238] [-0.19654342532157898:0.46291288733482361] [-0.2057315856218338:0.43469974398612976] [-0.23664166033267975:0.44730326533317566] [-0.2377982884645462:0.34991914033889771] [-0.27084329724311829:0.37965381145477295] [-0.28041991591453552:0.36859315633773804] [-0.29296943545341492:0.34197935461997986] [-0.31584575772285461:0.32456797361373901] [-0.28756949305534363:0.34000438451766968] [0:22.782014846801758] [0:23.322114944458008] [0:50.162860870361328] [0:49.825157165527344] [-0.014063103124499321:0.016708070412278175] [0:1.1999064683914185] [0:1.1998056173324585] [0:1.1998765468597412] [0:1.1999737024307251] [0:1.1999815702438354] [0:1.1999993324279785] [0:1.1997482776641846] [-1.1246598958969116:1.1308166980743408] [-0.95496678352355957:1.0640039443969727] [-0.7827143669128418:1.0632392168045044] [0:11.99493408203125] [0:11.997016906738281] [-7.2952537536621094:7.5397396087646484] [-10.30845832824707:10.571439743041992] [-11.98973274230957:11.991757392883301] [-1.1841546297073364:1.1684720516204834] [-1.1592260599136353:1.1721466779708862] [-1.1979730129241943:1.1996515989303589] [-1.199670672416687:1.1988177299499512] [-5.0516700744628906:10.860958099365234] [-4.7696852684020996:10] [-1.130422830581665:1.1888426542282104] [-11.936484336853027:11.971697807312012] [-10.043170928955078:11.99761962890625] [-6.4000000953674316:11.94118595123291] [-1.0288163423538208:1.0029358863830566] [-1.0079050064086914:0.83729767799377441] [-0.97065263986587524:0.76871883869171143] [-1.7797256708145142:1.400266170501709] [-2.3110549449920654:1.8887729644775391] [-2.09708571434021:2.2149171829223633] [0.039795756340026855:1.1624941825866699] [-1.1999044418334961:1.1988586187362671] [-1.1998106241226196:1.1783562898635864] [0:1.1999980211257935] [0:1.1999963521957397] [0:1.1999921798706055]
tree_sizes=7495 7573 7562 7585 7576 7555 7528 7559 7600 7545 7589 7543 7546 7531 7570 7587 7540 7557 7595 7565 7521 7536 7535 7541 7548 7579 7561 7581 7573 7551 7562 7533 7524 7554 7513 7502 7554 7571 7547 7570 7503 7541 7538 7534 7521 7535 7547 7600 7576 7551 7525 7558 7520 7590 7576 7554 7540 7568 7554 7559 7555 7570 7545 7560 7541 7556 7576 7541 7562 7571 7560 7538 7571 7551 7558 7568 7564 7567

Tree=0
num_leaves=63
num_cat=0
split_feature=219 59 51 52 293 279 218 52 293 219 53 276 52 46 52 364 262 211 53 35 204 198 327 109 276 2 0 6 227 276 217 0 144 360 279 217 270 218 53 49 48 199 211 198 193 313 170 49 44 271 15 260 204 30 46 52 198 15 220 16 334 151
split_gain=0.0899733 0.0361704 0.0345514 0.0256054 0.0215712 0.0109678 0.0108657 0.0107607 0.00848071 0.00829536 0.00824739 0.00821174 0.00762928 0.00703571 0.00666721 0.00652504 0.0061561 0.00557333 0.00546351 0.00536429 0.00574955 0.00460522 0.00430977 0.0037829 0.00370126 0.00366382 0.00398859 0.0060307 0.00376685 0.00352337 0.00347233 0.0033985 0.00338549 0.00379845 0.00336493 0.00328661 0.00320446 0.00313726 0.00311915 0.00305935 0.00303798 0.00596646 0.00301197 0.00297957 0.00470897 0.0039685 0.00316824 0.00292763 0.00291757 0.00332544 0.00275497 0.00267256 0.00470505 0.00323054 0.00387179 0.0026584 0.00256883 0.00252267 0.00252129 0.00250998 0.00248142 0.00239527
threshold=0.00012484668695833537 1.0000000180025095e-35 0.00021237706096144396 0.00075452413875609647 6.2731098296353607e-05 0.56707149744033825 0.00013245789159554991 3.7038590789961749e-06 0.000388062238926068 0.0017898385995067658 7.3036364483414231e-05 0.1867853328585625 3.7027255075372527e-06 0.016880244947969917 0.0014088092721067371 1.0000000180025095e-35 0.014700619503855707 5.4455902500194504e-05 1.0000000180025095e-35 0.064650774002075209 0.0010817077709361913 0.0078178048133850115 -0.0015160567127168176 11.013067722320558 0.4400062114000321 0.0012745967833325269 -0.01476275874301791 0.062774624675512328 0.39539454877376562 0.34748621284961706 3.4730437619145966e-05 0.011900587007403375 inf -0.14711481332778928 0.63000074028968822 0.00019811769016087058 0.022871694527566436 4.6554656364605769e-05 0.00012311113823670897 0.17595250904560092 0.20978262275457385 0.00072151338099502038 4.8666317525203347e-05 0.0078178048133850115 0.011576622724533083 0.028637629002332691 0.0085623795166611689 0.36462765932083135 0.030631730332970623 0.029075591824948791 0.014492941088974478 1251038.9375000002 0.0010817077709361913 0.021697683259844783 -0.016637731343507763 0.0091404188424348849 0.0065005377400666484 0.039425780996680267 0.00047262904990930116 0.0050937475170940169 0.23976995050907138 inf
decision_type=2 2 2 2 2 2 2 2 2 2 2 2 2 2 2 2 2 2 2 10 2 2 2 10 2 2 2 2 2 2 2 2 8 2 2 2 2 2 2 2 2 2 2 2 2 2 2 2 10 2 2 2 2 10 2 2 2 2 2 2 2 8
left_child=1 4 3 7 11 10 17 61 22 35 -4 59 29 16 38 36 25 -3 30 39 47 -17 -9 -20 -14 26 51 -28 -29 -6 -13 37 -19 -34 -24 -5 -15 50 -7 -18 41 -33 -25 48 -45 46 -46 -21 -16 -50 -10 52 53 -12 -55 -11 -39 -58 -8 -1 -47 -2
right_child=2 6 5 9 12 14 58 8 31 55 13 18 24 15 43 21 19 32 23 20 -22 -23 34 42 -26 -27 27 28 -30 -31 -32 40 33 -35 -36 -37 -38 56 -40 -41 -42 -43 -44 44 45 60 -48 -49 49 -51 -52 -53 -54 54 -56 -57 57 -59 -60 -61 -62 -63
leaf_value=8.7247356462674103e-05 9.0896629431212655e-05 6.5446994320208211e-05 9.2731416907410345e-05 0.0001174483797253974 9.4805909385094447e-05 0.00010308498425942238 5.7700786001668136e-05 0.00013054060574088519 0.0001212417359698765 0.00016163262812708744 6.6458455857091285e-05 7.7789040815323042e-05 0.00010805608136986269 -8.528126080768575e-05 0.00013268926687971761 7.9803214616532887e-05 0.00029440270352045763 8.1454985049829746e-05 5.7724276408727563e-05 -4.3312091110439595e-05 0.00047018577132579829 -0.00017079425581819572 9.3022876777853301e-05 6.8456077800168756e-05 9.4095715735349826e-05 0.00010389221610062135 5.565611044437684e-05 -0.00014185153413419994 0.00015694056714122393 8.4693666796378824e-05 8.6857717160238434e-05 0.0001623950576159422 7.9265756937834373e-05 -0.00038312588217947791 0.0001081581931915897 0.00014141776222911415 -0.00034287227714996658 0.00011136455292207905 8.2098959337089354e-05 7.7207755552559354e-05 8.037881080272251e-05 0.00039125958092185888 8.1451292859471296e-05 -0.00018995246604826716 8.3129257639759634e-05 0.00032347044008335736 -0.00018761599036450479 0.00023432389527648618 0.00018189651049585137 0.00046814209461948256 0.00014887448499501286 0.00017591531431511353 -0.00013079309632236147 0.00041207542650319959 0.000131331925662985 0.00021829339483131293 8.7451382219647886e-05 -6.6261213143891407e-05 3.9734105188693818e-05 0.00010387881919437378 9.4661506068652513e-05 -7.8996342510685044e-05
leaf_weight=170309.97488510609 86156.563931584358 129193.2681068182 34191.329154968262 28463.158397674561 144601.59545576572 33936.544976234436 58269.655029296875 12830.757476806641 59765.681652903557 13276.40087890625 2010.3631602525711 303914.24593830109 96408.933482527733 785.15377819538116 11437.757999897003 1264.8248900175095 176.35393667221069 102009.76052093506 41213.387034416199 127.08478355407715 217.60101318359375 212.43721008300781 76104.26335144043 95474.546325683594 93551.158660888672 4686.7191447019577 43678.957283616066 598.52856743335724 126.9925354719162 213054.20449829102 161722.05355072021 3514.3793044090271 95.333674430847168 81.278141975402832 70966.885953903198 28763.779590606689 142.52421569824219 59186.622269749641 37016.706473350525 1781.0547471046448 932.82694864273071 308.26115417480469 83662.674163818359 166.96477520465851 341.50418531894684 215.81160235404968 156.11239671707153 359.11712837219238 443.21750974655151 130.46363830566406 10626.46710395813 1001.8113899230957 237.71994781494141 150.68261325359344 632.13129472732544 2456.44970703125 833.97354507446289 390.56917953491211 29383.847290039062 26169.591735839844 260.13938903808594 205.9660233259201
leaf_count=174650 83032 133423 30752 27024 153630 31932 57072 11074 57206 11234 1729 322042 97297 619 9784 1078 131 103188 44567 101 156 167 71751 94071 93425 3900 37963 475 99 221112 165983 2941 147 75 68273 25384 113 53931 32926 1491 831 227 80021 133 264 163 121 285 372 92 9155 834 185 108 485 1975 667 308 27667 29891 204 204
internal_value=8.77316e-05 8.18917e-05 0.000103913 0.0001112 8.52878e-05 8.51349e-05 6.66688e-05 0.000106013 0.000110551 0.00013834 7.3242e-05 8.04504e-05 9.30832e-05 6.17906e-05 9.81981e-05 -2.19104e-05 6.54028e-05 7.23484e-05 7.78691e-05 0.000139588 0.000257763 4.34653e-05 0.000102751 7.13825e-05 0.000101181 6.16847e-05 5.76003e-05 5.32765e-05 -8.95056e-05 8.87821e-05 8.09387e-05 0.000119751 8.1074e-05 -0.00013642 0.000100326 0.000129497 -0.000125698 0.000118241 9.21366e-05 9.69671e-05 0.000161267 0.000181 7.45251e-05 0.000130893 5.37086e-05 9.59796e-05 -2.57122e-06 0.000161515 0.000138227 0.000248088 0.000125415 0.000105204 8.17888e-05 0.000100024 0.000186061 0.000170495 0.000109881 3.82534e-05 5.16769e-05 8.94627e-05 0.000198963 9.04876e-05
internal_weight=2.38039e+06 1.74912e+06 631270 454783 1.43008e+06 176487 319033 381823 295461 72959.8 92381.4 882466 547616 58190.1 84105.2 2404.94 55785.1 231380 685987 2661.21 703.803 1477.26 159902 220351 189960 53123.9 48437.2 44404.5 725.521 357656 465636 135559 102186 176.612 147071 57226.9 927.678 130803 70953.3 1957.41 4755.47 3822.64 179137 13152 1140.53 973.568 497.617 486.202 12011.4 573.681 70392.1 4032.71 3030.9 2793.18 782.814 15732.9 60411.2 1224.54 87653.5 196480 475.951 86362.5
internal_count=2380140 1798261 581879 425217 1476689 156662 321572 359600 276364 65617 80671 911225 565464 49919 75991 1977 47942 236833 706684 2164 542 1245 151098 218659 190722 45778 41878 38537 574 374742 488025 125266 103410 222 140024 52408 732 121267 64858 1622 3999 3168 174092 11133 885 752 385 386 10248 464 66361 3341 2507 2322 593 13209 54906 975 84739 204541 367 83236
is_linear=0
shrinkage=1


Tree=1
num_leaves=63
num_cat=0
split_feature=219 56 59 51 293 219 218 16 36 276 218 9 198 49 178 361 276 211 40 292 59 211 0 360 258 43 339 204 358 292 16 219 219 198 348 292 217 48 36 354 292 358 1 213 51 208 16 337 321 41 256 185 219 59 0 361 45 346 46 202 187 0
split_gain=0.0814544 0.0391833 0.0316332 0.0204098 0.0183039 0.014332 0.00946989 0.00899953 0.00742083 0.00733977 0.00678135 0.00659916 0.00899465 0.0131544 0.00747923 0.00645824 0.00624269 0.00613101 0.00576542 0.00533722 0.00514212 0.00449575 0.00438992 0.00410446 0.00615395 0.00406982 0.00493977 0.00607947 0.00444105 0.00624743 0.00384654 0.00382314 0.00362504 0.00396655 0.00414576 0.00508551 0.00342658 0.00361296 0.003369 0.00336721 0.00329932 0.00327514 0.00325822 0.00319312 0.00312526 0.00306908 0.00306024 0.00305532 0.00304487 0.00302345 0.00299635 0.00516042 0.00298285 0.00285761 0.00274711 0.00347703 0.0025537 0.00252829 0.00250971 0.00306304 0.0024613 0.00245141
threshold=0.00011243461995036343 1.0000000180025095e-35 1.0000000180025095e-35 0.00014607272896682846 6.2731098296353607e-05 0.00099462899379432223 8.7232067016884698e-05 0.0038909061113372449 0.0061638124752789744 0.17721280455589297 0.00016323231102433058 0.054633663967251785 0.0078178048133850115 0.29493156075477606 0.022408651188015941 -0.87172597646713246 0.21000423282384875 4.1330909880343831e-05 0.0024588909000158314 -2.3854011297225948 0.81111684441566478 4.7969491788535386e-05 0.011900587007403375 0.20391947031021121 0.45255477726459509 0.00041112974577117717 0.97978243231773388 0.00072426442056894313 0.10972860455513002 0.36789828538894659 0.0053218360990285882 0.00032960240787360823 0.0034865305060520773 0.0078178048133850115 0.051181865856051452 0.63539087772369396 4.2956100514857105e-05 0.072237890213727965 0.021873706951737407 0.044073501601815231 2.1255477666854863 -0.04654343053698539 0.067955501377582564 0.000778786896262318 3.0775097911828204e-05 0.0019725407473742966 0.00028316331736277794 0.10843545198440553 0.0062839526217430839 0.044893598183989532 0.014435875229537489 0.06934132426977159 0.00029526250727940356 0.80340230464935314 -0.0099997236393392069 -0.20586258172988889 0.0045340678188949832 -0.071567766368389116 0.0036710808053612713 0.0017254092963412406 0.010606125928461553 -0.0063654405530542127
decision_type=2 2 2 2 2 2 2 2 8 2 2 2 2 2 2 2 2 2 10 2 2 2 2 2 2 10 2 2 2 2 2 2 2 2 2 2 2 2 8 2 2 2 2 2 2 2 2 2 2 10 2 2 2 2 2 2 8 2 2 2 2 2
left_child=2 3 4 9 8 10 21 11 17 18 52 20 14 41 15 40 -6 42 38 -17 -5 -4 32 -24 -25 -9 50 49 29 43 56 53 33 -7 -35 -36 -18 -38 -2 -16 -13 -14 46 -29 -19 -23 -1 54 -15 61 -27 -52 -3 -11 55 -21 -10 -26 -22 -60 -44 -28
right_child=1 5 6 7 16 22 -8 25 30 31 -12 12 13 48 39 19 36 44 -20 47 58 45 23 24 57 26 27 28 -30 -31 -32 -33 -34 34 35 -37 37 -39 -40 -41 -42 -43 60 -45 -46 -47 -48 -49 -50 -51 51 -53 -54 -55 -56 -57 -58 -59 59 -61 -62 -63
leaf_value=-1.3111216193660185e-05 1.9407300499395762e-05 2.6416128817199165e-05 -2.0737487303238859e-05 -3.0402941101930892e-06 1.299619273211958e-05 5.213044684159151e-05 -3.1895661345219079e-05 -4.9463187724773278e-05 -1.3260549518596185e-05 8.5217391260922333e-06 1.1627785096756309e-05 7.1308618331093103e-05 -0.00050543344302875204 -0.00014257180784053606 -0.00018189549986952219 -0.0003436175282350604 -4.7035954176026063e-06 4.293197611799941e-06 4.9134841213279814e-05 -6.8200995430424264e-05 -2.7021337908215061e-05 -5.2182845271223988e-06 4.5460674559413287e-05 0.00011298862148335582 0.00023988426178048314 2.0050024089282404e-05 9.6190619960960578e-05 0.00017296181081120378 -2.2224746764236026e-05 6.3336392820416716e-05 -1.2733714280294317e-05 1.9488858606649768e-05 9.1265145273846935e-05 5.1518649432536716e-05 5.7228573941118069e-05 -0.00032671619554305409 1.2095718384363708e-05 -7.6490817469242051e-07 -0.00024328345673993218 -2.5347147932191968e-05 0.00033313768800656785 -0.00025100132874279621 -0.00014537608882416581 0.0004603042671405095 -5.7211011395645536e-06 -0.00026236095936688677 -4.8067148406642717e-06 -0.00015519096916278937 8.3653794758002404e-05 0.00026261343643734707 -2.200380380423845e-05 -0.00033022626155663787 4.1936510684045873e-05 -8.9359947798472789e-06 -2.5251300874830996e-05 0.00020592921347754121 -4.2560261302508438e-05 0.0005090687346980731 1.1674790824325444e-05 0.00025705175556954563 -3.6266577876131619e-05 -1.8836295561797619e-06
leaf_weight=211014.76198744774 53729.79252409935 78582.714094400406 105033.96838927269 88993.7741959095 158593.88378143311 27500.155303955078 112490.7138671875 1988.3760232925415 10795.920295715332 119446.723264575 55357.213684082031 787.34801924228668 241.30615413188934 286.50753474235535 1073.346895813942 131.7696887254715 149515.51010131836 176709.16738891602 22112.373306274414 186.7032219171524 40708.69241976738 90722.323066711426 737.75978815555573 713.66448414325714 194.85660171508789 18897.123980164528 947.91311323642731 150.02169930934906 197.01516723632812 287.62644875049591 63237.121459960938 66911.650512695312 6204.75537109375 377.01571500301361 136.49706721305847 229.84402930736542 100466.71684265137 119644.9769744873 120.34187698364258 505.76832187175751 140.46007144451141 280.39462280273438 579.71891522407532 289.10420179367065 139339.34384155273 114.18754577636719 233907.31909561157 400.78052878379822 305.13800179958344 145.41570663452148 1185.6375430822372 151.41954040527344 51101.785949707031 29161.798219799995 3906.1949532032013 298.69192814826965 23915.824600219727 166.92185425758362 2297.5907573699951 132.65130615234375 4666.0796382427216 1934.951220870018
leaf_count=211536 50518 74814 109209 79134 166695 23881 109619 1857 11822 114440 50227 641 186 231 857 105 156523 177550 22193 151 36569 92437 614 544 151 18191 812 117 167 221 76573 61197 5085 295 103 183 96429 127036 119 417 97 220 492 207 136144 113 249686 338 234 106 1014 125 46821 27892 3196 215 25645 125 1925 108 4272 1716
internal_value=3.34692e-09 1.46347e-05 -5.84351e-06 6.29235e-06 -2.63448e-06 3.1912e-05 -2.03336e-05 -7.65324e-06 -7.11647e-06 1.42751e-05 2.62788e-05 -1.26622e-05 -5.52431e-05 -0.000187651 -3.53601e-05 -9.28653e-06 4.69801e-06 -5.45982e-06 2.76394e-05 -3.20959e-05 -9.90785e-06 -1.3693e-05 6.06553e-05 0.000136463 0.00019869 1.92665e-05 2.49204e-05 7.60357e-05 0.00018818 0.000245124 -2.00754e-05 9.56456e-06 5.66575e-05 4.90487e-05 -6.47942e-05 -0.000184126 1.1375e-06 5.10519e-06 1.88112e-05 -0.000131851 0.000111578 -0.000370167 -9.20738e-06 0.000363367 -1.21911e-07 -5.5473e-06 -8.74536e-06 -2.33906e-05 -2.60084e-05 4.17247e-05 1.49303e-05 -5.73506e-05 3.25324e-05 5.09589e-06 -1.12973e-05 0.00010064 -3.34489e-05 0.0003662 -2.40745e-05 2.52687e-05 -4.83752e-05 3.04084e-05
internal_weight=2.38039e+06 679638 1.70075e+06 458334 1.39239e+06 221303 308361 166852 864165 291483 185042 140677 8544.41 1113.35 7431.06 5851.95 528221 766216 75962.5 4924.14 132133 195870 36261.5 1813.2 1075.44 26174.6 24186.2 3952.05 923.768 726.752 97948.9 215520 34448.3 28243.5 743.357 366.341 369627 220112 53850.1 1579.12 927.808 521.701 450168 439.126 316049 90836.5 444922 4792.37 591.646 3028.28 20234.2 1337.06 129685 148609 4391.59 485.395 34711.7 361.778 43138.9 2430.24 5245.8 2882.86
internal_count=2380140 628359 1751781 425516 1440403 202843 311378 149157 893720 276359 171862 124624 6888 871 6017 4743 546683 779680 72830 4005 117736 201759 30981 1434 820 24533 22676 3346 712 545 114040 203529 29547 24462 581 286 379988 223465 50637 1274 738 406 465986 324 313694 92550 461222 3900 465 2634 19330 1139 121635 142332 3562 366 37467 276 38602 2033 4764 2528
is_linear=0
shrinkage=0.05


Tree=2
num_leaves=63
num_cat=0
split_feature=52 293 50 53 53 51 276 26 337 219 154 57 327 36 52 327 51 281 48 48 219 211 36 292 317 52 198 211 44 278 53 35 219 14 198 48 46 202 262 262 292 354 317 53 46 108 322 334 219 198 218 334 199 327 293 344 276 198 333 276 113 357
split_gain=0.0735206 0.032742 0.0298756 0.0199667 0.0199226 0.0113414 0.0111835 0.00999545 0.0110935 0.0102595 0.00791085 0.00702879 0.0100712 0.00628507 0.00628396 0.00619366 0.00574296 0.00544511 0.00537223 0.00504236 0.00480138 0.00459758 0.00444991 0.0043065 0.00528245 0.00427889 0.00419541 0.0041719 0.00399456 0.00420299 0.00388408 0.00367897 0.00342812 0.00320781 0.0102989 0.00389334 0.00372227 0.00493711 0.00706892 0.00312822 0.00308139 0.00347837 0.00352561 0.00304 0.00300405 0.00382803 0.00858093 0.00615908 0.00288448 0.0028128 0.00281252 0.00274991 0.00274262 0.00272736 0.00269398 0.00266475 0.00262957 0.00254907 0.0026486 0.00254757 0.00240265 0.00268162
threshold=9.2330184997990741e-05 1.2615882114141458e-19 0.00025519618066027766 4.8690908442949883e-05 3.4454486694812662e-06 0.00021237706096144396 0.44759121537208563 0.063070852309465422 0.12349491193890573 0.00064910040237009536 0.0002864883426809684 1.0000000180025095e-35 0.0037737713428214197 0.0061638124752789744 1.0000000180025095e-35 0.0015784452552907171 0.00037699571112170821 0.4100001603364945 0.093282513320446028 0.063859205693006529 1.1226725291635377e-05 5.9362637330195873e-05 0.0054213826078921565 1.5287809967994692 0.012615226674824955 0.0091404188424348849 0.0065005377400666484 5.6011103879427544e-05 0.00023573226644657555 0.09794285893440248 6.6724125645123436e-05 0.0737581141293049 0.00032960240787360823 0.046459320932626731 0.0078178048133850115 0.093282513320446028 0.0027402333216741685 0.0011052283225581052 0.005317564820870758 0.0068020224571228036 1.8810546398162844 0.15704410523176196 0.022394065745174888 0.00027636480808723723 -0.0066468748264014712 84.665023803710952 0.024038617499172691 0.25655433535575872 0.00069532994530163716 0.0078178048133850115 0.00022442000772571194 0.083546999841928496 0.0014182574232108893 0.001274764887057245 0.00040741206612437969 0.00690969335846603 0.38875213265419012 0.0065005377400666484 0.28777976334095007 0.17001016438007358 0.15895234793424609 -0.10082842037081717
decision_type=2 2 2 2 2 2 2 8 2 2 2 2 2 8 2 2 2 2 2 2 2 2 10 2 2 2 2 2 10 2 2 10 2 2 2 2 2 2 2 2 2 2 2 2 2 2 2 2 2 2 2 2 2 2 2 2 2 2 2 2 2 2
left_child=1 4 3 10 20 32 14 9 17 19 48 12 13 27 -3 49 25 -9 26 -4 -1 -8 30 24 -20 44 -19 -6 -25 -30 -23 53 -5 36 40 -36 -7 -38 -39 -33 41 42 -35 -13 -11 -46 -47 -48 -2 -10 -21 -43 -37 -18 -16 -24 -15 58 -55 -22 61 -26
right_child=2 6 7 5 11 33 21 8 15 16 -12 43 -14 56 54 -17 31 18 23 50 59 22 55 28 60 -27 -28 -29 29 -31 -32 39 -34 34 35 52 37 38 -40 -41 -42 51 -44 -45 45 46 47 -49 -50 -51 -52 -53 -54 57 -56 -57 -58 -59 -60 -61 -62 -63
leaf_value=-9.1446571800288855e-06 1.0124673678588478e-05 3.7842802525444362e-06 4.5235517161203757e-05 5.2983659855154961e-07 -1.703463366404525e-05 -1.9060042130920013e-05 -9.3168403357619237e-06 -0.00011630089651089933 -3.1376429210687837e-05 5.3253258661426628e-05 3.1777009365104325e-05 -2.3396444422037465e-05 -0.00044021480779193168 -8.4570425745922303e-06 9.8401195939923959e-06 -0.00057708349148740453 3.8342166265264103e-05 -1.7090582034689041e-05 5.9075612090179742e-05 2.6625084589066237e-05 9.9037667597194005e-06 8.4023890709950754e-06 -5.9976405417627375e-06 -7.9700128033329719e-05 5.5130374798314437e-05 0.00013732960348969214 -0.00040125740245182916 -4.4872710110999569e-06 0.00040583210851175239 9.9850641406350288e-05 -6.7694792812383295e-06 1.9479797917316978e-05 1.901550608360343e-05 -3.7722640782441806e-05 -0.00037035383864709006 -3.1677350771268824e-06 4.9282033232080533e-06 -1.9721659205699795e-05 0.0002979386152121973 0.00026221682370121331 0.00012964939749442021 0.00026873192050692792 -0.00016895902124911468 -3.9670122977596562e-05 6.2724100718717306e-05 8.9092677127582934e-05 0.00012870784817730577 0.00045567891081587601 4.0181765858722849e-05 -0.00032496981592130408 4.5979732334784123e-06 1.4019413042380076e-05 -0.00028641005783439772 -2.6756781385722876e-05 2.3720819833547729e-05 -3.4189157012149566e-05 -3.8332372769859907e-05 -9.1543289847826649e-05 5.5009914991251726e-05 -2.2093975160470555e-06 -0.00016616886617851475 -0.00010439641371911388
leaf_weight=268535.63355016708 133422.88359069824 272913.98394775391 27032.670011878014 80807.497177124023 156476.7174526453 61217.556625366211 183225.71643066406 977.76703131198883 193.52001357078552 30517.261417746544 77614.927581787109 93417.087546944618 137.03662872314453 9333.3434662818909 69528.147216796875 117.29494404792786 9246.4007050991058 153.28593313694 2042.6685457229614 45770.132363200188 55638.588201522827 149195.78198862076 30763.527534484863 143.64669704437256 524.97424185276031 1893.572021484375 130.79961013793945 114889.411226511 183.95242512226105 287.74586474895477 58811.418115139008 237.31975936889648 36364.960327148438 3211.4250591993332 308.75533604621887 197.9958484172821 3207.3060607910156 325.25278902053833 376.85473966598511 300.16049575805664 280.83386397361755 131.7599321603775 607.26379466056824 41432.287963867188 5140.4339236021042 2092.4713914394379 268.53345859050751 314.08178341388702 8488.299072265625 139.64557456970215 21206.988960266113 511.11883926391602 148.43509483337402 2343.1002149581909 70304.848999023438 11520.175682067871 34954.580863952637 766.32781982421875 1712.4688675403595 197402.947265625 418.59356307983398 524.94725406169891
leaf_count=290176 130987 286160 23616 77203 156492 54923 191099 775 199 26340 74308 91800 107 10661 70367 92 7680 136 1625 43214 56689 146605 34511 129 439 1519 104 110170 133 225 55586 187 32790 2638 240 157 2736 260 274 225 223 93 479 39203 4294 1724 210 226 7783 107 19005 415 116 1974 68984 11815 38154 606 1384 199000 339 429
internal_value=3.18113e-09 -4.8814e-06 1.58111e-05 8.70539e-06 -1.11409e-05 -3.26809e-06 2.30972e-06 3.45175e-05 -2.96476e-05 3.7035e-05 1.89428e-05 -1.88411e-05 -1.47604e-05 -1.45729e-05 8.20041e-06 -0.000267445 5.42236e-05 -9.67621e-06 1.40029e-05 2.70087e-05 -4.48787e-06 -3.29876e-06 1.10681e-06 2.85162e-05 7.09937e-06 6.39742e-05 -0.000195539 -1.17225e-05 0.000150303 0.000220387 4.11271e-06 2.7364e-05 6.26717e-06 -1.91101e-05 -5.61451e-05 -0.00024165 -1.60391e-05 3.12515e-05 0.000151144 0.000155508 -3.04256e-05 -4.05551e-05 -5.86699e-05 -2.8397e-05 6.03436e-05 8.80085e-05 0.000136512 0.00030593 1.19231e-05 -0.00015564 1.9651e-05 6.6895e-05 -0.000125476 2.24469e-05 1.68193e-05 -1.36797e-05 -3.2037e-05 -8.03703e-06 7.7794e-06 4.54093e-07 -6.51803e-05 -2.46778e-05
internal_weight=2.38039e+06 1.81848e+06 561904 407223 972218 187697 846264 154681 5838.84 148842 219526 450640 315791 315654 412747 450.461 54832.1 5388.38 4410.61 94009.8 521577 433517 250291 4126.53 3511.18 40226.4 284.086 271366 615.345 471.698 208007 14605.8 117172 70524.6 5397.59 655.186 65127 3909.41 702.108 537.48 4742.4 4461.57 3818.69 134849 38332.8 7815.52 2675.09 582.615 141911 333.166 66977.1 642.879 346.431 14068.3 139833 42283.7 44287.9 4821.9 4055.57 253042 1468.52 1049.92
internal_count=2380140 1857579 522561 385625 992452 172547 865127 136936 4732 132204 213078 446587 315584 315477 425511 398 46369 4334 3559 85835 545865 439616 248517 3319 2832 34313 240 266662 487 358 202191 12056 109993 62554 4361 513 58193 3270 534 412 3848 3625 3117 131003 32794 6454 2160 436 138770 306 62219 508 273 11644 139351 46326 48815 3964 3358 255689 1207 868
is_linear=0
shrinkage=0.05


Tree=3
num_leaves=63
num_cat=0
split_feature=217 53 58 213 53 133 362 57 213 276 213 276 57 218 187 276 58 108 220 218 276 213 45 46 2 199 171 364 198 334 293 201 213 361 207 187 195 327 22 32 291 109 315 16 187 214 318 1 208 217 213 45 108 16 218 201 46 361 256 344 154 113
split_gain=0.0677807 0.031634 0.0280842 0.0189764 0.0116301 0.0114632 0.0162843 0.0109216 0.00922677 0.00879925 0.00635081 0.00557168 0.00550827 0.00505947 0.00467375 0.0046259 0.00451367 0.00449957 0.00440505 0.00430177 0.00377428 0.00361342 0.00331237 0.00314162 0.00502696 0.00809408 0.00544455 0.00484787 0.0048863 0.00328086 0.00305152 0.00301172 0.00299847 0.00296023 0.00270911 0.00340067 0.00306228 0.00263663 0.00283552 0.00405817 0.00466068 0.00259952 0.00259182 0.00255243 0.00253251 0.00247396 0.00239811 0.00269108 0.00259462 0.00251315 0.00236919 0.00229238 0.0022624 0.00225209 0.00229007 0.00224828 0.00265694 0.00265761 0.00319468 0.00265527 0.00220963 0.00217865
threshold=0.00013320106518222022 2.5844906303973406e-05 1.0000000180025095e-35 3.6585784982889897e-05 0.00031936165760271257 inf 0.8048185706138612 1.0000000180025095e-35 0.0005966113239992411 0.09579117596149446 4.4026106479577727e-05 0.20000215619802478 1.0000000180025095e-35 0.00045325201062951242 0.026069875806570057 0.64685946702957164 0.80158615112304699 14.685016155242922 0.00023295490245800468 7.8312696132343276e-05 0.3200002014636994 0.0020707302028313283 0.0062797560822218665 0.016880244947969917 -0.0029474563198164101 0.0014182574232108893 -0.0057857343927025786 1.0000000180025095e-35 0.0065005377400666484 0.22828284651041034 0.00055995039292611193 0.00096771266544237744 0.00025754707166925078 -0.91010591387748707 0.0025197786744683985 0.056041143834590919 0.0007694189262110741 0.0013839810853824022 0.002963117323815823 0.060817390680313117 1.1198036670684817 11.013067722320558 0.014742406550794842 0.0058406258467584857 0.040015116333961494 0.00012992626579944047 0.013854078482836487 0.05934156849980355 0.0019725407473742966 0.00079011122579686355 5.4400219596573158e-05 0.0045340678188949832 15.243814945220949 0.015519679058343174 6.4158361055888249e-05 0.00086370226927101623 -0.0048087039031088344 -0.65851056575775135 -4.7723442633056853e-17 -0.043787546455860131 -1.8515957890485876e-05 0.044483888894319541
decision_type=2 2 2 2 2 8 2 2 2 2 2 2 2 2 2 2 2 2 2 2 2 2 8 2 2 2 2 2 2 2 2 2 2 2 2 2 2 2 2 8 2 8 2 2 2 2 2 2 2 2 2 10 2 2 2 2 2 2 2 2 2 2
left_child=1 3 4 15 11 12 -7 10 19 17 41 14 23 21 -2 60 53 -5 50 -4 52 -10 30 24 46 55 -27 42 33 -28 -13 -16 -18 -29 35 -24 -36 -15 39 -39 -41 43 -25 -3 -40 -22 49 48 -48 -6 -9 -17 -12 54 -11 -26 -57 59 -59 -58 -1 -47
right_child=2 7 8 9 5 6 -8 18 13 16 20 22 -14 37 31 51 32 -19 -20 -21 45 -23 34 27 25 26 29 28 -30 -31 -32 -33 -34 -35 36 -37 -38 38 44 40 -42 -43 -44 -45 -46 61 47 -49 -50 -51 -52 -53 -54 -55 -56 56 57 58 -60 -61 -62 -63
leaf_value=-6.1758969784212747e-06 1.6538815409449214e-05 -4.6744974240566799e-05 3.1370913166580478e-05 3.6527409146846236e-05 -4.9299685432807763e-06 -9.713658462587729e-05 -0.000702606392182234 -2.5481799808054105e-05 4.9437757833375339e-05 3.8276402905951811e-06 2.0030599801651051e-05 5.0073242085435513e-06 -2.7351989202943543e-05 3.5814768762934462e-05 3.7225552938886759e-05 -9.1107217213622449e-06 8.7647716973863678e-06 1.2447942799573547e-05 -3.4174110702990186e-05 1.284603149941675e-05 -1.683470686375758e-06 8.766763092979063e-05 -3.4927607048393779e-06 -8.3141185582931925e-05 7.713791951084073e-06 0.00048848486781650439 2.9295178958413005e-06 0.00025072839396920657 -0.00018588008437066158 0.00023418224935140431 1.6835123601335158e-05 0.00010061203674020499 2.9900551450438422e-05 1.7850569069167169e-05 0.00031069903789046307 -6.6626797878545767e-05 4.1925302231717811e-05 -1.0847458663404694e-05 -3.3632313218555768e-06 -0.00026258786715192703 6.778730790404458e-05 -1.4064600640702812e-05 -0.00026206595373725716 -1.817401303984764e-05 0.00014052036304139972 -1.2363006961668924e-05 -1.4029592493179872e-05 -0.00013499335110956026 -0.00015784642399243307 2.8748691205217496e-05 -1.0911700857397135e-05 -2.149634994495783e-05 -1.4199615780738575e-07 1.9129593495102137e-05 -5.2434834228159401e-06 -2.6653655009603276e-05 0.0001349286068663257 0.00020015411817775176 4.6339498288166491e-05 -0.00016500100269011778 1.2832302116813917e-06 -4.3508936679948988e-05
leaf_weight=213936.61853027344 104965.81395483017 13040.755859375 68626.97307062149 32491.738716125488 32607.918710827827 676.08598279953003 131.10292100906372 57610.740203857422 32309.527954101562 158281.0108692646 19071.253524780273 145232.66764068604 25197.576989650726 10895.764572143555 10161.388397216797 194625.689453125 91189.652415037155 48156.18090057373 73697.010986328125 57682.888931274414 66682.953369140625 7647.68310546875 44236.146911621094 552.5811767578125 6524.6907653808594 127.87202799320221 275.84137320518494 164.4360157251358 257.14847946166992 343.60227262973785 87318.075057983398 2297.3948974609375 20563.647232055664 759.7765725851059 129.44089460372925 2239.0074920654297 551.56679582595825 2420.9626984596252 813.93239164352417 361.06881487369537 150.2186416387558 153521.90144348145 320.16718006134033 19521.974151611328 487.80446815490723 72912.866424560547 5755.150695681572 573.64091634750366 329.73337554931641 6670.6609268188477 54110.616714477539 46233.5703125 51234.831161499023 15986.362213134766 124148.56256103516 574.94536364078522 126.92161393165588 715.62111496925354 640.35350394248962 170.73009598255157 185260.68494749069 6081.6179504394531
leaf_count=228245 104568 13724 66432 34130 30350 643 105 57595 28243 156979 18549 139932 22384 9063 9119 203402 92159 47419 69061 54190 64757 6276 46746 434 6062 89 222 125 209 276 82152 1852 19667 681 93 1935 444 1991 699 282 123 155100 250 22808 370 67801 5087 467 273 5762 51181 54257 49094 18269 119465 475 105 552 519 136 200905 5857
internal_value=2.99522e-09 -5.23397e-06 1.35961e-05 -3.44266e-07 7.26938e-06 -9.69297e-06 -0.00019697 -1.46463e-05 3.03591e-05 7.05209e-06 -1.00166e-05 1.08357e-05 -7.86011e-06 4.74346e-05 1.99761e-05 -6.01605e-06 4.08346e-06 2.21498e-05 -2.46852e-05 2.29114e-05 -4.18374e-06 5.67589e-05 6.99836e-06 6.83474e-07 2.93427e-06 3.60378e-05 0.000193761 -6.00064e-05 6.04874e-06 0.000131545 9.44853e-06 4.89283e-05 1.26544e-05 5.97362e-05 -5.08454e-06 -6.53707e-06 9.3772e-05 2.28052e-05 -1.06749e-05 -3.7932e-05 -0.000165636 -1.67866e-05 -0.000149229 -2.96183e-05 5.06876e-05 -8.77544e-06 -3.91337e-06 -3.16553e-05 -2.18722e-05 7.90833e-07 -1.84253e-05 -1.14883e-05 5.33044e-06 8.73674e-07 -1.59794e-07 2.25309e-05 6.58656e-05 9.80268e-05 0.000127691 -3.70611e-05 -2.71425e-06 -1.47619e-05
internal_weight=2.38039e+06 1.71836e+06 662025 1.13087e+06 480628 83496.6 807.189 587487 181397 490817 402068 397132 82689.4 55087 117425 640057 410169 80647.9 185418 126310 215984 39957.2 279707 57491.8 55437.7 9500.58 747.316 2054.11 1181.36 619.444 232551 12458.8 111753 924.213 47156.2 46475.2 681.008 15129.8 4233.99 2932.25 511.287 186085 872.748 32562.7 1301.74 145677 45937.1 6658.52 6084.88 39278.6 111721 240859 70306.1 298416 282430 8753.26 2228.57 1653.63 1355.97 297.652 399197 78994.5
internal_count=2380140 1750424 629716 1174897 462047 75206 748 575527 167669 488088 397690 386841 74458 47047 115539 686809 406539 81549 177837 120622 206058 34519 271302 52074 50375 8436 587 1699 1015 498 222084 10971 111826 806 49218 48681 537 12528 3465 2396 405 191632 684 36532 1069 138415 41939 5827 5360 36112 108776 257659 67643 294713 276444 7849 1787 1312 1071 241 429150 73658
is_linear=0
shrinkage=0.05


Tree=4
num_leaves=63
num_cat=0
split_feature=52 56 154 59 53 52 276 154 6 48 291 199 358 59 202 276 36 51 174 2 204 320 52 211 52 36 201 361 154 2 355 205 51 211 259 184 357 199 48 201 358 313 349 2 355 52 237 26 16 197 259 16 3 357 348 51 53 16 34 16 276 109
split_gain=0.0618319 0.0299889 0.0273945 0.0171155 0.0144356 0.00984507 0.00945795 0.00821587 0.00793185 0.00791935 0.00821338 0.00637361 0.00642781 0.00624434 0.00610223 0.00603905 0.00588529 0.00550896 0.00481918 0.00502026 0.00799301 0.00492612 0.00461665 0.00449208 0.00440227 0.00429238 0.00423722 0.00411456 0.00395287 0.00390124 0.00374805 0.00369364 0.00364372 0.00362784 0.00360662 0.00358809 0.00335149 0.00372432 0.0033094 0.00327568 0.0033242 0.00382445 0.00305754 0.00326494 0.00287664 0.00285612 0.00284589 0.00283392 0.00282101 0.00274654 0.00270932 0.00269839 0.00268657 0.00267861 0.00420779 0.00267502 0.00255736 0.00252592 0.00250521 0.00249422 0.00247621 0.00247483
threshold=9.2330184997990741e-05 1.0000000180025095e-35 1.5237284683746773e-19 1.0000000180025095e-35 0.00013333706010598692 0.00093003053916618239 0.27736073732376104 0.00027699120983015751 0.062774624675512328 0.084673490375280394 1.7684238553047182 0.0014182574232108893 -0.21414729207754132 0.80340230464935314 0.00057207647478207957 0.1867853328585625 0.0059104363899678001 0.00020929684251314032 0.028849415481090549 -0.0028225724818184967 0.0010817077709361913 -0.0032010924769565459 0.0091404188424348849 5.1508661272237084e-05 3.7027255075372527e-06 0.0050038055051118144 0.00096771266544237744 0.7069419026374818 6.2666578742209835e-05 -0.02037190459668636 0.20229078829288485 0.0016095469472929837 9.2328184109646841e-05 2.7339813641447112e-05 0.27326424419879919 0.053375955671072013 -0.003849023836664855 0.0014182574232108893 0.093282513320446028 0.00066622107988223444 0.083696253597736373 -0.049270723015069955 -0.14018882066011426 0.0012745967833325269 0.2628521472215653 0.0010156445787288251 0.72197580337524425 -0.048230264335870736 0.0040521584451198587 0.0039571214001625785 0.12844534963369372 0.0050937475170940169 0.072934661060571684 -0.016897156834602352 0.24989264458417895 8.0979432823369293e-05 0.00055457153939642023 0.0053218360990285882 0.066391494125127806 0.0012722835526801648 0.11999392136931421 14.545049190521242
decision_type=2 2 2 2 2 2 2 2 2 2 2 2 2 2 2 2 8 2 2 2 2 2 2 2 2 8 2 2 2 2 2 2 2 2 2 2 2 2 2 2 2 2 2 2 2 2 2 10 2 2 2 2 2 2 2 2 2 2 10 2 2 10
left_child=2 4 3 15 7 28 24 45 17 14 11 29 49 23 -10 51 33 26 34 21 53 -20 56 -8 -4 -25 -6 30 -3 58 -23 32 -5 -17 39 36 -36 -38 -37 -19 41 -41 50 -44 47 60 -31 -43 -9 -13 -28 52 -1 -21 -55 -35 -7 -18 -11 61 -2 -27
right_child=1 5 6 31 8 22 13 48 9 10 -12 12 -14 -15 -16 16 57 18 19 20 -22 27 -24 25 -26 59 42 -29 -30 46 -32 -33 -34 55 35 38 37 -39 -40 40 -42 44 43 -45 -46 -47 -48 -49 -50 -51 -52 -53 -54 54 -56 -57 -58 -59 -60 -61 -62 -63
leaf_value=-1.3790333319054305e-06 1.9631644397682366e-05 1.5130008229251127e-05 4.9267083803172241e-06 -1.8142014415414324e-05 1.8001561290503202e-06 5.5563450903971736e-05 -5.6420660415911152e-06 2.0729076917314746e-05 -0.0001314491156234973 -5.2499107215818966e-05 0.00014328597557511648 -0.00016769554106855182 -0.00029602370917990249 -1.3887828587854761e-05 -0.00053679614429978097 -1.1885061617778229e-05 -3.2338674758396104e-05 -2.0652785136373367e-05 0.0002348205930383312 1.995725411113301e-05 0.00037240709485879546 -1.2098636234714934e-05 0.00011548560123959345 7.2921424806976519e-06 1.7794356593817628e-05 -5.3334745591371576e-05 5.3977497162985539e-05 -0.00015107753717597927 3.1962201376873479e-05 -8.965433264163496e-05 0.00020896990703852462 -0.00025122864513356006 -3.240813040041977e-05 -2.5127127012716903e-07 -1.4554888047473783e-05 -0.00027777579902401234 -5.979472728939527e-05 -0.00023120734304179884 -5.0867697880047343e-05 0.0002211544163125202 -4.8067554196479383e-05 0.00024524039363995259 2.184068416381592e-05 0.00014820770996538265 0.00023730298773292748 3.123815089295523e-05 2.3724215129572758e-05 1.2294759265969066e-05 4.1599685077901938e-05 9.7192060826657269e-05 0.00032186731103409961 1.6927846031868764e-05 0.00016305774184785469 -3.4355138790425996e-05 0.00034029213494631596 -1.0552723914183354e-05 2.7491680277361838e-05 -1.4582218165129737e-05 0.00018449154172420782 -3.9899696458721075e-06 2.1235128665137076e-06 6.191828627944941e-06
leaf_weight=144225.00066876411 24106.156814694405 61737.431526064873 195198.46856689453 125740.76066541672 62141.209445953369 29055.362623214722 178521.01109802723 65316.534881591797 256.02318501472473 179.39771962165833 493.85697507858276 186.72961854934692 551.6868302822113 89163.135966181755 145.37426519393921 232096.08292818069 32637.074069499969 35041.085205078125 200.77084922790527 1059.9973745346069 235.06661987304688 2336.732547044754 2679.91748046875 234133.07921409607 100789.71197509766 5502.5172095298767 191.47003197669983 496.37389039993286 80194.211418151855 2191.6634135246277 206.8542275428772 175.8043212890625 69505.869742155075 199384.37660980225 5518.306813955307 311.67098259925842 3399.1209013462067 347.91790771484375 331.74227499961853 248.80058288574219 1728.5179537534714 131.33383178710938 3774.0768756866455 589.42880082130432 149.86458206176758 11116.704559326172 739.27594065666199 6304.2264844179153 21530.570556640625 201.35888671875 186.01156568527222 24250.103210449219 246.82196807861328 126.26276099681854 181.19411075115204 92139.644462585449 11265.160814285278 51855.614379882812 289.56456184387207 40359.461853027344 124428.8729095459 2556.6941952705383
leaf_count=147039 23602 58493 205720 128684 57914 25601 187676 60508 219 174 384 146 439 88898 111 240081 34554 31742 143 881 179 1903 2132 228295 100875 5453 153 426 73987 1782 155 180 66611 198019 4639 245 2904 279 264 186 1447 99 3054 457 107 10294 604 5054 21498 157 147 27319 186 112 130 87757 9629 62068 218 45614 119963 2550
internal_value=2.84762e-09 1.44997e-05 -4.47665e-06 -1.0202e-05 6.40926e-06 3.09914e-05 2.10137e-06 1.35277e-05 -7.03935e-06 -6.73263e-05 -4.95409e-05 -7.15405e-05 -0.000186657 -1.77556e-06 -0.000280187 -6.87459e-06 -9.1967e-06 -4.51832e-06 -1.57447e-05 3.20073e-05 0.000104338 -3.80221e-06 5.19506e-05 5.66779e-07 9.30848e-06 4.48965e-06 5.27706e-06 -1.97058e-05 2.46408e-05 -3.963e-05 6.02956e-06 -2.34286e-05 -2.32209e-05 -7.22075e-06 -2.00676e-05 -4.72948e-05 -3.93446e-05 -7.58255e-05 -0.000161303 -1.38785e-05 1.38421e-05 2.95098e-05 5.08296e-05 3.89706e-05 2.22045e-05 6.79496e-06 -6.106e-05 1.71233e-05 2.5904e-05 -3.04655e-05 0.000186986 1.49483e-06 -1.09585e-06 5.77804e-05 0.000187209 -3.50722e-06 4.77222e-05 -2.14416e-05 9.39947e-05 -9.06183e-06 4.96518e-06 -3.44538e-05
internal_weight=2.38039e+06 561904 1.81848e+06 972257 376972 184932 846224 246499 130473 5234.93 4833.53 4339.68 939.775 550236 401.397 776835 608113 125238 58355.8 4843.25 1602.52 3240.73 43000.4 461073 295988 282552 66882.2 3039.96 141932 3399.9 2543.59 195422 195247 523620 53512.6 9908.76 9265.35 3747.04 643.413 43603.8 8562.74 6834.23 4740.99 4363.51 6585.42 159652 2930.94 6435.56 86847.1 388.089 377.482 168722 144472 1367.45 307.457 291524 40320.5 84492.7 468.962 48418.7 148535 8059.21
internal_count=2380140 522561 1857579 992498 352719 169842 865081 235865 116854 4234 3904 3520 742 558486 330 797023 622479 112620 50895 3929 1302 2627 37362 469588 306595 281912 61725 2484 132480 2778 2058 195475 195295 525857 46966 8331 7822 3183 509 38635 6893 5446 3811 3511 5260 153859 2386 5153 82006 303 300 174544 147225 1123 242 285776 35230 96622 392 53617 143565 8003
is_linear=0
shrinkage=0.05


Tree=5
num_leaves=63
num_cat=0
split_feature=219 56 59 53 293 52 10 198 49 292 2 203 212 16 317 52 51 46 219 51 334 217 51 46 361 204 332 361 212 278 191 53 52 49 196 200 52 37 356 183 193 292 52 337 198 38 2 363 124 200 317 201 2 9 361 337 47 3 292 270 193 270
split_gain=0.0572281 0.0263893 0.0238646 0.0160642 0.0141784 0.0101687 0.00868297 0.013894 0.010824 0.00851414 0.00760378 0.0075429 0.00743078 0.00724766 0.00717027 0.00595245 0.0056499 0.00561165 0.00553236 0.00501302 0.00468033 0.00455184 0.00446009 0.00421151 0.00647315 0.00609388 0.00391663 0.00387187 0.00386781 0.0038498 0.00793022 0.00377485 0.00342641 0.00330902 0.00330697 0.00789123 0.00328286 0.00326273 0.00324418 0.00302458 0.00431443 0.00301759 0.00288448 0.00277816 0.00281397 0.00276876 0.00339064 0.00459062 0.00275795 0.00271825 0.00351723 0.00303079 0.00474639 0.0104734 0.00433789 0.00382366 0.00344348 0.00275735 0.0043622 0.00340043 0.00260948 0.00259812
threshold=0.00013316736294655132 1.0000000180025095e-35 1.0000000180025095e-35 0.00013333706010598692 6.2731098296353607e-05 0.0014854044420644643 0.053808620199561126 0.0078178048133850115 0.30617357790470129 1.9373589158058169 0.0012745967833325269 0.0010057615581899884 0.00017210934311151507 0.0040521584451198587 0.022394065745174888 1.0000000180025095e-35 8.8492539362050606e-05 0.019850295968353752 1.0226598988083426e-05 0.00019571156735764819 0.12685295939445498 6.6422264353605001e-05 5.8230234571965418e-05 0.0036710808053612713 0.26011422276496893 0.0010817077709361913 0.56779736280441295 -0.84837841987609852 0.00012161608901806177 0.14981405436992648 0.047776529565453536 1.0000000180025095e-35 4.1914236135198743e-06 0.21168850362300876 0.0033130333758890633 0.00030453279032371944 1.7604475033294879e-05 0.027196067385375503 0.00072658184217289101 0.030856739729642872 0.040517972782254226 -2.3854011297225948 0.0091404188424348849 0.12349491193890573 0.0028290266636759047 0.0093602216802537459 -0.013480795547366141 0.81301990151405346 -1.0000000180025095e-35 0.0013612984330393376 -0.01399489166215062 0.0011069004540331664 -0.01559755904600024 0.018405597656965259 -0.17365576326847074 0.035481050610542304 0.054169507697224624 0.02813745848834515 0.27354072034358984 0.0032030661823228006 0.017205619253218177 0.0081408596597611921
decision_type=2 2 2 2 2 2 2 2 2 2 2 2 2 2 2 2 2 2 2 2 2 2 2 2 2 2 2 2 2 2 2 2 2 2 2 2 2 10 2 2 2 2 2 2 2 8 2 2 8 2 2 2 2 2 2 2 2 2 2 2 2 2
left_child=2 3 4 13 18 16 10 9 38 14 19 34 21 28 41 -6 32 -10 31 -5 -13 -4 -20 49 -25 -26 39 -11 36 30 -15 -1 -3 -16 -12 -36 -2 -32 -9 -22 -41 -8 -7 45 -45 46 47 -43 -23 51 -51 57 53 -53 -55 56 -54 -21 59 -59 -34 -56
right_child=1 5 12 6 15 42 7 8 17 27 11 20 -14 29 33 -17 -18 -19 22 23 26 48 -24 24 25 -27 -28 -29 -30 -31 37 -33 60 -35 35 -37 -38 -39 -40 40 -42 43 -44 44 -46 -47 -48 -49 -50 50 -52 52 55 54 61 -57 -58 58 -60 -61 -62 -63
leaf_value=-7.3434094689894064e-06 6.8881454560897975e-07 1.1245494571768828e-05 -1.7607900533052705e-05 1.6763690970016652e-06 6.2072252211832606e-07 5.1043147393595592e-05 -0.00024793685994111022 -0.0004277771858267321 7.5370474148942722e-06 0.00029914856352611076 1.9290106165652167e-05 -0.00011577087642382514 -3.0949280761312865e-05 4.6046041160709341e-05 -0.00034245631202534273 1.1389944903231108e-05 1.1408919970402471e-05 -0.00034831500981424846 1.3628363150738964e-06 -1.9705165417727352e-05 0.00013039309425966241 -3.1427401990358683e-06 -8.5604378796810121e-06 -2.5112213338180637e-05 7.917147331125803e-05 0.00040473783092981314 3.354096861688186e-05 4.4727299567742466e-05 1.8326955828089981e-06 2.2433877642344931e-05 0.00014055139062968985 -1.8743066738239667e-05 3.0256085935075519e-05 -0.00011137586491630741 0.00044943948303678499 -8.3617771692236448e-05 2.0540836968705812e-05 0.00039812846354135388 -0.00019210642995005466 0.00059374665896996673 0.00023639730647483179 -1.6600023397715177e-06 0.00010543181258645711 -1.3724433197219615e-05 -0.0003067052806887813 -9.7944892496552014e-05 -6.995766397852487e-06 0.00025490387577416825 -0.00021801982601903642 -3.7180498671135418e-06 -0.00011020036914110703 -1.8911119799794253e-05 8.7707064087555703e-05 9.516927310666693e-05 0.00045279581094153178 -0.00010546180273803328 -2.5567583408190313e-05 2.7613242716735333e-05 -0.0001190049419774047 -0.00014477787822292362 5.1693808417352003e-05 0.00019062496216798333
leaf_weight=302536.96236217022 27850.490217328072 19507.186134815216 165775.74510228634 67705.486022949219 359853.74519872665 24667.919311523438 136.14128959178925 431.6812789440155 552.58247852325439 251.23913753032684 7839.635064125061 113.25177407264709 71929.034912109375 11817.197135925293 171.93562531471252 199415.73536157608 61172.122198104858 136.5445556640625 318901.18713378906 41197.697649478912 185.2748054265976 87322.644943237305 175572.63208007812 1866.6282024383545 1278.2774171829224 160.23106384277344 192.45713937282562 367.26664209365845 96582.409271240234 39675.486083984375 303.83695554733276 95557.613708972931 75292.592569351196 1475.1970728635788 143.22506380081177 132.00273656845093 82553.026490569115 208.74546480178833 228.1404173374176 142.26362931728363 215.44958174228668 391.86646842956543 2705.70556640625 173.88579022884369 153.35250782966614 655.6549311876297 3739.1422307491302 312.06024754047394 147.58613586425781 1315.9536094665527 1886.815860748291 1033.4564489126205 997.64825522899628 334.72752583026886 222.89882850646973 901.7869656085968 2038.4633067846298 1367.5102400779724 1841.4704923629761 359.58125591278076 17498.696296691895 171.22710418701172
leaf_count=327913 27029 18723 170126 62008 376806 21233 111 340 443 190 6784 99 69198 11936 141 200091 55537 106 321885 36916 152 87989 171251 1531 1077 119 144 296 87378 39526 253 99847 70462 1191 108 104 78144 163 176 98 155 316 2159 178 127 538 3046 218 177 1071 1491 852 802 250 156 755 1693 1106 1517 284 15080 132
internal_value=-8.1895e-09 1.33064e-05 -4.52369e-06 5.90909e-06 -1.78147e-06 2.81052e-05 -7.55366e-06 -5.45961e-05 -0.000202678 -2.9032e-05 -4.3227e-06 4.01526e-05 -1.67671e-05 1.33331e-05 -4.43178e-05 4.46067e-06 2.36355e-05 -6.37759e-05 -5.69269e-06 -7.52074e-06 0.000181803 -1.27387e-05 -2.16064e-06 -1.84498e-05 3.63145e-05 0.000115947 0.000227816 0.000148705 9.14036e-06 3.00196e-05 5.44217e-05 -1.00798e-05 3.02954e-05 -0.000135883 2.52968e-05 0.00019502 1.55331e-05 0.000246587 -0.000347118 0.0002963 0.000381027 -1.71629e-05 5.64264e-05 -1.12834e-05 -0.000152052 -2.19278e-06 1.19749e-05 0.000112478 -3.51027e-06 -2.18236e-05 -6.64785e-05 -1.89871e-05 1.53468e-05 8.34996e-05 0.000228364 -1.51802e-05 1.1687e-05 -2.33594e-05 -6.55119e-05 -8.40462e-06 3.42999e-05 0.000340434
internal_weight=2.37967e+06 602656 1.77701e+06 401811 1.45184e+06 200844 142820 9176.69 1348.95 7827.74 133643 8963.56 325175 258991 7209.24 559269 173471 689.127 892568 124680 848.697 253246 494474 56974.4 3305.14 1438.51 735.445 618.506 206986 52005.3 12329.8 398095 112298 1647.13 8114.86 275.228 110404 512.582 659.822 542.988 357.713 5562.1 27373.6 5425.96 327.238 5098.72 4443.07 703.927 87470.2 53669.2 3202.77 50466.5 5700.21 1762.31 728.853 3937.9 3036.11 44766.3 3568.56 1727.09 92791.3 394.126
internal_count=2379727 554444 1825283 371250 1497793 183194 126821 7417 1065 6352 119404 7644 327490 244429 5866 576897 159802 549 920896 111760 648 258292 493136 49752 2727 1196 549 486 192551 51878 12352 427760 104265 1332 6996 212 105173 416 516 405 253 4534 23392 4423 305 4118 3580 534 88166 47025 2562 44463 4640 1390 538 3250 2495 39823 2907 1390 85542 288
is_linear=0
shrinkage=0.05


Tree=6
num_leaves=63
num_cat=0
split_feature=52 56 59 211 51 52 12 198 49 2 51 276 0 9 48 278 276 36 16 292 266 207 211 344 344 51 51 2 224 207 75 361 34 292 207 16 18 2 0 47 22 359 49 346 214 259 198 0 337 234 278 0 359 355 334 334 200 201 358 347 49 16
split_gain=0.0507743 0.0245835 0.0219444 0.0151616 0.0129595 0.00838298 0.00731739 0.00979337 0.00726553 0.00703697 0.00688841 0.00623374 0.0058494 0.00758706 0.00724838 0.00878409 0.005792 0.00754823 0.00568293 0.00551544 0.0053092 0.00505781 0.00488329 0.00452546 0.00446447 0.00399896 0.0039964 0.00375337 0.00373055 0.00362548 0.00603686 0.00389008 0.00359524 0.00345972 0.00344125 0.00340199 0.00372656 0.00333224 0.00330171 0.00329344 0.00538221 0.00319533 0.00319405 0.00317772 0.00313815 0.00363751 0.0040785 0.00885869 0.00996247 0.004237 0.00443986 0.00339333 0.00418063 0.00313137 0.00410322 0.00396149 0.00306175 0.00304847 0.00383754 0.0029563 0.00287093 0.0027229
threshold=9.2330184997990741e-05 1.0000000180025095e-35 1.0000000180025095e-35 6.9085519498912631e-05 0.00012172727292636411 0.0014854044420644643 0.052284972742199905 0.0078178048133850115 0.29493156075477606 0.0012745967833325269 0.00024368174490518871 0.21000423282384875 0.011900587007403375 0.036181265488266952 0.03900191746652127 0.25031751394271856 0.17721280455589297 0.0048020083922892818 0.0038909061113372449 1.9373589158058169 0.005690379301086069 0.00016873187269084158 6.3576200773241012e-05 -0.18616307526826856 -0.043787546455860131 0.00023227948986459526 8.8492539362050606e-05 0.0024101372109726076 -0.051709294319152825 0.0017576894024387004 0.038801582530140884 0.29404036700725561 0.0031211844179779295 -2.3854011297225948 0.00017414103785995397 0.0013386690407060089 0.0038386682281270628 0.0040760394185781488 0.011900587007403375 -1.0000000180025095e-35 0.00065734286908991646 0.30550198256969457 0.28281822800636297 0.013164893724024298 0.00030466128373518592 0.32548987865448004 0.0078178048133850115 0.00052706178394146274 -0.022657942958176133 -1.0822246074676511 0.33000983297824865 -0.020300743170082566 0.19601282477378848 0.092812146991491332 0.26916830241680151 0.073450416326522841 0.0013612984330393376 0.00096771266544237744 -0.033574543893337243 -0.321733608841896 0.43671688437461859 0.0048675611615180978
decision_type=2 2 2 2 2 2 2 2 2 2 2 2 2 2 2 2 2 8 2 2 2 2 2 2 2 2 2 2 2 2 2 2 10 2 2 2 2 2 2 2 2 2 2 2 2 2 2 2 2 2 2 2 2 2 2 2 2 2 2 2 2 2
left_child=2 4 3 11 21 25 9 19 -9 18 22 61 42 14 -14 -16 32 26 44 20 33 -2 -4 -13 -22 34 -18 -26 -10 -20 56 -32 -5 -8 -3 36 -19 -23 -36 40 -24 -30 -11 -21 -6 46 51 59 -49 50 -50 52 -46 54 -35 -55 -31 -40 -59 -48 -33 -1
right_child=1 5 10 16 6 -7 7 8 28 12 -12 23 13 -15 15 -17 17 35 29 43 24 37 39 -25 27 -27 -28 -29 41 30 31 60 -34 53 38 -37 -38 -39 57 -41 -42 -43 -44 -45 45 -47 47 48 49 -51 -52 -53 -54 55 -56 -57 -58 58 -60 -61 -62 -63
leaf_value=-7.7347118299493544e-07 6.7653611544954964e-06 1.9650221587463622e-05 -1.8389891171177976e-05 4.948771635811885e-06 -2.4324554116380781e-06 5.3605672505815575e-05 -0.00026304278989396377 -0.00032667979870859912 8.1116898904372596e-05 -3.6417229578648071e-05 -3.1652086700281192e-05 -5.038993237049394e-07 7.6106831243643165e-06 4.6204325634149433e-05 0.00067437207322470344 0.00021348792425550825 7.7926050094609812e-06 3.0683448210935279e-06 1.3041248900560372e-05 1.8884867871876721e-05 -1.5657650162681816e-05 2.0236671937825416e-05 3.2587797598847534e-07 -1.0447910542660161e-05 -0.00023776665895752582 7.2355709882502551e-06 -4.0672307463231203e-06 -4.0572586940126578e-05 -0.00037658935814136491 7.2687749011590317e-05 4.2848934533423934e-05 0.00047151289886619599 1.9925594318673481e-05 -7.8270452314687462e-05 3.3854728549412461e-05 -7.0223592656793406e-06 -4.9537528782104255e-05 7.2920772233001801e-05 7.402022990509347e-05 -4.6055399353116996e-06 -0.00053634853285541503 -6.2988084884328733e-05 3.668197791445783e-05 0.00027470162418258081 0.00016717259678730576 -4.7047843329397281e-05 0.00015140004380520791 -0.00017021125153553632 0.00023389523913479811 0.0001181223692560842 0.00062884040509572766 -1.8394971681671862e-05 -3.0092042851712414e-07 0.00024134286202618876 2.0860973534364181e-05 1.4852695557121817e-05 -0.00012923655630505695 4.2343108215663628e-05 0.00041989370343385756 -0.00011409945030278473 0.00016575318417914441 1.4847035880589612e-05
leaf_weight=185336.58071553707 125053.05576264858 66601.85438978672 152908.14568555355 77632.610961914062 63038.57558786869 27373.625244140625 135.84608829021454 509.97681164741516 242.3213928937912 2126.5020846128464 56346.569946289062 148079.4658203125 247.02475762367249 1816.9688034057617 139.14107406139374 399.55806815624237 275730.52763938904 4930.1286849975586 17818.557803988457 274.22711372375488 706.61866629123688 96167.779541015625 119.39526736736298 503261.40545654297 770.49238479137421 30098.66268157959 95678.254678726196 352.30940890312195 122.93190121650696 793.13191795349121 167.90866553783417 180.03363025188446 82820.2216796875 2108.8822416067123 58563.668483734131 70913.529449462891 10611.181129455566 3096.4030151367188 1910.40234375 120567.54649353027 74.744899868965149 235.15453779697418 5014.8069063425064 216.27389788627625 547.56893301010132 9474.2524223327637 133.02561545372009 126.86527287960052 139.92181575298309 157.1769688129425 151.08509171009064 39338.363538265228 1157.4552888870239 245.64119386672974 2063.7433105707169 877.37475168704987 243.80392456054688 121.51167523860931 150.25738298892975 468.85748636722565 138.31430554389954 32840.188659667969
leaf_count=192820 125397 65146 156941 78814 58191 23392 109 396 186 1950 53652 149831 209 1465 97 299 270123 4828 17215 250 590 87399 169 527629 615 27186 90681 310 101 641 131 131 84176 1719 52184 79117 10580 2674 1585 119861 71 185 4399 157 435 7846 103 103 99 122 104 34801 997 178 1730 722 189 101 113 377 105 38000
internal_value=-7.73221e-09 1.31298e-05 -4.06798e-06 -1.48069e-06 5.80658e-06 2.80676e-05 -5.42993e-06 -4.95211e-05 -0.000188262 -2.71249e-06 -1.57323e-05 -5.73698e-06 3.83092e-05 0.000102449 0.000232067 0.000334584 4.50478e-06 1.64002e-06 -5.69429e-06 -2.96031e-05 -4.05763e-05 1.34546e-05 -1.24544e-05 -8.18719e-06 -0.000114197 2.36269e-05 4.7374e-06 -0.000176074 -6.9998e-05 1.93758e-05 9.33644e-05 0.000238336 1.26794e-05 -1.57465e-05 2.75008e-05 -1.16661e-05 -3.28513e-05 2.18815e-05 3.61073e-05 -4.93866e-06 -0.000209659 -0.000172142 1.49108e-05 0.000132338 -9.92089e-06 -1.90522e-05 -1.2768e-05 7.8925e-05 0.000218922 0.000329339 0.000441836 -1.5401e-05 5.36161e-05 -9.3058e-06 -2.92544e-05 6.47347e-05 2.5054e-05 9.64751e-05 0.000252628 -5.51128e-05 0.000340532 1.57786e-06
internal_weight=2.37967e+06 561818 1.81785e+06 1.48783e+06 376998 184820 152681 8861.79 1110.38 143819 330016 869518 9744 2602.69 785.724 538.699 618316 457864 134075 7751.41 7260.91 224317 273670 651341 1829.42 157446 371409 1122.8 600.408 19341.8 1523.19 486.257 160453 5431.49 127348 86454.8 15541.3 99264.2 60745.8 120762 194.14 358.086 7141.31 490.501 114733 51694.6 42220.3 1176.93 575.049 448.184 291.007 41043.4 1705.02 5295.64 4172.63 1123.02 1036.94 2182.17 271.769 601.883 318.348 218177
internal_count=2379727 522434 1857293 1526599 352727 169707 137257 7248 868 130009 330694 908280 8419 2070 605 396 618319 455329 121590 6380 5973 215470 277042 677460 1515 146315 360804 925 472 18412 1197 367 162990 4458 119129 94525 15408 90073 53983 120101 240 286 6349 407 103178 44987 37141 908 428 325 203 36233 1432 4349 3449 900 830 1799 214 480 236 230820
is_linear=0
shrinkage=0.05


Tree=7
num_leaves=63
num_cat=0
split_feature=217 53 58 213 53 46 198 220 50 276 2 237 359 278 34 213 53 292 291 176 51 349 276 327 108 218 213 192 343 64 276 109 188 58 2 208 355 361 217 2 360 108 210 355 330 165 16 258 183 46 346 201 108 344 47 212 172 270 292 327 280 16
split_gain=0.0499432 0.0235751 0.0195975 0.0138443 0.0092015 0.00892749 0.0124312 0.00866152 0.00788931 0.00645108 0.00620331 0.00596875 0.00529692 0.00526386 0.00621508 0.00508026 0.00505954 0.00409969 0.00386189 0.00479834 0.00383688 0.00377234 0.00365886 0.00357685 0.00327361 0.00321764 0.00319957 0.00314559 0.00297171 0.00296118 0.00285262 0.00361618 0.00342023 0.00281455 0.00274951 0.00647783 0.00328333 0.00273821 0.00273046 0.00271512 0.00258542 0.0024257 0.00292507 0.00309627 0.00247845 0.00347733 0.00238787 0.00237329 0.00304904 0.00303974 0.00274532 0.00240042 0.0029272 0.00236614 0.00224832 0.00224721 0.00224489 0.00216344 0.00211613 0.00210756 0.00205443 0.00204724
threshold=0.00012413225340424108 2.4345454221474941e-05 1.0000000180025095e-35 3.6585784982889897e-05 0.00031936165760271257 0.016880244947969917 0.0078178048133850115 0.00023887973657110709 0.0007304868195205928 0.09579117596149446 0.0088266148231923598 -1.5087809562683103 0.11950049921870233 0.14981405436992648 0.080218229442834868 5.3554544138023637e-05 0.00036654745053965604 1.4466241002082827 1.7684238553047182 0.0056436264421790847 0.00022402954346034679 0.12855456769466403 0.65677118301391613 -0.00092468989896588017 15.378505229949953 8.5591211245628087e-05 0.00028902219492010778 0.021323228254914287 -0.1079835183918476 0.0023354458389803772 0.65000322461128246 11.013067722320558 0.056123355403542526 0.80158615112304699 -0.0032255022088065739 0.0019725407473742966 -0.24582010507583615 -0.70587715506553639 0.00079011122579686355 0.0012745967833325269 0.3968730121850968 14.525025367736818 3.3623467970755889e-05 -0.12815723568201062 0.34125460684299475 0.009762084577232601 0.0011090477346442642 -0.033063197508454316 0.017604677006602291 -0.0038303893525153394 -0.051637390628457062 0.0013094524038024249 17.451874732971195 0.22776112705469134 0.020624389871954921 2.1917609046795409e-05 0.010200745426118376 0.012421479914337398 -0.010468951426446436 -0.0018709844443947075 0.60656505823135387 0.016890071332454685
decision_type=2 2 2 2 2 2 2 2 2 2 2 2 2 2 10 2 2 2 2 2 2 2 2 2 2 2 2 2 2 2 2 10 2 2 2 2 2 2 2 2 2 2 2 2 2 2 2 2 2 2 2 2 2 2 2 2 2 2 2 2 2 2
left_child=1 3 4 22 13 10 18 15 16 24 20 -8 -12 14 27 55 26 -16 19 -7 38 -20 -1 -15 -5 -17 -4 54 -9 60 -25 32 46 61 47 -36 -37 -19 -6 -40 -21 42 -29 56 45 -43 -32 48 51 -49 58 -22 -53 -45 -2 -3 -44 -41 -51 -18 -10 -11
right_child=2 7 8 9 5 6 11 28 29 33 12 -13 -14 23 17 25 59 37 21 40 34 -23 -24 30 -26 -27 -28 41 -30 -31 31 -33 -34 -35 35 36 -38 -39 39 57 -42 44 43 53 -46 -47 -48 49 -50 50 -52 52 -54 -55 -56 -57 -58 -59 -60 -61 -62 -63
leaf_value=-2.3018375707726421e-06 7.0282036721263443e-05 -6.6901648687849835e-06 1.6947201041897179e-05 3.005135801231428e-05 -3.3389454776995078e-06 -1.2158618213599224e-05 -0.00058200464226581725 -1.2860742099111796e-05 5.117859262261109e-05 -1.387184341169499e-08 0.00036548816762811849 -0.00020551768420962115 5.5896895980543456e-05 2.1765941009436852e-05 4.7679946092506132e-05 3.3749396182800266e-06 4.7150155762276328e-05 0.00048800898572713583 -5.8709128043653349e-06 -5.9366812614517357e-05 -1.3122190204532965e-07 0.00033209488027051589 -1.0221940626764471e-05 8.2133056072506441e-06 9.4406476008167436e-06 -9.6960788969213481e-06 3.3838671537926013e-05 0.00025906971554476619 -2.7195368531428874e-05 0.00011810172038470633 -4.7182206562051409e-05 3.6541708665405189e-06 -0.00011252949132807037 1.0446074170385114e-05 -2.62227912023078e-06 0.0004255208922581893 0.00010008202102857871 0.0001698091406808792 1.8239882178472565e-05 6.7165646833046013e-05 -0.0002160054593549335 4.8088721435248324e-05 0.00020103964666198551 5.8090505755435647e-06 1.4688839088185467e-05 0.0002238495670069398 -7.5731585530667264e-06 -2.851520596163222e-05 -0.000160846613584878 9.8002198742784617e-06 -2.4016538494224236e-05 0.00027129061373334945 3.2047396085269014e-05 0.00024752206079327945 1.3854940845005711e-05 -1.7298006386931815e-05 6.9962306802412243e-05 0.00025433038193611212 -0.0001687518009151586 -2.6726363517604152e-06 2.928395782628195e-05 1.9697160410221528e-05
leaf_weight=395609.54697299004 1806.439877986908 72958.402313232422 66289.752457976341 37094.903579711914 42728.809429645538 1679.0062546730042 136.80170178413391 53678.546264648438 23383.749786496162 271681.76650667191 193.16003382205963 455.47527575492859 476.29724156856537 33571.348977088928 264.86951267719269 98201.753356933594 2294.9393310546875 130.58398067951202 247.45378267765045 470.9426189661026 3793.027752161026 121.86109805107117 230951.40368652344 192167.61095333099 40086.254684448242 90443.240905761719 48588.742431640625 210.53352606296539 110790.66833496094 1285.8717201948166 4519.5729118585587 78700.669769287109 904.00234985351562 107119.32889127731 5748.5400786399841 124.30298089981079 205.06362676620483 144.76440215110779 7804.3381757736206 641.08247470855713 601.76969289779663 1651.9282594919205 548.19489562511444 1567.108987569809 6802.5779535770416 337.68311595916748 24019.966196417809 18308.888893842697 260.88804244995117 197.43550956249237 870.78850340843201 185.7864887714386 402.63587069511414 106.24803423881531 74284.397443056107 158173.58596801758 812.67817306518555 202.42811584472656 1031.2732414007187 27959.180526733398 19795.119338035583 13842.418090820312
leaf_count=425576 1720 76853 65585 38646 40191 1481 110 50667 20135 266671 136 361 376 29895 229 95587 1933 95 222 412 3186 92 247232 188377 39589 84709 43645 183 105835 1011 4376 74847 780 107300 4948 85 163 105 6831 537 487 1495 439 1581 6184 274 25983 16222 224 152 716 140 316 87 74744 159174 685 153 838 25353 17883 15885
internal_value=-7.26479e-09 -4.67884e-06 1.12242e-05 -3.55923e-07 6.11684e-06 -8.70181e-06 -8.45331e-05 -1.27911e-05 2.49472e-05 6.13247e-06 -5.3144e-06 -0.000294143 0.000146047 9.16398e-06 1.99931e-05 -8.98037e-06 1.93012e-05 0.000188759 -4.45926e-05 -6.49788e-05 -6.54607e-06 0.000106834 -5.22122e-06 6.28804e-06 1.93471e-05 -2.89182e-06 2.4092e-05 1.89543e-05 -2.25171e-05 4.33737e-05 4.55766e-06 -1.93829e-06 -1.68858e-05 3.5348e-06 -2.03977e-05 9.76798e-06 0.00022473 0.000323146 1.847e-06 2.74655e-05 -0.000147476 4.27032e-05 7.96416e-05 6.70294e-05 2.90561e-05 7.81142e-05 -1.38486e-05 -2.77169e-05 4.54954e-06 -3.50563e-05 -9.2017e-05 1.44667e-05 0.000108248 2.14335e-05 1.51964e-05 -1.39497e-05 0.000122981 0.000112577 -0.000140092 1.10956e-06 4.11429e-05 9.41864e-07
internal_weight=2.37967e+06 1.68063e+06 699037 1.09639e+06 509439 86888.1 3713.31 584246 189597 469825 83174.7 592.277 669.457 422551 88668 419777 145133 540.218 3121.03 2751.72 82505.3 369.315 626561 333883 77181.2 188645 114878 88127.8 164469 44464.7 300312 108144 29443.5 392644 31128.6 6077.91 329.367 275.348 51376.7 8647.85 1072.71 12037 3244.76 3034.23 8792.19 1989.61 28539.5 25050.7 4642.34 20408.4 2099.5 4381.45 588.422 1673.36 76090.8 231132 1360.87 843.511 1228.71 30254.1 43178.9 285524
internal_count=2379727 1713724 666003 1140899 490458 78379 3165 572825 175545 468091 75214 471 512 412079 87821 416323 136516 429 2694 2380 74702 314 672808 324258 78235 180296 109230 87392 156502 39029 294363 105986 31139 389856 26990 5196 248 200 47712 7521 899 10928 2975 2792 7953 1769 30359 21794 3866 17928 1706 3642 456 1668 76464 236027 1124 690 990 27286 38018 282556
is_linear=0
shrinkage=0.05


Tree=8
num_leaves=63
num_cat=0
split_feature=293 52 52 59 36 56 220 50 16 51 52 16 16 0 51 357 322 10 51 198 358 266 42 156 355 12 361 186 361 174 201 48 52 291 52 205 23 52 218 198 53 312 53 75 50 164 52 48 16 335 164 19 48 26 0 205 69 1 0 360 198 36
split_gain=0.0434097 0.0213732 0.0169927 0.017202 0.00899801 0.00851382 0.00684858 0.00669456 0.00584615 0.00518924 0.00510147 0.00497267 0.00488204 0.00459681 0.00421497 0.00392418 0.00501954 0.00391968 0.00384772 0.00357485 0.00434397 0.00352036 0.00346491 0.0034571 0.00342892 0.00336493 0.00491479 0.00359415 0.00446373 0.00410517 0.00331577 0.00330942 0.00324015 0.00320764 0.00306621 0.00305687 0.00295937 0.00290642 0.00277923 0.00275336 0.00274936 0.00269135 0.00266647 0.00255009 0.00250508 0.00242176 0.00237517 0.003225 0.00231528 0.0021848 0.00214624 0.00214157 0.00207966 0.00243278 0.00205098 0.00201829 0.00316624 0.00196267 0.00253287 0.00284293 0.00227972 0.00193298
threshold=0.00024948050850071018 3.0776851417613223e-05 0.00040009511576499795 1.0000000180025095e-35 0.0056643341667950162 0.80306389927864086 0.00070782165857963275 6.2788083596387892e-05 0.0046499818563461312 0.00024624213983770465 0.0031841670861467723 0.0040521584451198587 0.0053218360990285882 0.011900587007403375 0.00024368174490518871 -1.0022478103637693 0.066115338355302825 0.053808620199561126 5.439424421638251e-05 0.0078178048133850115 -0.21414729207754132 0.0046854559332132348 0.0034533248981460933 0.0086143896915018576 0.24258558452129367 0.052284972742199905 -0.80302947759628285 0.042186375707387931 -0.33281953632831568 0.013828427996486427 0.00086370226927101623 0.084673490375280394 7.4061886152776432e-06 0.52403461933135997 2.2222317056730393e-05 0.0016095469472929837 0.00058535623247735213 0.000900361454114318 7.1663358539808555e-05 0.0065005377400666484 0.00066304786014370631 -0.041902445256710046 0.00021239010675344619 0.050594082102179534 0.00057320500491186987 0.0033814603229984645 3.5394714359426878e-05 0.062896691262722029 0.0012722835526801648 -0.097133453935384736 -0.0017995187081396578 0.0056483536027371892 0.063859205693006529 0.058562470600008971 0.011229654774069788 0.0006702443351969124 0.058094412088394172 0.05934156849980355 -0.0094238794408738596 0.26994004845619207 0.004680473357439042 0.0031652479665353899
decision_type=2 2 2 2 8 2 2 2 2 2 2 2 2 2 2 2 2 2 2 2 2 2 8 2 2 2 2 2 2 2 2 2 2 2 2 2 2 2 2 2 2 2 2 2 2 2 2 2 2 2 2 2 2 10 2 2 2 2 2 2 2 10
left_child=2 23 3 4 7 6 11 8 18 34 14 38 22 37 44 16 -13 41 32 21 -21 -19 -6 42 -15 27 33 -16 -29 -30 -28 -32 -1 -27 35 -5 43 52 51 -31 -39 -8 45 -10 -4 -2 -9 -48 -24 -23 -14 -3 53 -7 -40 -56 -57 -20 -59 -60 -61 -38
right_child=1 5 10 9 12 13 17 46 36 -11 -12 15 50 24 25 -17 -18 19 57 20 -22 49 48 -25 -26 26 30 28 29 39 31 -33 -34 -35 -36 -37 61 40 54 -41 -42 -43 -44 -45 -46 -47 47 -49 -50 -51 -52 -53 -54 -55 55 56 -58 58 59 60 -62 -63
leaf_value=-5.3267731644429263e-06 3.0930392357112341e-06 1.9914233968851562e-05 1.5306343531799079e-05 -1.6988183206743688e-05 -7.0593988381349535e-07 3.5334714768337295e-05 0.0002157185442817083 1.442397669070445e-06 -2.2949986815773617e-05 -2.9000753530565399e-05 5.3743188316342341e-05 6.6800752874362771e-05 -1.7380757844630044e-05 7.4530974777527081e-05 -2.0840852928951276e-06 2.9865255080376048e-05 0.00031730436809024895 3.2704511855447442e-05 -9.7867261566553336e-06 4.4270995597605163e-06 -0.00031263402495735487 6.3335558598265004e-05 -5.2629863009179799e-05 -1.9914113230218702e-05 0.00034188765381239596 -9.436043901732126e-06 -2.358033301888574e-05 -2.6595837000915028e-05 4.8846191559095151e-05 9.360684640716297e-05 -0.00039329365661874431 -0.00011679071961100225 2.9890185058883129e-06 0.00022143915062913471 -5.5362634999574078e-06 -0.00026706116212339009 2.2423249258709354e-05 5.2853055390959394e-05 1.9275409759272536e-06 0.00030058035642786883 1.1844298439562551e-05 -1.2452216173818106e-05 -8.5545823920281222e-06 -0.00028319422183599934 4.2545024607305133e-05 1.4033171446845442e-05 2.2323777264003966e-05 4.2377003938133009e-06 -2.6390516203734193e-05 -0.00017983723111982886 -1.2770111637984856e-06 -1.2030272715494259e-05 1.8587868637538773e-05 -0.00013734450392261017 2.9712979160021689e-05 0.00027359879249654262 -3.0103411587798274e-05 7.1666996034321523e-05 -1.8275544588925097e-05 -5.9676094054515847e-05 -0.00017402909315881898 2.8766331560843222e-06
leaf_weight=397229.10939526558 283009.32061052322 80861.689036726952 52414.343026161194 157456.41162490845 9584.216157913208 34115.425222396851 128.64309692382812 173697.06269359589 4088.030592918396 63892.613159179688 7780.6910400390625 873.23910522460938 35663.53385925293 4004.1521816253662 31783.989132881165 35377.635608673096 258.02432250976562 671.59753787517548 205239.6716119051 162.90519750118256 318.37196314334869 112.90334212779999 11936.142433166504 16252.92138671875 121.83017921447754 471.5216703414917 1065.7670426368713 1087.6202461719513 1320.688369512558 308.90261554718018 118.76545822620392 1092.20461165905 166124.60713613033 218.82825326919556 88124.745239257812 120.30767059326172 32107.550569534302 19237.235595703125 56280.820795059204 338.84170150756836 5191.3292694091797 12046.661224365234 40228.477698802948 94.374367713928223 10060.599039077759 61593.715240478516 39196.268585205078 66404.762908935547 28458.535293579102 485.10880017280579 49276.844680786133 5609.3699512481689 54467.261397004128 203.27527618408203 1688.7019805908203 226.00541687011719 137.03383636474609 525.00620031356812 4909.064887881279 2412.6939188241959 531.30326080322266 20869.137624740601
leaf_count=411093 291753 76206 49618 161305 9781 30561 101 173377 4317 59895 6586 771 41101 3336 28168 35994 188 533 199768 134 248 92 12069 15691 94 383 866 892 1086 253 93 872 165523 161 86400 132 34526 16764 50760 245 4397 10382 38997 82 8845 62805 35372 63955 31438 399 60518 5715 52099 176 1425 166 110 406 4381 2117 421 23785
internal_value=-6.79934e-09 1.03112e-05 -4.42671e-06 -5.75664e-06 -3.14017e-06 2.01127e-05 1.37152e-05 -1.66248e-06 -3.90593e-06 -1.63067e-05 1.47466e-05 1.63106e-05 -1.53347e-05 3.07568e-05 1.17199e-05 3.2801e-05 0.000124396 -2.00724e-05 -5.04128e-06 -8.99786e-05 -0.000205739 -4.5842e-05 -2.77338e-05 2.67247e-06 8.25872e-05 -1.45728e-06 -5.25534e-05 2.89699e-06 5.46694e-05 9.95524e-05 -8.79731e-05 -0.000144512 -2.87457e-06 6.41754e-05 -1.30055e-05 -1.71825e-05 1.15267e-05 2.88665e-05 1.21525e-05 0.000202469 4.41399e-05 -1.00064e-05 3.62649e-06 -2.89548e-05 1.96939e-05 5.04853e-06 5.03762e-06 1.09511e-05 -3.41462e-05 -0.000133869 -8.03867e-06 1.78418e-05 2.46633e-05 3.4304e-05 3.71855e-06 5.27975e-05 0.000159426 -1.07553e-05 -3.44739e-05 -4.15862e-05 -8.04175e-05 1.47236e-05
internal_weight=2.37967e+06 713664 1.666e+06 1.55794e+06 1.24835e+06 312579 195239 1.11343e+06 834131 309594 108063 181313 134919 117341 100282 36508.9 1131.26 13926.2 776971 1750.89 481.277 1269.61 49978.9 401084 4125.98 37807.1 2967.09 34840 3056.05 1968.43 2276.74 1210.97 563354 690.35 245701 157577 57159.1 113215 144804 647.744 24428.6 12175.3 384832 4182.4 62474.9 344603 279298 105601 40394.7 598.012 84940.4 86471.1 88786 34318.7 58332.6 2051.74 363.039 213618 8378.07 7853.06 2944 52976.7
internal_count=2379727 699897 1679830 1581762 1274030 290651 183224 1119123 846419 307732 98068 171335 154907 107427 91482 36953 959 11889 783709 1406 382 1024 53288 409246 3430 33019 2375 30644 2476 1584 1831 965 576616 544 247837 161437 62710 103997 134382 498 21161 10483 393555 4399 58463 354558 272704 99327 43507 491 101619 81921 82836 30737 52461 1701 276 207093 7325 6919 2538 58311
is_linear=0
shrinkage=0.05


Tree=9
num_leaves=63
num_cat=0
split_feature=219 56 53 53 276 52 211 12 198 49 16 292 178 186 361 199 51 358 51 36 218 218 48 219 321 276 312 46 346 361 46 354 358 109 24 219 52 292 355 334 49 197 276 212 219 219 211 48 270 236 343 171 336 199 336 333 359 361 292 182 358 48
split_gain=0.0417852 0.0212248 0.0173049 0.0137029 0.0085107 0.00822813 0.00656376 0.00648833 0.0119616 0.00731902 0.00648442 0.00639409 0.00631613 0.00598874 0.0121858 0.00609542 0.00560369 0.00554802 0.00534654 0.004915 0.00460148 0.00423504 0.00419939 0.00416773 0.00407075 0.00389166 0.00388758 0.00387268 0.0038414 0.00356692 0.0035508 0.00338876 0.00456746 0.00334756 0.00548589 0.00312157 0.00311765 0.00278972 0.0031082 0.00453063 0.00385626 0.00277758 0.00271996 0.00266818 0.0029578 0.0026596 0.00264278 0.00404486 0.0026003 0.00255555 0.00255235 0.00249942 0.00243896 0.00242214 0.00243103 0.00241263 0.00333932 0.00297514 0.00412834 0.00293273 0.00283112 0.00304633
threshold=9.5677845820318921e-05 0.80161944031715404 1.0000000180025095e-35 0.00013677878450835126 0.6967449188232423 0.00075452413875609647 4.1330909880343831e-05 0.048195561394095428 0.0078178048133850115 0.30617357790470129 0.0044362216722220191 1.8810546398162844 0.022408651188015941 0.040471812710165984 -0.22729983925819394 0.0014182574232108893 4.1539777157595388e-05 0.0079797888174653071 0.00068446347722783696 0.0052040179725736388 0.00016685223090462389 6.9091114710317938e-05 0.11627341434359552 1.4008229300088717e-05 0.0074701297562569388 0.64685946702957164 -0.010272044222801922 0.0019450741237960758 -0.051637390628457062 -0.84837841987609852 0.0062663794960826644 -0.26939634978771204 0.04642093554139138 18.71400356292725 0.0016619383823126557 0.00081584686995483946 0.0091404188424348849 -2.3854011297225948 0.083504009991884245 0.093646597117185607 0.055931000038981445 0.0043859735596925029 0.65677118301391613 5.1278122555231682e-05 8.1602706814010179e-06 0.00069532994530163716 0.00047518876090180134 0.072237890213727965 -0.0092488350346684439 -0.6866839826107024 0.51198494434356701 0.034835942089557655 -0.053941961377859109 0.00051862432155758153 0.079445902258157744 0.23578389734029773 0.13050105422735217 -0.021959136240184304 1.3373188972473147 -0.060620477423071854 0.072690542787313475 0.16432659327983859
decision_type=2 2 2 2 2 2 2 2 2 2 2 2 2 2 2 2 2 2 2 8 2 2 2 2 2 2 2 2 2 2 2 2 2 10 2 2 2 2 2 2 2 2 2 2 2 2 2 2 2 2 2 2 2 2 2 2 2 2 2 2 2 2
left_child=2 3 6 10 16 20 42 13 11 17 21 12 37 18 28 31 23 30 35 -6 46 -2 -14 -4 49 50 -17 -24 41 -13 -10 32 33 34 -16 -5 -7 -9 40 -40 -39 -15 -1 44 -8 -23 47 48 -3 -11 -12 53 -43 -33 -55 56 -42 59 60 -57 -59 -62
right_child=1 5 4 7 19 36 43 8 9 24 25 29 22 14 15 26 -18 -19 -20 -21 -22 45 27 -25 -26 -27 -28 -29 -30 -31 -32 51 -34 -35 -36 -37 -38 38 39 -41 55 52 -44 -45 -46 -47 -48 -49 -50 -51 -52 -53 -54 54 -56 57 -58 58 -60 -61 61 -63
leaf_value=-1.2946892762883628e-06 1.3150599724623435e-05 0.0002145504911608595 -8.9136780014537615e-06 -6.0025941905000063e-06 -1.4682004749144203e-05 3.6819788480606857e-05 4.0048397129135212e-07 -0.00022219247882748793 -0.00057261762710599342 -0.00033031861525653996 3.5074771164286403e-05 0.00027020537765296053 -0.00039717641059121013 -4.6289567225690304e-05 0.00055906841336284842 0.00044742867966932498 -1.39226472905127e-05 2.1962281713423191e-07 -2.7713912277852328e-05 -3.2890363219982905e-05 4.8577527894180845e-06 -1.2068717251197402e-06 6.8200884753998612e-05 3.522305912756981e-06 5.928751381448984e-05 3.7611715023179506e-06 0.00015780103055992715 -0.00012674613283619599 2.1624401466537455e-05 3.7215627454398255e-05 -0.00027950181302106744 1.9331186933806079e-05 -3.2768725206927634e-05 1.8975876686680903e-05 0.00018110375807723524 1.8884183580262351e-05 9.2000914306860894e-05 -0.00019209707619861682 0.00020668574811986008 4.999155853148751e-06 -0.00020249159429284598 -0.00031729941108601267 -8.9826210285327234e-06 -1.1622273991878106e-07 1.1652981458121716e-05 2.1122741055068779e-05 3.4943313323323518e-05 8.2888107081284107e-06 2.732985010108848e-05 -7.9773037582427022e-05 -1.409446283333835e-05 -0.00015489616998105385 -7.8708581872595983e-05 6.9216025780560489e-05 0.00024254146703342092 0.00018885843072387494 -3.0186324808071178e-05 4.2894115645228223e-05 -0.00017363494797338174 -4.9779801483142975e-05 7.2335720985716895e-06 0.00029187799810163255
leaf_weight=306658.65720248222 129816.92101860046 184.16249227523804 122010.46371459961 106077.13654327393 202182.96513366699 48551.822875976562 91522.919647216797 154.67786824703217 131.33139514923096 151.96683609485626 42232.120296478271 254.34629416465759 120.75872600078583 2018.7587146759033 126.99214589595795 141.26353514194489 156326.41262817383 146.33349108695984 26868.616302490234 45380.620193481445 54310.787338256836 140487.26957702637 303.31869041919708 150440.0361328125 365.51546847820282 16729.052146911621 634.02616822719574 1553.5991480350494 2049.3638496398926 459.52003133296967 515.40981864929199 2461.7850751876831 260.44855284690857 168.47637927532196 390.13266491889954 14296.563446044922 2701.29541015625 324.66744327545166 370.77695178985596 1100.8080862760544 326.91956746578217 192.73268759250641 184127.37622070312 202973.33779907227 161363.01623535156 14731.519378662109 30859.915588378906 51351.365707397461 52703.594452381134 305.80993390083313 2814.2299003601074 156.2545166015625 242.07328164577484 985.71355855464935 253.5746568441391 137.42791140079498 1945.5498561859131 944.47025263309479 162.89826679229736 1684.3977377414703 140.17769813537598 283.95671033859253
leaf_count=327770 124761 148 129397 97780 199186 42575 99957 128 101 121 42600 192 93 1662 92 98 152481 116 23396 49522 49439 129871 241 149776 286 17235 490 1265 1731 368 406 2143 214 136 318 12374 2156 279 271 917 260 151 195504 207817 165084 12771 27708 51645 48002 243 2802 124 195 805 188 100 1607 752 141 1408 119 209
internal_value=-6.45036e-09 9.69692e-06 -4.53045e-06 3.97807e-06 -1.06386e-05 2.19589e-05 -1.66427e-07 -7.6867e-06 -4.33065e-05 -0.00016965 9.66931e-06 -2.33891e-05 -3.41817e-05 -4.99538e-06 3.22822e-05 8.1657e-05 -6.37667e-06 -0.000277876 -7.54816e-06 -1.802e-05 1.71494e-05 6.48636e-06 -0.000113705 -2.04688e-06 -6.49757e-05 2.4355e-05 0.000211589 -9.48633e-05 -2.88972e-05 0.000120751 -0.000340606 6.0606e-05 0.000145316 0.000212866 0.000275718 -3.04657e-06 3.97316e-05 -1.33999e-05 -8.9899e-06 5.60272e-05 -2.50824e-05 -7.10791e-05 -4.17898e-06 4.15356e-06 7.58058e-06 9.12634e-07 2.20905e-05 1.82849e-05 2.79899e-05 -0.000164021 3.20025e-05 3.97655e-05 -0.000185435 4.8063e-05 0.000105014 -1.53791e-05 -5.51306e-05 1.15763e-05 6.2901e-05 -3.1591e-05 9.1267e-05 0.000198278
internal_weight=2.37967e+06 756683 1.62299e+06 516020 676340 240663 946645 169209 11884.6 1616.37 346811 10268.3 9554.4 157324 10081.6 5578.67 428777 793.075 147242 247564 189410 285036 1977.68 272450 823.292 61775.4 775.29 1856.92 4502.93 713.866 646.741 4803.38 946.05 685.601 517.125 120374 51253.1 7576.73 7422.05 1471.59 5950.47 2453.56 490786 455859 252886 155219 135099 104239 52887.8 457.777 45046.4 3857.33 434.806 3701.07 1239.29 5625.8 2272.47 3353.33 1531.5 1821.83 1368.6 424.134
internal_count=2379727 703233 1676494 481560 680362 221673 996132 151520 9623 1273 330040 8350 7790 141897 8347 4608 431654 623 133550 248708 176942 267403 1599 279173 650 62637 588 1506 3739 560 507 4020 760 546 410 110154 44731 6191 6063 1188 4875 2008 523274 472858 265041 142642 127503 99795 48150 364 45402 3260 346 3136 993 4596 1867 2729 1221 1508 1080 328
is_linear=0
shrinkage=0.05


Tree=10
num_leaves=63
num_cat=0
split_feature=217 53 52 53 51 219 49 51 48 52 15 48 202 27 202 262 52 219 345 310 217 276 51 276 334 209 200 327 278 1 277 108 167 48 360 109 358 144 36 348 16 109 265 36 16 272 1 327 360 149 52 16 36 108 359 217 53 73 337 16 192 181
split_gain=0.0401212 0.0188227 0.0166125 0.00997018 0.00984902 0.00945529 0.00762027 0.00734715 0.00688339 0.00558726 0.00512282 0.00756909 0.00692368 0.00636647 0.00586862 0.00566061 0.00505744 0.00492577 0.00462043 0.00433379 0.00418086 0.00406144 0.00380435 0.00322869 0.00315492 0.0030792 0.0038639 0.00300285 0.00298722 0.00340637 0.00283203 0.00276977 0.00285551 0.00274421 0.00341755 0.00382328 0.00317806 0.00269705 0.00269055 0.00261839 0.0025446 0.00390872 0.00307106 0.0027399 0.00273736 0.00239083 0.00236272 0.00234222 0.00230527 0.00228366 0.00240259 0.00227235 0.00226713 0.00222447 0.00218532 0.00214463 0.00248814 0.00225732 0.00255079 0.0021445 0.00212888 0.00206783
threshold=0.00010455901792738588 1.7697489056445196e-05 0.00034575456811580812 0.00031936165760271257 0.00046256363566499209 5.3778838264406665e-05 1.0000000180025095e-35 4.8695574150769978e-05 0.062896691262722029 1.7697707335173621e-05 0.049962410703301437 0.10049938410520555 0.0017254092963412406 0.042465308681130416 0.0017254092963412406 0.0057323370128870019 7.9409915088035649e-06 0.0017898385995067658 -0.07455436140298842 -0.0083142137154936773 0.00045073077490087604 0.15000271797180179 0.00020929684251314032 0.12000125646591188 0.40865072607994085 0.00056235314696095895 0.0013612984330393376 0.0037737713428214197 0.80000489950180065 0.05934156849980355 0.65779438614845287 88.194942474365249 0.0020927366567775611 0.14597494155168536 -0.14711481332778928 17.665376663208011 -0.048522565513849251 0.0052691812161356219 0.0061638124752789744 -0.0078303338959813101 0.0050937475170940169 11.619381427764894 0.0018838963005691769 0.0034379865974187855 0.00061498020659200858 0.014261422213166954 0.061011254787445075 -0.0015890990616753695 -0.018842295743525025 0.017140393145382408 0.0091404188424348849 0.0044362216722220191 0.0059104363899678001 15.378505229949953 0.078018549829721465 0.00054165220353752385 0.0001460752610000782 0.062895093113183989 0.11684210598468782 0.0053218360990285882 0.044816691428422935 -0.039668625220656388
decision_type=2 2 2 2 2 2 2 2 2 2 2 2 2 10 2 2 2 2 2 2 2 2 2 2 2 2 2 2 2 2 2 2 2 2 2 10 2 8 10 2 2 10 2 8 2 2 2 2 2 8 2 2 8 2 2 2 2 2 2 2 2 2
left_child=1 5 3 8 17 21 -5 16 9 -2 13 18 24 25 27 -16 -3 37 -12 -17 40 -1 52 53 -13 61 -27 60 -9 47 39 -11 -33 34 -31 36 -36 55 46 -28 41 44 43 -42 -10 -14 51 -30 -29 50 -19 -23 -8 -7 -32 56 -4 -57 -59 -40 -15 -6
right_child=2 7 4 6 10 23 22 28 20 31 11 12 45 14 15 19 -18 49 -20 -21 -22 38 -24 -25 -26 26 30 48 29 33 54 32 -34 -35 35 -37 -38 -39 59 -41 42 -43 -44 -45 -46 -47 -48 -49 -50 -51 -52 -53 -54 -55 -56 57 -58 58 -60 -61 -62 -63
leaf_value=4.0047290217423169e-06 8.4160327146069366e-06 -1.1714789674952866e-05 3.0015374009681007e-05 -0.0003395988721394803 7.8745582443509336e-05 2.9588927468300133e-05 2.5234690872045405e-06 -1.2568310374976451e-05 -5.0108689174340556e-05 2.1489475353507106e-05 -0.00042902595932749091 -2.6333909400229661e-05 -0.00013561889130135306 9.9125530617492799e-05 -2.5598790778881814e-05 0.00045565934106579276 7.5416322343379979e-07 5.0016410377248077e-05 -4.7672490880373947e-05 0.00016810641717580422 1.4887244026157523e-05 -4.3533745195999231e-06 -2.2962468205630965e-05 5.0995524359869507e-06 0.00010547326410243141 -1.3999492309619804e-05 0.00012804626214143965 -0.00021939707896792695 -2.5484070285690487e-06 -3.5236202001270318e-05 -0.0003670838986003405 3.2811910717147252e-05 8.0635955193552906e-05 -1.9837512893635294e-05 -0.00034754371199995472 -6.2746188843309451e-05 -0.000145035087449504 -5.0055850712388013e-05 -2.6230538745645448e-05 -0.00010517380878532538 2.2868691593551083e-05 2.0144945622580773e-06 2.5881105458791814e-05 -6.1827874813442233e-06 -1.0345357017685336e-05 -0.00038001830503247517 -3.2149380605805282e-05 -2.3998884523367195e-05 2.0981027562589118e-05 -7.6583729960145709e-05 0.00010294601108905631 8.9967899207736332e-06 -2.4292094756264291e-05 8.8029599839762703e-06 -0.00013596735570945605 4.1369398545383744e-05 1.0506393981780352e-05 -4.4395674990332212e-06 -0.00024561368887577413 -8.0862481460744251e-06 1.5756168046956734e-05 4.6447257528981243e-06
leaf_weight=153187.1936814785 94550.80083990097 205166.16632080078 43342.469461560249 172.500244140625 990.49295425415039 25492.259506225586 51604.971381902695 127268.51330566406 5139.7570303678513 59626.966527104378 201.85019814968109 2602.822851896286 409.72834444046021 1350.8369216918945 231.96321105957031 197.77639997005463 134722.03729248047 14827.936807274818 131.03357946872711 393.48969805240631 76611.080078125 465004.12578523159 31555.358803033829 206464.04156494141 547.82463192939758 5753.5157089233398 161.9901819229126 188.69173085689545 14446.532341003418 1895.7694590091705 144.0407212972641 12978.036103367805 4110.4328577518463 2821.0768718719482 260.08487939834595 1104.8835228681564 769.41295850276947 1132.7092714309692 24317.272338867188 451.20962536334991 11562.319557309151 206944.90271759033 21959.176086425781 27215.14973449707 27366.281147003174 132.452796459198 7267.9923439025879 106888.10147857666 208.45437204837799 320.92996060848236 2507.5836715698242 34218.241856217384 9301.0049285888672 26001.054946899414 357.18390989303589 28839.250932693481 26241.102316737175 1002.4048465490341 121.11102259159088 49302.298706054688 1766.5757102966309 18323.096725463867
leaf_count=164623 90613 210152 39926 183 810 26387 48173 122673 4950 53859 158 2068 326 1100 180 137 131535 12391 103 294 74187 480129 28308 204723 447 4771 121 148 12483 1673 111 11062 3373 2418 200 989 633 1007 27031 366 11933 205984 23757 31382 28033 103 6881 102045 164 271 1999 39572 9404 25581 290 24964 23492 827 103 61295 1423 15966
internal_value=3.03678e-08 -4.5607e-06 9.20925e-06 5.67541e-06 2.40188e-05 -3.40151e-07 -9.49585e-06 -1.1588e-05 8.23968e-06 1.6551e-05 5.30185e-07 -5.24703e-05 -3.1811e-05 7.5243e-06 6.36137e-05 0.000183616 -6.77248e-06 3.08755e-05 -0.000280094 0.000265504 4.46186e-06 -3.23649e-06 -8.87266e-06 7.89324e-06 -3.36332e-06 -1.77282e-06 -3.05226e-05 3.54167e-05 -1.7995e-05 -2.33825e-05 -0.00011565 2.65768e-05 4.43235e-05 -5.76799e-05 -8.41464e-05 -0.000127515 -0.00019677 2.66025e-05 -5.14865e-06 -4.33476e-05 1.80111e-06 -5.17379e-07 1.09413e-05 2.48026e-06 -1.66353e-05 -0.000196502 -3.8504e-06 -2.1445e-05 -9.37543e-05 5.52348e-05 5.76837e-05 -3.43828e-06 -1.57222e-06 1.9094e-05 -0.00020358 2.74758e-05 2.26587e-05 3.86603e-05 -3.08275e-05 -1.408e-05 5.19222e-05 8.45273e-06
internal_weight=2.38018e+06 1.5866e+06 793579 640699 152881 991254 92633.8 595343 548065 171266 34545 4025.71 3692.83 30519.3 4337.79 823.229 339888 118335 332.884 591.266 376799 733297 92461.3 257957 3150.65 26181.5 6867.94 3514.56 255454 128186 1114.42 76715.4 17088.5 6851.23 4030.15 2134.38 1029.5 100679 580110 613.2 300188 239451 60736.6 38777.5 32506 542.181 506490 121335 397.146 17656.5 17335.5 499222 60906 51493.3 501.225 99546.3 69583.6 29962.8 1123.52 73619.6 3117.41 19313.6
internal_count=2380290 1621023 759267 625201 134066 1036222 86068 584801 539133 158907 29086 3205 2944 25881 3446 611 341687 104980 261 431 380226 779531 85885 256691 2515 22435 5659 2835 243114 120441 888 68294 14435 5913 3495 1822 833 90319 614908 487 306039 238967 67072 43315 32983 429 526582 114528 312 14661 14390 519701 57577 51968 401 89312 63418 25894 930 88326 2523 16776
is_linear=0
shrinkage=0.05


Tree=11
num_leaves=63
num_cat=0
split_feature=217 53 52 52 218 51 13 198 52 46 337 49 321 52 199 361 35 173 174 46 46 213 48 333 51 266 199 53 53 212 179 177 239 213 47 360 313 16 109 278 344 109 179 226 327 52 49 108 47 361 204 177 16 206 31 277 174 345 278 197 361 13
split_gain=0.0364327 0.0184253 0.0133998 0.0117233 0.00838257 0.00720614 0.00699769 0.0122032 0.00699608 0.00662445 0.0065367 0.00647552 0.00645898 0.0057522 0.00568215 0.0109243 0.00969622 0.00824554 0.00596733 0.00593929 0.00501024 0.0049386 0.00483492 0.00401967 0.00392853 0.0039158 0.00359359 0.00354038 0.00339884 0.00336006 0.00328105 0.00404313 0.00663199 0.00312164 0.00307197 0.0105232 0.00303708 0.00302246 0.00395248 0.00294885 0.00312435 0.00285659 0.00300659 0.00319807 0.0028395 0.00268206 0.00264664 0.00261766 0.00260416 0.00259337 0.00256176 0.00262555 0.0023946 0.00238853 0.002857 0.00245382 0.00228504 0.00228384 0.00224543 0.00335376 0.00221341 0.00220951
threshold=0.00014635101979365575 2.0187949303362988e-05 0.00049672918976284574 7.4079969181184433e-06 0.00023625359608558941 5.439424421638251e-05 0.051318960264325149 0.0078178048133850115 1.0000000180025095e-35 -0.0055934584233909837 0.12349491193890573 0.29951329529285436 0.0041235641110688457 1.0000000180025095e-35 0.0010813524713739755 -0.72181621193885792 0.02723648771643639 -0.030152208171784874 0.025095602497458461 0.016880244947969917 0.019850295968353752 0.00018010609346674758 0.064844809472560896 0.55471357703208934 0.00031858251895755535 0.0072191639337688693 0.00061583580099977564 0.00023826883989386263 0.00033552254899404948 5.3783165640197701e-05 0.016840090975165371 0.07279421761631967 -1.2621047496795652 1.1670623734971743e-05 1.0000000180025095e-35 0.26994004845619207 0.041541524231433875 0.0050937475170940169 5.4423933029174814 0.79942303895950328 0.076924283057451262 88.855407714843764 0.0058783416170626887 -1.0735588073730467 -0.00097581971203908313 3.6414694477571181e-05 0.22937662154436114 106.19893646240236 0.01852483302354813 0.36903147399425512 0.00064811465563252579 0.01046931464225054 0.0007204163121059538 0.0015423211734741928 0.042447088286280639 0.58765867352485668 0.034090176224708564 0.081182863563299193 0.2300156578421593 0.001571017026435584 0.58778533339500438 0.047191264107823379
decision_type=2 2 2 2 2 2 2 2 2 2 2 2 2 2 2 2 8 2 2 2 2 2 2 2 2 2 2 2 2 2 2 2 2 2 2 2 2 2 10 2 2 10 2 2 2 2 2 2 2 2 2 2 2 2 10 2 2 2 2 2 2 2
left_child=1 3 4 33 8 13 9 10 34 24 23 -9 -12 -3 30 -16 -17 -18 46 39 -13 29 41 25 57 50 -24 -6 45 -5 36 47 -33 -1 35 -2 -11 38 52 40 -20 -10 -43 -44 56 -7 -19 61 -26 -28 -8 60 -35 54 -50 -55 -29 -4 59 -42 -52 -32
right_child=2 5 6 21 27 28 7 11 22 14 12 20 -14 -15 15 16 17 18 19 -21 -22 -23 26 -25 48 -27 49 44 -30 -31 31 32 -34 37 -36 -37 -38 -39 -40 -41 58 42 43 -45 -46 -47 -48 -49 53 -51 51 -53 -54 55 -56 -57 -58 -59 -60 -61 -62 -63
leaf_value=-7.1211752520510118e-06 -8.2938622385000594e-06 -1.1347465137467322e-05 3.9690379973000975e-05 9.3301358497638134e-06 1.5765003626102681e-06 -1.8034967136669477e-05 5.3311369489669748e-05 -0.00030275783315551687 2.2136200892653234e-05 5.333400014736144e-05 -3.3185494678849791e-05 -1.3413148355304333e-06 -0.00046332587160437353 1.2421023057292908e-06 -0.00011332880929824093 0.00047065415582387869 0.00039617297103431256 -0.00017902581484913646 9.7528001924570792e-05 -0.00011299209098817451 -0.00032567957304498798 1.9230754111368972e-05 9.0225975641500204e-06 0.0001182214809462187 0.0001317925852922512 -7.4504705111585524e-05 1.8662144747769016e-05 4.1810711342620349e-06 -2.5089145042014433e-05 -1.1780264040521925e-06 -3.0468793152564874e-05 0.00040686944670045985 2.620442240626911e-05 -5.8758975241793757e-05 3.5317797411165576e-06 -0.00066361098573120079 0.0002364737329428316 9.5016251441117028e-06 -1.0091085394367801e-06 0.00039147653692317181 0.00036866901254771581 3.6393513134764933e-05 -5.9658718181360875e-05 0.00011536459299450813 -2.4839604542052419e-05 -6.1852746569888816e-06 3.464382452719427e-05 0.00013209053686366137 5.368661665881027e-06 6.4182431526754627e-05 5.8650578803149041e-05 -0.00019396871128624424 -1.5291666975193997e-05 -6.9322933951521402e-06 0.00011080823895730377 -0.00012613658685410202 0.00020320032633062971 1.9555541834952351e-05 0.00038472460335762756 8.5639133244885541e-05 -0.0001145966110986592 -0.00024557082875037434
leaf_weight=320855.8755967617 311.03886675834656 205412.31233215332 33302.660682797432 170737.1438293457 66879.434707641602 110130.69205474854 2808.0344694852829 496.72812950611115 55502.810046553612 9921.4875478744507 233.07429647445679 576.13045966625214 137.84094405174255 162509.61851501465 467.46654331684113 211.44532108306885 250.21867871284485 177.62727189064026 930.5983202457428 195.10763072967529 148.09453582763672 71548.548248291016 137786.00204086304 902.24951457977295 402.89539337158203 1212.7809023857117 8052.2533321380615 8650.8983535766602 80968.505432128906 137205.83856201172 2360.9030746221542 145.79547953605652 508.06816792488098 3829.3613600730896 182954.60607910156 74.301785707473755 229.867431640625 63221.731750488281 337192.15169763565 145.67424142360687 155.67794299125671 11919.579227209091 292.9037264585495 2314.0409841537476 29716.640716552734 84312.178550720215 748.27060830593109 236.37682116031647 18680.895436167717 5118.0464916229248 561.02453577518463 213.22318708896637 18328.740879058838 1189.2727905511856 663.35108864307404 675.96989285945892 144.67350006103516 24414.79735648632 190.28128933906555 316.5658677816391 272.12224781513214 123.81899261474609
leaf_count=354011 431 209893 29403 175130 62440 107292 2251 389 50240 8423 223 456 107 158881 379 149 181 138 761 161 116 68047 136218 728 336 1004 7020 7478 75556 136611 1993 103 407 3855 185686 57 182 72342 337920 101 106 10122 257 1793 26329 78639 596 188 16069 4315 437 171 19494 979 502 537 109 21846 131 250 223 98
internal_value=2.87716e-08 -3.61828e-06 1.05213e-05 2.47122e-07 7.18124e-06 -1.03652e-05 2.68584e-05 -1.946e-05 1.04549e-05 3.04826e-05 8.43068e-06 -0.000164072 -0.000194663 -5.78673e-06 5.85011e-05 0.000112609 0.000144457 0.000121991 9.77412e-05 0.000147673 -6.83785e-05 7.39764e-06 1.64455e-05 2.11111e-05 2.43657e-05 3.78001e-06 1.1408e-05 -5.37773e-06 -1.64815e-05 4.64818e-06 4.33302e-05 6.20247e-07 0.000112065 -3.40295e-06 3.23402e-06 -0.000137427 5.75268e-05 -5.79713e-07 -2.3534e-06 0.000177019 0.000156942 2.73039e-05 4.70429e-05 9.56692e-05 -1.74537e-05 -1.2897e-05 -6.64478e-06 -2.62219e-05 6.18179e-06 3.63586e-05 2.8438e-05 -3.82864e-05 -2.28083e-05 3.78349e-06 8.99547e-06 -5.02211e-05 7.50008e-06 3.11742e-05 0.000239853 0.000180103 1.92569e-06 -4.13767e-05
internal_weight=2.38018e+06 1.76625e+06 613924 1.12292e+06 509717 643333 104206 7561.3 404326 96645.1 6340.35 1220.95 370.915 367922 17315.3 3788.93 3321.47 3110.02 2859.8 1933.91 724.225 379492 220986 5969.43 79329.8 5067.19 150956 105392 275411 307943 13526.3 3374.96 653.864 743428 183340 385.341 10151.4 422572 359350 1738.8 1593.12 70029.3 14526.5 2606.94 38512.2 194443 925.898 2721.1 21612.4 13170.3 3854.4 1046.37 22158.1 21209.5 19344.2 1865.24 8795.57 57717.5 662.525 472.244 833.147 2484.72
internal_count=2380290 1797671 582619 1167410 492495 630261 90124 6105 396139 84019 5144 961 330 368774 14347 2953 2574 2425 2244 1510 572 379788 209965 4814 69672 4086 147553 96356 261487 311741 11394 2789 510 787622 186174 488 8605 433611 361269 1349 1248 62412 12172 2050 33916 185931 734 2279 18423 11335 3082 831 23349 18087 16571 1516 7587 51249 487 356 660 2091
is_linear=0
shrinkage=0.05


Tree=12
num_leaves=63
num_cat=0
split_feature=217 53 58 51 220 213 213 213 73 361 259 0 198 200 358 176 113 2 199 2 53 213 145 357 45 199 2 204 0 361 0 31 198 361 213 36 51 14 360 211 53 174 201 358 174 292 264 1 36 36 16 103 12 292 22 259 198 0 245 213 304 1
split_gain=0.033414 0.0151858 0.0143477 0.00818741 0.00630018 0.00589057 0.0051777 0.00494439 0.00467847 0.0053489 0.00610409 0.00536021 0.00543329 0.00445174 0.00442968 0.00543424 0.00482241 0.00442709 0.0048733 0.00421722 0.00419841 0.00418594 0.00411809 0.00399952 0.00380464 0.00339798 0.00322227 0.00476281 0.00492619 0.00376439 0.00437796 0.00362861 0.00299422 0.00290606 0.00281435 0.00279147 0.00315449 0.00274786 0.00272489 0.00271171 0.00270309 0.00265315 0.00263762 0.00260678 0.00259114 0.00257278 0.00255189 0.00253602 0.00251061 0.00249931 0.0024985 0.00241088 0.00234837 0.00231308 0.0022755 0.00225708 0.00348845 0.00988373 0.00526989 0.0022444 0.00224191 0.00223113
threshold=8.7018070189515142e-05 1.0000000180025095e-35 1.0000000180025095e-35 0.00014607272896682846 0.00014836933405604216 0.0011704695643857124 8.3882205217378228e-05 6.9180445279926075e-05 0.062895093113183989 -0.81343799829483021 0.49765110015869146 -0.025389432907104489 0.0025443386984989051 0.0010667272144928577 -0.18672074377536771 0.01370728248730302 0.110470749437809 0.0012745967833325269 0.0014182574232108893 -1.0000000180025095e-35 0.00017799584747990596 0.00016221927216975021 inf -0.10082842037081717 0.00033408177841920411 0.00057887673028744768 -1.0000000180025095e-35 0.00030517420964315539 0.010684328153729441 -0.26992821693420405 -0.0053244882728904477 0.063430134207010283 0.0078178048133850115 0.078465770930051817 0.00026469782460480934 0.0048020083922892818 3.5395400118432015e-05 0.064941238611936583 -0.58913797140121449 2.7339813641447112e-05 0.00028906436637043958 0.034090176224708564 0.0011069004540331664 0.04807753115892411 0.016915813088417057 -0.69439056515693653 -0.0021057525882497426 0.049737693741917617 2.1185540390433747e-05 0.0056643341667950162 0.0061223218217492112 -1.0000000180025095e-35 0.039548825472593314 0.08188993483781816 0.0047363212797790774 0.27326424419879919 0.0078178048133850115 0.00055866182083264004 -0.19461066275835034 1.1670623734971743e-05 0.012708159629255535 0.05934156849980355
decision_type=2 2 2 2 2 2 2 2 2 2 2 2 2 2 2 2 2 2 2 2 2 2 8 2 10 2 2 2 2 2 2 10 2 2 2 10 2 2 2 2 2 2 2 2 2 2 2 2 8 8 2 8 2 2 2 2 2 2 2 2 2 2
left_child=1 6 3 7 21 20 59 -2 17 10 23 13 33 -11 16 -16 44 40 -19 -17 34 39 25 53 -12 42 29 28 38 43 45 32 -32 -13 -4 36 -6 -29 -28 -3 -5 -20 48 -27 -14 -31 -40 -30 -9 -22 -8 -7 -45 -10 -48 56 -42 -58 -59 -1 -43 -38
right_child=2 4 5 8 35 51 50 22 9 11 24 12 14 -15 15 19 -18 18 41 -21 49 -23 -24 -25 -26 26 27 37 47 30 31 -33 -34 -35 -36 -37 61 -39 46 -41 55 60 -44 52 -46 -47 54 -49 -50 -51 -52 -53 -54 -55 -56 -57 57 58 -60 -61 -62 -63
leaf_value=-5.6617432811733996e-06 1.7151538865257609e-06 -1.3297078015730527e-05 1.4539991781312347e-05 -1.9492488447417015e-06 -7.0952858929286875e-06 4.1085434518058908e-05 4.6891386525989477e-06 3.4905081314237853e-05 3.8607250277020806e-05 0.00013050682392432367 1.5696778196855555e-06 -8.374256063606463e-05 -4.341152612087604e-05 -0.00013867619182055053 -0.00010593160045356213 -0.00042175792079007861 -0.00012698682570846224 1.7533247206075115e-05 3.4018291147422596e-05 -0.00017771846451527894 7.3675551417377015e-06 8.1206921925374294e-06 -0.00026030959576405497 6.9777263253669751e-05 0.00032814746817689481 1.5219938450735207e-05 0.00018011870053332896 4.4576966880409695e-05 0.00041379649688694486 -0.00013581808480322868 1.410651130355685e-05 -0.00022154221818465733 0.00019304437051316287 4.4497840483377555e-05 2.8973077720342964e-05 -3.2269592885340173e-05 -1.8615708479929173e-05 -7.6594718045547722e-05 0.00026040399346612749 -4.6558600901749187e-06 -1.3569941635968372e-05 0.00034296150818666714 5.4844436550320048e-05 -3.2733064497565058e-05 0.00018992502823195879 8.2158596742160916e-05 -2.1882874519921487e-05 0.00016475236857978141 8.3584688403940136e-06 -3.2000774152098334e-05 2.044690968453175e-05 -0.0001545288513880213 -0.00022574496658815037 -0.00019829100005982925 0.0001133032375931095 -3.9692953701006919e-05 -6.7259791114465184e-05 0.00050906659849841876 0.00012220772511951989 1.6501439529460526e-07 0.00010501301654073237 -4.7993813933277141e-05
leaf_weight=279079.99794173241 229904.91085469723 165752.77955150604 86654.081340432167 104267.64179670811 73095.592532873154 27526.53367125988 141657.39352416992 9262.9049047231674 147.17247092723846 554.25345134735107 139.23840701580048 828.59064209461212 235.3720326423645 210.34864807128906 1179.4648718833923 303.82058155536652 801.63655471801758 11256.896275877953 269.73860168457031 433.38794505596161 58801.842725992203 41887.261138916016 137.07787001132965 555.26421272754669 246.17135512828827 5081.3539843559265 522.56178069114685 2397.2581558227539 176.54913210868835 137.81639683246613 7745.3518708944321 157.23834991455078 239.085693359375 941.83050441741943 55356.270690917969 27545.465942382812 109330.46711373329 579.31300354003906 126.27997899055481 200748.05174732208 33618.036542892456 221.51893544197083 3232.0123243331909 2857.0033402442932 237.34848296642303 4506.5122599601746 860.77582323551178 250.24805569648743 230328.23072719574 4326.2701508998871 30585.527282714844 156.50343811511993 164.90039253234863 337.19529843330383 485.17256200313568 8635.8299560546875 441.40724039077759 150.20617640018463 212.92497432231903 405244.46032714844 182.12307810783386 6867.8501434326172
leaf_count=307623 240051 172169 86147 98804 71308 23017 137691 7956 118 470 116 700 192 176 952 239 673 9905 215 358 53713 39586 177 458 177 4342 401 1922 122 110 6745 133 182 844 50223 28481 102415 485 94 201026 30316 159 2739 2552 180 3657 754 188 219072 4294 32888 146 139 268 394 7201 360 106 165 418271 151 5774
internal_value=2.73725e-08 -4.58544e-06 7.63576e-06 3.89852e-06 -1.051e-05 1.83192e-05 -2.60969e-07 7.1005e-06 -5.70605e-06 -4.52641e-05 4.13741e-05 -6.68327e-05 -8.5821e-05 5.62837e-05 -0.000124775 -0.000172783 -5.2413e-05 -3.92923e-06 2.53634e-05 -0.000279162 1.53973e-05 -6.85264e-06 1.16989e-05 -2.1712e-05 0.000210781 1.18394e-05 2.89149e-05 6.33451e-05 0.000115386 2.00123e-05 3.69075e-05 1.48029e-05 1.95116e-05 -1.55479e-05 2.01664e-05 -1.7398e-05 -1.52336e-05 2.09584e-05 8.22351e-05 -8.56397e-06 -6.30162e-06 0.00015582 9.9906e-06 -6.64908e-06 7.40511e-05 7.56347e-05 4.72945e-05 0.000269222 9.38508e-06 4.66865e-06 7.48748e-06 3.99685e-05 -4.34078e-05 -0.000126448 2.69433e-05 -1.68405e-05 -1.11053e-05 9.16573e-05 0.000284141 -2.21125e-06 0.000236646 -2.03529e-05
internal_weight=2.38018e+06 1.48179e+06 898381 665560 625227 232822 856567 499153 166407 7151.1 1425.04 5726.05 4961.45 764.602 3191.03 1916.67 1274.36 159256 11930.3 737.209 205138 408388 269248 1039.63 385.41 269111 26287.4 5398.16 2421.59 20889.3 12786 8141.68 7984.44 1770.42 142010 216839 189294 2976.57 1994.79 366501 147326 673.381 242823 8103.26 472.721 4644.33 1472.23 426.797 239591 63128.1 172243 27683 3021.9 484.368 1345.95 43058.4 34422.6 804.538 363.131 684324 403.642 116198
internal_count=2380290 1517232 863058 645518 620759 217540 896473 492215 153303 5921 1137 4784 4138 646 2594 1549 1045 147382 10430 597 194377 412781 252164 844 293 251987 22220 4360 1953 17860 10827 7060 6927 1544 136370 207978 179497 2407 1643 373195 136952 525 229767 7033 372 3767 1242 310 227028 58007 170579 23163 2691 386 1148 38148 30947 631 271 725894 310 108189
is_linear=0
shrinkage=0.05


Tree=13
num_leaves=63
num_cat=0
split_feature=219 154 218 53 217 276 13 198 186 49 199 292 178 337 327 46 304 330 48 363 1 327 327 327 0 359 220 189 297 0 49 337 201 327 202 198 332 0 49 108 213 276 356 16 357 48 313 108 1 271 349 197 344 0 112 183 48 359 321 0 219 218
split_gain=0.030958 0.0163183 0.0130431 0.00928489 0.00793081 0.0066614 0.00582171 0.0108628 0.0094423 0.00910947 0.00903339 0.0066936 0.00753156 0.00813419 0.00588083 0.00581469 0.00782257 0.00557101 0.00480118 0.005565 0.00464206 0.00603165 0.00446696 0.00423655 0.0041508 0.00409357 0.00409262 0.00405421 0.00402523 0.00398433 0.00489443 0.00395438 0.00417838 0.00392462 0.00719416 0.00988902 0.00477748 0.00423298 0.00394209 0.00383023 0.004422 0.0041188 0.00374657 0.00367342 0.00365287 0.00435986 0.00346102 0.00341736 0.00725303 0.00470109 0.003401 0.00336505 0.00334195 0.00328612 0.00369463 0.00328261 0.00322389 0.00318049 0.0034205 0.00329762 0.00315193 0.00316805
threshold=0.00020498998492257672 1.5237284683746773e-19 0.0002871405595215038 1.0000000180025095e-35 0.00045073077490087604 0.44759121537208563 0.051318960264325149 0.0078178048133850115 0.040471812710165984 0.3084039986133576 0.0014182574232108893 1.9968105554580691 0.012660154141485693 0.12349491193890573 0.0037737713428214197 0.016880244947969917 -0.018825998529791829 0.38742783665657049 0.35595980286598211 0.84429225325584423 0.067955501377582564 0.002306456677615643 -0.0015890990616753695 -0.0006455783441197126 0.011229654774069788 0.58300122618675243 0.00045410095481202012 0.051896322518587119 0.007231704657897354 0.00065174335031770181 0.31533735990524298 -0.082593057304620729 0.00096771266544237744 -0.0024407136952504511 0.0017254092963412406 0.0078178048133850115 0.44501757621765142 -0.027545910328626629 0.34029145538806921 15.445060729980471 0.0011704695643857124 0.18000075221061709 0.0017275235732086005 0.0031926666852086787 -0.068777561187744127 0.10049938410520555 0.03367192670702935 110.62450027465822 0.049737693741917617 0.0019149584695696833 -0.098031792789697633 0.0039571214001625785 -0.043787546455860131 -0.0097716161981224996 -1.1051062941551206 -0.013485418632626532 0.10987821966409685 0.11193222925066949 -0.0085860216058790666 -0.0099997236393392069 2.6562644052319232e-05 5.976539432595019e-05
decision_type=2 2 2 2 2 2 2 2 2 2 2 2 2 2 2 2 2 2 2 2 2 2 2 2 2 2 2 2 2 2 2 2 2 2 2 2 2 2 2 2 2 2 2 2 2 2 2 2 2 2 2 2 2 2 2 2 2 2 2 2 2 2
left_child=1 3 4 23 28 60 8 11 33 42 14 12 57 52 18 16 -12 -11 27 -20 22 53 -5 -1 -6 -13 -24 31 39 30 -18 51 -33 -4 37 36 46 38 -35 40 41 -2 -9 -39 56 -46 -36 -26 49 -49 -19 -10 -14 54 -22 -55 -34 -8 -59 -60 -3 -62
right_child=2 5 6 20 24 -7 7 9 10 17 15 25 13 -15 -16 -17 29 50 19 -21 21 -23 26 -25 47 -27 -28 -29 -30 -31 -32 32 44 34 35 -37 -38 43 -40 -41 -42 -43 -44 -45 45 -47 -48 48 -50 -51 -52 -53 -54 55 -56 -57 -58 58 59 -61 61 -63
leaf_value=6.7630448410052336e-06 3.9962836791269172e-05 2.1859559338165135e-06 4.2734604737562416e-05 8.1804467093883972e-06 2.9809929976813868e-05 -1.8290961378247025e-06 -0.00011817085636535005 -0.00034244718175902722 1.1799535182030691e-05 -0.00034930794639558233 0.00050180835367481108 0.0002065988882586267 -5.4101596748945917e-06 -0.00041114353703144296 -0.00013322778161188706 -9.6415903156802307e-05 -0.00021190441802198501 0.00017087992709093568 4.1110338355650021e-05 0.00038913312901972438 -2.4219675470238421e-05 -0.00038605252927900171 -1.0151869438049327e-05 -4.3898636555372214e-06 5.4188395058145367e-05 -5.8901527898115606e-05 -2.4105454211252489e-05 -1.7557913650595804e-05 -1.7058931694541418e-05 0.00020619303797043276 0.00012929600278458494 3.9363611798523804e-05 -0.00013308114128406865 -6.6272981910255787e-06 -3.7836562712135597e-05 -0.00026545565741743413 0.00016666869024938854 -7.5241192491744231e-06 0.00032961589532353342 1.0155321310865108e-05 7.2823993229985864e-05 1.2562011659431646e-05 -0.00011305990505737639 1.662607100855934e-05 0.00042805901904123891 0.00014518029778301563 -0.00022760532501526804 7.7081886876416859e-05 2.9557507507369034e-05 0.00042039433764523571 -5.7606560477599943e-05 -0.00021380691022167319 -0.00011675271788507357 4.4023885764003506e-06 0.00017495653573486769 -5.3506358169063797e-05 0.00011456572951220673 7.2654837507763227e-05 0.00010974302839452382 -2.7772387298290624e-05 1.4762287695666849e-05 2.2420990748226375e-06
leaf_weight=104597.81188964844 20048.597445368767 194312.55834960938 4590.5069580078125 29298.726165771484 71207.644332885742 448396.93835449219 479.39417779445648 563.41960990428925 2022.8169490098953 123.74262094497681 168.00745558738708 517.22482395172119 1161.406746506691 184.71475732326508 549.31671142578125 213.02613687515259 146.57800495624542 228.12699723243713 268.43343591690063 199.48821210861206 597.8150383234024 121.69020652770996 409703.77740478516 457884.51094222069 2058.8586578369141 200.49090039730072 60281.343475341797 3414.5036993026733 10383.568176269531 874.17370915412903 357.39230573177338 3079.7097815275192 151.71380388736725 164.40490007400513 2166.4434744119644 574.43084716796875 257.75230824947357 79155.554217576981 183.3610987663269 141822.90001833439 4440.4169921875 43410.631625652313 263.71483886241913 19653.921574354172 192.76711440086365 465.84917330741882 268.45015239715576 147.96101033687592 459.75525450706482 310.58909404277802 555.24617719650269 177.97635650634766 1604.3233087062836 3095.8366417884827 378.92421579360962 11673.04175889492 913.79759585857391 1802.3454995155334 496.9008994102478 3453.8199801445007 159812.14190292358 73885.039493560791
leaf_count=101554 19540 209391 3719 25660 62477 455622 384 447 1731 102 119 404 935 146 432 165 119 168 223 143 764 96 410758 485677 1679 185 58594 2827 9694 653 270 2595 128 142 1832 452 192 69287 130 132012 3936 41819 201 18328 138 351 213 112 380 218 446 137 1310 2643 277 10513 687 1411 422 2802 160469 72029
internal_value=2.60435e-08 -2.63689e-06 1.22368e-05 -6.75746e-06 1.80918e-05 2.42978e-06 -8.32189e-07 -3.46008e-05 2.43671e-06 -0.00014996 4.23401e-05 -1.43676e-05 -2.58708e-05 -9.1654e-05 2.61018e-05 0.000147756 0.000181478 -4.03687e-05 3.41639e-05 0.000190507 -1.16071e-05 -3.823e-05 -1.07609e-05 -2.31588e-06 3.22301e-05 0.000132475 -1.19417e-05 2.71073e-05 1.33264e-05 0.000141757 2.96137e-05 4.88788e-05 7.4298e-05 -2.48431e-06 -4.51175e-06 -7.74918e-05 -3.72256e-05 -2.10565e-06 0.000171529 1.4831e-05 2.45965e-05 2.12197e-05 -0.000269761 -2.72023e-06 0.000136581 0.00022902 -5.89284e-05 9.00564e-05 0.000170181 0.000310433 9.19696e-06 -6.62263e-06 -7.00346e-05 -3.54932e-05 5.325e-05 -4.13686e-05 7.9121e-05 5.2903e-06 1.56156e-05 -1.04296e-05 6.89151e-06 1.0804e-05
internal_weight=2.38018e+06 1.95404e+06 426136 1.07763e+06 294291 876407 131845 11634.9 120210 1734.25 13195.6 9900.62 9182.91 2950.44 11436.4 1759.18 1546.15 907.116 10887.1 467.922 515151 15867.3 499284 562482 74184.8 717.716 469985 10419.1 220106 1378.14 503.97 7004.63 4803.84 107015 102424 3267.08 2692.65 99157.2 347.766 209723 67899.6 63459.2 827.134 98809.5 1724.13 658.616 2434.89 2977.16 918.305 458.55 783.373 2200.79 2765.73 15745.6 976.739 14768.9 1065.51 6232.46 5753.07 3950.72 428010 233697
internal_count=2380290 1994047 386243 1096536 271867 897511 114376 9363 105013 1364 10718 7999 7410 2391 9392 1326 1161 716 8960 366 509305 14293 495012 587231 64866 589 469352 8594 207001 1042 389 5767 3899 94295 90576 2689 2237 87887 272 197307 65295 61359 648 87615 1304 489 2045 2389 710 330 614 1868 2245 14197 1041 13156 815 5019 4635 3224 441889 232498
is_linear=0
shrinkage=0.05


Tree=14
num_leaves=63
num_cat=0
split_feature=217 52 53 218 52 51 218 53 48 52 335 11 1 202 48 52 198 266 52 213 262 217 340 327 0 291 292 178 334 0 348 259 36 198 262 53 278 327 109 75 16 34 0 46 48 213 319 44 0 348 258 302 47 46 220 213 16 345 16 190 337 190
split_gain=0.0288294 0.0150181 0.0125609 0.0110362 0.00992011 0.00607327 0.00538071 0.00495745 0.00449908 0.00405476 0.00394 0.00437705 0.00531929 0.00428368 0.00410436 0.00382901 0.00367357 0.00363885 0.00351033 0.00340422 0.00330033 0.00314202 0.00312839 0.00306628 0.00301929 0.00523899 0.00296651 0.00281421 0.0028994 0.00278257 0.00427242 0.00266125 0.002515 0.0032858 0.00249474 0.00245422 0.00241674 0.00282221 0.00254895 0.00312802 0.00239728 0.00239406 0.00237671 0.00236003 0.00217089 0.00211381 0.00260546 0.00208524 0.00205986 0.00213236 0.00274622 0.00276064 0.00224545 0.00204496 0.00199912 0.00198483 0.0023372 0.00196636 0.0019581 0.00188157 0.00327312 0.00210116
threshold=6.3184077589539825e-05 0.00049672918976284574 1.0000000180025095e-35 0.00010884321090998129 1.0000000180025095e-35 0.00036936388642061507 5.1835047997883528e-05 0.00033552254899404948 0.067973930388689055 5.5093425999075416e-06 -0.072397787123918519 0.052674651145935066 0.042871018871665008 0.0013104867539368572 0.093282513320446028 0.0036897022509947424 0.0078178048133850115 0.0066335054580122241 9.9688763839367328e-06 6.3934054196579395e-05 0.0049602661747485408 0.00041642625001259154 -1.8257095217704771 -0.0007063280208967625 -0.027545910328626629 0.86273843050003063 -0.058648454025387757 0.072772897779941573 0.21460182219743731 0.011900587007403375 0.24124938994646075 0.360342487692833 0.0056643341667950162 0.0058249093126505622 0.00099904235685244224 0.00042109444621019071 0.1795710697770119 -0.0004706878680735826 93.174213409423842 0.05794795602560044 0.010884673334658148 0.066391494125127806 -0.010990698821842669 -0.010531650856137274 0.14917124062776568 0.0010396849247626962 -0.0018094816477969287 0.0005095682863611729 0.011229654774069788 0.59563058614730846 0.29608660936355596 0.0008929163741413505 0.071667958050966277 0.016880244947969917 0.00070782165857963275 2.7779092306445822e-05 0.00051046482985839259 0.11287580430507661 0.0061223218217492112 0.060220327228307731 0.12349491193890573 0.024097975343465809
decision_type=2 2 2 2 2 2 2 2 2 2 2 2 2 2 2 2 2 2 2 2 2 2 2 2 2 2 2 2 2 2 2 2 8 2 2 2 2 2 10 2 2 8 2 2 2 2 2 10 2 2 2 2 2 2 2 2 2 2 2 2 2 2
left_child=2 3 9 4 32 15 18 24 19 -1 27 12 16 -14 -13 48 29 31 -4 -6 -15 40 -22 -9 25 -5 47 -7 -29 54 -31 -16 -2 34 -34 55 43 38 -38 -40 -10 -39 -28 -26 57 -45 -47 -21 59 50 -50 -52 -53 -25 -12 -8 -57 -43 -11 61 -61 -3
right_child=1 5 6 7 8 10 35 23 21 58 11 14 13 20 17 -17 -18 -19 -20 26 22 -23 -24 53 36 -27 42 28 -30 30 -32 -33 33 -35 -36 -37 37 41 39 -41 -42 44 -44 45 -46 46 -48 -49 49 -51 51 52 -54 -55 -56 56 -58 -59 -60 60 -62 -63
leaf_value=-3.3898007717935687e-06 3.6145453225744892e-06 2.1276044411653873e-05 -9.927664264837839e-06 2.0427453022929695e-05 1.084248645452195e-05 2.0969801537415737e-05 -2.0596112485980333e-05 1.3795376088632315e-06 3.2527431573036481e-06 2.5599742040223516e-06 4.2948806625198043e-06 -0.00026474950634694332 2.0161024375585201e-05 8.6705468993086463e-06 -3.3256226669213836e-05 5.7829486287834055e-05 -0.00014083234704769654 -0.00012717758322765516 2.2367294113152341e-06 5.9079499383132172e-05 0.00043193833929547034 2.2375436380141008e-05 0.00015345375695950014 -1.9424576474570969e-05 4.2099260073822907e-06 0.00023711385696100038 5.2903618296915198e-05 -8.4546132468743142e-05 0.00016855774449362832 -1.4828371226981468e-05 0.00032007919552917165 0.00013586001082145527 -1.6520574244268179e-05 -0.00026053567299268729 6.4739156625023873e-06 -2.581458236050288e-05 1.2771410676685894e-05 -5.54886756531469e-06 -4.2694240022684626e-06 -0.00012070737733571716 2.4858556734093761e-05 -0.00022756075373853423 1.9764733918619118e-05 2.3175271614587536e-05 -3.1238889119995112e-05 0.00031333196080617358 6.9426718631330572e-05 2.1253071016219335e-05 4.1448282904723099e-05 -8.986947876587966e-05 5.65889467691464e-05 0.0003578822994139922 0.00014100423904074558 -7.154025400646931e-05 -3.0801728578379972e-05 -1.4780952676708652e-05 -1.5007824187740446e-06 -2.4822464286855923e-06 1.5208120931553934e-05 -2.8090026777888608e-06 -0.00021435601278426528 4.3662951879755854e-05
leaf_weight=520147.62562727928 264997.69168138504 69113.50864982605 176562.38333129883 1293.0707921981812 47324.514163970947 11903.705128669739 68817.29638671875 20638.079833984375 119790.29417109489 209904.91455078125 9777.8371850252151 240.42172169685364 2389.3428422212601 319.8042426109314 1174.6066811084747 9867.4271240234375 528.09564208984375 907.72395372390747 89302.990936279297 11078.783037900925 121.1730991601944 35077.070999145508 587.89887893199921 50604.933013916016 32607.598625183105 353.83838748931885 5967.1650738716125 137.89891564846039 602.51111853122711 228.48813343048096 161.07275128364563 287.94893741607666 31516.281366586685 127.05136108398438 18848.69833111763 50475.818908691406 44375.932456851006 143466.49512326717 25640.060676574707 588.07373809814453 14377.925112962723 277.92379117012024 57921.074868679047 7511.4249398708344 4118.6117459535599 119.01914501190186 1179.7830400466919 5432.9355499744415 2116.156457901001 210.65642607212067 492.04126787185669 190.93113934993744 325.71879816055298 1953.3754577636719 6932.7793011665344 98729.14319229126 49863.434993743896 148.58990156650543 35820.361389160156 2043.3376252651215 198.82335495948792 12356.150682449341
leaf_count=553707 266084 62838 184532 1138 45608 10045 69932 18101 121538 210292 8525 193 1941 251 962 8274 425 746 88978 9480 84 33292 443 46215 31995 258 5079 107 456 192 118 225 36245 113 21402 47791 40442 139458 23587 501 15906 229 51867 7248 3613 93 991 4912 1733 180 403 141 258 1697 5938 91885 48975 121 40307 1672 163 10365
internal_value=2.47664e-08 6.05965e-06 -4.99284e-06 3.84917e-06 7.8397e-06 2.17786e-05 -1.0881e-05 -3.44915e-06 1.43985e-05 -8.89253e-07 4.33471e-06 -7.70792e-06 -1.30585e-07 5.69342e-05 -6.87467e-05 2.83124e-05 -1.1201e-05 -4.86593e-05 -5.84171e-06 2.14828e-05 0.000142127 9.052e-06 0.000202125 -1.49516e-05 -2.3163e-07 6.72137e-05 2.77454e-05 2.68642e-05 0.000121317 -7.18163e-06 0.000124574 1.79554e-07 1.66587e-06 -8.56111e-06 -7.91515e-06 -1.58822e-05 -6.59305e-07 -2.75741e-06 5.46788e-06 -6.88914e-06 5.56843e-06 -6.68104e-06 2.28615e-05 1.04147e-05 -4.23997e-05 3.33732e-05 9.2225e-05 4.66374e-05 2.49652e-05 6.34894e-05 7.38788e-05 0.000141699 0.000222224 -2.13641e-05 -1.02677e-05 -1.3576e-05 -1.03246e-05 -0.000149525 4.40385e-06 2.34287e-05 -2.17422e-05 2.46724e-05
internal_weight=2.38018e+06 1.08055e+06 1.29962e+06 947336 612459 133216 533751 334877 296970 765873 36301.3 23657.2 21046.5 3418.22 2610.7 96914.8 17628.3 2370.28 265865 127724 1028.88 169245 709.072 73196.4 261680 1646.91 80400 12644.1 740.41 17100.2 389.561 1462.56 315490 50492 50365 267886 260034 218616 70604.1 26228.1 134168 148012 63888.2 41417.8 4545.13 8810.23 1298.8 16511.7 87047.3 3335.5 3124.85 1008.69 516.65 52558.3 16710.6 217410 148593 426.514 245725 83711.8 2242.16 81469.7
internal_count=2380290 1043891 1336399 927213 611526 116678 532093 315687 287682 804306 30651 20043 17917 2719 2126 86027 15198 1933 273510 116946 778 170736 527 66013 249674 1396 71338 10608 563 14773 310 1187 323844 57760 57647 258583 248278 207951 64530 24088 137444 143421 56946 40327 3963 8332 1084 14392 77753 2715 2535 802 399 47912 14463 210792 140860 350 250599 75038 1835 73203
is_linear=0
shrinkage=0.05


Tree=15
num_leaves=63
num_cat=0
split_feature=217 53 52 52 36 276 51 220 293 276 219 344 73 198 334 52 193 211 199 45 48 109 0 355 36 312 208 357 203 1 113 198 259 0 13 48 208 360 360 334 337 2 199 197 0 35 198 179 327 163 203 109 266 327 109 327 218 52 327 1 290 2
split_gain=0.0267207 0.015841 0.0132266 0.00894194 0.00714023 0.00553984 0.00540388 0.00524842 0.0047655 0.00441772 0.00400613 0.00392875 0.00371571 0.00366788 0.003627 0.00341904 0.00314015 0.00306313 0.00304585 0.00331967 0.00300763 0.00336003 0.00288111 0.00300354 0.00273185 0.00272121 0.00331415 0.00413787 0.00362406 0.00351004 0.00423384 0.00278484 0.00256728 0.00472677 0.00316705 0.00619232 0.00399 0.00345289 0.00290378 0.00258484 0.00261635 0.00254552 0.00273638 0.00234851 0.00232188 0.00229421 0.00285037 0.00225589 0.00220958 0.00220037 0.00217156 0.00215088 0.00212243 0.002115 0.00209709 0.00223247 0.00206056 0.00205882 0.00196886 0.00267882 0.0027678 0.00250213
threshold=0.00020663528994191441 7.8022883826633929e-05 3.6414694477571181e-05 0.0014854044420644643 0.0054213826078921565 0.15000271797180179 0.00023712179245194423 0.00049339525867253553 0.00015927936328807848 0.099999167025089278 0.00029526250727940356 -0.18952775746583936 0.062895093113183989 0.0034248904557898645 0.15950488299131396 1.9570774384192194e-05 -0.010934245772659777 4.1330909880343831e-05 0.00091304728994146 0.0025763865560293202 0.066959254443645491 88.855407714843764 0.011900587007403375 0.20229078829288485 0.0042535034008324155 -0.041902445256710046 0.0019725407473742966 -0.17020080238580701 0.0013856295263394716 0.042498838156461723 0.079596340656280531 0.0078178048133850115 0.27326424419879919 -0.025389432907104489 0.047191264107823379 0.094827409833669676 0.00047868154069874441 -0.65029272437095631 0.5665642023086549 0.18908943980932238 0.041722226887941367 -0.0057712383568286887 0.0010813524713739755 0.0052753598429262647 -0.0013438427704386411 0.055158885195851333 0.0054228277876973161 0.006538825575262309 -0.00092468989896588017 -0.00027984796906821424 0.00081547099398449074 93.174213409423842 0.0026936244685202841 -0.0001321597665082663 82.996978759765639 -1.0000000180025095e-35 7.0341873652068912e-05 0.0091404188424348849 0.0037737713428214197 0.027601989917457107 0.31993998587131506 -0.018957253545522686
decision_type=2 2 2 2 8 2 2 2 2 2 2 2 2 2 2 2 2 2 2 10 2 10 2 2 8 2 2 2 2 2 2 2 2 2 2 2 2 2 2 2 2 2 2 2 2 10 2 2 2 2 2 10 2 2 10 2 2 2 2 2 2 2
left_child=1 2 5 4 6 -1 10 15 48 45 20 -7 16 -14 -15 -3 18 54 -11 -20 21 -2 58 43 -19 50 57 29 -29 -28 -31 -30 -8 -34 39 36 -36 -37 52 40 -35 -41 44 -24 -43 46 -6 -23 51 -33 -5 -4 -39 -9 55 -13 -17 -27 -12 61 -61 -60
right_child=3 7 8 25 9 11 32 53 -10 12 22 17 13 14 -16 56 -18 24 19 -21 -22 47 23 -25 -26 26 27 28 31 30 -32 49 33 34 35 37 -38 38 -40 41 -42 42 -44 -45 -46 -47 -48 -49 -50 -51 -52 -53 -54 -55 -56 -57 -58 -59 59 60 -62 -63
leaf_value=4.133201665706855e-06 1.4656333410250654e-05 -1.277905285466909e-05 2.2110480171860837e-05 8.0731376774070124e-05 1.8082713089219923e-05 1.693426854964604e-06 4.0171684799197422e-06 -1.5487938931484817e-05 1.5893289126160576e-05 -2.307370744056508e-05 2.4138324227943659e-05 -3.7614172692833282e-06 -2.9734661609539192e-05 -0.00038683093654242755 -0.00011055459480604814 3.7177507584499254e-06 -1.0257420343186635e-06 -2.9935503339985682e-07 -0.0002764931358128364 -4.5746300147789996e-05 6.7763463327776768e-06 3.5836420584345468e-05 5.2455508907300271e-05 0.00031091031457094976 -1.2043925700882835e-05 3.3675085870845684e-05 -4.6813197945318205e-05 -7.8039505694885549e-06 8.415620297979292e-07 0.00030945623067155011 5.7216121093300932e-06 -0.00010735218588313466 0.00015702409138616349 -2.6407093496604915e-05 -6.0924111527695399e-05 -0.00018299820830771764 -0.00039244753202955787 0.00019410748301183859 -9.5306531860440453e-05 -2.4737512567998032e-05 -0.00013833512905461003 0.00011386177987733192 0.00014161603334575864 0.00027449828339118094 -7.2061968024108158e-06 9.7237543662113393e-05 -0.00025046503595239472 0.00010174398823918542 1.9262900047063974e-06 -0.00032884680195257904 0.00029033612635266009 -6.3570095392985997e-06 -2.191259214564728e-06 -3.1316733878459043e-05 -1.777524179116772e-05 -1.2153107926671561e-05 -7.4559548618848148e-06 7.891145924172389e-05 -9.3121433101060337e-05 -0.00020334200492900303 -2.9667712586185895e-05 7.7483906382587518e-05
leaf_weight=230803.62537634373 54452.139028549194 186977.61773681641 27737.466720581055 450.17320251464844 10074.408611536026 195402.09271240234 58688.504674911499 53924.974624633789 129414.48773193359 15975.640855789185 74600.957564353943 168465.44687652588 1423.4202790260315 148.19195890426636 583.44887351989746 68468.524841308594 34654.22162437439 247734.03311824799 247.42786371707916 418.23236882686615 132356.07645797729 10018.361576318741 2155.2085781097412 129.3040714263916 61879.410934448242 29443.794998168945 372.86637592315674 931.14727020263672 186.48269653320312 230.42251193523407 226.73286354541779 208.87491226196289 363.02341461181641 1655.6856936216354 148.09245502948761 300.26278018951416 235.93165564537048 243.06507921218872 378.00540101528168 5387.5032783746719 761.44924473762512 470.46905481815338 474.64453125 124.2342529296875 2446.4391475915909 934.57380676269531 97.794573783874512 1490.8001894950867 201726.55024719238 247.30791854858398 169.69746398925781 8720.4114074707031 314.21130871772766 34679.842269897461 61794.541000366211 149667.57997226715 103823.00885009766 2749.8332824707031 288.73305249214172 307.7487233877182 887.93857872486115 823.20144104957581
leaf_count=244462 50913 185851 25085 351 11021 197687 52650 50087 126301 17062 66017 179585 1462 120 472 67027 35946 247193 196 368 130139 8663 1757 92 70622 24840 306 765 145 170 178 156 270 1408 119 246 183 174 320 4615 614 370 369 96 2130 892 75 1186 201255 193 125 7847 279 33070 61676 164551 96380 2185 238 254 717 643
internal_value=1.12539e-08 -2.54381e-06 -5.55075e-08 1.09942e-05 8.93687e-06 -2.76555e-06 1.17588e-05 -1.0785e-05 8.17007e-06 -6.34028e-06 1.4922e-05 -4.56484e-06 -1.23026e-05 -7.65891e-05 -0.000167416 -8.09689e-06 -9.59892e-06 -6.3383e-06 -2.74496e-05 -0.000132087 1.11234e-05 1.98455e-05 2.4419e-05 7.82464e-05 -2.64669e-06 3.51805e-05 3.3315e-05 -2.33021e-05 -7.0913e-05 6.69269e-05 0.000159496 -0.000162043 -4.6117e-07 -2.04019e-05 -2.54515e-05 -9.07605e-05 -0.000265579 -3.60831e-05 1.13723e-05 -1.59898e-05 -6.1752e-05 -3.37888e-06 3.0544e-05 6.47873e-05 1.23855e-05 2.23502e-05 1.54522e-05 4.43897e-05 3.97366e-06 -0.000228341 0.000138863 1.53013e-05 8.38156e-05 -2.16839e-05 -9.34667e-06 -7.70939e-06 -3.01554e-06 3.75436e-05 2.27312e-05 -2.27401e-05 -7.46333e-05 3.30956e-05
internal_weight=2.3805e+06 1.93122e+06 1.48335e+06 449277 414059 1.11575e+06 349502 447874 367599 64557.4 277635 884943 53450.6 2155.06 731.641 359269 51295.5 689541 16641.3 665.66 198317 65961.3 79317.3 2408.75 309613 35217.3 34597.5 2403.83 1573.81 830.022 457.155 642.666 71867.3 13178.8 12815.8 1619.57 384.024 1235.54 935.282 11196.2 2417.13 8779.06 3391.55 2279.44 2916.91 11106.8 10172.2 11509.2 238184 456.183 619.871 36457.9 557.276 88604.8 379928 318133 172292 32193.6 76908.6 2307.62 1195.69 1111.93
internal_count=2380169 1958679 1526264 421490 392076 1165776 324462 432415 360488 67614 260715 921314 55626 2054 592 349258 53572 723627 17626 564 190901 60762 69814 1945 317815 29414 28938 1913 1259 654 348 494 63747 11097 10827 1321 302 1019 773 9506 2022 7484 2869 1853 2500 11988 11096 9849 234187 349 476 32932 453 83157 405812 344136 163407 27025 67869 1852 971 881
is_linear=0
shrinkage=0.05


Tree=16
num_leaves=63
num_cat=0
split_feature=217 53 219 48 219 53 10 198 339 53 2 46 46 359 33 292 178 330 213 292 276 57 259 276 203 46 342 210 109 359 292 330 50 124 292 202 259 201 200 16 207 198 46 36 2 292 355 46 348 212 180 47 163 343 36 109 109 356 278 2 330 212
split_gain=0.0247541 0.0116083 0.00980078 0.00987168 0.00608306 0.00593882 0.00693045 0.00653064 0.00537229 0.00535866 0.00444807 0.00483161 0.00813959 0.00532235 0.00399342 0.00398053 0.00446456 0.00396593 0.00389417 0.00470352 0.00388491 0.00387712 0.00383343 0.00381468 0.0037822 0.00372997 0.00637028 0.00525583 0.0036289 0.00390868 0.00570855 0.00385021 0.00359146 0.00342864 0.00333346 0.00490676 0.00330772 0.00326647 0.00387069 0.00321223 0.00336812 0.00312703 0.00309921 0.00295977 0.00270884 0.00485008 0.00846495 0.00350891 0.0026884 0.00262463 0.00261124 0.00256915 0.00253887 0.00253546 0.00253375 0.00253276 0.00248107 0.00243284 0.00243077 0.00239107 0.00260439 0.0023789
threshold=8.8532156951259835e-05 3.7040774259367033e-05 0.00054179326980374764 0.062896691262722029 2.5458143682044468e-05 0.00046164900413714355 0.053808620199561126 0.0078178048133850115 0.099999066442251219 0.00033854418143164372 0.0012745967833325269 -0.005933979293331503 -0.00083137067849747826 0.18485018610954287 0.058667644858360297 1.6590607166290285 0.030796005390584472 0.38742783665657049 6.1863411247031777e-05 -0.049372447654604905 0.63688340783119213 0.80160799622535717 0.27326424419879919 0.13000876456499103 0.00035056554770562803 0.0049083812627941379 1.2759362459182741 0.00064962133183144044 82.621501922607436 0.13424704223871234 -0.2663347721099853 0.76246678829193126 0.00095422175945714127 -1.0000000180025095e-35 -1.3918623328208921 0.00042028127063531434 0.48550483584403997 0.00086370226927101623 0.0003189499984728173 0.0046499818563461312 5.4413054385804578e-05 0.0065005377400666484 -0.026479607447981831 0.0052040179725736388 0.0060102054849267015 1.1182506680488589 -0.05498512648046016 0.014938890468329193 0.5305050015449525 3.7251318644848659e-05 0.035911226645112045 0.078771792352199568 0.0070188681129366168 -0.38875745236873621 0.0048020083922892818 86.034755706787124 15.03200674057007 -0.77657034993171681 0.20000429451465609 -0.0072620369028300038 0.86078760027885448 7.6771688327426104e-05
decision_type=2 2 2 2 2 2 2 2 2 2 2 2 2 2 10 2 2 2 2 2 2 2 2 2 2 2 2 2 10 2 2 2 2 8 2 2 2 2 2 2 2 2 2 8 2 2 2 2 2 2 2 2 2 2 10 10 10 2 2 2 2 2
left_child=1 4 3 14 49 32 10 15 -9 20 22 50 13 -13 18 16 -8 -10 -2 28 39 54 25 56 36 52 -27 -28 51 30 31 42 44 -11 -16 -36 37 61 -39 -5 -41 -14 -30 -22 -4 47 -47 -46 -26 -1 -12 -20 57 -25 -3 -32 -6 -7 -17 60 -38 -21
right_child=2 21 5 9 23 6 7 8 17 33 11 12 41 -15 34 58 -18 -19 19 24 43 -23 -24 53 48 26 27 -29 29 -31 55 -33 -34 -35 35 -37 59 38 -40 40 -42 -43 -44 -45 45 46 -48 -49 -50 -51 -52 -53 -54 -55 -56 -57 -58 -59 -60 -61 -62 -63
leaf_value=-1.7422552744086235e-06 5.9331597908809874e-06 -5.8091156952792819e-06 1.9644777757394326e-05 3.2683171231657331e-06 2.2358622798005992e-05 0.00016323688960672016 -5.1834292614141919e-06 -0.00040741983357065576 -0.00032349518095555428 -1.0911080758164475e-05 9.9836970872779809e-06 0.00057066866538786089 3.2908613697251082e-05 0.00018992685080910471 0.00015166808710697188 0.00025749113015111389 -0.00014320416911523944 -6.0952705686609424e-05 1.6928698603295406e-05 2.0046705583970551e-05 4.708121006420441e-07 -1.7911939790597063e-05 -2.4774153568435739e-05 1.1170068370325021e-05 -1.6223483195493061e-05 -1.570940866780939e-06 0.00010277113229995407 0.00039602236695817554 0.00028115220202207085 4.79515681083477e-05 0.00046736519286400143 -0.00010272236872585789 4.5408503592358525e-05 -0.00025135318424886172 -5.7870900817507291e-05 -0.00034149527501709312 9.1974217035245404e-05 0.00036929886031909439 -8.8480673903186679e-06 -4.7625473012835037e-08 2.3751956489860009e-05 0.00023651053939342361 7.2430906688071515e-05 -1.5177107331888942e-05 0.00010056498346657322 0.0004670040795114008 3.2146307965180972e-05 -7.3922899413540201e-05 -0.00013588761557556167 -8.3600616510019098e-06 -0.00022422793962054131 8.6633857676700435e-05 -3.81838555146044e-05 -7.467899833108978e-07 -2.0053278139633361e-05 0.00018647346371791182 5.405902466837556e-06 1.3743416267902306e-05 -3.1264073111948563e-06 1.2749623867518051e-05 6.1015079157964828e-06 4.1349345523415211e-06
leaf_weight=377106.93357336521 101949.44539701939 243168.84190165997 69518.531705856323 212140.7073520422 37319.110214233398 273.86930847167969 2436.6764680147171 180.55615508556366 175.5663206577301 79705.361667633057 981.7907680273056 125.28046333789825 1490.966047167778 342.93030560016632 146.08099734783173 191.50694262981415 769.46043157577515 765.27156722545624 15576.434008359909 54029.367063164711 119153.22942352295 136883.89009296894 8031.5348777770996 52160.541168212891 4185.2656480073929 830.35397613048553 441.30017578601837 233.43207168579102 240.81413781642914 9281.9891843795776 152.37468075752258 223.905841588974 19424.817260742188 146.54640579223633 1036.3485609292984 177.08201622962952 3475.308470249176 138.33719229698181 130.5161257982254 22282.106765389442 44662.236221313477 214.06870198249817 673.35991954803467 40485.660217285156 727.1335483789444 197.91888213157654 254.94221174716949 474.54738235473633 526.76839208602905 248585.8388671875 133.39930057525635 1442.7322177886963 2439.0088205337524 309292.27426147461 35817.050476074219 176.63067901134491 51182.453201293945 20308.109250307083 166.3239312171936 2969.3532218933105 1183.8442558050156 41558.263272881508
leaf_count=408620 99707 237275 61379 209862 39265 208 1965 138 141 75056 830 86 1239 259 115 145 611 604 14138 49314 116923 131169 6630 51093 3548 740 346 168 171 7819 106 216 16347 158 867 140 2858 104 105 26864 45955 159 524 43902 583 147 220 394 434 260755 106 1198 2135 309102 38936 135 50721 17449 136 2576 1003 36270
internal_value=1.06714e-08 -3.92566e-06 6.61498e-06 4.43115e-06 -1.18292e-06 1.9236e-05 3.32707e-06 -5.38476e-05 -0.00015897 5.54853e-07 1.08028e-05 6.62046e-05 0.000109588 0.000293797 1.28321e-05 -2.07004e-05 -3.83765e-05 -0.000110527 1.33207e-05 1.88598e-05 2.72326e-06 -1.10197e-05 5.20333e-06 3.25104e-06 1.41481e-05 1.50213e-05 9.12272e-05 0.000205096 3.72163e-05 5.99587e-05 0.000135757 8.2432e-05 2.6353e-05 -1.13586e-05 -7.25566e-05 -9.97555e-05 1.6143e-05 1.36206e-05 0.000187016 6.28174e-06 1.58306e-05 5.87182e-05 0.000127907 -3.49776e-06 2.11512e-05 8.43445e-05 0.000223415 3.16509e-05 -2.9653e-05 -4.37151e-06 -1.8384e-05 2.28472e-05 1.00315e-05 9.72961e-07 -7.63795e-06 0.000318603 1.25548e-05 1.57483e-05 0.000137009 4.78267e-05 7.01668e-05 1.3129e-05
internal_weight=2.3805e+06 1.49152e+06 888979 757850 1.07565e+06 131129 40531.4 4685.36 1121.39 518576 35846 3288.44 2173.25 468.211 239274 3563.97 3206.14 940.838 237915 135965 438724 415870 32557.6 449954 108197 24526.1 1505.09 674.732 27768.2 10749.1 1467.09 1138.08 90597.9 79851.9 1359.51 1213.43 103485 95856.5 268.853 279085 66944.3 1705.03 914.174 159639 71173.1 1654.54 452.861 1201.68 4712.03 625693 1115.19 17019.2 23021 361453 278986 329.005 88501.6 20582 357.831 7628.51 4659.15 95587.6
internal_count=2380169 1526936 853233 740068 1119556 113165 34095 3740 883 518720 30355 2679 1743 345 221348 2857 2576 745 220226 120519 443506 407380 27676 450181 96212 21046 1254 514 24307 8971 1152 911 79070 75214 1122 1007 92230 85793 209 282681 72819 1398 695 160825 62723 1344 367 977 3982 669375 936 15336 19792 360195 276211 241 89986 17657 281 6437 3861 85584
is_linear=0
shrinkage=0.05


Tree=17
num_leaves=63
num_cat=0
split_feature=52 56 154 218 213 53 276 213 172 53 26 359 364 35 259 218 278 276 276 173 53 68 109 344 198 211 344 213 354 207 1 15 262 224 278 348 348 53 1 35 207 199 1 359 40 358 364 34 278 1 213 259 40 198 46 358 44 259 207 182 295 259
split_gain=0.0232189 0.013886 0.00968547 0.0084208 0.00611864 0.00581772 0.00458714 0.00449906 0.0037133 0.00377326 0.00296926 0.00423508 0.00567308 0.00305194 0.00304337 0.00282133 0.0028156 0.00274353 0.002681 0.00266376 0.00262771 0.00260494 0.00259849 0.00259362 0.00382677 0.0025932 0.00257943 0.00253216 0.00250925 0.0025043 0.00494021 0.00418446 0.00243322 0.00355521 0.00259058 0.00242589 0.0023587 0.00214125 0.00213132 0.00201654 0.00292216 0.00201213 0.00197945 0.00240699 0.00301083 0.00191998 0.00200014 0.00189384 0.00188287 0.00188748 0.00197944 0.00269734 0.00197755 0.00196754 0.00261118 0.00186432 0.00183597 0.00364344 0.0018174 0.00174036 0.00172003 0.0016701
threshold=3.5395414670347243e-05 1.0000000180025095e-35 -6.3940035033738227e-05 0.00023019080981612208 0.00020072417100891474 3.4454486694812662e-06 0.43754358589649206 0.00042390091402921831 -0.011222632136195896 0.00033552254899404948 0.063070852309465422 0.41373082995414739 1.0000000180025095e-35 0.081677790731191649 0.093972921371459975 7.9718305642018108e-05 0.16000752151012423 0.6967449188232423 0.19000837206840518 -0.0044999748934060326 0.00066304786014370631 0.063077345490455641 11.948731899261476 1.0000000180025095e-35 0.0078178048133850115 0.0021267776610329752 -0.022745477035641667 0.0013519872445613148 -0.11828313022851943 0.0025197786744683985 0.047715621069073684 0.042199376970529563 0.014700619503855707 0.12155723199248315 0.26961997151374822 0.059211576357483871 0.26956315338611608 1.0000000180025095e-35 0.026577751152217392 0.007315950933843852 3.6913836083840586e-05 0.0014182574232108893 0.039407687261700637 0.27650770545005804 0.019009536132216457 -0.14063610881566999 0.80660834908485424 0.080218229442834868 0.32000201940536505 0.067955501377582564 0.00063376809703186165 0.23201613128185275 0.043202487751841552 0.0033703873632475738 -0.005933979293331503 -0.29818645119667048 0.030631730332970623 0.28527712821960455 8.8464988948544501e-05 -0.029392644762992855 0.010940402280539276 0.29069529473781591
decision_type=2 2 2 2 2 2 2 2 2 2 8 2 2 10 2 2 2 2 2 2 2 2 10 2 2 2 2 2 2 2 2 2 2 2 2 2 2 2 2 8 2 2 2 2 10 2 2 10 2 2 2 2 10 2 2 2 10 2 2 2 2 2
left_child=2 3 5 4 18 -1 23 15 19 48 32 12 14 -13 -12 58 -14 -7 -2 29 25 42 -19 24 39 -9 -8 -6 -16 -5 -31 -32 61 -34 36 -23 -35 -28 -24 -4 -41 -18 -22 44 55 -37 -47 -25 56 50 -50 52 -52 -51 -55 -44 -10 -58 -3 -56 -39 -11
right_child=1 7 6 8 27 17 26 20 9 10 11 13 16 -15 28 -17 41 22 -20 -21 21 35 38 47 -26 -27 37 -29 -30 30 31 -33 33 34 -36 45 -38 60 -40 40 -42 -43 43 -45 -46 46 -48 -49 49 53 51 -53 -54 54 59 -57 57 -59 -60 -61 -62 -63
leaf_value=-3.6458458447235908e-06 1.0526766464061387e-05 1.0384653356446142e-05 3.1893916271884484e-06 1.7948456219753952e-05 1.4083318918024297e-05 -8.9633598426944012e-06 9.1790245571943754e-07 2.9939801165798951e-05 6.203087880202496e-06 -1.6066391427220631e-05 -0.00011229441867780651 -4.9981421755042574e-05 0.00015482690615089352 0.00012034403198028668 -0.00019805136740409614 4.9041893244986858e-06 -4.3412994430345195e-05 -2.9780868591608878e-05 -4.6667965622383112e-07 -4.3571761589335033e-05 6.3073720217286838e-06 1.5680013297624069e-05 -1.0560547151215595e-05 -1.134964671918228e-06 -0.00020757043750990671 7.5180449014481421e-05 -3.0834136677814511e-06 4.4189193548490088e-05 -0.00048931123484949194 -6.4934265627643889e-05 0.00041966729859482343 7.5130588739508677e-05 -1.0896120044354645e-05 -7.2262051582778502e-05 0.00022197799822728958 -8.2338954085062829e-06 0.00016052384425874287 -1.1239723694537741e-05 -2.9594735829001841e-05 1.9614274909457262e-06 1.8856702021951873e-05 -0.00021779397369227523 0.00026151287609360059 1.905119088281882e-05 -6.6247813703638233e-05 -0.00033158149650668625 -9.8469342818495985e-05 0.0001028367415355462 -8.7616339742158451e-06 -1.1860772064825761e-05 2.9661953095555372e-05 -2.8745121456575957e-05 0.0001769773521050962 0.00014076454502378355 3.0010712186185221e-05 0.00010216420289150596 2.9618739189369626e-05 0.00033930735000549785 2.3564099581192796e-05 -0.0001106347922480151 -4.8872166069136675e-05 -4.1791453106905159e-05
leaf_weight=376807.96014404297 75441.501546859741 47174.732288479805 128816.50771105289 14479.272193908691 110546.33081054688 195538.45153808594 193245.26831054688 50291.221710205078 22775.412719726562 34444.347975492477 203.54434514045715 1095.0672265291214 132.34198772907257 343.9407958984375 136.27129459381104 72746.678573608398 594.83928847312927 35806.953948974609 209355.99240112305 1725.0890884399414 12376.830357074738 492.97875726222992 80284.46559715271 168823.38671875 205.16360473632812 3379.60595703125 157982.69574737549 7454.076904296875 171.90787529945374 212.98765873908997 166.71208930015564 186.74927234649658 1636.7449189424515 228.94599330425262 339.97380411624908 195.58555865287781 203.96168744564056 97687.878105163574 18004.621164321899 41272.020039558411 67365.590423583984 227.92114639282227 268.47456574440002 1994.4405090808868 191.10086238384247 163.93340790271759 212.19771075248718 437.119140625 62960.4596824646 2950.5925483703613 5528.0187249183655 2253.9104528427124 235.72549295425415 127.86326634883881 254.0753915309906 587.28441250324249 426.6800924539566 120.33722627162933 58725.266942858696 1600.5545786619186 3131.972412109375 7723.7632663249969
leaf_count=394814 75467 47528 133581 12657 102139 194187 193275 43995 20950 30593 158 895 106 263 104 68547 497 38159 207033 1462 10609 393 79103 172642 172 2734 168293 6323 132 168 117 141 1351 190 266 154 171 98902 16447 48375 69810 178 196 1645 145 127 175 353 58078 2605 4694 1828 187 98 202 456 401 94 55072 1287 2981 6464
internal_value=1.02309e-08 6.85358e-06 -3.55301e-06 2.52778e-06 6.41221e-06 -7.88977e-06 1.36951e-08 1.66993e-05 -7.04254e-06 -9.59025e-06 -2.11816e-05 -7.01377e-05 -0.000129864 -9.161e-06 -0.00026388 1.24856e-05 -5.76597e-05 -1.2741e-05 2.44549e-06 1.52442e-05 2.74287e-05 9.96543e-06 -1.82493e-05 3.86483e-06 7.23356e-06 3.27913e-05 -3.45299e-06 1.59858e-05 -0.000362629 2.19927e-05 0.000124943 0.00023908 -1.79874e-05 3.08621e-05 0.000119094 -6.56026e-05 3.76474e-05 -6.71666e-06 -1.40478e-05 7.4209e-06 1.24382e-05 -9.2131e-05 1.51916e-05 5.13188e-05 0.00011264 -0.000135501 -0.000201286 -8.65243e-07 -4.04344e-06 -7.86096e-06 -5.78186e-06 1.76138e-05 3.57462e-05 -3.77609e-05 -7.62578e-05 0.000152649 8.38165e-06 9.87344e-05 1.76934e-05 -9.13555e-05 -1.24097e-05 -2.07801e-05
internal_weight=2.3805e+06 815086 1.56541e+06 566286 402798 706442 858968 248800 163488 146717 47483.6 2905.83 1466.83 1439.01 511.724 178647 955.102 329634 284797 16770.8 70153.7 16482.8 134096 406920 237659 53670.8 452048 118000 308.179 15045.7 566.449 353.461 44577.7 2409.63 772.881 1064.7 432.908 258803 98289.1 237454 108638 822.76 15418.1 3041.3 1046.86 571.717 376.131 169261 99233.6 75911.2 70978.1 8017.65 5763.74 4933.09 1982.49 855.759 23322.4 547.017 105900 1854.63 100820 42168.1
internal_count=2380169 769075 1611094 537299 390962 722710 888384 231776 146337 131792 41368 2333 1175 1158 394 171147 781 327896 282500 14545 60629 13900 133709 424933 251938 46729 463451 108462 236 13083 426 258 39035 1978 627 849 361 270176 95550 251766 118185 675 13051 2442 797 456 302 172995 90424 68979 64787 6709 4881 4192 1587 652 21445 495 102600 1489 101883 37057
is_linear=0
shrinkage=0.05


Tree=18
num_leaves=63
num_cat=0
split_feature=154 327 36 144 51 202 217 205 158 109 276 50 59 109 19 25 219 1 360 291 35 213 109 334 15 205 256 75 44 202 246 327 75 46 200 53 193 219 38 113 203 212 342 344 358 174 34 187 24 278 358 278 30 333 50 360 179 236 9 43 330 201
split_gain=0.0216094 0.0100511 0.00893132 0.00868418 0.00641308 0.00569697 0.00559222 0.00511601 0.00478483 0.00414781 0.0040684 0.0039965 0.00393162 0.00348079 0.00652087 0.00318527 0.0030627 0.00450475 0.00554145 0.00371541 0.00301732 0.00292138 0.00279713 0.00315342 0.00502219 0.00324712 0.00411683 0.00275659 0.00272078 0.00270525 0.0026944 0.00312533 0.00264052 0.00259706 0.00259445 0.00241563 0.00231003 0.00227497 0.00223147 0.00274959 0.00218357 0.00219982 0.00214013 0.0020671 0.002061 0.0033572 0.00205625 0.00200885 0.00209711 0.00197552 0.00197322 0.00549818 0.00226678 0.00247926 0.00214441 0.00193548 0.00316754 0.00317466 0.00192938 0.00229048 0.00189453 0.00349208
threshold=0.00021912294323556128 -0.00097581971203908313 0.0056643341667950162 -3.7034945989944386e-06 3.2619116609566852e-05 7.4299910920672132e-05 0.00013320106518222022 3.3073312806664042e-05 0.0082494681701064127 93.174213409423842 0.28737914562225347 0.00025519618066027766 1.0000000180025095e-35 12.17267942428589 0.00048691489791963255 0.016257630661129955 9.0204528532922281e-05 0.053755186498165138 -0.16809980571269986 1.1585004329681399 0.0078740329481661337 0.000778786896262318 107.63331985473634 0.18426377326250079 0.045579444617033012 0.0004047878173878417 0.15730505436658862 0.030543576925992969 0.016944923438131813 0.0011052283225581052 -0.75433135032653797 0.0037737713428214197 0.05794795602560044 -0.0078772259876131994 0.0013612984330393376 0.00023826883989386263 0.019974891096353534 0.00089754752116277825 0.0073383795097470292 0.079596340656280531 5.2887213314534172e-05 0.00010380353705841118 1.8659475445747378 0.17003715038299563 -0.0081237610429525358 0.011694896500557663 0.080218229442834868 0.015931970439851287 0.021807963959872726 0.73999774456024181 -1.145791709423065 0.070004012435674681 0.067094966769218459 0.23578389734029773 0.00041904817044269299 0.47735022008419042 0.037871068343520171 1.1079150438308718 -0.020796878263354298 0.0053428497631102809 0.35266982018947607 0.0001709773932816461
decision_type=2 2 8 8 2 2 2 2 2 10 2 2 2 10 2 2 2 2 2 2 8 2 10 2 2 2 2 2 10 2 2 2 2 2 2 2 2 2 8 2 2 2 2 2 2 2 10 2 2 2 2 2 8 2 2 2 2 2 2 8 2 2
left_child=1 6 4 10 7 47 9 -3 11 16 20 35 37 14 -7 28 17 40 19 33 -2 -9 23 24 44 -25 42 -11 38 -28 -12 50 -24 -19 -18 -5 -17 49 -16 -40 41 -1 -27 -34 45 -8 60 -4 -49 -6 51 -32 54 -54 -52 -38 57 -57 -10 -60 61 -22
right_child=3 2 5 8 12 13 22 21 58 27 30 -13 -14 -15 15 36 34 18 -20 -21 46 -23 32 25 -26 26 29 -29 -30 -31 31 -33 43 -35 -36 -37 55 -39 39 -41 -42 -43 -44 -45 -46 -47 -48 48 -50 -51 52 -53 53 -55 -56 56 -58 -59 59 -61 -62 -63
leaf_value=8.0226154197269154e-06 1.2350898813134472e-05 -5.9759124428374757e-06 -6.9025719186951207e-06 2.8046336214426121e-06 -1.933180758237488e-06 -0.00042979334131093035 3.988569992826872e-05 2.1198232389901928e-06 -5.1445568110790053e-05 -1.0070974851434262e-05 3.2632768218097299e-05 1.350970552642225e-05 -1.5038136275474045e-05 8.33306752116616e-06 -5.0122862129921265e-05 -1.6719374728350326e-05 2.2133586293275301e-05 -8.1955117649711679e-05 -9.2475414277941431e-05 0.00024630458353013662 2.042092568521652e-05 3.9364396434021798e-05 7.6738982449592728e-06 3.2712425492312724e-05 -0.00010909346833506342 5.2380223010407534e-05 8.2801820201766445e-05 -7.2470720537584136e-05 -1.3303231385047025e-05 0.00030626321587924393 0.00027182706817425952 -5.1500663668951268e-05 -4.2869559945403723e-05 2.0871576037195073e-05 -8.5269111982712518e-05 -1.0844740986432448e-05 4.7368797986570571e-06 2.0995314063384021e-05 -2.1164484863501399e-05 -4.9924929192374511e-05 1.5426377126008245e-05 -1.4222120048763072e-05 0.00020449160121840962 -0.00024278486893785845 1.000314759201493e-05 0.00027895438370817855 0.00010067017339730038 1.8314222995155261e-05 0.00019242739142433745 -9.4991437940184235e-06 5.7898113562995644e-06 1.5829275277003934e-05 -0.00011593607089025709 -4.4110927852821759e-06 2.2127041681874166e-05 7.6280219950677959e-05 -0.0001086020606067924 0.00030754829709495117 3.8128499710970893e-06 -3.0463380180735285e-05 1.8056197752991704e-05 5.3249449194867376e-05
leaf_weight=24787.307807922363 61093.263290405273 272316.18111288548 59569.009998321533 297418.39042377472 178109.84530949593 97.81864869594574 5200.2572716474533 506415.1982383728 3921.1555633544922 28721.291753768921 11020.756591796875 84149.996099472046 133923.51439499855 8092.713238120079 16029.506280064583 6579.451189994812 30616.885712623596 846.90548360347748 2732.6747198104858 149.21088492870331 18038.845299720764 5318.358829498291 13326.64973449707 13259.862571716309 777.87774658203125 3137.8625228404999 239.68828964233398 1884.2222309112549 21178.705809116364 315.38139724731445 264.75187158584595 2241.4197387695312 530.92311680316925 2217.7847058773041 570.874755859375 36377.804455757141 2263.0996177196503 8231.7830200195312 33265.624705433846 11078.911367893219 30246.026412010193 20144.633098602295 248.02744603157043 169.46021449565887 13545.614611744881 149.19543075561523 952.01300048828125 5791.4246959686279 176.30132102966309 167332.64605951309 141292.80931639671 982.72847509384155 759.27424597740173 1443.246034860611 23413.023033380508 988.73522543907166 189.09854888916016 173.17045164108276 9928.1033878326416 9571.3459072113037 31979.828573226929 14707.828675270081
leaf_count=23751 59958 292173 74103 302553 176217 79 4675 510190 3722 25973 10307 79566 128230 8223 16161 7478 26932 723 2349 116 19511 4625 11644 11693 623 2624 196 1592 22762 246 190 1777 440 1977 465 34529 2612 6872 36452 11384 27871 19112 191 130 12073 117 762 7046 176 162480 137925 842 651 1235 21255 979 162 146 9246 8944 29539 13594
internal_value=9.73198e-09 -3.21981e-06 -4.66129e-06 7.03679e-06 -3.2394e-06 -1.55882e-05 7.46837e-06 -4.39259e-07 2.53958e-06 2.39971e-06 1.34773e-05 3.77199e-06 -7.74196e-06 -2.3101e-05 -2.58709e-05 -2.54309e-05 6.84627e-06 1.72664e-06 -4.01589e-05 4.35405e-06 2.03496e-05 2.50705e-06 2.16993e-05 2.89282e-05 1.52535e-05 4.45646e-05 8.44061e-05 -1.39171e-05 -2.87245e-05 0.000210413 8.67492e-06 7.12504e-06 2.69502e-06 -7.57877e-06 2.01623e-05 1.31704e-06 9.20493e-07 -4.97909e-06 -3.41336e-05 -2.83518e-05 5.04077e-06 -1.9507e-06 6.3637e-05 -9.17934e-05 2.03836e-05 4.66551e-05 2.77892e-05 -4.13162e-06 2.35207e-05 -5.59817e-06 7.90709e-06 7.05076e-05 7.43837e-06 -4.29274e-05 8.1124e-06 3.30252e-05 8.03347e-05 0.000111218 -1.94514e-05 -1.30131e-05 2.67142e-05 3.51679e-05
internal_weight=2.3805e+06 1.63094e+06 1.43712e+06 749557 1.27165e+06 165474 193819 784050 441367 142918 308190 417946 487598 99936.8 91844.1 91746.3 112312 81124.5 5946.58 3213.9 126772 511734 50900.8 36873.8 19672.9 17200.8 3940.96 30605.5 81552.7 555.07 181418 170397 14027 3064.69 31187.8 333796 10193.6 353674 60374 44344.5 75178 44931.9 3385.89 700.383 18895.1 5349.45 65678.5 65536.7 5967.73 345442 168156 1247.48 166908 2202.52 164706 3614.1 1351 1161.91 23420.6 19499.4 64726.5 32746.7
internal_count=2380169 1644063 1468550 736106 1280787 187763 175513 806988 438560 130861 297546 416648 473799 106438 98215 98136 103296 75899 5165 2816 123364 514815 44652 32438 17488 14950 3257 27565 86759 442 174182 163875 12214 2700 27397 337082 11377 345569 63997 47836 70734 42863 2815 570 16865 4792 63406 81325 7222 338697 162098 1032 161066 1886 159180 3899 1287 1125 21912 18190 62644 33105
is_linear=0
shrinkage=0.05


Tree=19
num_leaves=63
num_cat=0
split_feature=217 52 51 53 52 53 48 218 53 211 16 42 16 258 11 344 48 317 219 213 292 69 48 333 52 292 199 268 7 361 337 354 2 51 197 2 202 211 281 27 49 2 207 247 262 354 355 199 292 2 192 12 34 18 203 46 207 2 358 189 361 337
split_gain=0.0201695 0.0110787 0.00977021 0.00924605 0.00850495 0.00425288 0.00414293 0.0040252 0.00389658 0.00306669 0.00304296 0.00390639 0.00285501 0.00278915 0.00288446 0.00491884 0.00308613 0.00289944 0.00264397 0.0026059 0.00263265 0.00259436 0.0039534 0.00272148 0.0025605 0.00225903 0.00223482 0.00508862 0.00221784 0.0046496 0.00455715 0.00273453 0.00221097 0.00220204 0.00221891 0.00218976 0.00216149 0.00214046 0.00212711 0.00404963 0.0021992 0.00212237 0.00212019 0.00208069 0.0020209 0.00201543 0.00200554 0.00395646 0.00226635 0.00203579 0.00194622 0.00192792 0.00190824 0.00231976 0.00189172 0.00206474 0.00408204 0.00280957 0.00328312 0.00256632 0.00184014 0.00180732
threshold=6.1227481637615724e-05 0.00075452413875609647 8.4445087850326686e-05 1.0000000180025095e-35 1.0000000180025095e-35 0.00033552254899404948 0.067973930388689055 5.0892458602902486e-05 0.00049499422311782848 0.00043815742537844932 0.0061223218217492112 0.0050536431372165689 0.0046499818563461312 -1.0000000180025095e-35 0.052674651145935066 -0.043787546455860131 0.10854687169194223 0.034860806539654739 0.0017898385995067658 7.9958965216064839e-05 -0.058648454025387757 0.063077986240386977 0.093282513320446028 0.26835455000400549 9.9688763839367328e-06 1.3704740405082705 0.0014182574232108893 -0.00066038814838975657 0.040385451167821891 -0.17365576326847074 -0.046220460906624787 -0.024063520133495327 -1.0000000180025095e-35 0.00051051026093773555 0.0052753598429262647 -0.010980944149196146 0.00081144404248334478 1.8182209714723289e-05 0.21556302905082705 0.064158149063587203 0.32507608830928808 0.0027522586751729254 6.1950071540195508e-05 -0.47699500620365137 0.021112496033310894 -0.0033910842612385745 0.089769002050161376 0.00047356105642393237 -1.7086738944053648 -0.0030817808583378787 0.019628687761723999 0.058566967025399215 0.07166533544659616 0.0051929808687418708 0.00038352746923919773 -0.0014596268883906303 0.00092019347357563685 -0.0047845996450632802 0.095942351967096343 0.041553653776645667 0.82532545924186718 0.28825606405735021
decision_type=2 2 2 2 2 2 2 2 2 2 2 10 2 2 2 2 2 2 2 2 2 2 2 2 2 2 2 2 2 2 2 2 2 2 2 2 2 2 2 10 2 2 2 2 2 2 2 2 2 2 2 2 10 2 2 2 2 2 2 2 2 2
left_child=3 2 4 10 26 38 19 24 18 12 11 37 -8 61 28 25 -17 -18 -3 -6 46 -7 -23 -24 -5 41 36 -28 33 -30 44 32 -32 -15 -35 -36 -2 -1 39 -4 -41 -16 -12 -9 -31 -42 51 48 -48 60 -38 -21 -25 -54 55 -22 57 58 59 -57 -50 -10
right_child=1 8 5 7 6 21 9 43 13 -11 42 -13 -14 14 15 16 17 -19 -20 20 54 22 23 52 -26 -27 27 -29 29 30 31 -33 -34 34 35 -37 50 -39 -40 40 45 -43 -44 -45 -46 -47 47 -49 49 -51 -52 -53 53 -55 -56 56 -58 -59 -60 -61 -62 -63
leaf_value=-4.4491901489273409e-06 9.0751256087691196e-07 2.2797931736836463e-05 -1.25966398302082e-05 -8.4428425755107455e-06 1.1087653354292317e-05 -1.2381764494568952e-05 1.5246182437455643e-06 -2.5801989692347903e-05 3.9470757373481015e-05 1.9750719517912416e-05 1.1637954016941362e-06 -1.6322867128300544e-05 1.7865334606043373e-05 1.1506442189625195e-05 4.419052981823469e-05 -0.00028554967786770653 -3.2769133301228567e-05 -0.00021092318326402173 4.6980186372289076e-05 3.6806074293478094e-05 1.9443991150845723e-05 -0.00026605628567005627 -9.7165638801230034e-05 -6.9879288971125687e-05 2.0881971505828842e-06 0.00022142376608449063 -0.00036768435851753826 -2.4782000734917601e-05 -5.4123343725828247e-05 -5.3063914145147793e-05 0.0003217517426910327 5.6065854734231051e-05 9.1481940951628545e-05 -1.664790079771068e-05 -1.9783658767072863e-06 -0.00022135193075102549 1.755939529543345e-05 1.5607372031742598e-06 6.0686705185687555e-07 -0.00031129992790485984 -0.00014956173517825198 -0.00016375881342702318 1.5766217577577965e-05 -1.2066739460881344e-05 0.00016501575034757123 3.8686895579744372e-05 -4.2103086843653437e-05 0.00027298501922136392 9.4183939149775488e-05 9.1167478574671503e-06 9.3440078099554682e-05 -0.00014726248890696285 0.00010576391988144379 -6.1595168926453713e-05 -2.8420013668472701e-05 0.00012131690741287957 0.00033702484384021711 4.7688873446377155e-07 0.00023049301910888469 5.494121746237804e-06 0.00026314260779086517 -0.00013724980059682209
leaf_weight=252900.98549497128 335965.35285282135 50017.463745117188 14735.311382293701 172870.56282043457 58334.207717895508 71167.924255371094 132779.6749920845 31257.062622070312 6221.2673321962357 43318.144226074219 58971.085571289062 44189.655517578125 33466.088557720184 11588.582851290703 597.27888143062592 221.08486986160278 829.67566013336182 313.64129972457886 14605.787841796875 12939.54540014267 56317.79646551609 214.17540276050568 1278.3576419353485 559.56284821033478 86650.049667358398 136.49432826042175 129.39839625358582 614.60355687141418 667.66975915431976 433.816934466362 356.37156713008881 266.973348736763 149.87943053245544 6163.4148225784302 195.54006922245026 270.09463536739349 3835.3011813163757 357688.35945534706 228033.54823684692 134.75592374801636 448.73418998718262 152.29108607769012 42969.968139648438 233923.88415527344 138.47282409667969 206.67962503433228 429.33478140830994 243.16996800899506 1397.7882891893387 656.54177272319794 1082.335307598114 141.90983629226685 590.60003650188446 316.62926590442657 1921.09752368927 891.82418644428253 123.324054479599 1791.953847527504 326.63892269134521 1029.0930289030075 181.27625739574432 146.20530462265015
leaf_count=266430 344369 44482 12749 180885 55641 64270 132689 30316 5142 39857 73549 47490 35447 10069 478 174 674 246 12156 11232 50099 174 1052 471 86391 106 99 681 547 365 254 212 114 5220 156 214 3625 360395 218550 105 362 123 47162 225654 106 163 406 178 1127 611 887 134 475 259 1630 694 93 1562 236 876 135 121
internal_value=9.27679e-09 4.97881e-06 3.4483e-06 -4.25309e-06 6.79749e-06 -3.804e-06 1.23194e-05 -9.35358e-06 2.1444e-05 7.90188e-06 -7.16444e-07 -1.96751e-06 4.81426e-06 6.16423e-06 -2.1106e-06 -5.5783e-05 -0.000115289 -8.19244e-05 2.82648e-05 1.90902e-05 2.50448e-05 -1.42902e-05 -6.01466e-05 -4.38996e-05 -4.9267e-06 3.59004e-05 1.20014e-06 -8.52462e-05 3.86482e-06 5.3638e-05 0.000107112 0.000186115 0.000254207 -1.64078e-06 -2.46206e-05 -0.00012963 1.38931e-06 -9.28531e-07 -6.12433e-07 -1.85189e-05 -0.000128649 1.61785e-06 7.31916e-06 -1.36859e-05 9.41617e-08 -9.02619e-05 4.31459e-05 8.06967e-05 6.29592e-05 8.31554e-05 3.42914e-05 3.47871e-05 2.59265e-06 4.73474e-05 2.04054e-05 2.19571e-05 5.59309e-05 4.71867e-05 8.43944e-05 5.93374e-05 0.000113889 3.53712e-05
internal_weight=2.3805e+06 1.09907e+06 1.0056e+06 1.28142e+06 687916 317686 346289 524702 93472 209564 756720 654779 166246 28848.8 22481.3 2250.47 1364.4 1143.32 64623.3 136726 78391.3 74127.2 2959.33 2745.15 259521 886.064 341627 744.002 20230.8 2013.18 1345.51 773.224 506.251 18217.6 6629.05 465.635 340883 610589 243559 15525.5 790.17 749.57 101941 265181 572.29 655.414 15989.6 2908.11 2664.94 2235.61 4917.64 13081.5 1466.79 907.229 62401.7 60480.6 4162.83 4039.51 2247.56 1920.92 1579.06 6367.47
internal_count=2380169 1061897 980938 1318272 682308 298630 332647 523246 80959 207993 795026 674315 168136 24321 19058 1801 1094 920 56638 124654 69013 66701 2431 2257 267276 707 349661 780 17257 1598 1051 580 368 15659 5590 370 348881 626825 231929 13379 630 601 120711 255970 471 525 13823 2457 2279 1873 4512 11366 1205 734 55190 53560 3461 3368 1806 1570 1262 5263
is_linear=0
shrinkage=0.05


Tree=20
num_leaves=63
num_cat=0
split_feature=219 51 212 219 213 59 276 48 35 0 0 48 174 2 203 276 69 291 322 320 0 348 346 2 198 0 356 360 359 339 29 46 0 276 319 48 212 359 49 358 291 304 202 198 358 198 1 1 207 243 330 47 358 70 200 201 327 174 193 290 358 259
split_gain=0.0185756 0.0117175 0.00871221 0.00782241 0.00538631 0.00525094 0.00516797 0.00413925 0.0108468 0.00760281 0.00397771 0.00521906 0.00500869 0.00396749 0.00433599 0.00395717 0.00404325 0.0049279 0.00485876 0.00443852 0.00384551 0.0101723 0.00451455 0.00381536 0.00378573 0.00374963 0.00355885 0.00385101 0.00362652 0.00452808 0.00422522 0.00355156 0.00350397 0.00339163 0.00333926 0.00329957 0.00329311 0.00327606 0.00368844 0.00317696 0.00378512 0.00308204 0.00301115 0.00359201 0.00418724 0.00811399 0.00749608 0.00647307 0.00357299 0.00400848 0.00431601 0.0029837 0.00302992 0.0029783 0.00297369 0.00293233 0.00284763 0.00279822 0.0027649 0.00271354 0.00268759 0.00268426
threshold=9.197700637741947e-05 0.00024368174490518871 4.8849071390577599e-05 0.00074889240204356622 9.7672236734069901e-06 0.81111684441566478 0.4680039137601853 0.17582356929779056 0.068088229745626463 0.00068588717840611946 0.011900587007403375 0.24190866202116015 0.041959155350923545 0.0012745967833325269 0.0013856295263394716 0.30000562965869909 0.063077986240386977 0.92611178755760204 0.00010437823220854626 0.040562532842159278 0.010684328153729441 0.030158175155520443 0.11738265678286554 0.0040760394185781488 0.0022397493012249474 -0.0092270798049867136 -0.77657034993171681 0.5665642023086549 0.29450464248657232 0.87970057129859935 0.046396292746067054 0.0010721320286393168 -0.016213298775255677 0.099999167025089278 -0.0041507859714329234 0.073512732982635512 5.7945711887441582e-05 0.20351376384496692 0.5108376443386079 -0.15615662187337873 0.041211353614926345 -0.010971600189805029 0.00034409608633723115 0.00422206660732627 -0.056830257177352898 0.0078178048133850115 0.042871018871665008 0.056241016834974296 0.0014025771524757149 -0.17791318148374555 0.58476391434669506 0.01483822660520673 -0.044573744758963578 -0.03710056655108928 0.00065762965823523711 0.00096771266544237744 -0.00045121165749151254 0.00099560222588479541 0.051468094810843475 0.78426608443260204 0.15795222669839862 -0.051327444612979882
decision_type=2 2 2 2 2 2 2 2 10 2 2 2 2 2 2 2 2 2 2 2 2 2 2 2 2 2 2 2 2 2 10 2 2 2 2 2 2 2 2 2 2 2 2 2 2 2 2 2 2 2 2 2 2 2 2 2 2 2 2 2 2 2
left_child=2 3 4 6 -1 41 23 8 13 -10 -5 12 -12 14 42 -9 26 19 -19 -18 -15 31 59 25 -25 58 27 55 29 32 -31 -22 60 -6 39 -8 -27 38 -32 -26 -41 -4 48 51 47 -46 -47 53 -3 50 -50 -44 -53 -45 -48 -17 -35 -11 -2 -23 -28 -33
right_child=1 7 5 10 33 -7 35 15 9 57 11 -13 -14 20 -16 16 17 18 -20 -21 21 22 -24 24 34 36 28 -29 -30 30 37 61 -34 56 -36 -37 -38 -39 -40 40 -42 -43 43 44 45 46 54 -49 49 -51 -52 52 -54 -55 -56 -57 -58 -59 -60 -61 -62 -63
leaf_value=-4.9753930942334833e-06 2.5616371713403496e-05 -3.8768612311482e-06 1.0730540127557407e-05 2.2767960966255322e-05 1.1652261250276706e-05 -1.5330863585760977e-05 9.4680428310502874e-06 2.4715644960160423e-05 -0.00037030696228585721 -9.8616360917691833e-06 8.2035498436738331e-05 -6.7893410422895399e-05 0.00029144730974499139 1.9891082194025727e-06 -0.00010532038574020482 -6.5156214970195617e-06 -4.8586686374809648e-05 -3.4582228048316662e-05 0.00018517727435491015 -0.00019718739124924061 0.00013993288834143814 8.2215872531790618e-05 0.00037127500175747135 2.2901414229301606e-05 8.031788034374446e-05 1.6298907254805725e-05 0.00014779209977509682 1.9027358363368214e-06 -1.080271653077983e-05 3.5598222869297467e-05 0.00031698594985033032 3.6399729085036412e-05 -2.4564551334820484e-05 1.2330741355230489e-05 5.7137793769633619e-05 -1.9301139932605946e-06 3.8892398057721673e-06 1.9001921226927349e-05 8.5277317640642498e-05 0.00016955779120707629 0.00048640609789108179 -5.7671503123817626e-06 0.00014860031280284895 0.00013409261022562496 -4.4581684898504337e-05 -5.4497192029549763e-05 0.00014422744234559903 -0.00028246720678502395 3.9766592666673698e-05 -1.3506982983489113e-05 0.00037769247296755531 5.1723534672784795e-06 -2.3786289877396516e-05 -8.0335337423791649e-05 0.00045521808610201914 0.00023658753870471131 2.0347076056185189e-08 -0.0001579562417741362 0.00014367474745346888 0.00024341783081771405 -9.5173405906981629e-05 -0.00012858452466198923
leaf_weight=310495.8919686079 32690.154121398926 64791.347352027893 29845.175872802734 68048.121353149414 98604.797912478447 153024.70445787907 107506.15953063965 19592.68531036377 290.53041994571686 609.05268788337708 2378.955641746521 503.15913486480713 323.12300109863281 6881.1176733970642 1194.49072265625 168.59914898872375 3239.0233502388 651.71512794494629 407.08293104171753 593.35717964172363 242.04535627365112 1067.9375848770142 207.17612648010254 4018.0685710906982 377.02573585510254 95658.973295450211 541.09213471412659 693.34801363945007 23221.284316897392 3928.232738494873 375.0502564907074 377.07189130783081 4369.8913995027542 53080.530731201172 1351.733460187912 155083.84289550781 121184.71278548241 326.81387138366699 319.05897545814514 274.39704549312592 144.66590392589569 549574.92020642757 280.93940401077271 170.74549674987793 3842.8803272247314 232.63477623462677 140.38404786586761 397.31665420532227 178.20279276371002 356.87078154087067 200.40323233604431 13411.643903255463 27658.533267498016 2637.1730613708496 175.23105382919312 466.26731491088867 408380.60427856445 668.33925545215607 501.68743133544922 345.31161272525787 142.50592589378357 706.17441213130951
leaf_count=342613 29989 59679 30266 60131 103195 151249 97623 17496 225 481 1913 432 237 6099 985 147 2691 543 319 478 195 862 167 3998 292 94057 447 546 21525 3285 274 334 3809 51857 1102 151176 114310 257 250 217 102 556643 230 143 3182 197 108 315 158 315 156 11628 24564 2174 121 331 421098 536 373 262 117 584
internal_value=-1.59321e-10 6.34915e-06 -3.07437e-06 9.79936e-06 3.06697e-07 -7.093e-06 7.66574e-06 -4.59002e-06 -9.67281e-06 -0.000140285 2.53335e-05 7.97515e-05 0.000107275 -8.03876e-06 -1.06301e-05 6.34966e-06 -2.77408e-06 -4.53124e-05 5.01e-05 -7.1685e-05 2.24593e-05 7.02433e-05 0.000154195 1.27179e-05 5.15673e-05 1.17595e-05 3.24989e-06 8.34435e-05 3.91133e-08 2.52057e-05 5.91894e-05 -3.24813e-05 -8.08664e-06 3.23505e-06 0.000105123 2.73641e-06 9.36377e-06 0.000149715 0.000211028 0.000186254 0.000280729 -4.91734e-06 -9.64024e-06 -1.90227e-05 -5.06204e-05 -1.88894e-05 0.000160704 -9.40526e-05 -2.63136e-06 0.000106803 0.000219682 -1.32158e-05 -1.43299e-05 -6.72101e-05 0.00031867 0.00017221 1.43642e-06 -8.74714e-05 2.74093e-05 0.000121892 9.70125e-05 -7.11932e-05
internal_weight=2.37915e+06 776144 1.60301e+06 590045 870562 732445 518791 186100 127064 1567.92 71253.4 3205.24 2702.08 125496 115669 59036 39443.3 4891.18 1058.8 3832.38 9826.83 2945.72 1620.43 256201 6165.89 250036 34552.1 1328.21 33223.9 10002.6 4949.16 1325.29 5053.49 560066 2147.82 262590 216844 1020.92 694.109 796.089 419.063 579420 114474 48947.5 7596.37 4391.13 548.25 3205.24 65526.8 735.477 378.606 41351.1 41070.2 2807.92 315.615 634.866 461461 1277.39 33191.8 1413.25 683.598 1083.25
internal_count=2379088 722167 1656921 555952 918763 738158 493239 166215 113700 1242 62713 2582 2150 112458 103955 52515 35019 4031 862 3169 8503 2404 1291 244440 5711 238729 30988 1024 29964 8439 4066 1113 4373 576150 1713 248799 208367 781 524 611 319 586909 102970 42662 6240 3608 426 2632 60308 629 314 36422 36192 2317 229 478 472955 1017 30362 1124 564 918
is_linear=0
shrinkage=0.05


Tree=21
num_leaves=63
num_cat=0
split_feature=50 276 53 16 52 327 36 52 246 154 278 360 207 0 32 361 313 15 331 53 51 226 330 36 346 200 35 183 355 343 0 191 271 360 48 181 276 36 204 201 204 13 193 212 271 361 48 281 182 361 43 46 183 207 46 234 51 198 0 199 177 357
split_gain=0.0174829 0.0123724 0.0105048 0.00782764 0.0067018 0.00506303 0.00774833 0.00599745 0.00426341 0.0040964 0.00393031 0.00478728 0.00389356 0.00386755 0.00382037 0.00373791 0.00498539 0.00595995 0.00349106 0.00346456 0.00339697 0.00331862 0.00319279 0.00305833 0.00300995 0.00592592 0.00316813 0.00310532 0.00300568 0.00270185 0.00263537 0.00302309 0.0026053 0.00259534 0.00257213 0.00238757 0.00238492 0.00273875 0.0023598 0.00359176 0.00251579 0.0023479 0.00233372 0.00231303 0.0028369 0.00280482 0.00390135 0.00219278 0.00215335 0.00213727 0.00212424 0.00310316 0.0020246 0.0020228 0.00255025 0.00200142 0.00196572 0.0019604 0.00197389 0.00188394 0.00185331 0.00302557
threshold=0.00024621450575068598 0.14000044018030169 0.00024620919430162763 0.0050937475170940169 7.4079969181184433e-06 0.0037737713428214197 0.044472061097621925 0.00034575456811580812 -1.0418076515197752 0.00027699120983015751 0.74998909235000621 0.6224278211593629 4.6335808292496956e-05 0.011229654774069788 0.0784725956618786 0.50269633531570446 0.014648777432739736 0.021910947747528556 0.24679339677095416 1.0000000180025095e-35 0.00049508843221701692 0.23297442495822909 0.51436457037925731 2.1185540390433747e-05 0.12215543910861017 0.0010667272144928577 -0.038328208029270165 -0.0038998384261503811 0.042996341362595565 -0.3367572128772735 -0.010399320628494023 -0.016271574422717091 0.0010805882629938426 0.31800848245620733 0.071159917861223235 -0.039668625220656388 0.20000215619802478 0.0054213826078921565 0.0003248739085393027 0.00086370226927101623 0.00022540905047208073 0.015464638825505974 0.011576622724533083 3.136183840979357e-05 -0.011531115509569643 -0.58960917592048634 0.069043770432472243 0.23874197155237201 -0.0062811272218823424 -0.83059588074684132 0.00079324189573526393 0.025923416949808601 0.016540093347430233 0.0025197786744683985 0.016880244947969917 -1.3178599476814268 0.00053157284855842601 0.0078178048133850115 -0.0025762977311387654 0.00054715212900191556 0.07279421761631967 -1.0022478103637693
decision_type=2 2 2 2 2 2 8 2 2 2 2 2 2 2 10 2 2 2 2 2 2 2 2 8 2 2 8 2 2 2 2 2 2 2 2 2 2 8 2 2 2 2 2 2 2 2 2 2 2 2 10 2 2 2 2 2 2 2 2 2 2 2
left_child=1 3 4 14 19 7 8 23 -7 29 11 18 -5 24 30 38 -17 -18 42 -3 -4 22 55 -2 26 -26 35 -27 -23 -6 34 -32 -24 -29 -1 -9 41 -38 39 -15 -41 -25 -10 -33 45 46 -45 -31 -40 -50 52 -52 -14 56 -55 -13 -28 -20 -59 -43 -11 -62
right_child=5 2 20 12 9 6 -8 13 10 60 -12 21 50 15 -16 16 17 -19 57 -21 -22 28 32 36 25 27 53 33 -30 47 31 43 -34 -35 -36 -37 37 -39 48 40 -42 59 -44 44 -46 -47 -48 -49 49 -51 51 -53 -54 54 -56 -57 -58 58 -60 -61 61 -63
leaf_value=3.4388132092687696e-05 3.7587247706101959e-05 -2.6347137725502351e-06 -1.1124450067252988e-05 3.2187383697157208e-06 8.6274244100181875e-06 9.9653950392330511e-05 -0.00037841910338851504 0.00027869207905660375 -3.5239438813204678e-05 8.620209489518596e-06 -0.00027706266171399096 5.9517524659830182e-05 -3.958983476571341e-06 4.118337004775437e-05 0.0001268338461244852 6.0874395649272364e-05 0.0004475491228220262 8.1203631896702242e-05 1.1628857029180824e-05 -9.2545982503481217e-06 -2.7301454372480953e-05 -2.8690164166278521e-05 0.00024687248904211922 1.0526165269343938e-05 1.2480127446678366e-05 -2.0532717279495029e-05 2.7988042370912165e-05 2.733026618542187e-05 0.00019530052249536046 -3.6648626657680017e-05 -1.0421582223958657e-05 8.4840775930834075e-06 1.2404551350108913e-05 -0.00021686535731326004 4.43914891493837e-06 7.8625515424049348e-05 6.0821839724466759e-06 -1.0811512029074737e-05 6.9001259237673414e-05 0.00040118601724981897 0.00010733200363506254 2.4915628827802923e-05 -0.00018346389736475816 0.000286095025874937 -2.230010968812625e-06 9.8550158196167954e-06 6.0373970923283076e-05 -1.8702843439895828e-06 5.5674334113823111e-05 -0.0001133436938970928 3.0196456934746124e-05 0.0002089780309133826 -0.00023079562269661186 8.0823289278289103e-05 -0.00010680767781495516 -0.00012664405098508362 2.2807636218723083e-06 2.0094855097661835e-05 -0.00020525095395700351 7.7052665528676853e-05 0.0002129005360085556 2.2603750548201629e-05
leaf_weight=12243.902241230011 8096.8553924560547 570027.47700500488 159414.13433837891 21764.908676147461 67239.506500244141 612.00932729244232 157.40129089355469 182.04210352897644 381.91251468658447 151137.81091308594 166.562460064888 182.30129325389862 3049.9034264087677 856.88321828842163 617.88815307617188 641.03539800643921 239.18453168869019 207.69439077377319 1039.6282953023911 302547.74951171875 40746.583984375 232.65869998931885 134.95028138160706 56251.846899986267 26927.811324119568 728.85817325115204 41965.165014624596 135.01951491832733 416.05671095848083 4592.1742248535156 47196.734725952148 118471.17341601849 880.15596008300781 549.70232892036438 17294.81262588501 803.01304423809052 141043.06344604492 28905.737137794495 600.00558829307556 134.49464750289917 160.56298494338989 7282.8411712646484 877.99406313896179 226.37070560455322 136574.74099099636 2687.4780960083008 1195.5918254852295 336494.32807922363 283.56368231773376 541.91680574417114 47496.336281299591 242.02432250976562 99.649437189102173 2546.8480205535889 193.24941253662109 673.86438798904419 9037.9683628082275 158.53268194198608 247.74449396133423 2273.1364288330078 287.52520751953125 751.89105224609375
leaf_count=11553 7105 600834 153253 26631 64938 489 122 130 297 145237 129 139 3095 712 466 526 170 163 833 307011 36475 188 99 56052 24070 585 36726 103 310 3915 48048 124440 701 430 16644 690 134014 30943 469 98 128 6495 725 193 133886 2442 1034 331078 218 440 49958 186 83 1993 164 556 7600 129 198 1899 221 629
internal_value=-2.9844e-11 -1.74043e-06 -3.68825e-06 6.03461e-06 -2.18962e-06 1.05555e-05 -3.43443e-05 1.13926e-05 -2.52016e-05 2.0766e-06 -3.94038e-05 -3.17258e-05 2.0918e-05 2.26846e-05 2.82115e-06 7.29362e-05 0.000150575 0.000278404 -7.78848e-05 -4.93004e-06 -1.44178e-05 1.78594e-05 -1.5947e-05 7.37604e-06 2.04656e-05 7.2391e-06 2.73146e-05 -9.24758e-05 0.000115126 -5.32888e-07 2.59227e-06 1.21698e-06 4.39993e-05 -0.000168773 1.68546e-05 0.000116088 6.33815e-06 3.20873e-06 4.0074e-05 9.32281e-05 0.000243077 1.44196e-05 -0.00013866 3.33663e-06 -9.98134e-07 3.99237e-05 9.66592e-05 -2.33873e-06 -2.95052e-06 -5.52895e-05 2.84877e-05 3.11116e-05 -1.12778e-05 2.56832e-05 6.75221e-05 -8.69588e-05 2.34329e-05 -2.48093e-05 -0.000117651 3.73313e-05 9.07836e-06 7.55518e-05
internal_weight=2.37915e+06 2.0424e+06 1.63324e+06 409162 1.43308e+06 336750 6161.77 330588 6004.37 560503 5392.36 5225.8 72652.8 86735 336509 3665.34 1087.91 446.879 2705.81 872575 200161 2519.99 1871.27 243853 83069.7 28341.4 54728.3 1413.58 648.715 408326 335891 306352 1015.11 684.722 29538.7 985.055 235757 169949 2577.43 1151.94 295.058 65807.8 1259.91 259155 140684 4109.44 1421.96 341087 1425.49 825.48 50887.9 47738.4 3149.55 53743.2 2740.1 856.166 51003.1 1445.91 406.277 9555.98 152177 1039.42
internal_count=2379088 2062250 1643591 418659 1453863 316838 4915 311923 4793 546018 4304 4175 79953 75415 338706 2924 859 333 2182 907845 189728 1993 1495 236508 72491 25188 47303 1118 498 399931 338240 310043 800 533 28197 820 229403 164957 2065 938 226 64446 1022 261995 137555 3669 1227 334993 1127 658 53322 50144 3178 46483 2157 695 44326 1160 327 8394 146087 850
is_linear=0
shrinkage=0.05


Tree=22
num_leaves=63
num_cat=0
split_feature=217 276 220 219 16 104 359 343 327 220 219 201 134 3 48 346 199 2 291 44 2 46 200 228 192 48 204 337 313 334 46 320 337 31 219 218 33 212 219 267 21 333 199 357 2 348 259 170 269 48 327 48 183 201 256 46 2 262 20 334 319 330
split_gain=0.016467 0.0110452 0.00862316 0.007049 0.00700971 0.00547776 0.011099 0.00502512 0.00436393 0.00433407 0.00530024 0.00356724 0.00349129 0.00324928 0.00511315 0.00383635 0.00490547 0.00352597 0.00325766 0.00329271 0.00321772 0.00549229 0.00543013 0.00433109 0.00443351 0.00370276 0.00513474 0.00332591 0.00316745 0.00519566 0.0029475 0.00318304 0.00291285 0.00286256 0.00284053 0.00290349 0.00277062 0.00288949 0.00294196 0.0026758 0.00346592 0.00262542 0.00308537 0.00508387 0.00447695 0.00400421 0.00272626 0.00247283 0.00245312 0.0024259 0.00237529 0.00222198 0.00471196 0.00549312 0.00216295 0.00214118 0.0021208 0.00272402 0.00420734 0.00529642 0.00229852 0.00226569
threshold=0.00029216120310593402 0.17721280455589297 0.00022678443929180506 6.0325253798509955e-05 0.0050937475170940169 -1.0000000180025095e-35 0.25500069558620458 -0.12240356951951979 -0.00094961488503031422 0.00070782165857963275 0.00099462899379432223 5.4556585382670171e-05 -1.0000000180025095e-35 0.051004599779844291 0.090329337865114226 0.0087781162001192587 0.00016488398978253829 -0.0071706220041960469 0.77805146574974071 0.027959059923887256 -0.0026976431254297491 0.016880244947969917 0.0013612984330393376 0.7851977050304414 0.010976863559335472 0.26050204038620001 0.0010817077709361913 0.037943404167890556 0.041541524231433875 0.24405808001756671 0.016880244947969917 0.06826601549983026 0.30387336015701299 0.034911809489130981 0.0004029312549391762 3.9343383832601837e-05 0.079630982130765929 0.00010380353705841118 4.2570549339870929e-05 0.034763963893055923 0.0092022623866796511 0.17847932130098346 0.0010813524713739755 0.029974635690450672 -0.0014063667622394858 0.22469350695610049 0.60447910428047191 -0.00054862871184013773 0.026586093008518222 0.17966060340404513 -0.0024407136952504511 0.072237890213727965 -0.025015041232109066 0.00015496210835408422 0.18070777505636218 -0.018308199942111966 0.0012745967833325269 0.0084789339452981966 0.003676192602142692 0.19811705499887469 -0.0033350971061736341 0.5462748408317567
decision_type=2 2 2 2 2 8 2 2 2 2 2 2 2 2 2 2 2 2 2 8 2 2 2 2 2 2 2 2 2 2 2 2 2 10 2 2 10 2 2 2 2 2 2 2 2 2 2 2 2 2 2 2 2 2 2 2 2 2 2 2 2 2
left_child=1 4 3 12 36 8 -7 -4 28 10 -10 -6 -3 47 15 16 -15 -18 -16 -20 21 22 -11 24 -24 26 41 -26 32 -30 -27 -32 -2 -34 35 -5 37 38 -1 -36 -41 48 49 44 -44 -45 -46 -9 -22 -43 -37 52 53 -40 -51 -29 -12 60 59 -59 -58 -61
right_child=5 2 7 34 11 6 -8 13 9 20 56 -13 -14 14 18 -17 17 -19 19 -21 25 -23 23 -25 27 30 -28 55 29 -31 31 -33 33 -35 39 50 -38 -39 51 40 -42 42 43 45 46 -47 -48 -49 -50 54 -52 -53 -54 -55 -56 -57 57 58 -60 61 -62 -63
leaf_value=9.2874887987983987e-07 2.8774757075530646e-05 -9.1746076636969664e-06 -1.9629118811078253e-06 7.514975093216955e-06 2.590522037357557e-06 -0.00053923998021928633 -4.3990378448197724e-05 -8.7041861480536652e-06 8.7119160866490149e-06 -7.8761769113518963e-06 2.6599852130101731e-05 2.5803381856730898e-05 -2.4569838017482151e-06 -5.2865153668473009e-05 -4.4220814668113419e-05 -2.6379769749084608e-05 -0.00048289189385513303 -0.00020526551436429808 0.0001138920013005952 -9.1523870773223354e-05 -9.0853364577013912e-06 -0.00030870665116081495 -0.00030878201367431527 5.5945630716912976e-05 -2.1042952710199525e-05 5.0827645791697549e-05 0.00018077726793767156 -3.4056467713672216e-05 0.0003713418513784787 3.0689494186803897e-06 -4.6617709593729558e-05 -0.00030287456150324333 1.4214517008195841e-05 -0.0001866155194824815 1.3918235899851683e-05 5.1154593706743604e-05 0.00011051071545243175 -5.242960502245685e-06 1.4720248379941629e-05 0.00025138709624309899 -1.1597857938226055e-05 -1.3771449382182962e-05 0.00028141292783070136 7.131932666746257e-05 -7.1314555875864722e-05 0.00040155143397752963 0.0001394388847370344 -2.1165028776417973e-05 -0.00019493843852121313 5.2264070368830039e-05 -2.0555356412293164e-06 2.2348045248242173e-06 1.6205051389832482e-05 0.00046780681189124447 0.00027624138827024309 -0.00025747533680948976 0.00012710051294579855 4.0889150731354354e-05 5.8874005453522381e-06 0.00043202448262979272 8.6346117780768984e-06 0.00019646907886948425
leaf_weight=187819.83354556561 32198.563894629478 274740.7388458252 81836.863830566406 143459.85417175293 23751.4912109375 122.95278346538544 1201.0834866762161 72316.765707492828 215404.90254366398 24339.489588737488 25462.282821655273 54592.7431640625 653426.49458312988 401.50023877620697 4973.7897924184799 576.45902121067047 155.76440930366516 441.65062546730042 692.05737864971161 269.6485903263092 1947.1213784217834 157.26419067382812 290.97664284706116 373.11726713180542 701.4482661485672 261.59927558898926 531.30563354492188 155.24429702758789 173.69085156917572 210.61882555484772 284.69333648681641 210.13239288330078 409.18635809421539 310.92995202541351 44745.7080078125 2114.964958190918 589.563720703125 97405.77360701561 143.75319731235504 268.92051577568054 232.74568295478821 2227.2216663360596 158.61452686786652 161.17612338066101 523.81793248653412 214.44905030727386 214.68765580654144 88595.865884304047 193.39123153686523 859.11825954914093 226168.44637298584 41154.025081634521 65010.283690571785 123.33951508998871 121.55043733119965 349.76336109638214 536.27217745780945 288.39471983909607 415.2582072019577 216.05506241321564 1712.2552082538605 203.29246830940247
leaf_count=197165 27788 283358 76379 141807 29164 95 1290 67718 206019 21406 21701 57645 684037 358 4317 521 121 350 532 233 1677 122 226 294 533 238 412 127 125 174 234 167 392 247 41788 1749 460 93198 124 207 203 1901 127 131 420 148 171 86151 152 730 216933 42561 61737 92 91 274 440 236 341 151 1449 151
internal_value=3.98066e-11 -1.61943e-06 -3.60495e-06 -2.01941e-06 5.11197e-06 1.06847e-05 -9.07242e-05 -1.21272e-05 1.11159e-05 9.07035e-06 1.14069e-05 1.87662e-05 -4.44544e-06 -1.70659e-05 -4.92073e-05 -0.000129227 -0.000188408 -0.000279021 -2.79324e-05 5.62259e-05 -7.57894e-06 -1.5969e-05 -1.41891e-05 -9.62367e-05 -0.00013418 2.03896e-05 3.1521e-05 -9.16278e-05 2.82211e-05 0.000170573 -8.46707e-05 -0.000156221 2.6549e-05 -7.2776e-05 3.38063e-06 1.94085e-06 2.38469e-06 2.22136e-06 4.69229e-06 1.52089e-05 0.000129815 1.94932e-05 4.12489e-05 0.000107055 4.21692e-05 0.000260981 -9.83624e-06 -1.55651e-05 -2.60431e-05 1.50895e-05 -1.56212e-06 1.13337e-05 1.70698e-05 0.000225871 8.0531e-05 -0.000189199 3.15383e-05 6.87962e-05 0.000132328 0.00020629 3.69765e-05 0.000319306
internal_weight=2.37915e+06 2.06601e+06 1.59542e+06 1.34516e+06 470591 313142 1324.04 250260 311818 278515 244239 78344.2 928167 168424 7510.87 1575.37 998.915 597.415 5935.5 961.706 34276.2 26367.3 26210 1870.55 1497.43 7908.88 7152.45 1206.46 33303 384.31 756.425 494.826 32918.7 720.116 416991 371743 392247 391657 294251 45247.4 501.666 6621.15 4480.64 1272.75 897.12 375.625 738.506 160913 2140.51 3207.89 228283 106431 65277.4 267.093 980.669 505.008 28833.8 3371.53 1123 707.742 2248.53 419.348
internal_count=2379088 2088908 1606762 1370082 482146 290180 1385 236680 288795 260069 230488 86809 967395 160301 6432 1350 829 471 5082 765 29581 22982 22860 1454 1160 6599 5960 934 28726 299 639 401 28427 639 402687 360489 395337 394877 301679 42198 410 5548 3719 997 718 279 591 153869 1829 2722 218682 104514 61953 216 821 401 24469 2768 879 538 1889 302
is_linear=0
shrinkage=0.05


Tree=23
num_leaves=63
num_cat=0
split_feature=52 56 51 213 51 344 2 15 198 36 3 48 113 359 292 198 259 53 321 134 219 36 263 276 36 0 359 337 278 53 48 361 0 204 357 203 303 292 357 357 357 201 349 313 2 16 314 175 329 16 276 34 33 189 49 33 0 289 198 364 359 204
split_gain=0.0154851 0.00838161 0.00823045 0.00628487 0.00549529 0.00500042 0.00423115 0.00494521 0.009181 0.00420386 0.00415158 0.00474681 0.00469615 0.00487789 0.00480781 0.00378944 0.00434445 0.00346606 0.003355 0.00326785 0.00320323 0.0033929 0.00303747 0.00298668 0.00278202 0.00265512 0.00254975 0.00253891 0.00253794 0.00252306 0.00254957 0.00301402 0.00433544 0.00774991 0.00406307 0.00376252 0.00450812 0.00365385 0.00376942 0.00294715 0.0026746 0.00265481 0.00240796 0.00232201 0.00214707 0.00213163 0.00212621 0.00210419 0.00247083 0.0021 0.00204564 0.00218061 0.00204533 0.0019849 0.00269418 0.00196707 0.00268758 0.00206514 0.00193572 0.00336021 0.00246882 0.00185321
threshold=7.9555320553481592e-05 0.80306389927864086 8.5416886577149867e-05 1.9200320821255449e-05 2.4345454221474941e-05 1.0000000180025095e-35 0.0040760394185781488 0.042199376970529563 0.0078178048133850115 1.0000000180025095e-35 0.063323676586151137 0.14812672138214114 0.11900876089930536 0.80200132727622997 2.1255477666854863 0.0078178048133850115 0.55241209268569957 0.0002038944294326939 0.068556811660528197 -1.0000000180025095e-35 0.0034865305060520773 0.0054213826078921565 0.0018494641990400853 0.059352695941925056 0.0056643341667950162 0.011900587007403375 0.1629920229315758 -0.075091410428285585 0.68000364303588878 4.7755507694091655e-05 0.17582356929779056 -0.38550750911235804 -0.020300743170082566 0.0010817077709361913 -0.15668824315071103 0.0013856295263394716 -0.0069992640055716029 0.059516634792089469 -0.86548805236816395 0.0022635671775788073 0.20708011090755465 0.00023631109070265668 -0.032376600429415696 0.013772257603704931 -0.018957253545522686 0.004234098596498371 0.05441654101014138 -0.062181077897548669 0.33122839033603674 9.2030139057897045e-05 0.16687820106744769 0.080218229442834868 1.0000000180025095e-35 0.029622363857924942 0.26812416315078741 0.0033761374652385716 -0.024239955469965931 0.80000203847885143 0.0037501783808693294 1.0000000180025095e-35 0.1009502522647381 0.00026539931423030799
decision_type=2 2 2 2 2 2 2 2 2 10 2 2 2 2 2 2 2 2 2 2 2 10 2 2 10 2 2 2 2 2 2 2 2 2 2 2 2 2 2 2 2 2 2 2 2 2 2 2 2 2 2 10 10 2 2 10 2 2 2 2 2 2
left_child=2 4 3 19 50 9 10 8 58 -5 29 22 13 14 27 16 18 49 -9 -1 21 25 -12 -11 -7 -3 43 -13 -24 -6 46 37 33 34 -33 47 -37 38 -32 -36 53 -41 -15 -27 -44 -23 -31 48 -34 -4 51 -2 -22 -39 -55 57 -57 -25 -8 60 -60 -29
right_child=1 20 17 5 6 24 7 15 -10 23 11 12 -14 42 -16 -17 -18 -19 -20 -21 52 45 28 55 -26 26 -28 61 -30 30 31 32 35 -35 39 36 -38 40 -40 41 -42 -43 44 -45 -46 -47 -48 -49 -50 -51 -52 -53 -54 54 -56 56 -58 -59 59 -61 -62 -63
leaf_value=-1.0573687145577221e-05 1.8603962901711898e-05 1.4939751649456615e-05 -1.3210999768397881e-05 -0.00031887333351780605 4.1628195319501931e-06 -1.0610470350364982e-06 3.1180102177921644e-05 -1.4459545360650028e-06 0.00034578285825454441 1.6753995742970788e-05 -6.4750928419806653e-05 4.0390450787003304e-05 -0.00012413504529376301 0.00026679975872887857 0.00018114174562064301 -0.00018926797192491107 0.00023260205450876455 -1.7578809925942689e-05 -0.00022490571581347286 -2.1829167417674973e-06 -8.6315541061963116e-06 -3.1562767489292402e-05 -0.00015801627159614667 4.739413892454843e-06 -1.9869590544888024e-05 8.9078892814466946e-05 3.4719315766158979e-05 8.1035433217238188e-06 -0.00041609149275839002 -9.7045193006349682e-06 0.00015816347852558432 0.00032968816833404518 2.3708665321886821e-05 -0.00017891441373657022 8.0045904082351782e-06 0.00037856246528339003 6.2757273199270683e-05 -3.4931297929301314e-05 -6.004097391486641e-07 -1.3961820759372988e-05 7.9508996175337897e-05 0.00019477935796206015 0.000203400124722959 0.00029590770987002202 -2.7010318981522101e-06 8.873977221634633e-06 -0.00010375311205487706 2.9460166560864936e-06 0.00030373640649394309 -3.791165912063396e-06 6.6774331553694994e-06 0.00016596601902887838 6.3499979767197166e-05 -0.00023518871609968991 -7.020588887064607e-05 0.0001777288016134267 7.7366304488831353e-06 -5.7276991869447463e-06 0.00023690920967883971 0.00029184322019199616 9.2965863392277068e-06 -8.7855816929167385e-05
leaf_weight=160511.59301757812 42024.846160531044 171854.7076934576 80080.273399353027 97.685214042663574 100416.24918365479 323649.34231567383 4514.5362424850464 1315.765380859375 263.35879516601562 55244.277735471725 630.33057069778442 743.79114830493927 945.44145965576172 188.68105268478394 259.5295238494873 322.19076538085938 173.89994406700134 86607.800415039062 190.55665993690491 418785.68725371361 1208.550840139389 6223.9997634887695 337.24467027187347 128580.63649833202 20929.845184326172 776.97003722190857 4295.9510068893433 670.02727079391479 133.61148989200592 101468.5038318634 388.16062164306641 211.41675341129303 209.73724484443665 236.5430908203125 581.79611873626709 132.79098796844482 707.13912677764893 3050.8329221010208 8949.2839612960815 191.76788198947906 381.95473992824554 733.695317029953 182.0038743019104 163.40734219551086 403.23691558837891 6837.8350830078125 602.55894470214844 17600.255850791931 124.51940703392029 226542.98319244385 118739.99980163574 250.58633422851562 5248.360292673111 313.75765132904053 1159.5735039710999 230.79444217681885 194242.34339046478 74381.63558614254 150.74437367916107 198.9393572807312 542.23196136951447 2014.1966284513474
leaf_count=172479 41015 158445 76149 117 95681 317360 4095 1139 195 56839 537 604 788 137 198 256 141 81287 153 455319 1035 5992 277 127245 21508 614 3708 620 104 90934 289 151 179 188 526 91 548 2692 8232 205 321 560 132 117 309 7082 504 16201 101 229202 115367 198 4195 268 964 175 198168 74812 104 156 452 1628
internal_value=7.07916e-11 6.87526e-06 -2.36665e-06 -5.44346e-07 2.82725e-06 2.33524e-06 -1.7882e-06 3.47676e-05 5.86182e-05 5.78944e-06 -2.93807e-06 -4.23303e-05 -2.30356e-05 -1.56527e-06 -2.55295e-05 -3.27561e-05 -2.55486e-06 -8.7463e-06 -2.99754e-05 -4.50786e-06 1.53714e-05 1.4195e-05 -0.000136855 5.86091e-06 -2.20359e-06 1.60088e-05 5.10768e-05 -4.12727e-05 -0.000232699 -1.8581e-06 -6.2698e-06 5.38081e-06 1.75473e-05 8.83642e-05 0.000125315 1.01636e-05 0.000113466 -1.23259e-05 6.03191e-06 9.62498e-05 -4.7253e-05 0.000151589 0.00011239 0.000125571 6.18687e-05 -1.03961e-05 -1.02617e-05 5.31347e-06 0.000129212 -6.2514e-06 1.00404e-05 1.94853e-05 5.00005e-05 -5.79854e-05 -0.000105612 4.34667e-06 7.9402e-06 9.03407e-07 4.45072e-05 0.000111743 5.93489e-05 -6.39146e-05
internal_weight=2.37915e+06 609266 1.76988e+06 1.37665e+06 412656 797357 251641 7672.22 5669.81 452777 243969 6508.09 5406.91 4461.47 3687.54 2002.41 1680.22 393231 1506.32 579297 196610 190153 1101.19 452680 344579 177091 5236.33 3428.02 470.856 237461 137044 34973.2 20729.7 1955.22 1718.68 18774.4 839.93 14243.6 9337.44 1507.26 4906.12 925.463 773.922 940.377 585.241 13061.8 102071 17934.5 334.257 306623 161015 42275.4 6456.91 4524.16 1473.33 397435 194473 202962 5406.45 891.916 692.976 2684.22
internal_count=2379088 568428 1810660 1424022 387240 796224 230660 6691 5002 457356 223969 5334 4416 3628 3050 1689 1433 386638 1292 627798 181188 175958 918 457239 338868 162884 4439 2852 381 218635 122954 31516 18750 1630 1442 17120 639 12766 8521 1291 4245 765 578 731 441 13074 91438 16481 280 305351 156580 41213 5230 3924 1232 400400 198343 202057 4807 712 556 2248
is_linear=0
shrinkage=0.05


Tree=24
num_leaves=63
num_cat=0
split_feature=50 53 276 73 178 291 243 246 16 109 32 0 198 198 23 53 211 16 109 339 49 303 211 312 224 49 200 360 353 0 292 220 200 291 109 314 2 0 322 344 356 344 329 348 200 361 43 45 2 262 2 329 327 14 178 2 49 355 202 16 109 327
split_gain=0.0148737 0.00812367 0.00667364 0.00935453 0.00542724 0.0056499 0.00463118 0.00452927 0.00431662 0.00706674 0.00427655 0.006553 0.00605003 0.0041836 0.00420156 0.00373266 0.00402721 0.00352978 0.00348982 0.00343466 0.0033791 0.0033773 0.0032956 0.00319387 0.0035073 0.00317057 0.00308099 0.00408263 0.00294131 0.00294025 0.00375675 0.00305452 0.00257736 0.00376453 0.00257333 0.0066034 0.00275813 0.00249277 0.00339522 0.00248168 0.00248155 0.00253784 0.0024737 0.00533245 0.00247337 0.00246166 0.00310178 0.00245526 0.00239451 0.00258644 0.00410854 0.0024808 0.00235522 0.00340703 0.00333007 0.00234953 0.00225702 0.00214987 0.00203657 0.0020313 0.00202959 0.00202951
threshold=3.5395414670347243e-05 4.8690908442949883e-05 0.25775443017482763 0.062895093113183989 0.0097143389284610766 1.0433364510536196 0.011379661038517954 -0.75433135032653797 0.0050937475170940169 5.4423933029174814 -1.0000000180025095e-35 -0.0090044387616217119 0.0078178048133850115 0.0078178048133850115 0.0033261749194934969 0.00049499422311782848 0.00040773814544081693 0.00070602691266685735 14.795091152191164 0.89840117096900951 0.27578875422477728 0.00081411938299424957 1.8619304682943042e-05 0.030730280093848709 -0.051709294319152825 0.17767044901847842 0.0010667272144928577 -0.62407469749450672 -0.0066513514611870042 -0.027545910328626629 0.70349019765853893 0.00043734158680308616 0.0013612984330393376 -0.13029234856367108 68.756286621093764 0.015194233972579243 -0.024275858886539933 -0.024239955469965931 -0.024960169568657872 0.00690969335846603 0.53645664453506481 0.076924283057451262 0.13065409660339358 0.33898159861564642 0.0010667272144928577 0.067108523100614562 0.00053564156405627738 0.031184869818389419 0.0012745967833325269 0.0075375253800302753 0.0024101372109726076 0.048074534162878997 0.0037737713428214197 0.0072647221386432656 0.072772897779941573 -0.025184961967170235 0.38579265773296362 -0.037366397678852074 0.00070669199340045463 0.00036297772021498537 11.013067722320558 -0.0016725638997741041
decision_type=2 2 2 2 2 2 2 2 2 10 10 2 2 2 2 2 2 2 10 2 2 2 2 2 2 2 2 2 2 2 2 2 2 2 8 2 2 2 2 2 2 2 2 2 2 2 10 8 2 2 2 2 2 2 2 2 2 2 2 2 8 2
left_child=1 8 10 7 13 6 39 -4 9 17 11 34 -13 14 45 16 25 -1 19 26 -15 28 -11 24 -7 -9 58 -28 -10 30 -3 59 40 -34 -2 36 -36 38 -20 -6 -21 -42 43 -39 -40 56 -47 -32 -18 -50 -51 -52 54 -54 -44 -48 -5 -41 -12 60 -31 -17
right_child=2 29 3 4 5 23 -8 15 21 22 18 12 -14 20 -16 61 48 -19 37 32 -22 -23 -24 -25 -26 -27 27 -29 -30 31 47 -33 33 -35 35 -37 -38 42 44 57 41 -43 52 -45 -46 46 55 -49 49 50 51 -53 53 -55 -56 -57 -58 -59 -60 -61 -62 -63
leaf_value=-5.0207195626375744e-05 9.367624712957734e-06 1.0387629412446381e-05 2.2133473656385448e-05 2.9587106467752173e-05 -0.00012600975211911366 0.00012277299025299863 -5.3049965007705052e-05 5.7679962999622835e-06 1.5879506613644968e-05 -5.2029509241539494e-06 2.0826156197986572e-05 -5.1616227041145341e-07 -0.00030238600049117495 -0.0002735726040358486 -9.3399341791878604e-05 2.1286220887549373e-05 1.1465390788450619e-05 -1.437359995429041e-05 -9.7918895291216915e-05 4.3228957126431077e-05 1.5826424616002668e-05 1.5604065088863666e-05 1.3259196119440889e-06 0.00024489736324804416 -0.00010478329932710834 -2.3578455651800196e-06 0.00013453261914982473 -0.00012743968558790933 -3.6629416093915678e-06 -5.8922601741064348e-05 0.00021935372941414818 -1.8878090683057439e-05 0.00036408430457832418 7.0657254332220538e-05 5.3079640709311721e-05 0.0003025703318351788 9.2573588294731045e-06 1.2519854612443016e-05 0.00017737805840586313 -0.00031025827365926549 4.5180005878138631e-05 0.00032262209091158425 4.2233947822460995e-06 6.323008946185809e-05 -3.3710720042823564e-05 -1.6139100773480902e-05 0.00025061590473913331 -2.6548460269864716e-05 2.8671245643902758e-05 0.00035978129277764196 0.0002728168281713466 4.2887500413217114e-05 0.00016117241771045955 -9.2546113286214818e-05 0.00021327850901227982 7.0522386115897325e-05 -6.5004680830976614e-05 -0.00012771415508871213 6.9317281132099792e-05 -3.2094346379904588e-06 -1.0809672913952259e-05 -1.2144060045393575e-05
leaf_weight=7981.7093663215637 12526.972612380981 1687.9527099132538 28659.805458068848 1168.0707181692123 822.53502833843231 259.50955712795258 1108.4338853359222 226862.62673175335 25189.289657831192 315675.01917290688 46083.970005750656 111264.71294021606 164.22875595092773 275.1907993555069 1155.7523410320282 4913.311279296875 67281.50505065918 49398.555053710938 195.80383777618408 7100.2063076496124 158.2383998632431 62102.162322998047 498525.39810943604 127.06072998046875 478.57470297813416 254946.70494091511 187.62667942047119 690.59146022796631 81692.824630498886 2221.0899641513824 420.25000655651093 75579.841470718384 161.1491174697876 335.21791744232178 9116.4062331914902 233.68914413452148 5924.4686161279678 42856.549140334129 653.8688348531723 511.17290353775024 166.65707051753998 162.56479513645172 57217.340069890022 5895.8235222101212 175.28447484970093 1005.3460544347763 215.93317663669586 133.11027181148529 4495.3984527587891 145.64318656921387 135.19824957847595 817.84589600563049 147.75363254547119 1143.538763999939 189.12714004516602 1091.807590007782 1366.3093465566635 241.41315531730652 2270.531081199646 139046.60845804214 156912.61501431465 59477.071228027344
leaf_count=7910 11790 1547 26315 1111 675 196 930 213647 26195 330562 48961 111793 129 213 958 4164 61533 53200 168 6273 126 70063 495749 96 426 260176 148 571 99397 2072 298 70857 114 260 8267 172 5628 39916 474 403 189 119 53046 5149 133 918 157 128 3893 103 105 662 122 938 140 932 1122 203 1926 140806 150474 54340
internal_value=1.74359e-10 -3.25872e-06 4.79604e-06 1.96161e-06 -4.60596e-05 -9.56867e-05 -0.000131485 2.70204e-06 -9.82627e-07 -2.40063e-06 1.09111e-05 4.45189e-06 -9.6649e-07 -1.86777e-05 -7.82037e-06 1.8024e-06 3.12521e-06 -1.93597e-05 1.63405e-05 2.63386e-05 -0.00016833 6.33104e-06 -1.20541e-06 1.54031e-05 -2.46592e-05 1.46826e-06 2.14192e-05 -7.12922e-05 9.42908e-07 -9.55764e-06 4.75144e-05 -9.90013e-06 5.68834e-05 0.000166999 2.61673e-05 3.99421e-05 3.5822e-05 1.10718e-05 8.86031e-05 -0.000186544 4.94835e-05 0.000183298 1.03306e-05 1.86548e-05 0.00013278 1.26138e-05 4.98892e-05 0.00016032 1.40796e-05 4.55062e-05 0.000114211 7.60081e-05 3.41644e-06 -6.33105e-05 4.91954e-06 0.000100597 -2.14193e-05 -0.000252196 2.31059e-05 -7.62437e-06 -1.14819e-05 -9.59258e-06
internal_weight=2.37915e+06 1.41657e+06 962585 657720 9985.35 3548.7 2683.55 647735 1.04056e+06 871581 304864 139230 111429 6436.65 6003.22 619075 554685 57380.3 165634 57158.5 433.429 168984 814200 865.145 738.084 481809 49232.7 878.218 106882 376001 2241.31 373760 7925.8 496.367 27801.5 15274.6 15040.9 108475 1024.96 1575.12 7429.43 329.222 107450 48752.4 829.153 4847.47 2313.09 553.36 72875.6 5594.09 1098.69 953.044 58697.8 1291.29 57406.5 1307.74 2534.38 752.586 48354.5 298180 159134 64390.4
internal_count=2379088 1449258 929830 633404 8466 2929 2211 624938 1083076 887421 296426 137779 111922 5537 5198 598623 540119 61110 158647 58561 339 195655 826311 718 622 473823 51606 719 125592 366182 1973 364209 6955 374 25857 14067 13895 100086 775 1281 6581 308 99311 45065 607 4240 2007 426 66296 4763 870 767 54246 1060 53186 1089 2233 606 50887 293352 152546 58504
is_linear=0
shrinkage=0.05


Tree=25
num_leaves=63
num_cat=0
split_feature=217 144 36 53 52 218 16 108 276 51 217 16 0 207 359 34 327 45 358 360 134 192 238 48 207 16 44 290 343 40 24 108 48 344 343 0 361 49 184 2 334 361 358 290 36 17 2 344 186 40 48 16 0 270 2 0 49 361 260 359 361 259
split_gain=0.0141367 0.00757809 0.00654849 0.006495 0.0047297 0.00456035 0.00380837 0.00463082 0.00353023 0.00340897 0.00364343 0.00311574 0.00268945 0.00274494 0.00488502 0.00265281 0.00514383 0.00256949 0.00255923 0.00363027 0.00231205 0.00228416 0.00269371 0.00227962 0.00226997 0.00225895 0.00240799 0.00225005 0.00221089 0.00218844 0.0030873 0.00199874 0.00287083 0.00198513 0.00190145 0.00188338 0.00222898 0.00612419 0.00199815 0.00238603 0.00204387 0.00201378 0.00223991 0.00196922 0.00183587 0.00191025 0.00182516 0.00255255 0.0021911 0.00181975 0.00181081 0.00225378 0.00183253 0.00178616 0.00191716 0.00191206 0.001896 0.00356068 0.00244914 0.00269526 0.00178518 0.00177979
threshold=6.1227481637615724e-05 -1.0000000180025095e-35 0.0056643341667950162 2.9998062927916184e-05 0.0011531201307661834 8.8889402832137434e-05 0.0012722835526801648 11.546179294586183 0.6967449188232423 0.00021911349904257807 0.00045073077490087604 0.0050937475170940169 0.011229654774069788 0.0011775581515394153 0.40648007392883306 0.0053983230609446773 0.0029928383883088831 0.0046513893175870189 -0.67738434672355641 0.52784857153892528 -0.00020723060151794923 0.020159565843641761 -0.52619001269340504 0.066959254443645491 0.00010224429570371286 0.0037385432515293364 0.00043821817962452775 7.5154412790159728e-15 -0.0031158641213551159 0.019009536132216457 0.0089253475889563578 88.194942474365249 0.051355786621570594 -0.17929612845182416 -0.43136742711067194 -0.013953169342130421 -0.31200329959392542 0.40658180415630346 0.062080247327685363 0.0020116703817620878 0.60592478513717662 -0.81343799829483021 -0.14063610881566999 0.16109274327754977 0.0028064218349754815 0.0047847279347479352 0.00010779502554214561 0.011582894716411831 0.056639848276972778 0.012318996712565424 0.063859205693006529 0.0050937475170940169 0.0072464633267372855 0.0047375531867146501 0.0088266148231923598 -0.01476275874301791 0.38579265773296362 -0.15174161642789838 1217992.2500000002 0.19980161637067798 -0.18417260795831678 -0.016023807227611538
decision_type=2 8 8 2 2 2 2 2 2 2 2 2 2 2 2 10 2 10 2 2 2 2 2 2 2 2 10 2 2 8 2 2 2 2 2 2 2 2 2 2 2 2 2 2 8 2 2 2 2 10 2 2 2 2 2 2 2 2 2 2 2 2
left_child=3 4 9 8 5 24 7 -4 11 10 23 17 -12 -14 -15 16 -8 29 19 21 -5 -6 -23 31 -2 35 -27 -21 -28 33 -31 -3 -33 -1 -10 36 -7 -38 39 -37 41 42 -40 -42 45 -13 47 -17 -49 -48 52 -52 -26 55 -55 56 58 61 -11 -60 -43 -58
right_child=1 2 6 20 18 25 15 -9 34 53 12 44 13 14 -16 46 -18 -19 -20 27 -22 22 -24 -25 50 26 28 -29 -30 30 -32 32 -34 -35 -36 38 37 -39 40 -41 43 60 -44 -45 -46 -47 49 48 -50 -51 51 -53 -54 54 -56 -57 57 -59 59 -61 -62 -63
leaf_value=5.6192835725722824e-06 6.9648107347755425e-06 4.6852508611721614e-06 -4.8327109450969297e-05 -1.8207001137292866e-05 3.9052372040014991e-05 -7.7982007938082964e-06 -2.2381124785364453e-05 7.7340719499781299e-06 5.2453391730866346e-06 -1.5804808082399854e-06 1.4178773676147369e-05 -6.2149092073897745e-06 4.6248381235740237e-05 0.00036053967387747249 -2.7070222591978832e-05 1.2438362216638509e-06 -0.00036700320933429791 -1.5866103573623352e-05 2.3463366283357552e-05 7.0189136725467904e-05 -7.3790243841845832e-06 0.00025992201790051424 9.838582332255579e-05 -4.8573726304845317e-07 2.2306915412136558e-05 -3.3973352240513668e-05 4.0615689701924861e-05 -6.7473401163085236e-05 9.0375288328644927e-06 3.2087077803901389e-05 0.00026491206523882716 1.2650075944062114e-05 5.7468527098976018e-05 -1.7559733070883568e-06 -7.0330071735053321e-06 -3.2026880539304369e-06 2.609553910871522e-05 0.00023454882834991173 -0.00011315300903599693 2.6659180162263112e-05 0.0001996969011277159 -0.00013054199923606438 0.00010321093642646833 -4.8314520988885468e-05 4.8667373666567781e-06 2.6973597198754001e-05 7.3257838145403403e-05 -2.0604715911721762e-05 -0.00014453254407279287 8.281136313432917e-06 9.0687481061726388e-06 3.0181080742030874e-05 5.8134529493142504e-05 -2.6729763459037032e-05 0.0001125280510432184 -4.9372632281025343e-06 0.00011822295582655394 0.00023478331059113443 0.00018120765782961222 2.4569269897810635e-05 -4.1590249231817123e-05 -0.00010212886500173232
leaf_weight=123254.85388457775 100669.72085976601 156784.28434288502 12694.143698096275 58104.901184082031 552.69326865673065 4399.958475112915 15696.782525062561 5188.4670501947403 35688.15966796875 5029.913662314415 60927.062843322754 5406.0844144821167 1376.4632339477539 200.87392783164978 135.19020485877991 43786.023122787476 107.0405855178833 25893.193115234375 29205.981506347656 644.46235382556915 325311.86346435547 435.92834341526031 638.79438972473145 220336.74517059326 35550.650090932846 2327.3862285614014 8148.0213397741318 546.83361947536469 17332.176385521889 717.75773811340332 175.84760475158691 27690.334256052971 4100.7552337646484 351215.66535437107 270635.61181640625 119974.08776783943 5799.5784462690353 373.20842278003693 174.13245475292206 7082.3015773296356 163.51891577243805 854.74498224258423 371.28727090358734 153.75225186347961 62838.219174385071 21881.19287109375 1470.3498568534851 12380.816925525665 365.32635498046875 4020.8827056884766 68984.927362442017 15476.003210067749 3966.6361141204834 11377.478546142578 250.69729614257812 88008.724189758301 168.29482054710388 286.25403237342834 411.05314576625824 821.78120303153992 1660.2082589864731 196.39900541305542
leaf_count=125642 103751 150674 12293 57073 502 3929 16654 4953 35795 4515 55896 5715 1175 149 113 50776 84 27327 25095 527 321023 318 490 222475 31260 2212 7394 437 17331 857 173 24873 3444 361976 283700 110486 5116 275 140 6298 129 725 298 126 75154 23614 1219 12933 316 3983 66427 15339 3347 9724 188 80944 129 209 313 752 1357 152
internal_value=-3.31007e-09 4.15631e-06 8.57431e-07 -3.57258e-06 9.38047e-06 7.87643e-06 -1.12566e-05 -3.20625e-05 -1.24591e-06 2.86305e-06 4.68818e-06 1.01072e-06 1.59172e-05 7.76786e-05 0.000205376 -6.47532e-06 -2.47614e-05 -5.28191e-07 2.78579e-05 7.33422e-05 -9.02004e-06 0.000121844 0.000164269 2.96797e-06 1.25427e-05 1.66679e-06 1.46906e-05 6.99153e-06 1.91379e-05 3.07332e-07 7.83927e-05 7.00335e-06 1.84345e-05 1.59938e-07 -5.6025e-06 -9.01778e-07 1.93927e-05 3.87706e-05 -2.54708e-06 -1.53775e-06 -4.04915e-05 -5.30228e-05 3.39729e-05 7.99587e-05 9.5696e-06 2.03984e-05 -1.8153e-06 -4.48879e-06 -2.41788e-05 2.56998e-05 1.70717e-05 1.29378e-05 2.5906e-05 -5.21418e-06 -2.37086e-05 -2.94813e-06 2.23669e-05 0.00010345 1.39088e-05 7.70047e-05 -7.19016e-05 -3.53178e-07
internal_weight=2.38042e+06 1.0993e+06 673812 1.28112e+06 425487 393462 95709.8 17882.6 897707 578102 471552 591383 62639.6 1712.53 336.064 77827.2 15803.8 501257 32024.7 2818.71 383417 1627.42 1074.72 408912 224648 168814 27807.6 1191.3 25480.2 475364 893.605 188575 31791.1 474471 306324 141007 10572.7 6172.79 130434 127056 3377.64 3060.37 545.42 317.271 90125.5 27287.3 62023.4 56532.2 12746.1 5491.23 123978 84460.9 39517.3 106551 11628.2 94922.4 6913.7 650.948 6262.75 1232.83 2514.95 364.694
internal_count=2380294 1062245 658936 1318049 403309 375940 103211 17246 939953 555725 458799 620458 57333 1437 262 85965 16738 515975 27369 2274 378096 1310 808 401466 220124 155816 26937 964 24725 488648 1030 178991 28317 487618 319495 128879 9320 5391 119559 116784 2775 2520 438 255 104483 29329 69227 64025 13249 5202 116373 81766 34607 96926 9912 87014 6070 490 5580 1065 2082 281
is_linear=0
shrinkage=0.05


Tree=26
num_leaves=63
num_cat=0
split_feature=52 218 219 218 279 189 211 327 53 201 349 48 344 218 354 337 359 109 327 219 329 22 1 2 204 199 200 359 291 361 2 204 358 204 327 249 20 48 266 18 207 207 38 327 354 203 327 359 357 337 322 48 327 360 344 36 49 48 360 158 291 20
split_gain=0.0134067 0.00841852 0.00813781 0.00656003 0.00478953 0.00468518 0.00390248 0.00382532 0.00365504 0.00359823 0.0039508 0.00461795 0.00343235 0.0034267 0.00337051 0.00385678 0.00337268 0.00305109 0.00300973 0.00378783 0.00319832 0.00379431 0.00288118 0.00324627 0.00390973 0.00341015 0.00301355 0.00318667 0.00301397 0.00290745 0.00279806 0.00411018 0.00373729 0.00281215 0.00309624 0.00277778 0.00272432 0.00270378 0.00268624 0.00266298 0.00256138 0.00242261 0.00235106 0.00231754 0.00231573 0.00226037 0.00217803 0.00217468 0.00214967 0.00237435 0.00216953 0.00213151 0.00209771 0.00209516 0.00204553 0.00202556 0.00202329 0.0028222 0.00199781 0.00198666 0.00198436 0.00197891
threshold=3.5395400118432015e-05 0.00023019080981612208 0.00038596759259235119 3.7192949093878276e-05 0.42993634939193731 0.055773543193936355 3.2541718610445976e-05 -0.0017637461423873899 5.0489734348957434e-05 0.0011069004540331664 -0.073722645640373216 0.11384435743093492 0.16253946721553805 3.2515798011445447e-05 0.10830856859683992 -0.020311567932367321 0.11950049921870233 72.263198852539077 0.0037737713428214197 0.00089754752116277825 0.39985463023185736 0.0065175362396985301 -0.0011678495793603358 -0.0034265633439645167 0.00085014197975397121 0.00072151338099502038 0.0013612984330393376 0.078018549829721465 -0.26278758049011225 0.42243386805057531 0.0012745967833325269 0.00024128454970195892 -0.030229371041059491 7.9379118687938912e-05 0.0037737713428214197 -0.50324001908302296 0.00063711745315231394 0.035021025687456138 0.026898249052464965 0.0041548167355358609 9.3128641310613616e-05 2.9098639970470689e-05 0.050006302073597915 -0.00043219284270890052 0.023692096583545211 0.00026729087403509771 -1.0000000180025095e-35 0.63367757201194774 -0.86548805236816395 -0.038808003067970269 0.021866588853299621 0.12289107590913774 -0.00075922501855529834 0.77951624989509594 0.023077270947396759 0.0046256736386567363 0.6058231294155122 0.24190866202116015 0.25028850138187414 0.012805709149688484 0.3467725962400437 0.002446963451802731
decision_type=2 2 2 2 2 2 2 2 2 2 2 2 2 2 2 2 2 10 2 2 2 2 2 2 2 2 2 2 2 2 2 2 2 2 2 2 2 2 2 2 2 2 10 2 2 2 2 2 2 2 2 2 2 2 2 8 2 2 2 2 2 2
left_child=3 2 7 6 5 22 46 -2 41 59 11 -11 14 40 16 -16 60 -14 19 55 21 37 45 26 47 -26 42 44 39 -27 33 32 -32 -12 48 -33 -22 -20 -21 -29 -9 -5 -24 -8 -28 -3 -1 -25 49 -35 -50 -36 -43 -19 -54 -6 -40 -58 -44 -4 -7 -31
right_child=1 4 9 8 18 12 43 13 -10 10 30 -13 17 -15 15 -17 -18 53 20 38 36 -23 23 24 25 29 27 28 -30 61 31 35 -34 34 51 -37 -38 -39 56 -41 -42 52 58 -45 -46 -47 -48 -49 50 -51 -52 -53 54 -55 -56 -57 57 -59 -60 -61 -62 -63
leaf_value=-4.9309042955593721e-08 3.4025285141248233e-05 6.0102103560072838e-07 1.8816825480231104e-05 -9.952596567193044e-06 2.2757650312142275e-06 -8.3452058944889673e-05 1.3003868267865752e-05 5.060131125019764e-06 -1.1152388413497381e-05 0.00033627863563118432 0.00011224664803675933 8.0271151100037096e-05 -7.5715782249414349e-05 1.1249221887875088e-06 0.00013373424030094057 -0.00010246889069683006 -3.8394995841624629e-05 -0.00014569852419068488 5.7979232062147644e-05 1.7530328164625353e-05 -6.5949885043837183e-05 6.6928458613092916e-05 -1.6171796407364984e-05 -9.136024950635962e-06 8.3627542948867006e-06 4.7819832968419281e-05 -0.00026911202878780993 -7.2652049351876967e-06 -7.8713391071130005e-05 0.00014040188469668927 0.0001143912760690238 0.00023951894289935991 0.00040568833877049117 5.6185734282584414e-05 -0.00015415277602399838 1.7282750366488246e-05 9.9590585399304701e-05 -0.00011720010990964156 4.1109234534521357e-05 0.0002397631988189715 1.6509144183871267e-05 7.5595103517301163e-06 0.00023489509750304716 2.0790138458299407e-06 -3.1315794770785609e-05 5.9306462779894556e-05 -7.7277480403389126e-06 4.242851609107639e-05 4.1909560408781577e-05 0.00029754581148989093 -3.382129316771529e-05 -9.8399529118684364e-06 -5.4599130519770882e-08 -0.00037426228087749898 -8.4188065526159105e-06 -1.8235204833225889e-05 0.00035660305665096212 9.3842157299480638e-05 -2.6598362816605354e-05 -2.1296024440902489e-05 -0.00033259422117741793 0.00039782448675942239
leaf_weight=206030.18451690674 11410.032928466797 4916.8490180969238 100275.63580322266 115981.72662353516 94340.886989355087 162.42398869991302 55201.361381530762 121304.0714673996 246466.31671142578 240.10193872451782 820.17836844921112 653.91259849071503 1116.4899417161942 277643.17560958862 548.51562356948853 250.16693770885468 3192.697533249855 272.33809900283813 246.85910034179688 23487.553802490234 416.47055160999298 414.9451094865799 52051.927965402603 9711.7746640443802 481.29936599731445 208.58627998828888 302.8967581987381 459.72769105434418 1711.320391535759 133.06105887889862 304.13997936248779 160.88332974910736 172.77428638935089 329.72069144248962 397.82454490661621 1031.0547310113907 610.49547803401947 1963.0024656057358 760.20996475219727 140.99776029586792 81791.018456459045 52809.657424926758 170.80987513065338 402419.04389190674 155.01092064380646 2458.1277198791504 167384.3074965477 2587.8787723779678 3244.4696356058121 146.30281043052673 1332.7231812477112 711.48299598693848 193212.45500183105 161.16889417171478 117576.85400390625 13795.166996240616 143.29414415359497 352.22635984420776 125.87542378902435 3183.1478881835938 158.84156000614166 178.0266227722168
leaf_count=220852 9762 4486 91319 126988 86184 129 53845 124689 237559 173 679 512 895 267845 437 204 2618 217 188 19878 331 320 46225 8248 412 170 234 363 1386 104 247 119 121 264 329 848 488 1597 601 103 77561 49244 129 419822 121 2051 181515 2378 2631 103 1095 566 197464 123 116102 13699 104 261 115 2994 124 123
internal_value=-3.07746e-09 5.15715e-06 8.19299e-06 -2.73166e-06 -3.26289e-06 -1.28417e-05 3.01813e-07 5.41457e-06 -6.20377e-06 2.02931e-05 4.96638e-05 0.000149623 -5.58976e-05 4.73538e-06 -3.29328e-05 5.96785e-05 -5.40042e-05 -0.000119669 2.46615e-06 3.6971e-06 -4.23025e-05 -7.15562e-05 -9.51001e-06 -1.27107e-05 9.45927e-06 0.000104383 -1.80606e-05 -6.88679e-05 -4.49128e-05 0.00019294 3.93023e-05 9.74301e-05 0.000221175 2.53859e-05 1.37928e-05 4.76303e-05 3.24604e-05 -9.75965e-05 2.13442e-05 5.13186e-05 9.67103e-06 -3.66054e-06 -1.53697e-05 3.3969e-06 -0.000189099 2.01787e-05 -3.49122e-06 1.71842e-06 3.04005e-05 0.000131301 1.98542e-05 -6.17783e-05 -1.65344e-06 -0.000232002 -3.21895e-06 -3.41156e-07 9.25378e-05 0.000170955 0.000124515 1.75823e-05 -0.00020793 0.000289318
internal_weight=2.38042e+06 823341 605153 1.55708e+06 218188 81656.8 831035 492148 726047 113004 9545.57 894.015 5862.64 480738 4312.65 798.683 3513.96 1550 136531 132879 3651.77 2624.81 75794.2 68419.2 13300.6 1000.97 55118.6 2769.95 2312.05 519.674 8651.55 1668.85 476.914 6982.7 6162.52 1191.94 1026.97 2209.86 24743.3 600.725 203095 479581 52348.6 457620 457.908 7374.98 373414 12299.7 5053.22 476.024 4577.19 1109.31 363599 433.507 310789 108136 1255.73 495.521 296.685 103459 321.266 311.088
internal_count=2380294 776903 581857 1603391 195046 71395 876034 479857 727357 102000 7687 685 4747 470095 3512 641 2871 1235 123651 120727 2924 2105 66648 60111 11435 809 48676 2207 1852 397 7002 1335 368 5667 4988 967 819 1785 20844 466 202250 489798 46469 473667 355 6537 402367 10626 4093 367 3726 895 362810 340 313566 99883 966 365 244 94313 253 227
is_linear=0
shrinkage=0.05


Tree=27
num_leaves=63
num_cat=0
split_feature=154 52 327 134 53 219 0 355 44 198 330 48 322 220 279 1 259 0 359 278 337 212 259 198 113 22 21 183 205 46 249 336 355 176 177 327 341 333 337 327 198 339 205 259 113 113 256 259 207 335 290 134 295 1 358 49 259 48 263 18 330 45
split_gain=0.012576 0.00846736 0.00814509 0.00615314 0.00461589 0.00442048 0.00446265 0.00427024 0.00362771 0.0034175 0.00575822 0.00319655 0.00667232 0.00312854 0.00312059 0.00312352 0.00517976 0.00387289 0.00352455 0.00306147 0.00304958 0.00294878 0.00289038 0.00279784 0.00279259 0.00270391 0.00269321 0.00278668 0.0026664 0.00286218 0.0026063 0.00275919 0.00248534 0.00273546 0.00375949 0.00247154 0.00269605 0.00239164 0.00454929 0.00530823 0.00251176 0.00224161 0.00345572 0.00302081 0.00237167 0.00343923 0.00325543 0.0023597 0.00201409 0.00248112 0.0023141 0.00201092 0.00197613 0.00197567 0.00249623 0.00319589 0.00213709 0.00270153 0.00193344 0.00188744 0.00187365 0.0018357
threshold=6.2666578742209835e-05 3.7027255075372527e-06 -0.0006455783441197126 -1.0000000180025095e-35 0.00077877039439044904 0.00031744565058033919 0.011900587007403375 0.24258558452129367 0.0024954528780654077 0.0065005377400666484 0.99999997019767772 0.24190866202116015 0.066115338355302825 0.00045410095481202012 0.61999967694282543 0.061011254787445075 0.36748938262462622 0.00059742233133874844 0.53020337224006664 0.74553602933883678 -0.15623380243778226 4.0430122680845677e-05 0.29643297195434576 0.002426519058644772 0.052842732518911369 0.013907600659877064 0.0027265759417787199 0.030856739729642872 2.0886630409222565e-05 -0.0048087039031088344 -0.0070191568229347459 -0.050877261906862252 -0.15750641375780103 -0.034634351730346673 -0.012279942631721495 0.0037737713428214197 3.0790299177169804 0.47388708591461187 -0.043726870790123933 0.0021196664310991768 0.0058249093126505622 1.0134282708168032 0.00044940088992007082 -0.25572077929973597 0.12929996848106387 0.2373466491699219 -5.550217707650517e-08 -0.30197626352310175 0.00092019347357563685 0.020190410315990451 0.02687319461256266 -0.00023538855748483908 0.008642636705189945 0.026577751152217392 -0.031852094456553452 0.053893765434622772 -0.0076080509461462489 0.039324397221207626 -0.0043193707242608062 0.0002921547275036574 0.2802970558404923 0.0047963375691324481
decision_type=2 2 2 2 2 2 2 2 10 2 2 2 2 2 2 2 2 2 2 2 2 2 2 2 2 2 2 2 2 2 2 2 2 2 2 2 2 2 2 2 2 2 2 2 2 2 2 2 2 2 2 2 2 2 2 2 2 2 2 2 2 8
left_child=2 52 8 13 5 21 9 11 14 51 24 12 37 -4 15 32 18 -18 20 -5 -17 -3 -14 -16 25 30 -26 -28 -22 -30 -11 -32 -1 34 -34 -6 -37 40 -39 -40 -8 44 -43 -44 -10 46 -46 -47 53 50 -50 -7 -2 -35 55 -55 -56 -58 -48 -21 -31 -61
right_child=1 4 3 19 35 6 7 -9 41 10 -12 -13 22 -15 23 16 17 -19 -20 59 28 -23 -24 -25 26 -27 27 -29 29 60 31 -33 33 48 -36 36 -38 38 39 -41 -42 42 43 -45 45 47 58 -49 49 -51 -52 -53 -54 54 56 -57 57 -59 -60 61 -62 -63
leaf_value=1.2531655334347876e-05 7.0469390206681207e-08 1.1629121826367191e-05 -8.6090886704700432e-06 7.2868757767817073e-07 -5.4799050073553903e-06 3.8446823664139539e-06 4.0581050395903755e-05 0.00033400377182821422 1.4897996459396706e-05 -2.4749059002043285e-05 0.00025849871860170686 -3.7388985363856822e-05 0.00014901145385206682 -2.2430551543665394e-05 2.4368029135919274e-06 -0.00019602616425599192 -7.2980204751418575e-05 0.00026048780948282962 -6.2808753131723153e-06 -1.144416419678598e-05 -0.00019537555384825666 2.5025894659106271e-06 0.0004615071655283484 1.9241573903711505e-05 -0.00013034558366334747 -0.00027298536829887474 0.00018399078700755806 -1.2808519334261927e-05 5.0019328703445332e-05 -0.00015795177224495451 -0.00029398712867513511 -7.6507565305064605e-05 -4.1153841413857097e-05 -1.2835349546829765e-06 -0.00027526559547872315 -0.00011597121722747035 -9.7487256969227649e-06 3.7983962701777764e-05 0.00010866461134887371 0.00044564819708346293 -0.0001502307382776959 2.6092812708833564e-05 0.00032955018537774702 8.8596526888925776e-05 -0.00028978726164888312 0.00017602467969811514 -6.1954527721200502e-05 5.4975104236099625e-06 0.00017445298547229441 -4.7141018678674277e-05 -3.013367738352243e-05 2.0420543747311646e-05 -1.9083437250104925e-05 0.00018054857628660602 -1.7387731961351388e-05 -1.934938133497601e-06 -0.00010568558975726599 -2.6340083661121506e-05 1.7187067712378734e-05 -5.9629996423547335e-07 -4.9068805333932386e-05 -1.1695179182995477e-05
leaf_weight=24314.794299721718 476086.84704589844 176195.82102584839 333238.83447265625 367682.72089529037 31018.490295410156 22453.062814235687 2387.7248347997665 139.7933292388916 45510.133991241455 1583.8645831346512 160.38175904750824 778.71308541297913 157.78336334228516 46676.707275390625 87320.848152160645 437.6712418794632 131.22199165821075 252.56814515590668 3969.3607031106949 105556.91888427734 320.40148508548737 177835.10585403442 142.27914261817932 34574.072570800781 209.4783741235733 158.38601851463318 314.67244899272919 415.85471987724304 647.85412967205048 463.37740111351013 204.76610803604126 502.63682842254639 1708.2289838790894 78158.707387924194 188.78314685821533 1093.5862503051758 1314.4611129760742 865.13884115219116 341.08398926258087 177.28443241119385 183.9289927482605 6353.0759353637695 147.35512173175812 1035.7248152494431 128.8519458770752 308.21966660022736 2322.2852231264114 586.61431777477264 506.78859257698059 330.45813679695129 189.04601383209229 98874.710951328278 13856.050048828125 246.32995784282684 8188.0454394817352 7091.9174327850342 1890.4329153299332 2481.0176426172256 1154.2322691679001 157406.11992669106 2646.3098864555359 48804.545478582382
leaf_count=22269 492455 176542 341015 381553 27681 19990 1921 97 44270 1265 128 674 117 44300 84907 358 102 187 3404 103084 275 170952 97 30254 169 123 237 331 534 373 163 393 1519 71830 158 878 1033 710 287 126 157 5635 109 853 102 240 2184 542 383 273 149 88996 13531 185 7292 6122 1634 2196 1170 164385 2244 55151
internal_value=-2.84864e-09 4.23976e-06 -3.11597e-06 -5.21131e-06 8.69986e-06 9.94072e-06 1.7824e-05 6.33198e-05 3.96215e-06 1.59381e-05 -3.2405e-05 5.56732e-05 7.27133e-05 -1.03073e-05 1.41272e-06 -3.84858e-06 -3.25205e-05 0.000146684 -4.06589e-05 -2.36186e-06 -7.08621e-05 7.04477e-06 0.000299261 7.20352e-06 -4.63134e-05 -7.44097e-05 2.6908e-05 7.22331e-05 -5.73392e-05 -4.54713e-05 -6.04569e-05 -0.000140111 -1.81859e-06 -5.27415e-06 -6.47171e-05 -9.26991e-06 -5.80446e-05 5.53835e-05 0.000108347 0.000225184 2.68277e-05 1.53056e-05 4.07236e-05 0.000119113 1.14739e-05 -2.31453e-05 -4.49211e-05 6.4496e-05 -4.13479e-06 6.54778e-05 0.000118943 1.73531e-05 -4.71297e-07 -4.8647e-06 -1.893e-05 4.23819e-06 -3.24652e-05 -6.06857e-05 -3.56841e-05 -6.00667e-06 -6.53847e-05 -3.2232e-06
internal_weight=2.38042e+06 1.00745e+06 1.37297e+06 1.05937e+06 517509 484082 130052 5173.73 313605 124878 3550.04 5033.94 4255.22 379916 256058 134163 8868.76 383.79 8484.97 679450 4515.61 354031 300.063 121895 3389.66 2449.65 940.006 730.527 4077.94 3757.54 2291.27 707.403 125295 100980 1897.01 33426.5 2408.05 3955.16 1383.51 518.368 2571.65 57546.5 7536.16 1183.08 50010.3 4500.2 3605.37 894.834 99082.7 1026.29 695.835 121328 489943 98056.5 19897.7 7338.25 12559.5 4371.45 3476.52 311768 3109.69 206211
internal_count=2380294 999053 1381241 1089488 493067 463475 115981 4186 291753 111795 2809 4089 3415 385315 236648 121487 7477 289 7188 704173 3784 347494 214 115161 2681 1944 737 568 3426 3151 1821 556 114010 91741 1677 29592 1911 3201 1123 413 2078 55105 6597 962 48508 4238 3456 782 90064 805 532 108986 505986 89259 17429 6307 11122 3830 3354 322620 2617 219536
is_linear=0
shrinkage=0.05


Tree=28
num_leaves=63
num_cat=0
split_feature=276 36 211 34 16 73 196 0 16 108 327 193 363 218 289 48 346 203 258 179 0 34 207 22 349 201 191 318 48 263 45 50 199 343 17 346 315 34 259 213 113 355 0 327 236 333 256 354 52 360 108 201 329 108 0 183 0 348 201 355 21 45
split_gain=0.0117623 0.00973567 0.00823539 0.00675719 0.00610146 0.00545121 0.00784703 0.00561081 0.00541736 0.00861675 0.00522582 0.00486792 0.00475449 0.00461525 0.0043804 0.0042969 0.00825867 0.00612322 0.00498832 0.00448346 0.00421858 0.00456656 0.00410766 0.00405077 0.00465177 0.00619065 0.011158 0.00396884 0.00392724 0.00376803 0.0035419 0.0035402 0.00353452 0.00338279 0.00336987 0.00329873 0.0050564 0.00413878 0.00433797 0.00363109 0.00352075 0.00342586 0.00431692 0.00513541 0.0100919 0.00328837 0.00413669 0.00342956 0.00326915 0.00317371 0.00319314 0.0031737 0.0039212 0.00398067 0.00313753 0.00399654 0.00306395 0.00519494 0.0075878 0.00512382 0.00302059 0.00282298
threshold=0.20758850127458575 0.0054213826078921565 5.9362637330195873e-05 0.080218229442834868 0.0050937475170940169 0.053903242573142059 0.0015810336335562172 -0.0097716161981224996 0.0012722835526801648 11.869270801544191 -0.0018709844443947075 -0.010934245772659777 0.81301990151405346 7.8312696132343276e-05 0.60934591293334972 0.089025620371103301 -0.12887068092823026 0.00013829109229845929 0.39951722323894506 0.0039481613785028466 -0.010399320628494023 -0.0022271616617217656 5.292297828418669e-05 0.0065175362396985301 0.034001398831605918 0.00078345963265746843 0.0022446599323302512 -0.0086426367051899416 0.072237890213727965 -0.0022491586860269304 0.00062254394288174819 0.00024621450575068598 0.0014182574232108893 -0.38207325339317316 0.00076100110891275119 -0.12887068092823026 0.038958890363574035 0.047360250726342208 0.42585217952728277 0.0011704695643857124 0.18599809706211093 -0.023991031572222706 0.0033760985825210814 0.0025883507914841179 1.357287645339966 0.72556263208389293 0.20664554834365848 -0.022128052078187462 1.0000000180025095e-35 0.54831841588020336 17.853197097778324 0.00014293303684098649 0.028987007215619091 77.258865356445327 0.011900587007403375 0.020328015089035038 0.011900587007403375 0.064950078725814833 0.00042897093226201838 -0.020406311377882954 0.024320475757122043 0.0037856495473533873
decision_type=2 8 2 10 2 2 2 2 2 2 2 2 2 2 2 2 2 2 2 2 2 10 2 2 2 2 2 2 2 2 10 2 2 2 2 2 2 10 2 2 2 2 2 2 2 2 2 2 2 2 2 2 2 2 2 2 2 2 2 2 2 8
left_child=3 2 33 4 20 10 7 12 9 -3 14 60 -7 48 -4 16 17 -8 27 -20 28 32 -6 35 -25 -26 -27 -17 51 -13 -24 -23 -22 -2 -35 36 39 56 -39 41 -38 -15 43 -43 -45 47 -47 -9 -12 -41 -51 -1 53 -53 -33 -56 -37 -58 -59 -60 -10 -31
right_child=1 8 5 -5 22 6 15 45 11 -11 13 29 -14 23 -16 18 -18 -19 19 -21 21 31 30 24 25 26 -28 -29 -30 61 -32 54 -34 34 -36 37 40 38 -40 49 -42 42 -44 44 -46 46 -48 -49 -50 50 -52 52 -54 -55 55 -57 57 58 59 -61 -62 -63
leaf_value=2.4481061105060036e-05 3.7957609298484337e-06 -4.5241258650974861e-05 2.7350165874163672e-05 8.2003000710620182e-05 2.3378344726471107e-06 4.8130829508111588e-05 3.1804407783367284e-05 -3.9948338347463807e-05 -1.6763261183646175e-05 5.5922692048594186e-06 2.0970296882295079e-06 -1.5050875241376228e-05 0.00027990859100375347 -3.6400967925410761e-06 0.00025499527003092665 5.7175082916120537e-06 -1.8706168377437153e-05 -0.00030348472079327334 0.00020528526936122065 -9.7103744124049209e-06 -4.2087138332272434e-06 3.3716176748478779e-06 -2.0258352557532232e-05 9.0451673846536084e-06 1.6330541711052502e-05 0.00057426919307568649 0.0001043934159494125 -9.1200946192683172e-05 6.0973504017452562e-06 2.1158260757343245e-05 2.6126467746684413e-05 1.5855744540946667e-05 -0.00018795863019058519 -8.4609984477437626e-06 -9.2576711899641508e-07 -8.1724317514525972e-06 -8.9830860564541975e-05 1.6395626361327651e-05 0.00013472124914904352 1.1035702601154188e-05 0.00016401939460043138 2.1110525310315679e-05 -1.7662285514768699e-05 7.109848999914864e-05 0.00055699729644389498 2.164444970828813e-05 0.00024672034973124973 1.5710156450399853e-05 1.1205056181103884e-05 0.00016139973546610694 4.3096459528588388e-05 4.5128735428826052e-05 -7.886856505236932e-06 0.00016067826303496258 5.9062581983234789e-05 0.00032070698772100457 -3.4352824790734018e-06 2.0388587713871912e-05 0.00049759391383827367 0.00014175920000372033 -5.9903154029111479e-05 -1.3341198361926731e-06
leaf_weight=14466.249951720238 108508.10684204102 25879.949092268944 18222.904285907745 2899.707275390625 34781.754251718521 919.40703558921814 168.35767698287964 6694.8153411149979 57661.520263671875 12296.853397965431 194558.21045672894 42467.397247314453 289.87733864784241 57222.175427675247 211.83262205123901 1481.9732265472412 834.71588695049286 702.41887485980988 331.76310563087463 886.11886763572693 177546.92218017578 247293.47462940216 4382.7125945091248 18660.166522622108 2210.1141933202744 137.02704763412476 1406.9865174293518 3673.6286492347717 29699.27880859375 17332.642623901367 67167.138235569 41709.133942842484 260.09527587890625 412009.65709590912 231880.96427249908 203248.44452476501 1951.9098777770996 4497.2025853395462 933.95231425762177 2851.4132652282715 145.04324722290039 28679.007601499557 7623.1363544464111 649.28892600536346 126.1132880449295 966.47714424133301 256.97068870067596 4715.7627849578857 199587.61244595051 931.20990788936615 1472.5470997095108 1467.8864603042603 1063.0838609933853 1516.7790794372559 1862.4437694549561 156.56204414367676 2048.6759305000305 592.5447586774826 180.78494071960449 231.75219404697418 4363.2615966796875 71446.564376831055
leaf_count=13954 107932 25321 15402 2321 42058 792 124 5755 65937 12195 194915 46330 202 53500 163 1207 664 555 243 695 180897 247846 4251 17779 2033 95 1065 2929 28132 18147 69564 37979 212 405099 248996 190405 1610 3806 717 2424 109 25845 6850 527 94 845 221 3980 189932 750 1198 1221 867 1137 1551 121 1770 502 126 189 4215 83993
internal_value=-2.67965e-09 -2.10277e-06 -6.50523e-07 5.87952e-06 5.52516e-06 2.98359e-06 -2.15909e-05 1.26344e-06 -1.16571e-05 -2.88682e-05 3.7035e-06 -8.25708e-06 0.000104061 3.03947e-06 2.99934e-05 -6.07423e-05 -0.000131195 -0.000238735 -4.18546e-05 4.90971e-05 3.28186e-06 1.8335e-06 1.6433e-05 -1.26789e-06 1.92652e-05 7.0033e-05 0.000146783 -6.33504e-05 1.73652e-05 -2.80195e-06 2.32847e-05 5.69066e-06 -4.47961e-06 -4.3711e-06 -5.74739e-06 -2.73659e-06 4.66692e-06 -6.29099e-06 3.67852e-05 6.28599e-06 -7.21328e-05 4.03128e-06 1.58702e-05 2.45493e-05 0.000151356 -8.59086e-06 6.92445e-05 -1.69471e-05 6.70919e-06 4.6728e-05 8.9023e-05 3.54378e-05 7.45648e-05 0.000103918 1.88047e-05 7.96489e-05 -7.42536e-06 4.22699e-05 0.000135253 0.000299344 -1.97999e-05 3.05752e-06
internal_weight=2.38042e+06 1.75415e+06 1.5227e+06 626273 623374 770302 21922.3 13843.3 231448 38176.8 748380 193271 1209.28 729945 18434.7 8078.98 1705.49 870.777 6373.48 1217.88 517042 468829 106332 335799 22414.3 3754.13 1544.01 5155.6 48213.3 131247 71549.9 291022 177807 752399 643891 313385 101652 211733 5431.15 99554.9 2096.95 94299.7 37077.5 29454.4 775.402 12634 1223.45 11410.6 394146 5255.17 2403.76 18514 4047.75 2984.67 43728.1 2019.01 206302 3053.76 1005.08 412.537 62024.8 88779.2
internal_count=2380294 1748183 1492045 632111 629790 730018 18212 11795 256138 37516 711806 218622 994 696241 15565 6417 1343 679 5074 938 513917 468606 115873 311394 20972 3193 1160 4136 45311 148470 73815 287497 181109 762027 654095 290422 92907 197515 4523 91188 1719 86816 33316 26466 621 10801 1066 9735 384847 4372 1948 17179 3225 2358 39651 1672 192992 2587 817 315 70152 102140
is_linear=0
shrinkage=0.05


Tree=29
num_leaves=63
num_cat=0
split_feature=344 16 109 219 293 2 327 13 348 278 24 134 212 2 113 202 349 264 46 17 21 52 199 359 16 2 201 39 20 342 361 46 342 219 35 292 49 361 2 199 327 12 349 158 25 347 355 349 327 312 200 202 108 175 327 25 266 330 356 2 108 327
split_gain=0.0110224 0.00877896 0.00888279 0.00627913 0.00606626 0.00548009 0.00488774 0.00906471 0.00579397 0.00481396 0.00474448 0.00473486 0.00468593 0.00445053 0.00424339 0.00619002 0.00518569 0.0041666 0.00400598 0.00854051 0.0039148 0.00380473 0.00359386 0.00357559 0.00353848 0.00349969 0.00440546 0.00346341 0.00412192 0.00495534 0.00533804 0.00346562 0.00345146 0.00340053 0.00331197 0.00323793 0.00524068 0.00527394 0.00543535 0.00527845 0.00321364 0.00320092 0.0032758 0.00302748 0.00297501 0.00290799 0.00334489 0.00288694 0.00349567 0.00287617 0.00285416 0.00284824 0.00281438 0.00276059 0.00275488 0.00272639 0.00268742 0.00268279 0.00258174 0.00262766 0.00250643 0.00262824
threshold=-0.018151263706386086 0.0038909061113372449 11.013067722320558 0.00019459323812043297 3.5395414670347243e-05 -0.020265799947082993 0.0037737713428214197 0.047191264107823379 -0.24485798180103299 0.65000343322753917 1.9515625353960789e-05 -1.0000000180025095e-35 0.00010879503315663898 0.0012745967833325269 0.110470749437809 0.00081144404248334478 -0.65959236025810231 0.0092221642844378966 0.016880244947969917 0.00011862042447319256 0.0057933079078793534 1.0000000180025095e-35 0.0010813524713739755 0.11950049921870233 0.0012722835526801648 0.0027522586751729254 0.00042897093226201838 0.014040695969015362 0.008539464324712755 2.6638112068176274 -0.81343799829483021 0.016880244947969917 -1.1451892256736753 1.223483423018479e-05 0.016839100979268554 -0.10188880935311316 0.063566330820322051 -0.44557131826877588 -0.0030817808583378787 0.00016678253450663763 0.0029928383883088831 0.048195561394095428 0.13116959482431415 0.012805709149688484 0.0016370698576793077 0.03005875647068024 -0.24582010507583615 0.028999526053667072 -0.0021595670841634269 -0.017921477556228634 0.0013612984330393376 0.0017254092963412406 17.853197097778324 0.0060224260669201621 -0.00097581971203908313 0.011099563445895912 0.026898249052464965 0.8015117645263673 0.0034547905670478944 -0.0014063667622394858 82.969501495361342 -0.00054463566630147387
decision_type=2 2 8 2 2 2 2 2 2 2 2 2 2 2 2 2 2 2 2 2 2 2 2 2 2 2 2 10 2 2 2 2 2 2 8 2 2 2 2 2 2 2 2 2 2 2 2 2 2 2 2 2 2 2 2 2 2 2 2 2 2 2
left_child=1 2 5 12 11 22 21 8 -8 -9 -3 50 33 20 15 16 -7 18 47 -20 58 -6 44 -17 -18 43 -27 40 29 31 -31 -29 -24 -4 -28 36 37 53 39 -39 -19 42 -25 -23 -1 -30 -47 -12 -49 52 -2 -45 -38 -5 -35 -32 -36 -37 59 -10 61 -13
right_child=4 10 3 35 6 14 7 9 13 -11 17 60 -14 -15 -16 23 24 27 19 -21 -22 25 32 41 -26 26 34 28 45 30 55 -33 -34 54 56 57 49 38 -40 -41 -42 -43 -44 51 -46 46 -48 48 -50 -51 -52 -53 -54 -55 -56 -57 -58 -59 -60 -61 -62 -63
leaf_value=1.2004699915755472e-05 -1.0766997514425542e-05 -0.00025509639111741754 -1.11369375936625e-06 5.863551158489391e-05 -2.7731399618816806e-06 -0.00034330531749524111 0.00031296555336810113 -0.00013328285639472022 9.8536009892769146e-06 -0.00045066497301260227 1.3327074005592261e-05 6.9180911208639201e-06 -5.0477597579193727e-06 0.00020348118396223077 -4.1980664429400728e-05 0.00027370950010951545 -2.8180521032930964e-05 3.3500023007401066e-05 -0.00048239980533041162 -2.8781300975363899e-05 0.00011093846633656902 4.8047973673539094e-06 -6.640510417246426e-05 -9.8241130507385697e-06 1.0374254174794582e-05 1.1962900854185677e-05 0.00032094152889299878 0.00011542284345036272 3.0863150362081915e-05 0.0004651250638977496 6.1291481696310016e-05 -9.9438276443390063e-05 -0.00031340985585777924 2.581412556011256e-05 5.3900198692536168e-05 1.040877180566521e-05 0.00030650394486323753 4.0337898761985186e-06 1.8978174045442575e-06 0.0002484145062751812 -8.4988834535574916e-05 0.00028118486086365312 0.00013517963185554068 -2.6385879356935005e-05 -5.4904209551810218e-05 0.00038439331314449473 2.6987518364279785e-05 0.00017823544100627954 3.6577296327466931e-05 1.8519397507563531e-05 -6.9293198167754059e-05 -0.00021374085999950718 5.5842593181414386e-05 -0.00015042089815590551 5.9089447330669544e-06 0.00030744434702561146 0.00020819021220277157 -2.0361770351409619e-05 -0.00010628387518417692 -0.00018358807744150258 -9.2863014660009651e-06 -3.2856390682997732e-06
leaf_weight=2042.2306615114212 276711.5168762207 155.80324935913086 209526.67145097256 392.85859346389771 300164.65902519226 111.86774778366089 131.15257108211517 1035.6403297185898 1450.8525199890137 133.75636827945709 65377.74071252346 83789.62744140625 199744.75836181641 202.95190727710724 7621.9709491729736 218.28954482078552 9942.2612527608871 6636.0015258789062 107.05486249923706 2146.9903664588928 396.59519398212433 266063.61701393127 340.21391499042511 1111.6607397794724 14818.622051000595 9332.9076461791992 131.01613688468933 1007.8434610366821 3238.7535753250122 193.07720756530762 301.55442714691162 228.88753700256348 241.79017436504364 18375.177368164062 3383.2902977466583 132714.02170109749 165.24670732021332 282.82465267181396 507.24172258377075 1009.2332673072815 624.3233642578125 149.04568386077881 597.35666215419769 4847.6918563842773 8890.8928698301315 127.81838822364807 132.71072459220886 458.44708251953125 8102.4348570108414 29893.27156829834 2097.014404296875 209.78350830078125 342.50301802158356 261.2311110496521 321218.09939575195 178.69189834594727 306.34359741210938 7481.2155311107635 1376.2485136985779 197.69419753551483 115779.19226074219 255662.24051809311
leaf_count=1909 277814 138 217999 332 316409 91 99 819 1186 104 68000 80860 192312 151 6966 164 9634 6387 93 2062 305 258790 272 951 14878 9173 98 833 3215 140 260 183 188 16422 2857 120896 126 240 413 729 510 107 473 4533 8543 92 114 354 8086 26532 1727 168 281 214 317937 132 224 6900 1110 161 113130 274468
internal_value=-2.39729e-09 3.80463e-06 2.42279e-06 3.4937e-06 -3.04312e-06 -1.89991e-05 7.34799e-07 -4.88576e-05 -1.09742e-05 -0.000170293 1.88306e-05 -6.07642e-06 1.51007e-06 -2.28627e-05 -9.04707e-06 2.69904e-07 -6.65627e-06 1.93166e-05 1.49009e-05 -5.07343e-05 -3.64001e-05 1.15287e-06 -4.88705e-05 8.31655e-05 -5.10771e-06 5.29831e-06 3.04833e-05 4.58655e-05 7.61457e-05 0.000135191 0.000244169 7.55612e-05 -0.000169744 3.89551e-06 7.56942e-05 1.20777e-05 2.62055e-05 9.64725e-05 0.000140632 0.00019501 2.32904e-05 6.05097e-05 4.09581e-05 4.07623e-06 -4.24062e-05 4.38573e-05 0.000203927 1.69031e-05 4.42031e-05 2.0529e-05 -1.12077e-05 -3.42388e-05 0.000138303 -2.50617e-05 6.98615e-06 0.000153776 6.68165e-05 8.7665e-06 -5.57789e-05 -1.35383e-05 -2.93371e-06 -7.66945e-07
internal_weight=2.38042e+06 1.05702e+06 968001 921914 1.3234e+06 46086.2 589364 4924.89 3755.49 1169.4 89018.1 734040 748865 3624.34 34571.1 26949.1 24872.8 88862.3 76192.7 2254.05 3421.39 584439 11515.1 2076.35 24760.9 284275 13153.6 12669.7 5409.34 1910.05 673.324 1236.73 582.004 549120 3820.65 173050 32854.4 2453.39 1799.3 1292.06 7260.32 1858.06 1709.02 271121 10933.1 3499.28 260.529 73938.6 8560.88 30401 278809 5057.48 507.75 654.09 339593 480.246 3689.63 140195 3024.8 1648.55 455231 339452
internal_count=2380294 1036108 945509 901333 1344186 44176 596187 3935 3012 923 90599 747999 744670 2913 33264 26298 24603 90461 78595 2155 2762 592252 10912 1695 24512 275843 12352 11866 4969 1548 532 1016 460 552358 3179 156663 28867 1928 1382 969 6897 1531 1424 263491 10452 3421 206 76440 8440 26939 279541 4701 407 546 334359 392 3081 127796 2457 1347 468458 355328
is_linear=0
shrinkage=0.05


Tree=30
num_leaves=63
num_cat=0
split_feature=50 134 72 48 199 199 217 48 0 360 346 214 16 109 113 109 358 38 9 174 48 51 36 36 356 358 70 200 48 205 0 355 360 198 16 334 211 205 42 198 211 334 109 187 189 194 327 192 360 0 1 48 16 198 346 334 183 349 174 303 9 360
split_gain=0.0109571 0.00751015 0.00468302 0.00644824 0.00661571 0.0063044 0.00527891 0.0042198 0.00420743 0.00426918 0.00401723 0.00393668 0.00393578 0.00492522 0.0037751 0.0051677 0.00500953 0.00549054 0.00357534 0.00607279 0.00518315 0.00354823 0.00342346 0.00328342 0.00312722 0.00305409 0.00458048 0.00381677 0.00304467 0.00277672 0.00277771 0.00267394 0.00289653 0.00261329 0.00261125 0.002604 0.00254228 0.00242832 0.00237264 0.00233484 0.00232358 0.00229684 0.00229022 0.00223025 0.00304605 0.0074472 0.00321629 0.00222807 0.00255259 0.00215017 0.00315775 0.00389099 0.00581884 0.00406701 0.00493207 0.00225466 0.00222909 0.00213931 0.00212732 0.00209087 0.00207802 0.00215464
threshold=0.00012311434693401682 -1.0000000180025095e-35 0.063075669109821333 0.14917124062776568 0.0014182574232108893 0.00079879543045535694 0.00049191652215085935 0.062896691262722029 0.011900587007403375 0.11601252108812334 0.21267233788967135 0.00013451079576043415 0.0048675611615180978 5.4423933029174814 0.110470749437809 19.385196685791019 0.27498909831047064 0.0042163811158388862 0.050675800070166595 0.013828427996486427 0.18369969725608828 4.8690908442949883e-05 0.0042535034008324155 0.0040838676504790792 -0.067350961267948137 0.029429541900753978 -0.038764603435993188 0.0010667272144928577 0.087686985731124892 2.7938370294577911e-05 0.02384186536073685 -0.20828293263912198 0.51724720001220714 0.0045021397527307281 0.00070602691266685735 0.14120215922594073 3.7628875361406251e-05 0.00012449925270630049 0.0025047794915735726 0.0078178048133850115 0.0021267776610329752 0.50257983803749096 14.750672340393068 -0.0012831821222789583 -0.0065122167579829684 0.0010786519851535561 -0.00025874272978398943 -0.027841988019645211 0.63984325528144848 -0.027545910328626629 0.05934156849980355 0.14706710726022723 0.0070437802933156499 0.0048806483391672381 -0.091695837676525102 0.33501406013965612 -0.0030440044356510039 0.21641679108142856 -0.002088877721689641 0.0030230976408347492 -0.050919637084007256 0.82624787092208873
decision_type=2 2 2 2 2 2 2 2 2 2 2 2 2 8 2 8 2 8 2 2 2 2 8 8 2 2 2 2 2 2 2 2 2 2 2 2 2 2 8 2 2 2 10 2 2 2 2 2 2 2 2 2 2 2 2 2 2 2 2 2 2 2
left_child=1 11 6 5 14 33 7 37 25 24 31 29 13 34 15 16 17 35 19 -11 -21 36 49 42 -10 26 -8 60 -7 30 -1 -6 -33 -4 -3 -5 -15 -2 -12 47 -28 -16 -14 -36 45 46 -45 48 -29 55 -51 52 53 -52 56 -13 -55 -43 -35 -25 61 -27
right_child=2 12 3 4 10 28 8 -9 9 18 38 22 23 21 41 -17 -18 -19 -20 20 -22 -23 -24 59 -26 27 40 39 -30 -31 -32 32 -34 58 43 -37 -38 -39 -40 -41 -42 57 -44 44 -46 -47 -48 -49 -50 50 51 -53 -54 54 -56 -57 -58 -59 -60 -61 -62 -63
leaf_value=-1.1434137209016338e-05 5.3791023944704733e-06 -4.3914574458896799e-05 -3.303296299161751e-05 -4.0458725353465122e-05 6.6064077661368638e-05 -0.0005080805825411071 0.00010364390808514977 1.8527966075490854e-07 -0.00014549624433505978 5.8811030818037639e-05 -0.00013807412866913166 5.2408631829530939e-06 2.101213363253615e-05 -7.1746956359374165e-07 -0.00010402178171629287 -1.6989450584762545e-05 -0.00011615167546353651 6.6297036084428371e-06 -5.0645387681758394e-06 0.00030553964848372203 7.1109816177359109e-05 -4.4140415815138953e-06 -2.4258109892238484e-05 -1.5329852424169232e-06 2.995171795557654e-05 -1.4544817733655141e-05 1.6092390319076991e-05 7.4270289535136228e-05 -0.00016329496462828868 -8.7494246196081928e-07 0.00015102648204069578 -3.4370306187066117e-05 -0.00019711642334414121 -9.9094423485117623e-06 -2.2452891113346048e-05 0.00018543196749561366 5.4174018333082482e-06 1.8370171924080433e-05 -0.00043081968954777905 -0.00020425392177405709 5.1250827619291485e-05 -3.0320847943331138e-05 -3.0433351950440064e-06 0.00029381537293997974 -4.7263172423673095e-06 0.0003895317893663733 -3.8547315822556957e-06 -1.2605242995084453e-06 -0.00017082695868196878 -7.436993086735138e-06 -3.2578660301461741e-05 2.3799080225552106e-06 -0.00037389303053692383 -0.00013621122978478277 3.9384061547880629e-06 0.00012892294360696181 -0.00030371073500739496 0.00014999583778419848 -0.00025929864157212478 1.5233621739957181e-05 9.2818025506141725e-06 -0.0001432666854043195
leaf_weight=88795.903579711914 87421.609493494034 6918.8335208892822 1049.9997898340225 140.03841519355774 312.07395708560944 132.33882164955139 1614.8497859239578 263331.01462340355 326.61785483360291 1547.0844311714172 159.34070086479187 1044.6688983440399 51900.831456780434 364920.40329003334 931.00154769420624 2534.6238086223602 281.19825756549835 872.20740926265717 720.09379863739014 622.0851948261261 381.37492299079895 299135.53341853619 42750.539199829102 84574.808822631836 1116.3818895816803 1342.8891674280167 67289.640793323517 134.25004434585571 127.64509558677673 293874.99255371094 261.897216796875 693.26355624198914 450.57873213291168 123.4592581987381 22878.071325063705 1361.4630799293518 314326.29277038574 61121.500944137573 124.434002161026 250.61618041992188 5050.823486328125 895.08657419681549 12224.313578009605 99.039924025535583 24634.750057458878 162.85271525382996 890.19615733623505 1175.8103613853455 489.7928352355957 175122.27612113953 5419.1075834035873 4301.3663539886475 141.06023502349854 511.66015815734863 440.88867902755737 567.41554379463196 329.68080151081085 199.42522382736206 277.39305901527405 23832.121704101562 54541.75966489315 427.16927373409271
leaf_count=94848 84199 6853 889 108 241 101 1317 262871 272 1229 125 857 55732 379761 776 2147 243 782 565 450 306 289112 43324 101690 1026 1210 59906 111 106 296725 200 647 358 103 24241 1016 311719 53559 99 204 4159 805 12408 84 26249 121 1137 970 404 165186 4687 3598 113 409 345 423 252 163 221 26436 51116 359
internal_value=5.81185e-08 -1.82313e-06 6.17706e-06 -2.66342e-05 -9.63034e-06 -0.000115519 6.8147e-06 3.98639e-06 1.53156e-05 6.17256e-05 -9.70926e-05 -6.32699e-06 4.67298e-07 -6.99258e-07 1.14796e-05 3.40726e-05 8.27973e-05 0.000106443 9.33164e-05 0.000121074 0.000216761 1.23281e-07 -1.14877e-05 7.45827e-06 -9.90672e-06 1.36613e-05 2.04094e-05 5.11002e-06 -0.000341339 -3.21882e-06 -1.0953e-05 -6.33494e-05 -9.87109e-05 -7.46395e-05 -1.5177e-05 0.000164338 2.12149e-06 1.07248e-05 -0.000268559 -6.18643e-05 1.85485e-05 -4.63819e-05 1.64264e-05 -1.10897e-05 -1.00733e-06 7.8385e-05 2.648e-05 -4.18329e-05 -0.00011803 -8.58164e-06 -9.07947e-06 -3.48847e-05 -5.83044e-05 -5.15519e-05 -0.000131563 4.88798e-05 -0.000202411 2.74737e-06 -0.000182919 2.15319e-06 7.55086e-06 -4.5736e-05
internal_weight=2.37963e+06 1.82006e+06 559571 10665.6 8954.74 1710.84 548905 411874 137031 4713.64 1739.69 613561 1.2065e+06 1.03397e+06 7215.04 5189.53 2654.91 2373.71 3270.64 2550.54 1003.46 978382 230629 172532 1443 132318 73955.3 58362.3 259.984 382933 89057.8 1455.92 1143.84 1450.85 55583.7 1501.5 679247 148543 283.775 2050.47 72340.5 2025.51 64125.1 48664.9 25786.8 1152.09 989.236 1799.85 624.043 187878 186266 11143.8 6842.4 6701.34 1282.23 1612.08 841.341 1094.51 400.852 108407 56311.8 1770.06
internal_count=2379673 1846510 533163 8930 7510 1420 524233 400629 123604 3848 1470 610967 1235543 1039277 6040 4296 2149 1906 2550 1985 756 980592 219194 196266 1298 119756 65382 54374 207 391773 95048 1246 1005 1213 58685 1124 691480 137758 224 1689 64065 1744 68140 51832 27591 1342 1221 1485 515 175870 174590 9404 5806 5693 1006 1280 661 968 324 128126 52685 1569
is_linear=0
shrinkage=0.05


Tree=31
num_leaves=63
num_cat=0
split_feature=52 51 213 51 219 344 59 49 2 32 48 202 276 50 48 16 276 259 359 344 0 0 292 47 259 198 14 316 266 169 212 219 157 359 287 310 202 12 273 32 210 44 162 35 0 359 359 292 167 207 333 292 346 35 2 359 198 48 207 193 197 179
split_gain=0.0101824 0.00707643 0.00508693 0.00474439 0.00434843 0.00399446 0.00329172 0.0031533 0.00297155 0.00359562 0.00534842 0.00624821 0.00273356 0.00261051 0.00272811 0.00239362 0.00237816 0.00233864 0.00357753 0.00231869 0.00244896 0.00227137 0.0036536 0.00246985 0.00242992 0.00251765 0.00240636 0.00223618 0.00278891 0.00221263 0.00221214 0.00216167 0.00228082 0.0021065 0.00210504 0.00202052 0.00234785 0.00219246 0.00201676 0.00195718 0.00194923 0.00243185 0.00193849 0.00227887 0.00286233 0.00269402 0.00207179 0.00254601 0.00197154 0.00207475 0.00215493 0.00193078 0.00275689 0.00217785 0.00191954 0.00228091 0.00267442 0.00191839 0.00214596 0.00283162 0.00427813 0.00245318
threshold=0.000176977067894768 3.7037087167846046e-05 1.874799727374921e-05 0.00082798543735407304 0.0017898385995067658 1.0000000180025095e-35 1.0000000180025095e-35 1.0000000180025095e-35 0.0040760394185781488 0.064439397305250182 0.090329337865114226 0.00050888623809441935 0.059352695941925056 0.00049243716057389985 0.064844809472560896 0.0044362216722220191 0.3600002527236939 0.26854290068149572 0.12317387759685518 -0.043787546455860131 0.0093614682555198687 -0.027545910328626629 0.73606345057487499 0.088540330529212966 0.62567630410194408 0.0027354946359992032 0.035432504490017898 0.072207372635602965 0.01328764343634248 -0.0031302741263061758 1.4137603557173863e-05 0.0011100765550509097 0.00080018065636977564 0.1486395671963692 0.10766826570034028 -0.045704763382673257 0.0017254092963412406 0.052284972742199905 0.013094852678477766 0.048904547467827804 0.0012917774729430678 0.01414812868461013 0.012584910262376072 0.04058408364653588 -0.006613516714423894 0.57936659455299389 0.1702658757567406 0.1604319363832474 0.037164902314543731 0.0025197786744683985 0.347399652004242 0.43284194171428686 -0.097002565860748277 0.050700271502137191 0.0035939810331910853 0.18485018610954287 0.0022397493012249474 0.24590978026390078 0.00055304996203631173 0.048246122896671302 0.0052753598429262647 0.037871068343520171
decision_type=2 2 2 2 2 2 2 2 2 8 2 2 2 2 2 2 2 2 2 2 2 2 2 2 2 2 2 2 2 2 2 2 2 2 2 2 2 2 2 8 2 10 2 10 2 2 2 2 2 2 2 2 2 8 2 2 2 2 2 2 2 2
left_child=1 2 30 4 8 7 21 -4 9 13 11 -11 -9 14 34 -16 -12 31 -19 20 -20 22 -3 54 25 33 -27 28 -18 -26 -1 -5 40 -25 -2 -6 42 39 -22 -38 -33 -42 43 48 45 -45 47 -46 49 -37 -51 -21 53 -53 -23 56 -56 58 -10 60 61 -60
right_child=3 6 5 17 35 -7 -8 12 57 10 16 -13 -14 -15 15 -17 27 18 19 51 38 23 -24 24 29 26 -28 -29 -30 -31 -32 32 -34 -35 -36 36 37 -39 -40 -41 41 -43 -44 44 46 -47 -48 -49 -50 50 -52 52 -54 -55 55 -57 -58 -59 59 -61 -62 -63
leaf_value=3.3731627890452642e-07 1.6334160591649031e-06 1.5274405551845812e-05 -0.00027338306415148348 -9.5852389622170088e-06 0.00015465208407584643 -8.7801855976460868e-07 -1.1764865212279261e-05 1.6341362026274554e-05 2.8199172647369669e-05 -6.2733897824863253e-05 2.1598583567240286e-05 -0.0003984106993436974 4.8054070179573498e-06 1.7925513923589247e-05 -1.1482705668664775e-06 1.3876800209027566e-05 -3.3195458353665261e-05 -0.00010460038683713319 -3.483830052261954e-06 -0.00011115550809093651 5.5065524604915304e-05 -3.8662792483193473e-06 0.0001819547088341355 0.00011116402635959742 0.00027171956599695099 1.9371895423854754e-05 -8.1075878037129229e-05 0.00013535581134512526 -0.00017525123110589662 1.0204574516469621e-05 -6.1985270117731571e-06 2.6297503658914148e-05 -2.2683511123140163e-05 -1.9056051530664147e-05 1.7752247213381082e-05 2.5255952203703921e-05 -4.4440744546830196e-05 -0.00016652064809883455 0.00028245078874395866 0.00010404130841445846 6.3111277050421991e-05 0.00026716039388090723 -7.1256166606294394e-06 4.805730819811997e-05 0.00026933243847489751 0.0002143858480146278 3.2193843083895511e-05 5.2976922148389836e-05 -7.9262155662890416e-05 3.8567672353277259e-05 0.00017634256196933976 -3.4565981429365523e-05 1.3470323684533607e-05 -0.00014791421726341488 1.0070908585777253e-05 5.1668653453869776e-06 0.00011035480242056056 -4.3425372140823499e-05 5.5207471194286932e-05 -2.7462224459407779e-05 0.00037860326404199029 0.00020353264967876801
leaf_weight=241900.28487813473 29837.033294796944 1617.1313464641571 98.827232122421265 22581.783401489258 318.326171875 348259.02319335938 164538.41105508804 58793.223904728889 6055.3872809410095 462.70506393909454 2675.2555416822433 196.53024506568909 405699.80691802502 52773.906705856323 132082.00847554207 33160.1815315485 3143.451185464859 1385.6112461090088 2852.3415031433105 788.02236521244049 360.89256525039673 465581.74255084991 410.8116466999054 329.46047210693359 119.95169734954834 724.39555215835571 3350.3450775146484 170.94674682617188 386.44026231765747 240.66514492034912 278533.61782836914 4237.8548345565796 2031.7677240371704 4926.8091921806335 63072.381889343262 12987.702082157135 830.90261137485504 255.58783721923828 132.33488845825195 300.55416810512543 635.87152051925659 188.34857225418091 2749.9433310031891 428.23453724384308 217.15227401256561 566.64174258708954 3236.0816042423248 361.6951504945755 415.27361297607422 701.14168632030487 476.553595662117 1473.4169552326202 2163.6609979867935 593.93412399291992 1442.9161524772644 11785.442632675171 1231.5770559310913 691.58958625793457 1129.9005818367004 426.51394653320312 140.92872619628906 369.20600128173828
leaf_count=267481 27435 1428 116 20057 236 342697 158508 60198 5673 411 2209 151 409191 46540 125906 33805 2672 1156 2411 640 285 460759 308 277 88 605 2725 137 313 235 298307 3522 1655 4480 56693 11199 665 204 98 230 492 136 2302 337 164 414 2634 287 356 560 366 1226 1797 466 1399 11794 979 588 931 355 107 277
internal_value=5.51459e-08 -1.39302e-06 6.99099e-07 7.44205e-06 9.29121e-06 3.17033e-06 -5.64318e-06 6.20497e-06 7.78692e-06 6.99295e-06 -2.83494e-05 -0.000163708 6.26564e-06 7.79282e-06 5.72128e-06 1.86704e-06 -1.43076e-05 -9.00248e-06 -3.02447e-05 -1.79054e-05 1.43333e-05 -3.59489e-06 4.91858e-05 -3.81365e-06 -2.88011e-05 -3.37297e-05 -6.32178e-05 -4.0261e-05 -4.88377e-05 9.8211e-05 -3.16064e-06 -2.02159e-06 2.20517e-05 -1.08547e-05 1.2576e-05 2.99031e-05 2.82023e-05 -3.4866e-05 0.000116968 -4.88477e-06 4.00089e-05 0.000110274 3.21562e-05 3.77272e-05 6.75678e-05 0.000143031 4.78234e-05 0.00013479 2.78756e-05 3.10272e-05 9.45226e-05 -3.93922e-05 -2.59801e-05 -6.72415e-05 -3.30905e-06 1.46306e-05 5.62986e-05 3.64222e-05 4.32303e-05 8.72047e-05 0.000117023 9.19601e-05
internal_weight=2.37963e+06 1.98958e+06 1.33328e+06 390046 350620 812851 656300 464592 326774 317961 7035.33 659.235 464493 310926 258152 165242 6376.09 39425.8 9750.21 8364.6 3345.57 491761 2027.94 489733 9691.63 9331.01 4074.74 3700.84 3529.89 360.617 520434 29675.6 7093.84 5256.27 92909.4 23845.8 23527.5 1387.04 493.227 1131.46 5062.07 824.22 22140.4 19390.5 4809.81 994.876 3814.93 578.847 14580.7 14165.4 1177.7 5019.03 4231.01 2067.35 480042 14459.9 2674.49 8813.53 8121.94 2066.55 1640.04 1499.11
internal_count=2379673 2021575 1377990 358098 324157 812202 643585 469505 304203 296272 5893 562 469389 290379 243839 159711 5331 33941 8079 6923 2794 485077 1736 483341 8410 8087 3330 3122 2985 323 565788 25862 5805 4757 84128 19954 19718 1099 383 895 4150 628 18619 16317 3836 751 3085 451 12481 12125 926 4129 3489 1692 474931 14172 2378 7931 7343 1670 1315 1208
is_linear=0
shrinkage=0.05


Tree=32
num_leaves=63
num_cat=0
split_feature=50 134 52 72 48 315 48 2 201 49 48 203 292 322 321 334 16 36 243 314 355 359 16 109 225 220 30 270 43 259 50 339 359 329 172 202 0 36 303 218 198 359 349 0 203 359 201 0 0 360 187 49 13 34 355 0 357 109 292 292 362 72
split_gain=0.00970038 0.00620584 0.00462773 0.00537814 0.00559436 0.00671584 0.00442824 0.00501373 0.00550732 0.00487214 0.00582675 0.00447868 0.00438619 0.00490357 0.00460201 0.00417554 0.00379685 0.00410697 0.0036164 0.00356829 0.00345519 0.00411926 0.00338709 0.00430121 0.00338316 0.00329143 0.00321536 0.00315787 0.00314023 0.00305045 0.00347672 0.00300689 0.00285232 0.00274323 0.0031247 0.00273816 0.00271878 0.00268705 0.00267649 0.00262389 0.00259 0.00253771 0.0031914 0.00247037 0.00290819 0.0046868 0.00246681 0.00389949 0.0128505 0.0162237 0.0156384 0.00726698 0.00605824 0.00439993 0.00791392 0.00600701 0.00415497 0.00378261 0.00612313 0.00817574 0.00614739 0.00573295
threshold=6.1552316765300943e-05 -1.0000000180025095e-35 1.0000000180025095e-35 0.063075669109821333 0.14917124062776568 0.013711410108953716 0.062896691262722029 0.0012745967833325269 0.00038915651384741073 0.25501763820648199 0.1151021644473076 0.0010057615581899884 1.570685148239136 0.045125477015972144 -0.0092327450402080995 0.12685295939445498 0.0048675611615180978 0.0054213826078921565 -0.36135444045066828 0.0093390643596649187 -0.032155381515622132 0.1702658757567406 0.0044362216722220191 5.4423933029174814 -0.64999282360076893 5.7820932852337144e-05 0.049884697422385223 0.022871694527566436 0.005948693724349142 0.45409478247165685 0.00082612791447900246 1.8487112522125246 0.13750803470611575 0.039562290534377105 0.0083040967583656328 0.00097690918482840083 0.013650314882397653 0.0040838676504790792 0.0030230976408347492 6.5351152443327023e-05 0.0028964473167434339 0.39600583910942083 -0.066894944757223115 -0.00065741068101488043 0.00081547099398449074 0.11550133675336839 0.00015496210835408422 0.00030090953805483883 0.00066828104900196205 0.79235011339187633 1.0000000180025095e-35 0.055931000038981445 0.034038469195365913 0.027038102969527248 -0.030774373561143872 0.0056898333132267007 -0.023004192858934399 81.66693496704103 -1.0000000180025095e-35 -0.3749167919158935 0.80634874105453502 0.026792978867888454
decision_type=2 2 2 2 2 2 2 2 2 2 2 2 2 2 2 2 2 10 2 2 2 2 2 10 2 2 10 2 8 2 2 2 2 2 2 2 2 8 2 2 2 2 2 2 2 2 2 2 2 2 2 2 2 10 2 2 2 10 2 2 2 2
left_child=1 25 -2 6 5 -5 46 16 -9 -10 20 33 14 28 24 -13 17 29 27 -7 21 40 23 -3 -6 -1 -17 -16 -14 30 43 36 -26 34 -12 -33 -31 -24 -18 -25 -11 -20 -43 44 -8 -46 -4 57 49 52 -51 56 -49 -53 -55 -56 -50 -48 59 -59 -61 -60
right_child=2 22 3 4 12 19 7 8 9 10 11 15 13 -15 18 26 38 -19 41 -21 -22 -23 37 39 32 -27 -28 -29 -30 31 -32 35 -34 -35 -36 -37 -38 -39 -40 -41 -42 42 -44 -45 45 -47 47 48 51 50 -52 53 -54 54 55 -57 -58 58 61 60 -62 -63
leaf_value=-2.1615346521493775e-06 -2.862604241575435e-07 -1.6393958519671435e-05 1.0586532005233732e-05 -4.5859894694816019e-05 0.000254039603443298 -0.00048261857908855129 8.6201121494031764e-06 2.4028761616040905e-06 -6.014637875948679e-05 0.0004139300843972822 7.641945048498707e-05 -9.670013395344818e-05 0.00014092010341312298 0.00037883410923212604 -6.4614967797155704e-05 0.00024371052524191144 7.5584054807039563e-06 -2.203056370197902e-05 -6.159766610169225e-05 -0.00018191112043036237 4.9609309208487237e-05 9.5526135704893361e-05 1.4883831066504832e-05 1.5661588954761611e-06 -0.00012785011859400722 -1.0114379019223923e-05 7.0820805840564392e-05 -0.00021311993307138153 -4.9610639881089034e-05 -3.5931779220723598e-06 1.897892494644308e-05 -4.4712143500945882e-05 6.3321544579534949e-05 2.266534071061775e-05 0.00033524579289204479 -0.00019196035146403249 -0.00020279801399502711 1.617550334635344e-06 3.2388279007668683e-05 -4.319249571657027e-06 0.00015522345826656474 0.00016111751662334334 -4.7059340751340059e-06 -4.2412684716618733e-06 -0.00020581379511627041 -1.4527920263400218e-05 -9.2636083113272079e-07 8.5679195381728799e-05 2.7912458442356844e-05 0.00077787993627188336 0.00020520299562156916 2.4076720889045457e-05 -0.00012996557097945253 0.00013721036978542873 9.9916048093242764e-05 -8.8852565662263119e-05 -6.7760108602289273e-05 2.1407230825306894e-05 3.2871536711268755e-05 9.5705317791711802e-05 0.0003148711273801354 -6.6196022560323226e-05
leaf_weight=231440.30181884766 304400.61755371094 44276.471257925034 103766.1840313673 1247.1571606397629 184.59406018257141 131.64933979511261 89743.252065300941 10502.411804199219 873.09276962280273 294.65236461162567 879.22167944908142 166.63357090950012 425.83121991157532 123.94683074951172 1965.4656910896301 637.97144663333893 31261.202775835991 18235.375977516174 1398.5803327560425 397.14079093933105 414.82961797714233 335.76980519294739 61537.865875244141 564228.27090299129 241.49996268749237 297128.11669921875 467.66527283191681 436.7340087890625 435.75194120407104 11224.407160639763 33273.54337310791 3248.7550811767578 980.82593238353729 6612.8607075214386 132.88039422035217 348.07331085205078 171.93939423561096 100512.0397644043 16624.404098510742 285053.55531311035 148.73590862751007 358.46883404254913 1486.9539924860001 94509.554282665253 395.26486575603485 1653.0631371736526 19990.738989710808 1233.1497268676758 1894.7906638383865 129.84226131439209 1288.0514030456543 10260.491588950157 440.39554500579834 2688.258105635643 787.41373097896576 902.12764811515808 2824.2022380828857 1583.1413999795914 8212.8667459487915 744.89230179786682 562.35137295722961 1774.143798828125
leaf_count=240876 308535 46917 96909 1068 144 102 84874 10113 752 203 724 145 327 86 1688 457 31900 17507 1131 317 321 259 65518 578876 188 288076 369 346 395 9983 29152 2813 771 5591 96 268 152 119059 15846 275342 105 266 1243 92184 332 1346 17193 1010 1517 90 953 8735 359 2014 619 763 2353 1317 6646 560 414 1458
internal_value=5.24729e-08 -2.20965e-06 4.55756e-06 7.5602e-06 -2.9077e-05 -0.000109337 8.30752e-06 4.93704e-06 2.82809e-05 5.30637e-05 6.28686e-05 4.89269e-05 -1.13227e-05 8.73754e-05 -2.51346e-05 0.000135704 3.27031e-06 8.24947e-07 -4.52945e-05 -0.000258313 0.000166503 0.000228452 4.8164e-09 -1.20132e-06 5.57199e-05 -6.63215e-06 0.000170841 -9.17689e-05 4.46661e-05 2.60191e-06 4.09193e-06 -1.92169e-05 2.54038e-05 3.44159e-05 0.000110995 -5.90604e-05 -6.63369e-06 6.65549e-06 1.61796e-05 -4.09229e-07 0.000328233 -1.08446e-05 2.76444e-05 1.43292e-06 7.27509e-06 -5.1605e-05 1.51328e-05 2.36604e-05 3.9723e-05 0.000134352 0.000258667 2.4598e-05 2.88446e-05 4.19909e-05 8.39473e-05 -8.62504e-07 -2.93497e-05 1.26879e-05 3.38195e-05 9.78822e-05 0.000190323 1.52629e-05
internal_weight=2.37963e+06 1.58418e+06 795454 491053 9814.6 1775.95 481239 322156 21466.7 10964.3 10091.2 8897.23 8038.65 985.53 7053.12 1272.27 300689 252803 5646.2 528.79 1193.99 779.158 1.05561e+06 893558 1406.92 528568 1105.64 2402.2 861.583 234568 219575 14993.2 1222.33 7624.96 1012.1 3596.83 11396.3 162050 47885.6 849282 443.388 3244 1845.42 186301 91791.6 2048.33 159083 55316.9 22448.7 3091.44 1417.89 19357.3 1673.55 14638.3 4377.8 1689.54 4718.99 32868.1 12877.4 2890.39 1307.24 9987.01
internal_count=2379673 1614664 765009 456474 8072 1487 448402 305492 19135 9022 8270 7382 6585 808 5777 971 286357 238611 4674 419 888 567 1085712 901135 1103 528952 826 2034 722 221104 207888 13216 959 6411 820 3081 10135 184577 47746 854218 308 2640 1509 178736 86552 1678 142910 46001 18413 2412 1043 16001 1369 12131 3396 1382 3870 27588 10395 2291 974 8104
is_linear=0
shrinkage=0.05


Tree=33
num_leaves=63
num_cat=0
split_feature=144 36 16 109 154 211 19 53 327 16 224 205 0 10 265 109 212 16 357 45 291 113 346 43 166 53 0 359 361 49 259 270 2 1 0 2 361 292 21 0 259 208 336 178 2 200 48 361 292 49 29 355 2 259 198 0 43 362 203 175 337 48
split_gain=0.00972751 0.00536435 0.00539972 0.00526711 0.0050564 0.0047394 0.0045856 0.00412443 0.00379543 0.0033101 0.00294177 0.00286856 0.00302978 0.00284377 0.0025896 0.00234319 0.00230047 0.00228051 0.00226994 0.00363053 0.00273389 0.00225869 0.00331089 0.00280773 0.00335843 0.00225853 0.0022007 0.00527843 0.00503069 0.00456908 0.00232098 0.00209845 0.00201062 0.00199063 0.00550337 0.00350572 0.00328126 0.00216236 0.00197391 0.00196604 0.00196088 0.00232419 0.00192594 0.00306004 0.00282406 0.00213227 0.00189366 0.00186233 0.00183449 0.00304333 0.00365965 0.00244728 0.00349429 0.00286436 0.00252991 0.00218423 0.00224792 0.00207948 0.00416169 0.00277352 0.00437297 0.0018021
threshold=-1.0000000180025095e-35 0.0056643341667950162 0.0046499818563461312 11.619381427764894 0.00043708115117624407 0.0002006728536798619 0.00041059582144953316 5.1852122851414613e-05 -0.0010345253976993261 0.0006902105815242977 2.6101771410935729e-08 2.3900795895315244e-05 0.02384186536073685 -0.0028240176616236563 -0.0015412857756018636 83.354587554931655 4.8849071390577599e-05 0.0040521584451198587 -1.0022478103637693 0.023987737484276298 0.80015197396278392 0.086838208138942732 -0.36807623505592341 0.006635430734604598 -0.0023844033712521191 0.00098005140898749254 -0.027545910328626629 0.10812873393297197 -0.23851171135902402 0.38579265773296362 -0.016023807227611538 0.0044835575390607127 -0.013921295292675493 0.05934156849980355 -0.0087068877182900888 -0.01699047069996595 -0.18417260795831678 0.009256973862648012 0.012845168355852367 0.011900587007403375 0.52434149384498607 0.00020075422798981893 -0.13959351927042005 0.055428031831979759 -0.0088167362846434099 0.00024074433167697865 0.24190866202116015 -0.84263908863067616 -6.8726353868829704e-15 0.094731386750936522 0.0660691373050213 0.096385579556226744 -0.0029474563198164101 -0.094419717788696275 0.0028964473167434339 -0.0092270798049867136 0.027357958257198337 1.0000000180025095e-35 0.00033650896511971956 0.013165346812456848 0.11684210598468782 0.21696079522371295
decision_type=8 8 2 10 2 2 2 2 2 2 2 2 2 2 2 10 2 2 2 10 2 2 2 10 2 2 2 2 2 2 2 2 2 2 2 2 2 2 2 2 2 2 2 2 2 2 2 2 2 2 10 2 2 2 2 2 10 2 2 2 2 2
left_child=4 5 3 9 8 7 -4 11 15 -3 14 12 -2 -11 -8 -1 -10 25 19 32 -21 22 23 24 -15 38 27 -7 30 -30 -29 48 -19 -9 36 37 -35 -36 39 -6 41 -37 43 -33 -45 -44 -41 61 49 50 51 -28 53 -53 -55 56 57 -50 -59 -60 -61 -25
right_child=1 2 6 -5 17 26 10 33 16 13 -12 -13 -14 21 -16 -17 -18 18 -20 20 -22 -23 -24 47 -26 -27 31 28 29 -31 -32 42 -34 34 35 40 -38 -39 -40 46 -42 -43 45 44 -46 -47 -48 -49 55 -51 -52 52 -54 54 -56 -57 -58 58 59 60 -62 -63
leaf_value=1.8408258267340481e-05 -6.4501606506554619e-06 -4.8956191685382509e-05 -0.00026064643305113695 8.5903173005664967e-06 9.2513031435704436e-06 -0.00020011779337788467 -1.004429082583087e-05 -6.6198267180670218e-06 4.3350208759648362e-06 -2.9862642480112622e-05 -1.8868117663362397e-05 9.2675006000351049e-07 0.00014607507273635593 0.00034371750152238515 6.6710067529877828e-06 4.5051256929874735e-08 -2.52444273383282e-06 0.00015877289485561176 1.773411709339759e-05 9.064428732305716e-05 0.00032847873973596849 -2.3634467571328346e-05 -1.1594314155579004e-05 4.3492924872509026e-05 7.985197499600096e-05 -1.6422503544046916e-05 3.2441642419525904e-05 9.563952179050918e-05 4.8268786254879189e-05 0.00023924209595993615 -7.1520154079523384e-05 5.4364399240205852e-06 -1.0236149261080097e-05 1.6404236279359611e-05 -7.8007709161904005e-05 -8.0745926320038067e-06 0.00022962673923512079 -0.00024720045765390587 -1.9721531583052428e-05 4.8842333600924592e-05 9.6308870999555697e-05 -5.5574525327241235e-05 1.0009608661141251e-06 -6.7645732641155234e-06 0.00023514984847693469 -3.1830795812511089e-05 -0.00010723574983567962 -2.6956248773995408e-06 8.1342556307246828e-06 1.0099824670130972e-05 -0.00020791759958239598 5.9333621813894736e-05 -2.1682958852467467e-05 7.7335991777485716e-05 0.00026642035272728186 1.4100226032605367e-06 -0.00014573664083871853 1.7606190621499292e-05 7.1543134859973167e-05 1.9899443508148999e-05 0.00037135057517643393 0.0002844034796551386
leaf_weight=51676.814819335938 182081.59089183807 13039.866434812546 171.17775726318359 12858.89417386055 160247.7185754776 187.04372322559357 36400.051084518433 293232.46829175949 211383.89373779297 30794.253961801529 24079.535988807678 642879.6226593256 324.17453002929688 132.27545404434204 63747.310120582581 26168.767059326172 289798.1940612793 221.94984304904938 54852.448974609375 293.17126631736755 206.23351502418518 8540.4864501953125 5905.741272687912 242.60275721549988 1213.1048312187195 9066.4014663696289 4330.971892952919 315.30110645294189 651.59768712520599 603.36725044250488 599.06376791000366 2783.5431213378906 820.49278771877289 437.21593153476715 598.52657520771027 5219.0946815013885 305.61860597133636 276.05742025375366 5706.4557828903198 4486.1398988962173 307.11530923843384 5083.3657389879227 9924.0482730865479 199.62951529026031 302.46975839138031 9855.1946315765381 201.29282128810883 2021.588984131813 17145.830765008926 39189.527896881104 135.33690643310547 631.57669699192047 442.73099648952484 270.32158076763153 521.91980636119843 137074.0550609827 208.2945384979248 6743.8818032741547 2019.6000537872314 154.30896711349487 206.31565713882446 112.79572641849518
leaf_count=46582 196404 12664 149 12909 150146 156 42240 284879 219841 33514 26733 648464 251 92 77300 23055 282205 163 56738 228 145 8526 6444 270 1130 7896 3683 239 530 433 513 2517 760 350 491 4797 217 223 5697 3802 250 4311 9086 169 228 8266 165 1929 16130 36076 111 527 395 212 383 130022 179 5848 1634 135 150 91
internal_value=4.993e-08 -2.25757e-06 -9.92118e-06 -2.05312e-05 4.47877e-06 -1.13904e-06 -3.53595e-06 -2.48061e-06 1.9641e-06 -2.65708e-05 -3.17747e-06 -6.43451e-07 -6.17749e-06 -2.06074e-05 5.95503e-07 1.22354e-05 3.68683e-07 1.06458e-05 1.94177e-05 7.92137e-05 0.000189779 -4.91894e-06 1.16839e-05 4.86024e-05 0.000106266 7.89285e-06 5.33e-06 5.33864e-05 7.54082e-05 0.00014032 -1.37954e-05 4.84174e-06 2.59832e-05 -7.44416e-06 -2.72094e-05 -3.57462e-05 0.00010451 -0.000131855 9.18493e-06 1.01853e-05 -2.78002e-05 -3.15179e-05 -9.47034e-06 2.59686e-05 0.000139322 -1.53593e-05 4.2097e-05 1.59025e-05 6.42071e-06 1.5298e-05 4.74528e-05 5.30946e-05 0.00010093 0.000139033 0.00020226 3.94968e-06 1.7096e-05 1.83981e-05 3.76798e-05 9.44916e-05 0.000221906 0.000121116
internal_weight=2.37963e+06 1.5645e+06 199260 74861.6 815130 1.36524e+06 124398 1.13074e+06 579028 62002.7 124227 825285 182406 48962.8 100147 77845.6 501182 236102 56394.3 1541.85 499.405 18168.6 9628.11 3722.37 1345.38 179708 234496 2356.37 2169.33 1254.96 914.365 232140 1042.44 305459 12227 11484.2 742.835 874.584 170642 164935 10609.6 10302.5 23064.9 3285.64 502.099 19779.2 4687.43 2376.99 209075 45522.4 6332.86 6197.52 1866.55 1423.82 792.241 163552 26478.2 26269.9 9124.11 2380.22 360.625 355.398
internal_count=2379673 1582250 223991 77569 797423 1358259 146422 1140637 571683 64660 146273 845119 196655 51996 119540 69637 502046 225740 58034 1296 373 18482 9956 3512 1222 167706 217622 1871 1715 963 752 215751 923 295518 10639 10072 567 714 159810 154113 9358 9108 20266 2914 397 17352 3967 2290 195485 41387 5311 5200 1517 1122 595 154098 24076 23897 7767 1919 285 361
is_linear=0
shrinkage=0.05


Tree=34
num_leaves=63
num_cat=0
split_feature=276 344 34 186 198 20 36 52 237 0 360 14 322 208 356 19 40 292 346 52 175 198 0 359 360 259 29 332 18 360 0 32 192 322 46 33 201 360 357 23 334 44 361 59 211 318 267 204 22 357 259 0 46 263 15 0 357 318 292 182 269 34
split_gain=0.00910453 0.00812717 0.00579061 0.00568199 0.00718798 0.004786 0.00471893 0.00469494 0.00436103 0.00596204 0.00950929 0.0151799 0.00426379 0.00393455 0.00390271 0.0042916 0.00390196 0.00390155 0.00548023 0.00372434 0.00358912 0.00311349 0.00443034 0.00358767 0.00308016 0.00426026 0.00290002 0.00404984 0.00354138 0.00419045 0.00288808 0.0034122 0.00399211 0.00343773 0.00601116 0.00350483 0.00319418 0.00410308 0.00386155 0.00298283 0.00288284 0.00280685 0.00271579 0.00270117 0.00269661 0.00258987 0.0025767 0.00256224 0.00253234 0.00251875 0.00251847 0.00334435 0.00251351 0.00244053 0.00337267 0.00314952 0.00312548 0.00242925 0.00405957 0.00259269 0.00240986 0.00239736
threshold=0.25775443017482763 -0.018151263706386086 0.080218229442834868 0.052892081439495094 0.0078178048133850115 0.0068564582616090783 0.0059104363899678001 4.1914236135198743e-06 0.18670409172773364 0.02384186536073685 -0.58913797140121449 0.010332394391298296 0.010337788145989181 7.867996828281322e-05 -0.77657034993171681 0.0056483536027371892 0.0024588909000158314 2.369735956192017 0.017407872714102272 0.0010631541954353454 0.0005875897768419237 0.0025697369128465657 -0.0092270798049867136 0.66581809520721447 0.43762980401515966 -0.1849057078361511 0.0660691373050213 0.28832696378231054 0.0059459598269313583 0.85914069414138805 -0.0092270798049867136 -0.001045826240442693 0.00061876510153524588 -0.036030642688274377 -0.016359899193048474 0.062501065433025374 0.0011069004540331664 0.64944985508918773 0.037910176441073425 0.03379716910421849 0.71802783012390148 0.0028169681318104271 -0.58960917592048634 0.80144524574279796 2.9844215532648381e-05 0.0030701685464009647 0.0008546432072762401 0.00064811465563252579 0.0092375241219997423 -0.0070982016623020163 0.27326424419879919 0.0019244272261857989 0.019850295968353752 0.0029492593603208665 0.042199376970529563 0.0016153114265762272 -0.015001319814473389 0.045229719951748855 -0.46626338362693781 0.069895308464765563 0.0046015244442969569 0.019506501965224746
decision_type=2 2 10 2 2 2 8 2 2 2 2 2 2 2 2 2 8 2 2 2 2 2 2 2 2 2 8 2 2 2 2 8 2 2 2 8 2 2 2 2 2 8 2 2 2 2 2 2 2 2 2 2 2 2 2 2 2 2 2 2 2 10
left_child=2 19 7 6 5 17 8 -1 -3 44 11 -11 -6 -8 15 -15 30 20 -19 26 42 49 23 -23 48 -26 43 -28 29 40 60 32 -32 34 -33 36 39 -38 45 -35 -29 -7 -5 -2 -10 -39 -40 -43 -4 -22 -37 -52 -27 -24 -55 56 -56 59 -59 -18 -9 -47
right_child=1 3 24 4 12 41 13 16 9 10 -12 -13 -14 14 -16 -17 57 18 -20 -21 21 22 53 -25 25 52 27 28 -30 -31 31 33 -34 35 -36 50 37 38 46 -41 -42 47 -44 -45 -46 61 -48 -49 -50 -51 51 -53 -54 54 55 -57 -58 58 -60 -61 -62 -63
leaf_value=4.557298175824838e-07 3.0737142163287621e-06 -6.3519641501306041e-06 0.00013313561364551073 -4.0774295506076822e-05 -0.00017873102913794589 3.0811972341204379e-05 -4.299633526841845e-06 2.4270481458447999e-05 -6.030342311511909e-06 0.0007474080231929239 7.8957724200487647e-06 8.604154239398953e-05 -1.1537252567621549e-05 0.00014118694985901302 -2.2165990891192851e-05 -4.7848609346633594e-06 2.020895233846774e-05 -3.0848490971579995e-05 0.00024805387887660374 2.0421170071660066e-05 4.7764330345986946e-05 -4.3191360327027039e-05 -5.4122069453811911e-05 0.00024252093984475335 0.0001981579571533193 2.2820109199375797e-05 -9.5616749733333576e-05 4.6186612423745425e-05 -7.5990259829852183e-05 -0.0001149896452339254 -2.2891225964774564e-06 0.00031055273440381366 -0.00030767077912943991 7.923026830113662e-06 2.9288142878894359e-05 -1.7013480715988559e-05 1.4509098729747288e-05 0.00016190026763202822 3.9253292778373789e-05 0.00026286772643646948 0.00024332683666064786 -7.385923263279184e-05 3.1354105654807987e-05 -4.6494618455066397e-06 3.8718093129488749e-06 0.00012489974691863251 0.00029736384252075946 -0.00020084883429122595 -7.8439049853638296e-06 -4.7133367831787142e-05 -0.00022866769355403375 -2.1665660991035395e-05 -0.00013803522326095484 5.9554016970309129e-05 -0.00019288720129909944 -0.00011894155992653686 -0.0004935643875728094 -0.00030792128957043589 -1.2149198106837956e-05 0.00023467075191760893 -1.7322293055727212e-05 -4.5500979397406066e-05
leaf_weight=370687.62076437473 557514.33697891235 414603.19272422791 1716.7418665885925 1822.0370593070984 1246.3441762924194 519.79802012443542 74725.467515945435 30082.417224884033 97428.099612116814 132.32094264030457 683.89242053031921 246.77784776687622 549.45367527008057 759.569211602211 77291.329406738281 1485.698366522789 71058.582595825195 359.16354477405548 342.879070520401 26241.993408203125 1274.1197360754013 281.8453164100647 1448.9366604089737 177.56472742557526 240.63718295097351 685.6569412946701 1842.261971116066 1399.0435225963593 1043.7224268913269 364.1195319890976 110962.12889194489 254.21051263809204 105.1215181350708 127039.18264961243 736.60589361190796 1921.7302037477493 3198.6226091384888 449.8227002620697 133.06049335002899 112.8357081413269 212.09021067619324 2339.2583057880402 4585.1730321645737 142060.7984046936 233600.15414917469 318.18221795558929 358.43121743202209 478.01422023773193 390.72767341136932 1544.711119055748 382.25306725502014 397.36021101474762 373.66846466064453 171.2056086063385 271.64186298847198 793.05379152297974 128.36037576198578 118.27239418029785 3282.8869075775146 139.22430419921875 3937.0161743164062 579.0123565196991
leaf_count=388954 548835 406407 1389 1574 992 470 91451 27484 102339 90 560 194 418 599 84144 1530 72670 304 252 22765 1075 226 1225 121 189 525 1588 1132 900 290 110361 190 90 119788 602 1625 2597 354 112 89 159 2123 3851 137177 227786 235 260 383 347 1532 319 323 301 131 210 660 101 93 3089 101 3496 496
internal_value=4.75093e-08 -2.00917e-06 4.69823e-06 -5.13769e-06 -3.26926e-05 -2.23677e-05 -4.5769e-06 4.39303e-06 -2.93214e-06 1.33739e-06 0.00011945 0.000319596 -0.000127645 -1.25381e-05 -2.02779e-05 4.46788e-05 8.49774e-06 -8.83917e-06 0.000105686 1.92692e-06 -1.52879e-05 -4.27609e-05 -7.59212e-05 6.78107e-05 6.97074e-05 9.15342e-06 1.2379e-06 -3.72393e-05 -1.57609e-06 3.77814e-05 5.79875e-06 3.91715e-06 -2.58369e-06 9.2308e-06 0.000101932 8.54838e-06 9.7008e-06 4.87432e-05 0.000108223 8.1534e-06 7.24077e-05 -7.58463e-05 1.08364e-05 1.50538e-06 9.57393e-07 6.42722e-05 0.000227928 -9.55331e-05 0.000107015 -4.23588e-06 -4.78104e-05 -0.000123486 -3.40735e-05 -9.94249e-05 -0.00014739 -0.000177137 -0.00029135 1.86627e-05 -2.26093e-05 2.06349e-05 1.94563e-05 1.50735e-05
internal_weight=2.37963e+06 1.64997e+06 729662 919290 18333.6 16537.8 900957 726255 746694 332091 1062.99 379.099 1795.8 154262 79536.6 2245.27 355567 13200.7 702.043 730678 12498.6 6091.44 3272.61 459.41 3407.43 1299.96 704436 4861.24 3018.98 1975.25 280968 246949 111067 135881 990.816 134890 132189 5037.13 1838.51 127152 1611.13 3337.07 6407.21 699575 331028 1347.02 491.492 2817.27 2107.47 2818.83 2701.34 779.613 1059.33 2813.2 1364.26 1193.06 400.002 74599 3401.16 71197.8 34019.4 897.195
internal_count=2379673 1643594 736079 930748 15648 14238 915100 733328 737376 330969 844 284 1410 177724 86273 2129 344374 11262 556 712846 10706 5281 2674 347 2751 1015 690081 4069 2481 1581 268421 237441 110451 126990 792 126198 123931 4054 1457 119877 1291 2976 5425 686012 330125 1085 372 2506 1736 2607 2267 642 826 2327 1102 971 311 75953 3182 72771 30980 731
is_linear=0
shrinkage=0.05


Tree=35
num_leaves=63
num_cat=0
split_feature=52 218 213 218 279 46 364 213 191 337 1 344 197 355 0 292 0 361 208 2 204 189 292 183 109 197 16 209 0 0 204 2 360 361 197 360 349 342 361 0 356 319 0 315 259 357 59 359 46 259 292 31 181 361 48 355 344 179 48 197 108 292
split_gain=0.00861873 0.00564591 0.00576507 0.00500023 0.00341958 0.00429401 0.0032082 0.00317498 0.0030351 0.00329548 0.00308379 0.00299435 0.002955 0.00310133 0.00283704 0.0045208 0.0027445 0.00304758 0.00400376 0.00292222 0.00414192 0.0031676 0.0045715 0.00500876 0.00560557 0.0055697 0.00264857 0.0026454 0.00262067 0.00410046 0.00422018 0.00877335 0.0053727 0.00343676 0.00544573 0.00284654 0.00350293 0.00409523 0.00313538 0.00275321 0.00267982 0.00264492 0.00358307 0.00246266 0.00244884 0.0024108 0.00239854 0.00233925 0.00232718 0.00226519 0.00288017 0.00353683 0.00300902 0.00283191 0.00232673 0.00225001 0.00243182 0.002419 0.00747033 0.00555387 0.00771908 0.00324671
threshold=3.5395414670347243e-05 0.00023019080981612208 0.00015888033522060144 4.7392999476869597e-05 0.41000036895275122 0.016880244947969917 0.82057899236679088 3.9602257402293625e-06 0.024378713220357898 -0.10430907458066939 0.05934156849980355 1.0000000180025095e-35 0.0052753598429262647 -0.18443270027637479 -0.027545910328626629 0.76933717727661144 -0.019412713125348088 -0.075127974152564989 0.0019725407473742966 -0.0034265633439645167 0.00085014197975397121 0.02653493266552687 0.28653408586978918 0.018892358057200912 75.480266571044936 0.0043859735596925029 0.016890071332454685 0.00051879795501008641 0.00030090953805483883 0.0051045415457338103 4.8837302529136657e-05 -0.0058844818267971269 0.25028850138187414 -0.11801455914974211 0.0043859735596925029 -0.56206887960433949 -0.016333663836121556 1.5742099881172182 -0.17365576326847074 0.0014140229905024173 -0.14938971400260923 0.012987359892576935 0.00059742233133874844 0.0044010048732161531 -0.023907531984150406 -1.0022478103637693 0.80987700819969188 0.35958200693130499 -0.0066468748264014712 0.56795093417167675 1.6137335896492007 0.04614664055407048 -0.01570204924792051 0.7069419026374818 0.090329337865114226 -0.00034491809492465103 0.0024437073152512316 0.0047960730735212573 0.053768299520015723 0.0024045152822509412 15.614073276519777 -0.038508877158164971
decision_type=2 2 2 2 2 2 2 2 2 2 2 2 2 2 2 2 2 2 2 2 2 2 2 2 10 2 2 2 2 2 2 2 2 2 2 2 2 2 2 2 2 2 2 2 2 2 2 2 2 2 2 10 2 2 2 2 2 2 2 2 2 2
left_child=3 2 -2 7 5 16 43 -1 55 12 28 -9 13 -10 15 44 17 -3 -19 21 48 -18 23 25 -25 -23 46 -22 45 30 31 32 -30 34 40 39 37 -37 -39 -32 -31 42 -38 -7 -5 -11 -16 -45 -21 50 52 -52 -24 -54 -55 56 -4 -57 59 -59 -61 -62
right_child=1 4 8 14 -6 6 -8 11 9 10 -12 -13 -14 -15 26 -17 19 18 -20 20 27 22 49 24 -26 -27 -28 -29 29 33 35 -33 -34 -35 -36 36 41 38 -40 -41 -42 -43 -44 47 -46 -47 -48 -49 -50 -51 51 -53 53 54 -56 57 -58 58 -60 60 61 -63
leaf_value=-5.5281527322116692e-06 2.4446953363190617e-06 -2.312657999488294e-05 1.2002026333919017e-05 0.00010369715010533422 1.8961709441170748e-06 -5.868086469685693e-05 -2.586881333737234e-05 4.4835087904944981e-06 5.7456108350204602e-05 0.00023598781636477879 1.1349521668210119e-05 -2.0077392313682497e-06 -0.00019312120183063314 -1.3900032112757614e-05 -4.9092121493660439e-06 0.00018058272622012872 -1.0581025805121622e-05 0.00012676464947643156 -8.0702966527505438e-05 -1.9245091973225862e-05 3.5877943628959587e-05 -6.8551970075689663e-06 3.3748414021608273e-05 -1.424656298796802e-05 -0.00027445594593232075 0.00018868769757976329 7.188297576945863e-06 0.00019869398329245213 0.00019725577515354402 -4.4387550452695666e-05 -3.6632888119714683e-05 4.41760066419812e-05 0.00060170007515368529 -3.2116802430046575e-06 0.00038697221544399714 1.8039241274884977e-05 0.00017186690169684101 6.7009335464225824e-05 0.00037432762736643347 0.00015419711974518627 8.0358923371427949e-05 -9.2349668380040204e-05 5.0844400802313599e-06 -0.00028589023737388212 -1.9661826094449977e-05 1.8281474135782597e-05 -1.2541685189929589e-05 -8.5941981462704154e-05 2.4238157079399435e-05 3.7110242617011785e-06 -9.546144492705791e-05 -0.00039192666169592691 -7.9674022480086867e-05 -0.00033279405811183324 -8.8829783238227001e-05 1.214128642774274e-05 -1.055550608056051e-06 6.5257920204677569e-05 1.7149126673370989e-05 0.00048370365676893821 0.00033006607661587766 5.5221898845243697e-05
leaf_weight=192472.98932695389 344427.18347167969 1060.7299461364746 86398.386226654053 550.06890463829041 139841.77572631836 547.64828538894653 1543.2757042646408 413685.3757686615 1989.6773202419281 127.48504638671875 10095.712051391602 311380.94219970703 194.73112487792969 6465.393682718277 476892.46645724773 506.08732461929321 49239.796769618988 1222.4618406295776 285.60377502441406 6197.9974453449249 569.3976993560791 3784.3162916898727 482.64038443565369 506.09648036956787 348.45797824859619 400.91557312011719 37189.899835586548 443.56989097595215 173.84296715259552 528.78081429004669 217.81512546539307 393.13484072685242 158.78509283065796 3198.369913816452 128.88706970214844 333.08337318897247 413.70621621608734 132.41792750358582 225.07256412506104 1394.1617484092712 2288.7770017385483 449.5548243522644 1429.6237018108368 361.39765810966492 1481.3850305080414 7152.3678420782089 131266.30997669697 248.75275409221649 6106.6652585268021 656.34123063087463 239.82078146934509 173.54476809501648 2189.5949748754501 219.8045608997345 178.17644894123077 51376.882350921631 60712.871696472168 2726.5624856948853 13720.590158462524 199.17026007175446 141.08139622211456 436.03477120399475
leaf_count=215304 342601 880 81342 442 126646 433 1337 432755 1715 92 8572 315939 153 5823 473319 380 44055 977 229 5489 479 3088 389 415 275 304 44154 345 125 482 197 325 108 2625 96 279 312 102 164 1055 1838 368 1241 279 1363 6297 127482 190 5101 533 201 133 1800 170 155 47333 56492 2248 12372 142 99 335
internal_value=-2.37553e-08 4.1477e-06 6.6553e-06 -2.19413e-06 -2.76319e-06 -1.12242e-05 -7.3128e-05 1.80443e-07 1.23828e-05 2.55135e-05 3.36311e-05 1.69583e-06 -1.55527e-06 2.90136e-06 -5.55701e-06 4.71871e-05 -8.97208e-06 4.17889e-05 8.74187e-05 -1.07909e-05 1.03438e-05 -1.5609e-05 -4.2571e-05 -1.05825e-05 -0.000120744 1.19576e-05 -5.76455e-06 0.000107425 4.56285e-05 6.05239e-05 9.26498e-05 0.00020458 0.000392766 3.26828e-05 7.16222e-05 7.48912e-05 4.59144e-05 0.000144463 0.0002615 0.000128398 5.69324e-05 1.61334e-05 4.26618e-05 -0.000135968 1.381e-05 2.21577e-05 -6.55666e-06 -0.00020492 2.33559e-06 -8.14887e-05 -9.7534e-05 -0.000221215 -8.07487e-05 -0.000102115 -0.000224561 1.01005e-05 6.61322e-06 1.75784e-05 3.37938e-05 9.89436e-05 0.000216787 0.000123318
internal_weight=2.3799e+06 814479 597630 1.56543e+06 216849 77007 2701.07 917539 253203 37491.4 28841.6 725066 8649.8 8455.07 647886 2537.54 74305.9 2568.8 1508.07 71737.1 13317.6 58419.5 9179.71 5039.79 854.554 4185.23 645349 1012.97 18745.9 11466 5321.2 725.763 332.628 6144.81 2946.44 4595.44 2983.46 690.574 357.49 1611.98 2817.56 2292.88 1843.33 1157.8 2031.45 7279.85 608159 610.15 12304.7 4139.92 3483.58 413.366 3070.22 2587.58 397.981 215712 147111 68600.3 17223.4 3502.85 776.286 577.116
internal_count=2379974 768836 574933 1611138 193903 67257 2239 963998 232332 31969 24278 748694 7691 7538 647140 2185 65018 2086 1206 62932 11414 51518 7463 4082 690 3392 644955 824 15706 9317 4276 558 233 5041 2416 3718 2466 545 266 1252 2320 1921 1553 902 1805 6389 600801 469 10590 3381 2848 334 2514 2125 325 200363 137834 62529 15196 2824 576 434
is_linear=0
shrinkage=0.05


Tree=36
num_leaves=63
num_cat=0
split_feature=144 134 219 36 109 276 192 200 359 24 355 278 51 214 204 234 12 217 359 23 211 164 335 109 51 259 334 14 0 334 361 68 334 359 344 36 359 1 334 76 333 348 198 23 178 337 109 19 278 44 49 344 50 45 49 16 262 21 292 327 19 48
split_gain=0.00862251 0.00482172 0.00481875 0.00429935 0.00324255 0.00306956 0.00375511 0.00487851 0.00469394 0.00339697 0.00316864 0.00321419 0.00294103 0.0028745 0.00278421 0.00371181 0.00274423 0.00272826 0.00269168 0.00265605 0.00242948 0.00232143 0.00346678 0.00256352 0.00230101 0.0021779 0.00216812 0.00215638 0.00199405 0.00285809 0.00315021 0.00211682 0.0024531 0.00201882 0.00196155 0.00188301 0.0018646 0.00350442 0.00380196 0.00271156 0.00185325 0.00182104 0.00180811 0.00221334 0.00219451 0.00180696 0.0017353 0.00275499 0.00170736 0.00168894 0.0016823 0.00166149 0.0015875 0.00158137 0.00155138 0.00153914 0.00153651 0.0015348 0.00185896 0.00157903 0.00250086 0.00152845
threshold=-1.0000000180025095e-35 -1.0000000180025095e-35 0.00019459323812043297 0.0054213826078921565 14.795091152191164 0.78568884730339061 0.021323228254914287 0.0010667272144928577 0.074520178139209761 0.0016619383823126557 -0.18082876503467557 0.09794285893440248 2.5926375201379418e-05 0.00013451079576043415 4.9950816901400692e-05 -0.44381104409694666 0.039548825472593314 0.00026932629407383507 0.097002025693655028 0.00016658671665936711 5.5197762776515453e-05 0.021082645282149318 -0.090352885425090776 14.355016708374025 0.00024624213983770465 -0.084422152489423738 0.36526983976364141 0.046459320932626731 -0.027545910328626629 0.32075279951095587 -0.20586258172988889 0.058201793581247337 0.71072509884834301 0.12317387759685518 1.0000000180025095e-35 0.0034379865974187855 0.12695915251970294 0.02695503365248442 0.27720360457897192 0.041121732443571098 0.20491042733192447 0.0074334763921797284 0.004680473357439042 0.0035814667353406553 0.01346394279971719 -0.068058971315622316 11.013067722320558 0.0008309515251312406 0.22000862658023837 0.0027266462566331033 0.12364357709884645 -0.0066868234425783149 0.00061943283071741473 0.0019670565379783515 0.34029145538806921 0.0015481750015169384 -0.0068742667790502301 0.00014607815683120864 0.048043111339211471 -1.1707167573149489e-06 0.0079783969558775442 0.15124261379241946
decision_type=8 2 2 8 10 2 2 2 2 2 2 2 2 2 2 2 2 2 2 2 2 2 2 10 2 2 2 2 2 2 2 2 2 2 2 10 2 2 2 2 2 2 2 2 2 2 10 2 2 8 2 2 2 10 2 2 2 2 2 2 2 2
left_child=2 3 12 20 5 6 7 -4 -9 19 11 16 51 -5 15 -12 -11 34 45 -8 -2 23 -23 -21 52 -10 -18 35 29 33 -31 -30 61 -22 41 50 37 54 -39 -40 -29 -3 53 44 -44 -16 47 -15 -25 -27 -7 -1 -6 -20 -26 -49 -55 58 -36 -59 -61 -33
right_child=1 17 4 13 24 27 9 8 25 10 14 -13 -14 46 18 -17 26 -19 42 21 28 22 -24 48 36 49 -28 40 31 30 -32 32 -34 -35 57 -37 -38 38 39 -41 -42 -43 43 -45 -46 -47 -48 55 -50 -51 -52 -53 -54 56 -56 -57 -58 59 -60 60 -62 -63
leaf_value=8.4240127300275061e-06 -8.2514231527790581e-06 -2.8105265082361436e-07 2.0810217236683322e-05 -7.6816362930868655e-06 7.333720676329726e-06 -2.5902052395711722e-05 -1.4436291509796113e-05 -0.00034348911533513054 0.00013519755770892192 8.5537977458807583e-05 0.00038278905821997541 4.246190086128692e-05 -2.5249906005772502e-06 -0.0002441636806232375 1.879019126480334e-05 2.0529445752340271e-05 8.7929017206673902e-05 6.8452784717962201e-06 0.00011053076835303013 6.5003802716722127e-05 -0.00017065644313737986 0.00036928009197570476 6.4995374388525455e-05 0.00030725544577992961 -1.5175595738628936e-05 4.7036252645074351e-05 0.00035110135151514505 -0.00026922946984968044 -6.5759033517190369e-07 -7.2318245941763463e-06 0.00021892853992488203 -7.8741869976561924e-05 0.00012880507149702614 2.9066914044618944e-05 -5.3340828437267687e-06 -1.3649011700139072e-05 9.4834819256438885e-07 -0.00015410316958348712 -7.1159720904972993e-05 0.00016171101419192428 -4.8742338020945715e-05 8.4517910854111141e-06 -2.5945002957743804e-05 -2.0735535106293121e-06 -0.00023192104766816212 0.00023145396909594385 4.60051779799656e-06 -4.6991856356924234e-05 0.00011990084847645915 -0.00011547627617979891 3.5658185162989952e-05 1.517290132032376e-06 2.230124482835749e-05 8.6581142828550734e-05 9.8599430821887601e-05 -2.2991863569205251e-05 -1.3275198470660328e-05 1.4554612711804738e-06 -2.1226098507517559e-05 -3.6054509109353705e-06 -2.5977385785095786e-05 -1.9794517477640203e-05
leaf_weight=160410.15045166016 206421.12576293945 450369.20128393173 37944.034656524658 39123.193572998047 95156.555679321289 1402.9601446390152 467.50169801712036 149.33238506317139 142.56650352478027 641.88162803649902 112.6981348991394 2798.6060413122177 238073.67883300781 148.82156550884247 195.96739852428436 185.01588225364685 121.68478405475616 121373.38989257812 351.61735022068024 1677.6938992738724 143.38743627071381 202.47990643978119 174.52449715137482 197.78316628932953 4572.0828311443329 212.11483097076416 226.13453733921051 119.0913565158844 245696.57112884521 245.46860194206238 410.52854335308075 1722.0032476186752 220.36945164203644 973.32208347320557 77968.749317169189 7579.2096828222275 36444.752906799316 968.12854444980621 352.3004058599472 191.16629505157471 453.84285521507263 68816.368554115295 238.55481338500977 702.92463779449463 281.84899461269379 202.54269361495972 3839.4724286794662 9404.6793285608292 322.77109575271606 635.75526237487793 5286.7291669845581 190463.81634521484 21767.474548339844 439.77912735939026 318.62652707099915 23084.015538334846 3007.7968692779541 155982.76501464844 24084.908428192139 117666.37687683105 13973.559646606445 3041.9950451850891
leaf_count=159887 208139 477159 36709 45141 87661 1296 382 120 107 505 87 2335 232847 123 164 188 102 116163 289 1365 121 152 132 145 3813 156 160 93 233328 214 286 1456 186 804 76178 7317 31907 792 289 145 378 66996 200 558 222 148 3641 8816 256 514 4717 199185 18717 383 255 23984 2854 160297 22429 119268 15212 2501
internal_value=-2.24839e-08 -2.19479e-06 4.1471e-06 -6.04831e-06 1.03494e-05 1.96291e-05 2.53893e-05 1.7747e-05 -8.40892e-05 4.91833e-05 3.44537e-05 6.99071e-05 1.76444e-06 -1.70964e-05 1.09519e-05 0.0001593 0.000147272 -1.95616e-07 2.74907e-06 9.51529e-05 -4.22805e-06 0.000115043 0.000229506 9.52217e-05 6.48821e-06 -4.4365e-05 0.000260059 -4.11019e-07 -9.38262e-07 5.1875e-05 0.000134536 -1.31214e-06 -3.35642e-05 3.16284e-06 -1.1359e-06 3.41388e-06 -3.42391e-06 -2.83053e-05 -9.47907e-05 1.1046e-05 -9.53504e-05 8.76486e-07 -7.19546e-06 -6.00112e-05 -0.000137962 0.000127493 -2.71932e-05 -3.09335e-05 0.000191989 -7.48049e-05 2.27439e-05 4.67489e-06 1.01205e-05 9.83367e-06 -7.72595e-06 -2.99417e-05 -4.94527e-07 -3.8171e-06 -9.08498e-06 -1.94791e-06 -5.98059e-06 -4.11258e-05
internal_weight=2.3799e+06 1.56471e+06 815194 534475 226247 66475.4 51633.6 39083.8 1139.77 12549.8 9507.05 3788.31 588948 75600.2 5718.75 297.714 989.701 1.03024e+06 5421.03 3042.75 458875 2575.25 377.004 2198.25 159771 990.437 347.819 14841.8 252454 1772.71 655.997 250681 4984.37 1116.71 908862 14268.9 42847.1 6402.3 1511.6 543.467 572.934 519186 5022.52 1223.33 520.404 398.51 36477 32637.5 520.554 847.87 6689.69 350874 116924 3799.19 4890.71 32488.7 3447.58 389676 102054 287623 131640 4764
internal_count=2379974 1582442 797532 528740 205613 62034 48233 37606 897 10627 8195 3102 591919 81705 5093 275 767 1053702 4818 2432 447035 2050 284 1766 143579 777 262 13801 238896 1425 500 237471 4143 925 937539 13330 37201 5294 1226 434 471 544155 4506 980 422 312 36564 32923 401 670 6013 359072 106378 3526 4068 32800 3237 393384 98607 294777 134480 3957
is_linear=0
shrinkage=0.05


Tree=37
num_leaves=63
num_cat=0
split_feature=278 327 14 16 18 327 318 190 329 36 18 344 56 23 45 129 1 348 337 178 189 321 218 1 281 205 70 337 203 1 334 331 346 201 17 192 45 17 334 21 21 16 178 349 354 46 359 313 199 320 334 291 334 320 310 12 46 35 49 356 291 43
split_gain=0.00810701 0.00869434 0.00619444 0.00573423 0.00801534 0.00564383 0.00469469 0.00422811 0.00397292 0.00392616 0.0054235 0.00408229 0.00386143 0.00336881 0.00326703 0.00325836 0.00312969 0.00420456 0.00276292 0.00273016 0.00271707 0.00411562 0.00270334 0.00264718 0.00259297 0.00304828 0.0028869 0.00280015 0.00275685 0.00255728 0.00328262 0.00255269 0.00251484 0.00253822 0.00313517 0.00294006 0.00276206 0.00455326 0.0107843 0.0134376 0.00252512 0.00247477 0.00247057 0.00543505 0.00292588 0.00289468 0.00535259 0.00748624 0.00811378 0.00437806 0.00537985 0.00322955 0.00301103 0.00501806 0.0027864 0.00267846 0.00247997 0.00245811 0.00260811 0.00244144 0.00242693 0.00241277
threshold=0.68000364303588878 0.0029928383883088831 0.046459320932626731 0.004234098596498371 0.0064654278103262195 -0.00097581971203908313 0.0070329734589904555 -0.010234091430902479 0.22469086945056918 0.0059104363899678001 0.00050457773613743495 0.0093930405564606207 0.80161944031715404 0.0057523897849023351 0.0046513893175870189 inf 0.0012693451135419311 0.16410944610834124 0.056958213448524482 -0.051767835393548005 0.024040563032031063 0.006095168413594366 0.00010679346814868042 0.00067260547075420629 0.30000180006027227 0.00041847256943583494 0.057976011186838157 0.1361406743526459 0.0013856295263394716 0.0049567671958357104 0.019579411484301094 0.19653438776731494 0.72711834311485302 0.0022346836049109702 0.004005551803857089 0.036386685445904739 0.0069599444977939138 0.0072742465417832145 0.82815453410148632 0.0048204867634922275 0.031021662987768654 0.015519679058343174 0.027501521632075313 -0.26197643578052515 0.32507947087287908 0.0027402333216741685 0.37049943208694464 0.0087233632802963274 9.6191626653308062e-05 0.007036283379420639 0.33865281939506536 0.44588218629360205 0.30333821475505834 0.0078675118274986761 -0.045704763382673257 0.048195561394095428 0.016880244947969917 0.00066284390049986552 0.09579500183463098 -0.77657034993171681 -1.2620349526405332 0.0030182230984792118
decision_type=2 2 2 2 2 2 2 2 2 8 2 2 2 2 10 8 2 2 2 2 2 2 2 2 2 2 2 2 2 2 2 2 2 2 2 2 8 2 2 2 2 2 2 2 2 2 2 2 2 2 2 2 2 2 2 2 2 10 2 2 2 8
left_child=3 5 6 4 12 22 -3 -6 13 10 16 14 42 18 20 -10 23 29 -5 -9 -11 -22 -2 -7 26 -26 -24 28 -27 30 -18 -8 33 34 -15 -35 37 38 -36 -40 -34 -16 45 -44 54 60 47 52 -49 50 -50 -48 53 56 -45 -56 -47 58 -25 -43 -1 -13
right_child=1 2 -4 8 7 9 31 19 15 11 -12 61 -14 32 41 -17 17 -19 -20 -21 21 -23 24 57 25 27 -28 -29 -30 -31 -32 -33 40 35 36 -37 -38 -39 39 -41 -42 59 43 44 -46 46 51 48 49 -51 -52 -53 -54 -55 55 -57 -58 -59 -60 -61 -62 -63
leaf_value=1.4995590956496677e-05 1.3110558157764308e-05 -0.00017939300497770604 -0.0003157825629098759 6.4270690726956854e-06 -3.2641094197926797e-05 -3.3540066459686269e-07 -0.00013452130095009383 0.00013846557799574444 3.9687928755453331e-05 1.4160897818048437e-06 9.5879628443441218e-07 6.5150565599211739e-06 8.0382105212823101e-06 -4.0166311821721616e-05 -1.8974337900738848e-05 -0.00019666162842208745 -1.7685225449035899e-05 4.830463335563367e-06 -1.7720915248583143e-05 -7.2599402803273369e-06 2.2701496082035356e-05 0.00017510286644809123 -1.1882354704120304e-05 0.00010646495852795714 6.8807186275604268e-07 3.8563869020275591e-05 -8.7907266521585303e-05 -4.1378934042687524e-05 0.00025626855750237633 -9.1723291172714452e-06 -6.3785332709039708e-05 0.00013712290929322342 4.0363987110236113e-05 7.8214341399555426e-06 3.8953305540004286e-05 0.00025358861166020302 3.8669866827672214e-06 1.8543738068971027e-05 0.00061192685879535693 7.6957927468786683e-05 -3.037642582268087e-05 0.00015815911825427947 0.00016101958670927446 0.00018594794587810531 9.8480599244418727e-05 4.1373610568067281e-05 -1.3543915724096239e-05 0.00051293745021864935 0.00034282706489520133 5.2937907284181566e-05 7.5842169470880427e-05 2.8642846765954048e-05 4.6071377866735582e-05 -0.00021960492320021583 -2.2134327466805735e-05 -8.9873912763564396e-05 -0.00012311264880409024 -3.3845342098281417e-05 2.4340281540879454e-05 -1.9478595701125394e-06 -7.1653786719630373e-09 -3.5016698838464017e-05
leaf_weight=28120.237532138824 69025.268005371094 431.19007682800293 345.42813491821289 51794.793907523155 22853.030029296875 70858.465970158577 121.3077507019043 321.75478363037109 13727.087371468544 28547.5357234478 429510.53260815144 4088.5658874511719 248503.57080769539 2869.9386531114578 55836.011123657227 145.44007873535156 43000.351104974747 47704.137104868889 15355.334136962891 44404.956275939941 2200.8384263515472 552.89077591896057 13549.421730041504 1484.5681971311569 86083.192188262939 7369.0314874649048 1373.5988464355469 1133.4960737228394 146.42526245117188 257868.87830924988 4241.0135468244553 288.57113838195801 14201.545722961426 254.58108329772949 2079.2979822158813 231.34719276428223 34963.204412698746 25571.331970214844 200.35024619102478 281.15495669841766 1383.02001953125 238.24710083007812 407.27110803127289 149.33451616764069 473.5275456905365 1052.7776674032211 11332.367714524269 127.73465359210968 356.86251211166382 1399.5647101402283 401.00834739208221 7562.1885446310043 3532.1669780015945 300.99137735366821 13029.359968423843 1641.796534538269 290.75987339019775 1005.2233899831772 2769.6078269481659 26687.657913208008 649979.65616679192 24143.649032592773
leaf_count=28562 63886 346 268 56411 23332 67441 102 288 13130 32580 437574 4156 242400 2970 61787 148 43802 43636 17519 47425 2206 417 11367 1185 78289 6099 1093 1004 104 248124 3999 226 14170 222 2127 173 41510 29771 151 326 1462 195 312 108 415 1026 10730 96 256 1170 328 6820 3086 242 11648 1335 233 917 2765 33392 648357 24755
internal_value=-2.1307e-08 -2.96256e-06 -0.00013813 2.87409e-06 1.50262e-06 -2.82634e-06 -6.45912e-05 -1.51457e-05 1.15897e-05 -4.28785e-06 -3.01277e-06 -1.19801e-05 2.66414e-06 9.20949e-06 -7.76644e-06 3.7182e-05 -6.98967e-06 -8.97346e-06 9.04745e-07 -6.20548e-06 5.99297e-06 5.34054e-05 5.3591e-06 2.20537e-06 4.79599e-07 3.53135e-06 -1.8891e-05 3.18238e-05 4.28725e-05 -1.11317e-05 -2.18263e-05 5.64643e-05 1.60071e-05 1.17669e-05 1.09261e-05 0.000125389 1.32513e-05 2.49133e-05 8.84531e-05 0.000301164 3.40832e-05 -1.29704e-05 8.09702e-07 -1.88052e-05 -2.36143e-05 1.24694e-06 1.75035e-05 5.33527e-05 0.000128689 0.000105485 0.00020213 3.34178e-06 2.00597e-05 -3.57971e-05 -2.75281e-05 -2.9726e-05 5.64645e-06 3.64236e-05 5.30357e-05 -5.19552e-07 6.15029e-07 -2.90021e-05
internal_weight=2.3799e+06 1.18061e+06 1186.5 1.1993e+06 1.03624e+06 1.17942e+06 841.069 67579.7 163058 1.00074e+06 858443 142295 968661 149186 114063 13872.5 428932 352814 67150.1 44726.7 31301.3 2753.73 178680 76117.9 109655 94732.1 14923 8648.95 7515.46 305110 47241.4 409.879 82035.8 66451.2 65965.3 485.928 63095.3 28132.1 2560.8 481.505 15584.6 82761.9 720158 15701.3 15294 704456 26356.4 7461.87 2285.17 2157.44 757.871 18894.6 5176.7 1644.53 14820.5 14671.2 1343.54 5259.4 4254.18 26925.9 678100 28232.2
internal_count=2379974 1171715 942 1208259 1028169 1170773 674 71045 180090 1008931 849443 159488 957124 166812 130577 13278 411869 339561 73930 47713 35203 2623 161842 72308 97956 85496 12460 7207 6203 295925 47801 328 92882 77250 76855 395 73885 32375 2604 477 15632 95374 714724 13818 13506 700906 23987 6437 1850 1754 584 17550 4587 1501 13091 12983 1259 4867 3950 33587 676919 28911
is_linear=0
shrinkage=0.05


Tree=38
num_leaves=63
num_cat=0
split_feature=211 218 52 327 278 327 13 247 200 344 2 313 271 181 219 33 199 16 360 198 315 204 317 41 34 45 2 46 349 1 46 361 338 361 327 109 197 69 47 327 303 1 344 23 198 199 47 35 361 317 14 1 109 292 207 292 315 338 332 230 336 198
split_gain=0.00763803 0.00557377 0.00543818 0.00477467 0.00400004 0.00683106 0.00518222 0.00378356 0.00325929 0.00573571 0.00388088 0.00365655 0.00353397 0.00323078 0.00314001 0.0031216 0.00505587 0.00367372 0.00473165 0.0122061 0.0224373 0.0198316 0.0038978 0.00352896 0.00347132 0.003991 0.00334037 0.00330686 0.00367572 0.00353781 0.00468425 0.00347952 0.00313904 0.00445814 0.0030247 0.00431853 0.00290974 0.00290316 0.00283074 0.00297948 0.00282474 0.00281432 0.00264293 0.00304559 0.00296585 0.00264009 0.00266674 0.00263263 0.00298872 0.00262927 0.00353274 0.00261683 0.0026125 0.00260827 0.00259364 0.0024951 0.00248597 0.00560536 0.00464126 0.00240628 0.00239225 0.00237177
threshold=4.7969491788535386e-05 8.8889402832137434e-05 1.0000000180025095e-35 -0.0015890990616753695 0.74553602933883678 0.0029928383883088831 0.047191264107823379 -0.33059628307819361 0.0013612984330393376 -0.13695489615201947 0.0024101372109726076 0.010018667671829464 0.010255620349198582 0.01161288842558861 0.00081584686995483946 0.0025642641121521596 0.0014182574232108893 0.002580977627076209 0.6224278211593629 0.0078178048133850115 0.00073879482806660246 0.00019930121197830888 0.027541786432266239 0.032233653590083129 0.080218229442834868 0.0046513893175870189 -0.0016459632897749541 0.0036710808053612713 0.048256298527121551 0.028435953892767433 -0.027492150664329525 0.32688800990581518 0.25262522697448736 0.21510348469018939 -1.0000000180025095e-35 67.320709228515639 0.0019949454581364994 -0.0046659123618155709 0.03014327306300402 0.001222686318214983 0.0023390821879729633 0.042498838156461723 0.042581977322697646 0.00032480030495207762 0.0045021397527307281 0.00072151338099502038 0.01852483302354813 0.01661698613315821 0.56985339522361766 0.072362940758466734 0.019066234119236473 -1.0000000180025095e-35 16.325719833374027 2.1979190111160283 0.00014452220784733075 -0.67534893751144398 0.007976223714649679 0.043618978932499892 0.092829156666994109 -1.6858317255973814 0.0071998604107648143 0.0065005377400666484
decision_type=2 2 2 2 2 2 2 2 2 2 2 2 2 2 2 10 2 2 2 2 2 2 2 10 10 8 2 2 2 2 2 2 2 2 2 10 2 2 2 2 2 2 2 2 2 2 2 8 2 2 2 2 10 2 2 2 2 2 2 2 2 2
left_child=7 2 -2 56 15 8 13 -1 14 11 12 -10 -11 -7 -6 16 26 18 22 23 21 -21 24 27 61 -26 38 29 31 59 -31 55 -22 -34 35 41 -32 -37 45 -40 -38 -9 43 44 -30 -5 -47 48 -43 50 -24 -18 -33 -44 -4 -29 -3 58 -58 -20 -12 -17
right_child=1 3 54 4 5 6 -8 34 9 10 60 -13 -14 -15 -16 17 51 -19 19 20 32 -23 49 -25 25 -27 -28 28 42 30 36 52 33 -35 -36 37 40 -39 39 -41 -42 47 53 -45 -46 46 -48 -49 -50 -51 -52 -53 -54 -55 -56 -57 57 -59 -60 -61 -62 -63
leaf_value=-1.3417543758677764e-05 1.0127881109103386e-06 1.2207699582369934e-05 5.737725428892248e-06 6.2104841347308924e-06 -7.6833551887441249e-06 -0.00019236307335493733 -0.00032707471418120908 4.2340928349186817e-06 1.4788182849780183e-05 -9.3079079458543106e-05 0.00018741021663102895 0.00031203096273707868 -0.00028755693513005852 9.1017943035190667e-05 1.6042526789256249e-05 -1.3074892979281618e-06 6.3334729775042968e-05 1.8758042199325434e-05 4.9336504967857578e-05 0.00088168551139254842 0.00027869645114989862 0.0001246161909550223 -1.6599030284808012e-05 -0.00010494056259785446 0.00019254945932736019 -2.5513465174396155e-05 -0.0001057466245361243 0.00013635886925463124 0.000130194794590703 0.00026829077498798218 -3.3064817451790473e-06 0.00029420337175361166 -7.5873015235802349e-05 0.00014185770805882531 -5.9032179696759068e-06 -2.3648130313814853e-07 -1.9353194827522488e-05 -1.3048131106463977e-05 -3.7472210251633586e-06 -2.8780831583575054e-05 -0.00011590857492690509 -4.2076776760953405e-05 -1.7384186087786807e-05 4.7051844241291968e-05 0.00032486838257465351 0.00026223776923918902 4.925138983499786e-05 -1.1150224770451424e-05 -0.00022431566680768849 2.1999164668535054e-05 -8.6093508062507474e-05 -0.00017457887024793198 3.5183429090723414e-05 0.00021014878096097894 1.3896197269993842e-05 -7.6346876731778272e-05 0.00046568925997171704 3.238719047554018e-05 7.1920971006288737e-05 8.9300179290563541e-06 -8.4532412052407436e-05 -5.6087207961841805e-05
leaf_weight=85955.80126953125 411706.90647888184 41119.899196624756 229161.68092346191 32079.643328309059 228608.44945335388 195.338019490242 284.76849746704102 332874.59705352783 511.10430538654327 1836.6598209142685 181.05743288993835 127.79566061496735 266.55616283416748 203.36586463451385 14849.309541702271 66577.998378753662 140.12281000614166 41752.492042541504 4416.2245819568634 173.79910457134247 126.56809079647064 171.80537092685699 3880.4641933441162 653.84980273246765 484.08548593521118 368.45418691635132 793.25906956195831 156.38081169128418 769.20887732505798 134.49459862709045 4901.1207098960876 135.46566808223724 557.87934935092926 403.31685876846313 369810.19868326187 92433.949737548828 1583.1547158956528 84768.362503051758 85902.809426546097 13792.812871932983 1452.0716953277588 894.16657483577728 761.91048049926758 734.46452963352203 263.23929977416992 159.66920852661133 1639.2433280944824 16041.751351356506 299.22353041172028 1564.81201171875 3458.7461757659912 634.71068608760834 335.8744283914566 148.84080135822296 169454.15612792969 1068.9449996948242 148.53821671009064 1467.6734019517899 150.52443861961365 22197.03128182888 143.26634514331818 2034.3802642822266
leaf_count=87347 424276 35506 229981 31301 217139 155 223 353450 415 1503 129 93 208 165 12486 62902 116 41480 3853 119 96 126 3597 576 361 312 720 121 588 98 4361 98 466 309 390032 91967 1302 83007 83574 12154 1175 768 640 611 184 123 1354 14337 249 1265 2818 523 278 109 155276 944 107 1171 114 19458 110 1648
internal_value=-2.01576e-08 2.35615e-06 5.04322e-06 -1.35635e-06 -2.62349e-06 -7.31993e-06 -0.000164942 -3.39659e-06 -6.88159e-06 -5.80916e-05 -9.31612e-05 7.50322e-05 -0.000117976 -4.80868e-05 -6.23611e-06 1.29339e-06 -4.31176e-06 5.99052e-06 1.52994e-06 1.52597e-05 0.000158501 0.000508217 -5.67874e-06 1.00818e-05 -1.68603e-06 9.8467e-05 -3.57637e-06 1.20126e-05 5.29691e-05 6.84449e-06 -2.21495e-05 -4.61317e-06 4.66606e-05 1.55914e-05 -2.43642e-06 -5.10541e-09 -2.71378e-05 -6.36527e-06 -2.96803e-06 -7.21111e-06 -6.55918e-05 3.21401e-06 8.94315e-05 0.000125064 0.000180362 9.5179e-06 6.8426e-05 -1.64858e-05 -8.80691e-05 -3.68205e-05 -4.93642e-05 -0.000131502 0.000110556 2.01797e-05 9.206e-06 -4.90226e-05 1.4705e-05 7.27482e-05 0.000269292 1.56383e-05 6.75008e-05 -2.93331e-06
internal_weight=2.3799e+06 1.39683e+06 810323 586504 543617 247208 683.472 983078 246524 3066.44 2427.54 638.9 2103.22 398.704 243458 296409 135142 161267 119515 41145.6 1433.37 345.604 78368.9 39712.3 69464.9 852.54 134367 39058.4 4374.33 34684.1 8070.84 1696.67 1087.76 961.196 897122 527312 7936.35 177202 133574 99695.6 3035.23 350110 2677.66 1766.91 1032.45 33878.6 1798.91 17235.1 1193.39 8904.02 7339.21 774.833 471.34 910.751 398616 1225.33 42886.6 1766.74 299.063 26613.3 324.324 68612.4
internal_count=2379974 1358817 809533 549284 512386 232626 543 1021157 232083 2458 1950 508 1711 320 229625 279760 129865 149895 108415 35512 1116 245 72903 34396 65223 673 129226 33820 3573 30247 6936 1441 871 775 933810 543778 6838 174974 128506 95728 2477 368804 2132 1383 772 32778 1477 15354 1017 7680 6415 639 376 749 385257 1065 36898 1392 221 23311 239 64550
is_linear=0
shrinkage=0.05


Tree=39
num_leaves=63
num_cat=0
split_feature=144 276 278 34 292 292 53 217 311 218 47 108 1 198 243 16 217 198 48 182 16 48 11 48 359 359 358 183 16 194 218 125 2 2 359 358 348 2 346 361 198 345 332 207 1 219 183 182 336 2 202 51 204 256 2 198 14 364 316 292 346 343
split_gain=0.00743702 0.00437154 0.00425235 0.00370113 0.00349045 0.00340878 0.00309658 0.0032158 0.00300041 0.00299261 0.00280632 0.00270873 0.00318975 0.00297799 0.00268729 0.00257346 0.00249785 0.00244115 0.00400139 0.00254844 0.00235169 0.00307395 0.00329975 0.00396312 0.00435664 0.00224954 0.00269055 0.0022476 0.00224585 0.00219606 0.00222197 0.00213393 0.00211535 0.00197973 0.00205691 0.00197328 0.00233744 0.00196644 0.00192576 0.00192426 0.00192161 0.00563676 0.00299497 0.00257692 0.00181311 0.00180321 0.00179229 0.00174693 0.00172612 0.00172051 0.0017149 0.00167713 0.00164034 0.00160756 0.00156998 0.00248781 0.0050886 0.00298132 0.00456298 0.00279693 0.00156723 0.00156244
threshold=-1.0000000180025095e-35 0.89001247286796581 0.21985466033220294 0.080218229442834868 1.4466241002082827 2.7964828014373784 0.00077877039439044904 0.00030979422444943344 -0.01043042680248618 3.4514730941737077e-05 0.088540330529212966 10.936179161071779 0.05934156849980355 0.0078178048133850115 -0.36135444045066828 0.0013070699642412367 0.00047017309407237923 0.0043558678589761266 0.086257748305797591 -0.014790001790970562 0.0034568521659821276 0.06592904776334764 0.030753421597182754 0.055677503347396858 0.26200413703918463 0.24769983440637591 -0.19322451204061505 -0.0033073700033128257 0.016890071332454685 -0.0020801911596208806 2.1852431927982255e-05 -1.0000000180025095e-35 -0.018600150011479851 0.0032988158054649834 0.20730478316545489 -1.145791709423065 0.09720879048109056 -0.058310167863965028 0.026466810144484047 0.36903147399425512 0.004680473357439042 -0.59378209710121144 0.52273115515708934 0.00033984768379013991 0.0025165914557874207 6.8742065195692717e-05 0.011831501498818399 -0.033219685778021806 -0.0044206220190972081 -0.0084188138134777529 0.0013104867539368572 0.00082798543735407304 0.00072426442056894313 0.014435875229537489 0.0040760394185781488 0.0032214534003287558 0.042908739298582084 0.80816558003425609 -0.0045276926830410949 1.7697816491127016 0.15104327350854876 -0.050490770488977425
decision_type=8 2 2 10 2 2 2 2 2 2 2 2 2 2 2 2 2 2 2 2 2 2 2 2 2 2 2 2 2 2 2 8 2 2 2 2 2 2 2 2 2 2 2 2 2 2 2 2 2 2 2 2 2 2 2 2 2 2 2 2 2 2
left_child=2 6 3 20 14 -6 7 28 -4 45 16 15 -13 47 -5 -3 33 19 38 -12 21 22 37 27 -25 26 -20 -24 29 -2 50 51 -27 -11 -35 36 -22 -1 -19 -21 -39 -42 44 -44 -43 -10 -29 -14 -18 -26 -31 -8 -50 -17 -32 -56 57 -57 -59 -58 -46 -37
right_child=1 11 8 4 5 -7 31 -9 9 10 17 12 13 -15 -16 53 48 18 25 39 35 -23 23 24 49 32 -28 46 -30 30 54 -33 -34 34 -36 61 -38 40 -40 -41 41 42 43 -45 60 -47 -48 -49 52 -51 -52 -53 -54 -55 55 56 59 58 -60 -61 -62 -63
leaf_value=9.9643008238972826e-05 -1.7662632816022021e-05 -3.8323531932961239e-05 1.6326600608863041e-05 -8.8357920371942824e-05 0.00032140583134441771 3.0068484200921871e-05 -7.5509647297180142e-06 7.2640693167824964e-06 2.2078370285713418e-06 -3.0777920113645828e-06 5.8924961984582833e-05 -3.9749788682062136e-06 0.00014062088259016506 -0.00018670458077497419 0.00011340341846085466 -1.1371383315060174e-05 2.2494923060816806e-05 -0.00020732087579418404 4.1467253447880258e-05 -4.2844335132333592e-05 4.7948671945417658e-05 -1.2482458372345683e-07 0.00025291033478427638 0.00040889640132979596 0.00019703960512272383 0.00011831828045422342 -0.00015828542916933503 3.6154125922028494e-05 9.0622831425712522e-06 1.3526320063063365e-06 -3.7089584732464743e-06 -0.00021713048599156446 -2.6965496946743958e-05 6.2979308105339955e-05 6.9670652018154073e-06 4.3620546949410153e-05 0.00024751079746013807 9.4316680512853536e-06 -4.2455430745961766e-05 2.3899431595730905e-05 0.0003208840546282865 -8.1408605542561017e-05 -5.395375879785479e-07 0.00027886993074209928 5.7669335924797685e-06 1.1373674579640012e-05 -9.2790978109532805e-05 -3.5578949080905727e-05 2.4694040363022216e-06 4.2962021851575575e-05 0.00020759531625578575 -2.9281545110750697e-05 -8.8111911264523635e-05 -0.0001193104578958909 5.0659783683799635e-06 6.0901145761874716e-05 7.7992537531302325e-06 0.00042895317095033298 0.00010771433887445735 -0.00024689333053158348 0.00011272483261734733 1.5020120731701627e-05
leaf_weight=628.73558044433594 20994.906257629395 11494.803482055664 34019.418884277344 277.75828778743744 268.01416528224945 160.54935717582703 45517.944921851158 126227.2685546875 151599.53890228271 309534.43499469757 1066.312554359436 204108.17253112793 142.01672434806824 323.431396484375 400.72933721542358 50194.851375102997 17972.402606964111 593.04919326305389 244.46599090099335 4120.6338510513306 536.36381268501282 72673.934917449951 108.84934055805206 136.3266669511795 296.41624879837036 340.01624131202698 536.04368889331818 2789.6789122819901 51261.07462310791 433485.86021661758 587495.10042381287 124.81494140625 935.00029337406158 2192.6882934570312 6476.2795896530151 5824.4744901657104 200.70869708061218 72353.126020789146 253.93417477607727 1461.6913509368896 180.16155016422272 422.83805537223816 135.52451074123383 208.96032965183258 1319.4011691808701 83056.438293457031 296.36395978927612 6174.3538353443146 13634.246067047119 465.05612599849701 98.814723968505859 11029.540612816811 516.816162109375 345.35625123977661 13856.852899551392 798.19757056236267 397.04083788394928 166.40723633766174 327.56324195861816 145.90375363826752 460.67234373092651 26496.118693947792
leaf_count=498 23062 11080 31323 233 185 127 42490 119445 158495 297927 886 202322 121 262 317 55910 15536 467 194 3601 474 72919 80 107 215 252 420 2415 62334 454353 579656 133 764 1907 6362 5495 140 70681 198 1287 141 365 112 158 1066 80224 246 5703 12132 384 77 9574 421 275 14131 686 331 125 254 118 376 28402
internal_value=-1.90414e-08 -2.03649e-06 3.85332e-06 1.04803e-05 0.00010155 0.000212911 -8.22094e-07 -2.97761e-07 1.88548e-06 1.0591e-06 -1.80537e-06 -7.78796e-06 -5.08465e-06 -3.91845e-05 3.07897e-05 -1.69713e-05 -1.07625e-06 -2.8543e-05 -6.67844e-05 -1.18334e-05 9.93586e-06 7.31457e-06 1.40893e-05 5.78083e-05 0.000150508 -2.90369e-05 -9.57742e-05 3.16808e-05 -1.15844e-06 -1.65377e-06 -1.32956e-06 -1.22503e-05 1.19028e-05 -2.41773e-06 2.11458e-05 2.20252e-05 0.000102813 1.17245e-05 -0.000158109 -2.53657e-05 1.09856e-05 5.21691e-05 3.29278e-05 0.000169578 1.14243e-05 5.45215e-06 2.3719e-05 -3.1574e-05 1.22113e-05 0.000103298 1.40059e-06 -1.17904e-05 -8.50733e-07 -1.21137e-05 -3.29205e-06 1.23152e-05 6.69889e-05 0.000120904 0.000217226 -6.12984e-05 3.35424e-05 2.01766e-05
internal_weight=2.3799e+06 1.56471e+06 815194 186641 1107.05 428.564 1.29193e+06 1.23525e+06 628553 594534 359878 272783 210748 6639.8 678.488 62035 350327 9551.15 2902.51 6648.64 185534 152476 79802.1 4092.69 897.799 2055.53 780.51 3194.89 1.10903e+06 1.05777e+06 1.03677e+06 56672.3 1275.02 318203 8668.97 33057.7 737.073 75709.4 846.983 5582.33 75080.7 2727.56 2547.4 344.485 2202.91 234656 3086.04 6316.37 32123.5 761.472 433585 56547.5 14151.1 50540.2 603187 15692 1835.11 1292.17 493.97 542.945 1780.07 32320.6
internal_count=2379974 1582442 797532 185136 862 312 1306769 1254572 612396 581073 342354 275673 208408 6086 550 67265 334285 8069 2295 5774 184274 149763 76844 3447 706 1630 614 2741 1135127 1072793 1049731 52197 1016 306196 8269 34511 614 73397 665 4888 72899 2218 2077 270 1807 238719 2661 5824 28089 599 454430 52064 12553 56185 595301 15645 1514 1065 379 449 1442 33897
is_linear=0
shrinkage=0.05


Tree=40
num_leaves=63
num_cat=0
split_feature=50 26 48 262 52 2 276 196 9 51 358 358 2 359 292 134 360 346 209 345 201 46 329 333 292 7 198 191 28 49 176 358 49 306 359 334 174 360 202 46 358 2 30 22 2 174 356 360 359 35 356 180 197 14 196 2 68 258 316 49 184 363
split_gain=0.0072795 0.00484563 0.00649934 0.00634304 0.00546574 0.00544704 0.00522957 0.00516711 0.0136174 0.00444112 0.00384641 0.00379227 0.00705821 0.00373411 0.00455892 0.00353629 0.0034611 0.00596407 0.00462473 0.00341785 0.00330431 0.00428562 0.00310301 0.00297784 0.00264217 0.0031582 0.00477784 0.00294537 0.00278745 0.00363003 0.0036508 0.00261229 0.00260914 0.00316914 0.00245626 0.00241814 0.00240418 0.00472942 0.0068581 0.0068071 0.0084175 0.0061433 0.00822339 0.00433943 0.00416449 0.00781083 0.00394905 0.0038312 0.00378612 0.0037386 0.00410661 0.00355471 0.00430537 0.00352277 0.00351657 0.00345387 0.00331668 0.0032212 0.00312014 0.00402506 0.00325429 0.00654341
threshold=1.0000000180025095e-35 0.063070852309465422 0.14812672138214114 0.003345919656567276 1.0000000180025095e-35 0.0027522586751729254 0.48793473839759832 0.0039968099445104608 0.04005014896392823 2.2302575416688345e-05 0.013076403643935921 0.22957863658666613 0.0020116703817620878 0.1702658757567406 0.14996910840272906 -2.9629458367708136e-05 0.46792976558208471 0.16079229116439822 0.00051879795501008641 -0.36335225403308863 0.00027121111634187406 -0.015252332668751476 0.11760568618774415 0.4915402233600617 1.8229674100875857 0.033917522057890899 0.0051098496187478313 -0.0076266711112111798 0.019712972454726699 0.18484945595264438 -0.0031070298282429572 0.12900832295417788 0.13519509136676791 0.0045306130778044471 0.13750803470611575 0.048690071329474456 0.003682043519802392 0.59432786703109752 0.0017254092963412406 0.0036710808053612713 0.044870823621749885 -1.0000000180025095e-35 0.043004693463444717 0.0092375241219997423 0.0012745967833325269 0.014717726502567531 -0.77657034993171681 0.73051148653030407 0.12695915251970294 -0.035602157935500138 0.096877507865428938 0.010665894020348789 0.0052753598429262647 0.046459320932626731 0.00096173622296191763 -0.013636569026857613 0.031751872971653945 0.75044336915016185 0.008972059469670059 0.29074887931346899 0.044997287914156921 0.81461110711097728
decision_type=2 8 2 2 2 2 2 2 2 2 2 2 2 2 2 2 2 2 2 2 2 2 2 2 2 2 2 2 10 2 2 2 2 2 2 2 2 2 2 2 2 2 10 2 2 2 2 2 2 10 2 2 2 2 2 2 2 2 2 2 2 2
left_child=15 4 3 35 -2 9 16 13 -9 -6 -8 12 34 14 20 -1 -4 18 31 -5 -7 22 -22 -19 36 27 -27 -26 -29 30 -30 -18 -32 -34 -12 -3 -11 38 46 44 41 42 -41 -40 49 -46 55 -43 -44 50 -39 52 56 -49 -48 -38 -51 -42 -56 60 -60 -62
right_child=1 2 6 19 5 7 10 8 -10 24 11 -13 -14 -15 -16 -17 17 23 -20 -21 21 -23 -24 -25 25 26 -28 28 29 -31 32 -33 33 -35 -36 -37 37 39 43 40 57 47 48 -45 45 -47 54 53 -50 51 -52 -53 -54 -55 58 -57 -58 -59 59 -61 61 -63
leaf_value=-8.2680919756802876e-06 -8.5083634909189757e-07 8.8707476044145946e-05 5.5820759228079458e-05 -0.00039585348353562782 9.0968074358371064e-06 5.4974469777560567e-05 -5.7505947476073157e-05 0.00050152786140324581 -3.754219724893496e-05 -1.4142439361017919e-07 0.00036034004074339418 -9.5545191901778127e-05 -9.9132050899176786e-05 1.5228247138846353e-05 8.6611575809694852e-06 -1.461061406005802e-06 5.8275298080604789e-05 -0.00021514091344090546 -6.5572173374429479e-05 -0.00015126693458803118 0.00046807937908347857 0.00010219920187921915 0.00017933485730964744 5.3783914331050857e-05 0.0002051329204445482 -1.2786819179020645e-05 -0.00018410854073246159 -2.1403224400502271e-05 -0.00015641824474050989 -7.6078995931815227e-06 4.6507948357615691e-05 0.00026939702077556247 0.00028824778671712389 5.4983771950882284e-05 0.00012545594671181927 -6.7120880909755332e-05 0.00019451872219028226 0.00022808661229188807 -8.3504514190787583e-05 -2.9930473908068048e-05 -0.00014022949528893651 -0.00013910594869668107 0.00055469795781950052 -0.00038862794056102891 -3.6034507392849999e-05 0.00030444923336060746 9.9933840257699875e-06 0.00020160264082365374 0.00027012873908319033 2.9187329654734557e-05 -9.0022499823854763e-05 -8.2425919808524927e-06 0.00022933184543768139 -6.4151338047807211e-05 2.6423905883216003e-06 -4.6294517808604047e-05 -5.7087127088732913e-05 0.00013279820261412461 -4.8577783800822029e-05 1.0396507100679492e-05 -0.00030244513673847561 1.5144309885875562e-05
leaf_weight=249779.94812011719 567979.33429884911 278.43801403045654 3658.4434716701508 193.88590681552887 324158.1185464859 1831.8571623563766 5517.2349983453751 200.13805770874023 278.02554702758789 273206.20578980446 136.01104593276978 418.41215705871582 363.19009447097778 23902.312103629112 2433.0231416225433 807979.88357460499 804.06941986083984 473.56692838668823 786.62678241729736 547.25492751598358 157.31485986709595 1008.7300845384598 234.26403081417084 130.48522007465363 155.60252952575684 1020.1094350814819 675.41524887084961 16003.803372144699 132.16884458065033 2873.9783372879028 622.23029804229736 177.69842898845673 353.95867812633514 248.31627655029297 602.04350006580353 2232.2527823448181 479.76503002643585 394.30540931224823 398.7137359380722 200.82073891162872 385.07955896854401 182.71735870838165 150.51602256298065 163.5865570306778 323.44015121459961 348.62422752380371 33532.298144578934 412.67128193378448 552.3181711435318 17614.950650691986 135.13203728199005 11971.435742139816 256.1610803604126 177.18329870700836 9635.7091796398163 214.54265201091766 1187.3548781871796 148.06435573101044 5430.2006549835205 2877.1813564300537 375.62021255493164 283.96316909790039
leaf_count=250364 580041 213 3157 150 313210 1633 4727 153 219 258106 96 369 307 22421 2126 839064 639 373 629 443 107 777 177 107 139 902 526 14377 112 2543 547 140 261 192 475 1958 335 290 307 166 319 151 108 126 268 254 31538 326 402 15251 113 10236 189 148 8180 225 932 125 4643 2438 298 232
internal_value=2.28647e-08 2.49702e-06 -2.45778e-05 -8.78086e-05 2.83556e-06 5.67527e-06 -8.8322e-06 2.65255e-05 0.000189238 4.78947e-06 -3.81093e-05 3.22946e-05 8.09519e-05 2.38815e-05 6.03727e-05 -3.06849e-06 2.53299e-05 -2.16961e-05 2.46681e-05 -0.000216145 9.92693e-05 0.000157054 0.000297126 -0.000157063 1.14503e-06 -1.56423e-05 -8.11696e-05 -1.0186e-05 -1.18619e-05 2.42242e-05 9.15693e-05 9.6958e-05 0.000118548 0.000192574 0.000169598 -4.97825e-05 2.17204e-06 9.36799e-06 4.93093e-08 2.38134e-05 0.000108677 0.00016367 0.000252046 -0.000173335 1.79899e-05 0.000140966 1.90126e-06 5.99153e-05 0.000332472 1.53623e-05 0.00014686 1.31093e-05 2.65208e-05 0.000121827 3.21426e-07 0.000120188 2.37337e-05 -6.41915e-05 -1.7112e-05 -3.83355e-05 -6.13553e-05 -0.000166084
internal_weight=2.37939e+06 1.32163e+06 16319.6 3251.83 1.30531e+06 737328 13067.8 30045.7 478.164 707282 7036.89 1519.66 1101.24 29567.5 5665.19 1.05776e+06 6030.89 2372.45 1768.39 741.141 3232.17 1400.31 391.579 604.052 383124 22085.6 1695.52 20390.1 20234.5 4230.65 1356.67 981.768 1224.51 602.275 738.055 2510.69 361039 87832.4 53391.6 34440.8 2209.37 1676.23 903.655 562.3 32231.4 672.064 52829.3 772.572 702.834 31559.3 529.437 31029.9 19058.5 589.855 52135 694.308 18802.3 533.144 18602.7 8966.97 6089.78 659.583
internal_count=2379380 1289952 13783 2764 1276169 696128 11019 27613 372 668515 5974 1247 878 27241 4820 1089428 5045 1888 1408 593 2694 1061 284 480 355305 19599 1428 18171 18032 3655 1112 779 1000 453 571 2171 335706 77600 48322 29278 1745 1301 676 433 27533 522 47889 625 510 27011 403 26608 16372 474 47329 560 16183 444 15791 7611 5173 530
is_linear=0
shrinkage=0.05


Tree=41
num_leaves=63
num_cat=0
split_feature=344 348 310 276 16 108 46 360 49 32 71 201 360 1 201 15 334 1 20 24 349 256 0 34 360 346 2 0 49 212 0 195 16 315 2 195 358 43 220 48 358 231 360 355 2 201 355 43 24 349 201 356 183 313 25 200 192 23 21 259 266 240
split_gain=0.00755188 0.00598638 0.00683629 0.00567033 0.00545445 0.00724535 0.00524948 0.00964 0.00493802 0.00572774 0.00551312 0.00527675 0.00518337 0.00489725 0.00510671 0.00548315 0.00460529 0.00565705 0.00451312 0.0044379 0.0043486 0.00419089 0.00407388 0.00373581 0.00365182 0.00359327 0.00357205 0.00355016 0.00479553 0.00359602 0.00345084 0.00547667 0.0037525 0.00356383 0.00342606 0.00630531 0.00488359 0.00386016 0.00384502 0.00335934 0.00409167 0.00389886 0.00332274 0.00369829 0.00328417 0.00432639 0.00648296 0.00308807 0.00382956 0.00304261 0.00513177 0.00346482 0.00330277 0.00302557 0.00301987 0.00393697 0.00659019 0.00337375 0.00321593 0.00371326 0.00301504 0.00300959
threshold=-0.018151263706386086 0.0074334763921797284 -0.019744521938264366 0.43000018596649175 0.0037385432515293364 10.936179161071779 0.016880244947969917 0.77321314811706554 0.072898648679256453 0.041763802990317352 0.02762706391513348 0.00041448039701208478 -0.51443031430244435 0.063749361783266081 0.0016405406640842559 0.039425780996680267 1.0000000180025095e-35 0.014560872223228218 0.00034820553264580672 1.9515625353960789e-05 -0.65959236025810231 -0.15595706552267072 0.00069975247606635105 0.080218229442834868 -0.89802065491676319 0.013164893724024298 -0.017133911140263077 -0.0091266999952495081 0.43671688437461859 4.8849071390577599e-05 0.011900587007403375 0.003061372553929687 0.016890071332454685 -0.063871182501316057 0.0020116703817620878 0.003061372553929687 -0.7280210256576537 0.00088151017553173016 0.00023295490245800468 0.057047262787818916 -0.086199607700109468 -0.078892905265092836 0.69139218330383312 -0.022517027333378788 -0.0028225724818184967 0.0016405406640842559 -0.10985860601067542 0.011523808818310501 0.021807963959872726 -0.1729854419827461 7.3439936386421336e-05 0.075557276606559767 0.020328015089035038 0.0051089457701891669 0.0072193560190498838 0.00027393733034841722 -0.00088107420015148808 0.0040106410160660752 0.012845168355852367 5.4456293456438774e-16 0.0029086555587127809 0.84061342477798473
decision_type=2 2 2 2 2 2 2 2 2 10 2 2 2 2 2 2 2 2 2 2 2 2 2 10 2 2 2 2 2 2 2 2 2 2 2 2 2 10 2 2 2 2 2 2 2 2 2 8 2 2 2 2 2 2 2 2 2 2 2 2 2 2
left_child=1 4 -3 23 5 20 8 -8 9 10 11 16 53 34 39 -16 17 -4 -9 -6 -1 -22 -13 30 -25 60 -23 28 -7 -29 32 49 33 -2 38 36 37 -36 -5 40 -15 -42 -11 -44 -21 47 -47 48 -46 50 -32 -52 -51 -12 -10 -56 -57 -58 -59 -60 -14 -18
right_child=3 2 6 13 19 27 7 18 54 42 12 22 25 14 15 -17 61 -19 -20 44 21 26 -24 24 -26 -27 -28 29 -30 -31 31 -33 -34 -35 35 -37 -38 -39 -40 -41 41 -43 43 -45 45 46 -48 -49 -50 52 51 -53 -54 -55 55 56 57 58 59 -61 -62 -63
leaf_value=-0.0002906711490122298 -9.2033754781383395e-05 8.0044688245711461e-05 0.00036431497974079974 -3.6207744351668594e-06 -0.00026033846175646649 9.0511168574491444e-06 -5.9690210133965502e-06 -0.00035202173253193078 6.4690249108471678e-06 5.6294967818381535e-05 -1.7591439008360099e-05 0.00019710762443227097 2.1355345784756217e-05 -0.00019232071360565834 0.00017744209809063342 -0.00014338487186794303 1.2273711241860532e-05 -6.0617611539606822e-05 -0.00011196388981832998 9.6051278281133765e-06 -0.00030460622165905316 -3.9271423108323243e-05 -1.708859004112678e-05 0.0001632486522028378 2.8869433266124767e-05 -0.00012784323762649134 -7.1352162305940044e-06 3.6247559020069812e-06 0.00016884134748936482 -3.8671917348982978e-06 -1.4590571119158382e-05 0.00035890825477291502 1.3678295994680616e-05 -7.2146528783225759e-07 0.00038426108913988785 0.00036842400926173115 7.3501705108392524e-06 8.257612867352415e-05 -1.3432969622010785e-05 -1.2583176211129706e-05 -9.8405189521759428e-05 3.8218299307599888e-06 1.439621200671543e-05 0.0002337767668163465 4.5113492439140863e-05 0.00030427359423795233 3.6566208195647017e-05 6.1961555233693375e-06 0.00021653880266600482 8.5250673796360932e-06 0.00012146624777891429 0.00038251860564072235 0.0001748300915689672 0.00018341488871930788 -5.1877029495556215e-07 0.00035671410886427079 -2.2746377369534562e-05 0.00013424986668377056 0.00013253951566979027 -7.7735724560025653e-05 -0.00011961860200225559 5.9820239324256891e-05
leaf_weight=147.47794198989868 1068.736701965332 3530.620361328125 214.71603834629059 554857.71399688721 145.51579618453979 102792.33156645298 3251.2025847434998 292.58973503112793 154244.69500505924 1441.106390953064 358.03169023990631 827.2593537569046 1397.053626537323 521.44149947166443 145.08378601074219 1435.0916290283203 12645.714087605476 121.85660457611084 593.24465990066528 67797.244328260422 127.2889723777771 13998.345038771629 302.71856963634491 619.34922122955322 2720.6502904891968 1177.2429875135422 22617.53465795517 313036.57506740093 469.70616328716278 327974.9847946167 698.07935166358948 121.72531127929688 48127.686676979065 525358.83493804932 134.1686155796051 121.34738159179688 30106.019327521324 487.15260255336761 121746.3851852417 20318.086486339569 1720.4315408468246 2033.9843209981918 261.85758626461029 722.06205213069916 5657.5726644992828 363.78602480888367 594.08976864814758 7042.2674670219421 343.92230224609375 9395.9383969306946 773.39429569244385 151.16723310947418 306.35362792015076 389.64341521263123 3021.6316537857056 197.28942584991455 887.59134149551392 1545.5027396678925 367.94059717655182 483.50908291339874 518.38970792293549 4515.7734017372131
leaf_count=124 1031 3053 147 572311 131 97914 2918 229 146259 1193 343 641 1220 434 105 1145 11437 119 467 70509 107 13457 255 491 2166 948 22253 319292 357 317436 780 90 56165 531112 98 91 30859 415 114747 18324 1587 1857 241 524 5361 276 516 7284 260 8676 629 109 251 292 3066 176 829 1194 274 397 405 4003
internal_value=2.18105e-08 3.17407e-06 1.11272e-05 -2.49533e-06 1.39279e-06 1.05414e-07 9.84423e-06 -4.58479e-05 1.10858e-05 3.18073e-05 2.39226e-05 3.51679e-05 -3.06139e-05 -5.42923e-06 -2.66668e-05 -0.000113741 2.83961e-05 0.000211018 -0.000191869 1.36649e-05 -2.1523e-05 -2.04269e-05 0.000139796 1.15686e-06 5.38707e-05 -5.91754e-05 -1.94224e-05 1.1775e-06 9.78121e-06 -2.08516e-07 8.56225e-07 2.80376e-05 3.14605e-07 -9.07194e-07 -4.64341e-06 1.16516e-05 1.02188e-05 0.000148746 -5.38639e-06 -2.10634e-05 -6.13353e-05 -4.30503e-05 0.000104781 0.000175539 1.41587e-05 3.62029e-05 0.000138659 2.86588e-05 5.50061e-05 2.44185e-05 8.7748e-05 0.000164882 1.38112e-05 8.73709e-05 7.87653e-06 4.12466e-05 7.74712e-05 6.04913e-05 9.13075e-05 1.32291e-05 -1.68824e-05 2.47903e-05
internal_weight=2.37939e+06 1.05642e+06 193309 1.32297e+06 863109 781164 189779 4137.04 185642 24893.4 22468.4 18628 3840.36 733627 26174.1 1580.18 17498.1 336.573 885.834 81944.4 36890.6 36743.2 1129.98 589342 3340 3092.69 36615.9 744274 103262 641012 586002 11446.7 574555 526428 707453 30848.7 30727.3 621.321 676604 24593.9 4275.86 3754.42 2425.03 983.92 81798.9 14001.6 957.876 13043.8 6001.49 11324.9 1622.64 924.562 9702.29 747.675 160748 6503.46 3481.83 3284.54 2396.95 851.45 1915.44 17161.5
internal_count=2379380 1035907 180630 1343473 855277 770940 177577 3614 173963 21768 19810 16602 3208 741973 23452 1250 15706 266 696 84337 35941 35817 896 601500 2657 2573 35710 734999 98271 636728 598843 10535 588308 532143 718521 31463 31372 513 687058 22202 3878 3444 1958 765 84206 13697 792 12905 5621 10445 1518 738 8927 635 152195 5936 2870 2694 1865 671 1625 15440
is_linear=0
shrinkage=0.05


Tree=42
num_leaves=63
num_cat=0
split_feature=344 16 108 276 1 199 2 207 36 24 48 1 176 197 49 358 48 197 342 1 279 358 24 236 259 202 34 207 200 201 359 320 313 342 359 292 349 41 45 43 349 344 346 360 197 359 12 49 10 361 2 33 202 358 175 316 339 197 16 210 311 108
split_gain=0.00681544 0.00537603 0.00694091 0.00512103 0.00446194 0.00673916 0.00428711 0.00426331 0.00417553 0.00414423 0.00375022 0.00812682 0.0051994 0.00808385 0.00789878 0.00428266 0.00450426 0.00542505 0.00736604 0.00485805 0.00374261 0.00371351 0.00467321 0.00366375 0.00363553 0.00351099 0.0034531 0.00339309 0.00359912 0.00330592 0.00696149 0.00702675 0.00342061 0.00332692 0.00330549 0.0037396 0.00472233 0.00538785 0.00326362 0.0036006 0.00340157 0.00316916 0.0034395 0.00307222 0.00306085 0.00735844 0.00304667 0.00405678 0.00364826 0.00572147 0.00683416 0.00873164 0.00488018 0.00603985 0.00487996 0.00396644 0.00368359 0.00346408 0.00320544 0.00307531 0.00299966 0.002999
threshold=-0.018151263706386086 0.0037385432515293364 10.936179161071779 0.42802648246288305 0.063749361783266081 0.0010813524713739755 -0.017133911140263077 9.9572043836815296e-05 0.0052040179725736388 1.9515625353960789e-05 0.056339357048273093 -0.010715850628912447 0.012796931434422733 0.0022089224075898532 0.12676754593849185 -0.080021444708108888 0.10183361545205118 0.002524745999835432 -2.4376008510589595 0.053755186498165138 0.31886191666126257 -1.145791709423065 0.0036185722565278415 1.0343156456947329 0.25813053548336035 6.5438347519375397e-05 0.080218229442834868 0.00016322814190061766 3.7143388908589266e-05 0.00071554121677763771 0.31250557303428655 -0.0081227319315075857 -0.049270723015069955 2.6365746259689335 0.11550133675336839 1.6137335896492007 0.075504269450902953 0.016557481139898304 0.00073037022957578312 0.005948693724349142 -0.65959236025810231 -0.16242823004722592 -0.17446269840002057 -0.89802065491676319 0.0052753598429262647 0.22550179064273837 0.048195561394095428 0.059006659314036376 0.034974548965692527 0.27007950842380529 0.0048626486677676448 0.052800798788666732 0.0017254092963412406 -0.40314882993698115 0.0002592470264062286 0.044350638985633857 1.1170673966407778 0.0052753598429262647 0.016890071332454685 5.6041659263428307e-05 0.0265520578250289 148.23503112792972
decision_type=2 2 2 2 2 2 2 2 10 2 2 2 2 2 2 2 2 2 2 2 2 2 2 2 2 2 10 2 2 2 2 2 2 2 2 2 2 10 10 10 2 2 2 2 2 2 2 2 2 2 2 10 2 2 2 2 2 2 2 2 2 2
left_child=1 2 6 26 8 20 38 -4 23 -3 11 41 -13 -14 -15 16 17 -12 -19 -20 -6 22 -10 -5 -21 -23 46 -22 -29 -18 31 -31 -32 -33 -8 -36 -37 -38 39 -1 -40 42 -9 -28 -25 -46 48 59 52 50 54 -52 58 -54 57 56 -51 -50 -2 -48 -49 -34
right_child=3 9 7 4 5 -7 34 10 21 -11 15 12 13 14 -16 -17 29 18 19 24 27 25 -24 44 -26 -27 43 28 -30 30 32 33 61 -35 35 36 37 -39 40 -41 -42 -43 -44 -45 45 -47 47 60 49 55 51 -53 53 -55 -56 -57 -58 -59 -60 -61 -62 -63
leaf_value=-9.0247173065397101e-05 -3.3645540559198221e-07 -0.00023999981395307049 -5.0263329641259826e-08 -4.7449999626820732e-06 -6.4984747211052919e-05 -0.00013261479891446863 4.0113367579316859e-05 -8.0750977592403361e-05 0.00018838575201538161 1.5029136471379754e-05 2.9618954538458512e-06 1.0374446086606431e-05 1.9476448198885355e-05 0.00024379406502857069 -4.3022204920496047e-05 -8.2324819272869686e-07 1.4850006987290126e-05 0.00018653355733291946 -6.5330609330386318e-05 -0.0001333460203023721 -3.1411329556143078e-05 -2.2007978008249252e-06 9.205310600503363e-06 4.1280744716795946e-06 -0.00042633085880200335 -1.9141332581105978e-05 0.00015352155301240569 0.00024312400822697392 5.0310683270302975e-06 0.00028779370040273646 0.0002683817194861074 0.00013482761227546938 3.2090310945942415e-05 2.020466422304131e-05 -2.103871714031514e-05 5.0058254298882117e-06 5.1882200055800467e-05 0.00032980546065433745 -0.00029141792415063956 -0.00037680855400116316 -3.1466251853977296e-05 0.00016520665944393483 0.00010893221648480894 2.9147110620936836e-05 0.00037360291868499662 -1.6094998730116349e-06 1.4222125261211003e-06 -1.1214880838739933e-05 -4.0850990349682507e-05 1.973593237105438e-05 0.0003802401680051339 4.0221688056184436e-05 -0.0003171629893040798 -4.2823188561668388e-05 2.3432483509824797e-05 0.00021196849359920859 0.0001086239909289869 -0.00024188767268308335 1.3260081106497617e-05 -0.00019817712583773805 -0.00020386438859018222 -4.6597566447269672e-05
leaf_weight=660.24124383926392 509072.20819485188 157.58041429519653 532501.14641261101 440543.83257293701 3809.3996382951736 1384.7708740234375 3370.8654577732086 355.51764869689941 500.63838827610016 91525.096526622772 19857.357520103455 117773.8105237484 2705.4901659488678 957.07011723518372 319.46305155754089 181245.48092746735 49507.669281005859 247.31156229972839 2003.8703925609589 277.24705386161804 10465.155366301537 47035.768181800842 1319.1033109426498 136006.04321289062 172.24852728843689 87453.187453269958 607.58736896514893 159.14928507804871 10558.018854856491 467.50816631317139 132.96490573883057 1254.5612180233002 5323.3296645879745 1277.4681475162506 22154.093635559082 3944.0704289674759 574.4380704164505 249.01029276847839 125.04619991779327 130.02789378166199 13694.111275315285 1168.5008249282837 719.93856906890869 2684.9595060348511 188.96275401115417 413.79798817634583 287.77668476104736 6182.7920807600021 3770.0486042499542 3001.4671969413757 250.62685871124268 749.78071212768555 249.4443701505661 996.97942745685577 4543.4092366695404 432.44863891601562 1904.6542820930481 225.3358154296875 47380.925686836243 583.65254414081573 206.8997688293457 1565.3466926813126
leaf_count=586 517026 140 540296 432555 3265 1141 3084 342 370 93347 18615 104742 2473 696 259 171262 48613 197 1702 222 10204 58755 1270 135663 132 95533 483 123 8892 337 91 982 4421 1097 21292 4012 543 194 103 100 13171 893 629 2138 138 337 301 5447 3400 2760 186 646 194 819 3857 319 1586 176 55258 456 175 1334
internal_value=2.08261e-08 3.01544e-06 1.91585e-06 -2.37044e-06 -5.13221e-06 -2.53263e-05 -1.72791e-05 2.8529e-06 -4.38557e-06 1.45856e-05 6.84411e-06 1.40137e-05 1.2275e-05 6.84529e-05 0.000172061 3.46797e-06 1.29426e-05 -6.08343e-06 -7.25443e-05 -9.87913e-05 -1.93714e-05 -1.22564e-05 5.86533e-05 -2.52664e-06 -0.00024701 -1.32167e-05 1.13352e-06 -1.1163e-05 8.61144e-06 2.01524e-05 4.63397e-05 0.000110074 1.90897e-05 7.70592e-05 -6.54885e-06 -1.2394e-05 2.7769e-05 0.000136521 -3.95241e-05 -0.000138229 -3.38603e-05 0.00010826 4.61944e-05 5.21777e-05 4.62721e-06 0.000116864 8.43494e-07 -3.13364e-05 1.25169e-06 2.56858e-05 2.48662e-06 0.000125993 5.99769e-07 -9.81464e-05 -1.20096e-05 6.71228e-05 5.42743e-05 -5.23046e-05 8.21307e-07 -0.00013241 -1.75148e-05 1.42014e-05
internal_weight=2.37939e+06 1.05642e+06 964735 1.32297e+06 739838 26376.5 44901.9 919833 713461 91682.7 387332 124000 121756 3982.02 1276.53 263332 82086.9 22558 2700.68 2453.37 24991.7 136309 1819.74 577153 449.496 134489 583131 21182.3 10717.2 59528.8 10021.2 2999.54 7021.64 2532.03 30292.5 26921.6 4767.52 823.448 14609.4 790.269 13819.2 2243.96 1075.46 3292.55 136609 602.761 579838 7261.12 572577 14877.8 9539.2 1000.41 557700 1246.42 8538.79 5338.57 4906.12 3995.38 556453 871.429 6389.69 6888.68
internal_count=2379380 1035907 942420 1343473 748246 23625 43085 899335 724621 93487 359039 110034 108170 3428 955 249005 77743 20868 2253 2056 22484 155928 1640 568693 354 154288 595227 19219 9015 56875 8262 2416 5846 2079 29125 26041 4749 737 13960 686 13274 1864 971 2621 136138 475 592606 6379 586227 12930 8265 832 573297 1013 7433 4665 4346 3576 572284 757 5622 5755
is_linear=0
shrinkage=0.05


Tree=43
num_leaves=63
num_cat=0
split_feature=50 327 333 349 348 0 310 348 29 178 327 212 30 0 359 109 359 198 30 330 262 7 259 193 359 337 1 35 53 356 49 201 292 183 49 48 182 2 358 72 53 2 47 266 358 292 49 201 109 358 359 359 337 1 336 355 349 0 364 2 292 359
split_gain=0.0064643 0.0045154 0.0049257 0.0049817 0.00496598 0.00490133 0.00478603 0.00463265 0.00523277 0.00481129 0.00445754 0.00558069 0.00431543 0.00407778 0.00681997 0.00640126 0.00423391 0.0062567 0.00793603 0.00550772 0.00487956 0.00427367 0.00405203 0.00405062 0.00444917 0.00391823 0.00372479 0.00365589 0.00362721 0.00350383 0.00545277 0.00349964 0.00495597 0.00437992 0.00476316 0.00423389 0.00371727 0.00346691 0.00423281 0.00367164 0.00325873 0.0031623 0.00314504 0.00377016 0.00340558 0.00330439 0.00320024 0.00675658 0.0110084 0.00639883 0.00390317 0.00374307 0.00329767 0.003527 0.00305825 0.00282414 0.00270016 0.00298425 0.00269073 0.00266606 0.00446587 0.00381268
threshold=1.0000000180025095e-35 0.0037737713428214197 0.2840933650732041 -0.098031792789697633 0.89002323150634777 -0.012025301810353993 0.0055682102683931598 0.16410944610834124 0.0660691373050213 0.0088567296043038386 -0.00092468989896588017 3.136183840979357e-05 -0.0030884197913110252 0.0066776718012988576 0.17393301427364352 105.81134414672853 0.10812873393297197 0.0037501783808693294 0.023055600933730606 0.17237941175699237 0.021112496033310894 0.025180011987686161 0.51015183329582225 0.060252284631133086 0.12695915251970294 -0.058599157258868211 0.022573541849851612 0.0064516304992139348 1.0000000180025095e-35 -0.061813281849026673 0.32005938887596136 0.00019593616889324042 0.009256973862648012 0.011344738304615022 0.054914385080337531 0.046707937493920333 0.0042471028864383706 -0.0050644564907997838 -0.031852094456553452 0.058038448914885528 0.00019237184460507709 0.0012745967833325269 0.047216074541211135 0.00037387810880318289 0.92800700664520275 -0.5377734601497649 0.18308802694082263 0.00010068919800687583 71.402248382568374 0.051484949886798866 0.085801716893911376 0.30550198256969457 0.075224753469228758 0.0062579675577580937 -0.10257766768336295 -0.14281276613473889 0.046128556132316596 -0.0094238794408738596 0.80330738425254833 0.0035939810331910853 1.7697816491127016 0.067003570497035994
decision_type=2 2 2 2 2 2 2 2 8 2 2 2 8 2 2 10 2 2 10 2 2 2 2 2 2 2 2 10 2 2 2 2 2 2 2 2 2 2 2 2 2 2 2 2 2 2 2 2 10 2 2 2 2 2 2 2 2 2 2 2 2 2
left_child=28 5 4 6 22 23 -4 10 12 -10 59 -12 -9 16 15 -15 17 27 19 -19 31 -22 -3 42 -25 -11 -5 -14 -1 -16 -31 -18 33 35 -35 36 -33 -28 55 -40 -13 -17 44 -44 46 -45 47 -2 -49 50 -50 -51 54 -54 -52 -39 -29 -58 -32 -7 61 -61
right_child=1 2 3 26 -6 7 -8 8 9 25 11 40 13 14 29 41 20 18 -20 -21 21 -23 -24 24 -26 -27 37 56 -30 30 58 32 -34 34 -36 -37 -38 38 39 -41 -42 -43 43 45 -46 -47 -48 48 49 51 52 -53 53 -55 -56 -57 57 -59 -60 60 -62 -63
leaf_value=-5.056635271159366e-07 4.7488816470241121e-06 -5.9673831429989428e-05 0.0004035675097976909 5.2655332872379532e-05 0.00014629912432929614 8.3000201228672991e-06 5.7907318291458795e-05 0.0002824654388427586 9.7210027256253951e-06 -7.6397827443460758e-06 4.7105478256104365e-06 -1.3972910082385356e-06 -8.4202134101154204e-05 6.1223036794499149e-05 -2.5243902213706626e-05 0.00014663474216912708 1.0503295458194233e-06 0.00029477687253500113 -0.00022661186602258474 -5.7662434866698875e-05 -1.2340494241746861e-05 0.00019739887703236695 -0.0001841620893098942 -0.00011274451983993419 0.00014973693048904324 -0.00015445136642630944 -9.3425309569325043e-05 8.3555568384941471e-05 -6.4838157141841921e-06 1.6053228552959863e-05 0.00014055453582898742 4.8180790456263964e-05 8.6129282339835242e-06 -0.00029387348194531856 4.8992785533563936e-06 4.3472422363947046e-05 0.000184932307060246 5.4247207780714554e-05 0.00019256616243822723 -7.426112738108322e-05 -1.0115830119316914e-05 0.00036515562668311592 1.4185930296843982e-05 -9.787206099811269e-05 -8.668199185889663e-05 -1.2492030746316747e-05 8.0018979200758769e-06 7.8259629528416115e-06 0.0001735740588236827 0.00021200024598851862 9.6645455727407438e-05 9.5909078527497038e-05 0.00012554020410071909 -6.2528396152614017e-05 4.4716958372012516e-06 -0.00012140795689832072 0.00019971406480857312 -8.6432568947818313e-06 2.9761037168990398e-05 0.00027827049006911908 -0.0001649959348883831 5.1557489385497792e-05
leaf_weight=635296.82614052296 14500.189686179161 3203.9344388246536 132.50246143341064 1395.4146451950073 244.16319119930267 117137.89018249512 395.4959716796875 145.1968936920166 1901.7882499694824 709.65131235122681 330744.02747356892 483735.23577976227 1198.9482481479645 2876.322762966156 3567.9234471321106 450.40986156463623 54193.122398853302 120.79322469234467 775.85751676559448 1138.824760556221 387.89719104766846 646.61742687225342 820.55315136909485 192.15040767192841 967.97581303119659 1262.9725489616394 1735.0805721282959 1062.1056274175644 422463.00750732422 11419.291115641594 1482.3627097606659 913.76421749591827 34144.852383613586 136.85557317733765 3393.4849877357483 10476.553813815117 1092.2672189474106 364.15041410923004 424.95195996761322 183.42209243774414 137679.93833637238 264.57271194458008 18845.548348665237 1242.9423154592514 756.20329666137695 12641.149244904518 29845.864349365234 8557.1948621273041 695.36330938339233 1276.0713453292847 1185.5342823266983 1534.0450661182404 1888.2549120187759 285.92904841899872 3716.3925483226776 609.54789853096008 174.91792929172516 6001.4558212757111 870.78240382671356 194.1142076253891 224.71836519241333 3461.3316880464554
leaf_count=668566 13766 2529 97 1107 185 105350 310 100 1545 624 342482 482446 1044 2394 3266 369 53320 87 628 934 314 472 694 147 705 1036 1390 867 420862 10569 1181 756 29638 107 2850 9160 802 296 322 149 129516 184 17739 1103 681 11545 29086 7532 518 957 985 1291 1428 260 3237 493 130 5149 780 148 185 2967
internal_value=1.98121e-08 2.35132e-06 -3.19754e-05 5.06526e-07 -7.18345e-05 2.60014e-06 0.000145847 1.7313e-06 1.02583e-05 -4.70298e-05 6.12475e-07 -5.36352e-07 1.18798e-05 1.15885e-05 3.18978e-05 9.45923e-05 7.91878e-06 -2.23988e-05 -0.000101036 -2.34509e-05 1.0932e-05 0.000118884 -8.51346e-05 1.33485e-05 0.000106143 -0.000101697 -1.58325e-05 -3.40863e-06 -2.89331e-06 1.89039e-05 3.0343e-05 9.85955e-06 1.93771e-05 4.23258e-05 -6.84264e-06 5.62306e-05 0.000122751 -4.46574e-05 8.87756e-06 0.000112139 -3.32899e-06 0.000228289 1.22361e-05 -3.79256e-07 1.86632e-05 -2.01485e-05 1.99208e-05 3.04945e-05 4.99978e-05 8.40937e-05 6.0686e-05 0.000148739 4.95466e-05 0.000100772 2.67943e-05 -5.57387e-05 9.9932e-06 -2.67974e-06 9.96154e-05 9.6512e-06 5.04167e-05 6.37422e-05
internal_weight=2.37939e+06 1.32163e+06 9509.22 5240.57 4268.65 1.31212e+06 527.998 1.21399e+06 140810 3874.41 1.07318e+06 952159 136935 136790 20931.7 3591.31 115858 10472.9 2035.48 1259.62 105385 1034.51 4024.49 98130.8 1160.13 1972.62 4712.57 8437.43 1.05776e+06 17340.4 13772.4 104351 50157.8 16012.9 3530.34 12482.6 2006.03 3317.15 1582.07 608.374 621415 714.983 96970.7 32729.6 64241 13884.1 63484.8 33639 19138.8 10581.6 7771.47 2810.12 7076.11 2174.18 4901.93 973.698 7238.48 6176.37 2353.15 121018 3880.16 3655.45
internal_count=2379380 1289952 7572 4164 3408 1282380 407 1191400 128306 3205 1063094 954444 125101 125001 18743 2947 106258 8839 1649 1021 97419 786 3223 90980 852 1660 3757 7190 1089428 15796 12530 96633 43313 13675 2957 10718 1558 2650 1260 471 611962 553 90128 30387 59741 12648 59060 29974 16208 8676 6428 2248 5910 1688 4222 789 6146 5279 1961 108650 3300 3115
is_linear=0
shrinkage=0.05


Tree=44
num_leaves=63
num_cat=0
split_feature=211 218 219 172 202 0 361 49 1 69 281 1 202 259 49 360 357 355 337 109 361 35 329 361 12 1 0 109 259 64 361 34 200 181 262 206 349 342 164 281 256 209 311 343 113 2 343 332 219 0 337 342 199 361 296 184 315 15 168 356 315 1
split_gain=0.006069 0.00514585 0.00450212 0.00396738 0.00392207 0.00508823 0.00623826 0.00396357 0.00321759 0.0036547 0.00305095 0.00362551 0.00305094 0.00301229 0.00311646 0.00413773 0.00396047 0.00296202 0.00306034 0.00298 0.00291664 0.00283487 0.00361366 0.00389801 0.00300716 0.0028108 0.00343984 0.00276997 0.00270619 0.00262644 0.00261159 0.00248441 0.00255733 0.00337663 0.00248082 0.00239349 0.00230756 0.00228985 0.00227938 0.00240615 0.00223191 0.00220905 0.00218174 0.00276661 0.00216921 0.00400474 0.00238463 0.00226215 0.00212001 0.00209052 0.0107815 0.016471 0.00312745 0.00207685 0.00200306 0.00199802 0.00198371 0.00384975 0.00189817 0.00186684 0.0018839 0.00188375
threshold=3.3605549106141559e-05 0.00018623359210323545 8.6755753727629794e-05 -0.011222632136195896 0.0017254092963412406 -0.027545910328626629 -0.31200329959392542 0.33752781152725225 0.067955501377582564 0.011061416007578375 0.47999739646911627 0.063749361783266081 0.00075487093999981891 0.51015183329582225 0.3299959152936936 0.28866538405418402 -0.074276048690080629 -0.12499910593032836 -0.011278843972831963 18.485921859741214 -0.42577919363975519 -0.042805554345250123 0.13356959074735644 0.80548563599586498 0.052284972742199905 0.0042329642456024894 0.0041838285978883514 82.996978759765639 -0.016023807227611538 1.0000000180025095e-35 -0.80821287631988514 0.023966001346707348 8.7156138761201887e-05 0.0054025605786591777 0.0061927274800837049 4.7697705667815178e-05 -0.027848402969539162 -1.1451892256736753 -0.0053216146770864716 0.3200002014636994 -1.8440590388024699e-08 0.00068203674163669359 0.0014866062556393447 0.1484758332371712 0.14173537492752078 0.0088266148231923598 0.58141884207725536 0.53822082281112682 0.0034865305060520773 0.02384186536073685 0.023727284744381908 0.44320540130138403 2.789359587040963e-05 0.35916064679622656 0.0095390188507735747 0.002551764366216958 0.072635143995285048 0.023266449570655826 0.011882267426699402 -0.77657034993171681 -0.034516684710979455 -0.00094385194825008501
decision_type=2 2 2 2 2 2 2 2 2 2 2 2 2 2 2 2 2 2 2 10 2 8 2 2 2 2 2 10 2 2 2 10 2 2 2 2 2 2 2 2 2 2 2 2 2 2 2 2 2 2 2 2 2 2 2 2 2 2 2 2 2 2
left_child=8 2 35 44 5 6 28 -8 27 36 11 59 29 14 15 -13 -17 18 -11 20 -20 -6 25 24 42 -23 37 49 -5 54 -15 32 33 -14 -9 -2 -10 53 -18 -40 -25 -33 -24 -44 45 56 -46 -48 -12 58 52 -52 -51 -27 -4 -54 -3 -58 -1 -7 -61 -62
right_child=1 3 12 4 21 10 7 34 9 17 48 13 31 30 -16 16 38 -19 19 -21 -22 22 23 40 -26 26 -28 -29 -30 -31 -32 41 -34 -35 -36 -37 -38 -39 39 -41 -42 -43 43 -45 46 -47 47 -49 -50 50 51 -53 55 -55 -56 -57 57 -59 -60 60 61 -63
leaf_value=-1.7486055038959218e-06 4.4239661312914348e-06 1.353060548727245e-05 4.800320694926186e-06 8.3308575884982966e-05 0.00012407540455589019 7.1168854304421496e-05 3.3789108709002742e-05 0.00026643061580320802 -0.00032932589552506073 -9.870045373611034e-06 -2.3352199138104176e-06 -2.2507571626136524e-05 4.9490341333622766e-05 0.00020036010381759798 -3.3073743531486597e-05 -0.00038891532812308088 4.5277953056700556e-05 1.9845698213570262e-07 -0.00022772580252362497 -4.1644088171718795e-06 -7.367076619974901e-05 8.5644243829668409e-06 -2.8254809092177578e-05 -0.0002134658762740115 -7.9955410437782451e-05 -0.00014903248467402282 -5.7166752330715125e-06 -9.5953301784596486e-06 -6.5164433947304565e-05 1.2406816969645437e-05 -1.5550401162520935e-05 7.9233969140887853e-05 9.3668416883490448e-06 0.00032919100386700546 0.00010158276012427242 -1.2484253649439787e-06 -9.5853617333379882e-05 -0.0002001747202794973 -0.0002395989367755516 -6.7118980288307278e-05 7.603751850463546e-06 3.6116547082459437e-06 3.5492173803918711e-05 0.00021941936872476662 -1.4071743695446917e-05 0.00021420317397718519 -0.00034520711864654912 -4.8912271471521819e-05 3.4084056299631299e-05 0.00013101552102874647 -3.3717372325714468e-06 0.00074578880657891417 0.00015518720620855445 -3.3216245313761138e-06 -1.619137740352491e-05 -5.4120445315967319e-05 -7.1074179699752899e-05 0.00028319191042023277 -3.3752705916956859e-05 -5.7738880757326387e-05 1.121223783413063e-05 -1.1359793420056256e-05
leaf_weight=613570.33257055283 311989.11939048767 32361.067718505859 289035.9982779026 454.67200291156769 230.26741027832031 715.35943603515625 651.82633948326111 524.35495841503143 121.19013297557831 1630.5812946557999 236985.75952923298 867.93323588371277 457.33954691886902 221.69326531887054 5992.3990404605865 169.87482619285583 158.26689124107361 5528.647351026535 587.19284868240356 516.64512848854065 648.02314591407776 604.70591962337494 356.18891060352325 293.83054780960083 423.89504814147949 616.34840166568756 591.71465265750885 140724.3578183651 934.04027760028839 133264.09679961205 373.88141119480133 3555.8708724975586 9824.6129713058472 139.61842751502991 409.68540108203888 460396.88535499573 780.39298033714294 928.53068780899048 446.00954329967499 372.38538992404938 185.71091341972351 1325.7500762939453 448.16763627529144 375.42120850086212 2775.0658645629883 251.6373291015625 107.43341493606567 158.53941679000854 4062.4389801025391 360.16681241989136 166.41184902191162 129.19829916954041 123.86217105388641 404.68472766876221 11827.393096923828 1215.6732462644577 128.19473314285278 186.41552686691284 4666.275186419487 2003.2815158367157 10456.357166409492 79573.032742500305
leaf_count=651303 326659 29022 274690 368 188 589 596 368 96 1467 224716 755 418 166 5077 136 134 5283 467 486 538 559 285 235 350 505 491 139652 850 123989 343 2849 8707 98 296 465450 676 746 354 301 143 1036 349 280 2441 206 90 167 3275 264 150 89 91 348 11296 1033 115 134 4868 1788 9599 71360
internal_value=1.89182e-08 1.76688e-06 3.35803e-06 -3.25921e-06 -4.88062e-06 -4.2158e-06 6.08744e-05 0.000128568 -3.62912e-06 -3.20747e-05 -4.78163e-06 -1.20603e-05 7.33691e-06 -4.31082e-05 -5.11803e-05 -0.000104955 -0.000167221 -2.23534e-05 -5.91931e-05 -0.000105038 -0.000147155 -4.6921e-05 -5.44954e-05 -3.40715e-06 3.40155e-05 -8.83014e-05 -0.00011134 -3.26223e-06 -1.65037e-05 6.56336e-06 6.52205e-05 2.92774e-05 1.54838e-05 0.000115788 0.000194497 1.04282e-06 -0.000127896 -0.000143359 -0.000127945 -0.000161472 -0.000128177 5.87064e-05 7.50314e-05 0.000119661 1.25553e-05 1.62872e-05 -2.78366e-05 -0.000170277 -1.72116e-06 -1.82529e-06 4.92457e-05 0.000326865 6.35043e-07 -9.13996e-05 3.975e-06 -3.4564e-05 1.475e-05 0.000139301 -1.99027e-06 -9.17976e-06 -9.80584e-06 -8.738e-06
internal_weight=2.37939e+06 1.60862e+06 1.22182e+06 386801 350833 345373 2974.58 1585.87 770769 9812.67 342399 101350 449431 8602.44 8006.87 2014.47 1146.54 8911.09 3382.44 1751.86 1235.22 5459.47 5229.2 2083.21 1603.67 3145.98 2541.28 760956 1388.71 434127 595.575 15303.2 10421.6 596.958 934.04 772386 901.583 1949.56 976.662 818.395 479.541 4881.62 1179.78 823.589 35968.4 32927.3 3041.04 265.973 241048 620232 1995.31 295.61 1699.7 1021.03 300863 1339.54 32675.7 314.61 618237 92748 92032.7 90029.4
internal_count=2379380 1572917 1215192 357725 325550 321071 2478 1260 806463 9013 318593 90602 423083 7266 6757 1680 925 8241 2958 1491 1005 4479 4291 1642 1264 2649 2090 797450 1218 409975 509 13108 9223 516 664 792109 772 1599 789 655 378 3885 914 629 32175 29477 2698 257 227991 657798 1627 239 1388 853 285986 1124 29271 249 656171 83336 82747 80959
is_linear=0
shrinkage=0.05


Tree=45
num_leaves=63
num_cat=0
split_feature=344 348 310 327 15 278 15 109 359 259 348 19 76 199 344 259 359 0 32 361 291 177 49 278 236 198 336 271 49 169 214 0 360 192 291 321 349 172 2 361 348 205 24 247 322 174 359 0 355 349 49 200 170 259 268 258 349 197 355 37 211 258
split_gain=0.0061327 0.00473199 0.00526582 0.00423344 0.00588615 0.00424722 0.00885831 0.00970798 0.0125021 0.0141201 0.00401856 0.00398176 0.00349626 0.00349146 0.00537337 0.00583077 0.0038924 0.00796736 0.00398597 0.00354691 0.00336444 0.00317261 0.00313841 0.0057278 0.00479859 0.00459034 0.00490831 0.00396732 0.00318431 0.00310865 0.00457599 0.00310403 0.0106983 0.0124678 0.00308555 0.00299602 0.00292797 0.00289804 0.00284659 0.00279578 0.0027097 0.00269234 0.00291978 0.00267181 0.00266481 0.00476763 0.00391212 0.00426348 0.00327721 0.00319233 0.00369151 0.00317432 0.00313161 0.00285647 0.00263322 0.00256632 0.00253535 0.00327006 0.00251809 0.00242249 0.00251135 0.00240266
threshold=-0.018151263706386086 0.0074334763921797284 -0.019744521938264366 0.0037737713428214197 0.045579444617033012 0.19934386014938357 0.030335067771375183 17.019061088562015 0.13424704223871234 0.38364112377166754 -0.23596719652414319 0.030715529806911949 -0.0039366260170936576 0.0010813524713739755 0.46885456144809728 0.15220792591571811 0.12695915251970294 0.0016153114265762272 -0.015665226615965363 0.34759528934955602 0.73690649867057811 -0.0049177818000316611 0.072898648679256453 0.54000595211982738 -0.67439424991607655 0.0031284921569749717 0.018928362987935547 -0.00093919452046975483 0.042139930650591857 -0.0026736819418147202 0.00019122586672892797 0.02384186536073685 -0.54211115837097157 0.017773704603314403 0.30953699350357061 0.017293053679168228 -1.0000000180025095e-35 0.0030993794789537792 -0.0084188138134777529 0.83924776315689098 0.26956315338611608 4.1759007217478945e-05 0.000102138383226702 -0.3460956066846847 0.036613201722502715 0.034090176224708564 0.097002025693655028 0.0017953265341930094 -0.26261611282825464 0.2238578945398331 0.75843545794487011 0.00026861191145144408 0.022981530986726287 0.014882134739309551 0.03233392350375653 0.341866284608841 0.30314001441001898 0.0031259292736649518 -0.23333042860031125 0.0075666073244065055 0.00049606538959778856 -0.0047000411432236424
decision_type=2 2 2 2 2 2 2 8 2 2 2 2 2 2 2 2 2 2 8 2 2 2 2 2 2 2 2 2 2 2 2 2 2 2 2 2 2 2 2 2 2 2 2 2 2 2 2 2 2 2 2 2 2 2 2 2 2 2 2 10 2 2
left_child=1 44 40 5 10 6 -2 8 9 -8 -5 20 -4 29 16 -16 17 18 -15 54 43 -12 23 24 27 -26 28 -14 55 -7 31 41 33 -33 -6 37 -22 -23 -9 -34 -3 42 -31 -10 45 -1 47 58 -47 51 -51 -48 -50 -49 -18 -27 57 -38 -46 60 -32 -24
right_child=3 2 12 4 34 13 7 38 11 -11 21 -13 22 14 15 -17 19 -19 -20 -21 36 35 61 -25 25 26 -28 -29 -30 30 59 32 39 -35 -36 -37 56 -39 -40 -41 -42 -43 -44 -45 46 48 49 53 52 50 -52 -53 -54 -55 -56 -57 -58 -59 -60 -61 -62 -63
leaf_value=1.1483261390219302e-06 1.8684828476015788e-06 0.00010444979721028669 0.00028373776395903817 0.00023898358093242468 -0.00024152946753914673 2.8000100824188233e-06 0.00010734310420669601 6.9254239938824368e-05 0.00018801745558094982 0.00078941537705564898 0.00021029604699600486 0.00036317965722559804 -0.00028121394982757113 6.5277232144415526e-05 -6.6484184119456818e-05 0.00032444693593793934 -4.4729600216473642e-05 5.7849203053369699e-05 -0.00021925425955061028 3.5578218133719309e-05 1.2262810866702009e-05 -5.9981936441037254e-07 1.4356903354311493e-05 -2.0894154027995023e-07 3.9407424900959216e-05 5.8932493453952447e-05 0.00016191613047033249 6.5811143104708385e-06 8.6803689415251696e-05 -1.8539994724621256e-05 -1.1758721489797693e-05 0.00064959491514967097 2.0928327917224431e-05 8.0806717254704793e-05 -8.2832671343346592e-05 1.7880540522766979e-05 0.00014886402343642984 -0.00011388369595693623 -3.3793816223765479e-06 -0.0001992114997643082 1.3807969013734755e-05 -7.3369976274546951e-07 -4.574478333514266e-06 -1.7629764978915988e-06 0.00012307850833271903 0.0001201751992390039 -1.7228315772338387e-05 0.00027069642628873777 7.5864720167918931e-06 -2.9960743880623221e-07 0.00030307354620310277 -7.9784247738711416e-05 9.4147642624575723e-05 2.9679895087021068e-05 -0.00023051714496741252 -0.00018685865664276464 -2.4995425278850503e-05 0.00036810806314035711 -8.8075052806064222e-05 -2.4814857496704309e-05 8.9307301050443262e-06 1.6315709823595114e-06
leaf_weight=846539.74538660049 225344.76997828484 2196.537580370903 113.49341297149658 146.922647356987 450.83827030658722 177474.37663173676 164.39651346206665 1832.2295578718185 214.35606372356415 140.10396790504456 136.15458500385284 124.80304992198944 122.24878561496735 138.75198042392731 176.87106883525848 203.58097803592682 3146.8886348009109 469.53738176822662 1035.4117300510406 1541.9748400449753 362.93869531154633 927.7497376203537 56588.465725183487 12033.169952392578 6451.1583312749863 196.8258308172226 2005.4573417901993 3304.5724071264267 1170.3501472473145 45741.901977777481 115018.43620491028 147.66729283332825 1060.7170504331589 272.3394855260849 958.17036616802216 1670.1526114940643 622.90132713317871 1440.2070945501328 5097.7700816392899 164.87858819961548 1320.4038869142532 482448.59154272079 205841.39833068848 1298.3090355396271 203.02488803863525 1135.6794738769531 4935.3419544696808 294.4475029706955 4548.0206336975098 338.69791281223297 140.44464683532715 3442.1761308908463 1354.6760520935059 210.96674847602844 201.22069072723389 226.76595413684845 132.43612682819366 235.12990927696228 451.73920476436615 30224.499816894531 16809.465576171875 107663.88991332054
leaf_count=839548 233703 1797 89 114 352 170365 126 1506 169 98 105 85 103 117 156 145 2647 374 819 1229 290 755 54631 10801 5762 162 1510 2906 958 45405 107144 101 830 216 763 1316 505 1176 4755 139 1252 494418 226808 1099 188 921 4763 205 4511 296 98 3053 1238 174 157 181 98 166 393 31455 14333 100666
internal_value=-6.84064e-08 2.77136e-06 9.84086e-06 -2.33648e-06 -4.52124e-05 -2.14995e-06 3.93408e-06 4.9446e-05 0.000120068 0.000424275 -1.62517e-05 8.88337e-05 8.71758e-06 -3.47441e-06 -3.88861e-05 0.000143307 -4.95355e-05 -0.000116054 -0.000185577 -2.71382e-05 7.66424e-05 -2.53454e-05 8.55011e-06 2.48655e-05 4.72497e-05 6.46678e-05 0.000109895 -3.84376e-06 4.43216e-05 -3.24662e-06 -4.442e-06 -2.76656e-06 6.57855e-05 0.000282914 -0.000133881 -3.33908e-05 0.000133856 -6.95378e-05 1.58387e-05 -8.96325e-06 7.04463e-05 -2.92043e-06 -7.11376e-06 2.53431e-05 1.1882e-06 1.48911e-06 -2.44484e-05 6.18142e-05 4.24647e-05 -3.57598e-05 8.95143e-05 -4.29444e-05 2.74775e-05 0.000170606 -5.60263e-05 -7.29093e-05 0.000178298 0.000209661 -2.24265e-05 -1.20479e-05 -9.1205e-06 6.01584e-06
internal_weight=2.38041e+06 1.05699e+06 193393 1.32342e+06 5730.2 1.31769e+06 235570 10225.4 3295.37 304.5 4321.19 2990.87 189876 1.08212e+06 6914.24 380.452 6533.79 1643.7 1174.16 4890.08 2866.07 4174.26 189763 25510.5 13477.4 10050.6 3599.4 3426.82 1593.94 1.0752e+06 897730 735677 1645.6 420.007 1409.01 4038.11 1353.41 2367.96 6930 1225.6 3516.94 734032 251583 1512.67 863595 853578 10016.8 1160.18 7038.38 8856.66 479.143 8377.52 5902.7 505.414 3348.11 423.592 990.467 858.031 654.764 162052 131828 164252
internal_count=2380245 1036206 180818 1344039 4581 1339458 242600 8897 2636 224 3466 2412 177769 1096858 5644 301 5343 1310 936 4033 2327 3352 177680 22383 11582 8573 2811 3009 1301 1091214 920849 767917 1286 317 1115 3247 1059 1931 6261 969 3049 766631 272213 1268 855388 846218 9170 960 6670 8210 394 7816 5749 379 2804 343 769 671 581 152932 121477 155297
is_linear=0
shrinkage=0.05


Tree=46
num_leaves=63
num_cat=0
split_feature=278 327 53 154 1 327 48 199 360 109 30 314 49 317 327 49 2 1 46 31 2 108 1 198 20 49 49 327 337 327 198 360 203 108 358 337 355 333 360 314 198 358 1 311 314 206 108 278 189 46 355 259 360 48 203 12 49 46 363 2 356 182
split_gain=0.0060005 0.00703385 0.00437343 0.00426874 0.00373047 0.00471029 0.00426119 0.00686052 0.00469777 0.00352864 0.00390834 0.00387414 0.00444588 0.00439005 0.00386972 0.00349888 0.00389053 0.00344994 0.00360014 0.00344981 0.00340837 0.00306285 0.00415454 0.00296329 0.0040992 0.00296114 0.00325415 0.00290085 0.00289411 0.0028817 0.00286326 0.00362193 0.00277949 0.00310817 0.00277837 0.00307006 0.00280536 0.00273955 0.00279663 0.00272348 0.00254622 0.00490776 0.00339746 0.00332388 0.00270393 0.00252723 0.002526 0.0031152 0.00399818 0.00359925 0.00783904 0.0033711 0.00782382 0.00286229 0.00373065 0.00335613 0.00319205 0.00515376 0.00290637 0.00349438 0.00279738 0.00251672
threshold=0.91000315546989452 -0.00067502239835448552 0.0010135579505003991 0.00038934941403567796 0.067955501377582564 -0.0024407136952504511 0.078784283250570311 0.00045512116048485046 0.25028850138187414 75.480266571044936 -0.0039144305046647778 0.033374300226569183 0.1969866752624512 0.002778026857413352 0.001274764887057245 0.050492910668253906 -0.0070926402695477 0.008773094508796932 -0.059502582997083657 0.060252048075199134 0.0027522586751729254 79.974887847900405 0.0012693451135419311 0.0032691241940483455 0.0068564582616090783 0.1934616416692734 0.29721474647521978 0.00082838785601779829 -0.0021942729363217946 -1.0000000180025095e-35 0.0024494481040164833 -0.72919479012489308 4.6670334995724268e-05 106.19893646240236 0.10402762517333032 0.17462258785963061 -0.069089155644178377 0.20049468427896502 -0.22925571352243421 0.014135321602225305 0.002426519058644772 -0.077153544872999177 0.063749361783266081 -0.01043042680248618 0.038007643073797233 8.0635186350264138e-06 15.243814945220949 0.21042697876691821 0.048901207745075233 0.0075494719203561553 -0.1828317195177078 0.30719035863876348 0.32985582947731024 0.18107663840055468 0.00029256341804284608 -0.0036762431263923641 0.32261578738689428 -0.024176578968763348 0.84289860725402843 -0.012261869851499794 -0.17127367109060285 0.015385578386485578
decision_type=2 2 2 2 2 2 2 2 2 10 10 2 2 2 2 2 2 2 2 10 2 2 2 2 2 2 2 2 2 2 2 2 2 2 2 2 2 2 2 2 2 2 2 2 2 2 2 2 2 2 2 2 2 2 2 2 2 2 2 2 2 2
left_child=1 32 3 29 5 -2 7 8 -6 10 14 12 13 -11 -5 -15 17 18 39 28 21 27 -23 24 -21 -10 -27 -7 -8 -3 31 -13 -1 -34 36 -36 -19 -25 -39 -17 44 42 -42 -43 -22 -38 47 49 -49 -12 51 -51 -53 54 -48 -56 -55 -58 60 -60 -59 -20
right_child=4 2 -4 9 6 20 19 -9 25 11 46 30 -14 15 -16 16 -18 34 61 23 40 22 -24 37 -26 26 -28 -29 -30 -31 -32 -33 33 -35 35 -37 45 38 -40 -41 41 43 -44 -45 -46 -47 53 48 -50 50 -52 52 -54 56 55 -57 57 58 59 -61 -62 -63
leaf_value=2.9429093487786569e-06 2.897590624296506e-05 1.9615866475348225e-06 -1.4327250397799062e-05 -3.1006352915236119e-06 -1.0849553548160099e-05 -1.7516322941984864e-06 5.3819097255722113e-05 -0.00036385021419767027 -4.3782945670463136e-05 9.7884992887480533e-06 1.5314083677187303e-05 0.00029127941746604131 2.4010257055690396e-06 -1.087001917107781e-05 -3.4453275312106043e-05 8.5807695065150604e-05 -5.6950040904690546e-06 2.3210142677631848e-05 2.380431215530668e-05 2.7616728640523414e-05 4.8134120534259855e-06 5.9538286472919976e-06 -1.3799193795765398e-05 -0.00012580445178165088 -6.9136348423897166e-05 -0.00023899439759675546 -7.4732619019667965e-05 -3.310126944204869e-05 -1.8269624512644002e-05 -3.2321631455651749e-06 -4.3335515511983949e-05 7.9175034451661969e-05 1.9995815559720547e-05 3.7146532014976828e-07 9.7407846187512473e-05 0.00029219278329811532 0.00029678003770251815 5.583072877878771e-05 -6.5412110462428785e-05 0.00032855283655232505 6.6363180782546368e-06 0.00033295210870636918 -0.00024222630719100552 7.9886217156947102e-05 0.00022138921644772032 7.8064169861560517e-05 -2.0454037419506063e-07 5.8279921583282427e-06 -5.2638696249905792e-05 9.7287136728969596e-05 1.5460796770690469e-05 0.0001136399490550163 0.0005051244101069571 1.915187712141511e-06 3.7325505338874911e-05 -4.5634514686349194e-05 0.00033266420647422236 -0.00013311358309948002 0.00020198244644113619 5.8609005278130517e-06 3.9382568547810106e-05 -0.00011567682187282351
leaf_weight=72709.969543457031 10822.399169921875 477140.52940368652 49445.860961914062 82004.908294677734 2806.2582421302795 345905.95806205273 2866.2661204338074 183.00296151638031 980.56044399738312 42880.139525055885 46369.524134874344 239.0487060546875 84334.139497518539 3444.4510456323624 11182.055511474609 873.89589703083038 3421.0404249429703 2916.5332424640656 7359.5160007476807 3169.9550814628601 19753.866438388824 32230.541366219521 152869.04096984863 1237.8782809972763 1669.7006316184998 632.63911688327789 579.38578832149506 7537.8944444656372 2704.0488715171814 606604.73296689987 359.23997139930725 1239.1149785518646 87346.620431900024 26237.718130111694 753.30197703838348 276.50703036785126 133.43081748485565 633.13330137729645 1894.4609546661377 131.73627078533173 1706.9886655807495 135.47291851043701 147.1160888671875 2398.6170749664307 143.17779922485352 5843.7408320903778 68263.614735364914 79851.457473754883 3033.2061767578125 906.50202798843384 2933.4698324203491 359.02378821372986 197.41939043998718 5277.7174026966095 1428.9834629297256 8246.3231395483017 168.051429271698 265.43059110641479 564.32001221179962 379.40454828739166 1939.8080339431763 336.29879260063171
leaf_count=69978 9010 497164 45800 81755 2549 353710 2388 140 910 38833 48308 168 84761 2872 10379 708 2977 2485 6397 2563 20121 30721 146031 996 1655 506 492 6822 2837 618763 300 978 78341 23851 647 201 93 521 1564 95 1498 98 116 1995 112 4738 65484 83926 2599 775 2862 269 139 4675 1258 7362 126 218 424 320 1565 296
internal_value=-6.48375e-08 1.38113e-06 3.11216e-07 7.7771e-07 -4.42314e-06 -3.69461e-06 -2.60106e-05 -6.48022e-05 -5.37132e-05 4.76889e-06 1.71968e-06 1.09518e-05 1.00828e-05 1.95578e-05 -6.86348e-06 3.59898e-05 4.33115e-05 5.23127e-05 2.93218e-05 -1.18231e-05 -4.32292e-06 -5.14919e-06 -1.03597e-05 -3.16656e-05 -5.77824e-06 -0.000108514 -0.000160725 -2.42041e-06 1.88304e-05 -9.45512e-07 8.30831e-05 0.000113824 1.05764e-05 1.54627e-05 7.24623e-05 0.000150173 6.34324e-05 -6.49172e-05 -3.5022e-05 0.000118196 1.39993e-05 4.84647e-05 -1.33497e-05 9.36671e-05 6.39397e-06 8.30443e-05 5.35229e-06 9.66148e-06 3.68716e-06 1.94151e-05 6.26427e-05 0.000157101 0.000253846 -1.30329e-06 -4.32326e-06 -3.33766e-05 2.60772e-05 6.44971e-05 4.99837e-05 0.000123315 1.85185e-05 1.76807e-05
internal_weight=2.38041e+06 1.7874e+06 1.6011e+06 1.55166e+06 593008 573651 19357.3 5181.85 4998.84 467913 313371 154542 152705 68370.6 93187 25490.5 22046 18625 8701.45 14175.4 562829 538543 185100 8605.13 4839.66 2192.59 1212.02 353444 5570.31 1.08375e+06 1837.4 1478.16 186294 113584 9923.51 1029.81 8893.7 3765.47 2527.59 1005.63 24285.2 4388.19 1854.1 2534.09 19897 5977.17 220184 133651 82884.7 50765.9 4396.42 1462.95 556.443 86533.7 77938.9 9675.31 8594.73 3317.01 3148.96 943.725 2205.24 7695.81
internal_count=2380245 1792890 1620720 1574920 587355 570234 17121 4597 4457 458993 312444 146549 145103 60342 92134 21509 18637 15660 7496 12524 561224 537284 176752 7299 4218 1908 998 360532 5225 1115927 1446 1146 172170 102192 8164 848 7316 3081 2085 803 23940 3707 1614 2093 20233 4831 220310 138878 86525 52353 4045 1183 408 81432 74104 8620 7328 2653 2527 744 1783 6693
is_linear=0
shrinkage=0.05


Tree=47
num_leaves=63
num_cat=0
split_feature=276 52 36 0 190 358 32 16 212 357 15 202 203 200 47 31 315 360 259 200 358 11 21 322 343 355 203 357 262 177 46 22 246 213 32 357 201 35 23 0 196 346 48 209 200 159 35 315 337 259 262 358 348 204 358 177 46 314 357 223 317 291
split_gain=0.00559886 0.00483679 0.00430587 0.00411017 0.00448796 0.00520329 0.00446947 0.00441475 0.00469001 0.00477647 0.00378736 0.00427736 0.00392448 0.00417591 0.00345971 0.00331495 0.00518081 0.00416432 0.0043504 0.00329377 0.00326252 0.00301108 0.00298172 0.00336765 0.00288315 0.00318659 0.00300506 0.00272853 0.00261659 0.00422243 0.00314521 0.00314301 0.00252361 0.00251191 0.00249388 0.00327197 0.00281231 0.00283257 0.00372292 0.00245137 0.00258049 0.00243115 0.00242141 0.00356892 0.00342111 0.00270979 0.00257448 0.0024106 0.00240984 0.00240801 0.00299904 0.00296619 0.00238698 0.00243376 0.00235692 0.00232805 0.00331738 0.00247723 0.00227798 0.0032009 0.00257226 0.00226185
threshold=0.77999740839004528 0.00073050396167673181 0.0054213826078921565 -0.0092270798049867136 0.030608558095991615 -0.53309428691864003 inf 0.016200730577111248 3.136183840979357e-05 -0.019810382276773449 -0.003394242143258452 0.0001456750251236372 0.00038352746923919773 0.00013703873992199081 0.046823140233755119 0.063430134207010283 -0.024220682680606839 0.79861155152320873 0.25239844620227819 0.0010667272144928577 1.2269380092620852 -0.041608257219195359 0.031021662987768654 -0.059231920167803757 -0.62984707951545704 -0.025567213073372837 0.00016981657972792166 -1.0022478103637693 0.0035178146790713076 0.034621339291334159 0.0062663794960826644 0.0033407809678465132 -0.66936099529266346 5.889651765755844e-05 0.00050062139052897703 0.11887079849839212 0.0013094524038024249 0.00315976026467979 0.03379716910421849 0.011900587007403375 0.0039968099445104608 0.17070022225379947 0.17699109762907031 0.00077066774247214209 0.0013612984330393376 -0.0039683091454207889 0.050700271502137191 -0.063871182501316057 -0.12210664525628089 0.27326424419879919 -0.0031403087778016921 -0.29818645119667048 0.054058151319623 0.0010817077709361913 -0.56678920984268177 -0.0024068872444331642 -0.052902791649103158 0.00089090282563120138 -0.00079533952521160234 0.023229680024087433 0.010703482665121557 1.8842939138412478
decision_type=2 2 10 2 2 2 8 2 2 2 2 2 2 2 2 8 2 2 2 2 2 2 2 2 2 2 2 2 2 2 2 2 2 2 10 2 2 10 2 2 2 2 2 2 2 2 10 2 2 2 2 2 2 2 2 2 2 2 2 2 2 2
left_child=1 3 32 4 10 -6 7 8 33 21 12 -12 55 -14 -13 22 41 61 -19 49 -15 -10 23 48 -4 26 -26 47 52 -30 -31 -32 -2 -5 36 -36 37 -25 -39 42 -41 -17 43 -3 -45 46 -44 -27 -11 50 51 -7 53 -23 -55 56 57 -1 59 -16 -60 -18
right_child=2 39 24 6 5 19 -8 -9 9 15 11 14 13 20 58 16 17 18 -20 -21 -22 28 -24 34 25 27 -28 -29 29 30 31 -33 -34 -35 35 -37 -38 38 -40 40 -42 -43 45 44 -46 -47 -48 -49 -50 -51 -52 -53 -54 54 -56 -57 -58 -59 60 -61 -62 -63
leaf_value=-3.9375178803980145e-06 1.5358493342311265e-05 8.7519751464879042e-06 2.5741151039382539e-05 9.6140768838995211e-07 -8.5276145899131997e-05 -8.6336694223368738e-06 -0.00024969639164035214 1.1156723417365817e-05 5.5626539767310369e-05 -9.836745251152844e-05 1.1760084939116038e-05 2.4138838194502791e-06 -3.5190794809257587e-05 6.2266283895200781e-05 -9.5127754794482828e-05 0.00019865987898113854 -4.6459161771544081e-05 -9.1379511659445871e-05 -0.00031655367131179805 -6.2060064979577517e-05 0.00029789784050525945 -2.0306884640772265e-06 -5.3768720743633061e-05 -7.8713166157586469e-06 -1.3648017377081723e-05 0.00029088854722527133 -4.2151832560969619e-05 -9.544951051875913e-06 2.6251693246551256e-05 -3.5657894834098822e-05 -4.1471738778383328e-05 7.9718293103217368e-05 -2.8523625823595989e-06 8.8299882235476147e-06 -5.5114197961582068e-06 6.1888821990035013e-06 -0.00013879801642905322 -4.2010853494738066e-05 -0.00029347635445831229 4.3369336348268001e-05 0.00023070912004853649 4.560882287908329e-06 2.6634509720864735e-05 -2.4930732137634881e-05 -0.00017706854201927355 1.7743630866726297e-05 0.00011582532351111853 4.5317628659996293e-05 9.3347834537969884e-05 0.00019906032696771466 2.1893025785833882e-05 0.00020644824207495245 9.1304845410031381e-06 -0.00015327143499792087 -2.024908979460841e-05 4.0991887496197056e-06 2.4320326383483527e-05 -0.00012347907437028433 -1.1572572813058988e-06 -2.4113556047928253e-05 -0.00010116176471291902 7.3213320316688001e-05
leaf_weight=7950.6005717515945 19747.456909179688 52936.004635572433 4590.8493957519531 393812.78903257847 475.28163909912109 214.48397922515869 177.27861022949219 83189.115851521492 2612.5634307861328 185.46819984912872 15001.280220031738 7479.4374279975891 1177.2858695983887 4832.6157035827637 3323.4266474246979 282.4076474905014 3125.7226642370224 1231.7665320634842 258.63255417346954 299.39964294433594 149.68976593017578 198204.21411824226 3153.1884059906006 266164.85945022106 20577.750186681747 109.91615295410156 16794.849060058594 67006.962307214737 23112.837986469269 5722.4245452880859 859.19554805755615 1411.5348138809204 517921.49230957031 136609.09048461914 195480.11517453194 86055.277503609657 412.51338195800781 3360.4247318506241 152.02134704589844 3355.8907623291016 192.64382934570312 373.00546514987946 1816.7371673583984 3255.9419479370117 414.98321533203125 22514.80430150032 1459.0153198242188 946.30082702636719 1319.427117228508 611.1899311542511 930.59500241279602 630.69666337966919 56554.00134909153 509.67301177978516 955.69367599487305 92232.149616360664 37197.035228610039 456.37544143199921 4275.3906605243683 3038.4741027355194 754.84098553657532 450.0591653585434
leaf_count=7225 18486 47519 4528 419658 369 179 136 97466 2266 154 14620 7062 1072 4132 2892 222 2703 1013 218 232 108 196601 3161 264597 20987 86 15588 77953 21483 5292 808 1211 508466 134717 183926 88683 346 3381 117 2698 146 297 1563 2712 325 19910 1132 921 1077 430 732 448 52920 418 893 90968 34764 412 4052 2712 688 364
internal_value=-6.1509e-08 1.42107e-06 -4.02768e-06 8.17551e-07 7.92532e-06 6.69555e-05 -6.03262e-08 -2.97887e-08 -7.02993e-07 -3.00099e-06 6.87531e-06 -8.16745e-06 1.0414e-05 4.9455e-05 -2.40077e-05 -5.69006e-06 -4.35476e-05 -6.06647e-05 -0.000130826 9.39323e-05 6.94624e-05 2.21133e-06 -5.30052e-06 -5.02403e-06 -1.30396e-05 -1.47287e-05 -2.64589e-05 -8.28717e-06 1.72527e-06 1.54189e-05 -1.59036e-05 3.38664e-05 -2.18346e-06 2.98797e-06 -5.22792e-06 -1.93504e-06 -8.6603e-06 -8.46021e-06 -5.30553e-05 1.29844e-05 5.36639e-05 8.85452e-05 1.12312e-05 5.44534e-06 -4.22163e-05 2.39291e-05 6.64064e-05 7.13747e-05 6.9621e-05 0.000113534 8.39068e-05 0.000151975 6.27234e-08 -2.50568e-06 -6.66618e-05 8.66861e-06 1.79095e-05 -1.04547e-05 -4.1352e-05 -6.12293e-05 -1.61983e-05 -3.13643e-05
internal_weight=2.38041e+06 1.73271e+06 647696 1.64677e+06 181030 3161.65 1.46574e+06 1.46556e+06 1.38237e+06 851947 177869 33872.9 143996 6159.59 18871.6 562005 5721.59 5066.18 1490.4 2686.37 4982.31 289942 556283 553130 110027 105436 37372.6 68063.2 287330 31106 7993.15 2270.73 537669 530422 551625 281535 270090 269677 3512.45 85946 3548.53 655.413 82397.5 56606.9 3670.93 25790.6 3275.75 1056.22 1504.9 2386.97 1775.78 845.181 256224 199670 1465.37 137836 45604 8406.98 11392.1 6361.9 5030.23 3575.78
internal_count=2380245 1733230 647015 1657225 173097 2390 1484128 1483992 1386526 832151 170707 32026 138681 5312 17406 550259 4817 4298 1231 2021 4240 281892 545442 542281 120063 115535 36575 78960 279626 28794 7311 2019 526952 554375 541050 272609 268441 268095 3498 76005 2844 519 73161 50556 3037 22605 2695 1007 1231 1789 1359 627 250832 197912 1311 133369 42401 7637 10344 5604 4740 3067
is_linear=0
shrinkage=0.05


Tree=48
num_leaves=63
num_cat=0
split_feature=144 134 219 36 276 343 108 208 219 32 57 205 41 183 292 355 339 134 0 201 2 45 0 2 202 259 259 278 327 108 2 35 0 292 202 0 37 278 292 0 312 360 292 348 337 360 31 44 202 260 346 202 108 19 108 0 292 7 2 48 202 334
split_gain=0.00548447 0.00349808 0.00304782 0.00282126 0.00280138 0.00265178 0.00251873 0.00203825 0.00201983 0.00199488 0.0019097 0.00189788 0.00186971 0.00234951 0.00188895 0.00362305 0.00230138 0.00185936 0.00184983 0.00183372 0.00176232 0.00295093 0.00157161 0.00195815 0.00271078 0.00252576 0.00153942 0.00152938 0.00234903 0.00185704 0.00210918 0.00187535 0.00149273 0.00170952 0.00148306 0.00146255 0.00144441 0.0049757 0.00144075 0.00151396 0.0014211 0.00140334 0.00139257 0.00151928 0.0013326 0.00130962 0.00141685 0.00214806 0.00180457 0.00155783 0.00132315 0.0012613 0.00122436 0.00121384 0.00121093 0.001207 0.00134986 0.0012953 0.00148788 0.00140592 0.00139387 0.00126053
threshold=-1.0000000180025095e-35 -1.0000000180025095e-35 0.0017898385995067658 0.0054213826078921565 0.15666566789150241 -0.34281800687313074 14.685016155242922 0.00020709302043542269 0.00099462899379432223 0.064439397305250182 0.81246256828308117 3.1498721000389203e-05 0.0092125600203871744 0.066468928009271636 1.7697816491127016 -0.16871339082717893 0.94329348206520092 1.0000000180025095e-35 0.02384186536073685 0.00012123471969971435 0.0044868092518299827 0.00034782051807269459 -0.025389432907104489 -1.0000000180025095e-35 0.00032229824864771223 0.21784135699272159 0.27908931672573095 0.94892889261245739 -1.0000000180025095e-35 76.160247802734389 -0.0094465850852429849 -0.038328208029270165 -0.027545910328626629 0.76933717727661144 0.00040926056681200867 0.00102881679777056 0.031815251335501678 0.11000424623489381 -0.018998567946255204 -0.0081354118883609754 -0.00011999092021142131 0.96029576659202587 0.14996910840272906 -0.0078303338959813101 -0.090470325201749788 0.70713734626770031 -0.001128337695263326 0.0015388337778858843 0.0011052283225581052 1119712.9375000002 0.92268753051757824 4.6490775275742642e-05 81.679355621337905 0.023438828065991405 94.66308975219728 -0.010399320628494023 -0.058648454025387757 0.011859081685543062 -0.0032255022088065739 0.061910983175039298 0.0006646391993854196 0.55215680599212658
decision_type=8 2 2 8 2 2 2 2 2 8 2 2 10 2 2 2 2 2 2 2 2 8 2 2 2 2 2 2 2 2 2 10 2 2 2 2 10 2 2 2 2 2 2 2 2 2 10 8 2 2 2 2 2 2 2 2 2 2 2 2 2 2
left_child=2 3 4 10 6 36 19 -5 27 17 11 18 13 -4 16 -16 -14 -7 -2 -1 -21 -22 26 24 -24 -26 -11 28 -3 30 45 34 33 -13 51 -32 -6 -38 -33 -40 -9 -41 43 -18 -15 -30 47 -47 49 50 -48 -31 -29 -23 -19 -8 57 -57 59 -59 -60 -58
right_child=1 8 12 7 5 9 55 40 -10 22 -12 32 14 44 15 -17 42 54 -20 20 21 53 23 -25 25 -27 -28 52 29 31 35 38 -34 -35 -36 -37 37 -39 39 41 -42 -43 -44 -45 -46 46 48 -49 -50 -51 -52 -53 -54 -55 -56 56 61 58 60 -61 -62 -63
leaf_value=8.6229243002081792e-06 -9.8391397087389371e-06 3.5939073655765439e-06 1.9048980044106387e-05 -7.6769276557315741e-06 8.2649234645497844e-06 -2.2800353128058811e-06 1.7671882093459078e-05 -5.632516671869879e-06 1.6181690460537089e-05 -1.9855591738430893e-06 -9.1552468295248788e-06 1.8121743249036384e-05 1.2363176884306273e-05 5.181714200894476e-05 0.00033005580919970567 6.6161669317804975e-05 0.00026992102055630834 6.5670218517053698e-06 0.00012931799871021327 2.2237034382791286e-05 0.00032036493197051439 4.0290877707099453e-05 -7.1680212072388914e-06 -1.3209096974671896e-05 -7.2802385814106749e-05 -0.0002219964954199373 0.00014889478048200401 -1.8230459855222492e-06 -1.0554603654365055e-05 0.00015575114663395867 5.5470390490149257e-06 1.4323761318541764e-05 -1.8823875269256111e-07 0.00013758009919753202 0.00019943114219202345 -4.8149129891826701e-06 0.00037603524333224128 8.717406366402877e-06 1.271203296962145e-05 -6.045093143181046e-07 -3.1254489117548522e-05 -2.2036666111882053e-05 3.530996205688954e-05 9.5674827179744316e-05 -0.00010987089097329771 5.091405819429521e-08 3.0960205506823061e-06 -3.5700874337189787e-05 0.00019156464150580353 0.00019231475757707354 4.7416090913437722e-05 2.0998554574969254e-05 -1.0328721236325191e-05 0.00018795169389818707 -2.5805186576110067e-06 2.0173739281042234e-06 -3.2138183914034566e-06 6.0195552126724625e-05 -4.7436499098103686e-06 1.7339798437377793e-05 0.00012405666285386199 1.5494400883493997e-05
leaf_weight=40054.816951751709 65926.668524503708 361646.54204082489 12910.654136657715 47327.598968505859 95367.69361114502 313534.83523905277 13956.9005651474 7294.3701171875 18727.10009765625 613.69752323627472 115667.37905240059 1176.7165826559067 2775.962416768074 163.39223301410675 162.69421815872192 626.18855142593384 181.3680739402771 132538.06400334835 237.69132995605469 28259.372856140137 114.16279685497284 1196.8642076253891 1083.3030879497528 4708.0237572193146 1113.5764538049698 380.40881192684174 231.30661189556122 153754.08929824829 120954.63304328918 201.32736313343048 69928.735468387604 21076.52912902832 275587.37239074707 400.09631407260895 162.53966343402863 66375.707885742188 116.81701076030731 411.93653690814972 19825.934395909309 88715.64639377594 20977.761627197266 8355.3509653806686 480.573073387146 406.71101891994476 561.12375819683075 19398.236799240112 13865.446550607681 5360.8778247833252 135.77723121643066 114.09291589260101 1914.8897079229355 1196.4858481884003 58369.674133300781 155.84557700157166 49760.150085449219 15400.328577518463 75919.961782097816 3571.5803189277649 4416.5160987377167 4125.226922750473 218.53733158111572 10213.28336417675
leaf_count=43746 69236 372147 10862 54085 91528 310958 12869 6926 16104 572 110844 984 2361 125 120 523 130 128549 185 27418 79 1060 1003 4039 910 300 185 159387 126955 160 76660 20315 265370 297 130 69053 107 381 18786 88045 20619 7965 376 314 468 18915 14049 5403 98 91 1951 1151 56332 135 48170 15089 74573 3070 4183 3783 177 9839
internal_value=-5.84413e-08 -1.79134e-06 3.26547e-06 -5.07301e-06 2.80286e-06 1.10197e-06 7.96614e-06 -1.40229e-05 -8.81989e-08 -3.48204e-07 -3.59885e-06 -1.72685e-06 2.3457e-05 1.41285e-05 5.08905e-05 0.000121283 3.6391e-05 5.46679e-08 -9.33533e-06 1.56061e-05 2.50144e-05 7.84174e-05 -2.49116e-05 -3.23994e-05 -6.74176e-05 -0.000111037 3.95696e-05 -3.89498e-07 6.12199e-07 -1.85208e-06 -4.08075e-06 2.90841e-06 8.94923e-08 4.85687e-05 5.73809e-05 5.01118e-07 8.72288e-06 9.09798e-05 2.29156e-06 1.21939e-07 -2.46447e-05 -2.44969e-06 9.86669e-05 0.000150146 -7.33649e-05 -7.94194e-06 -1.94324e-07 -7.69237e-06 1.13861e-05 9.82307e-06 8.47944e-06 4.06018e-05 -4.16361e-06 5.75552e-05 4.07011e-06 3.79514e-06 2.09393e-06 1.16878e-05 2.37621e-05 3.72368e-05 1.38002e-06 -9.95176e-07
internal_weight=2.38041e+06 1.56468e+06 815732 534596 797463 599860 197603 75599.7 1.03008e+06 503963 458996 343329 18268.7 13635.2 4633.5 788.883 3844.61 495833 66164.4 69781.1 29726.2 1466.87 8130.32 7285.31 2577.29 1493.99 845.004 1.01135e+06 799229 437582 298048 139534 277164 1576.81 1560.35 136304 95896.4 528.754 137973 116897 28272.1 97071 1068.65 588.079 724.516 161744 40789.3 24759.1 16030.2 15894.4 15780.3 1397.81 212124 1352.71 182298 127822 113865 27732.2 12331.9 7696.81 4635.05 86133.2
internal_count=2380245 1582243 798002 528546 782723 586702 196021 81630 1053697 494686 446916 336072 15279 11455 3824 643 3181 487677 69421 72438 28692 1274 7009 6252 2213 1210 757 1037593 821874 449727 313175 136552 266651 1281 1441 145713 92016 488 135111 114796 27545 96010 820 444 593 167462 40507 24318 16189 16091 16000 1311 215719 1195 176719 123583 110714 26302 11213 6853 4360 84412
is_linear=0
shrinkage=0.05


Tree=49
num_leaves=63
num_cat=0
split_feature=343 278 327 327 108 1 0 225 46 262 74 42 46 359 199 349 339 200 0 291 356 349 291 183 198 204 315 358 327 174 214 208 188 356 198 320 224 329 319 292 198 49 0 355 108 347 42 175 20 0 292 174 46 69 0 175 292 349 264 268 1 329
split_gain=0.00513035 0.0053464 0.00683253 0.00378134 0.00443791 0.00860656 0.00633078 0.00543616 0.00497722 0.00493316 0.00420518 0.00396975 0.00432793 0.00661221 0.016895 0.00591571 0.00523683 0.00506735 0.00443592 0.00508667 0.00472935 0.00394155 0.00413268 0.00381372 0.00378641 0.0221174 0.0130555 0.00377433 0.00373278 0.00367055 0.00365219 0.00365144 0.00359364 0.00699553 0.00702025 0.00343824 0.00340519 0.00429346 0.00340229 0.00336025 0.00465887 0.00474459 0.00572862 0.00377999 0.00334159 0.00313125 0.00310253 0.00312346 0.00307583 0.0034223 0.00637028 0.00307282 0.00478873 0.00402463 0.00306425 0.00450362 0.00298246 0.00297176 0.00293792 0.00292006 0.00287155 0.00282044
threshold=-0.3367572128772735 0.73999774456024181 0.0029928383883088831 5.7160997712912838e-08 76.160247802734389 -0.010715850628912447 -0.019412713125348088 -0.29937009513378138 -0.034080637618899338 0.014700619503855707 0.057951649650931365 0.055359199643135078 0.0075494719203561553 0.12695915251970294 7.6957850978942602e-05 -0.0072838265914469949 1.379553556442261 0.0013612984330393376 -0.024239955469965931 0.77805146574974071 -0.13122684508562085 0.51606208086013805 0.43279834091663366 -0.0075794812291860572 0.0078178048133850115 0.00019930121197830888 0.00077870592940598737 -0.066175680607557283 -0.00063245839555747796 0.034090176224708564 0.00019122586672892797 4.3145675590494654e-05 0.031879438087344177 -0.77657034993171681 0.0043558678589761266 -0.0048317657783627501 -0.18208965659141538 0.44345758855342871 0.0078883287496864813 -0.018998567946255204 0.0031284921569749717 0.082115218043327345 0.00060759211191907536 0.060868538916110999 17.709614753723148 0.15840891748666766 0.0027952765813097362 0.038090027868747718 0.0096434797160327452 0.011900587007403375 0.96544194221496593 0.0052669334691017875 -0.059502582997083657 0.058094412088394172 -0.0085503146983683092 0.0074999670032411822 0.037619378417730338 1.0000000180025095e-35 0.0021410387707874183 -0.0030244962545111771 0.016749210655689243 0.41533581912517553
decision_type=2 2 2 2 2 2 2 2 2 2 2 8 2 2 2 2 2 2 2 2 2 2 2 2 2 2 2 2 2 2 2 2 2 2 2 2 2 2 2 2 2 2 2 2 2 2 10 2 2 2 2 2 2 2 2 2 2 2 2 2 2 2
left_child=-1 3 28 29 8 6 -6 56 46 39 -11 12 17 14 -14 27 21 18 19 20 -10 22 -15 -13 32 26 -26 -16 -3 58 -30 -8 -20 -34 -35 -31 37 -36 -4 40 54 42 43 -42 -18 -17 47 -5 49 59 -51 -41 -53 61 55 -9 -7 -52 -2 -24 -44 -54
right_child=1 2 38 4 5 7 31 9 11 10 -12 23 13 16 15 45 44 -19 24 -21 -22 -23 48 -25 25 -27 -28 -29 30 35 -32 -33 33 34 36 -37 -38 -39 -40 51 41 -43 60 -45 -46 -47 -48 -49 -50 50 57 52 53 -55 -56 -57 -58 -59 -60 -61 -62 -63
leaf_value=5.39951979306364e-06 3.1688123818640854e-06 1.6732043044434928e-06 -0.00022941643743405011 -1.2256517882157662e-05 0.000301947049825019 -8.0911449622481734e-07 0.0001505226496835415 3.4448766485269043e-06 -0.0001797659889438499 0.00016207408524075446 -0.00010539569135823608 -0.00029261952120031667 0.00047711926451877973 -1.1015584847931922e-05 0.00026753921437804972 1.7646443474077932e-05 -0.00012939190692564612 -0.00011306503381589228 -2.1515553883980176e-06 0.00018752533327995134 7.1331337729514912e-05 0.00013143958265194111 0.00016974740731251668 -4.4408628550464321e-05 0.00078120656112051149 -2.8838464439713065e-05 0.00016290854796118261 1.4585103124675659e-05 -3.8515370035043996e-06 0.00025948114109260471 -1.3206310686680035e-05 3.543718068162049e-05 0.00018092982124206285 -1.6153341446324983e-05 -0.00011777433838338936 4.6659602485995787e-05 -0.00019113771900216092 0.00010784707010926876 -2.3092136213883399e-05 6.2923530692901367e-07 9.4004471953761109e-05 -4.0003573295648655e-06 0.00015312898513981821 0.00026464855519729111 -6.6171102331285812e-06 -0.00020379698953989502 -3.5721412926537397e-05 6.8986466458723311e-05 -1.6598366206992207e-05 -1.4111276162411552e-05 0.00016874943949975944 0.00017850287425520933 2.5371644344068557e-05 -8.4882623443812436e-05 2.2006409515235713e-05 -0.00020048977053756072 -1.9461142005391203e-05 0.00045025879183072017 1.7056795869976402e-05 3.4526412202815956e-05 -5.5941998527492006e-05 -5.1154431727244963e-05
leaf_weight=364947.49560546875 404221.07984256744 235230.00146484375 498.28538107872009 64744.713875770569 269.68927764892578 85658.51615524292 821.29191589355469 904.18061554431915 248.72366917133331 872.07919692993164 175.20504379272461 161.22739362716675 269.71507430076599 7195.2476816177368 358.53030121326447 590.03154993057251 958.69906806945801 1032.6399536132812 278668.71816384792 654.61412584781647 741.97368216514587 787.36443328857422 427.87557816505432 3019.7099957466125 145.87187480926514 1167.1718416213989 205.29219055175781 249.94355618953705 545078.59875392914 203.51187527179718 129031.51431369781 4247.3094673156738 352.62924194335938 5473.1318665742874 895.35863041877747 2506.7630270719528 984.47303581237793 273.90155529975891 333.48558449745178 91071.109092473984 586.95559060573578 1043.7353713512421 245.74702954292297 733.07137048244476 1310.3643605709076 216.70861887931824 15362.851614952087 1203.1077270507812 1859.4918335676193 290.55196189880371 213.37193441390991 467.65558815002441 22622.707039833069 925.07174682617188 19072.342649579048 384.37556540966034 28581.778106689453 171.02280819416046 42039.246294498444 5644.1212830543518 485.31543660163879 1269.8803416490555
leaf_count=356084 423251 218142 398 62223 184 84097 627 882 190 721 155 130 198 6687 255 478 778 805 285394 469 631 707 334 2922 105 961 159 203 566113 149 121497 3495 249 4596 725 2264 798 212 260 90731 459 865 181 531 1073 179 15650 1086 1755 292 160 387 20055 779 18334 350 26860 126 45312 4835 433 1284
internal_value=-5.54023e-08 -1.04315e-06 -3.881e-06 1.29374e-06 -1.12511e-06 3.94398e-06 6.67648e-05 2.62886e-06 -4.45992e-06 9.20202e-06 0.000117212 -1.60953e-06 -1.04165e-06 2.1137e-05 0.000115978 4.65743e-05 1.26518e-05 -2.60831e-06 -2.21396e-06 7.96017e-05 8.05588e-06 2.23979e-05 1.69487e-05 -5.71653e-05 -2.68165e-06 7.60168e-05 0.000422716 0.000164021 -3.74981e-06 4.82965e-06 -5.64217e-06 5.41371e-05 -3.09903e-06 -3.61789e-05 -4.62617e-05 6.28197e-05 -0.000122688 -6.48282e-05 -0.000146948 8.39129e-06 2.5655e-05 8.27921e-05 0.000126919 0.000189028 -5.85588e-05 -4.21951e-05 -1.5487e-05 -1.07723e-05 4.03248e-05 5.60134e-05 0.000162673 4.9108e-06 2.03306e-05 1.73359e-05 1.6963e-05 -5.76051e-05 -5.47592e-06 0.000295679 4.47718e-06 4.41078e-05 1.45634e-05 2.13004e-05
internal_weight=2.38041e+06 2.01546e+06 910172 1.10529e+06 656317 260438 5338.29 255100 395879 140859 1047.28 314568 311388 20543 1684.93 1415.21 18858.1 290844 289812 1645.31 990.697 16589 15801.7 3180.94 288167 1518.34 351.164 608.474 909340 448971 674110 5068.6 286648 7979.49 7626.87 2710.27 2153.73 1169.26 831.771 139812 23455.7 3094.82 2051.09 1320.03 2269.06 806.74 81310.7 65947.8 8606.44 6746.94 674.947 116356 25285.3 24817.7 20360.9 1288.56 114240 384.395 446260 6072 731.062 23892.6
internal_count=2380245 2024161 906410 1117751 646775 251410 4306 247104 395365 136147 876 316406 313354 18060 1313 1115 16747 295294 294489 1290 821 14896 14189 3052 293199 1225 264 458 905752 470976 687610 4122 291974 6580 6331 2413 1735 937 658 135271 22035 2469 1604 990 1851 657 78959 63309 7502 5747 578 113236 22505 22118 19566 1232 110957 286 468563 5169 614 21339
is_linear=0
shrinkage=0.05


Tree=50
num_leaves=63
num_cat=0
split_feature=276 344 1 191 0 0 42 359 355 189 39 267 32 36 16 355 18 108 360 346 355 0 291 2 200 48 259 349 173 357 187 47 187 197 22 346 48 357 358 2 360 0 269 0 196 225 108 360 342 180 200 34 217 198 349 1 322 16 19 356 9 201
split_gain=0.00523212 0.00509515 0.00435493 0.00560947 0.00620786 0.0081607 0.00775396 0.00929845 0.00649032 0.00484724 0.00484072 0.00425133 0.00407774 0.0040117 0.00405844 0.00397388 0.0038871 0.0040032 0.00912719 0.00819935 0.00551205 0.005498 0.00595559 0.00577374 0.00458207 0.00432241 0.00417219 0.00405814 0.00507469 0.00427061 0.00359491 0.00718551 0.0108931 0.00358151 0.00350155 0.00337354 0.00333293 0.00522904 0.0031295 0.00309285 0.00309032 0.0030626 0.00596648 0.0030378 0.00960143 0.00356811 0.00522473 0.00973209 0.015107 0.003605 0.00335735 0.00721051 0.00307903 0.00404864 0.0228407 0.00885881 0.00356688 0.00323224 0.00300006 0.00293281 0.00292931 0.00406126
threshold=0.13000876456499103 -0.1827932074666023 0.05934156849980355 0.040635593235492713 0.00030090953805483883 0.0035428495611995463 0.0016773279639892282 0.12317387759685518 0.075117576867342009 0.02653493266552687 0.04238912649452687 -0.0040379723068326703 0.027088048867881302 0.0054213826078921565 0.01422224333509803 -0.1828317195177078 0.000870416988618672 16.47304725646973 -0.14711481332778928 -0.014218521304428576 -0.10671811178326605 0.011900587007403375 0.28272624313831335 -0.0048102280125021926 0.00036259874468669301 0.084673490375280394 0.32548987865448004 0.14928460866212848 0.00013555575424106794 0.057976216077804572 -0.0012831821222789583 0.032507056370377548 0.0074269589968025693 0.0026560024125501518 0.015598264988511803 0.045359093695878989 0.067973930388689055 -0.16355664283037183 0.37793760001659399 -1.0000000180025095e-35 -0.55164584517478932 -0.027545910328626629 -0.0069142924621701232 0.011900587007403375 0.0039968099445104608 0.10049936175346376 15.055019855499269 -0.70710214972496022 0.20097319036722186 0.014684314373880627 0.0013612984330393376 -0.038911780342459672 6.3184077589539825e-05 0.0078178048133850115 -0.33021615445613856 0.042871018871665008 0.0019696622621268038 0.0008781207143329085 0.035854768007993705 -0.094276741147041307 0.047416968271136291 0.0011069004540331664
decision_type=2 2 2 2 2 2 10 2 2 2 10 2 10 8 2 2 2 2 2 2 2 2 2 2 2 2 2 2 2 2 2 2 2 2 2 2 2 2 2 2 2 2 2 2 2 2 2 2 2 2 2 10 2 2 2 2 2 2 2 2 2 2
left_child=12 41 3 13 10 6 8 -8 -6 -7 11 -5 -1 43 30 33 17 18 20 25 27 22 23 -22 38 -20 -26 29 -29 -4 -15 32 -32 58 60 -25 37 -35 -21 -10 -31 42 -2 50 45 -45 47 48 -47 -48 52 -52 57 -54 -55 59 -57 -3 -14 -56 61 -18
right_child=1 2 16 4 5 9 7 -9 39 -11 -12 -13 15 14 -16 -17 34 -19 19 24 21 -23 -24 35 26 -27 -28 28 -30 40 31 -33 -34 36 -36 -37 -38 -39 -40 -41 -42 -43 -44 44 -46 46 49 -49 -50 -51 51 -53 53 54 55 56 -58 -59 -60 -61 -62 -63
leaf_value=3.2348784257681493e-06 0.00026799734722080545 -5.7294400006094088e-06 -0.0001330954670630364 9.9033656602679087e-05 4.1237834374461604e-06 0.00031817881186592211 0.0005930250290057202 0.00016007182768211167 0.00027560872899651771 1.7218299216918316e-05 0.00021586703712413017 -2.28530422332969e-05 2.8600023764207864e-05 -2.3080087193454052e-05 1.9502164206889942e-06 1.0669168295270504e-05 1.1913683383463658e-05 -1.6580571896887124e-05 -0.000259431073145244 -0.00010823255308760275 -4.7455397593594093e-06 0.00032468661990646359 -7.3706920652246674e-05 7.4364211573198951e-05 -1.4116589306777583e-05 -6.4851529770893528e-05 0.00031457775052598101 -0.00010949187710353826 0.00030747617266784069 -4.6794165633576481e-05 5.1545575548062018e-05 -7.9097935042262444e-06 0.00060026779260941802 0.00046752991469463379 -6.6048296024677578e-05 0.00029237181375821536 7.3393309224101667e-05 9.3775428754690757e-05 0.00012732549871307988 9.4482117647420663e-05 0.00024511922501793578 3.3853068740727722e-06 1.1027370027011161e-05 -2.5569308975724733e-06 0.00039409817011161084 4.7527328207198738e-05 1.1350699886537377e-05 4.7724931504575215e-05 0.00059509659672968523 0.00027649397475120737 0.00019283360260430169 -6.7271439867737368e-05 1.2319216946694412e-06 0.00063341047066048394 0.00019324181092912203 0.00042254383862669732 9.1277616270391313e-05 2.1274527319350368e-06 0.00027416915080421281 -4.3693648233905529e-05 -1.4378960167563488e-05 0.00014058975194171058
leaf_weight=416846.25456309319 320.0148663520813 493257.25827813148 1568.1855821609497 788.7939875125885 1203.9819231033325 134.68396711349487 171.62287724018097 442.60487532615662 440.63715434074402 6338.7836489677429 239.46702766418457 7504.0917621850967 8885.5018949508667 58400.950927734375 59549.38427734375 34261.720359802246 14162.286912679672 24360.855239868164 1063.5017411708832 1816.0665986537933 922.93649590015411 152.27750587463379 1072.0475997924805 353.32557988166809 316.50861656665802 392.07184207439423 136.81465804576874 140.80173456668854 147.74306273460388 278.59328532218933 380.32422697544098 78074.891309142113 116.8494234085083 149.40270793437958 2023.3231933116913 358.24181187152863 1527.4275516271591 248.54190993309021 151.19756519794464 511.07276678085327 132.05999410152435 436622.15930175781 757.3197283744812 12631.652140140533 165.82356262207031 276.33773720264435 6400.1658475399017 1670.1141955852509 230.06061780452728 128.82671880722046 285.85558319091797 3592.6539993286133 501848.71190977097 163.9523059129715 140.76923894882202 165.07424592971802 160.93548774719238 178186.89785122871 124.1720552444458 1533.7589558362961 14061.278602600098 638.99364471435547
leaf_count=426462 236 491929 1304 682 990 96 120 331 305 5374 170 7308 7976 64233 73351 31368 13005 22236 845 1519 889 130 912 286 249 328 97 118 105 254 381 85279 96 105 1738 261 1209 191 115 403 105 428258 705 11549 129 256 5772 1370 162 91 224 2949 479963 123 107 117 125 190022 93 1306 12344 477
internal_value=5.46792e-09 -1.14565e-06 -2.54774e-06 -1.96969e-06 2.59395e-05 5.43236e-05 0.000126113 0.000282576 8.1311e-05 2.35763e-05 -4.81548e-06 -1.12385e-05 4.78162e-06 -2.32476e-06 -8.94714e-06 1.90463e-05 -1.52792e-05 -2.71117e-05 -5.55994e-05 -0.000113476 -1.18095e-05 3.43557e-05 1.77933e-05 7.78237e-05 -5.70036e-05 -0.00020718 8.60306e-05 -6.99958e-05 0.000104654 -9.55424e-05 -1.36847e-05 -6.70098e-06 0.000182399 4.52869e-05 -2.49672e-06 0.000184633 0.000107156 0.000235733 -9.00174e-05 0.000178745 4.78139e-05 3.59327e-06 8.77137e-05 -1.24097e-06 1.73823e-05 1.4418e-05 3.90434e-05 0.000106095 0.000297655 1.66654e-05 -1.58056e-06 -4.80116e-05 -1.42727e-06 1.52637e-06 6.97306e-05 2.29482e-05 0.000260567 -3.64439e-06 3.20446e-05 -2.35689e-05 1.96264e-06 1.74871e-05
internal_weight=2.37913e+06 1.91709e+06 1.47939e+06 1.41514e+06 17775.7 9243.39 2769.92 614.228 2155.69 6473.47 8532.35 8292.89 462043 1.39736e+06 196522 45196.8 64249.1 33363.2 9002.37 3876.16 5126.21 2858.83 2706.55 1634.5 2420.59 1455.57 453.323 2267.38 288.545 1978.84 136973 78572.1 497.174 10935 30885.9 711.567 1925.37 397.945 1967.26 951.71 410.653 437699 1077.33 1.20084e+06 21503 21337.2 8705.51 2176.51 506.398 6528.99 1.17934e+06 3878.51 1.17546e+06 504013 2164.49 2000.54 326.01 671444 9009.67 1674.53 28862.6 14801.3
internal_count=2379233 1911829 1482630 1425313 15779 7619 2149 451 1698 5470 8160 7990 467404 1409534 223340 40942 57317 29753 7517 3153 4364 2478 2348 1436 1980 1173 346 1886 223 1663 149989 85756 477 9574 27564 547 1505 296 1634 708 359 429199 941 1186194 19329 19200 7651 1788 418 5863 1166865 3173 1163692 481741 1778 1655 242 681951 8069 1413 25826 13482
is_linear=0
shrinkage=0.05


Tree=51
num_leaves=63
num_cat=0
split_feature=144 134 213 218 113 41 183 354 292 16 208 2 0 47 198 193 2 339 15 364 361 197 57 22 211 171 209 213 357 0 256 25 310 44 353 258 203 292 359 1 108 256 212 361 178 357 108 211 48 281 360 198 360 49 233 49 313 32 198 206 0 364
split_gain=0.00512257 0.00324776 0.00293805 0.00294145 0.00262661 0.00205056 0.00286341 0.00240281 0.00317661 0.00194434 0.00193213 0.00185352 0.00191075 0.00236348 0.00248308 0.00188623 0.00178396 0.00176237 0.00180614 0.00226382 0.00215042 0.00287163 0.00172238 0.00169266 0.00168174 0.00166895 0.00213275 0.00166109 0.00159663 0.0015466 0.00384053 0.0014975 0.00147107 0.00189219 0.00145767 0.00142488 0.00147129 0.00203748 0.00162853 0.00144302 0.00180252 0.00166549 0.0014147 0.00141308 0.00175196 0.00143757 0.00259966 0.00139734 0.00138263 0.00136372 0.00134115 0.00352397 0.00222817 0.00212842 0.00202043 0.00209864 0.00202777 0.00198822 0.00422153 0.00228858 0.00221786 0.00191971
threshold=-1.0000000180025095e-35 -1.0000000180025095e-35 0.000778786896262318 3.9343383832601837e-05 0.11900876089930536 0.0089439153671264666 0.066468928009271636 -0.2448116987943649 1.8229674100875857 0.016890071332454685 0.00028167516575194901 0.0044868092518299827 -0.010990698821842669 0.088540330529212966 0.0043558678589761266 0.051468094810843475 0.0020116703817620878 0.90722584724426281 0.0043015861883759507 0.86304429173469555 0.22685479372739795 0.0025871115503832702 0.80296614766120922 0.00052168808178976189 0.00025059000472538179 0.034835942089557655 0.00090452111908234667 4.3308704334776855e-05 -0.017872990109026429 0.02384186536073685 0.16862279176712039 0.0045144369360059508 0.027510138228535656 0.0037209582515060906 0.064616955816745772 0.093687597662210478 0.00032378024479839956 0.13951324671506884 0.22915551811456683 -0.0031662452965974803 22.517320632934574 -0.014964181464165447 1.4137603557173863e-05 -0.37395906448364252 -0.0086187697015702707 0.0015012536896392705 85.43255996704103 4.6576322347391404e-05 0.071159917861223235 0.58999252319335949 0.6224278211593629 0.0078178048133850115 0.3968730121850968 0.33752781152725225 -1.5787090063095091 0.17950045317411426 0.016890836879611019 0.060817390680313117 0.0078178048133850115 0.00041556813812348997 -0.027545910328626629 0.80660834908485424
decision_type=8 2 2 2 2 10 2 2 2 2 2 2 2 2 2 2 2 2 2 2 2 2 2 2 2 2 2 2 2 2 2 2 2 10 2 2 2 2 2 2 2 2 2 2 2 2 2 2 2 2 2 2 2 2 2 2 2 8 2 2 2 2
left_child=2 4 3 27 22 6 50 8 -7 11 -6 12 15 28 -15 35 -8 18 -12 20 -20 -22 47 34 42 32 31 -1 -14 49 -31 -27 -9 -34 -16 36 -5 38 39 40 -38 -41 -3 44 -37 46 -45 -2 -29 -30 51 53 -53 -4 55 56 -52 58 60 -60 -56 -55
right_child=1 24 5 9 10 7 16 25 -10 -11 17 -13 13 14 23 -17 -18 -19 19 -21 21 -23 -24 -25 -26 26 -28 48 29 30 -32 -33 33 -35 -36 43 37 -39 -40 41 -42 -43 -44 45 -46 -47 -48 -49 -50 -51 54 52 -54 61 57 -57 -58 -59 59 -61 -62 -63
leaf_value=1.9502236037761568e-06 -6.2274564362371693e-06 2.5382307063067334e-06 -6.7070204946131184e-07 7.1454020721036609e-06 -1.0124916741183616e-05 5.7608481730716625e-05 -8.2271642641256479e-05 2.555856917174552e-05 0.00025376770105685749 1.5383305407166755e-05 -2.7282900575893933e-05 2.2918839863893214e-05 2.3463946065371258e-06 -1.5277996313334994e-05 -0.00018094784919052702 0.00010073234815132211 9.6558848727327682e-05 -7.7082352801330329e-07 -8.3724417457736971e-05 -3.8891830666741193e-05 -0.00012277189384179513 -0.0003624237207353462 -9.2083139759343264e-06 -4.2461520614713895e-05 5.2133117972569085e-06 0.00010490485907893772 -9.763752692832343e-05 1.3212816081068534e-05 -9.9905221762674535e-06 -4.9750417996515442e-05 0.00028667181585655382 -2.7713423623129746e-05 0.00029209014416797417 3.5553524905681363e-05 5.1812047948296602e-06 -0.00024100428170033739 -2.2911288947000026e-05 -5.7133034921026632e-05 2.5199417138268948e-05 3.4522077957152587e-05 0.00012489532333120475 0.00022250340971472776 -1.9867741972009379e-06 -1.2108017886588862e-06 -3.9049692846118238e-05 4.2775067722625992e-05 -0.00019304418581316893 -1.2131061768046988e-07 4.7187406835235812e-06 -1.8389409572577287e-06 9.2720005182564156e-05 -3.5234882440048078e-05 -0.00018759212042601859 5.6436859735966466e-05 0.00021445632241482424 3.3034585180119269e-05 0.00029637160959409474 -4.2503148472967505e-05 0.00035090699049074417 8.8913118228778026e-05 1.5742536151444702e-05 1.3406494308393799e-06
leaf_weight=151222.13385009766 156729.0693063736 233699.20283579826 16552.236004829407 32559.173086643219 8364.586540222168 2728.1564036607742 1205.0133469104767 6089.480152130127 221.58656585216522 18702.192932128906 2044.7520234584808 7866.6194534301758 124745.42823219299 6210.3803634643555 543.24283874034882 545.51506423950195 155.97835230827332 1545.712554693222 865.81376039981842 1175.7680236101151 345.07718443870544 197.15246200561523 130793.52419567108 999.47389698028564 133295.88366699219 338.55112934112549 629.92205810546875 95677.47119140625 82271.344695448875 187.78592598438263 151.99433219432831 566.10571575164795 118.70093417167664 179.31599545478821 130.19820415973663 112.05384314060211 395.28604674339294 476.05430948734283 2074.1969256401062 177.68148374557495 428.1626250743866 352.75401484966278 662058.34982299805 1135.5818735361099 1872.9794372320175 1292.1377539634705 207.13741171360016 232950.77820205688 95962.238403320312 136321.60028588772 479.71645247936249 799.48599338531494 341.68325710296631 3736.3402116298676 140.0348014831543 1179.1292268037796 163.61982440948486 1280.8867160081863 137.83701145648956 211.16039454936981 12447.373132228851 2739.8122965097427
leaf_count=161005 162569 252223 14511 30049 8876 2229 991 5463 164 20537 2002 7321 119579 5344 425 407 125 1305 717 1041 294 152 126677 837 127316 269 521 89996 76947 165 108 473 93 161 104 101 347 432 1825 150 337 264 673348 1028 1648 1111 169 225234 98734 133691 400 631 266 2988 102 970 122 1031 104 161 10516 2527
internal_value=5.50452e-09 -1.66933e-06 3.21943e-06 2.43221e-06 -4.82922e-06 1.46669e-05 9.60977e-06 3.39984e-05 7.2506e-05 -3.7424e-07 -2.57892e-05 -1.10912e-06 -1.58997e-06 -2.78939e-06 -2.98546e-05 8.53896e-06 -6.16649e-05 -4.70002e-05 -6.24315e-05 -9.02044e-05 -0.000132936 -0.00021092 -4.24362e-06 -8.38847e-05 -2.64839e-08 1.96456e-05 -2.71499e-05 5.86806e-06 -2.16839e-06 -4.74087e-06 0.000101539 2.20385e-05 3.08931e-05 0.000138999 -0.000145054 7.30995e-06 1.06246e-05 3.96213e-05 5.3083e-05 9.57013e-05 5.4059e-05 0.000159901 -8.06217e-07 -1.88447e-05 -5.0681e-05 5.16019e-06 -3.10475e-05 -2.57722e-06 8.95956e-06 -4.907e-06 1.20252e-05 4.58558e-06 -8.11013e-05 8.83845e-06 2.32337e-05 7.27708e-05 0.000145273 1.68743e-05 2.27592e-05 0.000193798 1.79869e-05 3.31354e-05
internal_weight=2.37913e+06 1.56407e+06 815063 762621 535012 52442.1 41570.3 10871.8 2949.74 419759 14538.9 401057 393190 351561 7883.3 41628.7 1360.99 6174.28 4628.56 2583.81 1408.04 542.23 520473 1672.91 1.02905e+06 7922.08 1534.58 342862 343678 218933 339.78 904.657 6387.5 298.017 673.441 41083.2 36463.3 3904.14 3428.08 1353.88 823.449 530.435 895758 4619.89 1985.03 2634.86 1342.72 389680 191640 218593 40209.3 24169.6 1141.17 23028.4 16039.8 1822.47 643.336 14217.3 12936.4 348.997 12587.4 6476.15
internal_count=2379233 1581754 797479 752661 528867 44818 35445 9373 2393 402926 14387 382389 375068 337200 6710 37868 1116 5511 4206 2204 1163 446 514480 1366 1052887 6980 1263 349735 330490 210911 273 742 5717 254 529 37461 33404 3355 2923 1098 684 414 925571 4057 1749 2308 1197 387803 188730 210638 34329 20923 897 20026 13406 1492 522 11914 10883 265 10618 5515
is_linear=0
shrinkage=0.05


Tree=52
num_leaves=63
num_cat=0
split_feature=327 154 344 15 46 327 36 348 265 338 16 45 38 355 208 239 201 277 109 13 46 355 361 314 198 337 19 197 346 2 207 1 10 361 49 1 333 109 47 113 46 190 343 204 2 334 49 211 360 15 49 198 69 262 205 337 35 2 271 200 344 339
split_gain=0.00492173 0.00559179 0.00382815 0.00337627 0.00491064 0.00369949 0.00449088 0.00352245 0.00342529 0.003346 0.00310414 0.00351691 0.00304408 0.00303019 0.00311606 0.00316434 0.00284441 0.00280487 0.00276284 0.00315672 0.00271138 0.00295331 0.00335637 0.0026532 0.00407917 0.00537732 0.00332096 0.00499455 0.00368105 0.00519589 0.00261574 0.00344967 0.00262813 0.00332189 0.00311395 0.00295908 0.00508228 0.00333215 0.00272092 0.00441224 0.00362179 0.00430444 0.0034555 0.00293685 0.00329741 0.00419421 0.00293233 0.00258999 0.00257524 0.00256661 0.00375033 0.00345332 0.00282642 0.00413848 0.00470108 0.00391468 0.00271622 0.002525 0.0025229 0.00249678 0.00247676 0.0024441
threshold=-0.00092468989896588017 -6.3940035033738227e-05 0.11984976753592493 0.012834502384066583 -0.026020256802439686 0.0037737713428214197 0.044472061097621925 0.89002323150634777 0.020461320877075199 1.0344663858413699 0.0053218360990285882 0.0045340678188949832 0.026251781731843952 -0.22046951949596402 0.00023553877690574157 -0.080026797950267778 9.203654917655514e-05 0.09722068160772325 93.174213409423842 0.057614060118794448 0.013428142759948971 0.10368418693542482 0.32688800990581518 0.008906991686671974 0.0078178048133850115 -0.14709208160638806 0.011562251951545479 0.0052753598429262647 -0.46285299956798548 -0.024543615989387032 0.00010366093192715199 0.031095913611352447 -0.047308931127190583 0.69092386960983287 0.68152573704719555 0.053755186498165138 0.37461715936660772 15.973523139953615 0.070396881550550475 0.066968254745006575 -0.016499371267855164 0.028562927618622783 0.36673045158386236 0.00040836857806425547 0.0040760394185781488 0.35574509203433996 0.1934616416692734 0.00036961668229196226 -0.9430750012397765 0.045579444617033012 0.054914385080337531 0.0078178048133850115 0.038899920880794532 0.0029233972309157257 8.1161513662664233e-05 -0.061395045369863503 0.050700271502137191 0.0012745967833325269 -0.026772957295179364 0.0013612984330393376 0.068736016750335707 0.91869637370109569
decision_type=2 2 2 2 2 2 8 2 2 2 2 8 10 2 2 2 2 2 10 2 2 2 2 2 2 2 2 2 2 2 2 2 2 2 2 2 2 10 2 2 2 2 2 2 2 2 2 2 2 2 2 2 2 2 2 2 10 2 2 2 2 2
left_child=18 17 3 10 -5 8 7 13 20 -10 11 -3 57 -7 15 -15 -12 -2 23 47 61 -22 -23 24 30 -26 27 -25 -29 -30 31 -1 -32 38 35 -35 37 -37 -34 40 41 -40 -41 44 -42 -46 60 58 -48 52 -51 -52 -4 -54 -55 -56 -57 -11 -20 -18 -45 -6
right_child=1 2 49 4 5 6 -8 -9 9 12 16 -13 -14 14 -16 -17 59 -19 19 -21 21 22 -24 26 25 -27 -28 28 29 -31 32 -33 33 34 -36 36 -38 -39 39 42 43 -43 -44 46 45 -47 48 -49 -50 50 51 -53 53 54 55 56 -58 -59 -60 -61 -62 -63
leaf_value=9.054914656975583e-06 -9.9470345195919441e-06 1.6250852907285738e-06 -3.4311767761759896e-06 0.00019813929231830455 6.3831476641499528e-06 9.3927059962028178e-05 -0.00028972724693393883 0.00020997024150434522 3.094884697696975e-05 2.9177687346076223e-05 2.6548645097462192e-06 -1.1630566797976867e-05 0.00034670325654060605 0.00011813781312807581 -9.0687989719884994e-05 -5.7102846667283161e-05 1.8622991866177803e-05 -2.5092229592595207e-06 -0.00019089390874419749 -8.6982373520905031e-05 -1.6549659795463189e-05 -2.0290740846563656e-06 0.00014204866666386491 4.329121438795543e-05 -0.00029361750052812213 -3.2752080900336676e-05 -6.6530024062825017e-05 2.7436093411417818e-05 7.3863792374322061e-05 0.00047562365944013135 -2.9248746955279576e-05 -1.4651852520057897e-05 1.9080762577085984e-05 2.7246789156906073e-06 9.0030867056833385e-05 -0.00026074565912392406 2.0210040160373451e-05 -7.2736043479617113e-05 9.2712528547620401e-05 9.1067215116242135e-06 1.5048895959445726e-05 0.000325865634924758 -0.00016413466321047541 7.2667150205358731e-05 0.00029671703987718483 1.3820407032726849e-05 0.00021679609204622926 2.7089332314944576e-05 5.2005997622009288e-05 -0.00018435721718629554 -1.1729780386928577e-05 -0.00013578006243411867 -5.8152759717450182e-07 0.00030732678676872576 -1.7602631745835408e-05 3.1865448725366354e-05 0.00015258225396084537 0.00021267445444610387 -4.6710984060112592e-06 -0.00014567939791714518 0.00030432161509563906 2.2780283035930558e-05
leaf_weight=86421.582493185997 153450.42822265625 639122.68699717522 312921.93724060059 347.70711779594421 49985.381102323532 390.6460919380188 167.68563461303711 148.96205174922943 2459.9538426399231 473.92686557769775 71830.025733947754 54286.204551696777 150.53956961631775 438.06692242622375 1979.525293469429 619.38858389854431 52987.466003417969 728559.61157226562 180.57877922058105 1091.7419738769531 13710.293937683105 1055.8646893501282 652.90182828903198 2772.530414223671 218.32705497741699 1918.5722522735596 515.79116678237915 174.81434977054596 137.51176464557648 194.96432900428772 2896.0328979492188 18656.25214445591 38197.331269621849 12987.704428672791 893.13189697265625 364.96280336380005 956.89640617370605 665.37874412536621 926.86281073093414 1977.5375723838806 5046.0094603300095 250.78540849685669 334.8361382484436 207.73139619827271 244.92795312404633 279.55641758441925 260.25177526473999 7047.8561677932739 2505.1337094306946 391.31917750835419 5289.2854367494583 625.66357421875 5697.0966415405273 194.41898214817047 1156.18472468853 837.69161999225616 1051.8479760885239 309.00284361839294 47344.949177742004 230.2611083984375 262.14629650115967 41673.949645519257
leaf_count=82557 161134 640100 312370 258 46363 304 129 111 2080 399 88403 56514 106 332 1606 492 55273 734282 159 908 13162 1003 531 2343 169 1549 447 132 103 137 2632 16586 33898 11456 774 295 770 540 749 1625 4235 187 272 170 173 240 193 5991 2066 312 4724 503 4993 139 977 689 773 232 42605 179 190 36609
internal_value=5.26884e-09 -7.49275e-07 1.38653e-06 3.02024e-06 1.10594e-05 1.04865e-05 -3.83795e-05 -2.64399e-05 1.21434e-05 6.15857e-05 1.89493e-06 5.87285e-07 0.000142084 -3.68305e-05 -5.37006e-05 1.55792e-05 9.14589e-06 -3.80326e-06 6.85944e-06 -2.87739e-06 1.05754e-05 -8.8225e-06 5.31232e-05 9.86609e-06 8.97614e-06 -5.96543e-05 5.12167e-05 6.9763e-05 0.000213703 0.000310891 9.81804e-06 4.84565e-06 1.73619e-05 1.93968e-05 -5.58588e-07 -5.9728e-06 -6.27613e-05 -0.000139708 2.56678e-05 4.61242e-05 6.05368e-05 0.000142832 -1.60991e-05 4.9501e-05 2.74789e-05 0.000146555 8.73785e-05 -1.19174e-06 6.76599e-05 -3.25833e-06 -3.48433e-05 -2.48929e-05 -2.63927e-06 2.50826e-05 7.01799e-05 5.48503e-05 9.9155e-05 0.000101957 -5.38668e-06 1.79066e-05 0.00020265 1.38386e-05
internal_weight=2.37913e+06 2.1432e+06 1.26119e+06 933020 114564 114216 3744.27 3576.59 110472 3393.42 818457 693409 933.469 3427.63 3036.98 1057.46 125048 882010 235933 55665.1 107078 15419.1 1708.77 180268 176472 2136.9 3795.61 3279.82 507.29 332.476 174335 105078 69257.2 66361.2 15868.1 14974.9 1987.24 1030.34 50493.1 12295.8 9983.41 1177.65 2312.37 8805.76 5570.49 524.484 3235.26 54573.4 2765.39 328165 6306.27 5914.95 321859 8937.24 3240.14 3045.72 1889.54 782.93 47525.5 53217.7 469.878 91659.3
internal_count=2379233 2165082 1269666 944186 103717 103459 2974 2845 100485 2817 840469 696614 737 2734 2430 824 143855 895416 214151 49663 97668 14696 1534 164488 161326 1718 3162 2715 372 240 159608 99143 60465 57833 13835 13061 1605 835 43998 10100 8203 936 1897 7267 4648 413 2619 48755 2259 325480 5539 5227 319941 7571 2578 2439 1462 631 42764 55452 360 82972
is_linear=0
shrinkage=0.05


Tree=53
num_leaves=63
num_cat=0
split_feature=247 50 327 344 16 109 24 349 16 16 36 193 109 35 0 44 46 28 360 2 176 3 357 355 348 360 202 18 197 196 2 190 183 2 9 46 278 46 349 182 49 0 197 355 46 188 348 212 202 327 48 43 16 39 193 18 360 49 174 318 262 33
split_gain=0.00486414 0.0046089 0.00426069 0.00396875 0.00285584 0.00374141 0.0031804 0.00299982 0.00283044 0.00281217 0.00340721 0.00330143 0.00282092 0.00339255 0.00320143 0.0044297 0.00804976 0.00310515 0.00469962 0.00518615 0.00486283 0.00324764 0.0031344 0.00392791 0.00308556 0.00335234 0.00306947 0.00300148 0.00293905 0.00288417 0.00275518 0.0026837 0.00268155 0.00252205 0.00355617 0.00344481 0.00315655 0.00301942 0.00286893 0.00293944 0.0039445 0.00260177 0.00258136 0.00250679 0.00351281 0.0035641 0.00245698 0.00263153 0.00453821 0.00296948 0.00244316 0.0024265 0.00308384 0.0025714 0.00296283 0.00245682 0.00239167 0.00374928 0.00569556 0.00252253 0.0024963 0.00273437
threshold=-0.25628733634948725 0.00075023114914074551 0.0037737713428214197 -0.01133453845977783 0.0040521584451198587 11.013067722320558 2.494074760761578e-05 -0.65959236025810231 0.0013070699642412367 0.016890071332454685 0.0042535034008324155 -0.011869928799569605 14.895101070404055 0.081677790731191649 0.011900587007403375 0.00043074155109934514 -0.0055934584233909837 0.015613315626978876 -0.18282229453325269 -0.0093457563780248148 -0.02836820017546415 0.023496869020164016 -0.0030733166495338078 -0.022517027333378788 0.52305155992507946 0.58524072170257579 0.00075487093999981891 7.7798613347113146e-05 0.0013058334589004519 0.0039968099445104608 -0.004562453366816043 -0.030540294945240017 -0.0064697174821048966 -0.014791254885494707 0.044776234775781638 -0.0072664460167288772 0.63000014424324047 0.0027402333216741685 0.0549251176416874 -0.002835024730302393 0.23471116274595263 -0.0024153027916327115 0.00090045362594537448 -0.20240188390016553 -0.014632857404649256 0.020390257239341739 0.12462057173252107 0.00013204107381170618 0.0017254092963412406 -0.0012937268475070594 0.024274119175970558 0.0012452212395146491 0.0019389223307371142 0.0098247476853430288 0.02519900165498257 0.0041548167355358609 0.68404442071914684 0.038545589894056327 0.00020876550843240696 -0.0029925794806331392 0.00056185218272730719 -0.0017112217610701916
decision_type=2 2 2 2 2 8 2 2 2 2 8 2 8 10 2 8 2 8 2 2 2 2 2 2 2 2 2 2 2 2 2 2 2 2 2 2 2 2 2 2 2 2 2 2 2 2 2 2 2 2 2 8 2 10 2 2 2 2 2 2 2 10
left_child=2 3 -1 4 5 7 31 -2 -9 10 12 -12 14 17 -5 16 -16 56 33 21 32 -20 50 30 25 -23 29 -17 -25 -27 -24 -6 -21 34 38 43 -36 41 39 -19 -41 -37 -40 44 45 -35 47 48 49 -7 -22 53 -53 -13 -55 -54 -14 58 59 -58 61 -60
right_child=1 -3 -4 9 6 46 -8 8 -10 -11 11 51 13 -15 15 27 -18 18 19 20 22 24 23 28 -26 26 -28 -29 -30 -31 -32 -33 -34 35 36 37 -38 -39 42 40 -42 -43 -44 -45 -46 -47 -48 -49 -50 -51 -52 52 55 54 -56 -57 57 -59 60 -61 -62 -63
leaf_value=-4.6945887738040263e-06 -0.00024843784950330815 1.2352466440011747e-05 -5.8322431036996299e-05 2.9789509309195422e-06 -0.00035930666809526113 2.7842523149336916e-05 1.3319279264326005e-05 -2.9701647211209355e-05 -1.0369400021263638e-06 7.6040897073411609e-06 -2.117255117207782e-05 1.5227206793306078e-05 -3.4825638155001044e-06 6.8247279574587357e-05 3.7818210107481715e-05 0.00018692030748435041 0.00035287586364026835 0.00012777981699802572 -3.128844869724718e-05 6.4531936507198053e-05 8.8644043214637896e-05 -0.00013769581986851012 1.904480828280881e-05 -2.3674442260786767e-05 -0.00030470943012445457 -5.5246766202950193e-05 6.1005864159197653e-05 1.0083714910945647e-05 -7.1978396164335746e-05 -0.00030347549790044423 -2.5990675457354342e-05 -1.6223708708677163e-05 0.00029923030272982639 5.4358040654998828e-05 3.9566276229476725e-05 -2.1680904667261645e-05 -0.00015625743061495291 -1.1327103469062814e-05 0.00016693007709907295 5.7706387224235825e-06 -0.00023986055502457803 2.8101741672255404e-05 5.3179004673119747e-05 -2.6448100859225172e-05 -7.5126113827278282e-06 0.00032068974596848819 1.0314312145063212e-05 -3.7323446052774657e-06 0.00026129353861136998 2.8743474292475718e-06 -2.02690537320314e-06 -2.7463370819002262e-05 -3.5779120817225518e-05 4.9352362584751636e-05 0.00028429894440599405 -2.6173197032413929e-07 9.3750371278850656e-05 2.3729802208497678e-06 6.0639323783923772e-05 -3.5370472154383254e-05 4.0930084987004762e-05 0.00018144362426214539
leaf_weight=370061.29077148438 133.58543837070465 85315.133850097656 3739.196533203125 201825.80164670944 102.97964417934418 12198.746488690376 69073.723823428154 14602.523585915565 20988.30482673645 76846.314300537109 42349.484680175781 5192.5795483589172 355738.34815597534 1674.2449951171875 607.49737572669983 254.09253704547882 302.72117829322815 421.22700810432434 9261.4461584091187 488.68587410449982 774.31470310688019 1415.7328720092773 5941.5045090913773 7092.7244287729263 151.73013198375702 1834.9662562608719 564.59215545654297 3813.412236571312 5666.0232429504395 123.1678466796875 7921.8877304792404 125.15206217765808 160.82304465770721 437.58309781551361 389.63050425052643 3160.9603419303894 432.60129964351654 13659.657042980194 714.20127391815186 1667.449551820755 179.19392657279968 15426.53985440731 1653.5508530139923 17563.476600885391 1775.84614777565 174.82282280921936 96611.255863070488 163457.68891906738 168.74028778076172 496763.85406851768 17281.738335847855 14744.38091135025 5206.46033847332 434.54164373874664 192.86565101146698 74684.013612389565 450.69044482707977 138959.48487687111 937.16333544254303 2299.268690943718 1996.4309384822845 940.56416022777557
leaf_count=365085 116 77898 3010 213034 79 10748 71258 13808 20769 92133 46585 5098 355736 1301 621 192 223 367 8405 388 634 1214 5436 6775 126 1581 427 3497 4852 97 6963 151 114 473 305 3438 340 12708 589 1730 152 14263 1300 16969 1812 146 90742 154795 124 499702 15330 15005 5060 448 134 87445 371 131901 799 2083 1633 715
internal_value=5.08534e-09 9.8118e-07 -5.23135e-06 4.75888e-07 2.96219e-06 2.12364e-06 1.27014e-05 -1.36938e-05 -1.27988e-05 -1.60254e-06 -2.33273e-06 -9.4641e-06 -1.09999e-06 -2.78832e-06 3.95616e-06 4.35609e-05 0.000143144 -2.98109e-06 -1.03404e-05 -2.03016e-05 -1.22331e-05 -4.76877e-05 -1.42101e-05 -2.5116e-05 -8.47872e-05 -7.61643e-05 -4.15516e-05 2.12169e-05 -4.51336e-05 -7.11542e-05 -6.68963e-06 -0.00017287 0.000123385 -2.02042e-07 3.21317e-05 -3.58392e-06 -6.35917e-05 6.51943e-06 4.91304e-05 8.92226e-06 -1.82985e-05 1.96344e-05 8.76024e-05 -1.99126e-05 2.81325e-05 0.000131184 2.85829e-06 1.78727e-06 3.55936e-06 3.47289e-06 1.87081e-06 -4.52775e-06 -6.45507e-06 2.68024e-05 0.000122249 -2.57724e-06 -1.27328e-06 4.12516e-06 4.08703e-05 -1.41561e-05 7.99164e-05 0.00012128
internal_weight=2.37913e+06 2.00533e+06 373800 1.92001e+06 874227 804925 69301.9 35724.4 35590.8 1.04579e+06 968940 142804 826136 619332 206804 4977.72 910.219 617658 116336 58679.3 45327.7 13351.6 44678.2 26622.1 4090.19 3938.46 2522.73 4067.5 12758.7 1958.13 13863.4 228.132 649.509 57656.7 5457.85 52198.9 822.232 32247.2 4635.62 2267.87 1846.64 18587.5 2367.75 19951.7 2388.25 612.406 769200 672589 509131 508963 18056.1 100455 94634.9 5819.99 627.407 79890.5 501322 145584 6624.12 2749.96 3874.16 1877.73
internal_count=2379233 2011138 368095 1933240 862292 790804 71488 34693 34577 1070948 978815 159775 819040 601473 217567 4533 844 600172 106934 52342 40492 11850 39990 24026 3445 3319 2105 3689 11627 1678 12399 230 502 54592 4783 49809 645 30409 4138 2249 1882 17701 1889 19400 2431 619 756111 665369 510574 510450 15964 113190 107510 5680 582 92505 493238 137502 5601 2454 3147 1514
is_linear=0
shrinkage=0.05


Tree=54
num_leaves=63
num_cat=0
split_feature=52 53 211 327 212 109 13 359 278 327 1 205 198 260 197 201 46 49 49 318 1 359 334 1 205 258 198 9 108 327 37 1 207 9 303 360 332 35 262 291 1 18 35 46 198 11 49 346 318 202 24 20 41 39 233 168 289 198 1 109 321 358
split_gain=0.00467951 0.00500586 0.00446595 0.0034043 0.00370695 0.0035564 0.00250742 0.00244927 0.00296507 0.00565786 0.00302648 0.00273042 0.002711 0.00662558 0.00268546 0.00312247 0.00241544 0.00302469 0.00399837 0.00323959 0.002407 0.00231342 0.00269916 0.00295966 0.0022849 0.00294258 0.00372408 0.00331601 0.00221569 0.00220111 0.00224452 0.00219221 0.0039298 0.0028277 0.0029001 0.00231646 0.00218168 0.00229339 0.00247406 0.0021752 0.00209869 0.0032227 0.00255834 0.002386 0.00479291 0.0045133 0.00277534 0.00423494 0.00288318 0.00251656 0.00232858 0.0022509 0.0027081 0.00241535 0.00220688 0.00212868 0.00211836 0.00208102 0.00232178 0.00234988 0.0034584 0.00205656
threshold=0.0014854044420644643 0.00055457153939642023 1.9939843696192842e-05 -0.00045121165749151254 3.0238335966714661e-05 107.63331985473634 0.057614060118794448 0.20351376384496692 0.1795710697770119 0.0025883507914841179 0.0055887470953166494 0.00048428274749312555 0.0041093090549111375 1013258.1250000001 0.0019949454581364994 0.00019291497301310304 -0.010114896111190317 0.047924170270562179 0.15678600966930392 0.0027078280691057448 0.067955501377582564 0.16650225967168811 0.33501406013965612 -0.00023701962345512581 0.00043306560837663716 0.21817015856504443 0.0028629903681576256 0.020819145254790786 82.969501495361342 0.0037737713428214197 0.031815251335501678 0.028742249123752121 0.00011351241482771003 -0.0048329252749681464 0.0018469889182597401 0.90748497843742382 0.30973537266254431 -0.03030484169721603 0.0035178146790713076 0.22173092514276507 0.0055887470953166494 0.012747054919600488 -0.0040023347828537217 -0.019852715544402596 0.0078178048133850115 0.0045509033370763072 0.0834505930542946 0.1558865085244179 -0.002042783889919519 0.00010466499952599408 0.011756188236176969 0.0048945946618914613 0.01161050656810403 0.0065240957774221906 -0.00042533372470643366 0.0017150028143078091 0.68000712990760814 0.0016367819043807688 -0.00094385194825008501 79.411510467529311 0.0013316918048076334 0.10134680196642877
decision_type=2 2 2 2 2 10 2 2 2 2 2 2 2 2 2 2 2 2 2 2 2 2 2 2 2 2 2 2 2 2 8 2 2 2 2 2 2 8 2 2 2 2 10 2 2 2 2 2 2 2 2 2 10 10 2 2 2 2 2 10 2 2
left_child=1 2 20 5 31 -4 21 8 10 24 -6 -11 -12 -14 15 -9 57 -18 19 -19 28 22 23 -7 40 36 -27 -28 -1 -3 -31 -5 35 34 -34 -33 37 38 -26 -24 41 42 56 44 45 50 47 48 -47 -45 -42 -43 -53 54 -54 -49 -10 -17 59 -59 -61 -25
right_child=-2 29 3 4 7 6 -8 14 9 11 12 -13 13 -15 -16 16 17 18 -20 -21 -22 -23 39 61 25 26 27 -29 -30 30 -32 32 33 -35 -36 -37 -38 -39 -40 -41 43 51 -44 49 -46 46 -48 55 -50 -51 -52 52 53 -55 -56 -57 -58 58 -60 60 -62 -63
leaf_value=-2.1133256606225494e-06 1.4499445493527137e-05 -8.4228904276790167e-06 8.5517167355095014e-06 2.7051301682989725e-06 -5.1201413227204279e-06 -6.6123840313867593e-05 -8.1679408284586277e-05 -3.9958751449043811e-06 1.0822137750099583e-05 -0.00012046357450258461 2.5679856508073138e-05 -1.6588434732303614e-05 6.4564706708335068e-05 0.00044003981254439026 -1.121639989017123e-05 6.3829775238304163e-06 -9.8882540989161352e-05 4.7441523910823448e-07 8.4412958287215464e-06 6.9816039876656973e-05 -3.8801926905938712e-05 1.4567989845705672e-06 -4.101421310122682e-05 1.2377375157954146e-05 6.3959597699392572e-05 2.0003251637739086e-05 -1.8734263839410823e-05 -0.00017001036886610569 -1.1428307227601169e-05 -4.6368574535679639e-05 -0.00025796619047143505 8.5453146839906475e-06 -9.0147603284459507e-06 2.9103910366550447e-05 0.00018622372167732574 -3.4237796853392046e-05 7.3526666204477462e-05 1.5361213674216322e-05 0.00031172064034436469 -0.00014394534134509878 9.7341719391318575e-06 -5.9394958125574316e-05 -2.8893605961473456e-05 1.1949827124967361e-05 0.00029627954454219772 -0.00014475827931951645 3.1516914794597821e-05 0.00017049395299233646 9.6021079349040801e-05 -1.2826235573981362e-05 -7.3861811545612724e-05 1.4490497975548641e-05 0.00036487902621136362 6.5368347539484863e-05 8.6303956611348868e-05 0.00040836473803314819 -1.9992405844312629e-05 -3.7210059269024299e-06 -1.0908474605142772e-05 -1.0635704713048127e-05 8.4079215867966385e-05 -7.2305077563472619e-05
leaf_weight=415709.12697196007 54408.311767578125 148728.12826538086 271983.45907592773 428180.01521492004 7614.2514171600342 1852.8079308271408 1022.6907348632812 435544.69712996483 12695.432417273521 1371.9867630004883 13453.538118362427 1173.818962097168 1708.9108703136444 124.28694462776184 84949.685317993164 66474.852386474609 590.37000489234924 2474.4860668182373 40063.569499969482 5273.4602069854736 4886.7952270507812 56770.767199277878 2426.2866187095642 7216.2896097898483 507.15700435638428 2469.2790882587433 899.28889465332031 605.26255035400391 75419.179965019226 1976.7252712249756 131.98273658752441 32442.415046691895 282.83702456951141 15251.134724617004 577.64501488208771 3503.7833137512207 2482.6280606985092 9745.1634019613266 124.26965618133545 650.03706645965576 26234.772568821907 629.94400024414062 15873.281461238861 17593.106460690498 149.53004455566406 141.73915100097656 2476.31687271595 294.54206037521362 926.47207713127136 24546.376356363297 858.36109328269958 3003.6223841905594 143.35419201850891 1145.1020921468735 142.33143448829651 140.46007966995239 9944.3244409561157 6374.9870839118958 49968.200630187988 1633.3829882144928 2347.5653450489044 794.02867698669434
leaf_count=446554 47037 138973 254591 448701 7199 1530 863 459659 12044 1110 12602 945 1377 94 74457 65973 543 2236 37394 4372 4505 54702 2120 6364 413 2008 761 480 74923 1576 102 31693 280 13592 457 3373 2039 8242 97 554 24436 762 14829 16930 123 123 2105 227 763 22255 838 3245 102 1175 133 97 9102 5805 45493 1501 1945 709
internal_value=4.8624e-09 -3.34384e-07 2.76786e-07 1.50897e-06 3.67915e-07 5.95428e-06 -4.0334e-06 -1.60669e-06 3.9875e-06 1.19071e-06 2.06338e-05 -7.26195e-05 3.34607e-05 9.04729e-05 -2.887e-06 -1.72841e-06 3.90842e-06 1.34104e-05 1.48011e-05 4.7676e-05 -3.89133e-06 -2.89197e-06 -2.19691e-05 -9.21027e-06 2.59645e-06 1.98187e-05 -1.77805e-05 -7.97357e-05 -3.5438e-06 -9.14255e-06 -5.98442e-05 3.88308e-06 1.35713e-05 3.40893e-05 0.000122178 4.37344e-06 3.14388e-05 2.13569e-05 0.000113551 -6.28433e-05 1.17057e-07 -8.57368e-06 -1.35046e-05 5.27951e-06 1.57547e-05 1.43858e-05 6.40931e-05 0.000117644 6.38617e-05 -2.48223e-06 7.08044e-06 2.89155e-05 4.14818e-05 9.80447e-05 0.000227655 0.000248819 -2.71346e-06 2.81141e-07 -6.44283e-06 1.51022e-05 4.52319e-05 3.96721e-06
internal_weight=2.37913e+06 2.32472e+06 2.17388e+06 1.67787e+06 1.33515e+06 342716 70732.9 854914 159219 136318 22901 2545.81 15286.7 1833.2 695695 610746 175201 48401.9 47811.5 7747.95 496015 69710.2 12939.4 9863.13 133772 16833 3973.83 1504.55 491128 150837 2108.71 480238 52057.8 16111.6 860.482 35946.2 12859.2 10376.6 631.427 3076.32 116939 43577.4 38513 73361.7 31222.2 31072.7 3979.53 1503.21 1068.21 42139.5 27093.1 5064.35 4434.41 1430.79 285.686 435.002 22639.8 126799 60324.1 10355.9 3980.95 8010.32
internal_count=2379233 2332196 2191545 1665563 1344130 321433 66842 846034 146656 125384 21272 2055 14073 1471 699378 624921 165262 44545 44002 6608 525982 65979 11277 8603 123329 14040 3249 1241 521477 140651 1678 498096 49395 14329 737 35066 10791 8752 510 2674 109289 41392 35975 67897 28712 28589 3315 1210 886 39185 25274 5417 4655 1410 235 324 21146 120717 54744 9251 3446 7073
is_linear=0
shrinkage=0.05


Tree=55
num_leaves=63
num_cat=0
split_feature=64 53 211 48 327 348 108 48 202 292 36 109 187 8 2 361 198 204 361 322 198 311 347 360 327 109 68 360 318 176 15 337 181 199 198 356 9 346 12 192 2 113 346 225 364 174 48 35 337 357 198 2 354 2 46 21 199 356 347 199 336 174
split_gain=0.00468659 0.00483389 0.00428459 0.00347369 0.00346545 0.00312584 0.00309187 0.00347218 0.00341459 0.00296525 0.00285525 0.00259673 0.00318375 0.00321414 0.00643063 0.00497015 0.00330978 0.00307832 0.00302126 0.00425684 0.00301228 0.00260509 0.00248362 0.0025518 0.00247879 0.00382142 0.00312807 0.0023003 0.00371733 0.00227462 0.00225557 0.00339185 0.00211935 0.00207317 0.00345764 0.00251304 0.00246229 0.00230717 0.00248925 0.00223889 0.00217326 0.00441408 0.00408552 0.00338759 0.00257579 0.00343822 0.00250299 0.0024454 0.00233421 0.00232447 0.00217647 0.00242254 0.00382239 0.00328519 0.0022753 0.0021195 0.00246836 0.00228455 0.00207935 0.00275302 0.00275308 0.00252314
threshold=0.00016935255553107711 0.00033552254899404948 7.400994218187408e-05 0.062896691262722029 0.0037737713428214197 -0.19477162510156629 88.194942474365249 0.051355786621570594 0.00025542634830344474 0.00041725524351932114 0.044472061097621925 15.518994331359865 0.023526689969003204 0.039427654817700393 0.0048626486677676448 -0.45506264269351954 0.0058249093126505622 0.0010817077709361913 -0.36379338800907129 -0.018689494580030438 0.0078178048133850115 -0.0059646363370120517 0.48086056113243109 0.91804730892181408 -1.0000000180025095e-35 67.320709228515639 -0.0046726402360945931 -0.66626662015914906 0.0042118064593523749 -0.0073622199706733218 0.025122517719864849 0.018028396181762222 -0.017771727405488488 0.00033096045081038033 0.0051098496187478313 0.57927650213241588 0.015197108034044506 -0.086654212325811372 0.037447735667228706 0.0024321491364389662 -1.0000000180025095e-35 0.026320423930883411 -0.13993167877197263 2.6287616528009042e-08 1.0000000180025095e-35 0.025095602497458461 0.097646012902259841 0.068088229745626463 -0.11774759367108344 -0.54729405045509327 0.0051098496187478313 1.0000000180025095e-35 -0.025532118044793602 0.0012745967833325269 -0.015711578540503975 0.012845168355852367 0.0010813524713739755 -0.33337987959384913 0.2790640145540238 0.00061583580099977564 0.075816854834556593 -0.026336718350648877
decision_type=2 2 2 2 2 2 2 2 2 2 8 10 2 2 2 2 2 2 2 2 2 2 2 2 2 8 2 2 2 2 2 2 2 2 2 2 2 2 2 2 2 2 2 2 2 2 2 10 2 2 2 2 2 2 2 2 2 2 2 2 2 2
left_child=1 2 24 6 -3 -6 11 9 27 22 -7 12 20 14 18 -16 21 32 19 -14 -4 -15 -8 -24 25 30 -27 28 -9 -11 -1 -32 -13 34 -5 40 -36 -38 -39 -37 46 42 50 44 45 -43 47 -35 -45 -47 51 52 -42 -53 -55 -48 -57 -58 61 -60 -61 -44
right_child=-2 4 3 33 5 10 7 8 -10 29 -12 17 13 16 15 -17 -18 -19 -20 -21 -22 -23 23 -25 -26 26 -28 -29 -30 -31 31 -33 -34 35 36 39 37 38 -40 -41 41 43 58 48 -46 49 55 -49 -50 -51 -52 53 -54 54 -56 56 57 -59 59 60 -62 -63
leaf_value=3.8809686891826559e-06 1.3256435416904981e-05 -6.2592038814103698e-06 9.6433986254326342e-06 -3.7510142953493573e-07 0.00014630377963844468 -5.4807651010973162e-05 1.8257105655398271e-05 5.4929396580189839e-05 -6.1895303523871824e-05 -0.00017647463118838048 -0.0002868388425890352 -5.8767900273754378e-05 0.00037621393088063925 0.00024603878783708487 0.00046973471451236575 0.00010224920170012972 -0.00016449415506571943 0.00022949403357345145 -3.7111284552384219e-06 7.42995330228586e-05 0.00019667764810709769 -2.4782960054393868e-06 4.9238111828047817e-05 0.00020825263217796107 -4.2597164687689925e-06 7.6953522814475337e-07 -1.0536331295867474e-05 3.902905761016218e-05 0.00018633677490960084 -5.1951572275423194e-06 2.3883273050600999e-06 -5.3406794545905052e-05 2.0440778816699736e-06 -1.4740423551997526e-05 -9.581255636271029e-06 3.306402774036222e-05 -0.00012852536477596125 -0.00012239778503605488 6.9503111783771775e-05 0.00017598050992141692 7.8996655181132994e-05 -5.2634307840598984e-05 0.00012578348001488044 -5.2396921411274744e-05 -6.4922820948196536e-06 -0.0003640500452440239 7.8306386384085289e-06 -0.00020187929220141034 4.4488556549606638e-05 -0.00010385238543586621 -7.4689746774279678e-05 -4.7999760242314278e-05 0.00027061626592418258 0.00024937585552171199 7.3041117776905749e-05 -8.1968321559796756e-06 7.207745042851764e-05 -0.00014789271315158331 1.3685935554266002e-05 7.6916089765125759e-05 0.00027396417454192125 -3.3788599251013248e-06
leaf_weight=411986.98092055321 64635.15852367878 242212.78974914551 64529.798702716827 460942.74967956543 184.79349160194397 3631.855979681015 32314.770851373672 1490.1096251010895 593.14613723754883 195.16306412220001 135.76483535766602 1443.1368833780289 123.27189934253693 117.93501853942871 170.67546319961548 200.05588090419769 287.92510604858398 146.20859146118164 1342.0158491134644 1757.622829914093 214.0010986328125 872.8559455871582 1116.9314516782761 324.70620536804199 500956.41822206974 129473.06864929199 115985.19103074074 3678.1585547924042 842.79747486114502 11507.178530454636 7298.4188747406006 4343.5796451568604 166930.5891879797 14696.317836999893 2110.3088188171387 4450.0933936834335 1236.3181773424149 297.19008147716522 386.36968994140625 290.20531237125397 710.65068995952606 1458.071962594986 399.75279664993286 786.24588143825531 2277.560767531395 162.94250094890594 88797.306182384491 174.6822624206543 2942.6179056167603 183.70367443561554 216.06422424316406 540.47660708427429 410.99576199054718 200.71389007568359 1929.1382501125336 13278.116227507591 147.08932781219482 574.91470050811768 1604.6542221307755 910.51360404491425 219.05585396289825 6421.5483686923981
leaf_count=434772 58354 226568 63143 476236 140 2903 28698 1241 502 156 103 1273 87 90 118 148 234 118 1154 1419 169 756 912 241 524015 129353 113468 3107 626 9869 6391 3891 154740 13389 1821 4589 1005 246 312 230 558 1288 315 686 2245 125 80974 156 2514 180 171 461 290 157 1568 13136 114 499 1374 733 158 5634
internal_value=-2.29546e-08 -3.93702e-07 3.94363e-07 2.99019e-06 -7.01727e-06 -5.34468e-05 7.4918e-06 1.85293e-05 5.24013e-05 1.36064e-05 -6.33166e-05 5.07856e-06 1.32019e-05 5.21713e-05 7.63847e-05 0.000273043 -1.58899e-05 1.72268e-06 5.36078e-05 9.44653e-05 1.02677e-05 2.7539e-05 2.11249e-05 8.52925e-05 -1.60004e-06 3.91315e-07 -4.57281e-06 6.36964e-05 0.000102521 -8.0813e-06 3.26763e-06 -1.84342e-05 1.52216e-06 8.44217e-07 -7.78369e-07 6.09134e-06 -4.68781e-05 -8.78217e-05 -1.4043e-05 4.1884e-05 4.87051e-06 1.95364e-05 3.67773e-05 -1.04033e-05 -4.18636e-05 -8.64457e-05 2.20614e-06 -1.69655e-05 2.40427e-05 -0.000227546 7.91361e-05 8.79358e-05 0.000149567 6.19556e-05 8.9877e-05 4.97984e-06 -1.31002e-05 -0.000103004 1.89972e-05 5.58203e-05 0.000115546 4.22517e-06
internal_weight=2.3798e+06 2.31516e+06 2.069e+06 898955 246165 3952.41 290199 52063 6604.21 45458.8 3767.62 238136 69616.2 4872.36 3593.64 370.731 1278.72 168520 3222.91 1880.89 64743.8 990.791 33756.4 1441.64 1.17004e+06 669087 245458 6011.07 2332.91 11702.3 423629 11642 168374 608756 464973 143783 4030.19 1919.88 683.56 4740.3 139043 21374.7 13563.6 7811.14 4082.28 1804.72 117668 14871 3728.86 346.646 4008.04 3791.98 1121.65 2670.33 2129.85 102797 14000.1 722.004 9555.52 2734.22 1129.57 6821.3
internal_count=2379923 2321569 2091855 879965 229714 3146 268801 45352 5476 39876 3006 223449 67318 4006 2926 266 1080 156131 2660 1506 63312 846 29851 1153 1211890 687875 242821 4974 1867 10025 445054 10282 156013 611164 479620 131544 3384 1563 558 4819 126725 18457 11419 7038 3838 1593 108268 13545 3200 305 3205 3034 848 2186 1725 94723 13749 613 8214 2265 891 5949
is_linear=0
shrinkage=0.05


Tree=56
num_leaves=63
num_cat=0
split_feature=278 344 0 1 360 48 0 359 32 358 225 32 0 363 360 21 201 113 0 16 48 198 1 270 358 236 191 356 47 360 346 349 22 193 289 200 277 203 357 349 358 319 196 349 198 339 188 313 272 19 38 9 217 186 358 208 208 23 192 201 179 13
split_gain=0.00438165 0.00368565 0.00336601 0.00414491 0.00466734 0.00428834 0.00445075 0.00359691 0.00343164 0.00342601 0.00803288 0.00327694 0.00505027 0.0061455 0.00528333 0.00463482 0.00425521 0.00344366 0.00404301 0.00382131 0.00423024 0.00412068 0.00325015 0.00434007 0.00323246 0.00322217 0.00308409 0.00305747 0.00594213 0.0094856 0.00351844 0.00333718 0.00305638 0.00321244 0.00308747 0.00306681 0.0030657 0.00321832 0.00302549 0.00301234 0.00300703 0.00516973 0.0029428 0.00322985 0.00888124 0.00293685 0.00827757 0.0040043 0.00331272 0.00288662 0.00328218 0.0028691 0.00281345 0.00280153 0.00279327 0.00302639 0.00294651 0.00267746 0.00260971 0.011481 0.00259718 0.00253493
threshold=0.9145789146423341 1.0000000180025095e-35 0.016879743896424774 0.067955501377582564 0.25028850138187414 0.083213232457637801 0.0011864015832543375 0.11950049921870233 0.069663099944591536 0.13249956071376803 0.19899025559425357 0.0018481934093870225 -0.025389432907104489 0.80152764916419994 0.6306738853454591 0.024320475757122043 3.7677082218579023e-05 0.110470749437809 -0.010241662617772816 0.0026682106545194988 0.064844809472560896 0.0038325627101585273 0.056241016834974296 -0.0028123540105298157 0.33796742558479315 1.0343156456947329 0.033276230096817024 -0.36784371733665461 0.032507056370377548 0.69139218330383312 0.80255913734436046 0.28322841227054601 0.039277276024222381 -0.038085054606199258 0.79732125997543346 0.0010667272144928577 0.12852535396814349 3.5984639907837852e-05 -0.058886189013719552 -0.1168178729712963 -0.066175680607557283 -0.0081854094751179201 0.0014862223761156204 -0.31430235505104059 0.0078178048133850115 0.74545177817344677 -0.0040185209363698951 0.0083742728456854838 0.0031072584679350261 0.0017874676850624385 0.041945710778236396 -0.0058348351158201686 0.0010527317062951627 0.052892081439495094 0.122541431337595 0.0002568354102550075 4.6430151996901266e-05 0.004932710202410818 -0.0066776792518794528 0.00086370226927101623 -0.024880048818886277 0.047191264107823379
decision_type=2 2 2 2 2 2 2 2 8 2 2 10 2 2 2 2 2 2 2 2 2 2 2 2 2 2 2 2 2 2 2 2 2 2 2 2 2 2 2 2 2 2 2 2 2 2 2 2 2 2 10 2 2 2 2 2 2 2 2 2 2 2
left_child=1 11 3 -2 -5 6 26 -4 -7 -9 -11 15 13 14 -13 22 -14 19 39 20 38 -22 32 -24 -25 42 -6 28 29 -21 58 -30 33 36 -35 -36 37 -1 51 -19 -28 -42 52 44 -44 -40 -47 -48 -49 50 -20 -18 -3 -16 55 56 -38 -51 59 -29 -53 -45
right_child=2 25 7 4 5 8 -8 9 -10 10 -12 12 16 -15 53 -17 17 18 49 27 21 -23 23 24 -26 -27 40 30 31 -31 -32 -33 -34 34 35 -37 54 -39 45 -41 41 -43 43 61 -46 46 47 48 -50 57 -52 60 -54 -55 -56 -57 -58 -59 -60 -61 -62 -63
leaf_value=-8.6295422614902207e-05 -3.3928374534456284e-06 -2.2614137204455523e-06 0.00017869750951546794 -3.7931205060706589e-06 -6.1949426853138867e-05 3.7498350907090882e-06 4.9221311373896687e-06 9.8322404090256253e-06 -7.4163187275124066e-05 3.7658921855209319e-05 0.00051476360016041226 -9.0690498601709481e-05 -2.5270502922208651e-06 0.00025474498335727088 0.00024687263793091591 -4.7927294248859169e-05 0.00019675378308483518 -0.00035196042020597468 1.2193786637369523e-05 0.00059575616852022991 2.6752475806588426e-06 -3.0572643009255363e-05 -0.0002237484169713189 -5.0520460713406319e-05 0.0001826384325158499 5.3066907102976634e-06 -0.00038050804505566205 2.1129099903370072e-05 2.7948975089987619e-05 1.2478524379051472e-05 3.8579511350754543e-05 0.00013183619344574947 -9.0179906937179889e-05 3.3625543469402171e-06 -4.8433332852107141e-06 -0.00023482635472054015 8.8194096839286931e-05 6.4205178751824148e-06 1.0228795976520204e-05 -7.9614059278247689e-05 -1.4144843600342643e-05 -0.00025020800410661216 1.4616412943086418e-05 -1.1741235891798109e-05 0.00036689972519809121 0.0004382624680507894 2.2507510752094081e-05 0.00014062400510417238 2.2028994681280823e-05 -3.6160594066866594e-05 0.00023011606531124111 0.00017609577751928577 2.4224259794786368e-05 -8.3427738567711159e-06 6.9641764195978548e-06 8.1466871172583951e-05 1.3152472225208293e-05 1.3871217071558967e-06 4.4756954222702923e-06 0.00045431871265416007 -2.0628894684271317e-06 -4.9181511196326916e-05
leaf_weight=1315.3369603157043 563954.20030975342 535883.03692626953 406.10991668701172 9179.1387748718262 642.24965298175812 3079.4326611757278 616.60745477676392 4329.1290283203125 2609.703414440155 379.97811770439148 113.0469753742218 462.37539422512054 122692.84252953529 442.17414975166321 278.57010781764984 4941.1856079101562 182.39763188362122 117.9162837266922 484.25141668319702 123.00635182857513 138173.75999081135 9991.2425680160522 340.45552003383636 1658.3726186752319 161.3076149225235 143670.8095703125 189.180006980896 26384.785314559937 8273.2824532985687 157.75531876087189 13301.34371805191 851.000492811203 915.43922233581543 286693.36414575577 177138.17784285545 143.07540893554688 1575.2896976470947 3232.2069387435913 58842.203412652016 677.30768620967865 368.42350947856903 625.15955245494843 1703.1778767108917 63834.223996400833 197.93289184570312 120.55697953701019 36010.099398255348 1357.1291320323944 1040.4753258228302 6672.7192000150681 266.83905410766602 203.79162240028381 10215.858520507812 174.13938140869141 11965.786590576172 3342.3687362670898 7671.093599319458 16445.983331799507 53698.241210460663 151.85281467437744 34266.691737651825 4863.8492560386658
leaf_count=1263 561177 535161 302 8365 573 2781 583 3676 2177 349 86 372 143283 312 196 4721 137 94 404 94 134547 8451 269 1755 115 142087 145 30120 8529 146 13524 717 854 286734 180511 120 1303 3111 56240 608 291 506 1572 56349 155 99 31655 1039 849 6765 186 152 8960 133 12054 2787 6992 17598 59226 127 32570 3866
internal_value=-2.17326e-08 1.20521e-06 -3.77331e-06 -4.13261e-06 -2.82311e-05 -5.58124e-05 -0.000111217 3.61587e-05 -3.20037e-05 2.40854e-05 0.000148693 3.15e-06 5.88359e-06 0.000102138 2.8003e-05 2.48651e-07 5.63693e-06 8.09323e-06 -1.0015e-05 9.25904e-06 6.23224e-06 4.32853e-07 7.28627e-07 -6.04404e-05 -2.9674e-05 -1.43674e-06 -0.000150418 1.74972e-05 4.46696e-05 0.000270429 1.47641e-05 3.76651e-05 9.96351e-07 1.16599e-06 1.55207e-07 -5.03159e-06 1.72798e-05 -2.04229e-05 1.27406e-05 -0.000120779 -0.000198272 -0.000162879 -3.00776e-06 -1.26138e-05 5.16412e-05 1.72559e-05 2.7987e-05 2.66764e-05 8.92192e-05 -6.31511e-06 9.00203e-05 5.27327e-08 -1.76586e-06 0.000149096 2.42636e-05 4.07031e-05 2.59535e-05 -9.45241e-06 1.08151e-05 2.3642e-05 -9.99449e-07 -1.43934e-05
internal_weight=2.3798e+06 1.79331e+06 586492 581264 17309.9 8130.76 2441.62 5228.26 5689.14 4822.15 493.025 1.03294e+06 531845 1357.26 915.085 501093 530487 407795 24665 383130 280188 148165 496152 2160.14 1819.68 760369 1825.01 102941 9405.04 280.762 93536.2 9124.28 493992 493077 463975 177281 29102.1 4547.54 132023 795.224 1182.76 993.583 616698 70599.2 1901.11 97370.5 38528.3 38407.7 2397.6 23869.8 751.09 34652.9 546099 452.709 24554.5 12588.8 9246.38 23118.7 80234.9 26536.6 34470.5 68698.1
internal_count=2379923 1798912 581011 576598 15421 7056 2098 4413 4958 4111 435 1050762 548173 1013 701 502589 547160 403877 25655 378222 265739 142998 497868 2139 1870 748150 1515 112483 9486 240 102997 9246 495729 494875 467365 180631 27510 4374 122741 702 942 797 606063 61942 1727 89882 33642 33543 1888 24953 590 32859 544121 329 23136 11082 8295 24363 89473 30247 32722 60215
is_linear=0
shrinkage=0.05


Tree=57
num_leaves=63
num_cat=0
split_feature=57 217 21 53 344 201 16 48 265 48 1 183 361 35 1 355 202 179 359 359 260 201 46 201 278 358 344 46 337 49 342 358 45 34 292 48 46 283 49 355 48 342 355 358 359 258 108 16 355 113 358 76 172 9 199 48 334 337 73 334 292 49
split_gain=0.00445027 0.00360564 0.00320296 0.00300192 0.00297545 0.00319578 0.00284891 0.0031396 0.0030233 0.00282152 0.00282037 0.00423436 0.008955 0.00399626 0.00373281 0.00361649 0.00486973 0.00324632 0.00293241 0.00261927 0.00510775 0.0147504 0.00326536 0.00438244 0.0040313 0.00346233 0.00326719 0.00370532 0.00300955 0.00351806 0.00350211 0.00248002 0.00272811 0.00264155 0.00464886 0.00236669 0.0023304 0.00230912 0.00230733 0.0022744 0.00257407 0.00219105 0.00231609 0.00216957 0.0023063 0.00298707 0.00639327 0.00213865 0.00211936 0.00211609 0.00240558 0.00289325 0.0026748 0.00237852 0.00214815 0.00210857 0.00208974 0.00208665 0.00228459 0.0023113 0.00220136 0.00330848
threshold=1.0000000180025095e-35 0.00045073077490087604 0.031021662987768654 0.0010472192661836746 0.040221037343144424 4.3879157601622871e-05 0.0040521584451198587 0.063859205693006529 0.0031193931354209785 0.022293101996183399 0.0089666703715920466 -0.027577304281294342 -0.81922471523284901 -0.013110957574099301 0.0045766851399093875 -0.14419229328632352 0.0011052283225581052 -0.0056034191511571399 0.14150517433881762 0.18850193917751315 1038315.2187500001 0.00023631109070265668 0.0049083812627941379 0.00019012543634744364 0.30000181496143347 -0.042772784829139703 -0.24775319546461103 -0.0078772259876131994 0.027184416539967064 0.049320798367261894 1.8659475445747378 -0.013761509675532578 0.015454665757715704 0.047360250726342208 0.93911004066467296 0.032988339662551887 -0.015711578540503975 0.28007364273071295 0.029752788133919243 0.022970200516283516 0.020263950340449813 -1.7426190972328184 -0.20352525264024732 -0.38555485010147089 0.5045018494129182 0.15241681784391406 55.082271575927741 6.4132553234230741e-05 0.33698615431785589 0.079596340656280531 0.029429541900753978 -0.038355061784386628 -0.018863457255065438 -0.046155838295817368 0.0010813524713739755 0.017255257815122608 0.4527940452098847 0.0045656333677470693 0.050543934106826789 0.27319832146167761 -1.2897370994169244e-15 0.068077873438596739
decision_type=2 2 2 2 2 2 2 2 2 2 2 2 2 10 2 2 2 2 2 2 2 2 2 2 2 2 2 2 2 2 2 2 10 8 2 2 2 2 2 2 2 2 2 2 2 2 2 2 2 2 2 2 2 2 2 2 2 2 2 2 2 2
left_child=1 2 4 47 5 -1 7 10 9 -8 13 12 -12 14 37 56 18 43 39 20 22 -22 23 -19 36 -24 27 -26 29 30 -28 32 33 -9 -35 -30 -25 -7 -6 -17 -41 42 -40 -13 45 -45 -47 -2 -21 50 51 -3 -53 54 -52 -39 -15 60 -59 -60 61 -54
right_child=3 49 -4 -5 38 6 8 31 -10 -11 11 17 -14 15 -16 16 -18 19 -20 48 21 -23 25 24 26 -27 28 -29 35 -31 -32 -33 -34 34 -36 -37 -38 55 41 40 -42 -43 -44 44 -46 46 -48 -49 -50 -51 53 52 57 -55 -56 -57 -58 58 59 -61 -62 -63
leaf_value=-1.6280335783266108e-06 -9.1806833765867811e-06 8.4896659640823404e-05 -2.5329384154467535e-05 -1.7568506267103379e-05 4.3842392300705611e-05 0.00016638395562776465 -0.00025651158182612695 4.0995961331050125e-06 2.4524393884427838e-05 6.8404255133439922e-06 0.00049279312161723847 -7.4266266530944962e-05 2.7892066335274209e-06 1.7247261716586675e-05 -5.2963837889476061e-06 -1.6794159471430655e-05 0.00032174205287468485 3.7431338621728742e-05 -7.2337628268706886e-06 1.1362095473684787e-05 5.5493382255386279e-05 0.0006482776122484369 0.00023211874950415526 0.00010669522102331716 -2.045199004995457e-05 -5.1891002928530419e-05 -0.00043281955171955235 0.00020522299737831416 7.408635632639723e-05 -8.0510660171331637e-05 -8.48602997902771e-05 -4.5044143860040055e-06 -2.6930465584261982e-05 1.683348928531243e-05 0.00012188661290867962 -8.2003928487963564e-05 -2.8685185327681831e-05 9.3452196188792573e-05 1.2787617778939507e-05 -0.00015303628482313849 -4.7472935997855214e-05 -4.3975732337365746e-06 -6.8740744972122356e-07 -1.2568308890464299e-05 2.0193856516004871e-05 -1.3987657787329881e-05 -0.00035293708341436135 -1.2774221974498115e-06 -0.00012613581821729636 -1.281928895003959e-05 -2.6083028673760615e-05 7.4738577688082891e-05 0.00013458935916148588 5.3481147344669209e-06 -0.00016373168148662353 1.9894245574689513e-05 -1.9908066788514552e-05 6.6455910144973593e-06 -0.00010078301835702734 9.0444872695688409e-06 1.3583452531239457e-05 3.1661851339674803e-05
leaf_weight=349721.70671248436 108931.45811128616 1517.6630563735962 11908.683349609375 37834.79833984375 2720.0553259849548 278.83308410644531 99.820267677307129 135050.37176847458 31344.197448730469 92125.449809551239 140.39917135238647 1208.1017045974731 270.16245579719543 21259.057501912117 17477.397972106934 6037.0279359817505 107.20436382293701 13495.322841644287 47724.914287805557 95728.521695017815 582.06218659877777 126.1505571603775 367.05351281166077 853.19811475276947 785.57572650909424 150.40845656394958 154.46917569637299 234.57226133346558 489.72304713726044 1407.3991575241089 136.678635597229 177682.28118956089 6703.1548767089844 6237.7008860111237 1265.2348973751068 477.80755615234375 504.81074595451355 1005.8569808006287 39773.59619140625 686.16491222381592 3617.2016572952271 408043.50903022289 160821.80005180836 8001.731286406517 5680.4451829195023 422.69825387001038 205.50137686729431 399604.81567001343 279.0904426574707 10597.03466796875 2442.1906280517578 1833.1357879638672 842.43203997612 60709.54645717144 318.85935974121094 29377.467787265778 4602.0150356292725 24347.176072359085 1032.2758066654205 891.78512167930603 31123.16759288311 10400.517344713211
leaf_count=387824 103297 1241 12563 34326 2290 218 86 134274 32782 101070 100 1151 219 19988 16277 5397 80 11801 46044 89020 483 93 277 700 667 129 119 188 402 1221 110 178009 6415 5516 1060 395 455 805 39693 576 3133 402797 162343 7152 5339 389 167 397803 242 9969 2209 1500 636 57067 261 26868 4474 21997 844 862 27713 8797
internal_value=-2.05462e-08 1.15979e-06 5.0743e-07 -3.98132e-06 6.911e-07 2.28821e-06 4.20538e-06 2.76134e-06 1.11095e-05 6.54983e-06 6.81842e-06 1.19968e-05 0.000171932 1.65838e-06 1.31449e-05 -4.92197e-06 -1.18378e-05 1.14941e-05 -1.24647e-05 1.43726e-05 3.09471e-05 0.000162611 2.60375e-05 2.25706e-05 -1.71868e-05 0.000149685 -4.4313e-05 3.17396e-05 -7.34158e-05 -0.000113471 -0.000271164 -5.13186e-07 4.23817e-06 5.70414e-06 3.45766e-05 -3.00778e-06 5.64023e-05 2.36561e-05 -2.08876e-06 -3.66017e-05 -6.43681e-05 -2.29417e-06 1.98449e-06 -9.9796e-06 -4.54281e-06 -2.0826e-05 -0.000125636 -2.97038e-06 1.09598e-05 8.69633e-06 1.03797e-05 1.66361e-05 1.51636e-05 3.28339e-06 -4.20864e-05 2.23354e-05 1.06344e-05 1.35704e-05 2.49916e-06 -4.99224e-05 2.04352e-05 3.93968e-05
internal_weight=2.3798e+06 1.83343e+06 1.68737e+06 546371 1.67546e+06 1.0641e+06 714383 590814 123569 92225.3 263875 131702 410.562 132173 48139.6 84033.6 58172.5 131291 58065.3 115773 19765.2 708.213 19057 18539.6 5044.23 517.462 3686.23 1020.15 2666.08 1698.55 291.148 326939 149256 142553 7502.94 967.531 1358.01 30662.2 611359 10340.4 4303.37 608639 200595 15518.5 14310.4 8629.93 628.2 508536 96007.6 146056 135459 71988.2 70470.5 63470.6 2761.05 30383.3 25861.1 68637.4 26271.2 1924.06 42366.1 11242.9
internal_count=2379923 1844497 1711401 535426 1698838 1091715 703891 569953 133938 101156 244679 120819 319 123860 44168 79692 55230 120500 55150 106302 17040 576 16464 16058 4257 406 3102 855 2247 1450 229 325274 147265 140850 6576 797 1155 27891 607123 9106 3709 604833 202036 14198 13047 7708 556 501100 89262 133096 123127 63590 62349 59537 2470 27673 24462 60849 23703 1706 37146 9433
is_linear=0
shrinkage=0.05


Tree=58
num_leaves=63
num_cat=0
split_feature=327 247 246 276 327 1 108 344 201 358 314 359 292 20 202 196 27 35 226 219 361 200 292 198 202 45 206 359 207 212 41 36 43 201 320 38 42 361 259 49 358 327 25 15 35 203 347 314 197 177 198 337 271 223 361 174 355 2 292 292 113 193
split_gain=0.00431334 0.00460449 0.00368914 0.00306341 0.0028509 0.00268406 0.00256011 0.00246036 0.0033592 0.00410814 0.00525609 0.003462 0.00520207 0.00333635 0.00347544 0.00264168 0.00245291 0.00235919 0.00225853 0.00223312 0.00220742 0.00536648 0.00255546 0.00199445 0.0019868 0.0019541 0.00193883 0.0018941 0.00185191 0.00233905 0.00184117 0.00179396 0.00217725 0.00250499 0.00185845 0.00178888 0.00178162 0.00177503 0.00175519 0.00198156 0.00175115 0.00170239 0.00168947 0.00168708 0.00166235 0.00166033 0.00177892 0.00164998 0.00383111 0.00491865 0.0036922 0.00336371 0.00333336 0.00192893 0.0018756 0.00291519 0.00257571 0.00177099 0.00223036 0.00301037 0.00202536 0.00364594
threshold=-0.0013977295020595191 -0.30457311868667597 -0.24208548665046689 0.91000014543533336 0.0037737713428214197 0.063749361783266081 157.11652374267581 1.0000000180025095e-35 0.00096771266544237744 -0.080021444708108888 0.07168899849057199 0.1702658757567406 0.37938924133777624 0.008539464324712755 0.00088275276357308041 0.0014862223761156204 -0.0014316169545054434 0.081677790731191649 3.3306692515111542e-08 0.0034865305060520773 0.7069419026374818 0.0010667272144928577 -0.30967830121517176 0.0054228277876973161 0.0006646391993854196 0.0067193133290857085 0.0010000910842791202 0.21076142787933352 2.1057295271020852e-05 9.3218954134499668e-05 0.020503088831901554 0.0042535034008324155 0.0030182230984792118 0.0022346836049109702 0.06826601549983026 0.02908134646713734 0.0033330731093883519 0.33792188763618475 0.18781357258558276 0.34337003529071813 -0.080021444708108888 0.0037737713428214197 0.0090429028496146219 0.021910947747528556 -0.0012935913400724528 0.00045213667908683425 0.2790640145540238 0.0054763532243669042 0.0052753598429262647 0.0094491960480809229 0.0078178048133850115 -0.14134197682142255 0.010255620349198582 -0.080686848610639558 0.29404036700725561 0.0018943996983580293 0.012278127484023573 0.0035939810331910853 1.8810546398162844 0.42107190191745764 0.079596340656280531 0.022390785627067093
decision_type=2 2 2 2 2 2 2 2 2 2 2 2 2 2 2 2 10 10 2 2 2 2 2 2 2 10 2 2 2 2 10 8 8 2 2 10 10 2 2 2 2 2 2 2 10 2 2 2 2 2 2 2 2 2 2 2 2 2 2 2 2 2
left_child=6 4 19 7 -2 36 47 8 28 10 11 12 13 14 -10 17 -6 31 30 -3 -17 35 -23 24 44 27 -11 -19 37 -30 45 34 -33 -34 -9 -22 -5 -4 -18 -40 -26 -7 -32 -16 -8 -13 -47 50 54 -50 57 -52 -51 -53 -49 56 -56 60 59 -59 -1 -62
right_child=1 2 3 5 16 41 23 15 9 26 -12 18 -14 -15 43 20 38 25 -20 -21 21 22 -24 -25 40 -27 -28 -29 29 -31 42 32 33 -35 -36 -37 -38 -39 39 -41 -42 -43 -44 -45 -46 46 -48 48 49 52 51 53 -54 -55 55 -57 -58 58 -60 -61 61 -63
leaf_value=1.1504191769434159e-05 -6.1934954683219828e-06 4.5433227673510082e-06 4.5129067698239827e-07 -2.4222248297351679e-06 -0.00020486694452507691 -3.0964890086472928e-05 1.388039139843744e-05 -6.260973650621881e-07 0.0001508165377665442 7.3281320273388992e-06 -4.0560300986607116e-05 9.6133039875218493e-05 4.5214627975563224e-05 2.4337556288613197e-05 0.00051040646690983505 -7.4483676636476624e-06 7.2708573855875995e-05 -6.1252278771106191e-05 5.2715130406997154e-06 3.6171763796512498e-05 -2.1949881502245638e-05 -0.00037859642325254253 -0.00012391752369929947 -0.00017249463948048214 -7.4346077737369692e-05 -1.9122225212042087e-05 -7.0122679544979373e-05 0.0001317188313709916 5.1491211270877387e-06 -1.1140518044842775e-06 0.00023801912599052911 1.1317658470028127e-05 -1.8841068962938389e-05 0.0001771890643422321 0.00011404180639116508 -0.00020727941089887194 -1.2577650500290674e-05 -1.0501275252348093e-05 -7.3763165603759226e-05 3.7014975109229502e-05 6.3781058020114366e-05 -0.0001489478788415692 3.2410664378428469e-05 0.00026964582467940555 -7.3926906436691992e-05 5.3316401677378773e-05 -7.2082210811092573e-05 -5.2289053186281682e-06 -4.7511128578568934e-05 0.00038737307175983255 -0.00025348718456817037 5.068132798714768e-05 7.6561916611105865e-05 -7.2769454060491416e-05 7.0532090756298481e-05 3.0455734744938433e-05 0.00037214631296636524 4.2237526861875005e-05 -0.00013326414022554346 0.00022769586967632529 3.9769307183115301e-06 -9.7295450661932749e-05
leaf_weight=92560.283928871155 253792.34008789062 333280.87948608398 116742.22904360294 170114.48021411896 244.72940456867218 6720.4930114746094 782.32311022281647 519579.22901105881 271.32858109474182 3300.0839614868164 1383.7128143310547 1410.3111298084259 828.55906057357788 159.00911903381348 160.89936935901642 42821.859573364258 304.29243874549866 148.68875122070312 2020.8054904937744 5673.8994140625 10894.838082432747 124.64704406261444 461.83081543445587 228.38920974731445 300.47372031211853 495.31188905239105 1067.901123046875 836.16317808628082 404185.00273144245 236174.36221313477 288.77083647251129 8122.9270367622375 30493.090381622314 161.85976791381836 351.59250259399414 129.81545150279999 57880.919322013855 54149.698913574219 2215.6504609584808 492.21734416484833 950.24901604652405 318.52114868164062 153.28669774532318 148.3113077878952 1727.1517966985703 1055.1996428966522 384.20483803749084 2173.028463602066 181.63630378246307 227.18923091888428 201.39648497104645 443.98154437541962 140.22463619709015 1089.3642802238464 153.09884548187256 992.99962496757507 131.55264210700989 2971.9760667085648 161.86233711242676 234.3992360830307 3403.128901720047 1200.7808542251587
leaf_count=81814 251652 329661 132133 169184 191 6246 711 518332 213 2877 1164 1155 668 131 110 37794 241 133 1660 4638 9542 96 369 181 268 438 876 614 411818 231019 207 8079 32500 121 280 125 62665 62012 1806 378 787 251 128 102 1429 861 317 1876 137 156 155 361 108 882 120 780 105 2539 133 187 3420 987
internal_value=-1.94823e-08 -4.88664e-07 3.16221e-07 -6.47206e-07 -6.79023e-06 -5.93948e-06 9.63817e-06 2.17495e-07 2.00351e-06 2.75867e-05 4.83122e-05 6.61911e-05 0.000131437 0.000227654 0.000283068 -2.1766e-06 -5.32587e-05 -1.15477e-06 4.68904e-05 5.07297e-06 -1.26922e-05 -3.20268e-05 -0.000179148 -2.96792e-05 -2.09177e-05 6.18435e-05 -1.16308e-05 0.00010252 1.60507e-06 2.83917e-06 7.24213e-05 -1.32189e-06 -1.1696e-05 -1.77945e-05 -5.48117e-07 -2.41693e-05 -5.00046e-06 -3.01928e-06 -4.08132e-05 -5.36142e-05 3.05317e-05 -3.63445e-05 0.00016719 0.000397402 -4.65639e-05 5.76135e-05 1.97915e-05 1.11144e-05 4.26108e-05 0.000165041 9.88178e-06 -6.24004e-05 0.000269808 -3.70047e-05 2.30462e-05 7.10694e-05 0.000211548 1.11303e-05 4.67633e-05 5.59288e-05 9.89409e-06 -2.24675e-05
internal_weight=2.3798e+06 2.26954e+06 2.01249e+06 1.67354e+06 257049 235034 110255 1.43851e+06 823884 12632.4 8264.4 6880.69 1568.11 739.548 580.539 614622 3256.89 560189 5312.58 338955 54433 11611.1 586.478 3988.59 3760.2 1480.16 4367.99 984.852 811251 640359 3291.77 558709 38777.9 30655 519931 11024.7 227995 170892 3012.16 2707.87 1250.72 7039.01 442.058 309.211 2509.47 2849.72 1439.4 106267 3999.73 549.05 102267 1734.74 367.414 1533.35 3450.68 1277.65 284.651 100532 3368.24 3206.38 97164.2 4603.91
internal_count=2379923 2282787 2028519 1694220 254268 238346 97136 1455874 847451 10469 6716 5552 1224 556 425 608423 2616 560497 4328 334299 47926 10132 465 3376 3195 1185 3753 747 836982 642837 2668 559312 40700 32621 518612 9667 231849 194145 2425 2184 1055 6497 335 212 2140 2333 1178 93760 3282 401 90478 1398 264 1243 2881 1005 225 89080 2859 2726 86221 4407
is_linear=0
shrinkage=0.05


Tree=59
num_leaves=63
num_cat=0
split_feature=134 52 53 50 297 278 327 278 327 108 355 108 219 109 186 355 318 344 49 277 206 198 338 353 197 13 360 327 360 360 224 49 320 275 34 355 359 23 17 278 48 360 2 202 2 48 270 278 361 327 169 113 32 21 207 327 27 190 360 359 2 48
split_gain=0.00422133 0.00320507 0.00240308 0.00230121 0.00207218 0.00212884 0.00225413 0.00186016 0.00246315 0.00200125 0.00158572 0.00156509 0.00167363 0.00152514 0.00143855 0.00159586 0.00162052 0.00141603 0.00188164 0.00162297 0.00141236 0.00140315 0.00138634 0.00137367 0.00137294 0.00136794 0.00166103 0.00130714 0.00129993 0.0017387 0.0015424 0.00146788 0.00130811 0.00125128 0.00124071 0.00207171 0.00413667 0.00250371 0.00222464 0.00237937 0.00169606 0.00171136 0.00161874 0.00217269 0.00264764 0.00248935 0.00316348 0.00254771 0.00210079 0.00184289 0.00154672 0.00184974 0.00122845 0.00236485 0.00209605 0.00157467 0.00150053 0.00147239 0.00129246 0.00128988 0.00215659 0.00176306
threshold=-1.0000000180025095e-35 0.00020085263531655076 0.0015653576119802894 0.00075023114914074551 0.007231704657897354 0.68000364303588878 0.0029928383883088831 0.9200151562690736 -0.00040413778333459044 81.679355621337905 -0.058282226324081414 15.243814945220949 0.0012663255329243841 15.03200674057007 -0.0025901788612827654 -0.25178791582584376 0.02337327599525452 0.047803001478314407 0.029752788133919243 0.17000344395637515 0.0010000910842791202 0.0051098496187478313 0.96048590540885936 -0.48902542889118189 0.0052753598429262647 0.01875137630850077 0.94693079590797435 -0.0012937268475070594 0.81480857729911815 0.13780204951763156 -1.2181470054883901e-08 0.29721474647521978 0.06826601549983026 0.70462769269943248 0.042225889861583717 -0.19777074456214902 0.11193222925066949 0.0023158031981438403 0.001733585319016129 0.21985466033220294 0.031564159318804748 0.69139218330383312 -0.020265799947082993 0.00017209046927746388 -0.004562453366816043 0.061910983175039298 0.0017357898759655657 0.42000404000282293 -0.22729983925819394 0.0001058241141436156 0.00086831324733793746 -8.7717300630174564e-05 0.0014317932655103507 0.024320475757122043 3.6361561797093607e-05 0.0029928383883088831 -0.0065648483578115693 -0.037056395784020417 0.79861155152320873 0.20351376384496692 0.0048626486677676448 0.021845639683306221
decision_type=2 2 2 2 2 2 2 2 2 2 2 2 2 10 2 2 2 2 2 2 2 2 2 2 2 2 2 2 2 2 2 2 2 2 10 2 2 2 2 2 2 2 2 2 2 2 2 2 2 2 2 2 10 2 2 2 8 2 2 2 2 2
left_child=2 7 3 4 5 34 27 8 13 -9 -8 12 20 -2 -14 21 33 52 19 -19 -3 -16 24 -23 -22 -11 -27 -7 29 31 -31 -18 -30 -17 -1 36 37 -36 -38 -40 41 -37 48 -44 49 46 47 -46 -42 -45 51 -51 53 55 -54 57 -56 -10 -55 60 61 -58
right_child=1 11 -4 -5 -6 6 10 9 17 25 -12 -13 14 -15 15 16 28 18 -20 -21 22 23 -24 -25 -26 26 -28 -29 32 30 -32 -33 -34 -35 35 40 38 -39 39 -41 42 -43 43 44 45 -47 -48 -49 -50 50 -52 -53 54 58 56 -57 59 -59 -60 -61 -62 -63
leaf_value=-5.4381137947528223e-07 1.3990670602582362e-05 1.1672311379209458e-05 -1.7668437921073994e-05 1.0071620626138147e-05 -2.0136343109157112e-05 3.7628047511721588e-06 -5.3430375531827004e-06 -2.2934522271698295e-07 1.6859153245240878e-05 -6.841158547206213e-06 -0.00022355521314434851 4.4065656650317779e-06 3.1043795303846144e-07 3.9372731543179705e-06 5.6198776600376501e-05 8.7982114016728119e-05 -0.00013492373913108504 0.0002218902406014541 -2.6550758587705667e-06 3.8137996463319062e-05 -4.4396120871539211e-05 0.00028907722113572794 3.8139468685476241e-05 0.00010387926899217001 -0.00022055915218809234 -1.832132540230427e-05 -7.7440705291226494e-05 -6.0531152926615341e-06 -1.3616901288541343e-05 -1.8622521531317345e-05 0.00011765439127208267 9.3053200938862824e-06 -0.00017933928230330257 2.7511893648335997e-05 0.00038980682406082752 -7.9751267995985165e-06 -1.1993598236870715e-05 9.1506814219944086e-05 0.00012696800126414356 2.2621199436155134e-05 -3.7731334808203821e-05 0.0001900602607004326 1.8505079864520792e-05 -9.7431445612607465e-06 0.00035755362311858444 -1.0250876164028043e-05 -5.7616247016622948e-05 6.2015155985707486e-05 0.00014553726897506751 -0.00030274777486685787 -5.7823212375709065e-05 -0.00010267487590743701 -1.5788441067443697e-06 -7.2635363378179677e-05 3.3553124890647041e-05 -8.1556284396524698e-05 6.8957545676309826e-05 -6.8659705991699749e-07 4.5573682050600965e-06 4.6804917570231765e-06 7.5860503708843186e-05 1.0256659477215573e-05
leaf_weight=336766.29343700409 53727.360626220703 51652.658935546875 26743.61474609375 35172.789672851562 17259.470123291016 37617.546031951904 142.174036860466 223587.34005737305 12546.231771349907 80346.192687988281 199.23837769031525 152137.15405273438 2635.8843545913696 126653.02865600586 1312.7782173156738 1403.96064889431 248.53013253211975 131.28724801540375 283879.70669555664 1238.2516618967056 1140.3029141426086 135.96574366092682 479.71264219284058 381.93108403682709 120.75824737548828 8898.9330005645752 1369.6600170135498 344532.86881351471 338.20167875289917 330.50324141979218 554.28351366519928 595.50278258323669 182.08956909179688 2192.3282619714737 126.94555246829987 199.14058923721313 1798.1436002254486 158.40475726127625 876.50964152812958 1447.7261581420898 248.97761368751526 238.843829870224 6477.8447917699814 1108.3096700906754 145.78555309772491 4423.5050445795059 173.45900118350983 145.96009480953217 415.28651225566864 160.05236256122589 1094.8738384246826 416.07477259635925 103391.28412246704 1740.4427528381348 5268.9572200775146 589.13541793823242 1339.0796694755554 253736.61534869671 786.92327499389648 157469.71475553513 1428.0461196899414 27738.867178916931
leaf_count=337713 54319 50090 24336 31501 16169 33028 108 230847 12063 78387 158 138805 2304 121176 1081 1157 204 103 288343 1061 981 98 389 293 93 8195 1231 341593 277 264 438 486 148 1915 95 199 1559 119 718 1279 190 170 6244 962 104 4095 132 120 297 131 885 343 120904 1655 5981 490 1136 261638 743 162715 1239 26426
internal_value=-1.84694e-08 1.50567e-06 -2.928e-06 -2.42981e-06 -3.01133e-06 -2.61127e-06 -5.20195e-06 5.98564e-07 1.6244e-06 -2.76971e-06 -0.000133246 7.16179e-06 1.37413e-05 6.93186e-06 3.21807e-05 4.31217e-05 3.03446e-05 4.99781e-07 -2.37283e-06 5.60508e-05 1.0179e-05 8.38415e-05 -3.40934e-05 0.000153425 -6.15879e-05 -9.03777e-06 -2.62204e-05 -5.08686e-06 -2.94625e-06 1.7919e-05 6.68223e-05 -3.33823e-05 -7.20804e-05 5.11547e-05 1.68915e-07 1.2379e-05 4.25625e-05 0.000226003 2.97613e-05 6.20475e-05 3.64947e-06 0.000100392 7.75314e-07 -2.81152e-06 -2.08196e-05 1.33773e-06 0.000111103 0.000211125 7.6938e-05 -5.97666e-05 -9.28939e-05 -0.000159112 1.94741e-06 -4.96813e-07 4.1672e-06 -4.07474e-08 7.24148e-06 1.40212e-07 -4.8616e-05 6.50362e-06 1.59135e-05 1.29645e-05
internal_weight=2.3798e+06 1.56171e+06 818090 791346 756173 738914 382492 1.34587e+06 1.03166e+06 314202 341.412 215843 63705.4 180380 10312 7676.07 5845.4 851285 285249 1369.54 53393.4 1830.68 1740.77 517.897 1261.06 90614.8 10268.6 382150 2249.11 1728.82 884.787 844.033 520.291 3596.29 356422 19655.8 4407.73 285.35 4122.38 2324.24 15248.1 437.984 14810.1 14145.9 7668.02 4888.71 465.205 291.746 664.264 2779.31 1671 576.127 566035 269399 296636 266872 193245 266283 2527.37 187976 30506 29077.9
internal_count=2379923 1577675 802248 777912 746411 730242 374887 1378652 1059992 318660 266 199023 60218 175495 8665 6361 4889 884497 289507 1164 51553 1472 1463 391 1074 87813 9426 374621 1817 1392 702 690 425 3072 355355 17642 3770 214 3556 1997 13872 369 13503 13016 6772 4451 356 224 487 2321 1359 474 594990 276589 318401 274191 197497 273701 2398 191516 28801 27562
is_linear=0
shrinkage=0.05


Tree=60
num_leaves=63
num_cat=0
split_feature=276 1 197 277 36 191 109 339 200 348 330 219 360 322 360 203 1 46 346 14 183 23 46 11 337 194 18 356 198 18 2 357 202 360 49 256 256 36 270 46 355 337 44 310 259 48 108 219 342 2 267 26 183 354 197 355 318 225 202 42 205 259
split_gain=0.00406265 0.00361997 0.00372123 0.00427205 0.00321871 0.00330101 0.00319442 0.00493544 0.00567332 0.00350101 0.00366071 0.00329843 0.00310398 0.00787784 0.00442364 0.00453253 0.00432764 0.00518202 0.00393373 0.0037856 0.00366026 0.00364773 0.00344683 0.00308866 0.00380379 0.00303001 0.0062875 0.00302124 0.00485446 0.00300131 0.00299103 0.00644098 0.00554787 0.00331716 0.00356911 0.002924 0.00365454 0.00292263 0.00325615 0.00312284 0.00398317 0.00452166 0.00442614 0.00368362 0.00295028 0.00290534 0.00290456 0.00286293 0.0028542 0.00370414 0.00341584 0.00289699 0.00281934 0.00390541 0.00410614 0.00312667 0.00280049 0.0039874 0.00303183 0.00274913 0.00273534 0.00271372
threshold=0.6967449188232423 0.05934156849980355 0.0052753598429262647 0.11001360416412355 0.0054213826078921565 0.024378713220357898 15.03200674057007 0.84742942452430736 0.00079818107769824575 0.19528898596763614 0.349951982498169 0.00089754752116277825 0.67534339427948009 0.030812007375061515 -0.62407469749450672 0.00016425693320343274 0.05934156849980355 0.0010721320286393168 -0.037567971274256699 0.010332394391298296 -0.020006882958114144 0.0022111128782853488 -0.021089185029268261 0.045406401157379157 0.073846995830535903 -0.0020801911596208806 0.004747651284560562 0.15702895075082782 0.0024727823911234741 0.00010619059685268441 -0.030480788089334961 0.29894647002220159 0.00022331253421725708 0.65886139869689953 0.38083492219448095 3.2275856653996022e-08 -0.093699336051940904 0.013295434415340425 -0.020711674354970452 1.0000000180025095e-35 -0.033804079517722123 0.063847962766885771 0.00043821817962452775 0.034882204607129104 0.28527712821960455 0.18239419907331469 86.905902862548842 6.7766636675514755e-06 1.4580051898956301 -0.050034696236252778 0.0067722606472671041 -0.031319310888648026 0.0088618625886738318 0.18549322336912158 0.0052753598429262647 -0.042891381308436387 -0.0061330059543251983 -0.27203269302844996 0.00070669199340045463 0.055359199643135078 2.0886630409222565e-05 0.62567630410194408
decision_type=2 2 2 2 10 2 8 2 2 2 2 2 2 2 2 2 2 2 2 2 2 2 2 2 2 2 2 2 2 2 2 2 2 2 2 2 2 10 2 2 2 2 10 2 2 2 2 2 2 2 2 10 2 2 2 2 2 2 2 10 2 2
left_child=6 4 56 -4 60 -6 7 8 47 30 -11 23 14 16 27 19 17 22 -15 -16 -21 -18 -14 37 29 26 -7 61 -29 -25 31 32 46 -34 48 36 -10 39 -39 43 41 42 -41 -9 -44 -5 -8 -1 49 51 -50 -35 55 -54 -55 -32 57 58 -3 -27 -2 -12
right_child=1 2 3 45 5 25 9 11 35 10 12 -13 13 18 15 -17 21 -19 -20 20 -22 -23 -24 24 -26 59 -28 28 -30 -31 52 -33 33 34 -36 -37 -38 38 -40 40 -42 -43 44 -45 -46 -47 -48 -49 50 -51 -52 -53 53 54 -56 -57 -58 -59 -60 -61 -62 -63
leaf_value=-1.954311567559266e-06 -9.1999337949037818e-06 2.810235750900349e-05 0.00011509244733456739 -0.00019620729958965669 -1.2048619895078124e-05 0.00041407970561124178 -4.6228317905111915e-06 1.3356325650062655e-05 -0.00023412376681071343 2.2757458779787288e-05 4.2559337047266743e-06 4.9942892838633109e-05 4.1661280728903583e-05 7.9832138906837588e-05 -1.8430488344758947e-05 -4.0744637953686204e-05 -0.00010555831325075001 0.00010779450503683732 0.0003189054202988255 0.0002501547277501467 2.0116557599586297e-05 0.00014824558647812675 -1.5567055955184231e-06 -0.0002650203647565432 -0.00026204176554087502 1.6035739910520807e-05 -4.8380984410384582e-05 2.1325958840639702e-05 0.00028927314765835868 -1.1101020352637736e-05 1.4585776184798692e-06 -3.0159728054163527e-05 1.8191654996074644e-05 -1.55097363524296e-05 0.00022059069683632443 -0.00011140489000485419 -1.4976590293258488e-05 0.00024226570128317278 -2.7033849166504444e-05 0.00022178288339484554 -1.3416869771959559e-05 -5.8173209948487699e-05 4.9758609750554444e-05 0.00015604966849338167 0.00016643852392209081 -5.3668555516087248e-05 1.3874805173395401e-05 6.3711015544130186e-06 0.00011592109099154162 4.3981367234995056e-05 -0.00013552690699992649 -0.00026745286762721237 -2.0090663026173599e-05 2.7250256039714778e-05 0.00031245397173973336 -4.9527523975929928e-06 -2.3593472881931657e-05 -8.89947545340406e-06 0.00016294794761018171 -0.00016456471958932112 5.0400200727344705e-07 6.7704309639341756e-05
leaf_weight=163467.99120748043 83142.776222229004 1189.9489316940308 214.62916254997253 698.27897131443024 112931.06698226929 140.14944708347321 48599.907742500305 56979.266867756844 198.89245200157166 31418.954273104668 19949.380495548248 6666.0810546875 6554.4200332164764 407.14624679088593 13130.886420726776 11667.554664611816 1176.2839171886444 1481.1600190401077 298.37357437610626 174.85888671875 7816.5677871704102 159.12608432769775 15567.973325133324 120.37181758880615 177.18780386447906 10392.849492073059 151.4071010351181 505.46213638782501 252.23927414417267 2379.8713783025742 407696.47153997421 11136.066909790039 19508.776802062988 360.29142093658447 316.50035488605499 1386.3323125839233 3596.007169008255 112.82089996337891 5028.9889807701111 581.88228523731232 1710.6173250675201 550.55096125602722 2756.6298409700394 453.91911506652832 673.36798405647278 734.60334074497223 37669.590943336487 280363.01088058949 1981.0744677782059 4948.0336496829987 143.29152154922485 165.16248226165771 35106.966651916504 2768.9451293945312 130.2669677734375 356395.95785629749 23959.317163944244 5972.9837861061096 640.49230575561523 213.08604431152344 573675.93985748291 1838.7881271839142
leaf_count=188887 88504 1053 162 557 125159 96 46873 53561 159 28720 19392 5394 5785 306 12985 10225 1041 1188 207 131 7296 115 14327 97 143 11084 168 592 190 2005 404783 11157 17672 367 228 1137 3024 80 5481 452 1510 490 2365 375 501 579 36488 295761 1581 4410 129 132 33015 2452 93 343702 21913 5176 488 178 556526 1581
internal_value=5.71001e-08 -2.80822e-06 -1.89247e-05 -9.21484e-05 -2.11842e-06 -9.51263e-06 1.54609e-06 4.71625e-06 2.69741e-06 -6.20031e-08 8.2715e-06 1.6309e-05 2.65077e-06 1.70296e-05 -4.01326e-06 -1.57354e-05 1.2361e-05 1.73174e-05 0.000181555 -1.9182e-06 2.52113e-05 -7.51388e-05 1.12505e-05 1.31731e-05 -3.9496e-05 1.67653e-05 0.000175228 1.30348e-05 0.000111052 -2.35278e-05 -1.07254e-06 6.12709e-06 9.68182e-06 2.92711e-05 5.65702e-05 -4.93103e-05 -2.65795e-05 1.52224e-05 -2.1033e-05 1.81492e-05 5.16404e-05 7.60279e-05 9.44642e-05 1.44895e-05 7.27485e-05 -0.000123308 3.4543e-06 3.30476e-06 4.96814e-05 3.05694e-05 9.8849e-05 -9.54152e-05 -2.19301e-06 -1.54842e-05 4.02715e-05 -1.53187e-06 -1.5121e-05 1.08918e-05 7.54127e-05 1.23769e-05 -7.24386e-07 9.61631e-06
internal_weight=2.38059e+06 814058 33410.3 1647.51 780647 123829 1.56653e+06 527204 449012 1.03933e+06 112399 78191.6 80980.2 25644.5 55335.7 32789.9 24939 23603.6 705.52 21122.3 7991.43 1335.41 22122.4 71525.5 2677.43 10897.5 291.557 22545.9 757.701 2500.24 926927 124829 113693 27423.1 7914.35 5181.23 3794.9 68848 5141.81 63706.2 6273.05 4562.43 4011.88 57433.2 3430 1432.88 86269.5 443831 7597.85 5473.49 2124.37 525.454 802099 38006.2 2899.21 764092 31762.7 7803.43 1830.44 10605.9 656819 21788.2
internal_count=2380228 811643 29928 1298 781715 136685 1568585 561422 488968 1007163 104081 72454 75361 22969 52392 30637 22456 21300 513 20412 7427 1156 20112 67060 2245 11526 264 21755 782 2102 903082 119037 107880 24519 6847 4320 3183 64815 5561 59254 5318 3808 3318 53936 2866 1136 83361 484648 6619 4909 1710 499 784045 35560 2545 748485 28630 6717 1541 11262 645030 20973
is_linear=0
shrinkage=0.05


Tree=61
num_leaves=63
num_cat=0
split_feature=247 50 327 50 31 354 49 182 327 64 200 30 347 259 199 303 45 311 22 206 213 346 203 266 15 19 357 49 201 209 344 172 338 200 197 177 318 259 360 258 243 35 279 258 16 327 31 272 290 356 20 47 357 204 344 344 193 348 360 49 177 200
split_gain=0.00390857 0.00345187 0.00309977 0.00265095 0.00325831 0.0026559 0.00273681 0.00262232 0.0026091 0.00241957 0.00237858 0.00219495 0.00218663 0.00235668 0.00215745 0.00205378 0.00191132 0.00185832 0.00206416 0.00183261 0.00181295 0.00232735 0.00320465 0.00215356 0.00270569 0.00268935 0.00211612 0.00179815 0.00181923 0.00188703 0.00178947 0.00189 0.00182442 0.00173295 0.0023047 0.00170589 0.00184583 0.00166283 0.00163227 0.00162897 0.00162295 0.00161529 0.00254417 0.00207471 0.00159171 0.00157362 0.00154272 0.00158346 0.00229077 0.00151715 0.00150339 0.00148452 0.00150598 0.00192489 0.00144573 0.00167595 0.00144541 0.00151759 0.00194454 0.00174117 0.00195422 0.00176487
threshold=-0.25628733634948725 7.0497667365998504e-06 0.0037737713428214197 0.0017383852391503753 0.063430134207010283 -0.023409147746860978 0.059985630214214332 0.023767520673573021 0.00064115109853446494 1.0000000180025095e-35 0.00079818107769824575 -0.001325316203292459 -0.017024379223585125 0.53737023472785961 0.00030396532383747404 0.0024976102868095045 0.010178270284086468 0.021758790127933029 0.00090261336299590777 4.5256167140905752e-05 6.0894508351339034e-05 0.17070022225379947 0.00040358043042942887 0.026898249052464965 0.032355366274714477 0.0056483536027371892 -1.0022478103637693 0.19006607681512835 0.0013094524038024249 0.00040334880759473895 0.03273958899080754 -0.04446835815906524 0.96608704328536998 0.00079818107769824575 0.0043859735596925029 0.021067097783088688 0.0067692126613110313 0.24163013696670535 -0.90325874090194691 0.10742129758000375 0.011379661038517954 0.0737581141293049 0.34000965952873236 0.33317311108112341 0.00018466338224243375 -0.0016725638997741041 0.029899259097874168 0.0047400128096342095 0.12680356949567798 -0.24474149197340009 0.0048945946618914613 0.059555102139711387 -1.0022478103637693 0.00042594819387886679 -0.27027490735054011 0.21005079150199893 -0.038085054606199258 0.11505398899316789 0.67534339427948009 0.069946799427270903 0.0056239182595163592 0.00024933605163823819
decision_type=2 2 2 2 8 2 2 2 2 2 2 10 2 2 2 2 8 2 2 2 2 2 2 2 2 2 2 2 2 2 2 2 2 2 2 2 2 2 2 2 2 10 2 2 2 2 10 2 2 2 2 2 2 2 2 2 2 2 2 2 2 2
left_child=2 8 20 4 9 6 15 -7 44 19 -9 -4 13 14 -8 -6 17 37 -19 46 -1 23 -23 45 -25 26 -26 28 35 -30 31 32 39 34 -24 36 -11 -13 -14 -21 -40 -10 -43 -44 -2 -22 -3 -48 -49 51 -18 -32 -53 -54 -39 -56 -33 -58 -59 60 -60 -61
right_child=1 3 11 -5 5 7 12 10 41 27 -12 16 38 -15 -16 -17 50 18 -20 30 21 22 33 24 25 -27 -28 -29 29 -31 49 56 -34 -35 -36 -37 -38 54 40 -41 -42 42 43 -45 -46 -47 47 48 -50 -51 -52 52 53 -55 55 -57 57 58 59 61 -62 -63
leaf_value=-7.8308981374202259e-06 -3.855670877398404e-06 4.4698356000092161e-06 -0.00017862991733263122 1.8537467534872188e-05 -8.315951751938544e-05 1.755751635182394e-05 -6.0516274351710263e-05 -1.2841439242183837e-05 -9.7907205988156856e-06 1.0396813276719344e-05 -0.00016288208719656073 7.618831684139471e-05 2.9242438093028314e-05 0.00021604337188207737 2.6943524154062113e-05 -0.00032994604602705902 0.00016583964497306365 -0.00022184686484876052 -5.5742023774877252e-05 4.5023575013737374e-06 2.2881652399413589e-05 -5.2664114276056516e-06 -3.9828519201184784e-05 9.5388853663049038e-06 0.00033725848859445982 -3.5269207816353417e-05 0.00011802085551381639 3.3268623913126249e-06 0.00022770225969079045 4.2952672019541866e-05 -1.0145962957581564e-05 1.8306885304856012e-05 0.00018451837416443622 -0.00010841804410956053 0.00016309295477777368 -4.8852124832856054e-05 3.3366075024709805e-05 -0.00016837439066731284 -8.2361904480599812e-05 0.00021099285454656021 -2.8604875183844218e-05 -3.1103984750820848e-05 -2.8950471889903478e-06 0.0001736703431444035 9.6643325475520304e-07 8.4149140523345812e-07 1.7165560533468141e-05 0.00021991580345504395 4.5808911704516203e-05 -2.8396443742690936e-06 -4.4427964577799463e-05 5.5940395733234515e-05 -4.4569652506022006e-05 -0.00015418487037948127 5.1707760272333602e-06 -9.8976625840957829e-05 9.6937892644844233e-08 2.1797507494840965e-06 8.6548005834343763e-05 4.5050854876520068e-06 -1.7514030636583486e-05 4.4648081260887447e-05
leaf_weight=177387.97355294228 237267.17201387882 235752.36636924744 302.91860723495483 26394.749633789062 247.45669758319855 5903.0268440246582 1122.401482462883 771.11013793945312 95581.819946289062 86114.814549446106 400.07567596435547 327.50946307182312 614.85256385803223 122.81729185581207 1889.0115282535553 127.46386086940765 190.88746571540833 291.7738950252533 520.17424154281616 720.27769076824188 8700.6424539089203 60550.612106323242 4023.4581985473633 1036.4589614868164 175.62285614013672 161.91082394123077 299.15378177165985 112942.68054199219 187.18184089660645 517.97868156433105 4709.1595067977905 13082.137803435326 254.91397023200989 924.73661804199219 143.02097320556641 1135.9832181930542 9734.1301894187927 210.64463067054749 2916.515939950943 108.12892997264862 2711.8493828773499 584.34080731868744 261.70719420909882 454.41855120658875 613939.38541221619 116688.36743736267 7134.6609077453613 230.13732290267944 1024.6001763343811 201652.82326126099 150.77269172668457 254.29147338867188 1576.2715516090393 536.26559686660767 1139.7061644792557 582.18535029888153 295230.93190395832 27244.42094707489 1938.6624609231949 8832.9092870950699 587.02905118465424 3966.3363803625107
leaf_count=184330 235667 244782 235 23554 239 5221 965 682 90343 79031 310 255 554 85 1497 106 141 241 411 692 7343 58005 3650 841 128 143 217 109155 136 411 4793 12330 197 765 109 1010 8264 177 2419 83 2242 464 209 338 653065 109297 6558 195 853 192297 127 211 1465 438 937 467 292579 25609 1584 8045 465 3266
internal_value=5.43127e-08 9.28717e-07 -4.63988e-06 2.89111e-06 2.49102e-06 -1.933e-05 -3.62458e-05 3.9935e-06 -1.26261e-06 2.85263e-06 -6.42854e-05 -5.0063e-05 -3.09287e-05 3.14769e-06 -5.67266e-06 -0.000168366 -3.85564e-05 -5.10399e-05 -0.00011583 1.60405e-06 -4.18346e-06 -8.25866e-07 -8.47065e-06 3.12359e-06 5.94408e-05 0.000140391 0.000200193 7.62347e-06 1.25907e-05 9.2499e-05 2.96638e-08 2.20491e-06 6.80847e-05 -4.65622e-05 -3.2788e-05 1.20078e-05 1.27301e-05 -2.76813e-05 -4.80312e-05 3.18981e-05 -5.64801e-05 -9.03727e-06 4.62702e-05 0.000109316 -3.77696e-07 2.37118e-06 5.21974e-06 2.62868e-05 7.80418e-05 -3.6383e-06 7.33312e-05 -2.63913e-05 -5.86781e-05 -7.25149e-05 -4.53448e-05 -3.01163e-05 2.00113e-06 1.36954e-06 1.0195e-05 2.44422e-05 6.23669e-05 1.695e-05
internal_weight=2.38059e+06 2.00678e+06 373809 1.05869e+06 1.0323e+06 16826.6 9752.37 7074.21 948089 1.01547e+06 1171.19 3716.57 9377.45 3134.23 3011.41 374.921 3413.65 3071.99 811.948 804836 370092 192704 65641.8 127062 1673.15 636.687 474.777 210633 97690.1 705.161 560695 351966 1083.32 5091.22 4166.48 96984.9 95848.9 2260.05 6243.22 828.407 5628.37 96882.3 1300.47 716.126 851207 125389 244142 8389.4 1254.74 208729 341.66 7075.99 2366.83 2112.54 1932.54 1721.89 350882 337800 42569.4 15324.9 2525.69 12799.2
internal_count=2380228 2012409 367819 1032323 1008769 14320 8107 6213 980086 994449 992 2991 7762 2547 2462 345 2756 2488 652 796442 364828 180498 62529 117969 1329 488 345 198007 88852 547 544054 344850 972 4524 3759 88305 87295 1836 5215 775 4661 91354 1011 547 888732 116640 252388 7606 1048 199204 268 6907 2114 1903 1581 1404 343878 331548 38969 13360 2049 11311
is_linear=0
shrinkage=0.05


Tree=62
num_leaves=63
num_cat=0
split_feature=57 52 327 174 220 219 212 213 327 14 46 194 292 49 258 271 357 49 42 172 199 199 1 199 197 337 322 223 182 77 358 194 190 356 316 243 348 359 35 358 182 358 266 357 43 235 358 49 349 358 49 34 1 359 322 337 21 21 199 292 46 204
split_gain=0.00378137 0.00370935 0.00252254 0.0026063 0.0021552 0.00213134 0.00187914 0.0024758 0.0018778 0.00179177 0.00201012 0.00196281 0.00192689 0.00185396 0.00364751 0.00282416 0.00206697 0.00190386 0.00297339 0.00217153 0.00218687 0.00268367 0.00279316 0.00211896 0.00230141 0.00268559 0.00189724 0.00177609 0.00225659 0.00175298 0.00173206 0.00173206 0.00215559 0.00308011 0.0016699 0.00166937 0.00206534 0.0023653 0.00235538 0.00190349 0.00173844 0.00172381 0.00216333 0.0016651 0.00165162 0.00180882 0.0016429 0.0020312 0.00162843 0.00165692 0.00160505 0.00348916 0.00351182 0.00544199 0.00412312 0.00242937 0.00218269 0.00217321 0.00277713 0.00246133 0.00432264 0.00264117
threshold=0.80296614766120922 7.4079969181184433e-06 -0.0021595670841634269 0.034090176224708564 0.00033840538526419556 0.00022921547497389841 4.5171995225246071e-05 0.0005966113239992411 -0.00046086522343102837 0.020682037808001045 -0.0092475586570799333 0.0012317543150857093 -0.038508877158164971 0.049320798367261894 0.22367031127214435 -0.00071678339736536134 -0.028898606076836583 0.18827720731496814 2.043800759565784e-05 -0.014973483048379419 0.00017678852600511166 0.00038617904647253459 0.079437348991632475 0.00051862432155758153 0.0023007290437817578 -0.13114804029464719 0.011311993934214117 -0.63675817847251881 0.0018925522454082968 0.057594284415245063 0.11599556729197504 -0.0020801911596208806 0.027505313046276573 -0.33337987959384913 0.0037240114761516456 0.17563068866729739 -0.14277168363332746 0.4608652144670487 0.035925257951021201 -0.056830257177352898 -0.019577244296669957 0.072690542787313475 0.001668593555223197 -0.046603580936789506 0.00079324189573526393 -0.11955750361084937 -0.0013747658813372252 0.0834505930542946 0.024315790273249153 0.026560358703136448 0.32005938887596136 0.059577509760856635 0.042871018871665008 0.35600604116916662 -0.0066806697286665431 0.0045656333677470693 0.00052224626415409159 0.012845168355852367 0.0010813524713739755 -6.8726353868829704e-15 -0.021820062771439549 0.0005031425680499525
decision_type=2 2 2 2 2 2 2 2 2 2 2 2 2 2 2 2 2 2 10 2 2 2 2 2 2 2 2 2 2 2 2 2 2 2 2 2 2 2 10 2 2 2 2 2 10 2 2 2 2 2 2 8 2 2 2 2 2 2 2 2 2 2
left_child=1 31 3 29 5 -2 -4 9 -6 -8 12 13 48 14 16 -16 -12 19 -19 -15 -21 27 -23 24 -20 43 -17 -22 -29 35 46 32 -1 -34 -30 41 37 38 -37 -40 -38 42 -3 -26 45 -13 -14 -48 -11 -50 51 52 -9 54 -54 56 -53 59 -59 60 -52 -61
right_child=4 2 6 -5 8 -7 7 50 -10 10 11 44 30 17 15 26 -18 18 23 20 21 22 -24 -25 25 -27 -28 28 34 -31 -32 -33 33 -35 -36 36 40 -39 39 -41 -42 -43 -44 -45 -46 -47 47 -49 49 -51 57 55 53 -55 -56 -57 -58 58 -60 61 -62 -63
leaf_value=-1.5178463259900844e-05 -3.4134483809695389e-06 4.713858465256276e-05 6.2185234659578542e-06 0.00019584436789544211 -2.0414951108711176e-06 6.7658846710328791e-06 9.3687562173503683e-07 3.7104293758014812e-06 -1.5249828754770526e-05 -4.1516412976504197e-05 0.00014268682641774784 -0.00023388400074129774 -4.710640396189328e-05 0.00023661569283619594 -0.00034214112867856543 -4.6711718044229585e-05 -2.9551106915781186e-05 -0.00026022447228158112 -7.2318423673880453e-06 -1.2810691304089042e-06 -4.4121834453566053e-05 -8.5400429948297832e-05 0.00010639282004103746 3.3306365511341445e-05 -9.430191681397156e-05 -3.1824750866131633e-05 -0.00026122571609303146 2.301976807772343e-05 0.00019001433424348211 -3.6570498351848229e-05 0.00010645830493910704 -4.7835949615369908e-07 0.00026879400588080592 1.8501929989282328e-05 8.2041302111697498e-05 -2.9625979272719537e-05 7.3892247216383679e-05 4.3499917908777671e-05 -0.00027855129098426932 -6.4687151841749188e-05 7.8324820341185158e-07 3.971216060092737e-06 0.00021229311439079613 -0.00029027282352954393 -2.9289871919626096e-05 -3.1327097060073669e-05 -0.00024464124626040186 -7.4988993184826462e-05 6.2561341550450465e-05 -9.0392404215826688e-05 0.00016904280707663195 -8.6159263725858886e-05 0.00035377147584303789 5.6472555226658165e-06 0.00010309554011718161 -0.00010536531893663793 3.9418837184788773e-05 4.62198867855663e-06 -0.00010628755710878645 2.902506062126127e-05 3.718651666380826e-05 -1.5360227858227002e-05
leaf_weight=27899.555969238281 374107.4149312973 6416.166332244873 323805.23213195801 213.97201538085938 45703.569091796875 59615.33056640625 340062.78730010986 35093.902172088623 65434.418701171875 1330.7679437398911 232.05884516239166 225.04630672931671 2749.419208407402 108.62900638580322 131.62663900852203 523.47659730911255 679.18219745159149 114.67120146751404 17758.559132218361 7907.5184020996094 328.1071525812149 665.1595721244812 263.42904853820801 2828.2366856336594 288.87066519260406 1529.6666090488434 126.76040148735046 1111.5062865018845 512.5277818441391 1220.585262298584 150.40319967269897 1015152.9188925028 153.86555325984955 583.1158310174942 1200.5090763568878 878.51141822338104 1246.161262512207 602.89760684967041 211.27744722366333 206.21173000335693 2333.0792981386185 2564.0144183635712 202.81510329246521 174.5725394487381 2156.8148300647736 215.57254874706268 254.13321149349213 576.74814307689667 1071.8548986911774 210.18908905982971 684.06608855724335 559.10861325263977 209.29521095752716 1480.7660872936249 747.64758312702179 1171.3918573856354 900.7544732093811 3312.6639251708984 678.29434204101562 10039.086680531502 6641.4919986724854 5029.411735534668
leaf_count=31134 377351 5286 322757 154 41488 54988 326732 30212 60160 1160 179 183 2407 83 103 421 560 92 16787 7123 276 527 250 2317 238 1270 99 946 390 990 112 1054631 114 555 955 738 1021 491 167 167 2002 2189 150 142 1960 193 202 499 873 176 515 439 149 1212 567 996 707 2971 532 8674 5452 4014
internal_value=5.16194e-08 1.13727e-06 3.7176e-06 2.33082e-05 -3.60612e-06 -2.01427e-06 3.31111e-06 1.22844e-06 -9.81827e-06 -3.09028e-07 -9.6356e-06 -5.39729e-06 -3.57379e-05 -2.40635e-06 -5.34676e-05 -0.000132549 1.45278e-05 8.14104e-08 -8.45793e-06 1.60999e-05 1.40627e-05 4.37777e-05 -3.08793e-05 -7.15641e-06 -1.29531e-05 -6.38706e-05 -8.92029e-05 6.5773e-05 7.85609e-05 2.09593e-05 -5.87899e-05 -8.20461e-07 -1.29469e-05 7.13435e-05 0.00011453 2.57532e-05 3.90648e-06 -3.8219e-05 -7.62429e-05 -0.000173729 2.62642e-05 3.87822e-05 5.22618e-05 -0.000169051 -4.73756e-05 -0.000135372 -6.57873e-05 -0.000127342 -2.80335e-06 3.73831e-05 1.01342e-05 3.84007e-06 7.74319e-06 6.57493e-05 0.000158545 -5.17967e-05 -8.72802e-06 1.97141e-05 -1.42717e-05 2.57716e-05 4.95421e-05 1.42105e-05
internal_weight=2.38059e+06 1.83573e+06 791938 16095.7 544861 433723 775842 452037 111138 385489 45426 39082.5 6343.52 36485.1 1693.1 781.864 911.241 34792 22694.6 12097.4 11988.8 4081.24 928.589 22579.9 19751.7 1993.11 650.237 3152.65 2824.54 15881.7 3730.7 1.04379e+06 28636.5 736.981 1713.04 14661.1 5478.14 1898.9 1296 417.489 3579.24 9183 6618.98 463.443 2597.43 440.619 3580.3 830.881 2612.81 1282.04 66547.9 40162.9 37531.6 2437.71 956.943 2631.25 1459.86 26385 3990.96 22394.1 7325.56 15068.5
internal_count=2380228 1846241 759807 13355 533987 432339 746452 423695 101648 367255 40523 35094 5429 32758 1362 623 739 31396 20846 10550 10467 3344 777 20754 18437 1650 520 2567 2291 13201 3220 1086434 31803 669 1345 12211 4586 1563 1072 334 3023 7625 5436 380 2336 376 3108 701 2209 1049 56440 34282 32140 1928 716 2142 1146 22158 3503 18655 5967 12688
is_linear=0
shrinkage=0.05


Tree=63
num_leaves=63
num_cat=0
split_feature=144 53 63 62 0 359 361 35 130 212 2 198 200 108 291 44 64 344 361 113 181 0 349 23 360 201 338 162 358 266 292 219 333 312 198 0 361 349 210 34 219 16 179 336 347 282 358 134 247 357 46 70 223 202 287 211 344 313 48 200 314 0
split_gain=0.0036655 0.0026602 0.00224489 0.00211361 0.00188149 0.00286189 0.00310026 0.00311116 0.00175326 0.00164954 0.00172271 0.00169959 0.00259881 0.00307996 0.00267875 0.00183143 0.00160136 0.0015201 0.00149176 0.00145514 0.00178372 0.00135151 0.00283065 0.00142497 0.00190555 0.00167723 0.00147977 0.00134523 0.0013445 0.00171459 0.00133 0.00130395 0.00139128 0.00134625 0.00168025 0.00142064 0.00230765 0.00142971 0.00130162 0.00128507 0.00128111 0.00124936 0.00138748 0.00121555 0.00130158 0.00119149 0.00136171 0.00118514 0.00117525 0.00115002 0.00112938 0.00112253 0.0011152 0.00111865 0.00110104 0.00109787 0.0010843 0.001353 0.00145432 0.00189569 0.00108972 0.00124965
threshold=-1.0000000180025095e-35 3.4454486694812662e-06 1.8514255657464675e-06 1.0000000180025095e-35 -0.027545910328626629 0.10812873393297197 -0.31200329959392542 -0.010854131076484917 -1.0000000180025095e-35 4.5894403228885501e-05 0.0044868092518299827 0.0029698131838813428 0.00052075285930186521 14.639545917510988 0.4181638658046723 0.014841360505670311 1.8519977516007204e-06 -0.00439722673036158 -0.49545863270759577 0.11900876089930536 -0.063330423086881624 -0.0097716161981224996 0.0015092962421476843 0.0041262977756559857 -0.1965975686907768 0.0013094524038024249 0.83091861009597789 -0.0088586066849529726 -0.2476423308253288 -0.0060451754834502927 0.37938924133777624 0.0017898385995067658 0.28777976334095007 0.007748284377157689 0.0034860394662246112 -0.011899542994797228 -0.26992821693420405 0.51606208086013805 0.0012917774729430678 0.059577509760856635 0.0034865305060520773 0.016890071332454685 0.056160202249884612 -0.05860032141208648 0.085431307554245009 0.42579036951065069 -0.018069714307785031 -0.0003455575206317007 -0.24821262806653974 -0.0046430442016571752 -0.0069441136438399545 0.063001479953527464 -0.028913550078868862 0.0013104867539368572 0.62062603235244762 4.0082046325551353e-05 -0.1827932074666023 0.0048012065235525378 0.035310635343194015 0.00027952305390499538 -0.049189606681466096 -0.013004243373870848
decision_type=8 2 2 2 2 2 2 10 8 2 2 2 2 2 2 10 2 2 2 2 2 2 2 2 2 2 2 2 2 2 2 2 2 2 2 2 2 2 2 8 2 2 2 2 2 2 2 2 2 2 2 2 2 2 2 2 2 2 2 2 2 2
left_child=3 48 4 9 5 -3 28 -8 19 -1 27 -12 13 14 -13 39 51 -9 -16 20 52 22 -21 24 -23 -25 -27 -11 -7 -30 -19 33 38 35 50 36 -22 45 -33 -14 -18 42 56 44 -44 46 -38 -4 -2 -45 -35 -5 53 -6 -10 -50 57 -29 59 -59 -58 -62
right_child=1 2 47 16 8 6 7 17 54 10 11 12 15 -15 18 -17 40 30 -20 21 31 23 -24 25 -26 26 -28 41 29 -31 -32 32 -34 34 -36 -37 37 -39 -40 -41 -42 -43 43 49 -46 -47 -48 -49 55 -51 -52 -53 -54 -55 -56 -57 60 58 -60 -61 61 -63
leaf_value=4.464982431828576e-06 -4.1380206916546309e-06 -0.00015247628981110512 -1.9134733685391012e-05 4.883961912772406e-06 6.0597487653936251e-05 -0.00012358703941826244 1.3376667921761985e-05 0.00026198474034839586 -0.00025441679810912343 1.5301703752112742e-05 7.9470886586840052e-06 7.4242748898579677e-05 3.4778222599901949e-05 2.8132067869559783e-05 0.00034977955414718906 6.943153120796567e-05 1.3079042114622444e-05 1.2837661626174079e-05 0.00013945768179082104 -0.00026974680824615313 -6.048070634211536e-06 1.4991933553261042e-06 -2.7535925491576862e-05 -1.1053443641171306e-05 -7.7399943196894891e-05 -1.6033158741089728e-05 0.00013716282745397044 1.6252743422520513e-08 0.00014804263058666137 -1.8704844430915724e-05 0.00016466683383023359 -6.9865053969387103e-06 4.3249612223945075e-05 -1.3647725708802376e-05 -4.4751170824871405e-05 -2.4650945215989309e-06 -1.2927468294539533e-05 0.00014245380169286011 0.00010378936449535335 -0.00015131646414652059 5.8688699120449701e-05 1.1537232280135483e-05 -2.9204816563337323e-05 -8.6538555249023304e-05 7.3477837538433845e-05 1.3089040242896986e-05 7.7155005626265054e-05 -6.959978196384129e-06 -7.184712813913092e-07 -3.5709960670280796e-06 1.5320581718730256e-05 -3.591894787501952e-05 2.1417357602103913e-05 0.00021715023343743309 -3.48213928968318e-05 3.1864954695164638e-06 -4.4089419239251365e-05 4.5313605127247686e-05 1.3179040895365086e-05 0.00023728558721699655 9.0147865684819008e-06 -4.5008495463596461e-06
leaf_weight=253323.18505859375 114985.57568359375 182.91313719749451 23168.115051269531 132664.73169398308 370.0803964138031 213.22956025600433 651.89941918849945 247.57398402690887 108.16775560379028 11820.052890777588 6150.6323776245117 364.71350240707397 139.30560922622681 800.73199713230133 215.91051602363586 329.04815196990967 55945.276179552078 211.96259522438049 144.23342573642731 160.90232014656067 17611.842895507812 1321.4097230434418 466.93825221061707 8432.9722908735275 1816.0769493579865 272.02931880950928 371.58545207977295 65129.640344619751 190.70349454879761 769.2087584733963 451.84535479545593 4113.1545482873917 3261.0371512174606 17919.595501184464 3667.4255981445312 469074.93749284744 576.0289067029953 227.40995335578918 281.44122314453125 271.91444063186646 1581.395263671875 16609.783131122589 1112.5973427295685 1321.0278680324554 424.78546977043152 19483.567825198174 1536.8240007162094 145635.571403265 347345.60912287235 610.60335755348206 4140.5035461187363 1705.3198852539062 1097.2623236179352 164.61090850830078 119.99694430828094 373579.47457885742 1663.125737786293 715.35972595214844 12204.765678405762 155.20000457763672 18458.421450614929 232496.55432593822
leaf_count=260611 118630 156 21433 128038 302 172 781 173 91 10897 5936 276 114 665 158 255 51392 163 107 129 16535 1290 386 8873 1639 222 282 62936 144 760 316 3493 2698 17314 3102 465325 524 190 217 213 1244 18600 979 1129 344 18621 1300 138213 371224 545 3604 1423 927 124 131 382330 1523 609 11266 113 16744 222297
internal_value=4.90199e-08 -1.36835e-06 -3.57735e-06 2.76486e-06 -2.05261e-06 3.7969e-05 5.08011e-05 9.6859e-05 -2.26266e-06 1.35451e-06 -7.68579e-07 2.15917e-05 5.85902e-05 9.58519e-05 0.000170377 -1.82525e-05 7.35429e-06 0.000156413 0.000266783 -2.20557e-06 -1.81249e-06 -1.88398e-05 -9.02689e-05 -1.5154e-05 -4.41903e-05 -5.1095e-06 7.25641e-05 -1.28754e-06 -1.06341e-05 1.46614e-05 0.00011637 -1.96977e-06 1.85165e-05 -2.2634e-06 -1.34217e-05 -1.69881e-06 7.41559e-06 1.82803e-05 1.51853e-07 -8.84115e-05 1.43348e-05 -1.84643e-06 -2.51148e-06 -3.39592e-05 -7.74556e-07 1.69597e-05 5.26067e-05 -8.63116e-06 5.56321e-07 -6.03427e-05 -8.20971e-06 4.3656e-06 5.03503e-05 0.000109424 -0.000140233 1.30506e-06 -2.18151e-06 2.96316e-06 1.76398e-05 8.00031e-05 -3.7742e-06 -3.50667e-06
internal_weight=2.38059e+06 1.56423e+06 728319 816358 559515 2919.34 2736.42 1563.28 556596 624462 371138 8416.49 2265.86 1525.59 724.857 740.268 191897 911.382 360.144 556368 543526 12841.9 627.841 12214.1 3137.49 9076.59 643.615 362722 1173.14 959.912 663.808 541894 7655.63 534238 25727.5 508511 39435.7 21823.8 4394.6 411.22 57526.7 350902 334292 3469.01 1537.38 21596.4 2112.85 168804 835911 1931.63 22060.1 134370 1631.95 534.691 228.165 720925 330823 78205 13075.3 870.56 252618 250955
internal_count=2380228 1581814 709630 798414 549984 2665 2509 1433 547319 616317 355706 7724 1788 1206 541 582 182097 652 265 547097 534276 12821 515 12306 2929 9377 504 347982 1076 904 479 532923 6408 526515 24020 502495 37170 20635 3710 327 52636 337085 318485 2997 1323 20445 1824 159646 872184 1674 20918 129461 1353 426 222 753554 315488 74924 11988 722 240564 239041
is_linear=0
shrinkage=0.05


Tree=64
num_leaves=63
num_cat=0
split_feature=278 327 53 0 1 359 48 0 359 34 327 355 191 52 357 226 327 333 179 203 109 340 21 182 109 1 1 359 0 0 0 49 292 199 48 330 203 1 1 0 355 198 49 264 192 333 359 202 189 49 174 355 0 48 10 355 179 207 329 182 46 271
split_gain=0.00358406 0.00503515 0.00331303 0.00268639 0.0035738 0.00353843 0.00390037 0.00394149 0.00333269 0.00292108 0.0028696 0.00283657 0.00282646 0.00267136 0.00250957 0.00567157 0.00226797 0.00230817 0.00240965 0.00221164 0.00233135 0.00216324 0.00211336 0.00240007 0.00197403 0.00259763 0.00246606 0.00295881 0.00441202 0.004304 0.00393189 0.00425115 0.00390944 0.00365065 0.00425859 0.00500833 0.00409695 0.00335297 0.00321424 0.00491538 0.00315564 0.0044106 0.00296642 0.00362583 0.00329887 0.00287909 0.00413138 0.00279567 0.00398916 0.00289695 0.00278937 0.00264834 0.00245177 0.00230347 0.0022114 0.00212834 0.00209286 0.00384777 0.00206612 0.00205716 0.00201398 0.00196567
threshold=0.9200151562690736 -0.00067502239835448552 0.00036931263457518076 0.016879743896424774 0.067955501377582564 0.4608652144670487 0.081721365451812758 0.0011864015832543375 0.11950049921870233 0.07166533544659616 -0.0021595670841634269 0.071758691221475615 0.034777235239744193 1.0000000180025095e-35 0.084132533520460143 0.18729844689369204 0.0037737713428214197 0.25582419335842138 -0.0021059729624539609 4.5620663513545885e-05 105.81134414672853 -2.4999061822891231 0.0066868665162473926 -0.038395324721932404 65.035503387451186 0.0012693451135419311 0.008010944817215206 0.15215095877647403 0.013650314882397653 0.00074547150870785128 -0.00014839346113149074 0.04040650092065335 5.2378211021423349 0.00015098228323040533 0.034743364900350578 0.47065028548240667 0.00048444756248500204 0.022573541849851612 0.017516466788947586 -0.00014839346113149074 -0.10220238193869589 0.0018268267740495505 0.059985630214214332 -0.00051072481437586237 0.038256583735346801 0.099447187036275878 0.15945766121149066 0.00039815153286326682 0.022661182098090652 0.33752781152725225 0.006194920279085637 -0.06139728054404258 -1.0000000180025095e-35 0.13578842580318454 0.037064833566546447 0.11508546769618989 0.0012173273134976628 0.00028256599034648394 0.28484404087066656 -0.045476153492927544 -0.012396668549627064 0.0011510784388519826
decision_type=2 2 2 2 2 2 2 2 2 8 2 2 2 2 2 2 2 2 2 2 10 2 2 2 8 2 2 2 2 2 2 2 2 2 2 2 2 2 2 2 2 2 2 2 2 2 2 2 2 2 2 2 2 2 2 2 2 2 2 2 2 2
left_child=1 19 13 4 10 6 7 12 -5 -8 -2 14 -6 -3 22 -16 -4 -18 -19 -1 -21 -14 23 -10 -12 52 45 28 29 32 31 -29 33 34 35 -28 42 -33 39 -37 61 -42 43 -35 53 59 50 55 49 -49 -47 -30 56 -44 60 -31 -26 -58 -57 -27 -43 -39
right_child=3 2 16 8 5 -7 9 -9 11 -11 24 -13 21 -15 15 -17 17 18 -20 20 -22 -23 -24 -25 25 26 27 30 51 47 -32 37 -34 36 -36 38 -38 40 -40 -41 41 54 44 -45 -46 46 -48 48 -50 -51 -52 -53 -54 -55 -56 58 57 -59 -60 -61 -62 -63
leaf_value=1.9483795345640299e-06 1.8067175607832947e-05 -1.0195423423232627e-06 -5.8880658654529057e-06 0.00017464991420189152 -6.5107783492896252e-05 -4.7494133398731131e-06 6.0232920377948576e-06 6.5745453240095689e-06 0.00013884791110308945 -6.7165547755598513e-05 -1.2023678828045065e-06 0.00023041213382187669 -0.00012583729857631713 3.2425942167082507e-06 2.8468200234008857e-05 0.00043464440413248126 -8.2228483755502019e-05 -0.00020207371469228901 -4.6159065754223105e-07 1.6773868991712783e-05 2.9343488209262091e-07 -0.0002709532364169522 -8.4394868528439644e-05 1.7279791504547372e-06 -2.7445703188974082e-06 -0.00022366055568954587 1.3106648569087778e-05 0.00014597650369441528 1.3759861014273551e-05 -2.1802812657362375e-05 -1.5147012306331693e-06 -8.9751800993118961e-06 -0.00013207785445479677 0.00039421205969023102 -2.2283995865177516e-05 0.00046967794966942155 -0.00010732224559912292 -1.7792284609932635e-05 7.8244412615240076e-05 9.1546777730197159e-05 -2.3680156033558687e-05 -9.2507130510823557e-05 8.6599818955478196e-05 9.1236226439143158e-05 0.00032050078914287516 -9.329354211640525e-05 -2.5184914317415756e-05 2.4002690003289164e-05 -0.00016171541338969974 0.00018058136457270313 -0.0003246010739491021 0.00026527115174481509 8.5026140639459912e-05 -3.2180768035286648e-05 -0.0002088210181608161 -6.7294696021893275e-05 1.2509569253078425e-05 0.00012500099956678874 -0.00025240750516456557 -1.376995806587553e-05 -2.2129859763492921e-05 9.1912092103487269e-05
leaf_weight=74218.154296875 15582.003890991211 810222.86698496342 137886.26556396484 381.72746682167053 698.63173651695251 8685.1212749481201 2925.3708868026733 587.78734469413757 355.20024073123932 2550.6596231460571 314453.66521477699 154.6217315196991 544.58302569389343 673008.19706344604 380.11148226261139 109.17545104026794 1978.4227894544601 154.97547781467438 2652.5148186683655 91989.049026489258 27987.923629760742 495.4473922252655 614.38167726993561 2994.4374679327011 28969.445550441742 115.04311370849609 1554.0435367822647 372.3234943151474 170.16117739677429 4925.6423835754395 62811.914077401161 19803.115103721619 350.44462311267853 171.33496177196503 3413.4524281024933 171.90263020992279 271.00234854221344 6151.2925914525986 443.80368554592133 172.29572343826294 6184.793541431427 4428.7033373117447 2098.7782715559006 233.28101789951324 129.38043713569641 1830.1438981294632 5332.7835859060287 1099.2399513721466 218.28612720966339 402.35877096652985 138.84201943874359 270.87010312080383 926.37448215484619 505.46651220321655 332.18355131149292 813.84026193618774 4756.9551479816437 902.88504028320312 183.81037282943726 46563.753232121468 1321.1918390989304 435.36436092853546
leaf_count=71454 13194 850944 130266 289 635 7908 2631 558 266 2124 323924 119 433 660460 361 80 1575 120 2116 82530 25462 387 538 2571 27917 120 1378 277 125 4490 59393 19475 274 118 3170 123 212 5989 388 136 6022 3885 1662 174 88 1501 5000 935 174 288 106 192 731 429 272 749 4459 723 152 46602 1215 339
internal_value=4.66525e-08 1.12325e-06 2.14374e-07 -3.4494e-06 -3.77752e-06 -2.67066e-05 -5.11402e-05 -0.000105351 3.30672e-05 -2.80791e-05 -3.07606e-06 2.12676e-05 -0.000143154 9.14381e-07 1.39058e-05 0.000120499 -7.06286e-06 -4.08932e-05 -1.17267e-05 8.73271e-06 1.29294e-05 -0.000195355 6.9461e-07 1.63425e-05 -3.70554e-06 -7.47209e-06 -9.99621e-06 -5.9877e-06 1.29419e-05 8.91838e-06 -9.25917e-06 -2.17222e-05 3.13593e-05 3.76363e-05 1.33392e-05 6.52336e-05 7.86228e-05 -2.33448e-05 0.000167741 0.000282019 -3.84357e-05 -5.34232e-05 9.47382e-05 0.00022084 7.59256e-05 -1.88651e-05 -4.80575e-05 -1.90198e-05 3.70691e-05 6.61429e-05 -0.000109917 0.000168732 4.83907e-06 6.35383e-05 -8.36508e-05 -3.53127e-05 2.68918e-06 3.04926e-05 -0.000101837 -1.42968e-05 -7.63494e-05 -1.05154e-05
internal_weight=2.38059e+06 1.8201e+06 1.6259e+06 560489 555500 16487.6 7802.48 2326.45 4989.66 5476.03 539012 4607.93 1738.66 1.48323e+06 4453.31 489.287 142672 4785.91 2807.49 194195 119977 1040.03 3964.02 3349.64 523430 208977 173421 119440 17599.4 17158.4 101841 39029 9515.19 9164.74 5755.5 2342.05 3409.24 38656.6 788.002 344.198 18853.5 12266.9 3138.24 404.616 2733.63 53980.6 7301.77 7643.18 1719.88 1501.6 1968.99 441.031 35555.7 2604.24 6082.08 5923.29 34629.3 5659.84 997.651 46678.8 5749.9 6586.66
internal_count=2380228 1824927 1645481 555301 551077 14676 6768 2013 4224 4755 536401 3935 1455 1511404 3816 441 134077 3811 2236 179446 107992 820 3375 2837 523207 199283 165453 112124 15257 14940 96867 37474 8152 7878 5195 2025 2683 37197 647 259 17722 11394 2471 292 2179 53329 6607 6788 1397 1223 1607 317 33830 2091 5372 5391 33099 5182 901 46722 5100 6328
is_linear=0
shrinkage=0.05


Tree=65
num_leaves=63
num_cat=0
split_feature=64 212 327 203 220 211 109 69 213 318 258 113 343 357 0 49 266 0 331 334 24 203 281 256 113 46 259 73 292 176 277 29 46 39 357 355 349 180 318 190 320 1 52 310 327 32 0 272 256 41 258 292 220 359 49 210 30 355 361 2 179 334
split_gain=0.00373833 0.00361186 0.00353219 0.00320736 0.0030706 0.00290186 0.00277505 0.00287222 0.00248697 0.0024814 0.00229034 0.00214978 0.00351665 0.00270025 0.00422443 0.00448926 0.00329753 0.00317656 0.00443489 0.00323868 0.00269649 0.0026918 0.00267653 0.00243999 0.00237479 0.00212181 0.00509424 0.00338201 0.00546478 0.00355948 0.00326878 0.00244133 0.00393311 0.00293707 0.00249764 0.0022914 0.00336273 0.0021306 0.00209135 0.00204506 0.00203365 0.00200673 0.00197131 0.00197077 0.00194841 0.00228049 0.00204873 0.00198295 0.0037443 0.00233338 0.00192429 0.00302265 0.00192336 0.00187733 0.00208879 0.00223645 0.0021399 0.00196283 0.00263159 0.00346657 0.00202288 0.00192161
threshold=0.00039513560477644211 2.7166787731403023e-05 -0.00075922501855529834 4.3586329411482445e-05 0.00056796357966959487 0.00016785885236458856 107.63331985473634 0.058094412088394172 3.0980938845459609e-06 -0.069238141179084764 0.45255477726459509 0.072994947433471694 0.21216029673814776 -0.0062594127375632516 -0.0052907129283994428 0.48759046196937567 -0.023627880960702893 0.013650314882397653 0.50774574279785167 0.45844726264476782 0.01768501847982407 0.00010476861280039886 0.37000079452991491 0.11757420003414155 0.034627776592969901 0.010871900245547296 0.37564985454082495 0.045350333675742156 1.4105435609817507 -0.011782181914895771 0.42000208795070654 0.035499777644872672 -0.014791090041399 0.010522387921810152 -0.025248676538467404 0.15824490785598758 -0.092904292047023759 0.031543524935841567 0.0033855207730084662 -0.019685953855514523 -0.013983907178044317 0.026154919527471069 0.0091404188424348849 0.001599440642166883 -0.00012695541227003557 0.031669568270444877 0.00085907065658830117 0.0049710106104612359 0.11757420003414155 0.00016921535279834646 0.19730179756879809 0.26055298745632177 5.1501594498404308e-05 0.34882037341594702 0.5108376443386079 0.00055226025870069872 0.044990813359618194 0.077954627573490157 0.46238440275192266 0.0024101372109726076 -0.022913194261491295 0.31397275626659399
decision_type=2 2 2 2 2 2 10 2 2 2 2 2 2 2 2 2 2 2 2 2 2 2 2 2 2 2 2 2 2 2 2 10 2 10 2 2 2 2 2 2 2 2 2 2 2 10 2 2 2 10 2 2 2 2 2 2 8 2 2 2 2 2
left_child=1 8 3 41 5 52 11 9 -1 -8 53 13 23 21 15 -15 -17 22 38 -20 50 -5 -16 43 -18 27 30 31 -29 -30 -27 35 -33 34 -34 37 -37 -23 39 -19 -35 -3 -2 -13 -10 -46 47 -47 49 -49 51 -14 -4 54 55 57 -57 58 -11 60 -60 -56
right_child=42 2 4 6 -6 -7 7 -9 44 10 -12 12 20 14 17 16 24 18 19 -21 -22 25 -24 -25 -26 26 -28 28 29 -31 -32 32 33 40 -36 36 -38 -39 -40 -41 -42 -43 -44 -45 45 46 -48 48 -50 -51 -52 -53 -54 -55 61 56 -58 -59 59 -61 -62 -63
leaf_value=-3.5745012843034108e-06 1.4763709402691983e-05 -2.7683520097581688e-07 -1.3733712240676458e-06 1.0136769302231809e-05 -1.1263947464527997e-05 1.9705697148411951e-06 -0.00020148669935618989 -7.6938111772201657e-05 8.8113230104020722e-06 1.8901022827648172e-05 -0.00011126496546796203 9.9790148425084924e-06 -2.9002922352567361e-05 2.0418569890468028e-05 -2.798714400160452e-05 0.00031538261282778511 0.00011528994200378928 9.0904635969608406e-05 0.00041195926075874727 0.00011534570932293593 -0.00021466529947480369 2.6265797811949321e-05 2.6228407017459064e-06 -0.00014415525776780404 -5.8599587586241625e-05 -1.0587616840601494e-06 0.00030484842584421572 2.3581463302147369e-06 -0.00041998956931608029 -6.8902835811772561e-05 0.00015211846137461703 0.00029501369282416333 -6.077599122201156e-06 5.431759185413924e-05 0.00016729513225253103 0.00026242059754282829 5.4980279567426994e-05 -0.00017122265720219209 0.00022446579060975336 -3.1201266696795617e-05 0.00025971713945512705 -1.8612827924448811e-05 7.1603482818318514e-05 0.00020893068930971409 1.6511163598195727e-06 2.7038323083141879e-05 4.5406568100343051e-06 -0.00011742731151607952 0.00030948551998357299 8.7451937113005183e-05 0.00012161335587252474 -0.00017261570912588926 -6.0473949822989329e-06 1.069730989947346e-05 -0.00015764352600754764 1.524334841605524e-05 0.00020594093184114453 -4.5375498888869227e-05 0.00011920817471332897 0.00021768008260014628 -4.0559805639078001e-05 -2.5603836380572312e-05
leaf_weight=131064.24907672405 27028.86997961998 69268.669738769531 498504.64729309082 24396.440188646317 94961.478729248047 343578.47020721436 151.77315831184387 1275.7123565673828 157324.96156978607 5711.6275552511215 458.4981894493103 7539.0857638120651 2523.3662502765656 17436.521461009979 8382.4796117544174 172.35635375976562 1074.7684568166733 496.11184346675873 124.24693644046783 349.50500667095184 237.18944549560547 18016.782674074173 48168.730383396149 252.32118856906891 238.82210123538971 983.57635486125946 229.9788008928299 1407.7537235021591 135.90155434608459 153.50341355800629 537.20743274688721 202.03924202919006 1120.4890768527985 218.33882653713226 252.9769059419632 238.55440390110016 1049.6304187774658 135.64606511592865 116.6323949098587 1098.5571155548096 270.60337615013123 19016.801918029785 1614.87548828125 124.5730437040329 439066.24132108688 6518.318380355835 9687.651656627655 157.07575869560242 171.95478749275208 1109.2123584747314 171.28074073791504 426.89529299736023 394102.28796386719 23577.249326825142 432.85975956916809 5875.8573224544525 148.90991997718811 4132.6289548873901 203.62011122703552 137.27414560317993 5502.997980594635 754.81964564323425
leaf_count=147556 23969 66921 517488 22068 86835 327227 134 1053 160487 5407 390 7209 2487 15192 7164 126 859 376 98 280 209 16052 44063 202 192 940 164 1208 104 121 402 158 942 180 192 177 870 121 88 1012 198 17043 1262 98 458738 6047 9152 144 129 943 129 365 388400 21804 350 4953 105 3589 172 109 4791 628
internal_value=1.94992e-08 -1.99238e-07 -1.53404e-06 3.62546e-06 -2.59967e-06 -1.93408e-06 7.33964e-06 -2.96934e-06 2.67795e-06 -9.62195e-07 -3.05222e-07 1.09451e-05 -9.97752e-06 1.28026e-05 6.99063e-06 2.75351e-05 0.000110903 3.71317e-07 5.94974e-05 0.000194541 -5.28306e-05 2.1948e-05 -1.91525e-06 8.21369e-06 8.36343e-05 3.3494e-05 8.65481e-05 2.94836e-05 -3.84352e-05 -0.00023552 5.31789e-05 3.48468e-05 8.65237e-05 6.3614e-05 2.60525e-05 2.93507e-05 9.37427e-05 2.47713e-05 2.19289e-05 6.85295e-06 0.00016859 -4.22676e-06 1.7973e-05 1.32666e-05 4.01253e-06 2.35943e-06 1.99833e-05 3.878e-05 9.18833e-05 6.18927e-05 -4.04041e-05 -4.98862e-05 -3.43705e-06 7.94123e-07 -9.40172e-06 -5.86664e-06 2.00235e-05 -1.58106e-05 -5.23118e-06 -2.88156e-05 -3.48193e-05 -7.39109e-05
internal_weight=2.37982e+06 2.35118e+06 1.60608e+06 274932 1.33115e+06 1.23619e+06 186647 48363.8 745100 47088.1 46936.3 138283 11274.7 127008 77658.7 18922.5 1485.95 58736.3 2185.05 473.752 3358.73 49349.4 56551.2 7915.98 1313.59 24953 1750.76 23202.2 1697.16 289.405 1520.78 21505.1 2064.45 1862.41 1373.47 19440.6 1288.18 18152.4 1711.3 1594.67 488.942 88285.5 28643.7 7663.66 614035 456710 17644.2 7956.56 1438.24 1266.29 3121.54 2950.26 892607 46477.8 22900.6 21712.9 6024.77 15688.1 11555.5 5843.89 5706.62 1187.68
internal_count=2379872 2354641 1571445 251495 1319950 1233115 167531 43485 783196 42432 42298 124046 10699 113347 69450 16369 1177 53081 1854 378 3190 43897 51227 7509 1051 21829 1506 20323 1433 225 1342 18890 1670 1512 1134 17220 1047 16173 1476 1388 378 83964 25231 7307 635640 475153 16415 7263 1216 1087 2981 2852 905888 41908 20104 19126 5058 14068 10479 5072 4963 978
is_linear=0
shrinkage=0.05


Tree=66
num_leaves=63
num_cat=0
split_feature=211 206 31 201 0 104 361 187 359 270 258 197 2 35 48 183 361 15 198 176 258 319 198 347 355 25 203 311 30 315 259 48 345 321 361 198 256 355 329 1 176 355 345 178 201 259 204 321 318 361 201 318 206 213 359 36 46 0 202 176 1 355
split_gain=0.00337222 0.00322794 0.00326303 0.00349776 0.0031385 0.00440661 0.00439599 0.00770957 0.00600249 0.00471698 0.00403642 0.0056937 0.00362719 0.00416841 0.00352976 0.00475066 0.00470649 0.00430843 0.00778355 0.00559986 0.00919087 0.00610456 0.00438419 0.00390749 0.00348055 0.00324563 0.00318977 0.00308289 0.00352174 0.00405397 0.00595025 0.00524583 0.00435185 0.00346915 0.00358276 0.00344599 0.00305614 0.00486745 0.00507681 0.00300532 0.0029316 0.0029093 0.0028644 0.00283198 0.00442845 0.00289531 0.00272309 0.00340446 0.00268049 0.00266794 0.00266046 0.0026389 0.00258657 0.00303959 0.00252744 0.00247661 0.00291649 0.00247439 0.00244309 0.00242917 0.0041011 0.00242312
threshold=2.7339813641447112e-05 4.7697705667815178e-05 0.029899259097874168 0.00011034946146537551 -0.012025301810353993 -1.0000000180025095e-35 -0.33281953632831568 0.040015116333961494 0.12317387759685518 0.010561553295701744 0.10301546752452852 0.0027316423365846281 0.0040760394185781488 0.013385136611759664 0.2507500052452088 0.066468928009271636 -0.71373963356018055 0.042199376970529563 0.0041093090549111375 0.0052751731127500543 0.3697935044765473 -0.0046759890392422667 0.0078178048133850115 -0.29023149609565729 -0.091900803148746477 0.0039926441386342057 0.0010057615581899884 -0.01043042680248618 0.062761664390563979 0.0063110564369708308 0.53737023472785961 0.17345198243856433 -0.32992842793464655 0.0065060963388532409 -0.32213824987411493 0.0024494481040164833 -1.8440590388024699e-08 -0.11880321800708769 0.2591738253831864 -0.0069979536347091189 -0.010757713578641413 0.2628521472215653 -0.16258405894041059 0.011913999915122988 0.00096771266544237744 -0.094419717788696275 0.00040836857806425547 0.029538556933403019 0.012394135352224113 -0.14090067893266675 0.00017349395784549418 -0.013175475876778362 0.0015423211734741928 0.0010396849247626962 0.21076142787933352 0.031971711665391929 -1.0000000180025095e-35 -0.0034287241287529464 0.00018745213310467082 -0.034634351730346673 -0.0069979536347091189 -0.05498512648046016
decision_type=2 2 10 2 2 8 2 2 2 2 2 2 2 8 2 2 2 2 2 2 2 2 2 2 2 2 2 2 8 2 2 2 2 2 2 2 2 2 2 2 2 2 2 2 2 2 2 2 2 2 2 2 2 2 2 10 2 2 2 2 2 2
left_child=-1 2 -2 -4 6 12 10 26 -9 -10 -3 61 27 -14 15 17 -17 18 55 20 58 -22 50 -18 -16 -26 41 -6 39 30 33 32 -31 34 35 -30 -5 38 -38 49 -28 43 -40 44 59 -46 -33 54 -34 -29 -19 -36 53 -41 -48 -15 -57 -49 -20 60 -8 -12
right_child=1 4 3 36 5 -7 7 8 9 -11 11 -13 13 14 24 16 23 22 19 -21 21 -23 -24 -25 25 -27 40 28 29 31 -32 46 48 -35 51 -37 37 -39 42 52 -42 -43 -44 -45 45 -47 47 57 -50 -51 -52 -53 -54 -55 -56 56 -58 -59 -60 -61 -62 -63
leaf_value=-3.0156054524109595e-06 3.945008772973337e-06 1.5074621529892704e-06 8.6964721900725456e-06 1.0417629330992054e-05 9.676478112589655e-06 -0.00010813539785671388 -0.0001736251429773543 -0.00010605294409880828 0.0001523006487369584 -2.6517511024173014e-05 7.3462824542748134e-06 -0.0001703813242346365 0.0002559114806912083 1.1700281783882348e-05 -0.00010450419707814119 0.00029236626133822451 0.00029746448562986471 -6.1691600523124584e-05 0.00024457129903755818 -2.7254411765939786e-05 0.00064181027085623244 0.0001974910690966596 -0.00014877643712755576 3.8582683670187305e-06 -7.324086365271515e-05 9.1027236024357971e-05 -0.00025613467887028153 8.5519166469036735e-05 -1.1288794997728914e-05 -0.00027912733397678422 0.00017180057418154937 7.4110454807981283e-06 -0.00015507844230264696 8.6175544800710208e-05 6.9601021914343969e-05 -0.00011009475557311469 9.363122033749727e-05 3.990270455215321e-05 0.00046746616665990938 -2.1151211610695777e-06 -3.5570214873024362e-05 0.00011192405292089147 0.00019817091184739168 -1.8718169740052491e-05 0.00029735653503308411 7.7565373277627497e-05 -0.00026990944452086845 -8.8515473366988879e-05 -2.1963941755199878e-05 4.5122773026584368e-06 2.2095463356876564e-05 -1.7251738244339746e-05 -3.8636806722621574e-05 1.2005296574049232e-05 -8.8518377803732589e-05 0.00035228640430250515 6.4481210064198683e-05 7.1799324374449428e-05 6.7377615888475435e-05 1.6012519998192233e-05 1.6832337649626172e-05 -6.6310901536651817e-05
leaf_weight=661269.46831476688 437805.32075881958 40868.89100587368 11063.994274139404 2447.4884090423584 60529.527046203613 954.98890793323517 455.95477843284607 325.05720460414886 2134.5822044610977 445.07450389862061 2665.2133423089981 768.95249938964844 176.63820505142212 24114.317517995834 1207.3384473323822 291.8867359161377 136.23153340816498 1534.4721032381058 238.66969454288483 523.156534075737 143.08261716365814 171.13494837284088 661.81573486328125 629.11293184757233 554.8178642988205 651.82318246364594 175.42325603961945 1853.0135937929153 1766.9978973865509 370.37510883808136 455.62301731109619 2570.7546987533569 749.58256840705872 795.15213394165039 1216.5147722959518 1761.8047969341278 1066.9001097679138 2634.9901245832443 155.79676604270935 991583.29237246513 1004.9952009916306 750.12125062942505 279.79486644268036 6305.4073697328568 169.36951339244843 1219.7399713993073 246.58735692501068 438.70083892345428 762.76265585422516 2248.8905662298203 2469.4261039495468 3096.6116907596588 4726.6514139175415 39633.327023983002 862.15945494174957 100.89961123466492 620.00296807289124 528.34263718128204 1030.5646846294403 50746.167632222176 737.53967034816742 1919.1655035018921
leaf_count=694864 453514 37630 10397 2134 56799 858 382 253 1548 355 2326 649 150 23255 1033 200 93 1442 172 445 98 130 536 511 477 492 139 1612 1623 296 344 2181 625 620 1003 1468 871 2299 118 968921 823 639 211 5753 127 1012 188 343 628 2034 2111 2718 3951 33833 717 72 640 426 861 47416 715 1791
internal_value=1.86157e-08 1.18613e-06 4.7948e-06 2.5872e-05 -1.15101e-07 -8.8755e-07 7.9267e-06 1.63635e-05 9.59373e-05 0.000121452 -3.84095e-06 -4.46576e-05 -7.98413e-07 1.49914e-05 1.37637e-05 1.80762e-05 0.000122236 1.45846e-05 2.22668e-05 0.000114496 0.000161305 0.000402597 -2.97662e-05 5.67594e-05 -4.45563e-05 1.55e-05 1.26061e-05 -1.29717e-06 -1.92639e-06 -2.54886e-05 -3.90196e-06 -5.55398e-05 -0.000125903 -1.32082e-05 -2.33049e-05 -6.06535e-05 5.47189e-05 8.09071e-05 0.00015267 -1.57242e-06 -6.87263e-05 1.41983e-05 0.000296185 1.29653e-05 1.6712e-05 0.000104753 -2.69878e-05 -6.9555e-05 -8.80588e-05 4.11306e-05 -1.00302e-05 7.26594e-06 -1.74159e-06 -1.5724e-06 -0.000129273 1.4435e-05 0.000105626 -9.60329e-07 0.00010103 1.43534e-05 -5.60975e-05 -2.35044e-05
internal_weight=2.37982e+06 1.71855e+06 455454 17649 1.2631e+06 1.15241e+06 110692 64469.4 2904.71 2579.66 46222.2 5353.33 1.15145e+06 35255.4 35078.8 32664.8 1057.23 31607.5 26941.8 2106.61 1583.45 314.218 4665.71 765.344 2413.98 1206.64 61564.7 1.1162e+06 1.05567e+06 15622 9092.7 6529.27 1882.72 8637.08 7841.93 3528.8 6584.97 4137.48 1502.49 1.04005e+06 1180.42 60384.3 435.592 59634.2 53328.8 1389.11 4646.54 2075.79 1512.35 4101.9 4003.9 4313.13 1.03594e+06 1.03122e+06 1108.75 24835.2 720.903 967.043 1269.23 51939.7 1193.49 4584.38
internal_count=2379872 1685008 469544 16030 1215464 1113906 101558 59162 2156 1903 42396 4766 1113048 32718 32568 30566 804 29762 25673 1706 1261 228 4089 604 2002 969 57006 1080330 1023531 13180 7776 5404 1549 7432 6812 3091 5633 3499 1200 1010351 962 56044 329 55405 49652 1139 3855 1674 1253 3646 3553 3721 1006705 1002754 905 23967 712 769 1033 48513 1097 4117
is_linear=0
shrinkage=0.05


Tree=67
num_leaves=63
num_cat=0
split_feature=343 220 171 2 292 177 348 175 21 359 35 22 203 265 31 292 48 202 204 361 345 292 191 361 201 204 356 355 181 1 198 355 355 359 198 315 174 199 183 361 113 198 291 198 327 303 356 209 36 329 346 2 259 236 291 183 361 348 181 174 361 358
split_gain=0.0033605 0.00374285 0.00315673 0.00315314 0.0032305 0.00465197 0.00779509 0.00366801 0.0036242 0.0034953 0.00314744 0.00355065 0.00306314 0.00290101 0.00266507 0.0038997 0.00343152 0.00608388 0.00332104 0.00472385 0.00269383 0.00261912 0.0034044 0.00360458 0.00372081 0.00570577 0.00449464 0.00411871 0.00459979 0.00366007 0.00586201 0.00456614 0.00444854 0.00348736 0.00324638 0.00294161 0.0029341 0.00294492 0.00262386 0.00259011 0.00257538 0.00292302 0.00250694 0.00243344 0.00241043 0.00232293 0.00236583 0.00229776 0.00228814 0.00224162 0.00221998 0.00220683 0.00217677 0.00265879 0.00221763 0.00216242 0.00215831 0.00212999 0.00283184 0.00212914 0.0021161 0.0022096
threshold=-0.16023887693881986 7.5432806625030948e-05 -0.0024016469251364465 0.0040760394185781488 0.98905634880065929 -0.0042909262701869002 0.0074334763921797284 0.019672035239636902 0.0033795731142163281 0.1702658757567406 0.015352553222328426 0.005037460708990694 0.00062348126084543775 0.0033520042197778825 0.063430134207010283 2.1255477666854863 0.10049938410520555 0.00032936384377535438 0.00047309794172178959 -0.063766177743673311 0.093709401786327376 0.1168181821703911 -0.008903513662517069 -0.78434345126152027 0.0011069004540331664 5.7103381550405181e-05 0.005654653301462532 0.2628521472215653 -0.014050268102437256 0.023685644380748275 0.0029309072997421031 0.1855898201465607 1.0000000180025095e-35 0.089503515511751189 0.0032214534003287558 -0.0036280285567045207 0.0071415149141103038 6.9383280788315474e-05 -0.036384280771017068 0.52249848842620861 0.00173725001513958 0.0058249093126505622 0.75767254829406749 0.0035442232619971041 -0.0015890990616753695 -0.0045378934592008582 -0.77657034993171681 0.00011661392272799277 6.0703836425091147e-05 0.1443230286240578 0.14139340072870257 -0.010384645778685806 0.60447910428047191 -1.0784789919853208 0.54191455245018016 0.030856739729642872 0.7069419026374818 0.085522387176752104 0.026741338893771175 -0.0013295792741701005 -0.87172597646713246 -0.16756381094455716
decision_type=2 2 2 2 2 2 2 2 2 2 10 2 2 2 10 2 2 2 2 2 2 2 2 2 2 2 2 2 2 2 2 2 2 2 2 2 2 2 2 2 2 2 2 2 2 2 2 2 10 2 2 2 2 2 2 2 2 2 2 2 2 2
left_child=44 13 -3 14 9 6 -6 -7 49 10 -5 -12 -11 48 21 16 17 -16 19 60 -19 45 -23 40 29 -26 38 28 -28 32 36 47 -25 -34 -35 59 -31 -38 -27 -17 41 -24 -21 -44 57 -4 -47 -32 -2 -9 -20 -33 53 -30 -54 -56 -49 58 -1 -36 61 -18
right_child=1 2 3 4 5 7 -8 8 -10 12 11 -13 -14 -15 15 39 18 20 50 42 -22 22 23 24 25 26 27 -29 52 30 31 51 33 34 35 -37 37 -39 -40 -41 -42 -43 43 -45 -46 46 -48 56 -50 -51 -52 -53 54 -55 55 -57 -58 -59 -60 -61 -62 -63
leaf_value=1.2137021615585031e-05 5.6184598232751156e-06 2.1278816371327751e-06 -1.6395919804050354e-05 0.00031287916947815391 -2.3498521329191697e-05 -9.41378288900703e-06 0.00046859899957244974 0.00037021406579606413 4.5531146909971603e-05 1.0227180784095219e-06 1.0003447755730238e-05 0.00015810852480638586 -9.7785113895238333e-05 9.0249734422771001e-06 -3.2242056052841514e-05 0.00011655420324979424 -0.00012394662367679559 -0.00033862303190865229 -4.409763955285405e-05 2.1953271382419312e-05 -7.8802915966750604e-05 0.00020327912303072247 -4.1572420063841148e-05 -1.3335755914728978e-05 0.00033310579339827621 -0.00021880805961143357 0.00033538625409315907 0.00025557839792893894 9.8402268784027463e-05 -2.2195588292329642e-05 -2.0309962909201462e-05 -0.00031088846895315273 -5.2849187710073459e-05 1.6739262528344838e-05 0.00011378843569927328 5.6837909080316672e-05 0.00026556578512436667 1.4337403310337821e-05 -5.9788544489350123e-07 -9.3889632349752037e-05 -1.176313450427379e-05 -0.00017570878529735645 1.6458731445407427e-05 0.00024817901085315432 2.4647214126523404e-06 6.6099755735874344e-05 -3.1805153336603057e-06 -5.2896495465176783e-05 -1.1461123003709685e-06 0.0001197007523428984 -0.00014170181956660167 -0.0001149425424417091 0.00029456747396875463 -4.9763275041036419e-05 -8.9631754595668201e-05 0.00015555158734793871 -0.00013014285173053064 6.2652884760263842e-05 0.00024679853862189411 0.00035312237314340814 -8.0509404635501725e-05 5.631596215696826e-05
leaf_weight=22974.861953139305 147737.25083124638 158170.84521484375 35291.868797302246 115.73207008838654 148.14196479320526 1457.9792177677155 173.70625460147858 172.77434694766998 688.71368849277496 8449.4248123168945 1609.9532234668732 538.68514978885651 862.63669586181641 95664.0458984375 769.57186830043793 658.51779329776764 222.32771134376526 328.80092704296112 1955.8902019262314 1698.8606593608856 144.95599400997162 179.59636664390564 12302.340942978859 31611.39330470562 144.24578094482422 139.30298399925232 131.45653903484344 281.17481231689453 448.48522794246674 15527.669249534607 3895.6652771234512 232.35532820224762 1435.6209338903427 9816.5927205085754 246.63266551494598 1999.8879578113556 117.10944592952728 5670.052911400795 5498.3162686824799 186.14497780799866 9659.327823638916 418.25806427001953 193.16456973552704 273.07558655738831 625541.71459960938 1234.6570434570312 347334.87566936016 3719.0635241270065 812534.59956359863 188.44617938995361 829.63339567184448 382.19841706752777 132.17541146278381 921.4654369354248 149.03179168701172 220.9352765083313 1195.5780491828918 2429.4686859846115 127.29558157920837 150.16707646846771 1787.6619915962219 700.07779502868652
leaf_count=19990 145157 146198 35683 92 127 1348 124 121 625 8105 1455 388 756 97752 696 509 199 255 1556 1435 109 186 11315 29992 125 109 92 208 343 14674 3201 179 1176 8865 187 1655 99 5059 4509 151 8695 326 162 197 611070 1148 339683 3040 863244 140 672 293 98 738 121 163 986 1995 93 109 1537 557
internal_value=1.7774e-08 -1.13528e-06 -4.04985e-06 -5.94853e-06 1.71122e-05 6.49819e-05 0.000243348 4.1916e-05 0.000113077 5.40166e-06 6.1088e-05 4.72474e-05 -8.14952e-06 7.21816e-07 -6.61272e-06 -3.24969e-05 -4.22398e-05 -0.000119225 -2.97172e-05 -4.82483e-06 -0.000259791 -6.09812e-06 -1.30305e-05 -1.33993e-05 -8.65158e-06 2.36324e-05 1.7915e-05 7.70409e-05 5.17554e-05 -1.20787e-05 -2.53924e-05 -5.82238e-05 -3.03567e-06 2.08182e-05 2.94847e-05 8.16314e-05 -1.0871e-05 1.95113e-05 -6.06544e-06 7.00648e-05 -3.12311e-05 -4.60098e-05 5.02144e-05 0.000152657 3.07938e-06 -4.17243e-06 -2.93474e-06 -4.90052e-05 -1.05377e-07 0.000240902 -7.32486e-05 -0.000189795 3.15024e-05 -1.1851e-06 0.000120332 5.68348e-05 -7.17334e-05 1.81376e-05 1.34513e-05 0.00020568 -4.88008e-05 1.2693e-05
internal_weight=2.37982e+06 1.72875e+06 672813 514642 14406.2 2829.76 321.848 2507.91 1049.93 11576.4 2264.37 2148.64 9312.06 1.05594e+06 500236 9748.68 8904.02 1243.33 7660.69 4875.17 473.757 490488 106626 106447 84066.6 8066.59 7922.34 2284.72 2003.55 76000 30739.7 9424.86 45260.3 13648.9 12213.3 2396.69 21314.8 5787.16 5637.62 844.663 22379.9 12720.6 2165.1 466.24 651073 383861 348570 8810.31 960272 361.221 2785.52 614.554 1872.09 1369.95 502.142 369.967 4914.64 25531.6 23102.2 396.8 2710.07 922.406
internal_count=2379872 1746724 640571 494373 13281 2485 251 2234 886 10796 1935 1843 8861 1106153 481092 8035 7375 1060 6315 4087 364 473057 96543 96357 76021 6506 6381 1763 1555 69515 27531 7699 41984 11992 10816 1951 19832 5158 4618 660 20336 11641 1794 359 633148 376514 340831 7227 1008401 261 2228 472 1463 1081 382 284 4026 22078 20083 296 2293 756
is_linear=0
shrinkage=0.05


Tree=68
num_leaves=63
num_cat=0
split_feature=64 134 211 48 33 361 46 48 28 207 108 179 344 182 1 13 76 327 108 46 26 364 9 345 339 292 334 69 46 72 358 355 33 0 176 292 205 0 204 175 182 14 204 45 0 269 201 0 201 361 258 204 355 292 358 204 202 327 10 34 278 174
split_gain=0.00328206 0.00330961 0.00324415 0.00267499 0.00307667 0.00303022 0.00259287 0.00486239 0.00426661 0.0033993 0.00302326 0.00308949 0.00396256 0.00366772 0.00255312 0.0046229 0.00261129 0.00252218 0.00378137 0.00297504 0.00267377 0.00247229 0.00239367 0.00271996 0.00231504 0.00221296 0.00350905 0.00250331 0.00230143 0.00252545 0.00222582 0.00386677 0.00240254 0.00224438 0.00219051 0.00216862 0.00286101 0.00213257 0.00211496 0.00208543 0.00349975 0.00297757 0.00207527 0.0020265 0.00294936 0.0024727 0.00261809 0.00228504 0.00236917 0.00201789 0.00197912 0.00197154 0.00192457 0.0019119 0.00191002 0.00187061 0.00184331 0.00182732 0.00181762 0.0018783 0.00179018 0.00175643
threshold=0.00039513560477644211 -0.00014630061195930463 7.400994218187408e-05 0.062896691262722029 0.058667644858360297 -0.44557131826877588 -0.0014596268883906303 0.048350134864449508 0.048168038949370391 0.0011775581515394153 88.194942474365249 0.006538825575262309 0.053143600001931197 0.011249114759266378 0.061011254787445075 0.0054796382319182166 0.021776211448013786 -1.0000000180025095e-35 66.612018585205092 1.0000000180025095e-35 -0.0043760074768215409 1.0000000180025095e-35 0.029328376986086372 -0.16996135562658307 0.1165875904262066 0.50247836112976085 0.13391946256160739 0.021042391657829288 -0.021820062771439549 0.0054587048944085845 0.0079797888174653071 0.0042721892241388568 0.031795153394341476 -0.00030150641396176065 -0.034634351730346673 -1.2455033659934995 0.00014170270151225853 -0.0073783856350928536 3.7649226214853122e-05 0.01086303358897567 0.0084023321978747862 0.017612737603485588 0.00010078146442538129 0.0021911455551162366 0.0015799577231518926 -0.0028924674261361356 0.00014879339869366961 0.011900587007403375 0.00052812907961197208 -0.37395906448364252 0.25988025963306433 0.0010817077709361913 0.080745141953229918 -1.3517516255378721 0.06247959844768048 0.00010195853974437342 1.0560768714640291e-05 -0.0029336323495954271 -0.011740148533135651 -0.0089482241310179216 0.32000201940536505 -0.0041021862998604766
decision_type=2 2 2 2 10 2 2 2 10 2 2 2 2 2 2 2 2 2 2 2 10 2 2 2 2 2 2 2 2 2 2 2 10 2 2 2 2 2 2 2 2 2 2 10 2 2 2 2 2 2 2 2 2 2 2 2 2 2 2 10 2 2
left_child=1 -1 14 4 6 21 8 9 10 35 22 25 24 -14 17 52 -17 18 -3 56 57 -6 51 -24 -13 27 -27 28 29 34 32 33 -29 -32 -12 36 -8 -22 -25 40 -37 -41 -26 44 -9 -46 -47 48 -48 -35 -40 -4 -16 -7 -55 -52 -19 -20 59 -58 -60 -28
right_child=-2 2 3 -5 5 53 7 43 -10 -11 11 12 13 -15 15 16 -18 19 20 -21 37 -23 23 38 42 26 61 30 -30 -31 31 -33 -34 49 -36 39 -38 -39 50 41 -42 -43 -44 -45 45 46 47 -49 -50 -51 55 -53 -54 54 -56 -57 58 -59 60 -61 -62 -63
leaf_value=-4.8564544583405163e-06 1.6839215565860405e-05 4.165976632029555e-06 4.1386659677378722e-06 9.7415398231621144e-07 -0.00034388045138437754 0.00013678345618495913 1.6819877268143922e-06 4.1770106119101125e-05 -0.00020986767460671316 0.00021214755556789062 -0.00012181575053872702 0.00026086094988102179 4.944280123167624e-05 -0.0001209724183112341 -8.3083799526818223e-05 5.3757964203587843e-05 -1.627728316314928e-05 5.8315036058135441e-06 7.6442336360777268e-05 1.7508630248341745e-05 -3.3143084748655275e-05 -9.3272854979192097e-05 2.4758716843566923e-05 9.6842449837145336e-05 0.00012434028909635253 -0.00014620365965969693 -0.00011682682363151298 0.00014690224058582285 -1.3095544103385525e-05 8.442457586099431e-05 -2.0783160948000689e-05 -0.00010500068419387772 4.2388013863187184e-05 0.00021951224730340659 1.8605401908551472e-05 -1.239620855129935e-06 0.00014652858540288108 -7.391432594298438e-06 -6.3094753612800205e-05 0.00013705826957913076 0.00011729659864523952 -9.7060744760270106e-05 -1.5998342629139828e-05 -4.1986429275899367e-06 -1.567452524064126e-05 2.0036636949350213e-05 0.00018098568151008826 0.00033471443511411158 -3.1142995949232598e-05 1.5984965517272702e-07 -7.422578829951162e-05 0.00019455273198458594 -0.00028663379295227882 -7.0666808290929147e-05 0.00011980119801288083 -0.00028138263198477668 -4.8308680865669236e-06 6.4932099266565597e-07 2.691660929703286e-06 -1.6132959704192632e-05 -5.9215780178363802e-06 4.2272636815484344e-06
leaf_weight=326855.25554656982 28643.74546790123 399434.84150266647 211311.52438604832 608851.21826171875 137.5147922039032 169.30860280990601 771.12554037570953 2030.0317498445511 226.60813331604004 202.46625900268555 278.88876342773438 237.08526313304901 1364.5930976867676 408.60627150535583 1501.2740136384964 1425.7749027013779 19635.921683430672 40165.18316411972 798.10205078125 16047.930962562561 8711.3114471435547 342.36342930793762 769.85232245922089 129.59444522857666 1180.9032377004623 464.11677885055542 316.90662121772766 992.50234091281891 6181.2507009506226 1469.9506478309631 361.94050967693329 484.33441209793091 1235.1671967506409 306.53302156925201 24918.556408405304 9426.5699706077576 609.12791657447815 104019.33718347549 720.09144675731659 155.78811252117157 664.73481178283691 980.9094899892807 338.35483145713806 783.66936838626862 257.63718211650848 311.88822877407074 989.17367196083069 204.26316666603088 151.16120195388794 158.8195925951004 186.8244616985321 134.02892458438873 124.4030727148056 909.38346493244171 151.98225009441376 265.9570404291153 83603.33251953125 130813.74096679688 92905.864730715752 65611.969008922577 172020.73398208618 4960.4299685955048
leaf_count=315622 25231 420711 199003 606299 107 130 719 1722 180 151 233 175 1084 347 1306 1242 18357 45980 650 16764 8610 290 664 102 920 380 272 779 5658 1143 318 428 1006 223 22173 8533 494 101353 597 127 533 796 276 675 206 283 713 144 115 132 153 115 101 762 128 213 83457 130643 96823 72117 177193 4211
internal_value=1.69879e-08 -1.87967e-07 5.6583e-07 2.83121e-06 6.8888e-06 -5.9923e-05 7.3019e-06 2.59071e-05 6.04379e-06 9.90947e-06 6.23419e-06 1.79118e-05 6.28342e-05 1.00812e-05 -1.20273e-06 -1.78069e-05 -1.15316e-05 -8.64583e-07 1.16887e-06 -3.64777e-06 -3.73059e-06 -0.000166217 3.73689e-06 -4.97128e-05 0.000116021 1.41455e-05 -1.46997e-05 1.86973e-05 1.43905e-05 2.0762e-05 5.86392e-05 6.94505e-06 8.90426e-05 7.25783e-05 1.70417e-05 6.62875e-06 6.57246e-05 -9.38196e-06 -9.37013e-05 -6.46294e-07 6.5903e-06 -6.47896e-05 9.31055e-05 6.92323e-05 8.38171e-05 0.00012832 0.000150708 0.000180943 0.000152861 0.000144971 -0.000114884 4.2612e-06 -9.89933e-05 -1.82734e-05 -4.32187e-05 -0.000196609 -4.39518e-06 1.11009e-06 -5.38702e-06 -9.8007e-06 -2.90104e-06 -3.0836e-06
internal_weight=2.37982e+06 2.35118e+06 2.02432e+06 887504 278653 1710.55 276942 17538.5 259403 12810.7 259177 45658.9 3529.54 1773.2 1.13682e+06 22687.4 21061.7 1.11413e+06 643777 470355 244342 479.878 213518 2072.32 1756.34 42129.4 5741.45 36387.9 32848.6 26667.4 3539.3 1311.63 2227.67 827.293 25197.4 12608.3 1380.25 112731 1302.47 11228 10091.3 1136.7 1519.26 4727.82 3944.16 1914.12 1656.49 1344.6 1140.33 465.353 1172.87 211446 1625.68 1230.67 1061.37 452.782 454307 131612 414142 149215 264927 5277.34
internal_count=2379872 2354641 2039019 863712 257413 1417 255996 15211 240785 11353 240605 39758 2802 1431 1175307 21006 19599 1154301 661967 492334 241256 397 200847 1729 1371 36956 4863 32093 29207 23549 2886 1101 1785 673 22406 11202 1213 109963 1065 9989 9066 923 1196 3858 3183 1461 1255 972 828 355 963 199118 1407 1020 890 366 475570 131293 429590 155574 274016 4483
is_linear=0
shrinkage=0.05


Tree=69
num_leaves=63
num_cat=0
split_feature=21 205 327 109 220 0 337 199 313 334 362 198 187 194 52 206 42 42 48 35 349 345 201 204 198 349 208 69 2 202 201 362 361 0 349 184 355 202 355 332 224 292 337 310 346 355 200 48 2 197 39 178 292 321 337 292 277 199 356 205 109 0
split_gain=0.00323664 0.00323506 0.00344567 0.00433577 0.00387208 0.00320719 0.00917461 0.00282879 0.00237843 0.00233089 0.00337237 0.00255832 0.00228557 0.00228436 0.00237436 0.00222844 0.00245431 0.00239557 0.00239235 0.0069343 0.00560907 0.00419459 0.00550079 0.00407785 0.00625834 0.0281144 0.0064476 0.00503212 0.00654485 0.00622566 0.00475776 0.0040617 0.00442913 0.00556241 0.00331508 0.00352284 0.00323986 0.00306887 0.00305481 0.00303647 0.00289203 0.00286833 0.00276091 0.0026142 0.00334719 0.00287735 0.00272964 0.00260275 0.00259291 0.00432159 0.00343483 0.00387521 0.00327505 0.00300471 0.00245569 0.0023462 0.00243709 0.00233476 0.00230864 0.00225264 0.00458332 0.00448956
threshold=0.031021662987768654 4.0634657125337987e-05 -0.00045121165749151254 107.63331985473634 7.5432806625030948e-05 0.02384186536073685 0.02142917271703482 2.789359587040963e-05 0.03367192670702935 0.31397275626659399 0.83116635680198681 0.0048806483391672381 -0.0017088279128074644 -0.0018620741902850566 0.0036897022509947424 0.0011956978123635056 0.029247104190289978 0.031899681314826019 0.12179445847868921 0.068088229745626463 0.098954863846302046 0.061956636607646949 0.0002838837390299887 0.00019554518075892704 0.0078178048133850115 -0.2994390726089477 0.00042164002661593264 0.021748204715549949 -0.0039672227576374999 0.00088275276357308041 0.00042897093226201838 1.0000000180025095e-35 0.48175866901874548 -0.0055438054259866467 0.043846609070897109 -0.037098038941621773 -0.044548071920871728 0.00044614329817704862 0.2628521472215653 0.36516515910625463 -0.19047535210847852 -0.058648454025387757 -0.11774759367108344 0.047946320846676833 -0.081325020641088472 0.17781983315944674 0.00019338688434800136 0.060142040252685554 -0.0018859538249671457 0.0018793750787153842 0.04238912649452687 0.034903282299637801 0.26055298745632177 -0.0057295095175504676 -0.11774759367108344 -1.1157717108726499 0.49883742630481726 0.00079879543045535694 -0.77657034993171681 0.00019636834622360769 68.756286621093764 -0.0085503146983683092
decision_type=2 2 2 10 2 2 2 2 2 2 2 2 2 2 2 2 8 10 2 10 2 2 2 2 2 2 2 2 2 2 2 2 2 2 2 2 2 2 2 2 2 2 2 2 2 2 2 2 2 2 10 2 2 2 2 2 2 2 2 2 10 2
left_child=1 5 3 -3 12 -1 7 -7 9 -5 -11 -12 -4 -6 15 16 18 -17 19 23 -21 22 -20 24 41 -26 -27 -25 29 30 38 48 33 34 35 -33 47 -22 -29 42 -31 59 -32 44 45 46 -34 -30 50 54 51 52 -24 -54 -50 -38 -57 -56 -52 -15 -61 -62
right_child=-2 2 4 8 13 6 -8 -9 -10 10 11 -13 -14 14 -16 17 -18 -19 21 20 37 -23 31 27 25 26 -28 28 36 40 39 32 43 -35 -36 -37 55 -39 -40 -41 -42 -43 -44 -45 -46 -47 -48 -49 49 -51 58 -53 53 -55 57 56 -58 -59 -60 60 61 -63
leaf_value=-3.1748155904627922e-06 -2.1998791405511324e-05 8.5289282463358485e-06 -2.9561636016075227e-07 2.2130650348683471e-08 -1.8938127351828536e-05 0.0001249829552831083 0.00035326447593854796 -3.9753580569478103e-05 0.0001379490237830897 -5.2578242288418611e-06 -4.2273551139381352e-05 -0.00022536896894275929 4.978191209408268e-06 2.446773952342527e-06 2.2880069409179462e-05 -4.0826063238260635e-05 -2.4189625502409801e-05 6.0266659143414744e-05 -1.0147465377589078e-06 -3.7741883790415563e-05 -7.7685588860016777e-05 -6.0339278159639647e-06 1.9326033879098858e-05 -1.0696255695209167e-05 0.00083137968507377953 -5.6828188670867021e-05 0.00027874671073906484 -1.9661218432909313e-05 0.00011925279008570316 -6.8974790439076762e-05 -0.00035853038892662623 0.00027710941150368133 8.5895618463278498e-06 -9.9484933266891717e-06 0.00011719520481056142 5.4365524501970799e-06 0.00012984667141508233 -0.00033609832862833619 -0.0002482754323802553 -7.62388502232935e-05 0.00023616748712343644 -5.2333202047158228e-06 -0.00016935660577479386 -8.2336547575699104e-05 3.0631999247261567e-05 -4.7336322021519797e-05 0.00011389415835531256 -8.1633667413480526e-06 -1.5617017040989574e-06 -2.8651482778879191e-05 0.00022403169915415243 -4.8481218629818607e-05 -8.2761581042009485e-05 -5.0063768697002886e-06 5.6236727513792151e-05 3.5055815772731846e-05 -0.00010208573989005696 0.00014633784914167304 2.9260223578604494e-05 -3.6531805799351218e-06 -8.6032194599929763e-05 7.8586105726216718e-05
leaf_weight=599552.1976467371 16577.18359375 283826.05239486694 416766.24029445648 65381.225513935089 21785.8564453125 386.59287250041962 238.88629603385925 789.26240861415863 291.24061393737793 14664.504700422287 6817.1802604198456 194.41592788696289 405157.65866947174 26138.762696146965 9110.5499572753906 6177.7654647827148 12720.173233509064 645.64197540283203 90221.833715438843 822.06883156299591 175.86518394947052 109446.11884498596 17873.581489086151 31573.466789722443 121.03490769863129 623.93605005741119 183.58903980255127 1360.7471961975098 701.87082409858704 127.97997534275055 223.4045193195343 125.19103622436523 713.17523288726807 7588.0886253118515 1660.6673785448074 1931.5935815572739 164.04412603378296 337.61594176292419 161.76652526855469 797.83983278274536 192.60807704925537 180385.50687611103 1443.5021648406982 309.64788818359375 4112.0100855827332 355.27026176452637 4501.9454798698425 930.26799154281616 1389.9376244544983 2002.6796112060547 282.63671875 3600.76287317276 1463.9445486068726 8152.0286991596222 3543.7161086797714 433.7352614402771 1268.0064781904221 902.01988220214844 328.33963012695312 5004.4495625495911 453.41440510749817 4609.159660577774
leaf_count=633912 17269 261595 430997 61525 22459 284 186 669 216 13687 5993 149 411060 24708 7485 5077 12495 521 95276 672 147 107466 16267 28452 92 534 134 1148 539 97 172 111 629 6540 1301 1644 118 260 127 680 138 168901 1179 254 3428 298 3540 764 1293 1622 210 3125 1241 7085 3103 360 1032 666 276 4520 394 3750
internal_value=1.61593e-08 1.70604e-07 1.2509e-06 5.53105e-06 1.08868e-07 -2.99727e-06 7.21434e-05 1.45281e-05 -4.21007e-06 -4.6888e-06 -1.8897e-05 -4.74132e-05 2.30405e-06 -3.06108e-06 -2.42912e-06 -2.85757e-06 -2.49298e-06 -3.12456e-05 -1.96086e-06 -5.37126e-06 -0.000118922 1.41984e-06 6.82029e-06 -4.78002e-06 -2.09961e-06 0.000127289 1.99642e-05 -1.9585e-05 -5.5527e-05 -9.67682e-05 -0.000113818 1.84393e-05 3.60415e-05 1.46013e-05 6.46909e-05 2.22257e-05 -4.71042e-06 -0.000248238 -4.42452e-05 -0.000156724 0.000114681 -2.65549e-06 -0.00019511 6.02923e-05 6.48697e-05 9.01237e-05 9.95024e-05 4.67085e-05 8.95679e-06 3.47026e-05 2.58917e-06 2.78259e-07 6.66816e-06 -1.68586e-05 5.64468e-05 -4.96921e-05 -6.71314e-05 7.45754e-05 0.000119798 1.01874e-05 3.02813e-05 6.38144e-05
internal_weight=2.37982e+06 2.36325e+06 1.76228e+06 371175 1.3911e+06 600967 1414.74 1175.86 87348.6 87057.3 21676.1 7011.6 821924 569180 547394 538283 531460 6823.41 518740 258235 1335.55 260505 151059 256899 217520 928.56 807.525 39379.2 7805.77 4307.85 3987.26 60837.2 21297.6 11305.5 3717.45 2056.78 3497.92 513.481 1522.51 2464.75 320.588 216591 1666.91 9992.05 9682.4 5570.39 5215.12 1632.14 39539.6 7838.35 31701.3 31090.3 27489.6 9615.97 5835.67 1865.79 1701.74 4445.74 610.976 36205.8 10067 5062.57
internal_count=2379872 2362603 1727552 343165 1384387 635051 1139 953 81570 81354 19829 6142 842057 542330 519871 512386 506788 5598 494293 238918 1079 255375 147909 237839 203033 760 668 34806 6354 3541 3306 52633 17745 9596 3056 1755 2813 407 1275 2031 235 202273 1351 8149 7895 4467 4169 1303 34888 6684 28204 27718 24593 8326 5062 1510 1392 3769 486 33372 8664 4144
is_linear=0
shrinkage=0.05


Tree=70
num_leaves=63
num_cat=0
split_feature=276 36 193 21 1 32 362 176 355 2 0 360 174 354 336 0 357 203 200 330 291 207 108 256 18 198 113 257 0 201 73 49 337 2 355 358 2 362 291 200 46 225 207 109 205 207 330 15 197 363 45 256 358 292 193 189 2 24 2 194 358 48
split_gain=0.00309465 0.00306767 0.00345951 0.00306666 0.00326805 0.00477617 0.00452088 0.00797301 0.00675838 0.00460492 0.00681081 0.00382388 0.00344938 0.0046816 0.0036009 0.00538982 0.00426798 0.00428474 0.00637293 0.00393521 0.0043091 0.00388276 0.00363297 0.004043 0.00350872 0.0032459 0.00317045 0.00313793 0.00312455 0.00396697 0.00757049 0.00854853 0.00862584 0.00482443 0.00389511 0.00354134 0.00328074 0.00541649 0.00379192 0.0029961 0.00298175 0.00284582 0.00281004 0.00280805 0.00279948 0.00278166 0.00369791 0.0027769 0.00274679 0.00430547 0.00269851 0.00284808 0.00327837 0.00319841 0.00358553 0.0031888 0.00295764 0.00342432 0.0027616 0.00299043 0.00273809 0.00265648
threshold=0.14000044018030169 0.0048020083922892818 -0.010934245772659777 0.002346883295103908 0.05934156849980355 0.041763802990317352 0.80810752511024486 0.0076016627717763194 -0.21319430321454999 -0.0052836735267192117 0.0035428495611995463 0.7589244842529298 0.00083179221837781381 -0.013546657282859085 -0.10450834780931471 0.00030090953805483883 -0.077071551233530031 0.00010109674622071908 6.3519608374917893e-05 0.22577991336584094 0.88364499807357799 0.00015821508713997903 15.307413578033449 0.23473889380693438 0.0012417282559908929 0.0078178048133850115 0.048704577609896667 0.34554249048233038 0.011900587007403375 0.00011831446681753734 0.027539827860891822 0.32261578738689428 0.025994047522544864 0.00098393834196031115 -0.34228003025054926 0.083696253597736373 0.0060102054849267015 0.81140655279159557 -1.4167547821998594 8.7156138761201887e-05 -0.003233554656617343 -0.15141708403825757 7.3086273914668723e-05 18.374957084655765 2.0886630409222565e-05 0.00044416602759156382 0.27731548249721533 1.0000000180025095e-35 0.00081220100400969397 1.0000000180025095e-35 0.0087163303978741186 0.11320707947015764 -1.145791709423065 0.96544194221496593 0.033663397654891021 0.060466565191745765 -1.0000000180025095e-35 0.0063785088714212188 0.00010779502554214561 -0.00138822675216943 -0.40314882993698115 0.078784283250570311
decision_type=2 8 2 2 2 8 2 2 2 2 2 2 2 2 2 2 2 2 2 2 2 2 2 2 2 2 2 2 2 2 2 2 2 2 2 2 2 2 2 2 2 2 2 10 2 2 2 2 2 2 8 2 2 2 2 2 2 2 2 2 2 2
left_child=40 3 -3 4 5 26 9 45 -9 39 27 -12 14 24 19 16 41 -18 -19 20 -6 22 23 42 43 -20 28 -11 44 34 31 33 -33 35 -30 47 38 -38 -32 -7 -1 -16 -17 48 -2 -8 -47 -31 49 -14 58 52 53 56 -55 60 57 -52 -4 -60 -54 -10
right_child=1 2 50 -5 12 6 7 8 61 10 11 -13 13 -15 15 21 17 18 25 -21 -22 -23 -24 -25 -26 -27 -28 -29 29 30 36 32 -34 -35 -36 -37 37 -39 -40 -41 -42 -43 -44 -45 -46 46 -48 -49 -50 -51 51 -53 55 54 -56 -57 -58 -59 59 -61 -62 -63
leaf_value=2.2632166428134153e-06 -7.4514854614834587e-06 -1.4241177382584596e-05 1.353653273788779e-06 4.8247721874292161e-06 1.7912840998865685e-05 2.725601216605666e-05 9.5667604174389239e-07 0.00052274972660994808 0.00018994230396765667 0.00017620104158224585 -5.0094930320107795e-06 0.000148741945487731 -0.00027603254311742999 1.1847851679880031e-06 7.9307624799834745e-05 -8.351249690814882e-05 2.3885001535131481e-05 0.00043624687487777862 0.00011590284316605377 -4.4145888578850425e-05 0.0003129768732849034 3.4855354674169751e-05 -8.3368100944592273e-06 -0.00022170694294169747 9.239339304669594e-06 -8.5524140717995934e-05 -5.0993182043166448e-05 4.1696130949894322e-05 0.00012562413289003143 3.1226945772036373e-05 0.00023658110933219407 0.00011583891880814892 0.00047437608472127973 0.00011980028308813996 -2.3943426498930519e-06 0.00015168911200026463 0.00033523710349335988 -2.8106039440758041e-05 -4.4720840998084539e-05 -3.0616954755026496e-05 1.6195595513946115e-05 -8.8233513453345644e-05 5.520881106075897e-05 -3.952508307846432e-05 -3.6741109589183615e-07 0.0003087926869851483 3.5361517391556088e-05 -8.4723982291297668e-05 -7.35941156314381e-05 -2.4890142371701939e-05 0.00015211810787318369 -9.9665424972624625e-05 -2.2654655112126941e-05 1.6285809848512863e-05 0.00027408912129825148 -8.9235019441041112e-05 -1.7622673845658537e-05 -2.9862302211564404e-05 0.00016141494416496599 2.6656732368395699e-05 -1.9828939335317084e-06 4.8822877286506841e-05
leaf_weight=444191.25378417969 159415.63168764114 85962.985900878906 94908.815533399582 256463.41748046875 1322.8312901258469 3401.5874631404877 2696.2838912010193 117.55040431022644 786.44580721855164 1134.589813709259 4012.0569647550583 447.7117623090744 449.17473292350769 7700.2043569087982 362.64498841762543 1409.1928286552429 2607.8041442632675 144.72618567943573 1983.2074700593948 7556.7022186517715 134.54038763046265 4028.7082824707031 9529.0524762868881 403.20755851268768 2188.9085547924042 220.96957397460938 3165.6792105436325 703.59838092327118 615.13529813289642 1385.281641960144 123.16613435745239 491.29270148277283 254.24142479896545 1760.4138717651367 15969.114798784256 386.90577900409698 167.40736353397369 259.27410161495209 2806.7314326763153 6519.8562961816788 42034.96679854393 830.28315007686615 490.88506042957306 6331.5678404569626 1114024.6624088287 179.59536409378052 389.47533750534058 820.55612528324127 3357.1592378616333 275.16337764263153 691.56012678146362 855.4111031293869 24165.740515708923 259.50023400783539 279.42720723152161 1256.6374816894531 1996.1384552717209 411.19035243988037 445.20437276363373 5205.5389393568039 47510.069389462471 581.04261255264282
leaf_count=452480 168653 95399 107289 262452 1163 3056 2354 83 555 852 3493 341 360 6709 279 1193 2265 107 1481 6643 103 3419 9256 316 1822 172 3349 551 547 1189 84 383 188 1382 15031 305 125 207 2339 5361 39050 690 422 5788 1078003 127 323 699 2752 271 552 733 25332 243 194 1064 1698 373 356 4750 53372 473
internal_value=-9.0564e-08 -1.00388e-06 -6.00458e-06 -1.9431e-07 -1.13119e-06 -6.50799e-07 2.30205e-05 6.59078e-05 0.000161879 1.04529e-05 4.38847e-05 1.04852e-05 -1.35096e-05 -2.95318e-05 -3.02369e-06 7.87751e-06 4.76052e-05 6.80351e-05 0.000116989 -2.96382e-05 4.55439e-05 -7.52975e-06 -2.19646e-05 -7.82888e-05 -4.82978e-05 9.56505e-05 -1.03218e-06 0.000124818 -9.103e-07 1.65803e-05 4.44481e-05 8.28237e-05 0.000239049 5.59706e-05 2.36863e-06 1.25728e-05 -1.38596e-05 0.00011535 -3.27422e-05 -1.07736e-05 3.46775e-06 -3.72542e-05 -4.76535e-05 -6.0392e-05 -1.25424e-06 2.21892e-05 0.000122434 -1.19437e-05 -9.27274e-05 -0.000180959 -2.02637e-06 -9.04257e-06 -8.0276e-06 3.8284e-05 0.000150473 -1.03386e-05 1.86887e-05 8.43306e-05 3.37582e-06 3.73273e-05 -8.95289e-06 0.00013014
internal_weight=2.38058e+06 1.89435e+06 263948 1.63041e+06 1.37394e+06 1.32262e+06 20969.8 4750.39 1485.04 16219.4 6297.96 4459.77 51326.9 20302.2 31024.8 22010.7 6149.64 4956.71 2348.9 9014.07 1457.37 15861 11832.3 2303.29 12602 2204.18 1.30165e+06 1838.19 1.29848e+06 25039.5 8455.27 5098.69 745.534 4353.16 16584.3 2592.74 3356.58 426.681 2929.9 9921.44 486226 1192.93 1900.08 10413.1 1.27344e+06 3265.35 569.071 2205.84 4081.5 724.338 177985 77425.7 76570.3 3637.82 538.927 72932.4 3098.89 1102.75 100560 5650.74 71675.8 1367.49
internal_count=2380601 1889071 291355 1597716 1335264 1290053 17569 3915 1111 13654 5237 3834 45211 17702 27509 19600 4994 4025 1760 7909 1266 14606 11187 1931 10993 1653 1272484 1403 1269135 22479 6901 4146 571 3575 15578 2193 2755 332 2423 8417 491530 969 1615 9171 1246656 2804 450 1888 3383 631 195956 83561 82828 3060 437 79768 2623 925 112395 5106 78704 1028
is_linear=0
shrinkage=0.05


Tree=71
num_leaves=63
num_cat=0
split_feature=134 113 358 45 15 45 256 42 52 287 109 339 50 343 322 358 35 200 187 65 189 2 291 56 48 213 14 337 256 298 342 200 345 349 198 200 337 347 178 357 204 182 16 361 201 223 16 314 304 2 204 198 206 361 206 280 327 23 198 357 174 226
split_gain=0.00322177 0.0020626 0.00256412 0.0030433 0.00288309 0.00229598 0.00219789 0.00230507 0.00203264 0.00194661 0.00192202 0.00188082 0.00187926 0.00185917 0.00182316 0.0028926 0.00180866 0.00258584 0.00171727 0.00171154 0.00167851 0.00214499 0.00163657 0.00163168 0.00162701 0.00159359 0.0021035 0.00186887 0.0017627 0.00162943 0.00157365 0.00149217 0.00211766 0.00151214 0.00147723 0.00144399 0.0021062 0.0014829 0.00143451 0.00135395 0.00168961 0.0048517 0.0016375 0.0013497 0.00134918 0.00128865 0.00128764 0.00125566 0.00153697 0.00123465 0.00138113 0.00131325 0.00121867 0.00124356 0.00121047 0.00119733 0.00116392 0.0011636 0.00137853 0.00139701 0.00132847 0.00130914
threshold=-1.0000000180025095e-35 0.11900876089930536 -0.9751782715320586 0.023987737484276298 0.0094499024562537687 0.0058365261647850284 -1.3220716965633981e-08 0.012095508165657522 1.0000000180025095e-35 0.32718010246753698 15.379339694976808 2.3063958883285527 0.00075023114914074551 -0.18496239185333249 -0.043295638635754578 -0.60260424017906178 0.017057672142982486 0.0010667272144928577 0.056041143834590919 1.0000000180025095e-35 0.060466565191745765 -0.0018859538249671457 1.7157584428787234 0.80306389927864086 0.20518148690462115 0.0016355409170500936 0.022397490218281749 -0.051194170489907258 -9.0430680721453866e-09 0.0016151907038874926 -1.3015433549880979 0.0013612984330393376 -0.53360003232955922 -0.081075210124254213 0.0065005377400666484 0.0013612984330393376 0.0068481336347758779 -0.66601932048797596 -0.051767835393548005 -0.15044498443603513 4.9950816901400692e-05 0.0218279492110014 0.0046499818563461312 -0.91010591387748707 0.00040148537664208567 2.2244551620687866e-16 0.0055716473143547782 -0.0025687596062198277 -0.012284839060157536 0.0035939810331910853 0.00039039392140693968 0.0027048472547903661 3.6093713788432076e-05 0.22685479372739795 7.0520654844585815e-06 0.31000402569770819 0.0021196664310991768 0.0032553097698837523 0.0048806483391672381 -0.38305483758449549 -0.029424822889268395 -1.0000000180025095e-35
decision_type=2 2 2 10 2 8 2 8 2 2 8 2 2 2 2 2 8 2 2 2 2 2 2 2 2 2 2 2 2 2 2 2 2 2 2 2 2 2 2 2 2 2 2 2 2 2 2 2 2 2 2 2 2 2 2 2 2 2 2 2 2 2
left_child=1 12 3 6 57 24 7 -3 9 -2 11 13 19 16 15 -7 17 -10 -8 -1 25 46 45 35 -6 -15 34 -28 29 -29 -19 33 -33 -18 -27 56 37 -37 44 40 41 -40 -42 -9 -35 -5 -22 -11 -49 50 -16 -51 53 54 -50 -14 -12 -4 59 60 61 -59
right_child=8 2 4 22 5 14 18 43 10 47 23 -13 55 20 49 -17 31 30 -20 -21 21 -23 -24 -25 -26 26 27 28 -30 -31 -32 32 -34 38 -36 36 -38 -39 39 -41 42 -43 -44 -45 -46 -47 -48 48 52 51 -52 -53 -54 -55 -56 -57 -58 58 -60 -61 -62 -63
leaf_value=-1.4904192711771767e-06 -0.00019692120103444936 0.00016722490107695025 -5.063526273833187e-05 1.3576450139639159e-06 -2.2448282882901226e-05 -0.00024458245401344541 -2.5328134110998987e-05 9.8239498057765026e-05 1.0518614061979982e-05 2.8348264914450421e-06 2.3052801741671188e-07 -7.24211393547509e-05 2.5288895284463897e-05 4.5671491185961252e-06 -4.4248600435982307e-05 -3.7495283054016552e-05 -5.010225457473274e-06 -4.7842361968903066e-05 -0.0001345740533607429 -7.2057099535591979e-06 -5.9494537192075013e-05 4.6545240560552029e-06 0.00020950287007451154 5.8182339508727211e-06 0.00024290049259829196 2.5540941739149597e-05 2.154610819333472e-05 0.00029435761640228948 3.5014963916508251e-05 8.3481073863036194e-05 -0.00025050007548126709 4.1718609330906786e-06 0.00020447404542522658 2.6143213156658204e-05 -9.6035866842149138e-05 0.00017193195845415925 -9.6441007947942496e-05 -1.5626096440205169e-05 1.795563274287367e-05 4.4667554187229091e-05 -2.2087560933994817e-05 0.00040666859122589046 3.3821423013112664e-05 -1.5794357106835945e-05 0.0001664767931304329 9.0324768116999406e-05 -0.00019331856381821582 3.3412431575575141e-05 1.2741023068822384e-05 -4.5146871224407624e-05 -0.00012491516539569347 8.8118368739550869e-05 -3.5976020353631801e-06 -3.8923968997575042e-06 1.5011717420157452e-06 3.902562140869946e-06 -1.7996106165820867e-05 8.1280032331848642e-06 8.8783951778437632e-05 1.3343872390028197e-05 -2.0460036252843176e-05 -0.00017826595561463776
leaf_weight=590331.06589782238 124.02258467674255 237.77456784248352 1981.7823565006256 767.35522866249084 141.05059385299683 361.98704528808594 1454.0762927532196 307.77693855762482 33824.636539697647 221459.943359375 326173.04448437691 743.96733558177948 8411.1398086547852 181640.21264731884 1237.1876983642578 315.74988186359406 3137.4315376281738 317.88463139533997 476.56376647949219 168349.2014323473 573.17986750602722 1086.849013209343 173.22649443149567 144456.12858080864 95.486319303512573 2883.5563335418701 472.93307054042816 246.61144971847534 204.95148146152496 148.35562753677368 135.92124629020691 246.56813490390778 282.08488023281097 311.63072919845581 271.57626342773438 112.98606467247009 960.11341822147369 1260.140934586525 370.51764965057373 6883.2766823768616 2843.401157617569 100.54833221435547 2424.5509941577911 1596.3015984296799 380.64080381393433 864.92120659351349 261.90640294551849 3125.193359375 28986.289363622665 719.27397465705872 931.87286019325256 246.59935081005096 361189.02508950233 87987.975646972656 137928.900390625 29471.322353363037 8998.5938396453857 144.33959829807281 348.45616567134857 3374.6449273824692 5417.082985162735 268.29019773006439
leaf_count=586444 88 174 2051 653 168 284 1424 263 33099 227538 312370 631 6954 187983 1164 262 2986 265 392 160920 457 954 133 135781 79 2431 370 179 159 116 114 186 211 310 218 89 762 1029 383 6205 2506 83 2187 1505 286 688 220 3045 32524 746 767 199 371943 95208 147997 26793 7419 147 301 3772 5764 222
internal_value=-8.58934e-08 -2.6281e-06 -1.79231e-05 1.02146e-05 -2.85363e-05 -6.48239e-05 -1.37434e-05 2.11229e-05 1.24499e-06 -4.25829e-07 3.1914e-06 6.84937e-06 -2.21596e-06 7.09668e-06 -7.42091e-05 -0.000148497 1.55364e-05 8.92509e-06 -5.2406e-05 -2.75864e-06 4.79283e-06 -4.16698e-05 6.42098e-05 1.37141e-06 8.58074e-05 5.27371e-06 3.56121e-05 9.60243e-05 0.000154471 0.000215969 -0.000109374 2.88799e-05 0.000111419 2.62145e-05 1.50221e-05 -5.31909e-07 -3.97131e-05 3.45011e-08 3.35719e-05 2.97175e-05 1.17773e-05 0.000102294 3.64736e-06 2.72192e-06 0.000103562 4.8553e-05 -0.000101827 -3.96372e-07 -1.552e-06 -5.80644e-05 -7.89878e-05 -1.10108e-05 -1.72947e-06 9.17622e-07 3.4532e-06 8.65211e-06 -2.5892e-07 -1.57885e-05 -8.55028e-06 -1.22536e-05 -2.70707e-05 -0.00011334
internal_weight=2.38058e+06 818025 21461.8 5878 15583.8 4049.21 4072.49 2141.85 1.56256e+06 840801 721754 239793 796563 239049 3812.67 677.737 51259.1 34278.4 1930.64 758680 187790 1921.94 1805.5 481961 236.537 185868 4227.98 1072.85 599.919 394.967 453.806 16980.7 528.653 16452 3155.13 337505 2333.24 1373.13 13314.6 12622.3 5739.02 471.066 5267.95 1904.08 692.272 1632.28 835.086 840677 619217 3134.93 2169.06 965.873 616092 254903 166915 37882.5 335172 11534.6 9552.81 9204.36 5829.71 412.63
internal_count=2380601 802269 21158 5232 15926 3669 3758 1942 1578332 878343 699989 242539 781111 241908 3422 546 48821 33478 1816 747364 193087 1631 1474 457450 247 191456 3473 824 454 295 379 15343 397 14946 2649 321669 1880 1118 11960 11364 5159 466 4693 1768 596 1341 677 878255 650717 2876 1931 945 647672 275729 180521 33747 319789 12257 10206 9905 6133 369
is_linear=0
shrinkage=0.05


Tree=72
num_leaves=63
num_cat=0
split_feature=344 202 223 34 209 16 355 193 322 201 292 46 360 46 113 330 349 343 45 34 358 48 356 334 1 46 259 334 360 109 356 349 337 46 360 304 15 356 337 360 270 225 196 2 349 355 179 359 35 348 361 360 292 259 358 76 322 48 361 292 355 360
split_gain=0.00313592 0.00305734 0.00524063 0.00507058 0.0043899 0.00297608 0.0029582 0.00293643 0.00334214 0.0039513 0.00509567 0.0062957 0.00453679 0.0039761 0.00366813 0.00346222 0.00494752 0.00338642 0.00293219 0.00394509 0.00343941 0.00395187 0.00368765 0.00397477 0.00331927 0.00637508 0.00566488 0.00522056 0.00437236 0.0086878 0.00590345 0.00581853 0.00456506 0.00461848 0.00407626 0.00549404 0.00394837 0.00398729 0.00372965 0.00497583 0.00415281 0.00370244 0.00368924 0.00824074 0.00381242 0.0035925 0.00449395 0.00644746 0.0122999 0.00743671 0.00356814 0.0034858 0.0038664 0.00375627 0.00344256 0.00358014 0.0100887 0.0122064 0.00443474 0.00520772 0.00437425 0.00419156
threshold=-0.17929612845182416 0.0017254092963412406 -5.0419071584428814e-08 0.051113745197653777 0.00061620274209417414 0.016890071332454685 0.21438874304294589 0.0019670909969136123 0.036613201722502715 0.00086370226927101623 0.1168181821703911 -1.0000000180025095e-35 -0.20695520192384717 -0.0014596268883906303 0.18599809706211093 0.37613785266876226 -0.1197802610695362 -0.62984707951545704 0.0087163303978741186 0.080218229442834868 0.3156165629625321 0.14812672138214114 -0.16018138825893399 0.36526983976364141 0.05934156849980355 -0.003233554656617343 -1.9082440647478116e-16 0.048690071329474456 0.32985582947731024 18.71400356292725 -0.015456368681043385 -0.053035434335470193 -0.11371661350131033 -0.0038303893525153394 0.66706314682960521 -0.0078282095491886122 0.021910947747528556 -0.030669895932078358 0.11244097724556924 -0.47350443899631495 -0.0060607488267123691 -1.0000000180025095e-35 0.0039968099445104608 0.0060102054849267015 0.28818847239017492 -0.058282226324081414 0.0056766215711832055 0.12317387759685518 0.048853261396288879 -1.0000000180025095e-35 -0.043162774294614785 -0.18282229453325269 8.0250887870788592 0.360342487692833 0.98181366920471203 0.021776211448013786 -0.024960169568657872 0.062896691262722029 0.7069419026374818 2.4583226442337041 -0.10220238193869589 0.85378599166870128
decision_type=2 2 2 10 2 2 2 2 2 2 2 2 2 2 2 2 2 2 8 8 2 2 2 2 2 2 2 2 2 10 2 2 2 2 2 2 2 2 2 2 2 2 2 2 2 2 2 2 10 2 2 2 2 2 2 2 2 2 2 2 2 2
left_child=7 5 3 4 -3 18 -4 -1 9 -9 11 12 -11 14 -12 -15 -17 -10 19 24 21 -21 -23 -24 25 54 27 -26 30 32 -28 -31 33 -30 -34 -36 37 -29 39 -32 -41 -39 44 -44 45 46 -27 48 -48 -50 -49 -47 53 -53 55 -2 57 -57 59 61 -59 -58
right_child=1 2 6 -5 -6 -7 -8 8 17 10 13 -13 -14 15 -16 16 -18 -19 -20 20 -22 22 23 -25 26 42 28 36 29 31 38 -33 34 -35 35 -37 -38 41 -40 40 -42 -43 43 -45 -46 51 47 50 49 -51 -52 52 -54 -55 -56 56 58 60 -60 -61 -62 -63
leaf_value=5.4584853772913932e-07 -5.2037737833006007e-07 3.9981855200066053e-05 -7.3845568462222588e-05 0.00010685951612425409 -9.4962771914161202e-05 7.3543815475883791e-06 0.00012601415635805436 7.7342823660272977e-06 4.8660626056974517e-05 -5.6553908103785676e-05 -3.73494064760354e-06 -5.1361616800638425e-06 0.00016946229557889388 -5.8297145697186352e-05 -0.0002094833299821335 0.00035126292898356116 6.8732387286643909e-05 -4.1228268479859776e-05 -8.4439395003531876e-06 -0.00013538124939658079 -0.00011701180044103283 -5.3215479525372011e-06 1.4256341595141822e-05 0.00014361892048500916 0.00011645160846893511 8.4847421961640623e-06 -5.9428953080202339e-05 -0.00010688079254050388 -0.00010597293830212948 6.7029171804395795e-05 -1.1331294815656287e-05 -4.9851540851304051e-05 -0.00014647978919333352 -0.00033378317157324767 0.00019068362687806961 -6.6234789646355116e-05 -1.0817653400020575e-05 9.983708404048586e-05 -6.9123427117694452e-05 0.00027694325738998355 4.661676925768813e-05 9.4264196455889175e-06 4.4655103535425593e-05 0.00047241770564418381 4.2376236326636377e-05 1.3022199762863457e-05 4.0255961853760471e-05 6.0087973974564204e-05 0.0006068390258489022 0.00015198285926194886 -5.3829332302966328e-06 -1.3313235946444863e-05 0.00012885439326576647 -7.9395020623189457e-05 -2.3183385354563294e-05 0.00053790282013414358 -4.7463717420002382e-06 0.00016973249454405585 -4.777827622884917e-05 7.2103210026610738e-05 -3.4340595856133653e-05 -4.1594433557151005e-05
leaf_weight=362501.41760253906 1366486.317219615 1255.5202398300171 4543.4348573684692 1049.1945495605469 1155.5852203369141 101913.7800283432 191.24364852905273 177054.02621459961 1271.7114791870117 251.15952634811401 3875.0665595531464 1097.1101821660995 1857.4928914308548 471.38154935836792 227.45915794372559 166.65120840072632 1937.7695314884186 5909.8991165161133 137454.04992675781 245.4915999174118 298.07517433166504 1126.0439057350159 873.94233274459839 1853.5262414216995 978.45508706569672 27524.415358066559 5249.3422186374664 426.92833423614502 498.05802690982819 1594.5401139259338 7055.4374563694 3195.1974390745163 1439.5320527553558 404.26234090328217 233.55906343460083 1785.0487893819809 20491.920086622238 2166.9178069829941 1540.7975653409958 204.5545015335083 3770.1208740472794 2370.387797832489 611.34346866607666 136.15518856048584 9225.1099293231964 15766.169944763184 689.18966794013977 5183.7736730575562 196.0622124671936 167.69686985015869 3475.4770050048828 13997.801410198212 425.40071105957031 2539.1002329587936 17739.460739135742 156.83609163761139 31671.770235538483 521.01762700080872 9508.9343338012695 1843.2438101768494 526.2228194475174 10202.488621711731
leaf_count=362261 1367805 1070 3770 796 959 120475 170 171035 1107 227 3352 894 1395 378 176 120 1553 5060 144551 193 260 946 712 1397 814 25760 4537 376 393 1349 6292 2807 1175 312 179 1489 18275 1940 1358 165 3350 2123 458 97 8017 15636 572 4328 141 118 3154 14013 413 2402 18731 115 29018 424 8708 1507 444 8949
internal_value=-8.16183e-08 -1.08412e-06 -3.15516e-05 1.52155e-05 -2.4719e-05 -9.46575e-07 -6.5723e-05 3.2034e-06 8.16609e-06 9.45208e-06 4.02153e-05 9.20117e-05 0.000142514 1.53317e-05 -1.52389e-05 6.3996e-05 9.14185e-05 -2.53017e-05 -1.4402e-06 -8.29496e-07 4.64541e-05 5.83925e-05 7.08008e-05 0.000102209 -9.61813e-07 -5.30945e-07 -1.32132e-05 3.23554e-06 -2.93343e-05 -5.74255e-05 -1.49054e-05 -1.09293e-05 -0.000108471 -0.00020855 -8.22518e-05 -3.63492e-05 -1.12494e-06 3.8874e-05 3.69323e-06 1.38757e-05 5.86037e-05 5.26295e-05 1.32123e-05 0.000123624 1.2167e-05 8.18272e-06 1.88043e-05 4.80421e-05 0.000164754 0.000399123 3.38154e-05 -3.90232e-06 -1.9633e-05 -2.34679e-05 -1.29459e-06 -1.02129e-06 -1.35963e-05 0.000129405 -1.6836e-05 -1.01039e-05 6.73188e-05 -1.37258e-05
internal_weight=2.38058e+06 1.82396e+06 8194.98 3460.3 2411.11 1.81576e+06 4734.68 556621 194120 186938 9884.09 3205.76 2108.65 6678.33 4102.53 2575.8 2104.42 7181.61 1.71385e+06 1.5764e+06 4397.08 4099 3853.51 2727.47 1.572e+06 1.51859e+06 53405.1 26434.6 26970.5 9150.2 17820.3 4789.74 4360.46 902.32 3458.14 2018.61 25456.2 4964.23 12570.9 11030.1 3974.68 4537.31 79937.7 747.499 79190.2 69965.1 37236.6 9712.2 1052.95 363.759 8659.25 32728.5 16962.3 16536.9 1.43866e+06 1.42092e+06 54430.5 1204.08 53226.4 43717.5 1047.24 41874.3
internal_count=2380601 1833043 6765 2825 2029 1826278 3940 547558 185297 179130 8095 2516 1622 5579 3528 2051 1673 6167 1705803 1561252 3508 3248 3055 2109 1557744 1510810 46934 23528 23406 7704 15702 4156 3548 705 2843 1668 22714 4439 11165 9807 3515 4063 75109 555 74554 66537 34073 8313 831 259 7482 32464 16828 16415 1435701 1416970 49165 983 48182 39474 868 37967
is_linear=0
shrinkage=0.05


Tree=73
num_leaves=63
num_cat=0
split_feature=51 327 277 327 278 202 327 278 44 266 292 292 349 185 364 292 359 354 344 322 109 349 354 201 359 314 316 290 332 327 190 240 193 1 320 36 329 292 171 206 203 292 334 164 109 310 355 202 201 192 329 316 349 190 358 327 317 24 355 190 190 311
split_gain=0.00303101 0.00284489 0.00218584 0.00209481 0.00220867 0.002651 0.00216718 0.00305466 0.00238717 0.00298802 0.0031538 0.00236315 0.00318289 0.00270149 0.0026518 0.00276988 0.00279879 0.00271692 0.00261941 0.00247756 0.00294598 0.00245708 0.00223639 0.00211904 0.00211187 0.00336599 0.00221442 0.00306952 0.00216229 0.00437681 0.00305513 0.00205841 0.00205203 0.00352403 0.00234363 0.00204158 0.00200587 0.00197562 0.00219553 0.00403077 0.00266416 0.00197425 0.00236427 0.00195062 0.00192925 0.00189822 0.00189439 0.00326935 0.00203192 0.00281692 0.00325506 0.00197053 0.00188047 0.0018401 0.00183936 0.00183781 0.00183041 0.00181306 0.00175252 0.00172275 0.00250156 0.00169033
threshold=2.2006057406542826e-05 -0.00092468989896588017 0.50898373126983654 -0.0024407136952504511 0.9145789146423341 0.0017254092963412406 0.001274764887057245 0.13864818960428241 0.030631730332970623 0.026898249052464965 1.3704740405082705 -0.0012232944136485455 0.17256716638803485 0.056771619245409972 0.80660834908485424 -0.28745305538177485 0.15215095877647403 0.15704410523176196 0.099304560571908965 0.012410121038556101 22.728115081787113 -0.36808560788631434 -0.037751082330942147 0.0013094524038024249 0.39217841625213629 0.07168899849057199 -0.0078712757676839811 0.19978620857000354 0.30518594384193426 0.0037737713428214197 0.018643461167812351 1.6407096982002261 0.026045391336083416 0.056241016834974296 0.0063476031646132478 0.0048020083922892818 0.081155572086572661 0.78637683391571056 0.0040323720313608655 0.00022088445257395509 0.00030244069057516759 1.570685148239136 0.24796834588050845 0.0033814603229984645 88.053501129150405 -0.0025503670331090684 -0.028920100070536133 0.0011052283225581052 0.00058729085139930259 0.029781030490994457 0.056867962703108794 0.054220389574766166 0.085062395781278624 0.0085560837760567682 0.3156165629625321 2.1503392417798753e-05 0.072362940758466734 0.012944397050887348 -0.26581960916519159 0.00029216161055956041 -0.00064847903558984388 -0.01043042680248618
decision_type=2 2 2 2 2 2 2 2 10 2 2 2 2 2 2 2 2 2 2 2 10 2 2 2 2 2 2 2 2 2 2 2 2 2 2 8 2 2 2 2 2 2 2 2 10 2 2 2 2 2 2 2 2 2 2 2 2 2 2 2 2 2
left_child=1 -1 35 41 6 -6 43 8 24 -10 -11 12 14 19 15 -9 18 23 -17 36 -21 -13 -22 -18 25 26 27 -8 29 44 -30 45 34 53 -4 54 -14 -32 39 -39 -41 -2 -43 61 -26 -28 57 48 49 -48 -51 59 -7 -34 -3 -37 -46 -36 -40 60 -50 -5
right_child=3 2 32 4 5 52 7 11 9 10 -12 21 13 -15 -16 16 17 -19 -20 20 22 -23 -24 -25 28 -27 31 -29 30 -31 37 -33 33 -35 46 55 -38 38 58 40 -42 42 -44 -45 56 -47 47 -49 51 50 -52 -53 -54 -55 -56 -57 -58 -59 -60 -61 -62 -63
leaf_value=1.0167239013177595e-05 1.9317207652484182e-05 -1.97649090916266e-06 3.1100230791224423e-06 1.1315281401751824e-05 -5.8323174310961063e-06 -9.2837531710175501e-05 -2.469571882618868e-06 1.3582458883778213e-05 4.3192148589408609e-06 6.3901890563143409e-05 0.00037416617257080855 0.00015222826908009593 9.3819345955593644e-05 -0.00018945969604040373 -4.8408944172314417e-05 9.72179925657885e-05 -2.1550005268826403e-05 0.00024844062080865351 0.00032768928830212901 -1.8733025075150841e-06 -0.00032576140615649113 -2.5250865625833044e-05 -6.3908182764171187e-05 0.00014981807023832372 -3.4522729307105273e-05 -7.8990931604937318e-05 0.00015285359002231586 0.00033666855657746926 -2.3441779846796905e-05 -0.00012562810959911524 -4.7730275604596762e-06 5.9357258088391358e-05 0.00014396828100056224 -4.1788953890291447e-06 -7.7977321776410973e-06 -5.2182973205690606e-06 -2.7378961330162658e-05 2.9974805314126519e-05 0.0001659089006411996 0.00041699578132597411 0.0001391452415587236 -0.00023595961342242713 -2.0537651787170924e-05 7.8067928517995415e-06 3.486209416403382e-07 5.6648810012204003e-06 -2.3692244999310495e-06 0.00022308264127887624 6.6675676809259727e-05 0.00027677136025891941 -8.313731040847274e-06 -4.8308760739300492e-05 3.2610000323546265e-05 2.3402176228816395e-05 6.7373888918447744e-06 -2.419321748305133e-05 0.00018808331988061751 -4.0032282454477646e-05 1.8569766844875812e-05 2.5393655188216207e-05 0.00026925965322588906 -1.5611634525538155e-06
leaf_weight=88185.83984375 16240.343779087067 330890.51828360558 620118.70584487915 26695.531955718994 273473.74727630615 1426.4205824136734 139.44725596904755 2338.1129735708237 464.05130004882812 187.73753988742828 144.70407998561859 194.22020244598389 529.78575813770294 264.09214782714844 861.67264699935913 291.58106184005737 706.83595740795135 152.29772591590881 214.8500337600708 375.67978072166443 177.78153121471405 32714.473586320877 151.4094455242157 240.03285980224609 6576.4410996437073 963.47052001953125 220.41823053359985 125.87899672985077 4118.552743434906 972.26786804199219 1877.0499973297119 2237.1072348356247 318.55885028839111 17521.388916015625 63016.123168945312 57934.219753265381 951.78266787528992 441.41837906837463 223.9569251537323 147.96827065944672 210.70302045345306 149.02545511722565 816.2484415769577 70795.523985385895 6052.4751665592194 14475.901821732521 43106.837899208069 166.06658935546875 996.81221270561218 193.56189906597137 204.94372475147247 623.567626953125 376.6287339925766 25335.171130180359 74124.052947998047 16364.339420318604 130.68402099609375 4684.8804321289062 1896.9361298084259 2714.9490982294083 178.46785318851471 562155.82478475571
leaf_count=82038 13427 338055 641688 24849 262674 1237 125 1915 404 161 100 187 410 208 764 223 605 109 153 297 136 27696 128 177 6093 814 173 89 3749 805 1524 1886 252 15842 61628 68188 789 365 171 112 162 120 657 67953 5261 12321 44424 125 923 171 197 610 290 23499 79749 17314 89 4718 1615 2502 155 557500
internal_value=-7.74438e-08 1.48581e-06 8.77464e-07 -2.11361e-06 -2.40641e-06 -6.231e-06 -9.86386e-07 -8.66413e-06 8.30783e-07 8.64494e-05 0.000200383 -1.84996e-05 7.32746e-06 -3.90262e-05 3.09722e-05 4.83321e-05 9.88556e-05 5.38695e-05 0.000195898 -2.06994e-05 -9.7723e-05 -2.41942e-05 -0.000206437 2.21163e-05 -8.44372e-07 1.18563e-05 1.69541e-05 0.000159743 -1.10294e-05 -2.34773e-05 8.1418e-06 1.46982e-05 2.51181e-06 1.31057e-05 1.89032e-06 -1.77936e-06 1.60277e-05 3.52511e-05 6.09566e-05 0.000131437 0.000255448 1.51861e-05 -5.42151e-05 -3.46071e-08 -1.56751e-05 7.89294e-06 -4.63636e-06 2.94115e-06 2.17057e-06 -1.143e-06 0.000130848 3.40941e-05 -6.66264e-05 2.49104e-05 -3.81688e-07 -9.39808e-06 4.37602e-06 -1.00295e-05 3.42698e-05 4.73206e-05 9.78435e-05 -9.77374e-07
internal_weight=2.38058e+06 1.34668e+06 1.25849e+06 1.0339e+06 1.0167e+06 275277 741419 81771.8 41607.2 796.493 332.442 40164.6 7255.91 2450.53 4805.38 3943.71 1605.6 1099.17 506.431 2186.44 704.871 32908.7 329.191 946.869 40810.7 18162.2 17198.8 265.326 22648.5 13731.9 8916.59 16933.4 779180 43175.1 736005 479313 1481.57 4798.03 2920.98 800.09 358.671 17205.6 965.274 659647 12759.6 14696.3 115886 48185.2 48019.1 43505.3 398.506 4513.8 1803.05 25653.7 405015 74298.6 6183.16 67701 2120.89 3890.23 1175.28 588851
internal_count=2380601 1382078 1300040 998523 984319 264201 720118 69816 36019 665 261 33797 5914 1968 3946 3182 1267 891 376 1760 561 27883 264 782 35354 15408 14594 214 19946 12248 7698 14380 796734 39593 757141 503306 1199 3949 2425 639 274 14204 777 650302 11443 12494 115453 49107 48982 44792 368 4190 1527 23751 417804 85502 5350 66346 1786 3580 1078 582349
is_linear=0
shrinkage=0.05


Tree=74
num_leaves=63
num_cat=0
split_feature=343 278 327 336 349 184 270 327 174 181 108 1 0 46 225 202 178 33 361 197 319 359 256 344 292 2 203 46 359 2 314 198 204 331 337 292 360 198 2 25 13 46 108 292 199 109 49 12 321 198 42 174 0 46 1 354 165 38 2 19 197 202
split_gain=0.00289758 0.00307456 0.00540917 0.00336952 0.00321267 0.00317712 0.00317493 0.00296904 0.00311322 0.00308451 0.00307516 0.00705941 0.0054201 0.00438435 0.0041285 0.0038922 0.00369642 0.0028705 0.0051679 0.00399672 0.00363486 0.00361549 0.00303062 0.00274731 0.00408646 0.00370537 0.00264842 0.00285302 0.00820441 0.00983011 0.00981776 0.00378411 0.0125383 0.00282264 0.00259378 0.0025578 0.00254662 0.00332058 0.00393982 0.0037064 0.00295573 0.00283092 0.00319504 0.00412803 0.00334434 0.00318452 0.00286495 0.00334621 0.00293293 0.00276643 0.00266533 0.00265635 0.00259096 0.00252511 0.00399033 0.00436748 0.00332064 0.00503076 0.00352373 0.00248185 0.00248168 0.00244907
threshold=-0.3489594161510467 0.68000364303588878 0.0029928383883088831 0.14057023823261264 0.061443362385034568 -0.004514712141826748 0.0038494874024763708 -1.0000000180025095e-35 0.022251493297517303 -0.034440677613019936 76.160247802734389 -0.010715850628912447 -0.019412713125348088 -0.034080637618899338 -0.38954107463359827 4.2688307075877681e-05 0.055428031831979759 0.062501065433025374 -0.31200329959392542 0.0011826668051071467 -0.013584253843873738 0.11550133675336839 0.11757420003414155 -0.0553942322731018 0.037619378417730338 -0.02171254530549049 0.00062348126084543775 0.0075494719203561553 0.12695915251970294 -0.0066761642228811971 0.0093390643596649187 0.0078178048133850115 0.00018465911125531423 0.0085013615898787993 -0.04009383171796798 0.27354072034358984 0.70713734626770031 0.0034248904557898645 -0.010746109765022991 0.014072163496166469 -0.00260748085565865 0.0036710808053612713 67.486400604248061 -1.1157717108726499 0.00047356105642393237 14.485071182250978 0.054914385080337531 0.021907106041908268 -0.0024775377241894598 0.0032691241940483455 1.5752569197502456e-05 0.028849415481090549 -0.00190101598855108 -0.00083137067849747826 0.046036226674914367 -0.074657291173934923 -0.00080340000567957748 0.0011815216857939961 -0.0049749300815165034 0.035854768007993705 0.0043859735596925029 0.0017254092963412406
decision_type=2 2 2 2 2 2 2 2 2 2 2 2 2 2 2 2 2 10 2 2 2 2 2 2 2 2 2 2 2 2 2 2 2 2 2 2 2 2 2 2 2 2 2 2 2 8 2 2 2 2 10 2 2 2 2 2 2 10 2 2 2 2
left_child=-1 7 4 -4 6 -6 -3 8 -2 -10 13 12 -12 -9 23 -14 -16 36 19 -19 22 -22 -20 -13 -25 -26 27 31 29 30 -29 61 -33 -28 -34 -18 41 39 -39 -38 -41 42 50 44 -44 -43 47 48 -45 -50 -7 -48 -40 54 -52 56 -56 58 -58 -30 -8 -15
right_child=1 2 3 -5 5 17 60 10 9 -11 11 14 15 26 16 -17 35 18 20 -21 21 -23 -24 24 25 -27 33 28 59 -31 -32 32 34 -35 -36 -37 37 38 52 40 -42 45 43 46 -46 -47 51 -49 49 -51 53 -53 -54 -55 55 -57 57 -59 -60 -61 -62 -63
leaf_value=4.1312736948420721e-06 4.3735264671793365e-06 -3.3637726756363415e-06 -7.995270944697935e-05 -0.00033967764119247632 0.00012107256641993171 -0.00017349790669304058 -1.992649938750559e-05 -1.3647035891106798e-05 0.00029608293107596625 3.8686112031430074e-05 0.00027950868363524903 5.9089117800889895e-06 0.00018146641169589333 -1.4704282307760749e-06 7.4709764898109594e-06 3.4379098516172234e-05 -1.8839308228638156e-05 -1.8860405489351706e-05 2.3181671084685991e-05 -0.00014119243524203084 -0.00021975986709348461 -4.5639965451489087e-06 0.00019594223716705553 -3.6717571597983797e-06 -0.00011259885446688464 -2.5222098910907883e-05 1.3667830097815118e-05 8.8412743325288494e-05 8.6179336305113152e-06 6.2213833269457526e-05 0.00066022015301810404 0.00041672132596189495 -0.00011148570108103747 -3.4462289315691409e-05 9.0676579855966232e-05 0.00021950769319153474 6.2228212911194352e-06 8.7893019370453938e-05 -3.5544426712425272e-05 0.00021629421484515169 -3.6161367346672817e-05 -1.4523931651634352e-05 -4.848273194118066e-05 -0.00015093376539121082 -0.00024024081584797096 5.598016511293592e-05 -4.3026944573515373e-06 -0.00017446380917365248 -5.5492941198634502e-05 7.242142293084878e-05 5.1199647120464055e-06 0.00019891553791655931 3.7680205125653806e-05 -3.6803037840240761e-05 4.7073274662804641e-05 -2.1311094050190145e-05 0.00019801530081935766 8.7201571352530697e-05 0.00053105771763235765 0.0002137186179352415 -0.00013678719702848327 0.00024447538506928941
leaf_weight=349563.37890625 337268.7158203125 824106.6764112711 913.61806178092957 143.12906956672668 573.21552073955536 205.80560040473938 22244.976491928101 83188.125885009766 117.46493148803711 4616.7779884338379 267.87011528015137 35864.821128845215 498.79765558242798 309111.1759250164 140563.63460540771 4433.2824969291687 166.4110392332077 1289.1614098548889 706.85586047172546 1384.5428528785706 215.16068387031555 1929.4232680797577 394.66512894630432 48227.294755458832 1306.3373292684555 16756.528990864754 4201.6420524120331 142.72639274597168 18600.693337440491 911.33268570899963 158.0337655544281 231.13710474967957 321.44433295726776 11066.717627763748 309.45864713191986 343.93045246601105 43152.230113863945 3003.3278625011444 1649.3720005750656 371.15183234214783 167.45686554908752 2485.8718539476395 4103.7640852928162 406.08108055591583 238.91849231719971 4496.9604672193527 31670.451319217682 494.54988837242126 1007.5009495019913 725.16054928302765 52485.566396474838 159.62613964080811 4499.693935751915 3269.7067031860352 1154.7741247415543 1028.9166100025177 211.82293653488159 615.16022086143494 129.26592719554901 146.68015766143799 461.85224914550781 99.252375602722168
leaf_count=341170 346981 831688 722 117 436 165 20950 81370 89 4275 184 34940 363 325626 136124 3637 151 1100 600 1121 172 1586 285 47635 1107 15760 3981 99 17954 718 113 172 286 9287 240 259 40494 2462 1363 311 156 2471 3857 335 182 3995 29468 386 859 587 51909 115 3754 3114 967 978 173 551 94 110 369 78
internal_value=-7.34609e-08 -7.97152e-07 -2.74908e-06 -0.000115706 -2.63079e-06 3.76935e-06 -3.872e-06 1.1417e-06 4.93887e-06 4.51949e-05 -7.76769e-07 3.64914e-06 6.12828e-05 -3.34283e-06 2.41651e-06 4.93221e-05 7.95971e-06 3.35701e-06 -3.08189e-05 -8.22666e-05 1.15814e-05 -2.63387e-05 8.53232e-05 -5.23855e-06 -1.12696e-05 -3.15531e-05 -8.6032e-07 8.15927e-08 1.84038e-05 0.000144367 0.000391244 -1.09793e-06 0.000103393 -2.12175e-05 -1.23517e-05 0.000142018 4.64002e-06 1.35906e-05 4.09721e-05 7.85309e-06 0.000137961 1.30571e-07 -2.06337e-06 -1.32098e-05 -5.91383e-05 3.08839e-05 -7.41928e-06 -5.75198e-05 -3.03406e-05 -1.93593e-06 5.25561e-06 -3.27113e-06 1.80339e-05 5.88612e-06 8.39666e-06 6.313e-05 0.000104268 0.000173094 0.000326592 1.02453e-05 -2.23153e-05 -1.3899e-06
internal_weight=2.38058e+06 2.03102e+06 1.0121e+06 1056.75 1.01104e+06 164226 846814 1.01892e+06 342003 4734.24 676917 248429 5199.95 428488 243229 4932.08 141074 163653 5919.81 2673.7 3246.1 2144.58 1101.52 102155 66290.2 18062.9 345300 330032 19959.5 1212.09 300.76 310072 862.04 15268.4 630.903 510.341 157733 52843.2 9152.39 43690.8 538.609 104890 97907.1 38806.1 4342.68 6982.83 34463.4 2633.29 2138.74 1732.66 59101 31830.1 6149.07 58895.2 55625.5 3139.94 2111.02 956.249 341.089 18747.4 22706.8 309210
internal_count=2380601 2039431 1007892 839 1007053 154046 853007 1031539 351345 4364 680194 240160 4184 440034 235976 4000 136534 153610 4864 2221 2643 1758 885 99442 64502 16867 358664 345396 18994 930 212 326402 698 13268 526 410 148746 48540 7579 40961 467 100206 93740 35789 4039 6466 31750 2167 1781 1446 57951 29583 5117 57786 54672 2763 1785 818 267 18064 21319 325704
is_linear=0
shrinkage=0.05


Tree=75
num_leaves=63
num_cat=0
split_feature=327 277 197 29 227 44 364 320 358 44 193 236 321 37 343 15 49 270 337 194 259 334 267 38 39 273 49 197 267 39 22 355 361 361 44 10 348 2 349 258 202 200 113 2 336 337 334 202 355 355 349 175 358 358 317 203 109 44 233 176 49 361
split_gain=0.00284593 0.00357567 0.00426764 0.00437142 0.00275528 0.00492633 0.00521221 0.0027426 0.00303581 0.00295956 0.00359157 0.00570689 0.00317371 0.00596548 0.00277977 0.00273947 0.00288232 0.00325816 0.00269323 0.00257595 0.00254435 0.00655943 0.00314574 0.00251596 0.00941941 0.0073489 0.00250281 0.00261942 0.00249993 0.00354517 0.0037109 0.00323329 0.00470445 0.00297363 0.00291167 0.00272329 0.00261962 0.00246154 0.00242942 0.00325492 0.00359775 0.00619982 0.00375974 0.00349927 0.00260239 0.0025594 0.00241055 0.00234239 0.00281502 0.00276338 0.00348093 0.00336684 0.00326035 0.00353687 0.00274957 0.00229966 0.00293948 0.00229394 0.00226927 0.004293 0.00223461 0.00509634
threshold=-0.00077725344453938295 0.4300083220005036 0.0017995355883613231 0.026527128182351593 -1.4467964172363279 0.033622317016124732 0.80156040191650402 0.0053860521875321874 -0.071453496813774095 0.0039785739500075587 0.023682441562414173 1.0343156456947329 0.021548086777329448 0.03754262067377568 0.37397204339504247 0.025122517719864849 0.094731386750936522 -0.0025459025055170055 0.022512781433761123 -0.002207737416028976 0.25813053548336035 0.23976995050907138 0.0021913285600021486 0.033810310065746314 0.0057055011857301005 -6.5549133548376615e-17 0.050492910668253906 0.00086799010750837635 0.0058681590016931304 0.01171643612906337 0.0028978801565244798 -0.028920100070536133 -0.40535357594490046 -0.44557131826877588 0.044103557243943221 -0.0065811676904559127 -0.089613195508718477 -0.020553655922412869 0.068414323031902327 0.13749950379133227 0.00070669199340045463 0.00012962501932634043 -0.016455745324492451 -0.035010879859328263 0.074076887220144286 0.013569771312177183 0.048690071329474456 0.00042028127063531434 0.29065741598606115 -0.093394987285137163 0.094396781176328673 0.014127032831311228 0.081437822431325926 0.122541431337595 0.072362940758466734 4.826392978429795e-05 107.63331985473634 0.011924381367862226 0.53914788365364086 -0.034634351730346673 0.069018069654703154 -0.73647919297218312
decision_type=2 2 2 8 2 10 2 2 2 10 2 2 2 10 2 2 2 2 2 2 2 2 2 10 10 2 2 2 2 10 2 2 2 2 8 2 2 2 2 2 2 2 2 2 2 2 2 2 2 2 2 2 2 2 2 2 10 10 2 2 2 2
left_child=55 15 3 7 5 -4 -7 14 9 12 -11 -12 -9 -14 23 19 17 -17 46 -2 -19 -22 -23 -3 25 -25 -5 -28 34 31 33 36 -33 57 38 -34 -30 -26 39 40 44 -42 43 -43 -6 -44 -18 49 -49 50 -29 52 -52 -54 -53 -1 -57 -31 59 -58 61 -40
right_child=1 2 4 26 28 6 -8 8 -10 10 11 -13 13 -15 -16 16 18 20 -20 -21 21 22 -24 24 37 -27 27 47 29 30 -32 32 35 -35 -36 -37 -38 -39 60 -41 41 42 45 -45 -46 -47 -48 48 -50 -51 51 54 53 -55 -56 56 58 -59 -60 -61 -62 -63
leaf_value=-1.0277653761645392e-06 -2.5041442712767419e-05 2.8461575350302913e-06 4.9513378122870805e-06 -4.3799036058571431e-05 -1.2796188588833381e-05 1.0324042843432859e-05 0.00041095267982078297 8.937588151942672e-06 -7.5927115939681394e-06 -1.6288631233426891e-05 2.2671588367157282e-05 0.00038382472674678607 4.1062938239962089e-05 0.00030740085440552592 -5.9568065694267139e-06 0.00020711770258445797 6.301281106023846e-05 1.7991254523456244e-05 -4.7598585721288786e-05 -2.4813054044981248e-06 -0.00017121634674536758 -3.5698721010264462e-05 0.0001422245717942766 0.00051188101639216394 0.00021764820587417299 7.6559142678889438e-05 6.616514362296411e-06 1.4720987024600627e-05 1.4146322064069036e-05 -8.1360825929066317e-05 2.9856885255405351e-05 -6.5849452641715179e-05 8.5748884588575817e-05 -0.0001510631557673941 -9.1947430675163425e-05 -1.610225934905735e-06 -6.0255641388217485e-05 1.47726777414921e-05 -5.3222755783459802e-05 -2.9717100331626393e-05 0.00027686844324501951 -0.00020463260368134884 1.4569974116499627e-05 8.5206450175998581e-06 6.6443909823521971e-06 0.00010943025166798337 -1.8348618073242233e-05 4.6079217324145337e-05 0.00027461024189603874 3.7588631921464503e-06 6.1958821867556398e-05 -4.3438831638164394e-05 0.00040384319944563701 0.00012935063252741917 0.00015562813114489493 1.1604709401339058e-05 -0.000126630388880647 0.00018763244285815558 9.5623195334219668e-06 -9.0541602630781803e-06 -1.8375376234987338e-06 4.352711389853001e-05
leaf_weight=115640.5146484375 12914.758731842041 803681.60211658478 34933.369930267334 1939.2853393554688 66044.413957476616 171.39171946048737 152.43351018428802 30792.777465820312 157707.65449523926 15188.970925807953 466.3181574344635 141.02048707008362 4061.1788663864136 219.80849933624268 93808.429473876953 199.31910955905914 957.85034692287445 6509.2491776943207 8896.4329319000244 619772.16505479813 679.89718663692474 709.44982171058655 379.81884670257568 171.84807670116425 150.3695422410965 221.08272325992584 53815.400816679001 8289.6921457052231 1345.9442089796066 173.81848585605621 4527.6398143768311 2265.6788210868835 1232.8900774717331 562.69412815570831 980.90480804443359 3213.6261904239655 9733.7062983512878 8028.7464593648911 1646.5277528762817 16484.636639356613 256.97096037864685 304.13333165645599 1918.1855323314667 518.52773261070251 23281.635563135147 1128.6184400320053 17681.668125748634 6527.0137825012207 135.69327163696289 15745.30569434166 2860.701887845993 953.42173385620117 133.73363769054413 905.79839754104614 209.94590759277344 138854.4022064209 798.86895751953125 142.45888447761536 20495.116784334183 25388.789786100388 25128.574731826782 7810.2887936830521
leaf_count=110169 13878 834033 30636 1781 59504 149 111 29842 156907 15843 398 102 3680 189 94583 153 829 6251 7952 647928 545 645 274 127 117 197 53683 7133 1130 150 3803 2016 1015 456 816 2610 8458 9094 1434 14332 192 253 1539 488 20851 953 15916 5242 95 13854 2357 795 113 678 158 124416 650 106 18555 22516 21339 6291
internal_value=-3.60632e-08 -6.94173e-07 7.33832e-07 1.86495e-06 -5.95522e-06 6.75659e-06 0.000200276 1.00244e-06 -4.1668e-06 6.4541e-06 -1.15157e-05 0.000107514 1.45474e-05 5.48753e-05 2.19241e-06 -3.70546e-06 -1.71188e-05 8.37249e-06 -2.4967e-05 -2.94189e-06 3.53844e-06 -4.95977e-05 2.64886e-05 3.13359e-06 3.00753e-05 0.000268575 1.23699e-05 1.35869e-05 -8.61193e-06 -2.38546e-05 1.15994e-05 -3.46286e-05 -7.24031e-06 -8.23001e-05 -6.18139e-06 2.26396e-05 -5.12164e-05 1.85548e-05 -5.59802e-06 -9.23402e-06 -5.62033e-06 4.00133e-05 2.41488e-05 -7.05861e-05 -7.72923e-06 4.97575e-05 -1.41613e-05 2.40752e-05 5.08145e-05 1.79496e-05 3.46794e-05 6.73348e-05 8.9592e-05 0.000165371 -7.30899e-06 4.50637e-06 7.95563e-06 4.02179e-05 -2.8983e-06 -1.26503e-05 5.95965e-06 2.66743e-05
internal_weight=2.37999e+06 2.07882e+06 1.41011e+06 1.20616e+06 203959 35257.2 323.825 1.11464e+06 208578 50870.1 15796.3 607.339 35073.8 4280.99 906062 668701 36013.7 8477.73 27536 632687 8278.42 1769.17 1089.27 812254 8572.05 392.931 91516 89576.7 168702 23198.5 5406.61 17791.8 6712.2 878.971 145503 4446.52 11079.7 8179.12 144523 109937 93452.5 4126.44 3869.47 822.661 89326 3046.8 18639.5 35761.3 6662.71 29098.6 13353.3 5063.6 3900.23 1039.53 1163.37 301178 185537 316.277 46682.8 26187.7 34585.4 9456.82
internal_count=2380310 2104004 1409633 1231001 178632 30896 260 1145112 206961 50054 16343 500 33711 3869 938151 694371 32565 7868 24697 661806 7715 1464 919 843568 9535 324 85889 84108 147736 19744 4515 15229 5641 712 127992 3625 9588 9211 127176 98112 83780 3425 3233 741 80355 2492 16745 30425 5337 25088 11234 4101 3148 791 953 276306 166137 256 41721 23166 29064 7725
is_linear=0
shrinkage=0.05


Tree=76
num_leaves=63
num_cat=0
split_feature=218 327 246 281 187 203 0 359 361 49 259 347 269 1 46 46 15 46 358 339 35 314 360 358 40 183 327 109 314 33 361 0 49 202 186 49 364 178 49 358 1 46 264 263 69 205 0 360 71 1 330 197 0 258 311 259 46 344 201 338 259 0
split_gain=0.00283795 0.00355656 0.00270795 0.00237666 0.00237656 0.00236322 0.0021006 0.00395733 0.0058596 0.00504877 0.00266771 0.00236611 0.00216039 0.00192024 0.00257649 0.00225995 0.00382745 0.00272236 0.00252435 0.00226803 0.00218755 0.00247957 0.00251016 0.00195074 0.00186706 0.00191485 0.00184713 0.00403226 0.00323365 0.0029099 0.00295241 0.00285191 0.00280654 0.00262201 0.00227599 0.00207094 0.00242566 0.00414849 0.00752041 0.0032448 0.00446972 0.00260176 0.0025825 0.00531421 0.00230243 0.00196652 0.00404705 0.00314979 0.00193761 0.00191013 0.00182153 0.00181799 0.00204538 0.00185662 0.00181383 0.00181349 0.00351966 0.00180586 0.00174954 0.0018167 0.00340649 0.0017573
threshold=0.00018623359210323545 -0.00097581971203908313 -0.22238153964281079 0.21556302905082705 0.067979071289300932 4.8818748837220489e-05 -0.027545910328626629 0.10812873393297197 -0.25910054147243494 0.37621538341045385 -0.016023807227611538 -0.053939724341034882 0.021378514356911186 0.067955501377582564 1.0000000180025095e-35 -0.020742187276482579 0.017934093251824382 -0.012396668549627064 -0.050473226234316819 0.99769631028175365 0.050700271502137191 0.00089090282563120138 -0.81351488828659047 1.2269380092620852 0.035316148772835738 -0.0036930984351783987 0.00065870973048731696 66.382637023925795 0.038007643073797233 -0.039290957152843468 0.59716159105300914 -0.0044742266181856385 0.042139930650591857 4.2688307075877681e-05 -0.0085433158092200739 0.029752788133919243 1.0000000180025095e-35 0.0045555690303444871 0.14316713809967044 0.10695825517177583 0.0054819432552903899 -0.0038303893525153394 0.0013034227886237206 0.0023861511144787077 -0.0025304224109277125 3.3073312806664042e-05 0.02384186536073685 -0.1023883782327175 0.010781691875308754 -0.014542977325618265 0.78135496377944957 0.0023007290437817578 -0.0099997236393392069 -0.068133812397718416 -0.00017983662110054863 0.360342487692833 0.010871900245547296 -0.034480601549148553 0.00058729085139930259 2.5119249820709233 0.12449281662702562 0.0080841649323701876
decision_type=2 2 2 2 2 2 2 2 2 2 2 2 2 2 2 2 2 2 2 2 8 2 2 2 10 2 2 10 2 10 2 2 2 2 2 2 2 2 2 2 2 2 2 2 2 2 2 2 2 2 2 2 2 2 2 2 2 2 2 2 2 2
left_child=1 5 -3 4 -2 -1 7 -5 10 12 -9 -11 -10 14 20 19 -17 18 -18 -15 26 -22 -23 24 25 -16 45 31 29 33 35 -28 34 -29 -32 44 -37 57 39 41 -41 50 -42 -44 -31 46 48 -48 -4 -34 -39 -19 -53 -54 -36 -7 -57 -38 59 -33 -61 -60
right_child=3 2 13 6 -6 55 -8 8 9 11 -12 -13 -14 15 23 16 17 51 -20 -21 21 22 -24 -25 -26 -27 27 28 -30 30 32 58 49 -35 54 36 37 38 -40 40 42 -43 43 -45 -46 -47 47 -49 -50 -51 -52 52 53 -55 -56 56 -58 -59 61 60 -62 -63
leaf_value=1.888306405480485e-06 -1.4976440394818269e-05 4.2997371240373263e-06 -2.3324344239027156e-06 -0.00012795004620405959 -9.4645360978379606e-05 1.4546861543311962e-05 -2.9519122664111213e-06 6.8104280159823045e-05 4.9542676814779183e-05 0.00029935645553843203 -5.4135649817951363e-05 0.00013299175787476831 -0.00017040073782465331 -0.00010634060984615975 -7.9161009964758751e-06 6.5639298320778453e-05 -0.00034565230785605733 -8.9360540462702368e-06 -2.5856786641636258e-05 4.0307032740400505e-05 -1.0809039760434275e-05 0.00022063424737842381 5.4469913439142091e-05 0.0002134899544380935 -2.1464927945271997e-05 1.7871690661616713e-05 -2.4873361848325307e-05 0.00022999314336592539 0.00016364557362914995 2.3877097018009031e-06 -0.00010330863949161589 -9.8698197383205344e-06 0.00019266382437966263 4.2397021062823693e-05 0.00013768692755671385 -1.3094172706432372e-05 1.346500242035721e-05 6.4706719516996724e-05 -8.0061298626469752e-06 -4.4283249730878385e-06 0.00010286041153996227 0.00024334024725233139 0.00049055658282037395 0.00012739201809222291 0.000137346034217049 1.0641506729045398e-06 0.00035802996078568923 5.5385980840878175e-05 -1.4673710118418664e-05 2.3157525784784975e-05 -0.00012118618417577283 8.9234383910662138e-05 1.6706805445880679e-05 -9.4331319031082546e-05 -2.0885340902382242e-05 4.4289256585420373e-05 0.00029635360669894549 -2.2344926122447968e-05 1.229453371452073e-05 -1.2487079475423749e-05 0.00030598359602498801 0.0001251783718680966
leaf_weight=57577.280822753906 26285.861145019531 338090.59710693359 295025.31366240978 355.93666410446167 968.7462158203125 60308.989661693573 446457.421875 656.90007388591766 819.48730182647705 289.88552379608154 1381.7230387926102 828.41797780990601 127.22955894470215 1172.0929692983627 8877.5192301273346 1545.4621413946152 117.6210823059082 20293.476580858231 128.18636214733124 338.84396767616272 928.34800326824188 308.03507375717163 859.47982847690582 116.17447662353516 4289.1453552246094 38038.791675329208 31676.611354827881 233.52162539958954 308.17173004150391 771.37132775783539 784.94993448257446 58672.222606420517 165.90866470336914 897.26121151447296 209.78320276737213 39792.605222463608 6342.456356048584 1532.9777122735977 3225.5362150669098 219.41750919818878 184.938108086586 189.77246987819672 226.23361432552338 183.6287647485733 533.45518887042999 855268.21827995777 128.81127154827118 253.52179729938507 35645.445539474487 16752.445161342621 142.32136702537537 221.48074150085449 483.19170272350311 1693.6739625930786 1212.4873722791672 1488.8345987796783 150.84779763221741 7908.2219023704529 5578.2360589504242 232.95158994197845 129.15953481197357 365.53306031227112
leaf_count=54110 22360 338676 320321 291 769 54284 421715 533 726 201 1213 597 101 1035 8605 1305 92 19392 116 280 886 221 754 97 5069 37470 30159 173 222 652 654 57040 116 745 169 34805 6012 1323 3332 211 163 141 155 153 411 882421 92 198 37114 14658 128 161 396 1400 1043 1270 117 7651 5209 200 99 298
internal_value=-3.41322e-08 8.31617e-07 2.71672e-07 -3.47745e-06 -1.7815e-05 9.18101e-06 -2.61077e-06 3.15273e-05 4.54154e-05 0.000104737 -1.47185e-05 0.000176574 1.96875e-05 -6.71309e-07 -4.24468e-07 -1.41377e-05 -1.0472e-05 -1.56054e-05 -0.000180436 -7.34435e-05 -8.37424e-07 5.0181e-05 9.86128e-05 1.05737e-05 1.0105e-05 1.2992e-05 -9.15845e-07 -5.65825e-06 2.51032e-06 1.8971e-06 7.7557e-07 -1.25728e-05 1.79237e-05 8.14758e-05 -3.5082e-05 -4.57917e-06 -5.93637e-06 8.19503e-06 4.34272e-05 0.000105306 0.0001885 6.88241e-05 0.000259446 0.000329258 5.76888e-05 -2.02381e-07 -3.47442e-06 0.000158682 -3.66287e-06 2.48424e-05 4.87889e-05 -1.38041e-05 -5.49533e-05 -6.96918e-05 2.66438e-06 1.59588e-05 6.78115e-05 -6.40758e-06 -6.57573e-06 -9.17918e-06 0.000102163 1.92765e-05
internal_weight=2.37999e+06 1.90182e+06 1.7823e+06 478172 27254.6 119526 450917 4459.58 4103.64 2065.02 2038.62 1118.3 946.717 1.44421e+06 1.41821e+06 25994 24483.1 22937.6 245.807 1510.94 1.36689e+06 2095.86 1167.51 51321.6 51205.5 46916.3 1.36479e+06 178472 81817.5 81509.3 80378.5 96654.7 19125.6 1130.78 2207.22 61252.9 59948.1 20155.5 5904.83 2679.29 814.218 1865.07 594.8 409.862 1304.83 1.18632e+06 331053 382.333 330671 16918.4 1675.3 22691.8 2398.35 2176.87 1422.27 61948.7 1639.68 14250.7 64978.1 59034.3 362.111 5943.77
internal_count=2380310 1931804 1822023 448506 23129 109781 425377 3662 3371 1625 1746 798 827 1483347 1459170 24177 22862 21557 208 1315 1407929 1861 975 51241 51144 46075 1406068 165922 72917 72695 71777 93005 16640 918 1866 55137 54074 19269 5606 2274 682 1592 471 308 1063 1240146 357725 290 357435 14774 1451 21349 1957 1796 1212 55671 1387 13663 62846 57339 299 5507
is_linear=0
shrinkage=0.05


Tree=77
num_leaves=63
num_cat=0
split_feature=53 207 0 359 292 358 173 213 0 109 359 349 349 291 218 344 33 21 292 46 247 346 68 0 204 198 189 344 43 327 357 0 356 200 356 33 343 213 198 0 291 198 359 201 206 47 0 43 331 0 203 319 207 38 38 182 349 204 207 359 198 223
split_gain=0.00277909 0.00304772 0.00243005 0.00533085 0.0031593 0.00282278 0.0024992 0.00314393 0.00260546 0.00303456 0.00381268 0.00224731 0.00219286 0.00230172 0.00213272 0.00213099 0.00292945 0.00248959 0.00212952 0.00289868 0.00211746 0.00208385 0.00273116 0.00241588 0.00238896 0.00224123 0.0033594 0.00330147 0.00247054 0.00195354 0.00193827 0.00244222 0.00182262 0.002148 0.00202067 0.00218896 0.00206606 0.00178703 0.00178278 0.0017731 0.00177129 0.00249774 0.00179306 0.00181165 0.00175895 0.00259326 0.00254832 0.00208478 0.00206141 0.0018411 0.00337519 0.00182718 0.0017838 0.00175879 0.00175642 0.00175497 0.00172275 0.00176758 0.00186633 0.00251961 0.00172233 0.00169957
threshold=4.8690908442949883e-05 2.9098639970470689e-05 -0.027545910328626629 0.10812873393297197 0.70349019765853893 -0.53309428691864003 0.0077428161166608342 0.00050787604413926612 0.0093614682555198687 112.171443939209 0.16650225967168811 0.28818847239017492 0.61183655261993419 -0.16753661632537839 0.00030518509447574621 0.050625581294298179 0.0033761374652385716 0.026723893359303478 -0.38806487619876856 -0.014632857404649256 -0.19827660918235776 0.82889050245285045 -0.0078021220397204152 0.00085907065658830117 0.00014311826089397076 0.0018862665165215733 -0.0013548418646678326 -0.10763419792056082 0.0098638758063316363 -0.0016725638997741041 -0.035577585920691483 -0.015023169573396443 -0.24474149197340009 0.00025390245718881493 -0.77657034993171681 0.026192932389676574 -0.040768954902887337 0.0010396849247626962 0.0041093090549111375 -0.0092270798049867136 0.80015197396278392 0.0029309072997421031 0.097002025693655028 0.0011069004540331664 0.0010000910842791202 0.01852483302354813 0.00030090953805483883 0.015222988091409208 0.23148900270462039 -0.0034287241287529464 0.00056651170598343026 -0.049219105392694466 0.0025197786744683985 2.1751654458057604e-05 0.050006302073597915 0.049795575439929969 -0.18741209805011746 0.00047309794172178959 0.0025197786744683985 0.20351376384496692 0.0022397493012249474 0.023229680024087433
decision_type=2 2 2 2 2 2 2 2 2 10 2 2 2 2 2 2 10 2 2 2 2 2 2 2 2 2 2 2 10 2 2 2 2 2 2 10 2 2 2 2 2 2 2 2 2 2 2 10 2 2 2 2 2 10 10 2 2 2 2 2 2 2
left_child=1 -1 3 -2 5 -5 7 14 60 11 -11 40 13 56 29 16 17 20 19 -7 -3 24 -23 25 53 -24 27 28 -27 -4 31 -22 33 -17 36 -36 -35 -26 -14 -31 42 -42 -10 -44 -15 -46 49 48 51 52 61 -48 -47 -18 -39 -20 -9 -58 -59 -60 -8 -51
right_child=2 15 6 4 -6 18 8 12 9 10 -12 -13 38 44 -16 32 21 -19 55 -21 30 22 23 -25 37 26 -28 -29 -30 39 -32 -33 -34 34 35 -37 -38 54 -40 -41 41 -43 43 -45 45 46 47 -49 -50 50 -52 -53 -54 -55 -56 -57 57 58 59 -61 -62 -63
leaf_value=-2.2264018400324912e-06 -0.00012720967023017448 -6.0590493296167802e-06 1.46314246783684e-05 -0.00017068914702839387 0.00011248964129591485 0.00030111206142116511 -6.9768507676923045e-06 -1.6074792177773891e-05 0.00011892083183933692 0.00034055966540948065 6.1571619791189316e-05 -0.00011978353914062356 -3.6105715670244618e-05 7.5120240738252183e-06 -9.2634762563752989e-06 -9.9565864580583545e-07 3.0457618797315617e-05 -4.0794739841476659e-05 2.4938861717377901e-05 3.722367194950093e-05 5.1695877941160166e-05 6.2159976269019076e-05 1.6852337361936093e-05 -7.3498870927604889e-06 -2.5776307823219417e-06 0.00032545453981928186 3.9179096239887369e-05 -4.8772736673210863e-05 7.2812948696016216e-05 5.5164152473550925e-06 1.25197776106688e-06 8.9763844997715402e-06 2.7569558525061289e-07 0.00021038557431335742 -1.1636001391103307e-05 -7.8561532233137441e-05 -3.0143996177538196e-06 2.0449559990695789e-05 -0.00021881937613953082 -3.4195920998549956e-06 -5.1594460034407115e-06 0.00016932451912222513 -2.3108438030867689e-06 -0.00013699694778894627 0.00015185364188106991 -3.3909383393422075e-05 -9.6990862937576937e-05 0.0001199591753423135 -5.5884305763562007e-05 2.3031002786400512e-05 -0.00017146214374820487 3.7327067862645615e-05 0.00010113005357312677 7.8316529698439649e-06 0.00015001040185216955 -0.00016901787710605514 1.7852438113674735e-05 4.8198628156648863e-05 0.00034710604422086706 5.3155179602749504e-05 -2.5879600656024167e-05 -9.9715324504820967e-05
leaf_weight=466026.10247468948 488.4994421005249 76024.674558997154 17552.103151321411 178.39373970031738 1303.9359707832336 162.36959564685822 24197.668481826782 2086.1203192472458 217.69778287410736 142.54346692562103 811.60577404499054 338.64641535282135 1103.2603522539139 57136.225219845772 115520.61270904541 8150.5227355957031 8892.8153966665268 3543.058349609375 3083.5570697784424 285.47308337688446 3575.7087554931641 3404.1843589544296 14139.490043997765 8470.685359120369 85460.161731719971 285.42603552341461 2510.098047375679 127.40992856025696 147.99675381183624 63228.934715270996 217116.16998374462 51600.155789136887 378158.38916015625 127.46897172927856 1985.1591769456863 3178.562106013298 914.62197065353394 5129.913818359375 150.10866069793701 454730.96962356567 435.94426417350769 385.15125787258148 1027.0997768640518 327.88263487815857 221.40893769264221 2415.5316150188446 283.18550300598145 373.05843067169189 1258.6331191062927 628.5884016752243 699.73130798339844 2259.4966272115707 270.12639617919922 250004.79162847996 273.73699951171875 119.22617673873901 7731.0200060606003 4776.287239074707 124.09081101417542 174.89557814598083 24007.181060791016 508.60308003425598
leaf_count=513994 399 75121 15133 140 992 111 23026 1770 169 101 655 274 944 49608 106261 8621 7888 3341 2827 222 3148 3250 15041 8789 83332 211 2412 132 120 59242 216060 51591 369555 101 1964 2898 824 4334 124 449038 376 298 898 253 172 1971 234 280 1005 514 569 1831 204 256370 225 96 6461 3827 87 138 20300 438
internal_value=-3.22991e-08 1.17289e-06 -2.4545e-06 3.02967e-05 4.53302e-05 2.24129e-05 -2.68907e-06 -1.93859e-06 -1.3293e-05 2.72103e-05 0.000103876 3.82698e-07 7.27534e-06 8.29214e-06 -3.10197e-06 2.58326e-06 4.17945e-06 8.94418e-07 3.19374e-05 0.000133812 1.31871e-06 7.23045e-06 2.00895e-05 1.45084e-05 6.16102e-06 2.52662e-05 6.39702e-05 0.000174393 0.000239918 -1.77279e-06 3.37863e-06 1.17466e-05 -3.88205e-07 -1.78735e-05 -4.0033e-05 -5.28469e-05 2.34418e-05 -8.1418e-07 -5.8302e-05 -2.32873e-06 1.74684e-05 7.68983e-05 -1.36182e-05 -3.50565e-05 4.2884e-06 -1.63611e-05 -2.06775e-05 7.49376e-06 -3.60079e-06 -4.66715e-05 -8.52196e-05 2.23032e-05 -2.02618e-05 8.60906e-06 2.70659e-05 1.76177e-05 2.60476e-05 3.29107e-05 5.58325e-05 0.000176652 -1.63916e-05 -3.19453e-05
internal_weight=2.37999e+06 1.58925e+06 790746 5621.46 5132.96 3829.02 785124 733233 51891.4 3686.57 954.149 2732.42 82200.4 80947 651033 1.12322e+06 730706 351860 3650.63 447.843 348317 378847 29085.3 25681.1 349761 17210.4 3070.93 560.833 433.423 535512 272292 55175.9 392515 14356.3 6205.81 5163.72 1042.09 90863.8 1253.37 517960 2393.78 821.096 1572.68 1354.98 66054.6 8918.36 8696.95 4174.37 3801.32 4522.58 1836.92 2542.68 2685.66 258898 5403.65 3202.78 14892.4 12806.3 5075.27 298.986 48204.8 1137.19
internal_count=2380310 1629322 750988 4787 4388 3396 746201 699851 46350 3024 756 2268 70177 69109 629674 1115328 731365 349261 3256 333 345920 382104 29955 26705 352149 17916 2875 463 331 523413 270799 54739 383963 14408 5787 4862 925 87891 1068 508280 1994 674 1320 1151 56826 7218 7046 3350 3070 3696 1521 2065 2175 264258 4559 2923 12283 10513 4052 225 43326 952
is_linear=0
shrinkage=0.05


end of trees

feature_importances:
open=160
low=128
rv_w50=115
totalbsize=113
mid_ewma_resid_a0.05=110
rskew_W100=104
avgbid=96
totalasize=94
sec_norm=94
cos_sess_pos=93
high=89
bsize1=88
liq_asym_top5_W100=85
sin_sess_pos=85
trade_pers_W100=80
mb_intst=74
ask_mean=69
ma_intst=67
ewma_a0.05_mb_intst=63
signed_rv_W100=63
qrank_W100_imbalance=60
ewma_a0.5_mb_intst=56
ofi_tox_lvl1_W50=56
asize1=55
ewma_a0.05_ma_intst=55
cancel_imb_W100=55
signed_bv_W100=54
bid_mean=49
ewma_a0.05_lb_intst=48
la_intst=47
ewma_a0.05_la_intst=46
ewma_a0.3_mb_intst=45
jshare_W100=45
liq_asym_top5_W50=45
qrank_W100_totalasize=44
ewma_a0.05_ca_intst=40
rv_w20=38
ewma_a0.3_lb_intst=38
ewma_a0.5_la_intst=38
ask10=37
ewma_a0.1_mb_intst=37
ewma_a0.05_cb_intst=35
signed_bv_W50=35
ofi_tox_lvl5_W50=34
liq_asym_top5_W20=33
rskew_W50=31
ewma_a0.5_lb_intst=30
ask9=29
imbalance=29
mlofi_W60_lvl1=29
asize10=26
ewma_a0.3_la_intst=26
bid10=25
mlofi_W60_lvl10=25
lb_intst=22
ewma_a0.1_lb_intst=22
ofi_tox_lvl1_W20=22
bsize6=21
asize9=21
wmp_lvl10=21
dualz_bid_diff1=21
signed_rv_W50=21
avgask=20
ewma_ofi_a0.05_lvl1=20
gofi_W60_lvl10=20
ewma_a0.5_ma_intst=19
rv_ratio_W50_W100=19
ask7=18
mlofi_W60_lvl5=18
mlofi_W60_lvl9=18
trade_pers_W50=18
bsize_rate1=17
jshare_W50=17
asize8=16
gofi_W60_lvl2=16
gofi_W60_lvl6=16
rv_ratio_W20_W100=16
roll_eff_spr_ratio_W50=16
bid4=15
bsize7=15
bsize9=15
mlofi_W60_lvl6=15
wmp_lvl9=15
ewma_a0.1_ma_intst=15
ewma_ofi_a0.05_lvl5=15
ewma_ofi_a0.05_lvl10=15
gofi_W60_lvl1=15
is_pm=15
bid7=14
bid8=14
bid9=14
bsize3=14
bsize8=14
ask8=14
ma_ind=14
mlofi_W60_lvl3=14
wmp_lvl4=14
ewma_a0.1_la_intst=14
gofi_W60_lvl3=14
gofi_W60_lvl9=14
adapt_mom_W100=14
bsize4=13
asize7=13
mlofi_W5_lvl1=13
wmp_lvl6=13
wmp_lvl7=13
cancel_imb_W50=13
gofi_W60_lvl8=12
bsize5=11
ask6=11
asize3=11
midprice2=11
mlofi_W60_lvl4=11
gofi_W20_lvl8=11
gofi_W60_lvl5=11
ofi_tox_lvl5_W20=11
signed_bv_W20=11
ask5=10
lb_ind=10
asize_rate1=10
mlofi_W60_lvl2=10
mlofi_W60_lvl8=10
wmp_lvl8=10
rv_w10=10
ewma_ofi_a0.1_lvl10=10
qrank_W100_totalbsize=10
gofi_W5_lvl1=10
bid5=9
ewma_a0.1_cb_intst=9
dualz_spread10=9
qrank_W100_mb_intst=9
gofi_W20_lvl9=9
gofi_W60_lvl7=9
jshare_W30=9
bsize10=8
asize4=8
asize6=8
la_ind=8
midprice6=8
mlofi_W20_lvl9=8
wmp_lvl3=8
wmp_balance_12=8
dualz_bsize_mean=8
dualz_ma_intst=8
gofi_W20_lvl1=8
ask1=7
asize5=7
mb_acc=7
dualz_spread1=7
dualz_spread5=7
qrank_W100_lb_intst=7
rskew_W20=7
gofi_W20_lvl10=7
gofi_W60_lvl4=7
roll_eff_spr_ratio_W30=7
is_open_30min=7
is_close_30min=7
bid6=6
bsize2=6
ask4=6
wmp_lvl1=6
ewma_a0.1_ca_intst=6
ewma_a0.3_ma_intst=6
dualz_imbalance=6
dualz_mb_intst=6
ewma_ofi_a0.1_lvl5=6
close=5
asize2=5
mb_ind=5
midprice1=5
midprice5=5
midprice8=5
midprice9=5
mlofi_W20_lvl1=5
mlofi_W20_lvl8=5
dualz_cumspread=5
kyle_inv_W50=5
ewma_ofi_a0.1_lvl1=5
ewma_ofi_a0.3_lvl1=5
ewma_ofi_a0.5_lvl1=5
ewma_ofi_a0.5_lvl5=5
gofi_W20_lvl2=5
jshare_W20=5
bid2=4
ask2=4
midprice3=4
mlofi_W20_lvl10=4
mlofi_W60_lvl7=4
wmp_lvl5=4
ewma_ofi_a0.3_lvl10=4
qrank_W100_midprice=4
cancel_imb_W20=4
ask3=3
mlofi_W5_lvl5=3
mlofi_W20_lvl6=3
mlofi_W20_lvl7=3
rv_w5=3
dualz_midprice5=3
dualz_midprice10=3
dualz_totalbsize=3
ewma_ofi_a0.3_lvl5=3
qrank_W100_mb_acc=3
trade_pers_W20=3
bid1=2
midprice4=2
ask_diff7=2
ask_rate1=2
mlofi_W5_lvl9=2
mlofi_W5_lvl10=2
mlofi_W20_lvl2=2
mlofi_W20_lvl4=2
mlofi_W20_lvl5=2
wmp_lvl2=2
dualz_bid1=2
dualz_asize_mean=2
dualz_totalasize=2
dualz_ca_intst=2
ewma_ofi_a0.5_lvl10=2
qrank_W100_la_intst=2
gofi_W5_lvl3=2
gofi_W5_lvl5=2
adapt_mom_W20=2
bid3=1
lb_acc=1
la_acc=1
ma_acc=1
midprice7=1
midprice10=1
ask_diff6=1
cumspread=1
ask_rate2=1
ask_rate6=1
ask_rate7=1
ask_rate10=1
asize_rate2=1
asize_rate6=1
asize_rate8=1
mlofi_W5_lvl3=1
mlofi_W5_lvl4=1
mlofi_W5_lvl6=1
mlofi_W20_lvl3=1
dualz_ask1=1
dualz_ask_mean=1
dualz_midprice1=1
dualz_bsize1=1
dualz_asize1=1
dualz_la_intst=1
signed_rv_W20=1
qrank_W100_volume_delta=1
qrank_W100_ma_intst=1
qrank_W100_cb_intst=1
gofi_W5_lvl4=1
gofi_W5_lvl6=1
gofi_W5_lvl10=1
gofi_W20_lvl4=1
adapt_mom_W50=1

parameters:
[boosting: gbdt]
[objective: regression]
[metric: l2]
[tree_learner: serial]
[device_type: gpu]
[data_sample_strategy: bagging]
[data: ]
[valid: ]
[num_iterations: 600]
[learning_rate: 0.05]
[num_leaves: 63]
[num_threads: 18]
[seed: 7]
[deterministic: 0]
[force_col_wise: 1]
[force_row_wise: 0]
[histogram_pool_size: -1]
[max_depth: -1]
[min_data_in_leaf: 100]
[min_sum_hessian_in_leaf: 0.001]
[bagging_fraction: 0.85]
[pos_bagging_fraction: 1]
[neg_bagging_fraction: 1]
[bagging_freq: 5]
[bagging_seed: 9]
[bagging_by_query: 0]
[feature_fraction: 0.7]
[feature_fraction_bynode: 1]
[feature_fraction_seed: 8]
[extra_trees: 0]
[extra_seed: 6516]
[early_stopping_round: 0]
[early_stopping_min_delta: 0]
[first_metric_only: 0]
[max_delta_step: 0]
[lambda_l1: 0]
[lambda_l2: 2]
[linear_lambda: 0]
[min_gain_to_split: 0]
[drop_rate: 0.1]
[max_drop: 50]
[skip_drop: 0.5]
[xgboost_dart_mode: 0]
[uniform_drop: 0]
[drop_seed: 15215]
[top_rate: 0.2]
[other_rate: 0.1]
[min_data_per_group: 100]
[max_cat_threshold: 32]
[cat_l2: 10]
[cat_smooth: 10]
[max_cat_to_onehot: 4]
[top_k: 20]
[monotone_constraints: ]
[monotone_constraints_method: basic]
[monotone_penalty: 0]
[feature_contri: ]
[forcedsplits_filename: ]
[refit_decay_rate: 0.9]
[cegb_tradeoff: 1]
[cegb_penalty_split: 0]
[cegb_penalty_feature_lazy: ]
[cegb_penalty_feature_coupled: ]
[path_smooth: 0]
[interaction_constraints: ]
[verbosity: -1]
[saved_feature_importance_type: 0]
[use_quantized_grad: 0]
[num_grad_quant_bins: 4]
[quant_train_renew_leaf: 0]
[stochastic_rounding: 1]
[linear_tree: 0]
[max_bin: 255]
[max_bin_by_feature: ]
[min_data_in_bin: 3]
[bin_construct_sample_cnt: 200000]
[data_random_seed: 10]
[is_enable_sparse: 1]
[enable_bundle: 1]
[use_missing: 1]
[zero_as_missing: 0]
[feature_pre_filter: 1]
[pre_partition: 0]
[two_round: 0]
[header: 0]
[label_column: ]
[weight_column: ]
[group_column: ]
[ignore_column: ]
[categorical_feature: ]
[forcedbins_filename: ]
[precise_float_parser: 0]
[parser_config_file: ]
[objective_seed: 15521]
[num_class: 1]
[is_unbalance: 0]
[scale_pos_weight: 1]
[sigmoid: 1]
[boost_from_average: 1]
[reg_sqrt: 0]
[alpha: 0.9]
[fair_c: 1]
[poisson_max_delta_step: 0.7]
[tweedie_variance_power: 1.5]
[lambdarank_truncation_level: 30]
[lambdarank_norm: 1]
[label_gain: ]
[lambdarank_position_bias_regularization: 0]
[eval_at: ]
[multi_error_top_k: 1]
[auc_mu_weights: ]
[num_machines: 1]
[local_listen_port: 12400]
[time_out: 120]
[machine_list_filename: ]
[machines: ]
[gpu_platform_id: -1]
[gpu_device_id: -1]
[gpu_use_dp: 0]
[num_gpu: 1]

end of parameters

pandas_categorical:null
